ret1_pct,ret2_pct,ret3_pct,accel_pct,range_pct,body_pct,close_loc,upper_wick_pct,lower_wick_pct,vol_z20,range_z20,break_up10,break_dn10,dist_hi10_pct,dist_lo10_pct,dist_vwap_pct,mkt_ret1_pct,mkt_ret3_pct,rel_ret1_pct,rel_ret3_pct,vix_ret1_pct,sector_ret1_pct,sector_rel1_pct,tod_sin,tod_cos,gap_pct,ts,direction,event_score,long_score,short_score,outcome_net_pct,gross_pct,best_fav_pct,exit_bar,exit_reason,edge_score_pct
-1.8015710382513817,-1.784799316823238,-2.343550989216281,-0.9091713798397627,2.034605686462055,-1.878097556734209,0.0,0.15650812972784583,0.0,1.6067524700742122,2.4502908708312043,0.0,1.0,-3.5555555555555673,-1.7008547008547037,-7.909714224551923,0.02970930421677398,0.019948826922244756,-1.8312803424681556,-2.3634998161385257,-0.7075471698113178,0.0,-1.8015710382513817,-0.6921431738704072,0.7217602280983617,0.0,2026-09-25 10:02:00,-1,5.776344750414859,1.4763447504148588,5.776344750414859,-0.2363,-0.1,0.026068821689255693,48,HARD_STOP,-0.18173117834264096
1.0085202573465457,0.8769644872796745,1.0788237341221363,0.5700380137067085,1.7903253572043345,1.1275606817008015,0.7115384615384609,0.5164400068858668,0.14632466861766616,6.497220447762652,5.5185192665741685,1.0,0.0,0.1551724137931032,1.34333565945568,-5.86497697988464,-0.03182300348536504,-0.07076237259526774,1.0403432608319108,1.149586106717404,-0.07980845969672856,0.0,1.0085202573465457,-0.5090414157503712,0.8607420270039438,0.0,2026-09-25 10:24:00,1,6.9,6.9,2.6,-0.2363,-0.1,0.15490533562822328,70,HARD_STOP,-0.16830987861167035
-1.3444798758941556,-1.725618131868123,-1.5396525030104802,-0.48167080996009415,1.6248798811915706,-1.3453306543198973,0.11827956989247614,0.08735913339739669,0.1921900934742767,4.414605110439984,4.989183833563998,0.0,1.0,-2.061943874058858,-0.20052310374890636,-6.839092278560333,-0.024049711403462126,-0.0617259885904331,-1.3204301644906935,-1.477926514420047,0.07917656373712667,0.0,-1.3444798758941556,-0.4257792915650722,0.9048270524660197,0.0,2026-09-25 10:33:00,-1,8.1,2.2,8.1,-0.2363,-0.1,1.4067278287461693,79,STOP_SAME_BAR,-0.22117646128817517
0.5543138131426151,-0.3720435822482049,-1.747182667947933,0.7403356042667175,0.8268871699119724,0.4890192940339646,0.9032258064516271,0.08002133902372753,0.25784653685428033,1.3701644970369746,1.284331719896958,0.0,0.0,-3.7731006160164227,0.8699551569506747,-8.072039971747502,0.011274054930665578,-0.031423847015710216,0.5430397582119495,-1.7157588209322228,-0.15785319652722452,0.0,0.5543138131426151,-0.39714789063478034,0.9177546256839813,0.0,2026-09-25 10:36:00,1,4.221539747323968,4.221539747323968,1.621539747323967,0.1137,0.25,0.6499287749287709,82,TARGET,-0.1790739726875024
0.7403490216816522,0.7048458149779835,0.4128964244926703,0.38792611419266043,1.0848643919509942,0.778652668416456,0.8709677419354898,0.13998250218721864,0.16622922134731966,1.250796027390524,1.6790088024297414,0.0,0.0,-2.048161796212189,2.511210762331828,-6.308777059568138,-0.01625536969045438,-0.018205658925651846,0.7566043913721066,0.4311020834183221,0.0,0.0,0.7403490216816522,-0.3485720473218155,0.9372819894918915,0.0,2026-09-25 10:41:00,1,5.133491776158172,5.133491776158172,0.9334917761581719,-0.2363,-0.1,0.3849518810148811,87,STOP_SAME_BAR,-0.1508622257382938
0.8701705534284621,0.9316499782324739,0.8000000000000007,0.4043455643122251,1.0093167701863393,0.828157349896492,0.8717948717948723,0.12939958592132506,0.051759834368522176,8.24913901734135,5.759759315990583,1.0,0.0,0.5726184279021496,1.2224938875305513,-4.672357646740489,0.026423913208262206,-0.0017322278832443416,0.8437466402201999,0.801732227883245,-0.08012820512820484,0.0,0.8701705534284621,-0.010471784116246274,0.9999451693655121,0.0,2026-09-25 11:14:00,1,8.1,8.1,2.2,-0.2363,-0.1,0.0,120,HARD_STOP,-0.14712164467491645
-0.060287658255087084,0.4240588489831332,0.10351966873707319,-0.27231708274665367,0.47397449155463633,-0.08617718028266114,0.672727272727281,0.06894174422612499,0.31885556704585016,6.819618071656268,1.2160615032073308,0.0,0.0,-0.3264043978697728,1.3272790778903198,-4.484730216589671,0.019919499241094485,0.027283061765825956,-0.08020715749618157,0.07623660697124723,-0.16051364365972098,0.0,-0.060287658255087084,0.020942419883357186,0.9997806834748455,0.0,2026-09-25 11:17:00,-1,2.887227676443299,1.7872276764432988,2.887227676443299,-0.2363,-0.1,0.12929919834497028,123,HARD_STOP,-0.12671667870825162
0.6018916595012858,0.6365043867194276,0.8273009307135482,0.283639466141572,0.8290598290598136,0.5555555555555556,0.8865979381443372,0.09401709401708624,0.17948717948717172,5.679678278608714,3.048862429308722,1.0,0.0,0.49819618622228834,1.9607843137254832,-3.6486771254180983,0.011257628667116215,0.0021647317572703884,0.5906340308341695,0.8251361989562778,-0.0802568218298716,0.0,0.6018916595012858,0.052335956242942995,0.9986295347545739,0.0,2026-09-25 11:20:00,1,8.1,8.1,2.2,-0.2363,-0.1,0.13682230203522397,126,HARD_STOP,-0.1503875029272339
0.2064871375720534,0.31869078380706295,-0.02575107296136636,0.04714174566852192,0.6525285481239725,0.21464754872499353,0.750000000000015,0.1631321370309834,0.2747488623679956,3.113124536990428,1.8621790421054503,0.0,0.0,-0.5464947485270155,0.9884678747940745,-4.003578151307508,-0.02967146969070633,-0.09436780066749417,0.23615860726275972,0.06861672770612781,0.07999999999999119,0.0,0.2064871375720534,0.10452846326765293,0.9945218953682734,0.0,2026-09-25 11:25:00,1,5.040199064292189,5.040199064292189,2.0401990642921883,0.1137,0.25,0.39474813352785865,131,TARGET,-0.15069999966053174
0.2476304329263268,0.7293007293007303,0.5912089795218956,-0.11701993172403835,0.6132879045996632,0.2725724020442969,0.444444444444448,0.34071550255536626,0.0,3.9611255590336505,1.7385507782493834,1.0,0.0,0.2476304329263268,1.2942191544434767,-3.050856005764646,0.001949368404630114,0.004332033001430702,0.2456810645216967,0.5868769465204648,-0.1603849238171695,0.0,0.2476304329263268,0.3189593092980699,0.9477684100095857,0.0,2026-09-25 11:46:00,1,5.9223478502122235,5.9223478502122235,2.4223478502122227,-0.2363,-0.1,0.0,152,HARD_STOP,-0.12677684455487814
-0.7075064710957757,-0.793103448275867,-0.8614748449345289,-0.3109547469578422,0.5995828988529798,-0.40841153979840505,0.26086956521738125,0.03475842891902076,0.15641293013555393,2.222151214693457,1.2339044440491003,0.0,1.0,-1.2697323266986915,-0.6989386487186278,-4.840374617929976,0.009105039639423218,-0.03986921165134438,-0.7166115107351989,-0.8216056332831845,0.31948881789138905,0.0,-0.7075064710957757,0.49090375361514144,0.8712138111201891,0.0,2026-09-25 12:04:00,-1,6.367440167903497,1.2674401679034966,6.367440167903497,-0.2363,-0.1,0.1129845298105297,170,HARD_STOP,-0.2068306523681281
0.24369016536118782,0.2698702881518189,0.4184829991281669,0.10875502128527836,0.5035596457718314,0.24309776002777866,0.48275862068965114,0.26046188574405277,0.0,2.7681687753185114,1.5621926555252124,0.0,0.0,-0.17334026694401095,0.558756766195212,-4.677720752380843,-0.0060653322935699805,-0.0060653322935699805,0.2497554976547578,0.42454833142173687,0.0,0.0,0.24369016536118782,0.5877852522924736,0.809016994374947,0.0,2026-09-25 12:15:00,1,5.115479521411527,5.115479521411527,1.715479521411527,-0.2363,-0.1,0.052096900234428145,181,HARD_STOP,-0.15900229779608605
0.36547163243996206,0.3043742934168092,0.18240250152004034,0.21328448573155745,0.4335009537020981,0.3554707820357323,0.8200000000000273,0.07803017166636583,0.0,6.277893956129547,4.289113935978501,0.0,0.0,-0.12123311395911829,0.4616322619980906,-4.399525313126251,-0.005206085045739162,-0.020387404054489355,0.3706777174857012,0.2027899055745297,0.0,0.0,0.36547163243996206,0.8329212407100993,0.5533915492433442,0.0,2026-09-25 12:49:00,1,6.8,6.8,2.6,-0.2363,-0.1,0.11271024796254156,215,HARD_STOP,-0.166679077850052
0.42497831743280035,0.4598299496789915,0.39015085833189467,0.1950633425933046,0.44045254339754175,0.42317989463685035,1.0,0.0,0.017272648760691376,2.015474364285794,4.423405100829602,1.0,0.0,0.2771282584220991,0.8535841825625168,-4.01109310950718,0.00499005243894679,-0.007592602635719814,0.41998826499385356,0.3977434609676145,0.0,0.0,0.42497831743280035,0.8498926929868638,0.5269557954966779,0.0,2026-09-25 12:52:00,1,7.4585109003571874,7.4585109003571874,1.5585109003571869,0.1137,0.25,0.8814379536813035,218,TARGET,-0.14173479322539598
-0.0865501125151491,-0.34530386740331265,-0.2678185745140338,0.08610182118650722,0.4591129591129749,-0.08662508662508663,0.33962264150945665,0.21656271656271656,0.15592515592517167,1.813302910160075,4.045384859557305,0.0,0.0,-1.1135857461024523,0.5487326887901878,-4.256925416460044,0.02692099772692025,-0.020181240560390723,-0.11347111024206935,-0.24763733395364307,-0.6245120999219367,0.0,-0.0865501125151491,0.8813034520649918,0.4725507648690547,0.0,2026-09-25 12:58:00,-1,3.3473166005880417,2.647316600588041,3.3473166005880417,-0.2363,-0.1,0.06927606511949728,224,HARD_STOP,-0.18463313199408304
-0.16487330787922083,-0.2600780234070177,-0.2773684666724452,-0.03483429617571199,0.29552368535418194,-0.16514558887441033,0.38235294117647256,0.01738374619728971,0.11299435028248193,2.229188376166005,1.2730826785959295,0.0,1.0,-0.46716844017649084,-0.13020833333333703,-4.5200166099806705,-0.00325477040850064,-0.04359632836495875,-0.1616185374707202,-0.23377213830748644,-0.07892659826361781,0.0,-0.16487330787922083,0.9510565162951535,0.30901699437494773,0.0,2026-09-25 13:15:00,-1,5.988940812259472,0.8889408122594712,5.988940812259472,-0.2363,-0.1,0.0,241,HARD_STOP,-0.17806736269532034
0.3649952203006901,0.27785013458365704,0.2517361111111116,0.22607015300886157,0.5801368083816623,0.35500909169626255,0.6716417910447944,0.19049268334919195,0.03463503333620777,5.040291818178846,4.719750444559832,0.0,0.0,-0.03462304163419638,0.4959972154542358,-4.133672271516186,-0.0008681422190570665,-0.020614306328592402,0.36586336251974716,0.272350417439704,0.0,0.0,0.3649952203006901,0.9631625667976583,0.2689198206152651,0.0,2026-09-25 13:19:00,1,6.0,6.0,2.6,-0.2363,-0.1,0.1558441558441519,247,HARD_STOP,-0.17912572223601175
0.17295053614665434,0.4683434518647056,0.5381010241277684,-0.06122118978569846,0.29350828729280587,0.17265193370165746,0.5882352941176706,0.12085635359114844,0.0,1.3157733755537537,2.3068339564393656,1.0,0.0,0.13831258644538824,0.6691579038845985,-3.8022045060632115,-0.011067492171368265,-0.003689436275833291,0.1840180283180226,0.5417904604036017,0.3144654088050203,0.0,0.17295053614665434,0.9876883405951378,0.15643446504023029,0.0,2026-09-25 13:30:00,1,4.751750636952279,4.751750636952279,2.051750636952279,-0.2363,-0.1,0.11220438460212169,256,HARD_STOP,-0.12114703282039996
-0.08628872206402072,-0.017269665831953773,-0.04316298342541547,-0.07765388914804383,0.35408929959408486,-0.08636324380343725,0.09756097560978044,0.23318075826926485,0.03454529752138275,2.8742369375274706,3.220942142795469,0.0,0.0,-0.17242865764289794,0.6257060919440338,-3.8288648656802704,-0.013022302864040824,-0.01519235694225074,-0.07326641919997989,-0.02797062648316473,-0.07849293563578774,0.0,-0.08628872206402072,0.9921147013144778,0.12533323356430473,0.0,2026-09-25 13:33:00,-1,4.73083031564011,2.0308303156401086,4.73083031564011,-0.2363,-0.1,0.060490839958524494,259,HARD_STOP,-0.18803486809640113
0.008621432882138791,0.1467668134334854,0.18136281198721793,-0.06476197383460391,0.2844827586206857,0.008620689655164573,0.09090909090907838,0.25862068965517243,0.017241379310348748,19.883878716758755,1.383582920044726,0.0,0.0,-0.40353739160299273,0.7644197359277127,-3.6138469032341414,0.004992608768339402,0.0034730663702964293,0.0036288241137993893,0.1778897456169215,-0.15649452269169695,0.0,0.008621432882138791,0.99556196460308,0.09410831331851409,0.0,2026-09-25 13:36:00,-1,3.062612314020127,3.0626123140201265,3.062612314020127,0.1137,0.25,0.37931034482759407,262,TARGET,-0.17731290075013154
-0.2764340013821531,-0.41407867494823725,-0.5770390147273985,-0.0693946639080345,0.30318780318780314,-0.24255024255023858,0.0,0.06063756063756457,0.0,4.143232893301797,1.1974338807702498,0.0,1.0,-0.8417797629273305,-0.2678185745140338,-4.032782538047153,0.028636076683952183,0.04730173953233496,-0.3050700780661053,-0.6243407542597335,-0.5507474429582992,0.0,-0.2764340013821531,0.9933727656003964,-0.11493715049286624,0.0,2026-09-25 13:56:00,-1,6.078845246346613,1.7788452463466125,6.078845246346613,0.1137,0.25,0.46781599237632016,283,TARGET,-0.1591308786239833
0.26109660574411553,0.1477875336868717,0.2436477549599747,0.18720283890067968,0.3559027777777896,0.19097222222222615,0.5365853658536518,0.16493055555556344,0.0,1.9902124665939365,2.2451323663169624,0.0,0.0,-0.8605851979345935,0.269823309252315,-4.197841189063112,0.04525915740010156,0.19909949769669755,0.21583744834401397,0.04454825726327716,-0.24135156878519748,0.0,0.26109660574411553,0.985996037070505,-0.1667687467161022,0.0,2026-09-25 14:01:00,1,4.8949264214692985,4.8949264214692985,1.1949264214692983,-0.2363,-0.1,0.13023094287202638,287,HARD_STOP,-0.15293178218319023
0.3355993460115281,0.5866114561766667,0.5866114561766667,0.04229361792319475,0.5488850771869523,0.3173241852487174,0.5937500000000056,0.22298456260719632,0.008576329331038511,3.0956303756547703,3.1058041562149965,1.0,0.0,0.2751977984176257,1.215277777777768,-2.9531214848871112,0.029190262128553357,0.042818217205153886,0.3064090838829747,0.5437932389715128,-0.483481063658342,0.0,0.3355993460115281,0.9408807689542257,-0.3387379202452909,0.0,2026-09-25 14:18:00,1,7.252596706610125,7.252596706610125,2.1525967066101237,-0.2363,-0.1,0.22294632138568932,304,HARD_STOP,-0.14556851926275183
0.14626172244687208,0.1721170395869276,0.13764624913970014,0.06020320265340828,0.35223367697595676,0.0859106529209622,0.34146341463415714,0.23195876288660183,0.034364261168392696,3.0083137630211887,5.183239006630875,1.0,0.0,0.042973785990541025,0.34482758620688614,-2.9867360799177067,-0.023785635206197142,-0.0017302459977108775,0.17004735765306922,0.13937649513741102,0.3273322422258529,0.0,0.14626172244687208,0.743144825477394,-0.6691306063588585,0.0,2026-09-25 14:55:00,1,6.104572569661655,6.104572569661655,2.504572569661654,-0.2363,-0.1,0.18906840838776603,344,HARD_STOP,-0.15208373830558036
0.18916595012898885,-0.00858148116363866,0.12029558343358282,0.19345669071080818,0.3432887058015791,0.1888087881908724,0.8500000000000227,0.05149330587022906,0.10298661174047764,2.95448687046865,3.1546021169910468,0.0,0.0,-0.1285677552069986,0.4136504653567741,-2.8642412812351026,0.006487356142881318,0.011894129274048204,0.18267859398610753,0.10840145415953462,0.0,0.0,0.18916595012898885,0.7144726796328038,-0.699663340513365,0.0,2026-09-25 14:59:00,1,6.3749677787577586,6.3749677787577586,2.074967778757758,-0.2363,-0.1,0.04291845493562232,345,HARD_STOP,-0.19666028008843128
-0.03442637059988263,0.008610297916300524,-0.12897678417884695,-0.03873151955803289,0.3529918209212343,-0.05165733964700035,0.7804878048780339,0.02582866982351975,0.2755058114507142,5.4970798686122135,5.073096644808237,0.0,0.0,-0.4457015513842477,0.025835342748870005,-3.1345791355436803,-0.0051917598118844666,0.0017307064094529423,-0.02923461078799816,-0.1307074905882999,0.0,0.0,-0.03442637059988263,0.6691306063588589,-0.7431448254773936,0.0,2026-09-25 15:05:00,-1,3.9,3.0,3.9,-0.2363,-0.1,0.04306632213608958,351,HARD_STOP,-0.19333407964323532
0.2239255878046853,0.3276144495214961,0.1980368520750675,0.06011836304393725,0.3179513620348926,0.2320185614849227,1.0,0.0,0.08593280054996992,1.5052729368528854,1.7710268086066407,0.0,0.0,-0.18013381369016424,0.4662004662004726,-2.9214929268788103,-0.005841816588592064,-0.048877123775903364,0.22976740439327736,0.24691397585097086,-0.08190008190009923,0.0,0.2239255878046853,0.6374239897486911,-0.7705132427757881,0.0,2026-09-25 15:09:00,1,5.314862179142075,5.314862179142075,1.1148621791420754,-0.2363,-0.1,0.12031625988312916,358,HARD_STOP,-0.09767814309349084
0.1488316713796678,0.19356759976174587,0.22341376228776078,0.05204787149879486,0.1783325902808637,0.1486104919007282,1.0,0.0,0.029722098380135502,2.1332520387130276,2.1779204373743624,1.0,0.0,0.11902990626393439,0.38788602118455806,-0.7395670588959624,-0.009091401049832193,0.054149708782857964,0.1579230724295,0.1692640535049028,0.0,0.0,0.1488316713796678,-0.6293203910498372,0.7771459614569711,0.0,2026-09-25 10:10:00,1,6.743352818110629,6.743352818110629,1.6433528181106283,-0.1511610491900736,-0.014861049190073583,0.16347154109080442,60,TIMEOUT,-0.13610490320255486
-0.07476076555024136,-0.26861662438443235,-0.29837386244965236,0.05954754664197481,0.2094867574442752,-0.08978003890468693,0.0,0.11970671853958825,0.0,4.787847397924868,5.786997318311002,0.0,1.0,-0.5653920547537661,-0.02991772625281497,-1.3203273659087023,-0.004551296360910673,-0.0026007915075565435,-0.07020946918933069,-0.2957730709420958,0.3968253968253954,0.0,-0.07476076555024136,-0.35836794954530077,0.9335804264972015,0.0,2026-09-25 10:40:00,-1,5.4,3.0,5.4,0.1137,0.25,0.2692595362752363,88,TARGET,-0.16778843408161614
-0.1646213708470512,-0.17956007780935979,-0.17956007780935979,-0.0748413319423713,0.25483435766750584,-0.17988307600058936,0.23529411764705488,0.01499025633338671,0.059961025333529795,1.829180554119257,7.330054009005782,0.0,1.0,-0.6108462455303942,-0.1197784099416066,-1.4657272696162904,-0.01256997466498877,-0.00585193308855203,-0.15205139618206243,-0.17370814472080776,0.3965107057890549,0.0,-0.1646213708470512,-0.3288666467385839,0.9443763702374808,0.0,2026-09-25 10:43:00,-1,6.656049304765593,1.4560493047655914,6.656049304765593,0.1137,0.25,0.3747564083345825,90,TARGET,-0.1634382424707135
-0.16474464579901982,-0.1348314606741563,-0.16474464579901982,-0.09732891546194167,0.22502250225022502,-0.16501650165016843,0.20000000000004547,0.015001500150001358,0.04500450045005524,3.2669274029895683,2.101553313312102,0.0,0.0,-0.46289383305958554,0.3009328919650889,-1.4914001697020396,0.009977702005081746,0.0008675472271013618,-0.17472234780410156,-0.16561219302612118,-0.07880220646178104,0.0,-0.16474464579901982,-0.2588190451025207,0.9659258262890683,0.0,2026-09-25 10:50:00,-1,5.6856989909904465,2.1856989909904456,5.6856989909904465,-0.2363,-0.1,0.0,96,HARD_STOP,-0.15139553528435923
0.09025270758122872,0.10531066646606302,0.09025270758122872,0.03759737434819721,0.21039975954312853,0.07514277126540427,0.5714285714285482,0.09017132551848854,0.04508566275923573,1.9595181183815966,3.5000576697386143,0.0,0.0,-0.23988005997002126,0.1655878368207242,-1.6146399388914268,-0.001948258581541129,0.02165242658744848,0.09220096616276985,0.06860028099378024,0.0,0.0,0.09025270758122872,0.03141075907812698,0.9995065603657316,0.0,2026-09-25 11:18:00,1,3.027734965109878,3.027734965109878,1.9277349651098783,-0.046115120998035636,0.09018487900196437,0.18036975800391486,128,TIMEOUT,-0.14748322344781953
0.10505778177998248,0.09003601440575881,0.12008405884118556,0.06003977457710308,0.1649175412293887,0.10494752623688838,0.8181818181817806,0.02998500749625869,0.02998500749624165,2.75396936439542,1.3563856616551788,1.0,0.0,0.04499775011248541,0.21033653846154188,-1.3373196862498604,0.03531264691036817,0.039213732172371785,0.06974513486961431,0.08087032666881377,0.08006405124099114,0.0,0.10505778177998248,0.16676874671610137,0.9859960370705051,0.0,2026-09-25 11:31:00,1,5.315056698162312,5.315056698162312,1.2150566981623117,-0.19627001499250532,-0.059970014992505316,0.0,138,THESIS_FAILURE,-0.18797941063613674
0.060096153846145306,0.10521569216894733,0.060096153846145306,0.007488307761671642,0.15015015015015015,0.06006006006005664,0.6000000000000227,0.06006006006005664,0.030030030030036858,3.125458090967989,3.2288848130523506,0.0,0.0,-0.03002101471030194,0.15037593984963404,-1.4561683769735656,-0.0006497036268648948,0.012562596385423674,0.0607458574730102,0.04753355746072163,-0.0801924619085792,0.0,0.060096153846145306,0.338737920245291,0.9408807689542256,0.0,2026-09-25 11:48:00,1,2.869001950032394,2.869001950032394,2.569001950032394,-0.1813450450450335,-0.04504504504503348,0.0,155,THESIS_FAILURE,-0.10712934678314828
-0.06006907944134943,-0.030043563166592957,-0.015024038461541878,-0.04504729785805295,0.1202103681442456,-0.0601051840721228,0.3749999999999645,0.015026296018034973,0.04507888805408783,14.654214822768987,2.3664990308825606,0.0,0.0,-0.13505402160863822,0.07518796992480592,-1.5127595351422385,0.009962596945833901,0.02274361662493174,-0.07003167638718333,-0.03776765508647362,0.0,0.0,-0.06006907944134943,0.3778407868184676,0.9258705848099945,0.0,2026-09-25 11:52:00,-1,3.4049245638971524,2.3049245638971523,3.4049245638971524,-0.2363,-0.1,0.04507888805408783,161,HARD_STOP,-0.15247049692887604
-0.09009009009008917,-0.10508932592704356,-0.13507429085997114,-0.03754542712656739,0.15028554253080853,-0.12022843402465708,0.1999999999999318,0.0,0.030057108506151453,10.164392953629893,2.7031005910030315,0.0,0.0,-0.15006002400960172,0.030066145520124543,-1.5023973757697817,-0.018846997045129932,-0.03833641612988048,-0.07124309304495924,-0.09673787473009066,-0.24057738572574872,0.0,-0.09009009009008917,0.444635179184927,0.8957117602394131,0.0,2026-09-25 11:59:00,-1,5.256395265951364,2.0563952659513642,5.256395265951364,-0.2363,-0.1,0.04508566275923573,166,HARD_STOP,-0.1344500118391689
-0.1051524710830809,-0.12015620306398134,-0.12015620306398134,-0.04507436955109023,0.27067669172933356,-0.09022556390977786,0.6111111111111006,0.015037593984965826,0.16541353383458987,28.547504132897746,4.051875008273393,0.0,0.0,-0.21008403361344463,-0.015035333032631382,-1.5317273624769312,-0.04182232662152119,-0.05503350760609482,-0.06333014446155971,-0.06512269545788651,0.24019215372297342,0.0,-0.1051524710830809,0.48175367410171566,0.8763066800438634,0.0,2026-09-25 12:03:00,-1,4.1000000000000005,2.2,4.1000000000000005,-0.16636614552014675,-0.030066145520146748,0.06015037593984621,173,TIMEOUT,-0.1772378155236264
0.030079711234787254,0.060177523694893154,0.060177523694893154,-9.05061265932261e-06,0.10524733122839354,0.04510599909789027,1.0,0.0,0.06014133213050327,12.967409025812177,1.3473335964084696,1.0,0.0,0.030079711234787254,0.12042751768779336,-1.479297419200165,0.0021665843364715442,0.01928590157256327,0.02791312689831571,0.040891622122329885,0.0,0.0,0.030079711234787254,0.6845471059286893,0.728968627421411,0.0,2026-09-25 12:27:00,1,3.546300118383811,3.546300118383811,1.4463001183838113,-0.2363,-0.1,0.07518796992481204,197,HARD_STOP,-0.11648267446730023
-0.0751766651631347,-0.0751766651631347,-0.13523666416228597,-0.03758833258156735,0.10532651218777185,-0.07523322299127294,0.0,0.030093289196498913,0.0,4.412827411118158,1.1803330706784219,0.0,0.0,-0.13523666416228597,0.030102347983151923,-1.5438615278912216,-0.0002165636545647942,0.029678090204066088,-0.07496010150856991,-0.16491475436635206,0.08006405124099114,0.0,-0.0751766651631347,0.7144726796328034,0.6996633405133654,0.0,2026-09-25 12:31:00,-1,3.77114988180529,1.3711498818052898,3.77114988180529,-0.030894187622365316,0.10540581237763469,0.12033694344162976,201,TIMEOUT,-0.14447905016722834
0.06027727546713546,0.04520114509567463,0.0,0.037676702919298144,0.060240963855418266,0.060240963855418266,1.0,0.0,0.0,2.5174519259538974,1.3503523375655513,0.0,0.0,-0.045160319132919735,0.06027727546713546,-1.6029825747288173,0.00499005243894679,-0.007592602635719814,0.05528722302818867,0.007592602635719814,0.0,0.0,0.06027727546713546,0.8498926929868638,0.5269557954966779,0.0,2026-09-25 12:52:00,1,3.7822571111791414,3.7822571111791414,1.0822571111791417,-0.1814739195904355,-0.045173919590435485,0.07528986598403854,222,TIMEOUT,-0.12642589859808598
0.06027727546713546,0.04520114509567463,0.0,0.037676702919298144,0.09036144578313596,0.060240963855418266,1.0,0.0,0.030120481927717692,4.050015363006939,2.022710279672418,0.0,0.0,-0.015057973196808128,0.09044317154054404,-1.5757711071806346,0.018223550902285446,0.03710494624122873,0.042053724564850015,-0.03710494624122873,-0.23659305993690705,0.0,0.06027727546713546,0.9297764858882511,0.36812455268467875,0.0,2026-09-25 13:09:00,1,4.450219625852589,4.450219625852589,1.750219625852588,-0.09111927710843096,0.04518072289156905,0.07530120481927711,239,TIMEOUT,-0.1144247390711584
0.04516031913293084,0.030102347983151923,0.030102347983151923,0.030109145141354876,0.09027986758951385,0.045139933794774025,0.6666666666667298,0.030093289196498913,0.015046644598240904,2.5632448891633905,2.0225595046135574,0.0,0.0,0.015048908954096163,0.1808863430811103,-1.478105349570602,-0.00325477040850064,-0.04359632836495875,0.04841508954143148,0.07369867634811067,-0.07892659826361781,0.0,0.04516031913293084,0.9510565162951535,0.30901699437494773,0.0,2026-09-25 13:15:00,1,2.9099364661159655,2.9099364661159655,1.8099364661159658,-0.16638876184745768,-0.03008876184745768,0.0,242,THESIS_FAILURE,-0.12412398830958041
0.1354809573987703,0.12040939193258549,0.12040939193258549,0.07527626143247756,0.15033072760072158,0.13529765484066308,1.0,0.0,0.015033072760058485,14.207033013061304,9.427748725340106,1.0,0.0,0.06016847172083395,0.1656377051648894,-1.3735129784405053,0.002821333622704536,0.001736186466438916,0.13265962377606577,0.11867320546614657,0.0,0.0,0.1354809573987703,0.9735789028731602,0.2283508701106559,0.0,2026-09-25 13:23:00,1,7.4,7.4,2.2,0.1137,0.25,0.25556223692121643,251,TARGET,-0.1400415304348764
0.15017269860340132,0.27063599458727605,0.25556223692122515,0.014854701309763296,0.1649422702054315,0.149947518368571,1.0,0.0,0.014994751836860512,3.176071782387876,5.030042865873421,1.0,0.0,0.13513513513512265,0.40650406504063596,-1.1100876059824794,0.009983527180157381,0.0036893321874620355,0.14018917142324394,0.2518729047337631,-0.07843137254901489,0.0,0.15017269860340132,0.9802711746217218,0.1976573403791265,0.0,2026-09-25 13:26:00,1,7.2968394803133325,7.2968394803133325,2.196839480313332,-0.2363,-0.1,0.0,253,HARD_STOP,-0.1043186054781445
0.07506380423358827,0.09009009009008917,0.07506380423358827,0.030018759188543687,0.21002100210020658,0.075007500750075,0.8571428571429035,0.03000300030001977,0.10501050105011184,9.505491323754939,6.69380476872382,0.0,0.0,-0.04498425551056062,0.3613369467027949,-1.1437908970038602,-0.013022302864040824,-0.01519235694225074,0.0880861070976291,0.09025616117583901,-0.07849293563578774,0.0,0.07506380423358827,0.9921147013144778,0.12533323356430473,0.0,2026-09-25 13:33:00,1,5.0,5.0,2.6,-0.15130150015001367,-0.015001500150013669,0.03000300030001977,263,TIMEOUT,-0.12782949657367867
-0.04504504504503348,-0.1200300075018701,-0.1200300075018701,0.014969958705901565,0.10515247108307728,-0.06008712633317969,0.42857142857149816,0.0,0.045065344749897575,8.770027939511289,1.796238981622319,0.0,1.0,-0.22482014388489624,-0.04504504504503348,-1.255249769076161,-0.006290959024168874,0.011282322769901043,-0.03875408602086461,-0.13131233027177114,0.07867820613689513,0.0,-0.04504504504503348,0.9995065603657316,-0.03141075907812692,0.0,2026-09-25 13:48:00,-1,3.4483075417300433,1.6483075417300435,3.4483075417300433,-0.1963420294206039,-0.06004202942060388,0.06007810153198818,278,TIMEOUT,-0.15474350982471877
0.07510890791648794,0.07510890791648794,0.07510890791648794,0.03755445395824397,0.120084058841182,0.07505253677574301,0.750000000000071,0.030021014710286967,0.015010507355152016,2.959730904359832,2.6930558429309235,0.0,0.0,-0.07499625018748679,0.12022843402466066,-1.1758312931726467,-0.008244577563043531,0.006292829212628526,0.08335348547953148,0.06881607870385942,-0.07861635220125507,0.0,0.07510890791648794,0.9964928592495044,-0.0836778433323153,0.0,2026-09-25 13:53:00,1,4.229727126716823,4.229727126716823,2.3297271267168234,-0.15131050735515097,-0.01501050735515097,0.060042029420591,283,TIMEOUT,-0.15663097243139873
0.0,-0.01501050735515097,-0.06001500375093505,0.007505253677575485,0.09007656508032169,0.0,0.16666666666669824,0.07506380423359856,0.015012760846723126,1.7340760541915992,1.6871248224617201,0.0,0.0,-0.07500750075007945,0.10519987977157808,-1.1847885140471637,0.04077418907078023,0.03795362717393669,-0.04077418907078023,-0.09796863092487174,-0.7125890736342178,0.0,0.0,0.9892723329629884,-0.14608302856241107,0.0,2026-09-25 13:59:00,-1,2.8029479999131537,1.2029479999131536,2.8029479999131537,-0.2363,-0.1,0.045018007202874334,285,HARD_STOP,-0.12889373980183613
0.2995805871779611,0.3446725610670054,0.3597122302158251,0.1272443066444584,0.343488649940256,0.29868578255675027,0.9130434782608975,0.029868578255664843,0.01493428912784091,10.367580385506216,6.388499485405935,1.0,0.0,0.26954177897575704,0.6009615384615419,-0.6583293696479697,0.2550335570469908,0.2800004331019901,0.04454703013097028,0.07971179711383503,-1.692183722804197,0.0,0.2995805871779611,0.9822872507286886,-0.18738131458572502,0.0,2026-09-25 14:03:00,1,7.6000000000000005,7.6000000000000005,2.2,-0.2363,-0.1,0.08957897879964509,290,HARD_STOP,-0.17593358863366299
-0.08969950665271842,-0.05981755645283471,-0.08969950665271842,-0.059790728426301065,0.22445009726170884,-0.1346700583570389,0.06666666666660603,0.07481669908723627,0.014963339817433648,4.681651922979263,2.701599806157918,0.0,0.0,-0.17923823749067536,0.0748727163821572,-0.8328551073339185,0.025310212346174588,-0.051230172626237636,-0.115009718998893,-0.038469334026480784,0.08103727714747766,0.0,-0.08969950665271842,0.9297764858882517,-0.3681245526846773,0.0,2026-09-25 14:21:00,-1,4.355719912771063,2.455719912771063,4.355719912771063,-0.2363,-0.1,0.08978003890466991,311,HARD_STOP,-0.1552262075527164
0.0896726946644888,0.0896726946644888,0.07471607890017218,0.0448363473322444,0.11945647304762647,0.08959235478572834,0.750000000000071,0.02986411826189813,0.0,4.2143814331572065,1.610088981808958,0.0,0.0,-0.029855202268980197,0.14954389113204236,-0.5981944394831573,0.01815776503852895,0.0069164663773158,0.07151492962595984,0.06779961252285638,-0.4874086108854647,0.0,0.0896726946644888,0.8553642601605068,-0.5180270093731298,0.0,2026-09-25 14:37:00,1,4.264540041814032,4.264540041814032,1.5645400418140312,-0.16617303958178478,-0.029873039581784777,0.044809559372659374,327,TIMEOUT,-0.14956086321653123
0.10458688181682607,0.059737156511352474,0.04479617739285846,0.07471830356114983,0.1492537313432836,0.10447761194030529,0.8999999999999773,0.014925373134331753,0.029850746268646536,2.2611166910951144,4.460185696250306,0.0,0.0,0.014927601134506752,0.17942583732057926,-0.5498548000528625,-0.020109195091633225,-0.048205272316559356,0.1246960769084593,0.09300144970941782,-0.08156606851549286,0.0,0.10458688181682607,0.8211492091337045,-0.570713567684431,0.0,2026-09-25 14:43:00,1,4.4936141801023135,4.4936141801023135,2.093614180102313,-0.2363,-0.1,0.014925373134331753,329,HARD_STOP,-0.12936536891154327
0.13450904199669989,0.11954572624028881,0.0,0.07473617887655548,0.16417910447761533,0.1492537313432836,0.9090909090908903,0.014925373134331753,0.0,6.917538094111193,4.003091681339301,0.0,0.0,-0.014923145799139448,0.17942583732057926,-0.5471409717251241,0.008432942967351309,0.027899009909559958,0.12607609902934858,-0.027899009909559958,-0.16299918500407573,0.0,0.13450904199669989,0.8028174751911151,-0.596224874965615,0.0,2026-09-25 14:46:00,1,6.0,6.0,2.2,-0.03182238805969875,0.10447761194030125,0.1492537313432836,336,TIMEOUT,-0.17037945771321805
-0.149053510210162,-0.13416815742396393,-0.1192783658863994,-0.08196943149818003,0.16420361247947796,-0.14927601134497687,0.0,0.01492760113450108,0.0,3.2619946866993534,2.018328953521068,0.0,0.0,-0.16393442622950616,0.1345291479820654,-0.5508342572972502,0.018815814800476893,0.036773135710177485,-0.1678693250106389,-0.15605150159657688,-0.4074979625101838,0.0,-0.149053510210162,0.7501110696304601,-0.6613118653236513,0.0,2026-09-25 14:54:00,-1,4.8482480290844805,2.1482480290844803,4.8482480290844805,-0.1512253731343335,-0.014925373134333508,0.05971040453798736,344,TIMEOUT,-0.15088040850613785
0.07468259895444529,0.04479617739285846,0.04479617739285846,0.05228451025801606,0.10447761194030529,0.05970149253731004,1.0,0.0,0.04477611940299526,1.7550944545454708,1.6132315487035171,0.0,0.0,-0.014923145799139448,0.11954572624028881,-0.5185596059114728,0.02963783431801925,0.040026049385644136,0.04504476463642604,0.004770128007214325,-0.2448979591836653,0.0,0.07468259895444529,0.6613118653236517,-0.7501110696304597,0.0,2026-09-25 15:06:00,1,3.4812561469165915,3.4812561469165915,0.7812561469165917,-0.18107611940297832,-0.04477611940297832,0.0,353,THESIS_FAILURE,-0.12475607339841836
-0.059728236523826084,-0.089565606806985,-0.10447761194030125,-0.014945433120333584,0.11952786493350583,-0.08964589870013787,0.24999999999992895,0.0,0.029881966233367967,2.828648387667224,2.021773609594331,0.0,0.0,-0.11938516639308228,0.014943215780016672,-0.6173439638593181,-0.005841816588592064,-0.048877123775903364,-0.05388641993523402,-0.05560048816439789,-0.08190008190009923,0.0,-0.059728236523826084,0.6374239897486911,-0.7705132427757881,0.0,2026-09-25 15:09:00,-1,3.4555547375344227,1.5555547375344223,3.4555547375344227,-0.16616411826191305,-0.029864118261913042,0.01493651979089212,356,THESIS_FAILURE,-0.13187206896318784
-0.08959235478572802,-0.044816253361212866,-0.02988196623336936,-0.06718422810512159,0.20923628755043747,-0.08967269466447807,0.42857142857145175,0.029890898221481364,0.08967269466447807,3.9611132831191775,4.289478927434787,0.0,0.0,-0.13432835820895717,0.0,-0.6411973337362653,0.007571103477510555,0.03483657104279558,-0.09716345826323858,-0.06471853727616494,-0.24549918166940632,0.0,-0.08959235478572802,0.6129070536529766,-0.7901550123756903,0.0,2026-09-25 15:12:00,-1,3.7,2.6,3.7,-0.2363,-0.1,0.014943215780039262,358,HARD_STOP,-0.1350494278435239
0.239607044447121,0.22759942501198172,0.2636309167165951,0.12580733194113014,0.26293773156447814,0.26293773156447814,1.0,0.0,0.0,2.9571768401198164,10.016185926663976,1.0,0.0,0.16760445348975583,0.4441776710684353,-1.1425812308292094,0.046568749553266287,0.08450557736809916,0.1930382948938547,0.17912533934849595,-0.23980815347721673,0.0,0.239607044447121,-0.6454576877239506,0.7637960286346421,0.0,2026-09-25 10:08:00,1,7.9764472620659,7.9764472620659,2.076447262065899,-0.2363,-0.1,0.07172743574415787,56,HARD_STOP,-0.1631202130405318
-0.05990176111176915,-0.17949024769653432,-0.32261918986736804,0.029843362736498014,0.2397506593143165,-0.0959002637257232,0.6000000000000142,0.0,0.1438503955885933,2.0991419553150266,5.842678812474634,0.0,0.0,-0.34643411778758626,0.1200192030724967,-1.432049656294898,0.035938281414060746,0.02034742139727097,-0.0958400425258299,-0.342966611264639,-0.32025620496397567,0.0,-0.05990176111176915,-0.6129070536529765,0.7901550123756903,0.0,2026-09-25 10:12:00,-1,3.5045280754232646,2.0045280754232646,3.5045280754232646,-0.2363,-0.1,0.02397506593142654,59,HARD_STOP,-0.14316687446203039
0.2514970059880106,0.2034953315776633,0.215491440201121,0.14974934019917896,0.310596105602682,0.2269740771711835,0.8076923076922677,0.059730020308220486,0.02389200812327801,5.9345007638399885,7.481431087391015,1.0,0.0,0.19150209455416345,0.34763845600573884,-1.075739369649864,0.002165871070025638,-0.01126101738960772,0.24933113491798498,0.2267524575907287,0.07949125596184992,0.0,0.2514970059880106,-0.45399049973954697,0.8910065241883678,0.0,2026-09-25 10:30:00,1,8.1,8.1,2.2,-0.2363,-0.1,0.238977177679535,79,HARD_STOP,-0.1350891420205339
-0.07183048006704773,-0.07183048006704773,-0.09575104727708172,-0.035915240033523865,0.11980352222354655,-0.09584281777884066,0.1999999999999716,0.0,0.023960704444705907,3.0615124933987143,1.5244729727723412,0.0,1.0,-0.1555023923444976,-0.059865900383138104,-1.3434493575138928,0.009977702005081746,0.0008675472271013618,-0.08180818207212948,-0.09661859450418309,-0.07880220646178104,0.0,-0.07183048006704773,-0.2588190451025207,0.9659258262890683,0.0,2026-09-25 10:50:00,-1,5.159844709116846,1.8598447091168464,5.159844709116846,-0.2201122605363867,-0.08381226053638668,0.0,97,THESIS_FAILURE,-0.1557562448002904
0.07180469123984068,0.1077457201005716,0.07180469123984068,0.01793183118955488,0.14350633819660913,0.08371203061469432,0.5833333333333728,0.059794307581914806,0.0,1.8670297563510525,2.6978806144381613,1.0,0.0,0.04785833931564287,0.20371479928100733,-1.161968300059646,-0.01105427431939976,0.006937263292994267,0.08285896555924044,0.06486742794684641,-0.4761904761904856,0.0,0.07180469123984068,-0.14608302856241162,0.9892723329629883,0.0,2026-09-25 11:01:00,1,2.9309126424902514,2.9309126424902514,1.7309126424902517,-0.2363,-0.1,0.13159468835985097,111,HARD_STOP,-0.12477315272073664
-0.16734401147502354,-0.16734401147502354,-0.13153174698075087,-0.08367200573751177,0.2155172413793015,-0.16762452107279763,0.22222222222218713,0.0,0.047892720306503885,3.387904115068773,4.996384074380768,0.0,0.0,-0.21505376344086446,0.07189072609634639,-1.2785293899986727,0.00584806721379838,0.028163643768897018,-0.17319207868882192,-0.1596953907496479,0.0,0.0,-0.16734401147502354,-0.09410831331851491,0.99556196460308,0.0,2026-09-25 11:06:00,-1,6.1,2.6,6.1,-0.14827318007661874,-0.011973180076618739,0.0718476829122288,116,TIMEOUT,-0.13029102506650514
0.0,0.023969319271333056,0.023969319271333056,-0.011984659635666528,0.11981787682723284,0.0,0.7999999999999148,0.023963575365456784,0.09585430146177606,9.809277342283917,3.3567959737020834,0.0,0.0,-0.23906287353574474,0.03595828838545145,-1.3389465541262746,0.003680912519876678,0.03378795459418882,-0.003680912519876678,-0.009818635322855762,0.1607717041800738,0.0,0.0,0.010471784116245785,0.9999451693655121,0.0,2026-09-25 11:16:00,1,3.4,3.4,2.2,-0.2363,-0.1,0.0,123,HARD_STOP,-0.1038321269674448
0.19161676646706205,0.23963575365444356,0.20361719966464076,0.07179888963984027,0.20320344250538097,0.1434377241214324,1.0,0.0,0.05976571838394856,2.0914562253652718,5.8805173887496895,1.0,0.0,0.11967448539971226,0.3117505995203773,-1.0899710594198364,0.03531264691036817,0.039213732172371785,0.15630411955669388,0.16440346749226897,0.08006405124099114,0.0,0.19161676646706205,0.16676874671610137,0.9859960370705051,0.0,2026-09-25 11:31:00,1,7.500300923950901,7.500300923950901,1.6003009239508996,-0.2363,-0.1,0.0358722946311146,139,HARD_STOP,-0.16755169436280437
0.047927150730897594,0.047927150730897594,-0.011974613818710456,0.023963575365448797,0.1317365269461071,0.05988023952095468,0.45454545454543105,0.07185628742515242,0.0,3.7444194331610827,2.973484510884875,0.0,0.0,-0.11961722488037507,0.05991611743558778,-1.2729127829902431,0.001949368404630114,0.004332033001430702,0.04597778232626748,-0.016306646820141157,-0.1603849238171695,0.0,0.047927150730897594,0.3189593092980699,0.9477684100095857,0.0,2026-09-25 11:46:00,1,3.278068029898194,3.278068029898194,2.178068029898194,0.1137,0.25,0.3590664272890451,155,TARGET,-0.10248600434696549
0.1435750179468842,0.23952095808383866,0.23952095808383866,0.023814538904964877,0.16726403823178085,0.14336917562724558,0.8571428571428862,0.02389486260453527,0.0,9.883568622413629,3.806049249661258,1.0,0.0,0.11961722488038617,0.2995805871779611,-1.0320754618999617,-0.01689240404897374,-0.0062811757494563025,0.16046742199585795,0.24580213383329497,-0.16051364365972098,0.0,0.1435750179468842,0.348572047321815,0.9372819894918916,0.0,2026-09-25 11:49:00,1,6.9,6.9,2.6,0.1137,0.25,0.29868578255675027,157,TARGET,-0.14249062781669716
0.08347245409014992,0.0954084675015121,0.27479091995221694,0.035768220339393864,0.09531752651018502,0.047658763255100975,0.7500000000000444,0.023829381627542022,0.023829381627542022,4.7086054124698995,1.103787476702865,1.0,0.0,0.047681487662432076,0.5751947273816782,-0.7567724065084547,0.009962596945833901,0.02274361662493174,0.07350985714431602,0.2520473033272852,0.0,0.0,0.08347245409014992,0.3778407868184676,0.9258705848099945,0.0,2026-09-25 11:52:00,1,6.13670436451629,6.13670436451629,1.3367043645162893,-0.10055592755868728,0.035744072441312724,0.09531752651018502,162,TIMEOUT,-0.1955300977234664
-0.2861912711662251,-0.2624045801526753,-0.30996661897948474,-0.15498898108988746,0.3587658454915058,-0.22721836881128646,0.20000000000000948,0.059794307581914806,0.07175316909830456,14.801373280996758,14.79966154922405,0.0,1.0,-0.3218500417212944,-0.14330069262000755,-1.065675336423988,-0.0065061949819922305,-0.020600046838004094,-0.2796850761842329,-0.28936657214148065,0.0,0.0,-0.2861912711662251,0.8151277957285537,0.5792811723426796,0.0,2026-09-25 12:46:00,-1,8.1,2.2,8.1,-0.05250780464449681,0.0837921953555032,0.09568233464896339,216,TIMEOUT,-0.15640645702851091
-0.1555768310196215,-0.10775862068964637,-0.1555768310196215,-0.10169752067479831,0.26369411482679955,-0.1438331535418798,0.1818181818182112,0.07191657677094843,0.04794438451397129,3.924944238723229,9.4721539029179,0.0,1.0,-0.5127593608394876,-0.08383233532933687,-1.2765516860392845,-0.053382636321019916,-0.07116418532194801,-0.10219419469860158,-0.08441264569767348,0.8661417322834764,0.0,-0.1555768310196215,0.8712138111201888,0.4909037536151419,0.0,2026-09-25 12:56:00,-1,7.4,2.2,7.4,-0.2363,-0.1,0.03597985128328273,225,HARD_STOP,-0.1561305989301065
-0.02394922763742091,0.0,-0.035919540229889524,-0.02394922763742091,0.13175230566534848,-0.02395496466643937,0.7272727272727155,0.011977482333202666,0.09581985866570643,3.912344295529722,2.3283369157588947,0.0,0.0,-0.035919540229889524,0.08391273076000516,-1.1868782551778145,0.015617950230795152,0.02993869076803879,-0.039567177868216064,-0.06585823099792831,-0.2371541501976382,0.0,-0.02394922763742091,0.9372819894918913,0.34857204732181557,0.0,2026-09-25 13:11:00,1,3.0877516120915023,3.0877516120915023,1.8877516120915026,-0.1363,0.0,0.08388256440981806,241,TIMEOUT,-0.15511899567822013
0.03591954022987842,0.059880239520948564,0.08385241974124824,0.00597942046940414,0.16756433273489,0.023937761819265137,0.3571428571428354,0.10771992818671863,0.03590664272890621,6.080760618285895,3.363599069854639,1.0,0.0,0.03591954022987842,0.17985611510791255,-1.103417758538905,-0.0036893001614579646,0.005425935973946139,0.039608840391336386,0.0784264837673021,0.31496062992126816,0.0,0.03591954022987842,0.971134279909636,0.2385334575785813,0.0,2026-09-25 13:22:00,1,3.1,3.1,2.6,-0.10039335727109991,0.035906642728900096,0.08378216636745349,252,TIMEOUT,-0.08951781484005464
-0.08380222674488902,-0.1435750179468842,-0.1794043774668186,-0.012014717771446914,0.19170860292355213,-0.0838725137790647,0.5624999999999445,0.0,0.10783608914448743,101.63394558548559,4.040231544744472,0.0,0.0,-0.21520803443328962,0.03595828838545145,-1.1880522507708324,0.016061293368219154,0.0008680461366594727,-0.09986352011310817,-0.18027242360347806,-0.23529411764705577,0.0,-0.08380222674488902,0.985996037070505,0.16676874671610192,0.0,2026-09-25 13:29:00,-1,3.4000000000000004,2.6,3.4000000000000004,0.019706240249606516,0.15600624024960652,0.15576323987538396,259,TIMEOUT,-0.1519372974639723
0.048001920076812254,0.0,0.0,0.048001920076812254,0.11994722322179263,0.0,1.0,0.0,0.11994722322179263,3.403622570525557,4.666689018231924,0.0,0.0,-0.09586578789694267,0.07202016564638036,-1.2773775235223828,0.005859235131122631,0.02170430917354249,0.042142684945689624,-0.02170430917354249,-0.07855459544383603,0.0,0.048001920076812254,0.9995065603657316,0.031410759078127536,0.0,2026-09-25 13:42:00,1,4.9,4.9,2.2,-0.01635277677822758,0.11994722322177243,0.11994722322177559,272,TIMEOUT,-0.13274309945030024
0.13161043311797904,0.14359219815724966,0.1555768310196104,0.05981433403935421,0.2031306010276039,0.1314374477237417,1.0,0.0,0.0716931533038622,1.9932568258813963,14.732821000841234,1.0,0.0,0.13161043311797904,0.3838311143096851,-0.8851498943355351,0.028636076683952183,0.04730173953233496,0.10297435643402686,0.10827509148727543,-0.5507474429582992,0.0,0.13161043311797904,0.9933727656003964,-0.11493715049286624,0.0,2026-09-25 13:56:00,1,6.746291254234769,6.746291254234769,1.546291254234768,0.04297572606668551,0.17927572606668551,0.17927572606668038,286,TIMEOUT,-0.1191971809271464
0.13145315487572695,0.15539086779823297,0.1434205808533484,0.05375772097661047,0.1432151808091542,0.13128058240840126,0.9166666666667358,0.01193459840075296,0.0,3.830481883348744,4.065509502253549,1.0,0.0,0.10752688172044333,0.40742959856201466,-0.7631488481029236,0.11295050123139028,0.1700647070179917,0.018502653644336675,-0.02664412616464329,-0.877192982456132,0.0,0.13145315487572695,0.9876883405951379,-0.15643446504022968,0.0,2026-09-25 14:00:00,1,6.2,6.2,2.2,-0.2363,-0.1,0.03580379520227584,287,HARD_STOP,-0.11459024456259989
-0.07162468664200228,-0.10739856801910141,-0.20267048164044343,-0.01792540263245157,0.143352048739702,-0.023892008123294985,0.4166666666666272,0.05973002030820352,0.05973002030820352,2.4369834944574804,3.647940158803866,0.0,0.0,-0.21456669448087773,0.22749042145593368,-0.8534295351332655,0.00496989969447359,-0.05808956590466208,-0.07659458633647587,-0.14458091573578136,0.16168148746968924,0.0,-0.07162468664200228,0.9759167619387478,-0.21814324139654104,0.0,2026-09-25 14:06:00,-1,3.6903409219516146,2.190340921951614,3.6903409219516146,-0.21988208955222546,-0.08358208955222546,0.1434034416826058,296,TIMEOUT,-0.1259957969997862
0.19102196752625034,0.21495103893003353,0.2748237543314769,0.08354644806123357,0.27407054337464726,0.20257387988560738,0.9130434782608884,0.02383222116300765,0.04766444232603224,3.500159443544447,5.378782897468607,1.0,0.0,0.17906171660500014,0.3227734608487687,-0.5878803052888015,-0.02767962563307025,0.011032871467042682,0.21870159315932058,0.2637908828644342,0.08090614886731018,0.0,0.19102196752625034,0.9048270524660192,-0.4257792915650733,0.0,2026-09-25 14:27:00,1,7.7,7.7,2.6,0.05440321811680557,0.19070321811680557,0.19070321811680166,317,TIMEOUT,-0.17499815837289556
0.10724499523355746,0.11917530687641786,0.08339289969025998,0.04765734179534853,0.13093679323889945,0.10713010355910416,0.9090909090909913,0.011903344839889186,0.011903344839906101,11.16620402935901,1.3399924178800695,1.0,0.0,0.05955216769892857,0.4303646144650397,-0.4775755711463603,-0.00410683831809644,0.04606291805342444,0.1113518335516539,0.03732998163683554,-0.08110300081103361,0.0,0.10724499523355746,0.8862035792312147,-0.46329603511986167,0.0,2026-09-25 14:31:00,1,4.642996588046031,4.642996588046031,1.8429965880460313,-0.06487993096060377,0.07142006903939624,0.08332341387929196,321,TIMEOUT,-0.14007580085322519
0.0,0.1904988689129805,0.1904988689129805,-0.09524943445649026,0.1426024955436774,0.0,0.16666666666674562,0.11883541295305325,0.023767082590624163,4.457547691804492,2.944670897194396,0.0,0.0,0.0,0.30992966980569747,-0.30305676892278255,-0.012324031212229691,0.0028111694248655894,0.012324031212229691,0.18768769948811492,-0.2448979591836653,0.0,0.0,0.7965299180241961,-0.6045991148623749,0.0,2026-09-25 14:47:00,-1,4.165101903737479,3.365101903737478,4.165101903737479,-0.1363,0.0,0.09506833036246286,337,TIMEOUT,-0.16618895886453636
-0.10739856801910141,-0.20267048164044343,-0.29776083849452073,-0.006063327198879698,0.14335204873968502,-0.10751403655477651,0.08333333333326426,0.02389200812327801,0.011946004061630516,3.989632440333274,1.6929842866150657,0.0,1.0,-0.5583273936802247,-0.05969436485196988,-0.8133087147587648,-0.005841816588592064,-0.048877123775903364,-0.10155675143050935,-0.24888371471861737,-0.08190008190009923,0.0,-0.10739856801910141,0.6374239897486911,-0.7705132427757881,0.0,2026-09-25 15:09:00,-1,5.60184292897678,1.6018429289767795,5.60184292897678,-0.2363,-0.1,0.16724405686298002,359,HARD_STOP,-0.14129429265733537
0.13055727341442225,0.03432415734194727,0.027457440966505153,0.11339519474344861,0.12352456766401006,0.10293713972001096,1.0,0.0,0.020587427943999075,1.6974656170385545,1.621366906493351,0.0,0.0,-0.061724161580134496,0.20629899601154467,-0.26937948211577245,0.001953167386448129,-0.05920984141304375,0.12860410602797412,0.0866672823795489,-0.31471282454760274,0.0,0.13055727341442225,-0.7569950556517565,0.6534206039901054,0.0,2026-09-25 09:53:00,1,5.0532211972932135,5.0532211972932135,0.7532211972932129,-0.07451651678451712,0.06178348321548288,0.15102629230452705,43,TIMEOUT,-0.14411724359725359
0.12293402540635157,0.18451445363221186,0.18451445363221186,0.030676798590245635,0.16371077762619993,0.1296043656207429,0.8333333333333017,0.027285129604371825,0.006821282401085201,4.879072814682895,2.7943764289641333,1.0,0.0,0.10925976509150725,0.26673962109295957,0.3328778454066983,0.03268688346800275,0.041565819041466945,0.09024714193834882,0.14294863459074492,-0.08006405124099114,0.0,0.12293402540635157,-0.5358267949789963,0.8443279255020153,0.0,2026-09-25 10:21:00,1,7.99746939303386,7.99746939303386,2.09746939303386,-0.2363,-0.1,0.0,68,HARD_STOP,-0.13562618937827103
0.03421142661648169,-0.034188034188031846,-0.05468963631392043,0.05130544371049761,0.08207934336525619,0.04103967168262032,1.0,0.0,0.04103967168263587,1.7799447378530158,1.5731640442533714,0.0,0.0,-0.10931948619841148,0.03421142661648169,0.0567083892146103,-0.015615850087835614,-0.04444897366235878,0.0498272767043173,-0.01024066265156165,0.0,0.0,0.03421142661648169,-0.27899110603922966,0.960293685676943,0.0,2026-09-25 10:48:00,1,3.076893425733176,3.076893425733176,1.176893425733176,-0.14998176221097084,-0.013681762210970838,0.08209057326583975,98,TIMEOUT,-0.1569692205217863
0.08199521694567391,0.10935684505501975,0.10935684505501975,0.027316794418164037,0.10923738649553741,0.08192803987164918,1.0,0.0,0.02730934662388823,15.043336787451931,4.0214557457297095,1.0,0.0,0.06832001093119988,0.25325119780972294,0.2396989314608522,0.004114727258563988,-0.0012993172088027194,0.07788048968710992,0.11065616226382247,0.16051364365969878,0.0,0.08199521694567391,-0.05233595624294348,0.9986295347545739,0.0,2026-09-25 11:10:00,1,5.5,5.5,2.2,-0.09533598006419255,0.04096401993580745,0.06144602990372524,120,TIMEOUT,-0.15570423762248262
0.06142086944653791,0.04776526782668267,0.09557618787547906,0.03753823553319657,0.07502387123174935,0.04774246351112027,0.9090909090909842,0.006820351930153392,0.020461055790475687,4.526325562539931,1.3436325543326233,1.0,0.0,0.04093886462883667,0.22557932873059627,0.34047890254860214,0.003680912519876678,0.03378795459418882,0.05773995692666123,0.06178823328129024,0.1607717041800738,0.0,0.06142086944653791,0.010471784116245785,0.9999451693655121,0.0,2026-09-25 11:16:00,1,5.04463464944968,5.04463464944968,1.4446346494496805,0.01374774246352159,0.1500477424635216,0.1841495021143122,126,TIMEOUT,-0.12538918899761292
0.08178844056707657,0.06814774430965453,0.027247956403275708,0.0477145684122493,0.11577226913647817,0.08172160174339727,0.7058823529411843,0.0340506673930809,0.0,2.295023672017399,2.149662389217534,0.0,0.0,0.0,0.27314941272875704,0.4882214954626152,0.013421046365391653,0.017534668854546354,0.06836739420168492,0.009713287548729355,-0.40160642570280514,0.0,0.08178844056707657,0.06279051952931278,0.9980267284282716,0.0,2026-09-25 11:21:00,1,3.2196110947574597,3.2196110947574597,1.3196110947574597,-0.2363,-0.1,0.03405530581664623,129,HARD_STOP,-0.1147376545273936
0.06129120130753396,0.08173830120563608,0.07492167279661288,0.02042205070471592,0.10889539236370442,0.061253658204577933,0.8749999999999645,0.013611924045466923,0.03402981011365957,2.8951368461685014,2.51516467200062,1.0,0.0,0.03404139433551556,0.14312977099235624,0.5399271736643119,0.001949368404630114,0.004332033001430702,0.059341832902903846,0.07058963979518218,-0.1603849238171695,0.0,0.06129120130753396,0.3189593092980699,0.9477684100095857,0.0,2026-09-25 11:46:00,1,4.614149367792955,4.614149367792955,1.8141493677929548,-0.2363,-0.1,0.020417886068192646,154,HARD_STOP,-0.10504293872242099
-0.013610997686130943,0.04085523627945786,0.0953808420765867,-0.034038615825859875,0.10209637898175877,0.0,0.8666666666666364,0.013612850530904266,0.08848352845085451,3.1623677973308926,2.363982126968275,0.0,0.0,-0.020415107179305725,0.14996591683709148,0.5177235415904757,0.0006500668485509564,0.051164424248462126,-0.0142610645346819,0.04421641782812458,0.0,0.0,-0.013610997686130943,0.5446390350150266,0.8386705679454244,0.0,2026-09-25 12:10:00,1,3.093094245667715,3.093094245667715,2.693094245667715,-0.06825890317752017,0.06804109682247983,0.11566986459822041,180,TIMEOUT,-0.1418073141710784
-0.08844139057080369,-0.11562266204175886,-0.06804572672836073,-0.03063005954992426,0.1293749148849306,-0.088519678605487,0.2631578947368295,0.0068092060465687766,0.03404603023287485,6.608649212386779,4.944734675808836,0.0,1.0,-0.13599891200870573,-0.03403444285616786,0.46042654453204435,-0.04463714980963429,-0.07798064780256686,-0.0438042407611694,0.009934921074206127,0.32025620496396456,0.0,-0.08844139057080369,0.7501110696304591,0.6613118653236524,0.0,2026-09-25 12:36:00,-1,5.800000000000001,2.2,5.800000000000001,-0.17713855159271455,-0.040838551592714545,0.02723682418629059,206,TIMEOUT,-0.15444820246088858
-0.08848352845085561,-0.08168266285479842,-0.0952834683182413,-0.0476421970234564,0.1226241569589178,-0.08856189113699532,0.0,0.034062265821922476,0.0,3.9452368136253098,3.6755975011201842,0.0,0.0,-0.1835985312117372,-0.013623050200928244,0.4093659836268415,-0.021891940514606745,-0.04745652527222699,-0.06659158793624886,-0.047826943046014314,0.15974440894568342,0.0,-0.08848352845085561,0.7901550123756903,0.6129070536529766,0.0,2026-09-25 12:42:00,-1,4.1000000000000005,2.2,4.1000000000000005,-0.10904461706187055,0.027255382938129458,0.06130790190736314,212,TIMEOUT,-0.1493524442493165
-0.088616223585547,-0.088616223585547,-0.08180516735973864,-0.0443081117927735,0.11598553592140584,-0.07504946441972497,0.23529411764710603,0.013645357167226953,0.027290714334453906,4.152580159106975,4.29173774239274,0.0,1.0,-0.15667574931880202,-0.0409193207392744,0.2535115571008273,-0.053382636321019916,-0.07116418532194801,-0.03523358726452708,-0.010640982037790625,0.8661417322834764,0.0,-0.088616223585547,0.8712138111201888,0.4909037536151419,0.0,2026-09-25 12:56:00,-1,5.1000000000000005,2.2,5.1000000000000005,-0.2363,-0.1,0.040938864628814756,226,HARD_STOP,-0.16141589509480572
0.12947189097105571,0.184086725301702,0.1567718628587178,0.03742852832020471,0.1565264733905119,0.13610997686130394,1.0,0.0,0.02041649652920797,1.9252594911826582,6.264518752802195,1.0,0.0,0.12947189097105571,0.23876117061190083,0.5024434500696895,0.018223550902285446,0.03710494624122873,0.11124834006877027,0.11966691661748907,-0.23659305993690705,0.0,0.12947189097105571,0.9297764858882511,0.36812455268467875,0.0,2026-09-25 13:09:00,1,6.708892720150463,6.708892720150463,1.508892720150462,-0.12949403797726214,0.006805962022737866,0.08847750629551178,239,TIMEOUT,-0.11545489634740264
-0.04085523627944676,-0.04085523627944676,-0.04085523627944676,-0.02042761813972338,0.10217983651226158,-0.03405994550408719,0.19999999999996967,0.04768392370572517,0.020435967302449218,11.864760199566383,4.683466274916943,0.0,0.0,-0.1360544217687054,0.0,0.3944833295433048,-0.013022302864040824,-0.01519235694225074,-0.027832933415405936,-0.02566287933719602,-0.07849293563578774,0.0,-0.04085523627944676,0.9921147013144778,0.12533323356430473,0.0,2026-09-25 13:33:00,-1,3.4,2.2,3.4,-0.09540856675525036,0.04089143324474964,0.1158117037945395,263,TIMEOUT,-0.13186023840479832
0.02725724020442577,0.04770992366411875,0.02725724020442577,0.0034022783723663963,0.1158117037945395,0.047687172150694554,1.0,0.0,0.06812453164384495,5.523703059824427,4.84303912641818,0.0,0.0,-0.08848352845085561,0.0886403927451429,0.3858582355753537,0.01280648746266877,0.02474769292888368,0.014450752741757,0.00250954727554209,0.07836990595611049,0.0,0.02725724020442577,0.9964928592495043,0.08367784333231591,0.0,2026-09-25 13:37:00,1,3.4,3.4,2.2,-0.2112369848082382,-0.07493698480823818,0.0,264,THESIS_FAILURE,-0.11439034013105549
0.10226343059722698,0.0681523887412272,0.02724981265753712,0.06818723622661338,0.08172716747259044,0.07491657018319887,1.0,0.0,0.00681059728939157,1.3133126336867733,1.61504811696499,0.0,0.0,-0.061257827389060715,0.14322739053334033,0.4117922066538382,0.019099792072707622,0.013672972873246536,0.08316363852451936,0.013576839784290584,-0.312989045383405,0.0,0.10226343059722698,0.9986295347545739,0.05233595624294354,0.0,2026-09-25 13:40:00,1,3.239093601161971,3.239093601161971,0.5390936011619708,-0.1294889388366857,0.006811061163314314,0.03405530581664623,270,TIMEOUT,-0.12114385072478244
0.04077749082505022,0.11562266204176996,0.18376097461376695,-0.01703384019583476,0.1086956521739223,0.04755434782609005,0.5625000000000089,0.04755434782609005,0.013586956521742221,17.801171200165417,1.43890730652641,1.0,0.0,0.04077749082505022,0.27247956403269047,0.6525061029885926,-0.02034658458768268,0.13788199382565036,0.0611240754127329,0.045878980788116586,0.08064516129031585,0.0,0.04077749082505022,0.9841956079692421,-0.17708474031958257,0.0,2026-09-25 14:02:00,1,3.787508287936884,3.787508287936884,1.8875082879368845,0.1137,0.25,0.29889273826506974,289,TARGET,-0.14182398835939566
-0.0745257452574477,-0.027113129532962965,0.1970108695652284,-0.060969180490966224,0.1695030171537053,-0.07458132754762417,0.24000000000005456,0.05424096548918262,0.040680724116898534,2.3179052433829366,3.1543551480080274,0.0,0.0,-0.10836437521164477,0.47002724795641715,0.8439377243712798,-0.05614992894874549,0.19181641047845144,-0.01837581630870222,0.005194459086776959,0.9795918367346834,0.0,-0.0745257452574477,0.9781476007338055,-0.20791169081776018,0.0,2026-09-25 14:05:00,-1,3.724847883860615,2.424847883860615,3.724847883860615,-0.08202959772063392,0.05427040227936608,0.18306325852600483,295,TIMEOUT,-0.1306457872886361
0.10172939979653517,0.09494100094942226,0.09494100094942226,0.05425889932182404,0.14905149051490824,0.10162601626016261,0.9090909090908903,0.013550135501358095,0.03387533875338753,7.46783898309926,1.8376269178559694,1.0,0.0,0.04744797668270184,0.13568521031208647,0.9000132979994468,0.025310212346174588,-0.051230172626237636,0.07641918745036058,0.1461711735756599,0.08103727714747766,0.0,0.10172939979653517,0.9297764858882517,-0.3681245526846773,0.0,2026-09-25 14:21:00,1,5.766932113035187,5.766932113035187,1.6669321130351862,-0.1295267678136144,0.0067732321863855915,0.0609590896775849,311,TIMEOUT,-0.16538865736950095
0.15577378936675323,0.14899092509819134,0.12864784345587577,0.08127832681765756,0.14876927238301635,0.14876927238301635,1.0,0.0,0.0,15.76051735648955,3.0113793531556183,1.0,0.0,0.0879864636209815,0.32564450474898976,1.070345719216359,0.05731241538309284,0.07289544154738259,0.0984613739836604,0.05575240190849318,-0.3233629749393674,0.0,0.15577378936675323,0.8910065241883685,-0.4539904997395457,0.0,2026-09-25 14:30:00,1,6.895120708920029,6.895120708920029,2.195120708920028,-0.2363,-0.1,0.027047129623359492,316,HARD_STOP,-0.11256079117728278
-0.12854340031119849,-0.03385928082887402,-0.02031832035218617,-0.11161375989676148,0.13548299688389107,-0.10161224766291829,0.10000000000002274,0.02032244953258058,0.013548299688392187,1.980615983682487,1.800163993138223,0.0,0.0,-0.20955857500168928,0.013550135501350091,0.8808125418642065,-0.01534590977468886,-0.014913695094898038,-0.11319749053650963,-0.0054046252572881315,-0.08123476848090894,0.0,-0.12854340031119849,0.8660254037844392,-0.4999999999999992,0.0,2026-09-25 14:35:00,-1,4.789412587937569,0.9894125879375681,4.789412587937569,-0.16339292874560898,-0.02709292874560898,0.0,322,THESIS_FAILURE,-0.1292654556498576
-0.13586956521739468,-0.06118702834999601,-0.08835723509821314,-0.10527605104239668,0.1496598639455813,-0.1428571428571367,0.0,0.006802721088444655,0.0,2.039527343576618,4.7465106562392965,0.0,0.0,-0.33222591362126463,-0.013603591348121391,0.41944018042157083,-0.0077868143277370905,0.021419994158189404,-0.1280827508896576,-0.10977722925640254,0.08190008190007703,0.0,-0.13586956521739468,0.6211477802783114,-0.783693457325839,0.0,2026-09-25 15:11:00,-1,5.071740038967141,1.5717400389671399,5.071740038967141,-0.2363,-0.1,0.02720163209793206,357,HARD_STOP,-0.11350810129538473
0.13580246913580396,0.13580246913580396,0.14816644030126724,0.06790123456790198,0.1849340401923314,0.1356182961410458,0.8666666666667121,0.024657872025635776,0.024657872025649796,3.0285680788403853,4.483848880280756,1.0,0.0,0.07402837754473257,0.32158317872603703,-0.2916170689055364,0.046568749553266287,0.08450557736809916,0.08923371958253767,0.06366086293316808,-0.23980815347721673,0.0,0.13580246913580396,-0.6454576877239506,0.7637960286346421,0.0,2026-09-25 10:08:00,1,6.815712443362213,6.815712443362213,2.115712443362212,-0.2363,-0.1,0.024651793417976763,54,HARD_STOP,-0.1302495803100158
0.049333991119882015,0.03699593044765859,0.11106997408367736,0.03083602589605272,0.1232741617357002,0.0616370808678501,0.8000000000000682,0.024654832347131627,0.036982248520718464,3.7351035198474314,1.5096704925189732,0.0,0.0,-0.03696857670979492,0.2843367536160324,-0.2714695582001103,0.035938281414060746,0.02034742139727097,0.013395709705821268,0.09072255268640639,-0.32025620496397567,0.0,0.049333991119882015,-0.6129070536529765,0.7901550123756903,0.0,2026-09-25 10:12:00,1,4.019351721633538,4.019351721633538,1.519351721633538,-0.2363,-0.1,0.03697313285679914,58,HARD_STOP,-0.16984766153687827
-0.11098779134295356,-0.11098779134295356,-0.1848428835489857,-0.05549389567147678,0.14814814814813973,-0.11111111111110832,0.24999999999997632,0.0,0.03703703703703142,26.138611275287634,2.272848462794521,0.0,0.0,-0.1848428835489857,0.0,-0.39962307762256843,-0.024049711403462126,-0.0617259885904331,-0.08693807993949143,-0.1231168949585526,0.07917656373712667,0.0,-0.11098779134295356,-0.4257792915650722,0.9048270524660197,0.0,2026-09-25 10:33:00,-1,5.762781808257535,1.8627818082575345,5.762781808257535,-0.2363,-0.1,0.024691358024696974,79,HARD_STOP,-0.15577997406603383
-0.14800197335963494,-0.12336540833950416,-0.04938271604938427,-0.08631926918988286,0.17292490118576792,-0.13586956521739413,0.0,0.03705533596837383,0.0,5.6127519295869295,2.7178120161532555,0.0,0.0,-0.2341343191620382,-0.012350253180193338,-0.44373638096932844,-0.000650197876894687,0.03447259103799283,-0.14735177548274025,-0.0838553070873771,-0.07898894154818592,0.0,-0.14800197335963494,-0.3778407868184672,0.9258705848099947,0.0,2026-09-25 10:38:00,-1,5.563015407268965,2.063015407268965,5.563015407268965,-0.2363,-0.1,0.1604938271604882,86,HARD_STOP,-0.17497939964572398
0.0739827373612778,0.04930966469427478,0.09866798223976403,0.049327905014140416,0.13553474618038722,0.07392804337112158,0.6363636363636646,0.04928536224740972,0.01232134056185593,2.7768733066480453,2.2448499396319934,0.0,0.0,-0.03695036334523394,0.16043440700976852,-0.18358535548408383,0.06026329423443055,0.06720473815082784,0.013719443126847253,0.03146324408893619,-0.23923444976076125,0.0,0.0739827373612778,-0.13571557243430415,0.9907478404714436,0.0,2026-09-25 11:02:00,1,2.827462791490822,2.827462791490822,1.6274627914908222,-0.06238106443268135,0.07391893556731866,0.1355180485400898,112,TIMEOUT,-0.12410645733584728
-0.012315270935958633,-0.07384615384615767,-0.012315270935958633,0.0246078059871202,0.14780145338096384,-0.01231678778174932,0.9166666666666509,0.0,0.13548466559921452,5.541182864754392,2.6858097479557674,0.0,0.0,-0.11072834645668994,0.036964021685559345,-0.14461268583055853,-0.01689112371447976,-0.015592009095333204,0.004575852778521128,0.0032767381593745704,0.16051364365969878,0.0,-0.012315270935958633,-0.02094241988335679,0.9997806834748455,0.0,2026-09-25 11:13:00,1,2.8486143865800955,2.8486143865800955,2.448614386580095,-0.22251751447221993,-0.08621751447221992,0.0,120,THESIS_FAILURE,-0.13732045661724088
0.24630541871921707,0.258652543416682,0.24630541871921707,0.11697914701087608,0.28255528255527695,0.19656019656019938,0.7826086956521696,0.06142506142506143,0.02457002457001619,10.914913912829443,8.562442753733418,1.0,0.0,0.1476377952756014,0.3946719289590561,0.1147730507647049,0.011257628667116215,0.0021647317572703884,0.23504779005210086,0.24414068696194668,-0.0802568218298716,0.0,0.24630541871921707,0.052335956242942995,0.9986295347545739,0.0,2026-09-25 11:20:00,1,8.1,8.1,2.2,-0.2363,-0.1,0.2334152334152306,130,HARD_STOP,-0.1239944154429019
-0.024539877300622237,0.04911591355598599,0.09828009828010131,-0.04909783407861523,0.2331860579283232,-0.06136475208640157,0.42105263157892847,0.07363770250368468,0.09818360333823693,13.016032578270735,8.018944750074134,0.0,0.0,-0.04906771344456162,0.49333991119882015,0.20925244387703934,-0.0036794784663896074,0.009524613549638516,-0.02086039883423263,0.0887554847304628,0.16103059581320522,0.0,-0.024539877300622237,0.08367784333231536,0.9964928592495044,0.0,2026-09-25 11:23:00,-1,3.4,2.7,3.4,0.1137,0.25,0.29465930018415926,131,TARGET,-0.08054083676336406
-0.024801587301581662,-0.22277227722771187,-0.198068828918041,0.08658455131227427,0.13644257008186836,-0.024807740014876182,0.0909090909091097,0.09923096005954703,0.01240387000744514,1.6716594536288785,3.3803267542293085,0.0,1.0,-0.3707365299060794,-0.024801587301581662,-0.8146769698483158,-0.029893617712606346,-0.04526670536356692,0.005092030411024684,-0.1528021235544741,0.08012820512819374,0.0,-0.024801587301581662,0.7431448254773937,0.6691306063588589,0.0,2026-09-25 12:35:00,-1,4.669412699495883,2.1694126994958833,4.669412699495883,-0.18589087527894868,-0.049590875278948676,0.0,202,THESIS_FAILURE,-0.1623202743650888
-0.08689175769612811,-0.13647642679901484,-0.23549826474962288,-0.018653544296620694,0.12423903590508137,-0.08696732513356262,0.2999999999999545,0.0,0.037271710771518765,15.944638822932395,2.3525927696368707,0.0,1.0,-0.5067985166872679,-0.024841634579564342,-0.9623745287918428,-0.021891940514606745,-0.04745652527222699,-0.06499981718152137,-0.1880417394773959,0.15974440894568342,0.0,-0.08689175769612811,0.7901550123756903,0.6129070536529766,0.0,2026-09-25 12:42:00,-1,5.098666746336592,1.8986667463365916,5.098666746336592,-0.12387609640949174,0.012423903590508267,0.11180124223602202,212,TIMEOUT,-0.18510270783818608
-0.09945300845349836,-0.16151074667659637,-0.16151074667659637,-0.018697635115200173,0.13688402190144633,-0.09955201592831689,0.2727272727273291,0.0,0.03733200597312944,1.4384430514861388,1.742448335177834,0.0,1.0,-0.3966286564204169,-0.06218132073124716,-1.1024901882902838,-0.018656109333470283,-0.04012371116133284,-0.08079689912002808,-0.12138703551526353,0.3971405877680745,0.0,-0.09945300845349836,0.838670567945424,0.5446390350150271,0.0,2026-09-25 12:50:00,-1,3.965245429147402,0.6652454291474017,3.965245429147402,0.1137,0.25,0.43559427504667086,220,TARGET,-0.14809391005385686
-0.17425939756036124,-0.09965122072744803,-0.19910403185664505,-0.12443378719663722,0.24937655860349126,-0.14962593516210043,0.25,0.03740648379051802,0.062344139650872814,38.733361465060796,4.846439832858886,0.0,1.0,-0.3726708074534124,-0.07475703962123159,-1.2741432442770817,-0.0073762311797676006,0.0036885237009176564,-0.16688316638059364,-0.2027925555575627,0.15797788309637184,0.0,-0.17425939756036124,0.8553642601605066,0.5180270093731304,0.0,2026-09-25 12:53:00,-1,8.1,2.2,8.1,0.1137,0.25,0.36159600997505953,221,TARGET,-0.17822924879181118
-0.1373969522857843,-0.2992891881780757,-0.31172069825435855,0.01224764180325355,0.2376485303314543,-0.12507817385866166,0.21052631578946424,0.06253908692933083,0.05003126954346183,68.83011075038564,3.9753471001481717,0.0,1.0,-0.6832298136645987,-0.06249999999999867,-1.4926934068772102,-0.053382636321019916,-0.07116418532194801,-0.08401431596476439,-0.24055651293241054,0.8661417322834764,0.0,-0.1373969522857843,0.8712138111201888,0.4909037536151419,0.0,2026-09-25 12:56:00,-1,7.300000000000001,2.2,7.300000000000001,-0.2363,-0.1,0.11257035647279266,223,HARD_STOP,-0.15811946913881422
0.13684996267728788,0.1493094438223208,0.12439358129121558,0.06219524076612748,0.18635855385762207,0.11181513231457041,0.6666666666666666,0.062119517952540684,0.012423903590510961,3.4560507682032675,2.017315351896154,1.0,0.0,0.04972032318208974,0.22413149047439962,-0.7363904375995434,0.11295050123139028,0.1700647070179917,0.023899461445897607,-0.04567112572677612,-0.877192982456132,0.0,0.13684996267728788,0.9876883405951379,-0.15643446504022968,0.0,2026-09-25 14:00:00,1,4.9477919083532695,4.9477919083532695,1.7477919083532694,-0.2363,-0.1,0.024847807181021923,287,HARD_STOP,-0.14818200722283306
0.19890601690701892,0.1615508885298711,0.13666293949559094,0.11813057264208338,0.2605459057071989,0.19851116625310455,0.9047619047618841,0.02481389578164336,0.03722084367245093,12.895161564268935,3.2406753751033497,1.0,0.0,0.07449714427614218,0.361100734653208,-0.5951224814063294,0.2550335570469908,0.2800004331019901,-0.0561275401399719,-0.14333749360639914,-1.692183722804197,0.0,0.19890601690701892,0.9822872507286886,-0.18738131458572502,0.0,2026-09-25 14:03:00,1,6.2,6.2,3.4000000000000004,-0.2363,-0.1,0.0,290,HARD_STOP,-0.10337987176138516
-0.049850448654031876,-0.11209366048074987,-0.17425939756036124,0.006196381586343058,0.13715710723190888,-0.04987531172069542,0.27272727272725394,0.04987531172069542,0.03740648379051802,1.9456778452389338,1.5274929271367086,0.0,1.0,-0.36029320412472865,-0.049850448654031876,-1.055484563332254,0.043698824242022205,0.01968137795598235,-0.09354927289605408,-0.1939407755163436,-0.2421307506053405,0.0,-0.049850448654031876,0.9135454576426008,-0.40673664307580043,0.0,2026-09-25 14:25:00,-1,3.7474946320929323,1.2474946320929325,3.7474946320929323,-0.12383117206982122,0.012468827930178783,0.12467273407305822,315,TIMEOUT,-0.13453535043333548
0.12492192379762734,-0.01247504990020687,-0.049881531363005216,0.13115944874773078,0.18714909544603867,0.08733624454149039,1.0,0.0,0.09981285090454829,2.8355194826010646,3.093497634869167,0.0,0.0,-0.19922799153281323,0.12492192379762734,-1.1022653730991427,-0.004970963091666114,0.008646330497330545,0.12989288688929346,-0.05852786186033576,-0.08116883116883189,0.0,0.12492192379762734,0.8712138111201896,-0.4909037536151406,0.0,2026-09-25 14:34:00,1,5.409535715430586,5.409535715430586,2.4095357154305854,0.1137,0.25,0.28710523030832036,323,TARGET,-0.1581022349534016
-0.11194029850746245,-0.09951486503295692,-0.1367818950509858,-0.06218286599098399,0.112065745237203,-0.112065745237203,0.0,0.0,0.0,2.363634761307346,1.5207236089834915,0.0,1.0,-0.14919806042520412,-0.04978220286246948,-0.8729930021942889,-0.0051917598118844666,0.0017307064094529423,-0.10674853869557799,-0.13851260146043876,0.0,0.0,-0.11194029850746245,0.6691306063588589,-0.7431448254773936,0.0,2026-09-25 15:05:00,-1,4.374324742761612,1.0743247427616114,4.374324742761612,-0.2109454341875924,-0.0746454341875924,0.012450199203190081,352,THESIS_FAILURE,-0.1357279129923172
0.04975743251647291,0.0746547219111493,0.08710801393727596,0.01243007156089826,0.07459903021259594,0.049732686808402,1.0,0.0,0.02486634340419393,3.7316279448866836,1.345920238807951,0.0,0.0,0.0,0.14942099364960715,-0.7148535550256407,-0.0077868143277370905,0.021419994158189404,0.05754424684421,0.06568801977908656,0.08190008190007703,0.0,0.04975743251647291,0.6211477802783114,-0.783693457325839,0.0,2026-09-25 15:11:00,1,2.9456641074635783,2.9456641074635783,1.8456641074635778,-0.21090830639144378,-0.07460830639144378,0.09947774185525424,361,TIMEOUT,-0.13694685514081156
-0.1878172588832494,-0.2738753360044588,-0.34463534539557195,-0.05087959088102001,0.2949702486904257,-0.21359914560342566,0.2413793103448107,0.010171387885867777,0.07119971520113226,2.9787184702888965,2.002027455015744,0.0,1.0,-0.5915065722952528,-0.1878172588832494,-2.296056491857945,0.007808500854600275,-0.03447296474001771,-0.19562575973784968,-0.31016238065555424,-0.15847860538826808,0.0,-0.1878172588832494,-0.7771459614569713,0.6293203910498368,0.0,2026-09-25 09:50:00,-1,7.129207513415978,2.029207513415978,7.129207513415978,0.1137,0.25,0.26954177897574183,38,TARGET,-0.15796243049784808
0.2218189151038441,0.3888299752562885,0.46492823933697025,0.027403927475699863,0.2515090543259557,0.2515090543259557,1.0,0.0,0.0,1.5592872224157968,1.8988897447951432,1.0,0.0,0.2218189151038441,1.1704834605598124,-1.1557530347378608,0.046568749553266287,0.08450557736809916,0.17525016555057782,0.3804226619688711,-0.23980815347721673,0.0,0.2218189151038441,-0.6454576877239506,0.7637960286346421,0.0,2026-09-25 10:08:00,1,5.902108357486504,5.902108357486504,0.8021083574865027,-0.2363,-0.1,0.21625427479380746,55,HARD_STOP,-0.08054348018570541
0.32706048103048335,0.17584405144694948,0.2967806841046139,0.2391384553070086,0.3560860624906003,0.3009177992878251,0.9014084507041961,0.03510707658359075,0.020061186619184535,2.208218835360569,2.616939291706997,1.0,0.0,0.060219802278305146,1.2131979695431339,-0.845447707620417,-0.0064944483290863,0.0010824900735562082,0.33355492935956965,0.2956981940310577,-0.08000000000000229,0.0,0.32706048103048335,-0.6211477802783106,0.7836934573258396,0.0,2026-09-25 10:11:00,1,6.982143040716462,6.982143040716462,1.8821430407164619,0.1137,0.25,0.26583738777148075,57,TARGET,-0.20831308350376307
0.10505778177998248,0.1902663729220988,0.3560860624906015,0.009924595318933083,0.2998500749625159,0.07496251874063252,0.33333333333331755,0.19990004997501534,0.02498750624686804,5.4703942550098725,1.322309607552811,1.0,0.0,0.0850297604161332,1.2498102514800324,-0.4829184692023092,-0.0021643990978814642,0.023598028157412188,0.10722218087786395,0.3324880343331893,0.32102728731941976,0.0,0.10505778177998248,-0.5962248749656162,0.8028174751911142,0.0,2026-09-25 10:14:00,1,4.235039323398765,4.235039323398765,1.8350393233987647,0.1137,0.25,0.46971816909853975,63,TARGET,-0.2116004404223494
0.2195389681668658,0.22954091816367317,0.37479386337513354,0.10476850908502922,0.4281589166583758,0.189186498058361,0.7674418604651332,0.09957184108333596,0.13940057751667884,2.2645437862841815,2.3904381267082493,1.0,0.0,0.17955112219452118,1.2909732728189516,-0.10119832794455164,-0.029001064815203925,-0.02164417836534316,0.24854003298206973,0.3964380417404767,0.1602564102564097,0.0,0.2195389681668658,-0.5620833778521309,0.8270805742745616,0.0,2026-09-25 10:18:00,1,6.911196239475013,6.911196239475013,1.811196239475012,0.1137,0.25,0.3334826539246508,64,TARGET,-0.18950115558303796
0.3840782122905173,0.38908564872548457,0.32402791625125715,0.18953538792777502,0.4124223602484393,0.40745341614906494,0.9879518072289264,0.004968944099374363,0.0,1.5298706689271577,2.2429460261625995,0.0,0.0,-0.27254707631318986,0.4943573354639019,0.09342623544501549,0.002165871070025638,-0.01126101738960772,0.38191234122049167,0.3352889336408649,0.07949125596184992,0.0,0.3840782122905173,-0.45399049973954697,0.8910065241883678,0.0,2026-09-25 10:30:00,1,5.940754579683107,5.940754579683107,0.9407545796831065,0.1137,0.25,0.3825896849846021,76,TARGET,-0.14852068057043624
0.2626492888646581,0.2626492888646581,0.267618198037467,0.13132464443232905,0.3015025701858509,0.23724792408065923,0.8688524590163759,0.0395413206801169,0.02471332542507482,6.279167039465247,2.982206621876162,1.0,0.0,0.2080237741456159,0.4568023833167789,0.6127664249045095,0.013661676179221871,0.009757959242095993,0.24898761268543623,0.257860238795371,-0.1577287066246047,0.0,0.2626492888646581,-0.2181432413965433,0.9759167619387472,0.0,2026-09-25 10:54:00,1,8.081992979844273,8.081992979844273,2.181992979844273,-0.2363,-0.1,0.059311981020168325,101,HARD_STOP,-0.09415935444740896
0.14837529056828114,0.21776787923781793,0.22272817263908617,0.03949135094937217,0.1580324954318698,0.14815546446738673,0.9687500000000278,0.0049385154822415445,0.0049385154822415445,2.438584047747907,1.4871205503522356,1.0,0.0,0.08897236913647522,0.43648628540251533,0.6887801506576752,0.00584806721379838,0.028163643768897018,0.14252722335448276,0.19456452887018916,0.0,0.0,0.14837529056828114,-0.09410831331851491,0.99556196460308,0.0,2026-09-25 11:06:00,1,7.000425473919856,7.000425473919856,1.100425473919855,-0.08197632969530991,0.0543236703046901,0.10370882512715668,116,TIMEOUT,-0.15838146851093735
0.16790123456791317,0.14317452480867576,0.20253914933556771,0.09631397216357529,0.17254979294024567,0.14789982252021858,0.971428571428597,0.004929994084002615,0.019719976336024472,1.898435768396246,2.3983679849790756,1.0,0.0,0.06906758756783926,0.32644178454841466,0.8528377498000506,0.003680912519876678,0.03378795459418882,0.1642203220480365,0.1687511947413789,0.1607717041800738,0.0,0.16790123456791317,0.010471784116245785,0.9999451693655121,0.0,2026-09-25 11:16:00,1,7.11340526585852,7.11340526585852,1.2134052658585195,-0.2363,-0.1,0.029588716835981004,123,HARD_STOP,-0.17029981215556314
-0.14330187280723328,-0.2074074074074006,-0.22218930528810077,-0.039598169103532976,0.21773555027711683,-0.15835312747426422,0.2727272727272845,0.0,0.0593824228028526,5.206498867391451,4.184316438265125,0.0,1.0,-0.3795908306630458,-0.12356051994266704,0.47084153712744214,0.013421046365391653,0.017534668854546354,-0.15672291917262493,-0.23972397414264712,-0.40160642570280514,0.0,-0.14330187280723328,0.06279051952931278,0.9980267284282716,0.0,2026-09-25 11:21:00,-1,7.7,2.6,7.7,-0.2363,-0.1,0.014849279809929781,127,HARD_STOP,-0.14542911240014517
-0.019798059790132605,-0.07420232500618962,-0.09891196834816984,0.017303102712962204,0.17821782178217088,-0.01980198019801586,0.6388888888888867,0.044554455445546245,0.1138613861386088,7.897153507007944,3.6227188872059366,0.0,0.0,-0.27153789187855937,0.019805902158842592,0.42652363436943563,-0.006716164073738984,0.002383371864511652,-0.013081895716393621,-0.1012953402126815,-0.23942537909017458,0.0,-0.019798059790132605,0.146083028562412,0.9892723329629882,0.0,2026-09-25 11:29:00,-1,3.1,2.2,3.1,-0.2363,-0.1,0.03465346534653128,135,HARD_STOP,-0.12750666259457502
0.10886777513856583,0.05935305173607741,0.03956087429533017,0.07919124927052712,0.12357884330202668,0.10874938210578293,1.0,0.0,0.014829461196243763,7.640351084172019,3.713571842999846,0.0,0.0,-0.054345141050338164,0.12373174956694655,0.5692848610304946,-0.006066685877825773,-0.022313111444238753,0.1149344610163916,0.061873985739568926,0.1602564102564097,0.0,0.10886777513856583,0.4632960351198617,0.8862035792312147,0.0,2026-09-25 12:01:00,1,4.5,4.5,2.6,-0.2363,-0.1,0.034602076124564105,169,HARD_STOP,-0.15277822351086073
-0.03465003465004113,-0.024752475247535877,-0.06927606511950568,-0.02227379702627319,0.09408269373607217,-0.05446892795247024,0.21052631578943432,0.01980688289180096,0.01980688289180096,1.969967350393914,2.3359119635930354,0.0,1.0,-0.16314020170061783,-0.024752475247535877,0.391569253272106,-0.019068586237669383,-0.038129901642181,-0.015581448412371746,-0.031146163477324684,0.0,0.0,-0.03465003465004113,0.6454576877239503,0.7637960286346425,0.0,2026-09-25 12:22:00,-1,3.3246424263335186,1.2246424263335185,3.3246424263335186,-0.22534719501334757,-0.08904719501334757,0.05941770647653225,192,TIMEOUT,-0.12927003068068854
-0.06925550333911623,-0.06431186306520287,-0.044532409698172515,-0.0370995718065148,0.094054749764862,-0.06930349982674858,0.052631578947321185,0.019800999950493562,0.004950249987619873,5.389231549703151,1.508742674438391,0.0,0.0,-0.08902517434097312,0.08422512881489652,0.4198739328133083,0.006282223473852433,0.020149234329092103,-0.07553772681296866,-0.06468164402726462,-0.08000000000000229,0.0,-0.06925550333911623,0.6996633405133651,0.7144726796328037,0.0,2026-09-25 12:29:00,-1,3.8189342034972764,1.918934203497276,3.8189342034972764,-0.12145219005197352,0.01484780994802648,0.039588281868573084,199,TIMEOUT,-0.16834484572484953
0.08928571428572507,-0.029726516052319685,0.0,0.10414897231188491,0.11894142134997555,0.05947071067499482,0.7083333333333383,0.03469124789374228,0.02477946278123845,6.768935609843594,2.502658366639198,0.0,0.0,-0.08417925229016188,0.08928571428572507,0.3032802515027688,-0.0065061949819922305,-0.020600046838004094,0.0957919092677173,0.020600046838004094,0.0,0.0,0.08928571428572507,0.8151277957285537,0.5792811723426796,0.0,2026-09-25 12:46:00,1,3.466196264987639,3.466196264987639,2.366196264987639,-0.2363,-0.1,0.02973535533749741,216,HARD_STOP,-0.16897982064605407
-0.14382067050188185,-0.12400793650794162,-0.16857553671476566,-0.08181670224791104,0.1489942885522778,-0.1440278122671925,0.0,0.004966476285085337,0.0,1.7164207891107688,3.7429355136287197,0.0,1.0,-0.2477086945751772,-0.09427408951077076,0.08894575469455823,-0.01171605490056793,-0.014102322110054466,-0.13210461560131392,-0.1544732146047112,0.1577287066246047,0.0,-0.14382067050188185,0.8607420270039436,0.5090414157503712,0.0,2026-09-25 12:54:00,-1,5.794031434010924,1.3940314340109228,5.794031434010924,-0.12636606069638093,0.009933939303619077,0.24832381425378697,224,TIMEOUT,-0.12725633628288824
-0.06464124111184022,-0.16888535664614235,-0.18375962254780775,0.019801437211230954,0.12439048661558363,-0.034829336252374166,0.5199999999999818,0.024878097323108247,0.06468305304010123,2.7769741146102156,2.082616436887401,0.0,1.0,-0.42608006341657845,-0.05470187478244792,-0.09492520015489392,0.006296436217079204,-0.053162403548212556,-0.07093767732891942,-0.1305972189995952,0.0,0.0,-0.06464124111184022,0.8763066800438631,0.48175367410171616,0.0,2026-09-25 12:57:00,-1,4.354513159634949,1.9545131596349492,4.354513159634949,-0.2363,-0.1,0.024878097323108247,223,HARD_STOP,-0.14420833421502247
0.1983733386232922,0.24311585214586984,0.21825396825396748,0.07681541255035729,0.27717283706196905,0.20293011284893914,0.7321428571428481,0.07424272421302994,0.0,18.443187738409147,5.544425094987146,1.0,0.0,0.17850059500197357,0.28292053407454887,0.4293796145231177,0.0026042796996250672,0.008247351081047682,0.19576905892366714,0.2100066171729198,-0.23566378633150808,0.0,0.1983733386232922,0.968583161128631,0.2486898871648554,0.0,2026-09-25 13:21:00,1,8.1,8.1,2.2,0.07649754540506346,0.21279754540506346,0.21279754540506102,251,TIMEOUT,-0.13047170613596637
0.11383320960158816,0.13861386138613874,0.11878835874084004,0.04452627890851879,0.1779711291279482,0.0889855645639741,0.6666666666666666,0.059323709709316066,0.029661854854658033,16.955162099169492,2.977471575150904,1.0,0.0,0.04451258717048656,0.3671727696735294,0.5461219324700783,-0.028646579338009737,-0.02951440129168592,0.1424797889395979,0.14830276003252596,0.07849293563579884,0.0,0.11383320960158816,0.9759167619387474,0.2181432413965425,0.0,2026-09-25 13:24:00,1,5.079862208817906,5.079862208817906,2.579862208817907,-0.02257935723115581,0.1137206427688442,0.168108776266998,254,TIMEOUT,-0.10424461277020493
-0.0642546461051774,-0.05931491275764644,-0.054374691052894164,-0.03459718972635417,0.08902517434096979,-0.08407933132203171,0.05555555555550292,0.0,0.00494584301893808,3.6765179200043483,1.2401868960055369,0.0,0.0,-0.15308641975309012,0.06433732554687044,0.4962440650686961,-0.003255024673087803,0.011068669155300803,-0.06099962143208959,-0.06544336020819497,-0.07849293563578774,0.0,-0.0642546461051774,0.9991228300988584,0.0418756537291991,0.0,2026-09-25 13:41:00,-1,4.098084103202492,1.3980841032024915,4.098084103202492,-0.2054767961260914,-0.0691767961260914,0.004944620253174113,268,THESIS_FAILURE,-0.15716753708787198
0.059294396679510086,0.12360939431397266,0.15332113358721422,-0.002510300477476246,0.14814814814815375,0.0592592592592615,0.5,0.07407407407407687,0.014814814814815376,14.56659351898578,4.9699436442406535,0.0,0.0,0.0,0.2177571018509239,0.6468545780974999,0.004773880796204999,0.011284452845106152,0.05452051588330509,0.14203668074210807,-0.07855459544383603,0.0,0.059294396679510086,0.9999451693655121,0.010471784116246337,0.0,2026-09-25 13:44:00,1,3.8000000000000003,3.8000000000000003,2.2,-0.1363,0.0,0.04938271604937991,274,TIMEOUT,-0.1295041246982359
0.16787636399546724,0.2223100484141982,0.2520260921130557,0.05672133978836813,0.18731207177009684,0.15773648149060637,0.9210526315789435,0.014787795139745223,0.014787795139745223,6.073564753950956,6.981956407415658,1.0,0.0,0.15798568254752343,0.326393353444443,0.8253972229947282,0.11295050123139028,0.1700647070179917,0.05492586276407696,0.08196138509506401,-0.877192982456132,0.0,0.16787636399546724,0.9876883405951379,-0.15643446504022968,0.0,2026-09-25 14:00:00,1,8.1,8.1,2.2,-0.2363,-0.1,0.03450315457412913,287,HARD_STOP,-0.16227702421807066
0.24172463124660926,0.17254128666501778,0.1626657465371828,0.15545398791410037,0.31003937007875193,0.2066929133858206,0.7936507936507635,0.06397637795276766,0.03937007874016364,12.561512890142371,12.423961284486259,1.0,0.0,0.12318305001230989,0.48959003016664226,0.9830637453008828,0.2550335570469908,0.2800004331019901,-0.013308925800381566,-0.11733468656480728,-1.692183722804197,0.0,0.24172463124660926,0.9822872507286886,-0.18738131458572502,0.0,2026-09-25 14:03:00,1,6.2,6.2,2.7,-0.2363,-0.1,0.07871304176710611,290,HARD_STOP,-0.11456975190244446
0.17757608642037237,0.10844383102479593,0.1924025653675443,0.1233541709079744,0.26589196907774487,0.15264168595204208,0.7037037037037056,0.07878280565266463,0.034467477473038154,7.409921841991383,3.2794738921142894,0.0,0.0,-0.09838162231294856,0.2270147559591429,0.9190021794649894,0.009731413001157208,0.03763863021344349,0.16784467341921516,0.1547639351541008,0.08045052292839916,0.0,0.17757608642037237,0.9477684100095854,-0.3189593092980707,0.0,2026-09-25 14:16:00,1,6.4,6.4,2.2,-0.2363,-0.1,0.05414984739589133,305,HARD_STOP,-0.13962383538571535
0.192118226600968,0.20199034387624604,0.16251354279521735,0.09112305466284498,0.21633315305570466,0.1966665027779032,1.0,0.0,0.019666650277801498,3.3326259472163815,2.5503665403702627,1.0,0.0,0.0688806888068827,0.33545459030139835,1.0634848143996622,0.043698824242022205,0.01968137795598235,0.1484194023589458,0.142832164839235,-0.2421307506053405,0.0,0.192118226600968,0.9135454576426008,-0.40673664307580043,0.0,2026-09-25 14:25:00,1,7.187664943166619,7.187664943166619,1.9876649431666182,-0.05270029505777232,0.08359970494222768,0.12294074256208506,315,TIMEOUT,-0.08068011549256625
-0.10343299019849317,-0.10835303388494477,-0.06405518600640647,-0.04925647325602078,0.10354008480426387,-0.10354008480426387,0.0,0.0,0.0,11.513278474079375,1.5795934192943168,0.0,1.0,-0.18700787401574326,-0.03942828979793811,0.7554440777960858,-0.036543068925853905,-0.01730182382850831,-0.06688992127263926,-0.04675336217789816,-0.08176614881438837,0.0,-0.10343299019849317,0.7071067811865483,-0.7071067811865467,0.0,2026-09-25 15:00:00,-1,4.350817038682443,1.5508170386824425,4.350817038682443,-0.18064371304691265,-0.04434371304691265,0.06408044560555798,350,TIMEOUT,-0.14312414192625944
-0.04440059200787605,-0.11831402514171918,-0.16260963831673525,0.014756420562983541,0.11351858249839088,-0.04442031489066432,0.2608695652174128,0.03948472434727432,0.029613543260452235,5.86462336397563,2.2566122360920424,0.0,1.0,-0.23143588733504084,-0.04440059200787605,0.6425701497030145,-0.005841816588592064,-0.048877123775903364,-0.038558775419283986,-0.11373251454083189,-0.08190008190009923,0.0,-0.04440059200787605,0.6374239897486911,-0.7705132427757881,0.0,2026-09-25 15:09:00,-1,4.455475506241419,1.855475506241419,4.455475506241419,-0.1609657786986404,-0.024665778698640395,0.07894996545938844,359,TIMEOUT,-0.14429024524896433
0.08390089823313573,0.0690846286701241,0.10366275051829632,0.04935858389807368,0.16766112727452212,0.14300507914591057,0.8529411764705562,0.024656048128611555,0.0,3.3436711804326866,3.5522079996958498,0.0,0.0,-0.13788348845226173,0.1432098765432155,0.7253667333485536,0.007786831170686348,0.0075705139297443935,0.07611406706244939,0.09609223658855193,-0.08203445447088065,0.0,0.08390089823313573,0.6045991148623755,-0.7965299180241958,0.0,2026-09-25 15:13:00,1,5.4,5.4,2.2,-0.2363,-0.1,0.004930237144402162,359,HARD_STOP,-0.11269739540530539
0.1002585615534679,0.1002585615534679,0.1002585615534679,0.05012928077673395,0.21085925144966036,0.10015814443858605,0.9499999999999751,0.010542962572488261,0.10015814443858605,2.3256984037152515,1.5904943311662485,0.0,0.0,0.015816945220636924,0.20601130421000757,0.01676321483690124,0.016670347132907715,0.08058873100911246,0.08358821442056019,0.01966983054435545,0.1602564102564097,0.0,0.1002585615534679,-0.6374239897486896,0.7705132427757894,0.0,2026-09-25 10:09:00,1,3.7848565710682,3.7848565710682,1.0848565710682,0.1137,0.25,0.3850007910975105,56,TARGET,-0.16259871405101742
-0.15878056525882034,-0.14821088291340212,-0.15878056525882034,-0.08467512380211928,0.20144189991517994,-0.15903307888041315,0.052631578947321185,0.03180661577608263,0.010602205258684168,13.338040396036648,3.6342399109105297,0.0,1.0,-0.3749669923422294,-0.13763896241398843,-0.5363559732882273,-0.009321907132131546,-0.06673253254294575,-0.1494586581266888,-0.09204803271587458,0.07898894154818592,0.0,-0.15878056525882034,-0.40673664307580015,0.913545457642601,0.0,2026-09-25 10:35:00,-1,7.4,2.2,7.4,-0.2363,-0.1,0.01590330788802625,81,HARD_STOP,-0.16691527107096138
0.10594342621039754,0.12715905478435374,0.1324643670852499,0.04236389881822067,0.15874695734999014,0.10583130489998341,0.7666666666666035,0.037040956715007727,0.015874695734999014,2.506849147075776,7.455223466271944,1.0,0.0,0.08473678635738668,0.201484623541881,-0.35047749661185623,0.06026329423443055,0.06720473815082784,0.04568013197596699,0.06525962893442205,-0.23923444976076125,0.0,0.10594342621039754,-0.13571557243430415,0.9907478404714436,0.0,2026-09-25 11:02:00,1,5.428767030891677,5.428767030891677,1.8287670308916768,-0.2363,-0.1,0.05291565245000674,110,HARD_STOP,-0.161112473952982
0.058238034731061816,0.10063559322033289,0.11654394236371157,0.007920238120895373,0.09524313455737256,0.0582041377850752,0.8888888888889767,0.010582570506366374,0.026456426265930973,2.146038483765434,1.7187286916911584,1.0,0.0,0.0317577938919289,0.1536830948595691,-0.3426742395039484,0.003681048016024313,0.013209724956197988,0.0545569867150375,0.10333421740751358,-0.24057738572574872,0.0,0.058238034731061816,-2.4492935982947064e-16,1.0,0.0,2026-09-25 11:15:00,1,4.34374907733201,4.34374907733201,1.04374907733201,-0.07808045940509403,0.05821954059490597,0.13231713771567694,125,TIMEOUT,-0.13026373021947044
-0.11106409985192078,-0.13747158039443264,-0.10578092769872871,-0.042328309654704466,0.12177688357070458,-0.0847143537883182,0.173913043478234,0.015883941335310604,0.021178588447075788,4.353521734025677,2.4817191606472364,0.0,0.0,-0.20079260237780838,0.05827505827507018,-0.4033380561779154,-0.06103830045128822,-0.06493183239795197,-0.050025799400632565,-0.04084909530077674,0.4823151125401992,0.0,-0.11106409985192078,0.09410831331851353,0.9955619646030801,0.0,2026-09-25 11:24:00,-1,4.656773622291257,1.9567736222912564,4.656773622291257,-0.13100507254051288,0.00529492745948712,0.13236617779425003,134,TIMEOUT,-0.15322466673774315
0.14820303816227565,0.15350412873174069,0.13760254035459774,0.0714509737964053,0.14269858886951547,0.12155805718514782,1.0,0.0,0.021140531684367657,5.305224168925488,2.4331374841497904,1.0,0.0,0.08992805755396738,0.23308788472744535,-0.2198765939847136,-0.009529564390620138,-0.001949376849208484,0.15773260255289578,0.13955191720380622,-0.0802568218298716,0.0,0.14820303816227565,0.2890317969444709,0.9573194975320675,0.0,2026-09-25 11:43:00,1,6.734911867867407,6.734911867867407,2.3349118678674055,-0.2363,-0.1,0.05284015852047256,150,HARD_STOP,-0.157137189593581
-0.0529520783690729,0.0,-0.06882676831850842,-0.0529520783690729,0.09536423841059964,-0.052980132450328114,0.16666666666666666,0.026490066225171586,0.01589403973509994,1.2709939778832553,1.2559100746100178,0.0,0.0,-0.3168735146554025,0.0,-0.4603910867115202,-0.008229151552829883,0.002382375618337207,-0.044722926816243014,-0.07120914393684563,0.0,0.0,-0.0529520783690729,0.38751558645210205,0.921863151588501,0.0,2026-09-25 11:53:00,-1,3.0542062214102983,0.35420622141029845,3.0542062214102983,0.1137,0.25,0.26490066225165565,163,TARGET,-0.12417472593431556
-0.07950389569088001,-0.12185430463576008,-0.12185430463576008,-0.01857674337299997,0.10608953957139222,-0.09548058561424697,0.10000000000005685,0.0,0.010608953957145253,4.066803837763997,1.743221696053996,0.0,1.0,-0.269798444691316,-0.06891068115557619,-0.5803596439924785,0.0036821642461770665,-0.0071469565876558505,-0.08318605993705708,-0.11470734804810423,-0.16051364365972098,0.0,-0.07950389569088001,0.4162807922604009,0.9092361090470686,0.0,2026-09-25 11:56:00,-1,4.524449763224298,2.024449763224298,4.524449763224298,0.02308795027097274,0.15938795027097274,0.21748355612136464,166,TIMEOUT,-0.15603373283229596
0.10092425369170321,0.07966011683482321,0.07434549413201097,0.06109419527429161,0.14327407800478123,0.13266118333775537,0.9259259259258908,0.01061289466702586,0.0,3.146720020776837,5.566989278762553,0.0,0.0,-0.11131135375809231,0.12219742854107096,-0.6002993031320569,0.013651344657428233,0.016252023376917002,0.08727290903427498,0.05809347075509397,-0.07980845969672856,0.0,0.10092425369170321,0.6768759696826612,0.736097087119734,0.0,2026-09-25 12:26:00,1,4.880696011427261,4.880696011427261,2.18069601142726,-0.10976776333244645,0.026532236667553555,0.0902096046696821,196,TIMEOUT,-0.15797364225143365
-0.05317451877060453,-0.07442849548111585,-0.09036304682931151,-0.015960271030046602,0.10640561821663579,-0.031921685464993764,0.5,0.021281123643324133,0.05320280910831789,7.024807061716488,2.04035692352296,0.0,1.0,-0.20176276945949034,-0.03191149877672661,-0.8473450821061324,-0.01171605490056793,-0.014102322110054466,-0.0414584638700366,-0.07626072471925704,0.1577287066246047,0.0,-0.05317451877060453,0.8607420270039436,0.5090414157503712,0.0,2026-09-25 12:54:00,-1,3.7581606155853318,1.7581606155853318,3.7581606155853318,-0.06708847894372175,0.06921152105627826,0.18620983187912019,224,TIMEOUT,-0.13430424926700593
-0.026633995632019403,-0.11708355508248669,-0.1489678655033022,0.03190778190922394,0.10123614663256485,-0.021312872975272824,0.36842105263154745,0.042625745950560796,0.03729752770673123,3.2820244046751057,1.705712122755991,0.0,0.0,-0.3398470688190214,-0.015982100047950976,-0.9903786422353789,0.006296436217079204,-0.053162403548212556,-0.03293043184909861,-0.09580546195508965,0.0,0.0,-0.026633995632019403,0.8763066800438631,0.48175367410171616,0.0,2026-09-25 12:57:00,1,2.807570455240196,2.807570455240196,2.1075704552401957,0.007561892583108104,0.1438618925831081,0.1705029838022129,227,TIMEOUT,-0.15218956522101865
0.09082166898173316,0.05340453938584844,0.06943702595876289,0.06411939928880894,0.18147851614625216,0.10675206832131766,1.0,0.0,0.0747264478249345,3.831345139297879,7.03692964264153,0.0,0.0,-0.07467064910129384,0.12291577597263181,-1.129263881441378,0.016274558308482234,-0.007159127888067829,0.07454711067325093,0.07659615384683072,0.07861635220125507,0.0,0.09082166898173316,0.9980267284282716,-0.06279051952931271,0.0,2026-09-25 13:51:00,1,4.9,4.9,2.2,-0.0402333938197105,0.0960666061802895,0.09606660618028864,281,TIMEOUT,-0.15408502094258789
0.36750998668442225,0.3461313168965363,0.3888977678333516,0.1944443282361541,0.4669921460411929,0.33432392273402434,0.806818181818169,0.09021439184887281,0.042453831458295746,13.620166306627604,8.748643765099951,1.0,0.0,0.2873869079297542,0.6462639534262626,-0.5400030458000082,0.2550335570469908,0.2800004331019901,0.11247642963743143,0.10889733473136154,-1.692183722804197,0.0,0.36750998668442225,0.9822872507286886,-0.18738131458572502,0.0,2026-09-25 14:03:00,1,8.1,8.1,2.2,-0.08852929936304901,0.04777070063695099,0.2494692144373667,293,TIMEOUT,-0.17565173761296554
-0.05838021441459951,-0.031852205765248165,-0.06898747611971956,-0.042454111531975425,0.12213902607403652,-0.09558706388402465,0.21739130434785833,0.0,0.02655196219001188,7.253180260480794,1.5693993656997898,0.0,0.0,-0.09549578226961675,0.10632076976235805,-0.5913330502252068,-0.00410683831809644,0.04606291805342444,-0.05427337609650307,-0.115050394173144,-0.08110300081103361,0.0,-0.05838021441459951,0.8862035792312147,-0.46329603511986167,0.0,2026-09-25 14:31:00,-1,4.7462297145649055,1.5462297145649053,4.7462297145649055,-0.10443256851497798,0.031867431485022024,0.12742911755336578,321,TIMEOUT,-0.14409572051174682
0.32975215402615277,0.2817500398702766,0.297745640153102,0.18887713409101448,0.3127650551314541,0.3021628498727699,1.0,0.0,0.010602205258684168,22.44289277709787,7.673908791062862,1.0,0.0,0.18056293149228964,0.32975215402615277,-0.3968670122152407,0.012760012284207534,-0.02464571780653735,0.31699214174194523,0.32239135795963936,0.08163265306122547,0.0,0.32975215402615277,0.815127795728554,-0.5792811723426791,0.0,2026-09-25 14:44:00,1,8.1,8.1,2.2,-0.2363,-0.1,0.042393089926333574,332,HARD_STOP,-0.15986683216316105
-0.14337298215801875,-0.15397685037696895,-0.13276686139139793,-0.06638455696953427,0.1914384472214909,-0.14889657006115453,0.11111111111116374,0.021270938580160617,0.02127093858017573,10.128467527628036,3.810488147465597,0.0,0.0,-0.39196991366067246,0.015955749388374407,-0.6873178086125864,0.003244211245734263,0.0279070974887885,-0.146617193403753,-0.16067395888018643,-0.16273393002440573,0.0,-0.14337298215801875,0.7569950556517566,-0.6534206039901053,0.0,2026-09-25 14:53:00,-1,6.1,2.6,6.1,-0.15225065929391737,-0.01595065929391737,0.03190640787024848,343,TIMEOUT,-0.13934330094679
0.053160384881190126,0.06911952360697526,0.13833466347434875,0.018600623077702494,0.10626427926251984,0.037192497741895536,0.5,0.05313213963125992,0.01593964188936439,6.982535858616605,1.4270769159638188,1.0,0.0,0.026573129251716843,0.14366287112907994,-0.5655321623425413,0.007571103477510555,0.03483657104279558,0.04558928140367957,0.10349809243155317,-0.24549918166940632,0.0,0.053160384881190126,0.6129070536529766,-0.7901550123756903,0.0,2026-09-25 15:12:00,1,3.9821846121837186,3.9821846121837186,1.4821846121837183,-0.2363,-0.1,0.0,358,HARD_STOP,-0.1568742448619426
-0.3132870569445223,-0.35001535155050334,-0.43560954659795925,-0.13827938116927063,0.425191027853092,-0.3142716292827156,0.10144927536230929,0.06778407690412475,0.043135321666251655,11.585459719713851,7.107395843995673,0.0,1.0,-0.6732770228914164,-0.30716304214276624,-1.1028007722808542,0.007808500854600275,-0.03447296474001771,-0.3210955577991226,-0.40113658185794154,-0.15847860538826808,0.0,-0.3132870569445223,-0.7771459614569713,0.6293203910498368,0.0,2026-09-25 09:50:00,-1,7.7,2.6,7.7,-0.2363,-0.1,0.036975411351452686,36,HARD_STOP,-0.13528302615247567
0.024607812980614874,-0.01844791538556656,-0.09831029185867202,0.033831770673398154,0.12915923488529918,0.018451319269328456,0.6666666666667118,0.0430530782950939,0.06765483732087682,4.515258355720189,1.834774632464775,0.0,0.0,-0.1289926289926302,0.0553846153846127,-0.882377228769704,0.002165871070025638,-0.01126101738960772,0.022441941910589236,-0.0870492744690643,0.07949125596184992,0.0,0.024607812980614874,-0.45399049973954697,0.8910065241883678,0.0,2026-09-25 10:30:00,1,2.8656485846091484,2.8656485846091484,2.1656485846091487,-0.2363,-0.1,0.0861061565901878,76,HARD_STOP,-0.15809125355600231
-0.27874132804756035,-0.40212818609253187,-0.5067671960941822,-0.07767723500129442,0.40375178582521004,-0.2857320330455181,0.18461538461539,0.04348096155042027,0.07453879122927172,41.612618432935626,9.946981040647655,0.0,1.0,-1.0996436908711105,-0.23548367106649426,-1.6978700344588704,0.023846273911298788,0.02579783601681651,-0.30258760195885914,-0.5325650321109987,0.07905138339920903,0.0,-0.27874132804756035,-0.38751558645210327,0.9218631515885004,0.0,2026-09-25 10:37:00,-1,7.7,2.6,7.7,-0.2363,-0.1,0.17391304347826156,83,HARD_STOP,-0.1781272138282103
0.04939796233405236,0.11121408711769476,0.19788510296208095,-0.006209081224795021,0.17897920138245513,0.0493735727951691,0.6551724137931136,0.06171696599394823,0.06788866259333778,1.3513607749812437,1.2598468070072346,1.0,0.0,0.030868008396112145,0.365460852329047,-1.0164339146011336,0.00584806721379838,0.028163643768897018,0.04354989512025398,0.16972145919318393,0.0,0.0,0.04939796233405236,-0.09410831331851491,0.99556196460308,0.0,2026-09-25 11:06:00,1,3.6001794893929397,3.6001794893929397,0.4001794893929397,-0.2363,-0.1,0.0740557886941524,116,HARD_STOP,-0.14313291334835065
0.11097410604192781,0.15419724912106858,0.17273288093768713,0.03387548148139352,0.1539598472718315,0.1108510900357229,1.0,0.0,0.04310875723610862,3.8157743532983095,1.6885799070501935,0.0,0.0,-0.043090181594329646,0.20364085158901535,-0.7560568677154489,-0.018846997045129932,-0.03833641612988048,0.12982110308705774,0.2110692970675676,-0.24057738572574872,0.0,0.11097410604192781,0.444635179184927,0.8957117602394131,0.0,2026-09-25 11:59:00,1,4.399860958172587,4.399860958172587,1.999860958172587,-0.06238561749307672,0.07391438250692328,0.1539882968894364,169,TIMEOUT,-0.13016717235441477
0.14782876501386877,0.0861803631886815,0.129326271708341,0.10473858341952802,0.18451319269326708,0.17836275293683007,0.9666666666666951,0.006150439756436992,0.0,10.724011227042654,2.6124265663092663,1.0,0.0,0.0861803631886815,0.33323048441837866,-0.6229321817186051,-0.007150456437476915,-0.010616976328481353,0.15497922145134568,0.13994324803682234,-0.08000000000000229,0.0,0.14782876501386877,0.4725507648690542,0.8813034520649922,0.0,2026-09-25 12:02:00,1,6.815591954839171,6.815591954839171,2.4155919548391696,-0.14245460364351561,-0.00615460364351561,0.006154603643537253,169,THESIS_FAILURE,-0.1605896585127256
0.1907809711366948,0.17228648781688616,0.1661231772595917,0.10463772722825171,0.22113022113022948,0.2088452088452109,1.0,0.0,0.012285012285018571,1.4091779697663969,4.042104286909584,1.0,0.0,0.12300123001232066,0.41324862764449133,-0.49237813101391525,0.031646598532542036,0.04010353214569662,0.15913437260415275,0.12601964511389507,-0.07993605115906854,0.0,0.1907809711366948,0.5358267949789967,0.8443279255020151,0.0,2026-09-25 12:09:00,1,6.425047883371519,6.425047883371519,1.2250478833715184,0.1137,0.25,0.26425762045231493,176,TARGET,-0.10250539708571164
0.05513016845328789,0.1103211571463536,0.14100913493959588,-3.0410119888912845e-05,0.23876576466267588,0.09795518550263045,0.8461538461538461,0.0367331945634886,0.10407738459655683,10.96265679526292,3.459886157844084,1.0,0.0,0.05513016845328789,0.5540507264220729,-0.1598495611671913,0.0004332642999038683,0.0023830001104840903,0.05469690415338402,0.1386261348291118,0.0,0.0,0.05513016845328789,0.596224874965615,0.8028174751911151,0.0,2026-09-25 12:16:00,1,5.5,5.5,2.2,-0.05054721303441281,0.08575278696558719,0.1470047776552794,186,TIMEOUT,-0.11487137997145228
-0.171400587659154,-0.22026431718060735,-0.21415896714189753,-0.06126842906885033,0.2452783909737587,-0.17169487368162933,0.1750000000000515,0.03065979887170894,0.042923718420420406,4.584966059823826,2.8071557988926332,0.0,0.0,-0.30566083873334593,0.04294215078830543,-0.31687136817246664,0.013651344657428233,0.016252023376917002,-0.18505193231658223,-0.23041099051881453,-0.07980845969672856,0.0,-0.171400587659154,0.6768759696826612,0.736097087119734,0.0,2026-09-25 12:26:00,-1,6.703220109501685,2.503220109501685,6.703220109501685,-0.2363,-0.1,0.0981595092024519,196,HARD_STOP,-0.12912115768973034
0.07968615912714583,0.09809331126233722,0.10423053341508393,0.030639503495977216,0.14087094996018237,0.1286213021375684,0.9130434782609448,0.012249647822613959,0.0,2.185977957532348,1.7854218449110546,1.0,0.0,0.02450529927098266,0.35650623885918886,-0.19288867117225328,0.016705139108252887,0.06120708178960488,0.06298102001889294,0.04302345162547905,-0.47281323877067516,0.0,0.07968615912714583,0.8957117602394128,0.4446351791849275,0.0,2026-09-25 13:01:00,1,4.695727706852766,4.695727706852766,1.095727706852766,-0.2363,-0.1,0.024500796275891502,227,HARD_STOP,-0.13213962657302386
-0.09788327419552045,-0.018367721790246705,0.006124073733859703,-0.0886994133003971,0.17758726270668734,-0.09185548071033511,0.34482758620695064,0.02449479485610561,0.06123698714024662,20.975586773744734,2.1253423046076305,0.0,0.0,-0.09788327419552045,0.27017069875967525,-0.172672133570817,0.010197550418200585,0.014971586532497305,-0.10808082461372104,-0.008847512798637602,-0.07880220646178104,0.0,-0.09788327419552045,0.9258705848099944,0.3778407868184681,0.0,2026-09-25 13:08:00,-1,3.296404037073434,2.1964040370734335,3.296404037073434,-0.2363,-0.1,0.04287376737920107,236,HARD_STOP,-0.1338672090360901
-0.1100580862121725,-0.00612070020810096,0.012243648607301871,-0.10699773610812202,0.15302687151863867,-0.11017934749342402,0.08000000000004093,0.030605374303717296,0.012242149721497356,1.5149337890665031,3.5883315584611992,0.0,0.0,-0.1100580862121725,0.14098320460955716,-0.12734773772369312,-0.003255024673087803,0.011068669155300803,-0.1068030615390847,0.0011749794520010681,-0.07849293563578774,0.0,-0.1100580862121725,0.9991228300988584,0.0418756537291991,0.0,2026-09-25 13:41:00,-1,3.983213583986577,1.2832135839865768,3.983213583986577,-0.1791317934283773,-0.042831793428377285,0.0061214495592674615,268,THESIS_FAILURE,-0.13168971642415114
0.12224938875307068,0.1712328767123239,0.2018719031015026,0.036632950396908726,0.16483516483517108,0.16483516483517108,1.0,0.0,0.0,1.8671997638157378,4.709123329705452,1.0,0.0,0.12224938875307068,0.29390154298312154,0.13573190547979674,0.005640757510350092,0.010414203237507635,0.11660863124272058,0.19145769986399497,-0.07861635220125507,0.0,0.12224938875307068,0.9945218953682734,-0.10452846326765287,0.0,2026-09-25 13:55:00,1,7.3769598700986565,7.3769598700986565,1.4769598700986557,0.1137,0.25,0.4519083969465704,285,TARGET,-0.1223101344151793
0.29879870723823476,0.3232692894175049,0.3171505245181727,0.13716406252948232,0.34654669260701704,0.3404669260700403,0.9824561403508439,0.006079766536976732,0.0,5.89231752579377,16.432218135092754,1.0,0.0,0.29268292682926855,0.6609547123622939,0.54975647881359,0.11295050123139028,0.1700647070179917,0.18584820600684449,0.14708581750018102,-0.877192982456132,0.0,0.29879870723823476,0.9876883405951379,-0.15643446504022968,0.0,2026-09-25 14:00:00,1,8.1,8.1,2.2,0.1137,0.25,0.3344684991486325,288,TARGET,-0.22366282745049496
0.17000607164541215,0.15176349177441484,0.30398832684825905,0.09412432575820473,0.21214692690024414,0.15759485998302272,0.971428571428518,0.006061340768589725,0.048490726148631653,2.7233903706342364,5.567606870277593,1.0,0.0,0.10922330097085098,0.9669522643818818,0.8506509716260657,0.2550335570469908,0.2800004331019901,-0.08502748540157867,0.023987893746268973,-1.692183722804197,0.0,0.17000607164541215,0.9822872507286886,-0.18738131458572502,0.0,2026-09-25 14:03:00,1,6.647864703848831,6.647864703848831,2.64786470384883,-0.2363,-0.1,0.07883565797452725,290,HARD_STOP,-0.15439967075441316
0.09101941747571285,0.11531925224568251,0.018190637885040495,0.03335979135287159,0.24856016974840658,0.09699909063352324,0.41463414634143636,0.1454986359502935,0.006062443164589818,3.294607819913799,7.070617962825036,0.0,0.0,-0.04847603466037187,0.677490234375,0.8277646067920141,-0.018798251546547906,-0.06997144992074711,0.10981766902226076,0.0881620878057876,-0.32284100080710587,0.0,0.09101941747571285,0.9735789028731604,-0.22835087011065533,0.0,2026-09-25 14:07:00,1,4.2,4.2,2.6,-0.2363,-0.1,0.006061340768589725,293,HARD_STOP,-0.1534448176849635
0.16350753951432928,0.3762592547639221,0.4738184910703547,-0.02462208786763176,0.3204353083434106,0.12696493349456345,0.6792452830188922,0.10278113663844467,0.09068923821040246,7.360853895674884,1.6074807904718356,1.0,0.0,0.12712633936680096,0.5899166818706947,1.0932501185912935,0.007570988836036463,-0.04929154217669929,0.15593655067829282,0.523110033247054,0.08077544426494665,0.0,0.16350753951432928,0.9542403285162768,-0.299040792256087,0.0,2026-09-25 14:14:00,1,5.863366355712326,5.863366355712326,1.563366355712326,-0.2363,-0.1,0.0483822195343287,300,HARD_STOP,-0.131695528646445
0.10887974836679692,0.1209921355111776,0.1209921355111776,0.048383680611208124,0.11480362537764213,0.10876132930514007,1.0,0.0,0.006042296072502057,18.248569678580406,1.7673292044901545,0.0,0.0,0.0,0.1694710083524953,1.0617689747215886,-0.005841816588592064,-0.048877123775903364,0.11472156495538899,0.16986925928708096,-0.08190008190009923,0.0,0.10887974836679692,0.6374239897486911,-0.7705132427757881,0.0,2026-09-25 15:09:00,1,4.43529814202057,4.43529814202057,2.0352981420205696,-0.10607938954365595,0.030220610456344055,0.03022061045633809,359,TIMEOUT,-0.15268728981602983
-0.1392871773863158,-0.11473528929684118,-0.122920593296727,-0.0819195327378952,0.16409583196586808,-0.14768624876927752,0.10000000000002274,0.0,0.016409583196590537,3.0717923457106098,2.1199494464985134,0.0,1.0,-0.24553936814536437,-0.032808398950134876,-0.7832903991025986,-0.05747687369186405,-0.053358089173072276,-0.08181030369445175,-0.06956250412365472,0.5537974683544222,0.0,-0.1392871773863158,-0.7637960286346424,0.6454576877239503,0.0,2026-09-25 09:52:00,-1,6.433463041065167,1.7334630410651664,6.433463041065167,-0.2363,-0.1,0.057428829272298414,41,HARD_STOP,-0.15253069752729476
0.0572972088074053,0.09826400262038515,0.049107873629083976,0.008165207497212723,0.1308900523560135,0.06544502617802535,0.8750000000001066,0.016361256544487734,0.04908376963350041,4.846950547493581,3.0782863279212345,1.0,0.0,0.03273322422259195,0.19672131147541183,-0.42248503599010556,-0.028374939080522132,-0.035520285548440445,0.08567214788792743,0.08462815917752442,0.15860428231564416,0.0,0.0572972088074053,-0.4352310993723273,0.9003187714021936,0.0,2026-09-25 10:32:00,1,5.1,5.1,2.6,-0.2363,-0.1,0.040903141361256536,79,HARD_STOP,-0.15343844081661517
0.0821085474997929,0.09854644000986124,0.09854644000986124,0.03283532749486229,0.12306177701206003,0.057428829272298414,0.6000000000000606,0.04922471080481656,0.01640823693494507,2.310570286934642,1.8706537981277274,0.0,0.0,-0.18016542461712914,0.13143842931078176,-0.6907927516049517,0.011492707551807868,0.04056152771632071,0.07061583994798504,0.057984912293540525,-0.1576044129235621,0.0,0.0821085474997929,-0.23853345757858122,0.971134279909636,0.0,2026-09-25 10:52:00,1,3.1026078669715305,3.1026078669715305,1.2026078669715305,-0.2363,-0.1,0.0,98,HARD_STOP,-0.13217979193579982
-0.09030457269517678,-0.11490479317137758,-0.09850599244787261,-0.032852176109487985,0.10682004930155749,-0.0986031224322141,0.07692307692300965,0.0,0.00821692686934339,1.6679444924967282,1.5767035833601961,0.0,1.0,-0.20500205002049743,-0.024644705495768804,-0.84036908001347,-0.027527549224448666,0.004770092388017844,-0.06277702347072811,-0.10327608483589046,0.07923930269415624,0.0,-0.09030457269517678,-0.18738131458572468,0.9822872507286887,0.0,2026-09-25 10:57:00,-1,4.816886083385289,0.7168860833852888,4.816886083385289,-0.18557322000494172,-0.04927322000494172,0.0,104,THESIS_FAILURE,-0.1651221667920096
0.14779538549962723,0.13957307060756818,0.16424406668309466,0.07800885019584314,0.1639747478888251,0.1639747478888251,1.0,0.0,0.0,2.752784885072019,3.143475717501188,0.0,0.0,0.016400164001639794,0.2300928589037632,-0.6142442603400466,0.06026329423443055,0.06720473815082784,0.08753209126519668,0.09703932853226682,-0.23923444976076125,0.0,0.14779538549962723,-0.13571557243430415,0.9907478404714436,0.0,2026-09-25 11:02:00,1,6.264031686789611,6.264031686789611,1.9640316867896104,-0.16909494957777463,-0.032794949577774624,0.0081987373944338,109,THESIS_FAILURE,-0.1576800977112268
-0.11464133639044194,-0.1718634912840744,-0.1718634912840744,-0.028709590748404734,0.1311690441056023,-0.11477291359239966,0.12500000000001776,0.0,0.016396130513202614,8.984482963681561,2.5716232328048583,0.0,1.0,-0.22902012105349145,-0.02458814851241664,-0.59038272070423,-0.02967146969070633,-0.09436780066749417,-0.08496986669973561,-0.07749569061658024,0.07999999999999119,0.0,-0.11464133639044194,0.10452846326765293,0.9945218953682734,0.0,2026-09-25 11:25:00,-1,4.797230454762186,1.9972304547621862,4.797230454762186,-0.20184690700532051,-0.06554690700532051,0.0,132,THESIS_FAILURE,-0.13117786915960672
0.09042334566378152,0.09042334566378152,0.09042334566378152,0.04521167283189076,0.09855453350854514,0.09034165571615549,0.9166666666665562,0.008212877792389654,0.0,1.4656523257746727,2.3548119892444657,0.0,0.0,-0.0164230579734026,0.1315789473684159,-0.7091959500363232,0.015617950230795152,0.02993869076803879,0.07480539543298637,0.06048465489574273,-0.2371541501976382,0.0,0.09042334566378152,0.9372819894918913,0.34857204732181557,0.0,2026-09-25 13:11:00,1,3.6557741743360794,3.6557741743360794,0.9557741743360797,-0.2363,-0.1,0.02463863337715029,240,HARD_STOP,-0.10104614498558258
0.04114549045424187,0.032913683864066456,0.02468323185782495,0.024688648522208645,0.05757999506457559,0.041128567903265606,1.0,0.0,0.016451427161309984,3.758865436450869,1.8921711129995353,0.0,0.0,-0.041111659266568346,0.04937865196281699,-0.8404520718849118,0.004992608768339402,0.0034730663702964293,0.03615288168590247,0.02121016548752852,-0.15649452269169695,0.0,0.04114549045424187,0.99556196460308,0.09410831331851409,0.0,2026-09-25 13:36:00,1,2.891477000849791,2.891477000849791,1.6914770008497908,-0.1198472194800845,0.0164527805199155,0.016452780519911607,263,THESIS_FAILURE,-0.14904036607588494
0.06580029610132598,0.07403142222586201,0.07403142222586201,0.02878458498839498,0.13151405556468101,0.06575702778234051,0.5624999999999467,0.05753739930955495,0.008219628472785555,5.354544361669732,6.744219755919293,1.0,0.0,0.03288932741323247,0.13168724279835065,-0.7628528163573511,-0.004774720027778123,0.007380009724244907,0.0705750161291041,0.0666514125016171,0.15673981191222097,0.0,0.06580029610132598,0.9980267284282716,0.06279051952931332,0.0,2026-09-25 13:39:00,1,3.8,3.8,2.6,-0.07053756678998516,0.06576243321001485,0.08220304151253596,269,TIMEOUT,-0.15439619374790534
-0.04924491135916975,-0.016420361247948545,0.041074509159622075,-0.04103473073519548,0.11496140581377,-0.04105764493348661,0.2142857142856679,0.04926917392019515,0.024634586960088238,1.363672393749929,4.271105866045519,0.0,0.0,-0.04924491135916975,0.18922254216371392,-0.6575584815693203,-0.005422946438637943,0.02517016987695353,-0.04382196492053181,0.015904339282668545,0.07874015748032814,0.0,-0.04924491135916975,0.9997806834748455,-0.020942419883357127,0.0,2026-09-25 13:47:00,-1,3.900019816562461,1.200019816562461,3.900019816562461,-0.15272036124794855,-0.016420361247948545,0.008211528986689854,274,THESIS_FAILURE,-0.09458083144370179
0.057461828927940495,0.073891625615774,0.09854644000986124,0.020516016120053493,0.07383706620724349,0.057428829272298414,0.8888888888890012,0.008204118467463209,0.008204118467481862,1.2800025594683178,3.0160792394278273,1.0,0.0,0.057461828927940495,0.12321340561853855,-0.5630189470817837,0.04077418907078023,0.03795362717393669,0.016687639857160264,0.06059281283592455,-0.7125890736342178,0.0,0.057461828927940495,0.9892723329629884,-0.14608302856241107,0.0,2026-09-25 13:59:00,1,3.251237065450097,3.251237065450097,1.1512370654500972,0.1137,0.25,0.3691550451189499,288,TARGET,-0.10293787471265205
-0.008192692118624834,0.016389412439576923,0.1312658954795154,-0.016387398338413295,0.09832036050799225,-0.04096681687832855,0.16666666666669824,0.04096681687832855,0.016386726751335148,6.511757690439278,3.754489216171618,0.0,0.0,-0.049136024895579666,0.25464103827828044,-0.4291392812984851,-0.02034658458768268,0.13788199382565036,0.012153892469057848,-0.006616098346134969,0.08064516129031585,0.0,-0.008192692118624834,0.9841956079692421,-0.17708474031958257,0.0,2026-09-25 14:02:00,-1,3.4,2.2,3.4,-0.2363,-0.1,0.0,288,HARD_STOP,-0.13006492217362076
-0.08989131323038357,-0.040879731828957766,0.1720606308889705,-0.06945144731590469,0.1472272206772415,-0.08997219041388324,0.16666666666664562,0.032717160150487784,0.024537870112870484,3.6915097539232433,3.4906826989104487,0.0,0.0,-0.11437908496733096,0.42713980614421665,-0.2554036765613166,-0.05614992894874549,0.19181641047845144,-0.03374138428163809,-0.019755779589480937,0.9795918367346834,0.0,-0.08989131323038357,0.9781476007338055,-0.20791169081776018,0.0,2026-09-25 14:05:00,-1,4.2,2.2,4.2,-0.16900645952576646,-0.03270645952576645,0.008179290037617295,292,THESIS_FAILURE,-0.1401586510057956
0.049011599411863394,0.008165264962833874,-0.016326530612253976,0.04492896693044646,0.08164598301763554,0.06531678641410472,1.0,0.0,0.01632919660353082,1.3270412755939505,1.6456060299428867,0.0,0.0,-0.11417387049421635,0.08171269815329119,-0.06960239801291346,-0.004975436486376328,-0.04454497095927046,0.05398703589823972,0.028218440347016482,0.5714285714285783,0.0,0.049011599411863394,0.7771459614569709,-0.6293203910498374,0.0,2026-09-25 14:50:00,1,2.860395415050972,2.860395415050972,0.9603954150509718,-0.15262919660352617,-0.016329196603526164,0.04082299150881777,340,TIMEOUT,-0.11721252127395922
-0.016334531198958224,-0.0653061224489715,-0.05714752224671438,0.016318530025527522,0.09802319882370675,0.0,0.25,0.07351739911778006,0.024505799705926687,2.502079338361991,1.5193222480435205,0.0,0.0,-0.1305270027736949,0.016339869281045694,-0.11602710510439929,0.02963783431801925,0.040026049385644136,-0.045972365516977476,-0.09717357163235851,-0.2448979591836653,0.0,-0.016334531198958224,0.6613118653236517,-0.7501110696304597,0.0,2026-09-25 15:06:00,-1,3.1498386477186795,1.5498386477186794,3.1498386477186795,-0.10362026143790862,0.03267973856209139,0.11434171839268956,356,TIMEOUT,-0.1065701011616084
0.07252508159072413,0.08462282398453702,0.2057613168724215,0.030213669598455617,0.21741756250755745,0.06039376736322184,0.3888888888889152,0.13286628819905716,0.024157506945278438,2.8113987024227307,1.271982637053616,1.0,0.0,0.07252508159072413,0.46110908870284906,-0.039269584893653064,0.01604259525833651,0.04532275657775919,0.056482486332387616,0.1604385602946623,-0.07917656373714888,0.0,0.07252508159072413,-0.684547105928689,0.7289686274214112,0.0,2026-09-25 10:03:00,1,5.20866147300663,5.20866147300663,1.2086614730066292,0.10530425223485049,0.2416042522348505,0.24160425223484278,53,TIMEOUT,-0.16792518484572028
0.2769416014449133,0.18044027426922238,0.2769416014449133,0.18672146431030212,0.3602305475504288,0.27617675312200285,0.7999999999999905,0.07204610951008918,0.012007684918336821,3.3012988870172864,3.3315498379121053,1.0,0.0,0.15634395670474088,0.7135082839521134,0.5462817039135537,0.035938281414060746,0.02034742139727097,0.24100332003085256,0.25659418004764234,-0.32025620496397567,0.0,0.2769416014449133,-0.6129070536529765,0.7901550123756903,0.0,2026-09-25 10:12:00,1,8.1,8.1,2.2,-0.14831345506967045,-0.012013455069670442,0.09610764055742227,62,TIMEOUT,-0.147790793115542
0.24140012070006378,0.26560424966799445,0.26560424966799445,0.10859799586606655,0.27694160144491753,0.22877784467188167,0.8695652173913017,0.03612281757977259,0.012040939193263236,7.322196529105062,3.1472078298510437,1.0,0.0,0.16885779761186548,0.3989361702127603,0.25718899072306733,0.010621993596449109,0.04597262460315221,0.23077812710361467,0.21963162506484224,-0.2371541501976382,0.0,0.24140012070006378,-0.19765734037912644,0.9802711746217218,0.0,2026-09-25 10:56:00,1,8.1,8.1,2.2,-0.06403696254364513,0.07226303745635487,0.07226303745634381,106,TIMEOUT,-0.08377782335798946
0.12035142616440009,0.13240250361097328,0.20476993495543994,0.05415017435891345,0.14424810674360447,0.13222743118163174,0.9166666666666272,0.012020675561972734,0.0,8.054313108391305,1.3419589313763904,1.0,0.0,0.12035142616440009,0.5681818181818121,0.4229826926296587,0.06026329423443055,0.06720473815082784,0.060088131929969535,0.1375651968046121,-0.23923444976076125,0.0,0.12035142616440009,-0.13571557243430415,0.9907478404714436,0.0,2026-09-25 11:02:00,1,7.3438815191193765,7.3438815191193765,1.4438815191193757,0.031969230769224616,0.16826923076922462,0.16826923076923145,112,TIMEOUT,-0.12477572419888792
0.1439712057588638,0.1439712057588638,0.1439712057588638,0.0719856028794319,0.14376422666826952,0.13178387444590803,1.0,0.0,0.011980352222361467,2.206273777312464,1.6825893513298347,1.0,0.0,0.08393285371701698,0.25222195532066394,0.7399820741687879,0.011483518983568253,-0.03010462983217277,0.13248768677529554,0.17407583559103657,-0.07993605115906854,0.0,0.1439712057588638,0.12533323356430418,0.9921147013144779,0.0,2026-09-25 11:27:00,1,6.260615785620282,6.260615785620282,1.060615785620281,0.019463239875406074,0.15576323987540608,0.16774502755811238,137,TIMEOUT,-0.17199398605294497
0.08385241974124824,0.11983223487117556,0.08385241974124824,0.023936302305660462,0.15559545182524892,0.09575104727707755,0.6153846153846237,0.05984440454817135,0.0,12.595654974266946,1.934954878167962,1.0,0.0,0.08385241974124824,0.3483065097285465,0.8273879255100258,0.03531264691036817,0.039213732172371785,0.04853977283088007,0.044638687568876456,0.08006405124099114,0.0,0.08385241974124824,0.16676874671610137,0.9859960370705051,0.0,2026-09-25 11:31:00,1,3.710729695175583,3.710729695175583,1.7107296951755828,-0.2363,-0.1,0.047869794159875585,141,HARD_STOP,-0.12910837224607552
-0.3355302576393049,-0.383279434662831,-0.44290160402202794,-0.1438905403078894,0.4809426475892818,-0.32463628712275583,0.3000000000000071,0.012023566189738025,0.14428279427678797,36.76565450424182,15.291595541909256,0.0,1.0,-0.5143540669856339,-0.3355302576393049,0.3520097238482789,-0.001082975409960607,0.01971425167084373,-0.3344472822293443,-0.46261585569287167,-0.16051364365972098,0.0,-0.3355302576393049,0.2588190451025211,0.9659258262890682,0.0,2026-09-25 11:40:00,-1,7.300000000000001,2.2,7.300000000000001,-0.2363,-0.1,0.0,146,HARD_STOP,-0.1589343775051463
-0.45525338444949437,-0.46717776712985604,-0.3955885878686116,-0.22166450088456635,0.5054759898904821,-0.4573354194247147,0.09523809523810974,0.0,0.04814057046576754,40.81260504578768,13.940313213724027,0.0,1.0,-0.4790992933285332,-0.09618852951784884,0.24329657918324976,0.0006497388049808706,-0.004114816370903718,-0.45590312325447524,-0.3914737714977079,0.08025682182986049,0.0,-0.45525338444949437,0.3681245526846782,0.9297764858882513,0.0,2026-09-25 11:51:00,-1,7.7,2.6,7.7,-0.2363,-0.1,0.04814057046576754,157,HARD_STOP,-0.15123099906153883
-0.04807692307693401,0.012026458208036495,-0.04807692307693401,-0.054090152180952256,0.14430014430014976,-0.04810004810005562,0.1666666666666272,0.07215007215007488,0.024050024050019266,1.5591483883106412,1.8702366827302321,0.0,0.0,-0.39525691699604515,0.13245033112583293,0.3233745046074876,-0.003898618589470715,-0.012777670695607313,-0.044178304487463294,-0.035299252381326696,0.1607717041800738,0.0,-0.04807692307693401,0.42577929156507255,0.9048270524660196,0.0,2026-09-25 11:57:00,-1,3.4891381207994567,0.7891381207994571,3.4891381207994567,-0.2363,-0.1,0.0,163,HARD_STOP,-0.14050117693247527
0.5280844935189766,0.5642934325849502,0.721500721500723,0.24593777722650145,0.5611270296084205,0.5253104106972444,0.9361702127659568,0.035816618911176136,0.0,24.718058605427355,13.009975851534614,1.0,0.0,0.33540967896501517,0.854906682721257,1.0222336987459446,0.0026000758355460007,-0.03183995979935128,0.5254844176834306,0.7533406813000743,0.3215434083601254,0.0,0.5280844935189766,0.4539904997395466,0.891006524188368,0.0,2026-09-25 12:00:00,1,8.1,8.1,2.2,-0.1482388729703962,-0.011938872970396197,0.2268385864374376,170,TIMEOUT,-0.1668814462709223
0.26231071896982705,0.26231071896982705,0.23840743831207156,0.13115535948491353,0.2973005113568795,0.2973005113568795,1.0,0.0,0.0,35.746232781881446,13.744081137077648,1.0,0.0,0.23840743831207156,0.358037952022916,1.3535072233501921,-0.0002165636545647942,0.029678090204066088,0.26252728262439184,0.20872934810800547,0.08006405124099114,0.0,0.26231071896982705,0.7144726796328034,0.6996633405133654,0.0,2026-09-25 12:31:00,1,7.7,7.7,2.6,-0.1363,0.0,0.14277215942891677,201,TIMEOUT,-0.16762039826531042
0.08332341387928821,0.09523809523810378,0.07141156867411791,0.03570436626023632,0.24976213130351302,0.0951474785918153,0.38095238095238415,0.15461465271169775,0.0,6.74330783488863,10.703964799550734,0.0,0.0,-0.106926458358092,0.09523809523810378,1.2716297559268286,-0.021891940514606745,-0.04745652527222699,0.10521535439389496,0.1188680939463449,0.15974440894568342,0.0,0.08332341387928821,0.7901550123756903,0.6129070536529766,0.0,2026-09-25 12:42:00,1,4.2,4.2,2.6,-0.12440656517602702,0.011893434823972981,0.0951474785918153,212,TIMEOUT,-0.15033512663600343
-0.04759638267491928,-0.02380385622470227,-0.02380385622470227,-0.035694454562568145,0.1071428571428612,-0.04761904761905506,0.0,0.059523809523806134,0.0,2.224511780557389,2.346269632137723,0.0,0.0,-0.1901140684410607,0.0,1.145693740083198,-0.0073762311797676006,0.0036885237009176564,-0.04022015149515168,-0.027492379925619925,0.15797788309637184,0.0,-0.04759638267491928,0.8553642601605066,0.5180270093731304,0.0,2026-09-25 12:53:00,-1,3.269302813768539,1.3693028137685395,3.269302813768539,-0.2363,-0.1,0.0,220,HARD_STOP,-0.14223553289270463
-0.27361408517725394,-0.43942992874109743,-0.43942992874109743,-0.053899120806705225,0.4175116306811336,-0.2266491709411878,0.19999999999998375,0.1073601336037259,0.08350232613621994,31.579996809386813,19.63001684786249,0.0,1.0,-0.43942992874109743,-0.20238095238095388,0.8905687134848517,0.010197550418200585,0.014971586532497305,-0.2838116355954545,-0.45440151527359474,-0.07880220646178104,0.0,-0.27361408517725394,0.9258705848099944,0.3778407868184681,0.0,2026-09-25 13:08:00,-1,7.7,2.6,7.7,-0.2363,-0.1,0.0,234,HARD_STOP,-0.1696166113731906
-0.08324414317993911,-0.1307500297159203,-0.09512485136742299,-0.017869128321978955,0.26184241847179107,-0.08331349678648821,0.0,0.17852892168530288,0.0,4.525022892543545,4.894815640048762,0.0,0.0,-0.21377672209026422,0.3104106972301679,1.1020140018741964,-0.006940227292440149,0.004771965138639089,-0.07630391588749896,-0.09989681650606208,0.0,0.0,-0.08324414317993911,0.9408807689542255,0.3387379202452915,0.0,2026-09-25 13:12:00,-1,3.8000000000000003,2.2,3.8000000000000003,0.1137,0.25,0.3570578433706227,241,TARGET,-0.17353976404939606
-0.14330069262000755,-0.35748331744518413,-0.36935541522697957,0.035440966102584515,0.2033006457785239,-0.14350633819659211,0.0,0.05979430758193179,0.0,1.7725885720194061,3.069028257008096,0.0,1.0,-0.7359924026590581,-0.11944577161967507,0.6155779773997061,-0.010632642211594323,-0.014320989797378392,-0.13266805040841323,-0.3550344254296012,0.15785319652723562,0.0,-0.14330069262000755,0.9573194975320674,0.2890317969444714,0.0,2026-09-25 13:17:00,-1,5.724923714610674,2.2249237146106733,5.724923714610674,-0.2363,-0.1,0.011960291831126799,244,HARD_STOP,-0.1605210445206175
0.08316502316738639,0.10695187165774556,0.16646848989299023,0.02968908733851361,0.10683760683759404,0.08309591642924168,1.0,0.0,0.02374169040835235,6.121064470636422,1.5629703487418205,1.0,0.0,0.059389476184823486,0.28571428571428914,1.3248605960645365,0.016268945186670436,0.025815857010536014,0.06689607798071595,0.14065263288245422,-0.31570639305444903,0.0,0.08316502316738639,0.9907478404714436,-0.1357155724343045,0.0,2026-09-25 13:58:00,1,4.843336656933819,4.843336656933819,1.5433366569338192,0.1137,0.25,0.2850017812611437,287,TARGET,-0.1339237165282535
0.09495548961424571,0.11872254541136495,0.10683760683760646,0.035594216908563237,0.13043993833748302,0.1067235859124907,0.8181818181818534,0.02371635242499232,0.0,7.951409476542885,2.2978351309941587,1.0,0.0,0.09495548961424571,0.39285714285715034,1.4214479652015166,0.04525915740010156,0.19909949769669755,0.04969633221414416,-0.09226189085909109,-0.24135156878519748,0.0,0.09495548961424571,0.985996037070505,-0.1667687467161022,0.0,2026-09-25 14:01:00,1,5.474025808947372,5.474025808947372,2.3740258089473714,0.1137,0.25,0.30831258152496754,289,TARGET,-0.12049525045146046
0.059171597633134176,0.1184132622853662,0.2608798766749576,-3.5033509548920705e-05,0.13010053222944937,0.05913660555883757,0.6363636363635776,0.04730928444708013,0.023654642223531665,12.771045727269962,1.998869021078038,1.0,0.0,0.059171597633134176,0.6068538791051736,1.659552540928022,-0.006910282932903744,0.2277085849599736,0.06608188056603792,0.03317129171498401,0.4098360655737654,0.0,0.059171597633134176,0.9802711746217219,-0.1976573403791259,0.0,2026-09-25 14:04:00,1,4.039491059485117,4.039491059485117,2.139491059485117,-0.2363,-0.1,0.1183151916706206,294,HARD_STOP,-0.1349176707133992
-0.14216325079965397,-0.1184974523047666,-0.1776409284699132,-0.08291452464727067,0.14236564242494995,-0.10677423181870827,0.0,0.03559141060624171,0.0,1.7169828568674694,1.6934350022846416,0.0,1.0,-0.4017487888455462,-0.10666034605355534,1.2592195637205927,-0.01881268190999652,-0.022704077219815044,-0.12335056888965745,-0.15493685125009815,0.49099836333876823,0.0,-0.14216325079965397,0.7901550123756906,-0.612907053652976,0.0,2026-09-25 14:48:00,-1,5.196386322305197,0.7963863223051969,5.196386322305197,-0.16002760707083366,-0.023727607070833656,0.0711997152011419,338,TIMEOUT,-0.14566447974756666
0.21005807487952666,0.23482882214806988,0.21005807487952666,0.09264366380549172,0.2589395807644911,0.20961775585697234,0.9523809523809421,0.012330456226883196,0.03699136868063557,2.8577309322809032,1.9482052823700888,1.0,0.0,0.14818473697209011,0.35886647692116025,-0.6463738991099977,-0.00043371058925378847,0.005855461193471356,0.21049178546878045,0.2042026136860553,-0.15698587127158659,0.0,0.21005807487952666,-0.6996633405133654,0.7144726796328034,0.0,2026-09-25 10:01:00,1,7.038444389821037,7.038444389821037,1.9384443898210368,-0.2363,-0.1,0.012330456226883196,47,HARD_STOP,-0.11673585485844322
0.17309594460930278,0.14833127317677164,0.024691358024697685,0.09893030802091696,0.24685262898049865,0.16045420883733252,0.9500000000000455,0.012342631449013704,0.0740557886941524,5.267612910411635,2.1021777533821755,0.0,0.0,-0.11096042411539164,0.2598688281153283,-0.7298514447077187,0.01733090989444186,0.014730890460668,0.15576503471486092,0.009960467564029685,-0.398089171974525,0.0,0.17309594460930278,-0.6534206039901057,0.7569950556517562,0.0,2026-09-25 10:07:00,1,5.58597998902198,5.58597998902198,1.785979989021979,0.1137,0.25,0.3208688140195018,57,TARGET,-0.14199818130465636
0.07385524372229835,0.061538461538468425,0.08617505847594575,0.043086012953064134,0.15990159901598458,0.1107011070110673,0.6923076923076991,0.04920049200491726,0.0,1.4007225177902076,4.741100474644695,0.0,0.0,-0.15964632199434448,0.12315270935960854,-0.36409332756611734,0.011492707551807868,0.04056152771632071,0.06236253617049048,0.04561353075962504,-0.1576044129235621,0.0,0.07385524372229835,-0.23853345757858122,0.971134279909636,0.0,2026-09-25 10:52:00,1,3.120397384784614,3.120397384784614,1.2203973847846141,-0.14860314960628532,-0.012303149606285313,0.0,99,THESIS_FAILURE,-0.0908358183502003
0.13558486379885437,-0.012307692307700346,-0.03691399040237631,0.14173870995270454,0.1723289020187072,0.09847365829640012,0.5714285714285482,0.07385524372230709,0.0,1.2625329283640319,5.410296146640894,0.0,0.0,-0.1229407425620832,0.17262638717632228,-0.4352631827796549,-0.027527549224448666,0.004770092388017844,0.16311241302330304,-0.04168408279039415,0.07923930269415624,0.0,0.13558486379885437,-0.18738131458572468,0.9822872507286887,0.0,2026-09-25 10:57:00,1,3.7443931106002175,3.7443931106002175,1.5443931106002173,-0.03777783251233094,0.09852216748766907,0.1354679802955693,107,TIMEOUT,-0.10564915772395508
-0.11078286558345862,-0.07388252678242058,-0.14765596160946082,-0.07384160219224833,0.16019716574246065,-0.07393715341959615,0.15384615384618075,0.06161429451632779,0.02464571780653672,5.349297240010648,3.034351675304859,0.0,1.0,-0.3438536166032069,-0.03695491500369519,-0.5355234674235598,-0.0023830982009753754,-0.0028163765798727702,-0.10839976738248325,-0.14483958502958805,0.23999999999999577,0.0,-0.11078286558345862,0.13571557243430454,0.9907478404714436,0.0,2026-09-25 11:28:00,-1,6.300000000000001,2.2,6.300000000000001,-0.2363,-0.1,0.0,134,HARD_STOP,-0.14608491483126154
0.061568772318687515,0.061568772318687515,0.073891625615774,0.030784386159343757,0.22151119862171648,0.09844942160965643,0.9444444444444339,0.012306177701208803,0.11075559931085124,31.876094941059478,9.435069887994771,1.0,0.0,0.02461841457410685,0.11087840335097798,-0.38770701186847667,0.009105039639423218,-0.03986921165134438,0.0524637326792643,0.11376083726711839,0.31948881789138905,0.0,0.061568772318687515,0.49090375361514144,0.8712138111201891,0.0,2026-09-25 12:04:00,1,6.300000000000001,6.300000000000001,2.2,-0.2363,-0.1,0.0,170,HARD_STOP,-0.10710443705387401
0.049370525796099685,0.07407407407407085,0.06172077521293673,0.01233348875906426,0.07401924500370377,0.07401924500370377,1.0,0.0,0.0,4.499976422377541,1.3420164677557833,1.0,0.0,0.03702332469457392,0.13588634959851298,-0.6146128493202618,-0.010630727575677845,-0.02906642545872362,0.06000125337177753,0.09078720067166035,0.3162055335968361,0.0,0.049370525796099685,0.9092361090470684,0.4162807922604014,0.0,2026-09-25 13:04:00,1,4.343907410490102,4.343907410490102,1.8439074104901025,-0.14863654083395708,-0.012336540833957077,0.04934616333579783,234,TIMEOUT,-0.14740492982367634
0.2468221646303892,0.2715714109369216,0.25919526042952334,0.11103645916192839,0.27083589806720815,0.2462144527883787,1.0,0.0,0.024621445278829472,16.3900519434105,6.061452915229511,1.0,0.0,0.2220851326341755,0.33349802371540616,-0.3987871847863089,-0.0036893001614579646,0.005425935973946139,0.25051146479184716,0.2537693244555772,0.31496062992126816,0.0,0.2468221646303892,0.971134279909636,0.2385334575785813,0.0,2026-09-25 13:22:00,1,7.7,7.7,2.6,-0.1486122383649421,-0.012312238364942107,0.012312238364923546,249,THESIS_FAILURE,-0.12953269078182522
0.08619628124615364,0.08619628124615364,0.08619628124615364,0.04309814062307682,0.12303149606299213,0.0861220472440861,1.0,0.0,0.03690944881890604,2.5195830448744694,2.3038517708892137,1.0,0.0,0.06155361319708508,0.34567901234567877,-0.33346170229069383,0.007379144800512272,0.012371536783617465,0.07881713644564137,0.07382474446253617,-0.15673981191222097,0.0,0.08619628124615364,0.9892723329629882,0.14608302856241256,0.0,2026-09-25 13:31:00,1,5.112503971581106,5.112503971581106,1.5125039715811044,0.1137,0.25,0.25839793281652623,258,TARGET,-0.11466860829877033
-0.04911591355598599,-0.07365578197888745,-0.08592119798699338,-0.012288022566542267,0.20884520884520047,-0.07371007371007651,0.5294117647058902,0.02457002457001619,0.11056511056510777,2.5747817254284535,3.88509262619992,0.0,0.0,-0.12269938650306678,0.27100271002711285,-0.18390718378863413,-0.004774720027778123,0.007380009724244907,-0.04434119352820787,-0.09330120771123829,0.15673981191222097,0.0,-0.04911591355598599,0.9980267284282716,0.06279051952931332,0.0,2026-09-25 13:39:00,-1,3.466129948985649,1.8661299489856495,3.466129948985649,-0.2363,-0.1,0.024570024570030158,266,HARD_STOP,-0.15286449849619654
-0.12235409274440334,0.0,0.06128953174797669,-0.12235409274440334,0.22050716648290514,-0.1470047776552794,0.33333333333329124,0.0,0.07350238882762576,3.3128963536144673,7.366855018071821,0.0,0.0,-0.12235409274440334,0.09809932556712475,0.09624956628677683,-0.02034658458768268,0.13788199382565036,-0.10200750815672066,-0.07659246207767367,0.08064516129031585,0.0,-0.12235409274440334,0.9841956079692421,-0.17708474031958257,0.0,2026-09-25 14:02:00,-1,5.2,2.2,5.2,-0.2363,-0.1,0.03675119441381288,288,HARD_STOP,-0.1712959746088138
-0.24461839530333096,-0.2568179038767271,-0.19579050416055344,-0.11620944336496741,0.2820009808729713,-0.2820009808729713,0.0,0.0,0.0,4.92191880244251,7.8464620962091525,0.0,1.0,-0.32995234021752085,-0.08575278696556499,0.006191168835711913,0.009731413001157208,0.03763863021344349,-0.25434980830448817,-0.23342913437399693,0.08045052292839916,0.0,-0.24461839530333096,0.9477684100095854,-0.3189593092980707,0.0,2026-09-25 14:16:00,-1,6.9,2.6,6.9,-0.2363,-0.1,0.0,302,HARD_STOP,-0.11428548910344648
-0.11009174311926717,-0.09787129924149207,-0.03672420124861686,-0.061156093498521136,0.1469507714915559,-0.061229488121479304,0.25000000000004735,0.04898359049718066,0.03673769287289593,2.012639063092326,1.6250303072359613,0.0,0.0,-0.15894363614132878,0.12260912211867758,0.12667613717747273,-0.0032440779357267857,-0.02573056423451625,-0.10684766518354039,-0.01099363701410061,0.08097165991902688,0.0,-0.11009174311926717,0.9258705848099946,-0.37784078681846756,0.0,2026-09-25 14:22:00,-1,3.6282151229569624,0.928215122956962,3.6282151229569624,-0.12405710088148028,0.012242899118519723,0.1591382054106934,312,TIMEOUT,-0.13636541380653575
-0.0977636563607387,-0.03668378576668907,-0.03668378576668907,-0.07942176347739416,0.2935779816513734,-0.09785932721711982,0.04166666666667654,0.1834862385321101,0.012232415902143455,22.964848622152992,7.806429904834827,0.0,0.0,-0.1831501831501825,0.012233912405190672,0.21684111985651455,0.018815814800476893,0.036773135710177485,-0.11657947116121559,-0.07345692147686655,-0.4074979625101838,0.0,-0.0977636563607387,0.7501110696304601,-0.6613118653236513,0.0,2026-09-25 14:54:00,-1,4.5,2.6,4.5,-0.14852643354933384,-0.012226433549333837,0.12227928588897043,344,TIMEOUT,-0.17313562785810094
-0.2078239608802046,-0.1956229367893414,-0.22002200220022639,-0.11001249248553391,0.49001592551757933,-0.2082567683449768,0.04999999999998295,0.25725836089673193,0.02450079627587061,13.035016130526703,22.085438112476577,0.0,1.0,-0.42693339838985045,-0.06121449559255421,0.06284498173476649,-0.025091985922531812,-0.05514252721445789,-0.1827319749576728,-0.1648794749857685,0.40916530278232166,0.0,-0.2078239608802046,0.6996633405133655,-0.7144726796328033,0.0,2026-09-25 15:01:00,-1,8.1,2.2,8.1,-0.2363,-0.1,0.07352040191153322,348,HARD_STOP,-0.17571222085142787
0.09779951100243878,0.08556411196674052,0.08556411196674052,0.05501745501906852,0.1343429408891088,0.08549096238396822,0.7272727272726709,0.036638983878855426,0.012212994626285143,3.5269970309271375,1.786987390765031,0.0,0.0,-0.15851725399342875,0.40465971796443956,0.36028453285430473,-0.021627045918548582,0.0028122032314392698,0.11942655692098736,0.08275190873530125,0.08183306055646877,0.0,0.09779951100243878,0.6534206039901058,-0.7569950556517562,0.0,2026-09-25 15:07:00,1,4.444144325844264,4.444144325844264,2.0441443258442638,-0.2363,-0.1,0.0,353,HARD_STOP,-0.16059367697777308
-0.02447980416157014,0.07351139426610143,-0.2442598925256445,-0.06123550129462085,0.17140058765916882,-0.03672869735554214,0.0,0.1346718903036267,0.0,2.1917280965194283,2.024036212593369,0.0,0.0,-0.4023899524448371,0.15941140404658327,0.1139023632813041,0.03505294726044994,0.007787420719718163,-0.05953275142202008,-0.25204731324536267,0.08196721311477528,0.0,-0.02447980416157014,0.629320391049838,-0.7771459614569705,0.0,2026-09-25 15:10:00,-1,3.906266748752701,1.6062667487527014,3.906266748752701,-0.2363,-0.1,0.09789525208028244,359,HARD_STOP,-0.16931779504598143
0.16279413941096,0.3112494441974034,0.3261191817373055,0.007169417312258286,0.22163120567375888,0.16252955082740975,0.9333333333333181,0.014775413711587285,0.04432624113476186,8.922480608990746,3.524032613977867,1.0,0.0,0.16279413941096,0.53475935828875,-0.8005672862215207,0.046568749553266287,0.08450557736809916,0.1162253898576937,0.24161360436920631,-0.23980815347721673,0.0,0.16279413941096,-0.6454576877239506,0.7637960286346421,0.0,2026-09-25 10:08:00,1,7.300000000000001,7.300000000000001,2.2,-0.18062624113474005,-0.04432624113474004,0.10342789598109418,58,TIMEOUT,-0.0709764180515131
-0.07390983000739038,-0.10344318013891796,-0.11820330969266601,-0.022188239937931398,0.13313609467455284,-0.08875739644970751,0.33333333333329124,0.0,0.044378698224845345,2.912576037015737,1.608372160270665,0.0,0.0,-0.22140221402213722,0.08883624518805089,-0.9024344627378,-0.029001064815203925,-0.02164417836534316,-0.04490876519218645,-0.09655913132732286,0.1602564102564097,0.0,-0.07390983000739038,-0.5620833778521309,0.8270805742745616,0.0,2026-09-25 10:18:00,-1,3.0156842924804548,1.4156842924804547,3.0156842924804548,-0.1363,0.0,0.0,65,THESIS_FAILURE,-0.16948664871329905
0.07393168712110931,0.14797277300977463,0.11834319526626835,-5.4699383778000765e-05,0.14775413711583926,0.08865248226949012,0.7999999999999545,0.02955082742317457,0.02955082742317457,1.580243878778082,2.0163052612692614,1.0,0.0,0.07393168712110931,0.23696682464453556,-0.7685738429742628,-0.004551296360910673,-0.0026007915075565435,0.07848298348201999,0.1209439867738249,0.3968253968253954,0.0,0.07393168712110931,-0.35836794954530077,0.9335804264972015,0.0,2026-09-25 10:40:00,1,3.7664715008991125,3.7664715008991125,1.2664715008991125,-0.16585956251847747,-0.029559562518477467,0.1330180313331329,90,TIMEOUT,-0.16687466307697732
0.08870490833825517,0.1183081928423535,0.10350436196955304,0.029550811917078423,0.1624815361890728,0.05908419497784007,0.6363636363636646,0.05908419497784007,0.04431314623339264,4.139234393387077,4.054581857171924,1.0,0.0,0.059119125036954934,0.2072232089993964,-0.7199972859924131,0.06026329423443055,0.06720473815082784,0.02844161410382462,0.0362996238187252,-0.23923444976076125,0.0,0.08870490833825517,-0.13571557243430415,0.9907478404714436,0.0,2026-09-25 11:02:00,1,3.5,3.5,2.2,-0.16584209748893267,-0.02954209748893266,0.05908419497784007,112,TIMEOUT,-0.12031031352721439
0.10348905972796807,0.133096716947656,0.10348905972796807,0.03694070125414006,0.11815093782307905,0.10338207059519205,0.8749999999999822,0.01476886722788698,0.0,1.8733949675758204,2.693777600014707,1.0,0.0,0.04432624113475114,0.16272189349113564,-0.6840144825898897,0.03531264691036817,0.039213732172371785,0.0681764128175999,0.06427532755559628,0.08006405124099114,0.0,0.10348905972796807,0.16676874671610137,0.9859960370705051,0.0,2026-09-25 11:31:00,1,4.932567152173319,4.932567152173319,1.3325671521733193,-0.15106450612725167,-0.014764506127251664,0.08858703676362362,141,TIMEOUT,-0.11133887188945621
-0.08873114463177068,-0.08873114463177068,-0.10350436196953083,-0.04436557231588534,0.11841326228536923,-0.10361160449969387,0.12500000000003553,0.0,0.014801657785675361,12.185470540751982,3.3820388044117986,0.0,1.0,-0.17730496453899347,-0.08873114463177068,-0.881536959498741,0.0006500668485509564,0.051164424248462126,-0.08938121148032163,-0.15466878621799296,0.0,0.0,-0.08873114463177068,0.5446390350150266,0.8386705679454244,0.0,2026-09-25 12:10:00,-1,5.9,2.6,5.9,-0.1510972773009597,-0.0147972773009597,0.029598934438366944,180,TIMEOUT,-0.1535905948931255
0.0888099467140302,0.10362694300518616,0.10362694300518616,0.03699647521143712,0.1183081928423476,0.08873114463176911,0.750000000000071,0.029577048210578494,0.0,5.701792583021023,4.049637303274909,1.0,0.0,0.04438526409233923,0.11844832691738638,-0.7870073231087127,-0.019068586237669383,-0.038129901642181,0.10787853295169958,0.14175684464736715,0.0,0.0,0.0888099467140302,0.6454576877239503,0.7637960286346425,0.0,2026-09-25 12:22:00,1,5.9,5.9,2.6,-0.21023168712109822,-0.07393168712109821,0.029572674848446768,192,TIMEOUT,-0.15209897186495716
-0.05928560841856889,-0.04447079750964367,-0.04447079750964367,-0.03705020966374706,0.07415097137772506,-0.05932077710219353,0.0,0.014830194275531524,0.0,9.012781631012848,5.375709049817151,0.0,1.0,-0.2071925410685349,-0.02965159377317228,-1.0492916980939349,-0.018656109333470283,-0.04012371116133284,-0.04062949908509861,-0.004347086348310825,0.3971405877680745,0.0,-0.05928560841856889,0.838670567945424,0.5446390350150271,0.0,2026-09-25 12:50:00,-1,5.0,2.2,5.0,-0.10663961144889958,0.029660388551100425,0.029651593773172048,220,TIMEOUT,-0.0885407912649558
-0.10381135992880708,-0.059347181008895245,-0.10381135992880708,-0.07413776942435946,0.11876484560569395,-0.10391923990497799,0.12500000000003553,0.0,0.014845605700715964,18.18324839165035,3.3906675566207074,0.0,1.0,-0.1630354231510367,-0.059347181008895245,-1.1325020343355918,-0.010630727575677845,-0.02906642545872362,-0.09318063235312923,-0.07474493447008346,0.3162055335968361,0.0,-0.10381135992880708,0.9092361090470684,0.4162807922604014,0.0,2026-09-25 13:04:00,-1,5.800000000000001,2.2,5.800000000000001,-0.15114340210776703,-0.014843402107767023,0.029691211401431928,234,TIMEOUT,-0.12082521088999827
-0.08907363420428416,-0.07423904974016571,-0.07423904974016571,-0.051954109334201304,0.1485884101040119,-0.07429420505200594,0.39999999999997726,0.014858841010404567,0.05943536404160138,20.944702260742048,4.7494037640696884,0.0,1.0,-0.13355097195428822,-0.05940005940006099,-1.2015269372976367,-0.00325477040850064,-0.04359632836495875,-0.08581886379578352,-0.03064272137520696,-0.07892659826361781,0.0,-0.08907363420428416,0.9510565162951535,0.30901699437494773,0.0,2026-09-25 13:15:00,-1,5.0,2.2,5.0,-0.1363,0.0,0.04457652303119681,245,TIMEOUT,-0.12642593580415015
0.14850014850014137,0.1633744244764701,0.17825311942958333,0.06681293626190632,0.19276393831554986,0.14827995255041518,0.7692307692307289,0.04448398576513467,0.0,19.552380201670054,6.0623376941339275,1.0,0.0,0.11876484560569,0.252712947822209,-0.9750204036039545,-0.011067492171368265,-0.003689436275833291,0.15956764067150964,0.18194255570541662,0.3144654088050203,0.0,0.14850014850014137,0.9876883405951378,0.15643446504023029,0.0,2026-09-25 13:30:00,1,7.0,7.0,2.6,-0.1363,0.0,0.04448398576513467,260,TIMEOUT,-0.14485548576054794
0.0592592592592478,0.04443786105761127,0.0592592592592478,0.03704032873044216,0.14806040864672787,0.05922416345868778,0.39999999999997726,0.08883624518804009,0.0,9.24107934508555,4.021445564556243,0.0,0.0,0.014808233377761049,0.29700029700030495,-0.8016597860973862,0.004773880796204999,0.011284452845106152,0.0544853784630428,0.047974806414141646,-0.07855459544383603,0.0,0.0592592592592478,0.9999451693655121,0.010471784116246337,0.0,2026-09-25 13:44:00,1,4.1000000000000005,4.1000000000000005,2.2,-0.2363,-0.1,0.02961208172935231,273,HARD_STOP,-0.12447031011592243
0.07411799584939871,0.05928560841854669,0.1186415542043795,0.04447519164012537,0.11850096282033301,0.08887572211524555,0.8749999999999822,0.014812620352543732,0.014812620352543732,2.060432777073228,2.686599377529659,0.0,0.0,-0.13313609467455745,0.1186415542043795,-0.8369784168217875,0.01301882739421778,0.0030374232237173615,0.06109916845518093,0.11560413098066213,0.07867820613689513,0.0,0.07411799584939871,0.9955619646030801,-0.09410831331851348,0.0,2026-09-25 13:54:00,1,4.632207747278622,4.632207747278622,1.4322077472786219,-0.1363,0.0,0.029625240705070624,284,TIMEOUT,-0.16318415054669144
0.16277005031075653,0.16277005031075653,0.22209061297009391,0.08138502515537827,0.19205200177278098,0.16250553996159295,0.9230769230769029,0.014773230905602413,0.014773230905585619,4.5889011296254445,6.362498854267689,1.0,0.0,0.11832569146574823,0.3706998813760354,-0.5632824505853118,0.2550335570469908,0.2800004331019901,-0.09226350673623429,-0.05790982013189616,-1.692183722804197,0.0,0.16277005031075653,0.9822872507286886,-0.18738131458572502,0.0,2026-09-25 14:03:00,1,6.9,6.9,2.9000000000000004,-0.12153113277211217,0.014768867227887839,0.1476886722788362,293,TIMEOUT,-0.16902826908320367
0.029537734455753473,0.029537734455753473,0.05909292362238361,0.014768867227876736,0.10335154289088024,-0.0147645061272734,0.2857142857142161,0.059058024509076816,0.029529012254530015,4.128165112929793,2.671957786445849,0.0,0.0,-0.059023166592897525,0.34074074074073035,-0.4993953374596849,0.00496989969447359,-0.05808956590466208,0.024567834761279883,0.11718248952704569,0.16168148746968924,0.0,0.029537734455753473,0.9759167619387478,-0.21814324139654104,0.0,2026-09-25 14:06:00,1,2.942381003900632,2.942381003900632,2.042381003900632,-0.2363,-0.1,0.11811604901817041,294,HARD_STOP,-0.12366018282934167
-0.01476668635558287,-0.13274336283185528,-0.029529012254525533,0.05160499506034477,0.1476886722788362,0.0,0.5,0.0738443361394181,0.0738443361394181,3.479852721512514,1.846061751287342,0.0,0.0,-0.1474708745022868,0.296252407050801,-0.5208302220808592,-0.06442881048848159,-0.12553774883374835,0.04966212413289872,0.09600873657922282,0.646203554119551,0.0,-0.01476668635558287,0.9685831611286311,-0.24868988716485482,0.0,2026-09-25 14:09:00,1,3.6707277880793043,3.6707277880793043,2.070727788079304,-0.2363,-0.1,0.14771048744460857,299,HARD_STOP,-0.13319707086677576
-0.07390983000739038,-0.07390983000739038,-0.10344318013891796,-0.03695491500369519,0.13313609467455284,-0.1035502958579949,0.11111111111113918,0.014792899408270568,0.014792899408287388,3.408166019871293,2.2480606442414603,0.0,0.0,-0.16245753950672182,0.0,-0.5642016751565171,-0.008653532047275814,-0.021631022347012863,-0.06525629796011456,-0.0818121577919051,-0.16313213703099683,0.0,-0.07390983000739038,0.6845471059286897,-0.7289686274214106,0.0,2026-09-25 15:03:00,-1,5.051627289908658,1.8516272899086572,5.051627289908658,-0.1363,0.0,0.029585798816574777,353,TIMEOUT,-0.1616312584384007
0.0,0.09918175055789735,0.16127031385684276,-0.049590875278948676,0.26009412930393083,0.0,0.19047619047615824,0.21055239038890475,0.04954173891502607,73.8227107097016,3.2359452996924807,0.0,0.0,-0.012383900928802927,0.29813664596272105,-0.7610164550223564,0.01604259525833651,0.04532275657775919,-0.01604259525833651,0.11594755727908357,-0.07917656373714888,0.0,0.0,-0.684547105928689,0.7289686274214112,0.0,2026-09-25 10:03:00,-1,3.8,3.1,3.8,-0.2363,-0.1,0.0,49,HARD_STOP,-0.15562356406367286
0.07421150278292821,0.08659079663531077,0.12374706100728439,0.03091610446527282,0.17303176368804915,0.09887529353602559,0.7142857142856708,0.04943764676802158,0.024718823384002008,1.3676635965334119,2.216055070235285,0.0,0.0,0.0,0.38461538461538325,-0.5270115254682683,-0.0064944483290863,0.0010824900735562082,0.0807059511120145,0.12266457093372818,-0.08000000000000229,0.0,0.07421150278292821,-0.6211477802783106,0.7836934573258396,0.0,2026-09-25 10:11:00,1,2.839439759699255,2.839439759699255,1.2394397596992548,-0.21045647015202032,-0.07415647015202032,0.13595352861203738,61,TIMEOUT,-0.13056000069015036
-0.11173184357542443,-0.08692412765429758,-0.062104086448899753,-0.06826977974827564,0.17399950285856397,-0.12428535918469864,0.2857142857142277,0.0,0.04971414367386533,1.804931975559126,1.812090649329874,0.0,1.0,-0.29739776951673846,-0.04968944099379424,-1.0575335979111533,0.002165871070025638,-0.01126101738960772,-0.11389771464545007,-0.050843069059292034,0.07949125596184992,0.0,-0.11173184357542443,-0.45399049973954697,0.8910065241883678,0.0,2026-09-25 10:30:00,-1,3.2981533787559627,1.2981533787559627,3.2981533787559627,-0.06166385122527954,0.07463614877472047,0.1615910503418392,80,TIMEOUT,-0.16284657923207502
0.08707550690383314,0.12444001991038789,0.07462686567163423,0.0248554969486392,0.14914243102163133,0.13671389510315615,0.9166666666666272,0.012428535918475161,0.0,30.600132258775904,1.7418343432997703,0.0,0.0,-0.17369727047146233,0.1743027888446269,-1.018887102597199,0.011274054930665578,-0.031423847015710216,0.07580145197316757,0.10605071268734445,-0.15785319652722452,0.0,0.08707550690383314,-0.39714789063478034,0.9177546256839813,0.0,2026-09-25 10:36:00,1,4.023825454484897,4.023825454484897,1.6238254544848965,-0.2363,-0.1,0.0,82,HARD_STOP,-0.18724430893516206
-0.0622432466077405,-0.0622432466077405,-0.04980079681273786,-0.03112162330387025,0.16193323368210694,-0.06228201295465515,0.6153846153846237,0.0,0.09965122072745178,1.9447738532869518,2.0215056627619763,0.0,0.0,-0.23611283708213637,0.0,-1.225799806421568,-0.009753792599687117,0.0006503204996288758,-0.05248945400805338,-0.05045111731236673,-0.07898894154818592,0.0,-0.0622432466077405,-0.3189593092980704,0.9477684100095856,0.0,2026-09-25 10:44:00,-1,2.9693031675507124,1.069303167550713,2.9693031675507124,-0.1487564025909435,-0.012456402590943494,0.08720568082719968,94,TIMEOUT,-0.16232990746883616
0.1494768310911887,0.16195340725053686,0.1494768310911887,0.06850012746592027,0.21144278606965386,0.16169154228856922,0.7647058823529903,0.04975124378108463,0.0,26.980679267951515,3.699781242462469,1.0,0.0,0.11206574523721091,0.24937655860348684,-1.034702013971045,0.06026329423443055,0.06720473815082784,0.08921353685675815,0.08227209294036086,-0.23923444976076125,0.0,0.1494768310911887,-0.13571557243430415,0.9907478404714436,0.0,2026-09-25 11:02:00,1,7.4,7.4,2.2,-0.14873781094527608,-0.012437810945276073,0.07462686567162694,112,TIMEOUT,-0.11860630675382061
-0.11200995644056189,-0.06225874735400483,-0.07470119521910679,-0.08088058276355947,0.16197358584599483,-0.07475703962121612,0.30769230769236655,0.03737851981061691,0.04983802641416178,2.9267688841876454,5.401350881765519,0.0,1.0,-0.17412935323383172,-0.06225874735400483,-1.1864088689069963,0.010832006412542228,-0.008447336273298411,-0.12284196285310411,-0.06625385894580837,0.0,0.0,-0.11200995644056189,0.23853345757858074,0.9711342799096361,0.0,2026-09-25 11:38:00,-1,4.459722886303205,2.459722886303205,4.459722886303205,-0.21102910698717028,-0.07472910698717028,0.0,145,THESIS_FAILURE,-0.17223572922644786
-0.07477567298104226,-0.07477567298104226,-0.08722741433020431,-0.03738783649052113,0.11224744325266799,-0.0623596906959306,0.33333333333338594,0.012471938139175484,0.0374158144175619,5.825804981632599,2.0281266584425475,0.0,1.0,-0.1618727431204059,-0.049862877088002744,-1.2733475455436571,0.0036821642461770665,-0.0071469565876558505,-0.07845783722721933,-0.08008045774254846,-0.16051364365972098,0.0,-0.07477567298104226,0.4162807922604009,0.9092361090470686,0.0,2026-09-25 11:56:00,-1,4.652656996299146,2.152656996299146,4.652656996299146,-0.1612407656815026,-0.024940765681502608,0.02494698765123615,166,TIMEOUT,-0.16076090895319686
0.06238303181533844,0.0,0.012470382840756855,0.06238303181533844,0.11221945137157532,0.09975062344139438,1.0,0.0,0.012468827930180943,2.5696299046763,1.5416310933393491,0.0,0.0,-0.06230529595014911,0.11234552490326788,-1.2408389095703742,0.009105039639423218,-0.03986921165134438,0.05327799217591522,0.05233959449210124,0.31948881789138905,0.0,0.06238303181533844,0.49090375361514144,0.8712138111201891,0.0,2026-09-25 12:04:00,1,3.897030439574672,3.897030439574672,1.1970304395746723,-0.0988795185231425,0.0374204814768575,0.07484096295372618,174,TIMEOUT,-0.1345364592324294
-0.09970089730807485,-0.09970089730807485,-0.09970089730807485,-0.04985044865403743,0.1746506986027951,-0.06237524950099446,0.4285714285714431,0.03742514970060022,0.07485029940120044,1.7655664818422916,6.065867679236414,0.0,0.0,-0.13703749844276025,0.012476606363054366,-1.2642926985630298,0.00628317625392949,-0.007148860948147373,-0.10598407356200434,-0.09255203635992748,0.08006405124099114,0.0,-0.09970089730807485,0.6129070536529762,0.7901550123756906,0.0,2026-09-25 12:18:00,-1,3.42106156501326,1.8210615650132604,3.42106156501326,-0.22357091385113406,-0.08727091385113406,0.04991265285750718,188,TIMEOUT,-0.1701444541011999
-0.04992511233150587,-0.062398602271307446,-0.0748689792862467,-0.01872581119585215,0.12487512487513552,0.0,0.2999999999999858,0.08741258741259664,0.037462537462538886,5.1994077804590875,3.703852400281383,0.0,0.0,-0.149625935162101,0.0,-1.331450355931818,-0.0062884353505543444,-0.04811891875488028,-0.04363667698095153,-0.026750060531366415,0.1593625498008011,0.0,-0.04992511233150587,0.8028174751911148,0.5962248749656155,0.0,2026-09-25 12:44:00,-1,3.3000000000000003,2.2,3.3000000000000003,-0.1487843945068509,-0.012484394506850904,0.012485953302541035,211,THESIS_FAILURE,-0.13869212736780645
-0.08746719980008422,-0.08746719980008422,-0.07498125468633488,-0.04373359990004211,0.13756878439219541,-0.12506253126564348,0.0909090909090087,0.0,0.012506253126551908,32.388794742599366,5.819616342174308,0.0,1.0,-0.21215524772245642,-0.06249218847645954,-1.444419462620794,-0.053382636321019916,-0.07116418532194801,-0.0340845634790643,-0.0038170693643868603,0.8661417322834764,0.0,-0.08746719980008422,0.8712138111201888,0.4909037536151419,0.0,2026-09-25 12:56:00,-1,5.1000000000000005,2.2,5.1000000000000005,-0.08624368664746887,0.050056313352531134,0.16260162601627223,226,TIMEOUT,-0.12320238631748673
-0.06257039169065282,-0.050062578222787035,-0.1000750562922148,-0.0375391025792593,0.12521913348360697,-0.012521913348366037,0.5999999999999716,0.03756574004508031,0.07513148009016062,4.852709638073329,1.5232649959751514,0.0,0.0,-0.26227051330085516,0.05011275369581902,-1.5487050232934951,-0.022992844019598113,0.020181678508013334,-0.0395775476710547,-0.12025673480022814,0.3167062549485289,0.0,-0.06257039169065282,0.9003187714021932,0.4352310993723281,0.0,2026-09-25 13:02:00,-1,3.225469248188818,1.5254692481888181,3.225469248188818,-0.17386574004507574,-0.037565740045075735,0.0,229,THESIS_FAILURE,-0.12110910376579377
0.0751408891672023,0.08767535070139942,0.0626095667418003,0.031303213816502584,0.11262670504317783,0.11262670504317783,1.0,0.0,0.0,1.259520014973061,1.3527173251271762,0.0,0.0,-0.03752814610958888,0.13784461152881455,-1.462176225831635,0.015617950230795152,0.02993869076803879,0.059522938936407144,0.032670875973761504,-0.2371541501976382,0.0,0.0751408891672023,0.9372819894918913,0.34857204732181557,0.0,2026-09-25 13:11:00,1,3.091458804542413,3.091458804542413,0.3914588045424129,-0.2363,-0.1,0.03755633450175406,238,HARD_STOP,-0.07974087438096587
-0.08764241893076674,-0.037579857196545774,-0.037579857196545774,-0.06885249033249385,0.2882205513784333,-0.03759398496240744,0.6521739130434702,0.06265664160400647,0.1879699248120194,7.255327345657119,5.242578468908061,0.0,0.0,-0.13765486171943841,0.0,-1.580981100643264,-0.0004339835129596459,-0.027984224706822936,-0.0872084354178071,-0.009595632489722838,0.07898894154818592,0.0,-0.08764241893076674,0.9542403285162768,0.2990407922560867,0.0,2026-09-25 13:16:00,-1,4.1000000000000005,2.2,4.1000000000000005,-0.2363,-0.1,0.1002883289457168,246,HARD_STOP,-0.15540595345147998
-0.05010647626204623,0.012534469791924963,-0.07514088916716899,-0.05637371115800871,0.17546058403308754,0.0,0.7142857142857723,0.05013159543801484,0.12532898859507272,5.430371223572357,3.048791790301256,0.0,0.0,-0.11266900350523912,0.17576898932831764,-1.5436868048677943,-0.028646579338009737,-0.02951440129168592,-0.021459896924036492,-0.04562648787548307,0.07849293563579884,0.0,-0.05010647626204623,0.9759167619387474,0.2181432413965425,0.0,2026-09-25 13:24:00,-1,3.4,2.2,3.4,-0.2363,-0.1,0.05013787916771904,252,HARD_STOP,-0.13162620862250524
-0.11266900350523912,-0.08765339343851375,-0.11266900350523912,-0.06884230678598224,0.1378618874545675,-0.07519739315702226,0.18181818181827578,0.03759869657852003,0.025065797719025226,4.012643041041432,1.95066295041749,0.0,0.0,-0.11266900350523912,0.08780732563975491,-1.50590030300225,0.004773880796204999,0.011284452845106152,-0.11744288430144412,-0.12395345635034527,-0.07855459544383603,0.0,-0.11266900350523912,0.9999451693655121,0.010471784116246337,0.0,2026-09-25 13:44:00,-1,4.517798327687871,2.1177983276878702,4.517798327687871,-0.2363,-0.1,0.03760340937578483,272,HARD_STOP,-0.14591150129799943
0.22542266750158468,0.25053238131029776,0.2379759519038016,0.1001564768464358,0.27489691365737706,0.24990628514307492,0.9090909090909267,0.024990628514302164,0.0,3.7896111509107824,5.952536092883012,1.0,0.0,0.17524095631493708,0.37626991094945605,-1.1851466972352953,0.11295050123139028,0.1700647070179917,0.1124721662701944,0.06791124488580991,-0.877192982456132,0.0,0.22542266750158468,0.9876883405951379,-0.15643446504022968,0.0,2026-09-25 14:00:00,1,7.6000000000000005,7.6000000000000005,2.2,0.1137,0.25,0.3250000000000064,288,TARGET,-0.1269318611583031
0.18745313671582053,0.16241879060470144,0.17493439960014623,0.10624374141346982,0.2993638518149047,0.1871024073843154,0.625,0.11226144443058925,0.0,4.817699196539547,6.511717991626068,1.0,0.0,0.11238761238760997,0.5266457680250802,-1.0073139919787089,0.2550335570469908,0.2800004331019901,-0.06758042033117029,-0.10506603350184385,-1.692183722804197,0.0,0.18745313671582053,0.9822872507286886,-0.18738131458572502,0.0,2026-09-25 14:03:00,1,5.4,5.4,3.4000000000000004,-0.2363,-0.1,0.07484096295372618,292,HARD_STOP,-0.14667605155454636
-0.1621958827199177,-0.13727692499687638,-0.1621958827199177,-0.0935574202214795,0.16245938515372366,-0.12496875781055804,0.23076923076922237,0.0,0.03749062734316563,4.2210855113048025,2.299545915108712,0.0,0.0,-0.29902815848493747,0.2756892230576513,-1.185730668853202,-0.018798251546547906,-0.06997144992074711,-0.1433976311733698,-0.09222443279917059,-0.32284100080710587,0.0,-0.1621958827199177,0.9735789028731604,-0.22835087011065533,0.0,2026-09-25 14:07:00,-1,6.174795661798921,1.8747956617989203,6.174795661798921,-0.08626873045653985,0.050031269543460155,0.07500937617200659,297,TIMEOUT,-0.11774597149261791
0.22533800701052265,0.1501125844383333,0.10002500625156951,0.150281714791356,0.2623032725456007,0.23732200849362695,1.0,0.0,0.024981264051973807,2.1410045911132976,3.503100343971046,1.0,0.0,0.04998750312421585,0.22533800701052265,-1.0873831264475275,0.022712229562227293,-0.009946870736088353,0.20262577744829535,0.10997187698765787,-0.08084074373484462,0.0,0.22533800701052265,0.9003187714021935,-0.43523109937232757,0.0,2026-09-25 14:28:00,1,6.827552525112314,6.827552525112314,1.6275525251123137,-0.17378594277146467,-0.037485942771464664,0.11245782831438636,318,TIMEOUT,-0.12962361826620575
-0.12484394506865337,-0.08742350443361468,-0.09990009990009652,-0.08113219285184603,0.16250000000001208,-0.1249999999999929,0.07692307692311055,0.02500000000001279,0.012500000000006395,2.102610033956729,1.482303112427584,0.0,0.0,-0.14977533699451762,0.18785222291797243,-1.1520994396822193,0.005403512715540515,0.009510572947157847,-0.1302474577841939,-0.10941067284725436,0.0,0.0,-0.12484394506865337,0.8763066800438634,-0.4817536741017156,0.0,2026-09-25 14:33:00,-1,4.813471919268614,1.313471919268614,4.813471919268614,-0.14880625312655407,-0.012506253126554068,0.0,320,THESIS_FAILURE,-0.13759872222068603
-0.06271951831409162,-0.05018190942164269,-0.03764115432873805,-0.03762856360327027,0.11296598468681963,-0.06275888038157042,0.22222222222220467,0.0251035521526246,0.0251035521526246,11.354767687598704,1.185085830472164,0.0,0.0,-0.16290726817042023,0.0,-1.4111549256478284,-0.036543068925853905,-0.01730182382850831,-0.02617644938823771,-0.020339330500229735,-0.08176614881438837,0.0,-0.06271951831409162,0.7071067811865483,-0.7071067811865467,0.0,2026-09-25 15:00:00,-1,3.3732886237124737,1.3732886237124737,3.3732886237124737,-0.11118699146157565,0.025113008538424353,0.1129801657042473,350,TIMEOUT,-0.10424595463559802
0.23863350916855097,0.213460572576607,0.2008788449466392,0.13190322288024747,0.25059516351334776,0.2255356471620183,1.0,0.0,0.02505951635132943,17.744611769452305,4.7114911536606945,1.0,0.0,0.06268806419258421,0.30162121402539377,-1.1410437828223374,-0.021627045918548582,0.0028122032314392698,0.26026055508709955,0.19806664171519994,0.08183306055646877,0.0,0.23863350916855097,0.6534206039901058,-0.7569950556517562,0.0,2026-09-25 15:07:00,1,7.7,7.7,2.6,0.1137,0.25,0.28836509528584475,356,TARGET,-0.13464231292119672
-0.16274411617425155,-0.06265664160400863,0.03763171098845053,-0.13141579537224723,0.30094043887146693,-0.13793103448275792,0.0,0.16300940438870903,0.0,14.661586120910403,6.05669233636053,0.0,0.0,-0.16274411617425155,0.22621591051905643,-1.13634646700298,-0.0077868143277370905,0.021419994158189404,-0.15495730184651446,0.016211716830261125,0.08190008190007703,0.0,-0.16274411617425155,0.6211477802783114,-0.783693457325839,0.0,2026-09-25 15:11:00,-1,5.2,2.2,5.2,0.1137,0.25,0.29988754217167923,357,TARGET,-0.14436525731552943
-0.09034783918084877,-0.12042751768778226,-0.15048908954100604,-0.030134080336957636,0.12057272042201479,-0.09042954031650682,0.2500000000000355,0.0,0.030143180105507986,2.4530868220187205,2.858182870302684,0.0,1.0,-0.22556390977443996,-0.08282508847224923,-0.6625768939807597,-0.03182300348536504,-0.07076237259526774,-0.05852483569548372,-0.0797267169457383,-0.07980845969672856,0.0,-0.09034783918084877,-0.5090414157503712,0.8607420270039438,0.0,2026-09-25 10:24:00,-1,5.325380043746505,1.725380043746504,5.325380043746505,-0.18149774011298994,-0.04519774011298994,0.030145451804965778,74,TIMEOUT,-0.16882452580087742
0.0677149951094691,0.0677149951094691,0.08277522763187051,0.03385749755473455,0.07518796992481204,0.06766917293233767,1.0,0.0,0.007518796992474364,14.247685676871974,2.3518839267225196,1.0,0.0,0.060186578393017776,0.12044564890092424,-0.4156410205417127,0.019919499241094485,0.027283061765825956,0.047795495868374616,0.05549216586604455,-0.16051364365972098,0.0,0.0677149951094691,0.020942419883357186,0.9997806834748455,0.0,2026-09-25 11:17:00,1,5.498347767025135,5.498347767025135,1.8983477670251339,-0.1889276219832922,-0.05262762198329218,0.0,124,THESIS_FAILURE,-0.1346156944836037
-0.045173919590435485,-0.015062509414076608,-0.015062509414076608,-0.03764266488339718,0.09792106056042346,-0.04519433564327632,0.3846153846153308,0.015064778547758773,0.03766194636938837,2.296998751132519,2.8467863223905483,0.0,0.0,-0.18795579279753394,0.0075329566854964725,-0.5882059026731223,0.011483518983568253,-0.03010462983217277,-0.05665743857400374,0.015042120418096161,-0.07993605115906854,0.0,-0.045173919590435485,0.12533323356430418,0.9921147013144779,0.0,2026-09-25 11:27:00,-1,3.1344031581986327,2.034403158198632,3.1344031581986327,-0.20404047869937406,-0.06774047869937405,0.0075318219477394305,134,THESIS_FAILURE,-0.12959486585309032
0.052726724917140366,0.030122750207084437,0.022590361445784524,0.03766534981359815,0.0978694572009301,0.052698938492813784,0.615384615384602,0.03764209892343597,0.0075284197846803465,3.659048198325284,4.030325374188801,0.0,0.0,-0.08274409508050029,0.052726724917140366,-0.5231308223899389,0.0017325955363967083,0.0034652511115895734,0.05099412938074366,0.01912511033419495,0.0,0.0,0.052726724917140366,0.3971478906347799,0.9177546256839815,0.0,2026-09-25 11:54:00,1,4.1000000000000005,4.1000000000000005,2.2,-0.10618632086123428,0.030113679138765725,0.08281261763156941,164,TIMEOUT,-0.139925798810526
-0.06772009029346604,-0.05267910897049921,-0.06020016555047247,-0.041380535808216434,0.075295534974776,-0.06776598147730524,0.09999999999990905,0.0,0.0075295534974707526,2.2355780959843403,2.0173231096707602,0.0,0.0,-0.09778847600422358,0.045197740112978835,-0.5354990724048991,-0.015595082350705614,-0.015811646468921747,-0.052125007942760426,-0.044388519081550726,0.08025682182986049,0.0,-0.06772009029346604,0.4352310993723276,0.9003187714021934,0.0,2026-09-25 11:58:00,-1,3.9273633521432294,1.2273633521432292,3.9273633521432294,-0.1513500413876209,-0.015050041387620894,0.015052306766015312,165,THESIS_FAILURE,-0.1387227092459258
0.08280015054571432,0.09786945720093865,0.13556258472662286,0.033865421945245,0.0977737665463263,0.08273164861611831,1.0,0.0,0.015042117930207995,9.94855015659599,4.708858910286299,1.0,0.0,0.030093289196497786,0.13556258472662286,-0.4057497993047332,0.013870497235646262,0.03945431645395736,0.06892965331006806,0.0961082682726655,-0.15961691939345712,0.0,0.08280015054571432,0.7705132427757887,0.6374239897486903,0.0,2026-09-25 12:39:00,1,6.300000000000001,6.300000000000001,2.2,-0.18897118133935878,-0.052671181339358775,0.06019563581639988,209,TIMEOUT,-0.1362348879233607
0.05274659030969353,0.030134096730449755,0.022598870056489417,0.03767954194446865,0.12050007531254023,0.052718782949242766,1.0,0.0,0.06778129236329745,5.342399052054001,4.49441181258687,0.0,0.0,-0.01506024096386005,0.06782726656113791,-0.5300684808971279,0.006296436217079204,-0.053162403548212556,0.046450154092614326,0.07576127360470197,0.0,0.0,0.05274659030969353,0.8763066800438631,0.48175367410171616,0.0,2026-09-25 12:57:00,1,4.9,4.9,2.2,-0.008268669980404347,0.12803133001959566,0.16568760355475565,227,TIMEOUT,-0.12598488585252904
0.06772009029345494,0.09784735812135015,0.10538200978547074,0.018796411232779864,0.08271298593880265,0.06767426122265514,1.0,0.0,0.015038724716147488,2.658108629504481,2.2390934220880543,1.0,0.0,0.030086498683723484,0.2789926104660001,-0.37123978505547717,0.016705139108252887,0.06120708178960488,0.05101495118520205,0.044174927995865865,-0.47281323877067516,0.0,0.06772009029345494,0.8957117602394128,0.4446351791849275,0.0,2026-09-25 13:01:00,1,4.359551786167089,4.359551786167089,1.5595517861670891,-0.15133985561739363,-0.015039855617393627,0.015039855617389493,228,THESIS_FAILURE,-0.12242239035522415
-0.07524454477050302,-0.09027986758952666,-0.06772518624427182,-0.030104610975739687,0.1280120481927745,-0.07530120481927711,0.29411764705881566,0.015060240963858846,0.03765060240963856,9.21648734569902,3.144589949440699,0.0,1.0,-0.15037593984962294,-0.045160319132919735,-0.5080330809365985,-0.02429638114080923,-0.04728029842977488,-0.05094816362969379,-0.020444887814496937,0.2373417721518889,0.0,-0.07524454477050302,0.9477684100095856,0.3189593092980705,0.0,2026-09-25 13:14:00,-1,5.0,2.2,5.0,-0.060942049736256415,0.07535795026374359,0.09036144578313596,244,TIMEOUT,-0.13340673682145995
-0.08289374529012461,-0.15813253012048056,-0.15813253012048056,-0.003827480229884328,0.08296251602685997,-0.0075420469115249295,0.27272727272740427,0.05279432838072595,0.02262614073460909,5.252884150434789,1.3548502091336927,0.0,1.0,-0.18068207483248333,-0.030159089195491706,-0.657433699551857,-0.00846559927760726,-0.031033524887580377,-0.07442814601251735,-0.1270990052329002,0.23566378633148588,0.0,-0.08289374529012461,0.9933727656003964,0.11493715049286685,0.0,2026-09-25 13:34:00,-1,4.749682594110162,1.4496825941101616,4.749682594110162,-0.106122708411904,0.03017729158809601,0.0754204691153179,264,TIMEOUT,-0.13872977741094147
-0.05278238576383876,-0.022627847337453044,0.0,-0.041468462095112235,0.1357978121463736,-0.0603545831761565,0.2222222222222503,0.04526593738213025,0.030177291588086835,3.9628490627824844,1.9176265207541836,0.0,0.0,-0.18825301204818956,0.045286436712199674,-0.6733462051451311,0.0006509879827421017,0.003255024673087803,-0.05343337374658086,-0.003255024673087803,0.07861635220125507,0.0,-0.05278238576383876,0.9997806834748455,0.020942419883357738,0.0,2026-09-25 13:43:00,-1,4.002931934339383,2.1029319343393826,4.002931934339383,-0.2363,-0.1,0.02263467632414229,272,HARD_STOP,-0.15825347747912152
-0.09040229019136037,-0.06781704468388217,0.007540909433689791,-0.056493767849419285,0.13572613482129048,-0.0980244307042644,0.11111111111113918,0.022621022470212224,0.015080681646813865,1.5471756268243784,2.2081978891197687,0.0,0.0,-0.09040229019136037,0.09056603773585081,-0.614188376628888,-0.013450482698762478,-0.025162471475304038,-0.07695180749259789,0.03270338090899383,-0.07861635220125507,0.0,-0.09040229019136037,0.9991228300988584,-0.04187565372919849,0.0,2026-09-25 13:49:00,-1,3.6346356448573043,0.934635644857304,3.6346356448573043,-0.060839692121938654,0.07546030787806135,0.12818579399789212,279,TIMEOUT,-0.1636086073596946
-0.11312217194570096,-0.06036369123971763,-0.052822215514647386,-0.08294032632584214,0.14345035862588626,-0.11325028312570783,0.15789473684209265,0.007550018875040321,0.02265005662513813,3.480608949375896,2.703128568498466,0.0,0.0,-0.2485314053321197,0.0,-0.7341208672705934,-0.019085252521755525,0.01518665483553061,-0.09403691942394543,-0.068008870350178,0.2373417721518889,0.0,-0.11312217194570096,0.9921147013144779,-0.12533323356430412,0.0,2026-09-25 13:57:00,-1,4.75640785582431,2.0564078558243097,4.75640785582431,-0.2363,-0.1,0.030200075500195617,285,HARD_STOP,-0.12224115044459613
0.15100037750095385,0.14343952891440193,0.15100037750095385,0.07928061304375289,0.17338861666038105,0.15077271013946475,0.9565217391304734,0.007538635506966381,0.015077271013949903,1.7408384570558573,3.9010169515043303,1.0,0.0,0.022621022470215024,0.18125519220604236,-0.5809137993603941,0.11295050123139028,0.1700647070179917,0.038049876269563576,-0.019064329517037848,-0.877192982456132,0.0,0.15100037750095385,0.9876883405951379,-0.15643446504022968,0.0,2026-09-25 14:00:00,1,5.407461151380723,5.407461151380723,1.4074611513807216,0.1137,0.25,0.31714868232273996,288,TARGET,-0.1413718526025373
0.3020007550018855,0.3171486823227321,0.15077271013945737,0.14342641384051946,0.30861874294316216,0.30861874294316216,1.0,0.0,0.0,5.317656771302479,8.882303391160663,1.0,0.0,0.14322327755165176,0.33230118571105915,-0.4185295491601515,0.2550335570469908,0.2800004331019901,0.04696719795489468,-0.1292277229625327,-1.692183722804197,0.0,0.3020007550018855,0.9822872507286886,-0.18738131458572502,0.0,2026-09-25 14:03:00,1,6.9,6.9,2.7,-0.2363,-0.1,0.06023642797983449,289,HARD_STOP,-0.1538146516531496
-0.07545461404965259,0.0,0.022658610271908408,-0.07545461404965259,0.11326738654383448,-0.08306275013215558,0.26666666666657574,0.0,0.030204636411678896,3.049068518389442,1.2488163245697355,0.0,0.0,-0.3461509519151251,0.09069609251002309,-0.7163886375526785,-0.037833420530364315,0.03266786088249596,-0.037621193519288276,-0.01000925061058755,-0.2417405318291599,0.0,-0.07545461404965259,0.9602936856769431,-0.2789911060392291,0.0,2026-09-25 14:12:00,-1,3.3289550311705747,1.3289550311705742,3.3289550311705747,-0.2363,-0.1,0.022651766837827082,300,HARD_STOP,-0.12784584147850944
-0.12070006035002079,-0.08301260282241874,-0.10562848951261028,-0.07919375893881142,1.072507552870094,-0.12084592145014418,0.8450704225352086,0.045317220543816955,0.906344410876133,59.03903381952646,19.80544616189115,0.0,0.0,-0.22607385079125297,0.06802206938252287,-0.6824975676553269,-0.004973435368038626,0.02920188016846126,-0.11572662498198216,-0.13483036968107154,0.0,0.0,-0.12070006035002079,0.9092361090470688,-0.4162807922604008,0.0,2026-09-25 14:26:00,-1,5.7,3.0,5.7,0.1137,0.25,0.33980215963150345,312,TARGET,-0.20747116516271225
0.2195472783707908,0.22713506965474917,0.25749772796122006,0.10597974354341622,0.21906632421814956,0.21906632421814956,1.0,0.0,0.0,6.419453237299455,2.625198242983578,0.0,0.0,-0.19601930036189374,0.8993902439024426,-0.6557358635682853,0.05731241538309284,0.07289544154738259,0.16223486298769796,0.18460228641383747,-0.3233629749393674,0.0,0.2195472783707908,0.8910065241883685,-0.4539904997395457,0.0,2026-09-25 14:30:00,1,7.02133920934261,7.02133920934261,2.02133920934261,-0.015435821121001198,0.12086417887899881,0.23417434657804323,320,TIMEOUT,-0.1386084409157467
-0.18855117278829825,-0.15843078083741524,-0.11321609178051029,-0.10933578236959063,0.1813510654375163,-0.17379477104427643,0.04166666666672193,0.0,0.0075562943932398685,1.3703244827173013,2.7782404875509963,0.0,0.0,-0.18855117278829825,0.0604869197036173,-0.6489197052125584,-0.036543068925853905,-0.01730182382850831,-0.15200810386244434,-0.09591426795200197,-0.08176614881438837,0.0,-0.18855117278829825,0.7071067811865483,-0.7071067811865467,0.0,2026-09-25 15:00:00,-1,5.393886684892465,1.0938866848924642,5.393886684892465,-0.09093137996218884,0.04536862003781117,0.0982541002191788,350,TIMEOUT,-0.12328079329529716
0.11342155009452792,0.09828381341194792,0.1209921355111776,0.06427964338855396,0.12839879154078893,0.12839879154078893,1.0,0.0,0.0,5.3136053025181464,1.1617540409720941,0.0,0.0,-0.14329889131911022,0.1664397034347065,-0.5845940197921173,0.02963783431801925,0.040026049385644136,0.08378371577650867,0.08096608612553347,-0.2448979591836653,0.0,0.11342155009452792,0.6613118653236517,-0.7501110696304597,0.0,2026-09-25 15:06:00,1,4.562789318437443,4.562789318437443,1.3627893184374422,-0.1891740841453268,-0.052874084145326794,0.007553440592182871,353,THESIS_FAILURE,-0.153680130799998
0.06802721088436936,0.030222893842091203,0.07559150351501565,0.05291576396332376,0.10574816829066326,0.06798096532971455,1.0,0.0,0.03776720296094871,3.308793399293817,1.482980200378015,0.0,0.0,-0.007552870090632435,0.15887426236951274,-0.5779508974664394,0.007571103477510555,0.03483657104279558,0.060456107406858806,0.04075493247222006,-0.24549918166940632,0.0,0.06802721088436936,0.6129070536529766,-0.7901550123756903,0.0,2026-09-25 15:12:00,1,4.207341090170107,4.207341090170107,1.5073410901701068,0.1137,0.25,0.28703074250320676,359,TARGET,-0.11923790767106615
-0.06343165239454107,-0.1457725947521804,-0.09511731135065649,0.009454644981549132,0.1904157410345994,-0.06347191367819378,0.6666666666666983,0.0,0.1269438273564056,2.9062203232873522,1.356149005895208,0.0,0.0,-0.2469292136254242,0.05715737330116433,-1.0083952447988653,-0.015178521091641084,0.03123888199512148,-0.04825313130289999,-0.12635619334577797,0.15698587127157548,0.0,-0.06343165239454107,-0.721760228098362,0.6921431738704069,0.0,2026-09-25 09:58:00,-1,2.898688230460887,1.2986882304608875,2.898688230460887,-0.2363,-0.1,0.019042782785325084,45,HARD_STOP,-0.14254422134976846
0.15217804831650916,0.03166561114629207,0.20936429387132804,0.13634524274336313,0.215257993035773,0.15194681861347306,0.7352941176470514,0.056980056980059146,0.006331117442240791,1.70036865531897,1.5024840408113942,0.0,0.0,-0.04429819010253189,0.38131553860818457,-0.7481106392080772,0.05830764762240204,0.10409099287627122,0.09387040069410713,0.10527330099505683,-0.5546751188589383,0.0,0.15217804831650916,-0.6768759696826608,0.7360970871197342,0.0,2026-09-25 10:04:00,1,5.701320578790562,5.701320578790562,0.701320578790561,0.1137,0.25,0.3038936372269821,53,TARGET,-0.15200290879169992
0.07592534008222795,0.17099430018998607,0.13928458372902686,-0.00957181001276508,0.20231396598597817,0.10747929443003573,0.5937499999999528,0.08219004868181316,0.012644622874129248,2.0875142555924167,1.3426272081021018,1.0,0.0,0.07592534008222795,0.5211312360978715,-0.6063021568667892,0.01733090989444186,0.014730890460668,0.058594430187786095,0.12455369326835886,-0.398089171974525,0.0,0.07592534008222795,-0.6534206039901057,0.7569950556517562,0.0,2026-09-25 10:07:00,1,3.342315084221775,3.342315084221775,0.8423150842217749,-0.14894462287411395,-0.012644622874113942,0.16438009736360837,57,TIMEOUT,-0.15986276097500407
0.10128505412418942,0.18373035985808084,0.19007793195209288,0.009419874195149003,0.15809776765952063,0.10118257130209106,0.67999999999995,0.050591285651054516,0.006323910706375075,3.906465115974741,2.6861122779092956,1.0,0.0,0.0632791242169084,0.34266133637921303,-0.5692351730924083,0.06026329423443055,0.06720473815082784,0.04102175988975887,0.12287319380126505,-0.23923444976076125,0.0,0.10128505412418942,-0.13571557243430415,0.9907478404714436,0.0,2026-09-25 11:02:00,1,5.248750525059183,5.248750525059183,2.048750525059183,-0.07936680161944012,0.05693319838055988,0.09488866396759695,112,TIMEOUT,-0.12186446090037835
0.18349784864593044,0.15181225883991178,0.19617769902544602,0.10759171922597455,0.2147413629760648,0.18947767321418008,0.8823529411764952,0.025263689761884697,0.0,3.32565685924447,8.097022785943466,1.0,0.0,0.15181225883991178,0.27867502691749646,-0.4016461310996422,0.023611011829327566,0.04159751801475764,0.15988683681660287,0.15458018101068838,0.0,0.0,0.18349784864593044,0.7071067811865474,0.7071067811865477,0.0,2026-09-25 12:30:00,1,8.1,8.1,2.2,-0.16156209422760717,-0.025262094227607168,0.19578123026399033,200,TIMEOUT,-0.1761973082520064
-0.09482867619168278,-0.12639828098337524,-0.139020537124801,-0.03162953569999516,0.10757451116877549,-0.09491868632538485,0.11764705882357858,0.0,0.012655824843390643,1.2662167201942558,1.1851594926087716,0.0,1.0,-0.2650678447459698,-0.06323910706380609,-0.5825044389939804,-0.0062884353505543444,-0.04811891875488028,-0.08854024084112844,-0.09090161836992072,0.1593625498008011,0.0,-0.09482867619168278,0.8028174751911148,0.5962248749656155,0.0,2026-09-25 12:44:00,-1,4.419740967780788,0.3197409677807879,4.419740967780788,-0.1363,0.0,0.006328312871800612,211,THESIS_FAILURE,-0.1285867406408577
-0.08856275303644745,-0.05062650297431581,-0.05062650297431581,-0.06324950154928954,0.12663036596176844,-0.050652146384710973,0.2999999999999858,0.03798910978852873,0.03798910978852873,2.6409957262802344,1.2382648699730376,0.0,1.0,-0.3029920464587721,-0.044300993607993,-0.6339927163225956,-0.01626636938972803,-0.021687316606633367,-0.07229638364671942,-0.028939186367682446,0.31872509960158,0.0,-0.08856275303644745,0.8270805742745616,0.562083377852131,0.0,2026-09-25 12:48:00,-1,3.899766840941996,1.0997668409419958,3.899766840941996,-0.14263111744222648,-0.006331117442226475,0.018994554894264364,215,THESIS_FAILURE,-0.1305733993058432
0.1519756838905817,0.13295346628681148,0.13295346628681148,0.08549895074717595,0.18968133535660808,0.1580677794638341,0.9,0.01896813353566081,0.012645422357113198,12.657005737435462,2.585275582583123,0.0,0.0,-0.050556117290201374,0.17734988598936408,-0.48946571104723224,0.00499005243894679,-0.007592602635719814,0.1469856314516349,0.1405460689225313,0.0,0.0,0.1519756838905817,0.8498926929868638,0.5269557954966779,0.0,2026-09-25 12:52:00,1,6.303374012162406,6.303374012162406,2.0033740121624053,-0.19952711178553542,-0.06322711178553542,0.01896813353566081,219,THESIS_FAILURE,-0.16356577787463503
-0.14515620069421864,-0.05053695514846135,-0.08209662140826746,-0.11988772311998797,0.19592971811401988,-0.19592971811401988,0.0,0.0,0.0,12.28223944969076,2.2996365169071646,0.0,0.0,-0.19554658424273397,0.09489466691972037,-0.44138150261012754,-0.006940227292440149,0.004771965138639089,-0.1382159734017785,-0.08686858654690655,0.0,0.0,-0.14515620069421864,0.9408807689542255,0.3387379202452915,0.0,2026-09-25 13:12:00,-1,5.374836432608225,1.874836432608224,5.374836432608225,-0.04774845034787281,0.08855154965212719,0.13270980788675932,242,TIMEOUT,-0.1355762553855677
-0.03795066413662118,-0.044272974511427865,-0.08850676444557282,-0.01581417688090725,0.12655024044544966,-0.006327512022285071,0.1999999999999716,0.09491268033407826,0.025310048089086334,5.682358577804322,1.7750920011016507,0.0,0.0,-0.30908976219012896,0.006327912421677517,-0.5512383682882871,-0.009114662453657552,-0.020180233352928845,-0.02883600168296363,-0.06832653109264397,0.3940110323089163,0.0,-0.03795066413662118,0.9602936856769432,0.27899110603922883,0.0,2026-09-25 13:18:00,-1,2.8387914004957424,1.6387914004957427,2.8387914004957424,-0.1426275120222639,-0.0063275120222638925,0.07593494906030789,248,TIMEOUT,-0.12364104187211766
-0.012638230647721294,0.01896333754740631,0.03160955873053872,-0.02211989942142445,0.1769575933767308,-0.01263982809834433,0.3928571428570885,0.09479871073753757,0.0695190545408489,5.634715255630854,3.4740759779356956,0.0,0.0,-0.04421983575491062,0.2280357255969978,-0.38702179252975144,0.028636076683952183,0.04730173953233496,-0.04127430733167348,-0.01569218080179624,-0.5507474429582992,0.0,-0.012638230647721294,0.9933727656003964,-0.11493715049286624,0.0,2026-09-25 13:56:00,-1,2.9000000000000004,2.6,2.9000000000000004,-0.2363,-0.1,0.14534883720931382,285,HARD_STOP,-0.15277733602689963
0.23382204246713556,0.3225806451613078,0.3225806451613078,0.07253171988648166,0.34676249921191055,0.22697181766598173,0.6545454545454659,0.11979068154592883,0.0,3.350255367324253,9.45951713907595,1.0,0.0,0.13257575757577023,0.4687401026160831,-0.14398636345545057,0.11295050123139028,0.1700647070179917,0.12087154123574528,0.1525159381433161,-0.877192982456132,0.0,0.23382204246713556,0.9876883405951379,-0.15643446504022968,0.0,2026-09-25 14:00:00,1,7.300000000000001,7.300000000000001,2.2,-0.2363,-0.1,0.02521591123998742,286,HARD_STOP,-0.19917586045368424
0.07564773371997457,0.252604988948546,0.11351453616699203,-0.05065476075429842,0.18897637795274516,0.10078740157480101,0.5333333333333523,0.08818897637794416,0.0,3.316159497850804,1.2319188558717877,0.0,0.0,-0.0314861460957272,0.46832478957028467,-0.05195773127983916,-0.006910282932903744,0.2277085849599736,0.08255801665287832,-0.11419404879298156,0.4098360655737654,0.0,0.07564773371997457,0.9802711746217219,-0.1976573403791259,0.0,2026-09-25 14:04:00,-1,3.0943634851423045,2.0943634851423045,3.0943634851423045,0.09090100978228519,0.2272010097822852,0.2266859769536009,294,TIMEOUT,-0.11851406404153296
0.2831969792322253,0.4032512129040322,0.35898727799470453,0.0815713727802092,0.3577031691245643,0.29494822717288915,0.9298245614035219,0.02510197678066648,0.03765296517100865,134.75729851086703,5.295498097624044,1.0,0.0,0.25165146272412287,0.45388640231986965,0.28864632091376574,-0.004973435368038626,0.02920188016846126,0.28817041460026394,0.3297853978262433,0.0,0.0,0.2831969792322253,0.9092361090470688,-0.4162807922604008,0.0,2026-09-25 14:26:00,1,7.7,7.7,2.6,-0.2363,-0.1,0.10668340131786376,316,HARD_STOP,-0.11697044780806465
-0.15686766643658867,-0.11926432741196091,-0.16939582156971777,-0.09723550273060821,0.19482151835093156,-0.17596782302664726,0.09677419354839005,0.0,0.018853695324284273,2.0239693017436036,1.9099467856386285,0.0,0.0,-0.25075225677031465,0.29624960605105777,0.14214615497056826,-0.00410683831809644,0.04606291805342444,-0.15276082811849223,-0.21545873962314221,-0.08110300081103361,0.0,-0.15686766643658867,0.8862035792312147,-0.46329603511986167,0.0,2026-09-25 14:31:00,-1,5.362659169496365,1.0626591694963647,5.362659169496365,-0.2363,-0.1,0.05028916268544915,320,HARD_STOP,-0.14313984613162173
0.08819453193900095,0.05037783375314575,0.018885741265339817,0.06300561506242808,0.15735146022155086,0.0944108761329341,0.7200000000000273,0.04405840886202995,0.01888217522658682,1.4010631016001005,3.6743406067854236,0.0,0.0,-0.07547169811320531,0.11973029176381988,-0.010291047305421852,0.04260795276356255,0.05797302091354872,0.0455865791754384,-0.039087279648208906,-0.16420361247947435,0.0,0.08819453193900095,0.5962248749656156,-0.8028174751911147,0.0,2026-09-25 15:14:00,1,3.920584705880055,3.920584705880055,1.2205847058800554,-0.041799905499906004,0.094500094500094,0.1386001386001379,364,TIMEOUT,-0.09724413789230377
0.11008807045636004,0.2003405789842816,0.14015416958654825,0.009917780964219247,0.20993701889432262,0.1099670098970218,0.5238095238095032,0.09997000899730081,0.0,2.9230983524670897,2.9551009892888582,1.0,0.0,0.06001800540160751,0.27064955894144926,-0.8523333421502133,0.05830764762240204,0.10409099287627122,0.051780422833958006,0.036063176710277034,-0.5546751188589383,0.0,0.11008807045636004,-0.6768759696826608,0.7360970871197342,0.0,2026-09-25 10:04:00,1,4.027499539036886,4.027499539036886,2.0274995390368855,-0.2363,-0.1,0.049985004498650405,50,HARD_STOP,-0.08579263516376381
-0.0199740337561094,0.00999000999000188,0.06997201119551821,-0.02496903875111034,0.1498351813005694,-0.029967036260109332,0.06666666666668182,0.10987913295375314,0.009989012086706897,18.597576160461717,2.1944915307755553,0.0,0.0,-0.0199740337561094,0.26039058587881136,-0.7047381689730958,0.02297799098656128,0.0021672839813913214,-0.04295202474267068,0.06780472721412689,-0.3162055335968472,0.0,-0.0199740337561094,-0.33873792024529226,0.9408807689542251,0.0,2026-09-25 10:42:00,-1,3.3275211888490004,2.227521188849,3.3275211888490004,0.07380505252625488,0.2101050525262549,0.24960063897763576,92,TIMEOUT,-0.12432809698795412
-0.139930034982505,-0.139930034982505,-0.11996401079675811,-0.0699650174912525,0.16014412971674735,-0.1501351216094485,0.06250000000001332,0.0,0.010009008107298841,5.995681883265757,3.3827509684396193,0.0,1.0,-0.20974830203756012,-0.09000000000000119,-0.8639423508766009,-0.020143648036330397,-0.01689522146820499,-0.1197863869461746,-0.10306878932855312,-0.08012820512820484,0.0,-0.139930034982505,0.21814324139654195,0.9759167619387475,0.0,2026-09-25 11:36:00,-1,7.4,2.2,7.4,-0.2363,-0.1,0.040040040040037764,145,HARD_STOP,-0.1368311865132914
0.15000000000000568,0.1600160016001606,0.15000000000000568,0.06999199919992538,0.25961058412381655,0.15976035946081105,0.6153846153846187,0.0998502246630055,0.0,10.077962698077142,7.746019553317041,1.0,0.0,0.12997400519896285,0.20010005002502051,-0.5751021531814393,-0.018846997045129932,-0.03833641612988048,0.16884699704513562,0.18833641612988616,-0.24057738572574872,0.0,0.15000000000000568,0.444635179184927,0.8957117602394131,0.0,2026-09-25 11:59:00,1,6.2,6.2,2.6,-0.14628601957260537,-0.009986019572605365,0.1697623327341767,169,TIMEOUT,-0.09696138297373964
-0.009983028850957254,0.04994506043352054,0.009985022466296734,-0.03495555906771752,0.1996805111821086,-0.01996805111820405,0.25,0.12979233226837741,0.04992012779552715,2.995993838605342,4.788496595476663,0.0,0.0,-0.08977556109724949,0.2101050525262549,-0.5616209112271009,-0.007150456437476915,-0.010616976328481353,-0.0028325724134803387,0.020601998794778087,-0.08000000000000229,0.0,-0.009983028850957254,0.4725507648690542,0.8813034520649922,0.0,2026-09-25 12:02:00,-1,4.097796611232939,2.0977966112329383,4.097796611232939,-0.1363,0.0,0.019974033756110236,169,THESIS_FAILURE,-0.14462818710678668
0.1398182362928324,0.12981825444378092,0.089838291076072,0.07490910907094195,0.18948838137030924,0.12964994514810693,0.7368421052631705,0.049865363518500044,0.009973072703702276,4.734506016677788,4.623521964403267,1.0,0.0,0.06986027944111406,0.2198900549725158,-0.44216998684039055,0.00628317625392949,-0.007148860948147373,0.13353506003890292,0.09698715202421937,0.08006405124099114,0.0,0.1398182362928324,0.6129070536529762,0.7901550123756906,0.0,2026-09-25 12:18:00,1,7.4,7.4,2.2,-0.16621921811110743,-0.029919218111107426,0.11967687244439332,188,TIMEOUT,-0.1704784235812298
-0.06980454726764895,-0.06980454726764895,-0.02992817238627321,-0.03490227363382448,0.11974852809101343,-0.07983235206066805,0.25000000000004735,0.009979044007586342,0.029937132022759026,2.693185670644097,1.680939639317633,0.0,0.0,-0.10964912280702066,0.03993211540380681,-0.49275306682972086,-0.010611642054136894,0.012780272458079445,-0.05919290521351206,-0.042708444844352655,-0.08000000000000229,0.0,-0.06980454726764895,0.7217602280983624,0.6921431738704067,0.0,2026-09-25 12:32:00,-1,4.027674956547188,1.3276749565471881,4.027674956547188,0.1137,0.25,0.2793574778010531,201,TARGET,-0.1501425771767632
-0.1397066161061722,-0.11977243237847324,-0.1397066161061722,-0.07982039991693557,0.16988108324172396,-0.13990206855201132,0.0,0.029979014689712653,0.0,3.116295399599406,2.6990553516919613,0.0,1.0,-0.22931206380857327,-0.09983028850953923,-0.6295264440914772,-0.029893617712606346,-0.04526670536356692,-0.10981299839356584,-0.09443991074260527,0.08012820512819374,0.0,-0.1397066161061722,0.7431448254773937,0.6691306063588589,0.0,2026-09-25 12:35:00,-1,6.418537378041057,2.018537378041056,6.418537378041057,0.06400045067600532,0.20030045067600533,0.2298850574712598,205,TIMEOUT,-0.15180633775853608
-0.05012531328321135,-0.11020939785593153,-0.18021625951141207,0.004979385644754419,0.12036108324975381,-0.020060180541629436,0.5,0.04012036108324747,0.060180541624876904,8.599281865246324,1.5314475582804827,0.0,1.0,-0.5387071029529067,-0.05012531328321135,-0.9820414376034758,-0.0062884353505543444,-0.04811891875488028,-0.043836877932657003,-0.1320973407565318,0.1593625498008011,0.0,-0.05012531328321135,0.8028174751911148,0.5962248749656155,0.0,2026-09-25 12:44:00,-1,4.7291514012262175,1.5291514012262173,4.7291514012262175,-0.2363,-0.1,0.04012036108324747,211,HARD_STOP,-0.16751643809940484
-0.07018951168152876,-0.1402805611222413,-0.22026431718060735,-4.923112040811084e-05,0.1605458559100966,-0.10034115994380895,0.06250000000001332,0.05017057997190447,0.010034115994383176,4.623296043877619,2.159888068144754,0.0,1.0,-0.27018913239267306,-0.04012036108325123,-1.0069456283010036,0.02692099772692025,-0.020181240560390723,-0.09711050940844901,-0.20008307662021663,-0.6245120999219367,0.0,-0.07018951168152876,0.8813034520649918,0.4725507648690547,0.0,2026-09-25 12:58:00,-1,5.41194963066514,2.211949630665139,5.41194963066514,-0.19646847172082285,-0.06016847172082285,0.0,225,THESIS_FAILURE,-0.12514434175039998
-0.0802085422097365,-0.09022556390977376,-0.020064205457459572,-0.03509576025484962,0.1204093919325753,-0.07023881196065943,0.08333333333334912,0.040136463977532705,0.010034115994383176,2.4279637881974407,1.6226766998090851,0.0,0.0,-0.12026458208057589,0.020072260136494435,-0.9924813342203409,-0.003904335113413815,0.02451751483527609,-0.07630420709632268,-0.04458172029273566,0.0,0.0,-0.0802085422097365,0.9335804264972015,0.3583679495453008,0.0,2026-09-25 13:10:00,-1,3.855584598422681,1.1555845984226807,3.855584598422681,0.004332847815158608,0.1406328478151586,0.17052863878021185,240,TIMEOUT,-0.15974893428930886
-0.11036420186616436,-0.11036420186616436,-0.10034115994380643,-0.05518210093308218,0.14061872237846296,-0.12053033346724906,0.14285714285717765,0.0,0.020088388911213888,2.4756700490754486,2.704264610647609,0.0,1.0,-0.2204850671477132,-0.08028904054595554,-1.0875878986393972,-0.016050389547295207,-0.007375143164545239,-0.09431381231886915,-0.0929660167792612,0.15847860538829028,0.0,-0.11036420186616436,0.9443763702374811,0.3288666467385831,0.0,2026-09-25 13:13:00,-1,5.7685376017829215,1.668537601782921,5.7685376017829215,0.04482296236667546,0.18112296236667547,0.23101647247891405,243,TIMEOUT,-0.13860525993841247
-0.07032348804499877,-0.0803616273229446,-0.05024115755627445,-0.03014267438352647,0.11058610636373004,-0.0703729767769108,0.2727272727273291,0.01005328239670481,0.030159847190114428,10.30775166242394,1.7003812204968027,0.0,1.0,-0.31068350370815345,-0.05024115755627445,-1.1641463968192545,-0.010632642211594323,-0.014320989797378392,-0.05969084583340445,-0.03592016775889606,0.15785319652723562,0.0,-0.07032348804499877,0.9573194975320674,0.2890317969444714,0.0,2026-09-25 13:17:00,-1,5.205171549223562,1.6051715492235612,5.205171549223562,-0.2363,-0.1,0.14074595355384445,246,HARD_STOP,-0.12551856253087065
0.05014039310067275,0.12042147516306834,0.12042147516306834,-0.010070344480861415,0.11025358324145762,0.05011526510975242,0.818181818181884,0.020046106043894136,0.04009221208781106,2.8794237555352367,1.5088198022752723,1.0,0.0,0.020050125313297862,0.22099447513812542,-0.8331041919987459,-0.003255024673087803,0.011068669155300803,0.053395417773760556,0.10935280600776753,-0.07849293563578774,0.0,0.05014039310067275,0.9991228300988584,0.0418756537291991,0.0,2026-09-25 13:41:00,1,4.252651976568252,4.252651976568252,1.7526519765682527,-0.21648442417561112,-0.08018442417561111,0.08018442417559933,271,TIMEOUT,-0.1436733511720239
0.0602530628640352,0.030117458086542648,0.0,0.04519433382076388,0.09032517061420887,0.05018065034122842,1.0,0.0,0.04014452027298046,3.221438781461932,1.3443214146529492,0.0,0.0,-0.030099327781685226,0.11051944137445702,-0.8584332430333519,0.006703557859277787,-0.0006486837126340461,0.053549505004757414,0.0006486837126340461,0.08156606851550396,0.0,0.0602530628640352,0.8090169943749477,-0.5877852522924729,0.0,2026-09-25 14:45:00,1,4.144944636593828,4.144944636593828,1.444944636593827,0.1137,0.25,0.341228422320351,333,TARGET,-0.15201212641193326
-0.010022048506708181,0.09028892455860138,0.13046969088719162,-0.05516651078600887,0.21048411346095108,-0.0601383181316938,0.0,0.1503457953292573,0.0,4.015223630495673,9.393031691507701,0.0,0.0,-0.09012617664730938,0.24113332663520115,-0.723125789245116,-0.01881268190999652,-0.022704077219815044,0.00879063340328834,0.15317376810700667,0.49099836333876823,0.0,-0.010022048506708181,0.7901550123756906,-0.612907053652976,0.0,2026-09-25 14:48:00,-1,3.4,2.7,3.4,-0.005882664526479481,0.13041733547352052,0.2103997595431342,338,TIMEOUT,-0.1552358676342064
0.0802085422097587,0.0802085422097587,0.070175438596487,0.04010427110487935,0.14025245441795003,0.08014425966740815,0.8571428571429035,0.020036064916843496,0.04007212983369838,2.7793111196959477,5.366667311546733,1.0,0.0,0.070175438596487,0.22088353413654005,-0.6430962379025074,0.03505294726044994,0.007787420719718163,0.045155594949308764,0.06238801787676884,0.08196721311477528,0.0,0.0802085422097587,0.629320391049838,-0.7771459614569705,0.0,2026-09-25 15:10:00,1,5.578621115832772,5.578621115832772,1.9786211158327713,-0.0862148552539296,0.0500851447460704,0.0701192026445002,360,TIMEOUT,-0.12936892656770066
0.0,0.08015228934976637,0.07012622720896644,-0.040076144674883185,0.1101211332465735,0.010011012113326934,0.9090909090908903,0.010011012113326934,0.09009910901991963,2.2705119524737714,3.343535893846688,0.0,0.0,0.0,0.2911646586345462,-0.5673044471319111,0.007786831170686348,0.0075705139297443935,-0.007786831170686348,0.06255571327922205,-0.08203445447088065,0.0,0.0,0.6045991148623755,-0.7965299180241958,0.0,2026-09-25 15:13:00,1,2.8987815738605742,2.8987815738605742,2.4987815738605743,-0.2363,-0.1,0.010011012113326934,359,HARD_STOP,-0.119755402834506
0.2448979591836764,0.37600130783064234,0.3322621057791686,0.056897305268355236,0.32573289902281366,0.2714440825190011,0.8333333333333017,0.05428881650381257,0.0,1.363783976489033,1.6311281339877526,1.0,0.0,0.1958224543080922,0.628243649276139,-1.353459487656672,0.007808500854600275,-0.03447296474001771,0.23708945832907613,0.3667350705191863,-0.15847860538826808,0.0,0.2448979591836764,-0.7771459614569713,0.6293203910498368,0.0,2026-09-25 09:50:00,1,6.474088847363458,6.474088847363458,0.5740888473634568,-0.2363,-0.1,0.08686210640609393,38,HARD_STOP,-0.07350315674335073
0.3417041818083222,0.570807284588204,0.554408087835645,0.056300539514220205,0.5027027027027063,0.36756756756757125,0.7634408602150567,0.1189189189189183,0.01621621621621683,5.896929573027417,3.7650684626809454,1.0,0.0,0.29818378964490133,1.065282709642168,-0.9146316561283618,0.036228425647122364,0.07204876746693678,0.3054757561611998,0.4823593203687082,-0.23547880690737433,0.0,0.3417041818083222,-0.7360970871197345,0.6768759696826605,0.0,2026-09-25 09:56:00,1,8.1,8.1,2.2,0.1137,0.25,0.4487456747404758,42,TARGET,-0.11773119034238498
-0.4314994606256839,-0.4314994606256839,-0.1892403352257377,-0.21574973031284195,0.4333694474539606,-0.40628385698808234,0.0,0.02708559046587831,0.0,2.1222440647601806,2.599592765975405,0.0,0.0,-0.6405081005436242,0.3260869565217428,-1.1187207157096535,-0.023179489401337072,0.05116287136441855,-0.4083199712243468,-0.24040320659015624,0.07968127490038945,0.0,-0.4314994606256839,-0.6691306063588588,0.7431448254773937,0.0,2026-09-25 10:05:00,-1,5.6270509803070325,1.4270509803070315,5.6270509803070325,-0.2363,-0.1,0.0,52,HARD_STOP,-0.1911256900865161
0.25583800555222247,0.261295590636923,0.32683298834295105,0.12519021023376098,0.3474861548485103,0.3040503854924543,0.8750000000000222,0.04343576935605608,0.0,8.547442440674606,12.009954799126863,1.0,0.0,0.17949415284199688,0.37057220708447414,-1.313491023371971,0.019919499241094485,0.027283061765825956,0.23591850631112798,0.2995499265771251,-0.16051364365972098,0.0,0.25583800555222247,0.020942419883357186,0.9997806834748455,0.0,2026-09-25 11:17:00,1,8.1,8.1,2.2,-0.1471607113766035,-0.010860711376603494,0.23893565028509242,127,TIMEOUT,-0.20766119260122679
0.09235616884881725,0.059740400803787175,0.06517488594395271,0.06248596844692367,0.26595744680850014,0.11940946591402456,0.6938775510204425,0.08141554494136846,0.06513243595310711,5.9471971453072365,8.523828239567832,0.0,0.0,-0.18960940462646736,0.38138825324181,-1.2684918985110483,-0.06103830045128822,-0.06493183239795197,0.15339446930010547,0.13010671834190468,0.4823151125401992,0.0,0.09235616884881725,0.09410831331851353,0.9955619646030801,0.0,2026-09-25 11:24:00,1,4.2,4.2,2.6,-0.1417300608166802,-0.005430060816680182,0.07059079061685244,134,TIMEOUT,-0.12150617446024609
0.13575152041702676,0.15750597436454683,0.14662756598240456,0.056998533234753346,0.1735263814326735,0.1409901849140453,0.8750000000000222,0.021690797679080335,0.010845398839547873,4.782162663065674,3.3195112509114253,1.0,0.0,0.07054482309529764,0.2173794902450954,-1.1723993553384604,-0.0006497036268648948,0.012562596385423674,0.13640122404389166,0.1340649695969809,-0.0801924619085792,0.0,0.13575152041702676,0.338737920245291,0.9408807689542256,0.0,2026-09-25 11:48:00,1,7.0,7.0,2.6,-0.17968159535816067,-0.04338159535816066,0.07049509245702265,158,TIMEOUT,-0.13330467828955306
0.07609522774214561,0.04346881112802237,-0.02172024326672073,0.05436082217813443,0.10862480990659193,0.10862480990659193,1.0,0.0,0.0,1.4866446579555113,1.4551285924603425,0.0,0.0,-0.18973274787228434,0.07609522774214561,-1.324790444804247,0.0026000758355460007,-0.03183995979935128,0.07349515190659961,0.010119716532630552,0.3215434083601254,0.0,0.07609522774214561,0.4539904997395466,0.891006524188368,0.0,2026-09-25 12:00:00,1,3.2624624284826855,3.2624624284826855,0.5624624284826854,-0.2363,-0.1,0.02173204389872435,168,HARD_STOP,-0.11339430764161826
-0.05989328106282832,-0.11427949499346335,-0.1197148609675125,-0.0027535335660966442,0.10896213565786818,-0.032688640697358905,0.500000000000071,0.02179242713156744,0.054481067828941826,6.75673769123592,1.8666086880207413,0.0,1.0,-0.17403600369826355,-0.049008930516214466,-1.624360844661188,0.00628317625392949,-0.007148860948147373,-0.06617645731675781,-0.11256600001936512,0.08006405124099114,0.0,-0.05989328106282832,0.6129070536529762,0.7901550123756906,0.0,2026-09-25 12:18:00,-1,3.7799739096093337,2.0799739096093335,3.7799739096093337,-0.2363,-0.1,0.005449294316381072,185,HARD_STOP,-0.1390639658563538
-0.0925270777771714,-0.02178649237472019,-0.059890020144814926,-0.0816338315898113,0.41948136848987266,-0.08171714970582136,0.7142857142857195,0.038134669862711475,0.2996295489213398,143.80216107570493,9.681812021725806,0.0,0.0,-0.12514282605146088,0.03269754768393529,-1.5943612292479536,-0.0078068244657170105,-0.03403749761520247,-0.08472025331145439,-0.025852522529612454,0.15910898965791898,0.0,-0.0925270777771714,0.8090169943749468,0.587785252292474,0.0,2026-09-25 12:45:00,-1,4.1000000000000005,2.2,4.1000000000000005,-0.1744180570681705,-0.03811805706817051,0.02723756605108838,215,TIMEOUT,-0.19324658342313294
0.07079838797516835,0.04900359359687467,0.1253269398430623,0.04629659117673102,0.11972789115646197,0.06530612244898207,0.545454545454569,0.0544217687074799,0.0,1.7067729249032366,1.9453886622347965,1.0,0.0,0.03266372693124797,0.190839694656475,-1.4761400274964753,-0.005422946438637943,0.02517016987695353,0.0762213344138063,0.10015676996610878,0.07874015748032814,0.0,0.07079838797516835,0.9997806834748455,-0.020942419883357127,0.0,2026-09-25 13:47:00,1,3.8041500067024385,3.8041500067024385,1.3041500067024385,-0.09819024390245149,0.03810975609754852,0.07077526132403933,277,TIMEOUT,-0.15919709993046613
0.10340698813540161,0.13065490772496968,0.15246392594610025,0.03807953427291677,0.11961072147012389,0.11417387049421407,0.9545454545454957,0.005436850975909805,0.0,2.1296676063192863,3.4981719046466546,1.0,0.0,0.06528480496164057,0.2124877410918602,-1.3775765671680151,0.11295050123139028,0.1700647070179917,-0.009543513095988665,-0.017600781071891447,-0.877192982456132,0.0,0.10340698813540161,0.9876883405951379,-0.15643446504022968,0.0,2026-09-25 14:00:00,1,4.521317183475608,4.521317183475608,1.6213171834756075,0.1137,0.25,0.30454644333260944,288,TARGET,-0.09523565981830036
0.12493210211841355,0.16301689941857767,0.21747403903660256,0.04342365240912471,0.21157706287635564,0.15190148103944073,0.7179487179487459,0.05967558183691488,0.0,4.173558949313378,6.63706142408287,1.0,0.0,0.07600846951518747,0.4304238858014786,-1.1615962467800833,0.2550335570469908,0.2800004331019901,-0.13010145492857728,-0.06252639406538751,-1.692183722804197,0.0,0.12493210211841355,0.9822872507286886,-0.18738131458572502,0.0,2026-09-25 14:03:00,1,6.1000000000000005,6.1000000000000005,2.9000000000000004,-0.12544989421148203,0.010850105788517972,0.18987685129929707,293,TIMEOUT,-0.14207271213905542
0.6075400054244673,0.6348345089527863,0.6184560299462794,0.29012275094807416,0.7440556424219525,0.6308297837925203,0.8478260869565155,0.11322585862943223,0.0,56.04675900146017,19.4270599455215,1.0,0.0,0.4277669482347868,1.013016720222204,-0.54171954924217,-0.06442881048848159,-0.12553774883374835,0.6719688159129489,0.7439937787800277,0.646203554119551,0.0,0.6075400054244673,0.9685831611286311,-0.24868988716485482,0.0,2026-09-25 14:09:00,1,7.7,7.7,2.6,0.1137,0.25,0.3235373416015221,298,TARGET,-0.18539254526558419
0.08624407072013174,0.11862396204032066,0.10243139791903388,0.026932089699971407,0.2962085308056933,0.08616975441619806,0.32727272727273293,0.19926755708746471,0.0107712193020305,10.719943387471972,4.4485109676103605,0.0,0.0,0.0,0.8856289051887956,-0.42656352805888753,-0.019032006211361363,-0.02703193661118819,0.1052760769314931,0.12946333453022207,0.0,0.0,0.08624407072013174,0.9573194975320675,-0.28903179694447084,0.0,2026-09-25 14:13:00,1,3.4000000000000004,3.4000000000000004,2.6,-0.2363,-0.1,0.010765421466255911,299,HARD_STOP,-0.14481388277137433
-0.07012622720897754,-0.09168374501131726,-0.10245901639344135,-0.02428435470331891,0.14035087719297754,-0.05398110661268249,0.11538461538462379,0.07017543859648877,0.01619433198380628,2.3589214458020513,1.9812939001843806,0.0,0.0,-0.13477088948786742,0.05941449713731117,-0.6479494388548113,-0.004975436486376328,-0.04454497095927046,-0.06515079072260122,-0.05791404543417089,0.5714285714285783,0.0,-0.07012622720897754,0.7771459614569709,-0.6293203910498374,0.0,2026-09-25 14:50:00,-1,3.1789890502740996,1.2789890502740997,3.1789890502740996,-0.2363,-0.1,0.03777657852132844,337,HARD_STOP,-0.11203507333080573
0.1077644269626532,0.16173378618793421,0.2482059029838446,0.026897533868686097,0.17223747241508863,0.13456052532429089,1.0,0.0,0.03767694709079777,3.5061667949162048,2.6092113023690886,1.0,0.0,0.0808015513897864,0.30774214447684134,-0.35715233701161253,0.018815814800476893,0.036773135710177485,0.08894861216217631,0.2114327672736671,-0.4074979625101838,0.0,0.1077644269626532,0.7501110696304601,-0.6613118653236513,0.0,2026-09-25 14:54:00,1,6.01414508606609,6.01414508606609,2.01414508606609,-0.2363,-0.1,0.1077063923743813,342,HARD_STOP,-0.16527930414107955
0.09154550350027879,0.03767491926802702,0.04305936810378164,0.07270804386626528,0.20982407058696204,0.1076020874805063,0.9743589743589968,0.005380104374019963,0.09684187873243578,6.947485359047701,3.292155733268293,0.0,0.0,-0.010759051051689728,0.35093402440340427,-0.3133378174062451,-0.007352734460319699,-0.018379809022972537,0.09889823796059849,0.061439177126754174,0.0,0.0,0.09154550350027879,0.728968627421411,-0.6845471059286892,0.0,2026-09-25 14:57:00,1,4.5,4.5,2.6,-0.2363,-0.1,0.05920663114269532,343,HARD_STOP,-0.12450584288577367
-0.1776772734614629,-0.07545542740109434,-0.18305157747389167,-0.13994955976091572,0.24271844660193562,-0.2049622437971928,0.15555555555554432,0.0,0.03775620280474282,1.4777809621697102,2.4727434196999063,0.0,0.0,-0.2689618074233513,0.03777046349753288,-0.5591754086365697,-0.021627045918548582,0.0028122032314392698,-0.1560502275429143,-0.18586378070533094,0.08183306055646877,0.0,-0.1776772734614629,0.6534206039901058,-0.7569950556517562,0.0,2026-09-25 15:07:00,-1,6.015514068058299,1.0155140680582984,6.015514068058299,0.1137,0.25,0.2696871628910464,354,TARGET,-0.13855550879028786
