day,ticker,model,target,stop,maxh,trades,wins,target_hits,gross,net
2026-09-21,ADANIPOWER,ORB5,0.25,0.1,5,22,3,1,0.8928068035006624,-2.1057931964993375
2026-09-21,ADANIPOWER,ORB15,0.25,0.1,5,22,3,1,0.8928068035006624,-2.1057931964993375
2026-09-21,ADANIPOWER,MOM,0.25,0.1,5,9,2,1,0.29530253827159847,-0.9313974617284015
2026-09-21,ADANIPOWER,VWAPMOM,0.25,0.1,5,6,2,1,0.35659721857875626,-0.4612027814212437
2026-09-22,ADANIPOWER,ORB5,0.25,0.1,5,30,3,3,-1.1351170559301278,-5.224117055930129
2026-09-22,ADANIPOWER,ORB15,0.25,0.1,5,18,2,2,-0.7665825477570686,-3.219982547757069
2026-09-22,ADANIPOWER,MOM,0.25,0.1,5,11,2,1,0.075869519820952,-1.423430480179048
2026-09-22,ADANIPOWER,VWAPMOM,0.25,0.1,5,9,2,1,0.22845329533603903,-0.998246704663961
2026-09-23,ADANIPOWER,ORB5,0.25,0.1,5,38,4,1,0.16960248249279597,-5.009797517507206
2026-09-23,ADANIPOWER,ORB15,0.25,0.1,5,38,4,1,0.16960248249279597,-5.009797517507206
2026-09-23,ADANIPOWER,MOM,0.25,0.1,5,6,0,0,-0.39309599979877036,-1.2108959997987703
2026-09-23,ADANIPOWER,VWAPMOM,0.25,0.1,5,4,0,0,-0.3615188530317408,-0.9067188530317408
2026-09-24,ADANIPOWER,ORB5,0.25,0.1,5,24,6,3,0.8874687366837715,-2.383731263316229
2026-09-24,ADANIPOWER,ORB15,0.25,0.1,5,22,6,3,0.9924226651490311,-2.006177334850969
2026-09-24,ADANIPOWER,MOM,0.25,0.1,5,12,2,2,0.09875484178998443,-1.5368451582100158
2026-09-24,ADANIPOWER,VWAPMOM,0.25,0.1,5,10,2,2,0.04468037505189286,-1.3183196249481073
2026-09-25,ADANIPOWER,ORB5,0.25,0.1,5,39,7,5,0.17827665469358844,-5.137423345306412
2026-09-25,ADANIPOWER,ORB15,0.25,0.1,5,39,7,5,0.17827665469358844,-5.137423345306412
2026-09-25,ADANIPOWER,MOM,0.25,0.1,5,20,7,6,0.7877673010146214,-1.9382326989853786
2026-09-25,ADANIPOWER,VWAPMOM,0.25,0.1,5,17,7,6,1.0274991112952145,-1.2896008887047854
2026-09-21,MAHABANK,ORB5,0.25,0.1,5,32,4,1,0.13055981976121622,-4.231040180238784
2026-09-21,MAHABANK,ORB15,0.25,0.1,5,16,3,1,0.4273572048767342,-1.753442795123266
2026-09-21,MAHABANK,MOM,0.25,0.1,5,9,1,0,-0.219782095997731,-1.4464820959977311
2026-09-21,MAHABANK,VWAPMOM,0.25,0.1,5,7,1,0,-0.21736687277254393,-1.1714668727725441
2026-09-22,MAHABANK,ORB5,0.25,0.1,5,24,1,0,-0.8637041315580796,-4.13490413155808
2026-09-22,MAHABANK,ORB15,0.25,0.1,5,24,1,0,-0.8637041315580796,-4.13490413155808
2026-09-22,MAHABANK,MOM,0.25,0.1,5,6,1,1,0.09526091751585877,-0.7225390824841413
2026-09-22,MAHABANK,VWAPMOM,0.25,0.1,5,7,0,0,-0.13064933378214713,-1.0847493337821472
2026-09-23,MAHABANK,ORB5,0.25,0.1,5,28,1,0,-0.5962749974722588,-4.412674997472258
2026-09-23,MAHABANK,ORB15,0.25,0.1,5,27,1,0,-0.6201927205050213,-4.300292720505022
2026-09-23,MAHABANK,MOM,0.25,0.1,5,9,1,1,-0.4619402985074161,-1.688640298507416
2026-09-23,MAHABANK,VWAPMOM,0.25,0.1,5,8,0,0,-0.7119402985074175,-1.8023402985074175
2026-09-24,MAHABANK,ORB5,0.25,0.1,5,33,3,2,-0.7864007011400566,-5.284300701140057
2026-09-24,MAHABANK,ORB15,0.25,0.1,5,33,3,2,-0.8503039618788218,-5.348203961878822
2026-09-24,MAHABANK,MOM,0.25,0.1,5,13,2,1,-0.3454800373581324,-2.1173800373581324
2026-09-24,MAHABANK,VWAPMOM,0.25,0.1,5,10,2,1,-0.2057741185369492,-1.5687741185369493
2026-09-25,MAHABANK,ORB5,0.25,0.1,5,31,13,9,2.2056269261376777,-2.0196730738623225
2026-09-25,MAHABANK,ORB15,0.25,0.1,5,31,13,9,2.2056269261376777,-2.0196730738623225
2026-09-25,MAHABANK,MOM,0.25,0.1,5,13,4,2,0.39050178128502117,-1.381398218714979
2026-09-25,MAHABANK,VWAPMOM,0.25,0.1,5,11,6,4,1.2603316083136522,-0.23896839168634793
2026-09-21,IDFCFIRSTB,ORB5,0.25,0.1,5,21,1,0,0.26537303252962274,-2.596926967470378
2026-09-21,IDFCFIRSTB,ORB15,0.25,0.1,5,10,1,0,-0.08447136773303751,-1.4474713677330378
2026-09-21,IDFCFIRSTB,MOM,0.25,0.1,5,5,2,1,0.3598987655061612,-0.3216012344938388
2026-09-21,IDFCFIRSTB,VWAPMOM,0.25,0.1,5,6,2,1,0.25989876550617586,-0.5579012344938242
2026-09-22,IDFCFIRSTB,ORB5,0.25,0.1,5,35,3,2,-0.10235023751558738,-4.872850237515589
2026-09-22,IDFCFIRSTB,ORB15,0.25,0.1,5,35,3,2,-0.10235023751558738,-4.872850237515589
2026-09-22,IDFCFIRSTB,MOM,0.25,0.1,5,5,0,0,-0.335183739982731,-1.016683739982731
2026-09-22,IDFCFIRSTB,VWAPMOM,0.25,0.1,5,4,0,0,-0.23518373998273445,-0.7803837399827345
2026-09-23,IDFCFIRSTB,ORB5,0.25,0.1,5,40,17,14,2.170974696221962,-3.281025303778038
2026-09-23,IDFCFIRSTB,ORB15,0.25,0.1,5,40,17,14,2.170974696221962,-3.281025303778038
2026-09-23,IDFCFIRSTB,MOM,0.25,0.1,5,21,7,7,0.5954739421564892,-2.266826057843511
2026-09-23,IDFCFIRSTB,VWAPMOM,0.25,0.1,5,17,6,6,0.5341180484476298,-1.7829819515523702
2026-09-24,IDFCFIRSTB,ORB5,0.25,0.1,5,15,4,4,0.15967299710297805,-1.8848270028970218
2026-09-24,IDFCFIRSTB,ORB15,0.25,0.1,5,15,4,4,0.15967299710297805,-1.8848270028970218
2026-09-24,IDFCFIRSTB,MOM,0.25,0.1,5,9,2,2,-0.029111531190892437,-1.2558115311908924
2026-09-24,IDFCFIRSTB,VWAPMOM,0.25,0.1,5,8,2,2,0.0708884688091056,-1.0195115311908944
2026-09-25,IDFCFIRSTB,ORB5,0.25,0.1,5,2,0,0,-0.02857993096062006,-0.30117993096062007
2026-09-25,IDFCFIRSTB,ORB15,0.25,0.1,5,2,0,0,-0.02857993096062006,-0.30117993096062007
2026-09-25,IDFCFIRSTB,MOM,0.25,0.1,5,12,3,2,0.6375996497565172,-0.9980003502434827
2026-09-25,IDFCFIRSTB,VWAPMOM,0.25,0.1,5,11,2,1,0.38759964975653866,-1.1117003502434613
2026-09-21,LICI,ORB5,0.25,0.1,5,1,0,0,-0.09999999999999361,-0.23629999999999363
2026-09-21,LICI,ORB15,0.25,0.1,5,1,0,0,-0.09999999999999361,-0.23629999999999363
2026-09-21,LICI,MOM,0.25,0.1,5,6,0,0,-0.26188899528816756,-1.0796889952881676
2026-09-21,LICI,VWAPMOM,0.25,0.1,5,6,0,0,-0.3743609334273377,-1.1921609334273378
2026-09-22,LICI,ORB5,0.25,0.1,5,26,2,2,-0.08956433503666017,-3.6333643350366605
2026-09-22,LICI,ORB15,0.25,0.1,5,7,1,1,-0.34999999999998427,-1.3040999999999843
2026-09-22,LICI,MOM,0.25,0.1,5,8,1,0,-0.1765270252208486,-1.2669270252208487
2026-09-22,LICI,VWAPMOM,0.25,0.1,5,8,2,0,0.07191434043970742,-1.0184856595602927
2026-09-23,LICI,ORB5,0.25,0.1,5,22,1,1,-0.4753396514062157,-3.473939651406216
2026-09-23,LICI,ORB15,0.25,0.1,5,18,1,1,-0.37533501908111566,-2.828735019081116
2026-09-23,LICI,MOM,0.25,0.1,5,10,0,0,-0.47669275054989924,-1.8396927505498992
2026-09-23,LICI,VWAPMOM,0.25,0.1,5,8,0,0,-0.43820849858140276,-1.5286084985814026
2026-09-24,LICI,ORB5,0.25,0.1,5,9,0,0,-0.7367734993771775,-1.9634734993771774
2026-09-24,LICI,MOM,0.25,0.1,5,18,3,2,-0.056394623573351246,-2.509794623573351
2026-09-24,LICI,VWAPMOM,0.25,0.1,5,13,2,1,0.09360537642664012,-1.6782946235733598
2026-09-25,LICI,ORB5,0.25,0.1,5,22,2,2,-0.3189782458823728,-3.3175782458823733
2026-09-25,LICI,ORB15,0.25,0.1,5,21,2,2,-0.3929427429237816,-3.255242742923782
2026-09-25,LICI,MOM,0.25,0.1,5,8,0,0,-0.5877482491730469,-1.678148249173047
2026-09-25,LICI,VWAPMOM,0.25,0.1,5,5,0,0,-0.1877482491730924,-0.8692482491730924
2026-09-21,MOTHERSON,ORB5,0.25,0.1,5,14,1,1,-0.5990887329048149,-2.507288732904815
2026-09-21,MOTHERSON,ORB15,0.25,0.1,5,14,1,1,-0.5990887329048149,-2.507288732904815
2026-09-21,MOTHERSON,MOM,0.25,0.1,5,12,1,1,-0.3899701147868627,-2.0255701147868623
2026-09-21,MOTHERSON,VWAPMOM,0.25,0.1,5,10,1,1,-0.40023045169346116,-1.763230451693461
2026-09-22,MOTHERSON,ORB5,0.25,0.1,5,13,1,1,-0.14167159575330038,-1.9135715957533006
2026-09-22,MOTHERSON,ORB15,0.25,0.1,5,9,1,1,0.20298315918284698,-1.023716840817153
2026-09-22,MOTHERSON,MOM,0.25,0.1,5,12,3,3,0.5399200524702034,-1.0956799475297967
2026-09-22,MOTHERSON,VWAPMOM,0.25,0.1,5,11,2,2,0.14300736211453927,-1.3562926378854607
2026-09-23,MOTHERSON,ORB5,0.25,0.1,5,31,5,4,0.7078792183958201,-3.5174207816041796
2026-09-23,MOTHERSON,ORB15,0.25,0.1,5,29,3,2,0.33231117539558086,-3.6203888246044187
2026-09-23,MOTHERSON,MOM,0.25,0.1,5,11,4,4,0.49997190255959817,-0.9993280974404016
2026-09-23,MOTHERSON,VWAPMOM,0.25,0.1,5,7,2,2,0.10864869701735949,-0.8454513029826405
2026-09-24,MOTHERSON,ORB5,0.25,0.1,5,33,0,0,-1.9267061948905293,-6.42460619489053
2026-09-24,MOTHERSON,ORB15,0.25,0.1,5,23,0,0,-1.6365356455645093,-4.771435645564509
2026-09-24,MOTHERSON,MOM,0.25,0.1,5,11,2,1,-0.21771481636828444,-1.7170148163682843
2026-09-24,MOTHERSON,VWAPMOM,0.25,0.1,5,9,1,1,-0.2947059668107542,-1.5214059668107542
2026-09-25,MOTHERSON,ORB5,0.25,0.1,5,18,5,5,0.3344685895532726,-2.1189314104467276
2026-09-25,MOTHERSON,ORB15,0.25,0.1,5,18,5,5,0.3344685895532726,-2.1189314104467276
2026-09-25,MOTHERSON,MOM,0.25,0.1,5,14,6,6,1.0534112479679334,-0.8547887520320665
2026-09-25,MOTHERSON,VWAPMOM,0.25,0.1,5,14,6,6,1.0534112479679223,-0.8547887520320776
2026-09-21,TATASTEEL,ORB5,0.25,0.1,5,19,0,0,-0.20772612670951018,-2.79742612670951
2026-09-21,TATASTEEL,ORB15,0.25,0.1,5,19,0,0,-0.20772612670951018,-2.79742612670951
2026-09-21,TATASTEEL,MOM,0.25,0.1,5,5,1,1,0.07729020332701209,-0.6042097966729879
2026-09-21,TATASTEEL,VWAPMOM,0.25,0.1,5,5,1,1,0.07729020332701209,-0.6042097966729879
2026-09-22,TATASTEEL,ORB5,0.25,0.1,5,16,3,3,0.09036598640418711,-2.090434013595813
2026-09-22,TATASTEEL,ORB15,0.25,0.1,5,16,3,3,0.09036598640418711,-2.090434013595813
2026-09-22,TATASTEEL,MOM,0.25,0.1,5,15,3,3,-0.4045226541628013,-2.4490226541628015
2026-09-22,TATASTEEL,VWAPMOM,0.25,0.1,5,13,3,3,-0.204522654162816,-1.9764226541628158
2026-09-23,TATASTEEL,ORB5,0.25,0.1,5,36,12,7,1.1502694072236066,-3.756530592776395
2026-09-23,TATASTEEL,ORB15,0.25,0.1,5,35,12,7,1.1395730760651883,-3.6309269239348128
2026-09-23,TATASTEEL,MOM,0.25,0.1,5,20,8,5,0.880609282411285,-1.8453907175887152
2026-09-23,TATASTEEL,VWAPMOM,0.25,0.1,5,18,6,5,0.5861200231062584,-1.8672799768937416
2026-09-24,TATASTEEL,ORB5,0.25,0.1,5,10,0,0,-0.39499859080108557,-1.7579985908010856
2026-09-24,TATASTEEL,ORB15,0.25,0.1,5,10,0,0,-0.39499859080108557,-1.7579985908010856
2026-09-24,TATASTEEL,MOM,0.25,0.1,5,7,0,0,-0.4418965147414189,-1.3959965147414188
2026-09-24,TATASTEEL,VWAPMOM,0.25,0.1,5,4,0,0,-0.3999999999999363,-0.9451999999999363
2026-09-25,TATASTEEL,ORB5,0.25,0.1,5,22,2,1,0.14838448496761703,-2.8502155150323825
2026-09-25,TATASTEEL,ORB15,0.25,0.1,5,13,1,1,-0.5113914506605459,-2.2832914506605455
2026-09-25,TATASTEEL,MOM,0.25,0.1,5,13,1,1,-0.31268885424833537,-2.0845888542483353
2026-09-25,TATASTEEL,VWAPMOM,0.25,0.1,5,8,0,0,-0.5053967667619381,-1.5957967667619382
2026-09-15,ADANIPOWER,ORB5,0.25,0.1,5,36,7,5,1.0421620057853873,-3.864637994214614
2026-09-15,ADANIPOWER,ORB15,0.25,0.1,5,36,7,5,1.0421620057853873,-3.864637994214614
2026-09-15,ADANIPOWER,MOM,0.25,0.1,5,14,1,1,-0.5957309944953602,-2.5039309944953594
2026-09-15,ADANIPOWER,VWAPMOM,0.25,0.1,5,12,1,1,-0.46137853829472847,-2.096978538294728
2026-09-16,ADANIPOWER,ORB5,0.25,0.1,5,29,3,3,-1.5070207031341363,-5.4597207031341375
2026-09-16,ADANIPOWER,ORB15,0.25,0.1,5,29,3,3,-1.5070207031341363,-5.4597207031341375
2026-09-16,ADANIPOWER,MOM,0.25,0.1,5,13,1,1,-0.4776229097892241,-2.249522909789224
2026-09-16,ADANIPOWER,VWAPMOM,0.25,0.1,5,13,2,1,-0.44310474878352896,-2.215004748783529
2026-09-17,ADANIPOWER,ORB5,0.25,0.1,5,23,3,3,-0.259841818860191,-3.394741818860191
2026-09-17,ADANIPOWER,ORB15,0.25,0.1,5,23,3,3,-0.259841818860191,-3.394741818860191
2026-09-17,ADANIPOWER,MOM,0.25,0.1,5,10,0,0,-0.5921557054302475,-1.9551557054302475
2026-09-17,ADANIPOWER,VWAPMOM,0.25,0.1,5,10,0,0,-0.7215214062916324,-2.0845214062916324
2026-09-18,ADANIPOWER,ORB5,0.25,0.1,5,19,3,3,-0.20599975145553967,-2.795699751455539
2026-09-18,ADANIPOWER,ORB15,0.25,0.1,5,19,3,3,-0.20599975145553967,-2.795699751455539
2026-09-18,ADANIPOWER,MOM,0.25,0.1,5,16,3,3,-0.26004603665766035,-2.44084603665766
2026-09-18,ADANIPOWER,VWAPMOM,0.25,0.1,5,15,2,2,-0.5100460366576531,-2.554546036657653
2026-09-15,MAHABANK,ORB5,0.25,0.1,5,40,12,8,1.8999435636194797,-3.5520564363805196
2026-09-15,MAHABANK,ORB15,0.25,0.1,5,38,11,8,1.658192614781994,-3.5212073852180055
2026-09-15,MAHABANK,MOM,0.25,0.1,5,16,4,3,-0.1913475839969867,-2.372147583996987
2026-09-15,MAHABANK,VWAPMOM,0.25,0.1,5,14,4,3,0.008652416003010963,-1.8995475839969895
2026-09-16,MAHABANK,MOM,0.25,0.1,5,15,1,1,-0.5894233971556981,-2.633923397155698
2026-09-16,MAHABANK,VWAPMOM,0.25,0.1,5,9,2,2,-0.11239464551314055,-1.3390946455131405
2026-09-17,MAHABANK,ORB5,0.25,0.1,5,16,2,1,-0.36537415103542425,-2.546174151035424
2026-09-17,MAHABANK,ORB15,0.25,0.1,5,7,1,1,-0.2500000000000169,-1.2041000000000168
2026-09-17,MAHABANK,MOM,0.25,0.1,5,17,2,2,-0.7724138819508718,-3.0895138819508716
2026-09-17,MAHABANK,VWAPMOM,0.25,0.1,5,16,2,2,-0.6963686973057314,-2.8771686973057315
2026-09-18,MAHABANK,ORB5,0.25,0.1,5,31,6,4,0.6008234628300981,-3.624476537169903
2026-09-18,MAHABANK,ORB15,0.25,0.1,5,31,6,4,0.6008234628300981,-3.624476537169903
2026-09-18,MAHABANK,MOM,0.25,0.1,5,10,3,3,0.329705689514678,-1.033294310485322
2026-09-18,MAHABANK,VWAPMOM,0.25,0.1,5,6,2,2,0.21578585531181113,-0.6020141446881889
2026-09-15,IDFCFIRSTB,ORB5,0.25,0.1,5,23,5,0,-0.15259125276478966,-3.28749125276479
2026-09-15,IDFCFIRSTB,ORB15,0.25,0.1,5,17,3,0,-0.27863573986140266,-2.5957357398614027
2026-09-15,IDFCFIRSTB,MOM,0.25,0.1,5,10,0,0,-0.2304671851629605,-1.5934671851629603
2026-09-15,IDFCFIRSTB,VWAPMOM,0.25,0.1,5,7,0,0,-0.3056414104073864,-1.2597414104073863
2026-09-16,IDFCFIRSTB,ORB5,0.25,0.1,5,4,0,0,-0.15322184539821238,-0.6984218453982124
2026-09-16,IDFCFIRSTB,ORB15,0.25,0.1,5,4,0,0,-0.15322184539821238,-0.6984218453982124
2026-09-16,IDFCFIRSTB,MOM,0.25,0.1,5,5,0,0,-0.3180711610486695,-0.9995711610486695
2026-09-16,IDFCFIRSTB,VWAPMOM,0.25,0.1,5,6,1,0,-0.11814172437925664,-0.9359417243792567
2026-09-17,IDFCFIRSTB,ORB5,0.25,0.1,5,19,3,2,-0.09360285690111488,-2.683302856901115
2026-09-17,IDFCFIRSTB,ORB15,0.25,0.1,5,19,3,2,-0.09360285690111488,-2.683302856901115
2026-09-17,IDFCFIRSTB,MOM,0.25,0.1,5,9,4,0,0.5548006258212267,-0.6718993741787733
2026-09-17,IDFCFIRSTB,VWAPMOM,0.25,0.1,5,7,3,0,0.41936801840509996,-0.5347319815949001
2026-09-18,IDFCFIRSTB,MOM,0.25,0.1,5,8,1,0,-0.015133564769483507,-1.1055335647694835
2026-09-18,IDFCFIRSTB,VWAPMOM,0.25,0.1,5,7,0,0,-0.15370169409974282,-1.1078016940997428
2026-09-15,LICI,ORB5,0.25,0.1,5,28,5,2,0.42449696529956815,-3.391903034700432
2026-09-15,LICI,ORB15,0.25,0.1,5,25,5,2,0.4110897072350448,-2.9964102927649554
2026-09-15,LICI,MOM,0.25,0.1,5,7,1,0,-0.19758982055107777,-1.151689820551078
2026-09-15,LICI,VWAPMOM,0.25,0.1,5,5,1,0,-0.2607418660589453,-0.9422418660589453
2026-09-16,LICI,ORB5,0.25,0.1,5,9,0,0,-0.6381016823388269,-1.8648016823388271
2026-09-16,LICI,ORB15,0.25,0.1,5,9,0,0,-0.6381016823388269,-1.8648016823388271
2026-09-16,LICI,MOM,0.25,0.1,5,10,1,1,-0.29929630407207675,-1.6622963040720768
2026-09-16,LICI,VWAPMOM,0.25,0.1,5,4,1,1,0.15197578075204465,-0.39322421924795536
2026-09-17,LICI,ORB5,0.25,0.1,5,36,5,3,-0.12478370994103177,-5.031583709941032
2026-09-17,LICI,ORB15,0.25,0.1,5,36,5,3,-0.12478370994103177,-5.031583709941032
2026-09-17,LICI,MOM,0.25,0.1,5,18,4,4,0.23591009840600796,-2.217489901593992
2026-09-17,LICI,VWAPMOM,0.25,0.1,5,14,3,3,0.07455152379571899,-1.833648476204281
2026-09-18,LICI,ORB5,0.25,0.1,5,16,0,0,-0.9749076832348375,-3.1557076832348385
2026-09-18,LICI,ORB15,0.25,0.1,5,4,0,0,-0.29999999999997573,-0.8451999999999757
2026-09-18,LICI,MOM,0.25,0.1,5,4,0,0,-0.18754213309269546,-0.7327421330926954
2026-09-18,LICI,VWAPMOM,0.25,0.1,5,3,0,0,-0.2125046892584525,-0.6214046892584525
2026-09-15,MOTHERSON,ORB5,0.25,0.1,5,38,8,4,0.3283032773968515,-4.851096722603149
2026-09-15,MOTHERSON,ORB15,0.25,0.1,5,38,8,4,0.3283032773968515,-4.851096722603149
2026-09-15,MOTHERSON,MOM,0.25,0.1,5,17,2,1,-0.554069067527357,-2.871169067527357
2026-09-15,MOTHERSON,VWAPMOM,0.25,0.1,5,13,3,1,0.010145268291330639,-1.7617547317086697
2026-09-16,MOTHERSON,ORB5,0.25,0.1,5,7,0,0,-0.4624765478423715,-1.4165765478423715
2026-09-16,MOTHERSON,ORB15,0.25,0.1,5,7,0,0,-0.4624765478423715,-1.4165765478423715
2026-09-16,MOTHERSON,MOM,0.25,0.1,5,12,2,2,-0.36237772761469944,-1.9979777276146995
2026-09-16,MOTHERSON,VWAPMOM,0.25,0.1,5,9,2,2,2.1219555773971388e-05,-1.226678780444226
2026-09-17,MOTHERSON,ORB5,0.25,0.1,5,32,3,2,-0.4970175976717312,-4.858617597671732
2026-09-17,MOTHERSON,ORB15,0.25,0.1,5,27,3,2,-0.5768172790175123,-4.256917279017513
2026-09-17,MOTHERSON,MOM,0.25,0.1,5,12,2,1,-0.24685151173725306,-1.882451511737253
2026-09-17,MOTHERSON,VWAPMOM,0.25,0.1,5,8,1,1,-0.16978323262701475,-1.2601832326270146
2026-09-18,MOTHERSON,ORB5,0.25,0.1,5,26,1,0,-0.6665496885019704,-4.210349688501971
2026-09-18,MOTHERSON,ORB15,0.25,0.1,5,26,1,0,-0.6665496885019704,-4.210349688501971
2026-09-18,MOTHERSON,MOM,0.25,0.1,5,10,0,0,-0.7879692914918931,-2.150969291491893
2026-09-18,MOTHERSON,VWAPMOM,0.25,0.1,5,7,0,0,-0.4879692914919259,-1.442069291491926
2026-09-15,TATASTEEL,MOM,0.25,0.1,5,14,2,2,-0.3397306101643925,-2.2479306101643926
2026-09-15,TATASTEEL,VWAPMOM,0.25,0.1,5,9,0,0,-0.6233729220509946,-1.8500729220509948
2026-09-16,TATASTEEL,ORB5,0.25,0.1,5,26,6,4,-0.17679122879821224,-3.7205912287982126
2026-09-16,TATASTEEL,ORB15,0.25,0.1,5,21,3,1,-0.9897868826602428,-3.852086882660243
2026-09-16,TATASTEEL,MOM,0.25,0.1,5,15,2,0,-0.589313639892449,-2.633813639892449
2026-09-16,TATASTEEL,VWAPMOM,0.25,0.1,5,11,2,0,-0.43792510294149417,-1.9372251029414942
2026-09-17,TATASTEEL,ORB5,0.25,0.1,5,32,6,6,-0.13744221445902627,-4.499042214459027
2026-09-17,TATASTEEL,ORB15,0.25,0.1,5,31,7,7,-0.044518236563172525,-4.2698182365631725
2026-09-17,TATASTEEL,MOM,0.25,0.1,5,21,5,5,0.30712191010896356,-2.555178089891037
2026-09-17,TATASTEEL,VWAPMOM,0.25,0.1,5,20,4,4,0.05712191010896597,-2.6688780898910345
2026-09-18,TATASTEEL,ORB5,0.25,0.1,5,15,0,0,-0.5244690194175649,-2.5689690194175654
2026-09-18,TATASTEEL,ORB15,0.25,0.1,5,9,0,0,-0.35868715650283356,-1.5853871565028337
2026-09-18,TATASTEEL,MOM,0.25,0.1,5,13,0,0,-0.40205448832019747,-2.1739544883201978
2026-09-18,TATASTEEL,VWAPMOM,0.25,0.1,5,9,0,0,-0.2983003114560173,-1.5250003114560173
2026-09-07,ADANIPOWER,ORB5,0.25,0.1,5,29,3,0,0.2583860284992509,-3.694313971500749
2026-09-07,ADANIPOWER,ORB15,0.25,0.1,5,26,3,0,0.42645222032067215,-3.1173477796793283
2026-09-07,ADANIPOWER,MOM,0.25,0.1,5,6,0,0,-0.37096881063444964,-1.1887688106344496
2026-09-07,ADANIPOWER,VWAPMOM,0.25,0.1,5,5,0,0,-0.19521946540211543,-0.8767194654021154
2026-09-08,ADANIPOWER,ORB5,0.25,0.1,5,38,10,5,0.8359274843092003,-4.3434725156908005
2026-09-08,ADANIPOWER,ORB15,0.25,0.1,5,37,9,5,0.6218259807327264,-4.4212740192672735
2026-09-08,ADANIPOWER,MOM,0.25,0.1,5,19,3,2,-0.1685757424035057,-2.758275742403507
2026-09-08,ADANIPOWER,VWAPMOM,0.25,0.1,5,17,4,3,0.16105799950949673,-2.156042000490504
2026-09-09,ADANIPOWER,ORB5,0.25,0.1,5,31,7,6,-0.004659497280919411,-4.22995949728092
2026-09-09,ADANIPOWER,ORB15,0.25,0.1,5,31,7,6,-0.004659497280919411,-4.22995949728092
2026-09-09,ADANIPOWER,MOM,0.25,0.1,5,11,2,2,0.0023442145352713245,-1.4969557854647284
2026-09-09,ADANIPOWER,VWAPMOM,0.25,0.1,5,13,3,3,-0.012817526214088049,-1.7847175262140877
2026-09-10,ADANIPOWER,ORB5,0.25,0.1,5,14,0,0,-0.7155781142139278,-2.623778114213928
2026-09-10,ADANIPOWER,ORB15,0.25,0.1,5,11,0,0,-0.6342972133386706,-2.1335972133386707
2026-09-10,ADANIPOWER,MOM,0.25,0.1,5,8,1,0,0.2722728785237531,-0.8181271214762469
2026-09-10,ADANIPOWER,VWAPMOM,0.25,0.1,5,6,0,0,-0.032116852359937526,-0.8499168523599375
2026-09-11,ADANIPOWER,ORB5,0.25,0.1,5,30,6,4,0.9251150684729159,-3.1638849315270843
2026-09-11,ADANIPOWER,ORB15,0.25,0.1,5,29,6,4,0.8918172659253135,-3.0608827340746863
2026-09-11,ADANIPOWER,MOM,0.25,0.1,5,14,3,1,0.07381956652644289,-1.8343804334735572
2026-09-11,ADANIPOWER,VWAPMOM,0.25,0.1,5,10,1,0,-0.3760724491763512,-1.7390724491763514
2026-09-07,MAHABANK,ORB5,0.25,0.1,5,30,5,4,0.8311843928521513,-3.257815607147849
2026-09-07,MAHABANK,ORB15,0.25,0.1,5,30,5,4,0.8311843928521513,-3.257815607147849
2026-09-07,MAHABANK,MOM,0.25,0.1,5,14,4,3,0.23154878436044177,-1.6766512156395583
2026-09-07,MAHABANK,VWAPMOM,0.25,0.1,5,11,3,3,0.24969148834386293,-1.2496085116561368
2026-09-08,MAHABANK,ORB5,0.25,0.1,5,30,2,1,-0.9940855749920261,-5.083085574992028
2026-09-08,MAHABANK,ORB15,0.25,0.1,5,30,2,1,-0.9940855749920261,-5.083085574992028
2026-09-08,MAHABANK,MOM,0.25,0.1,5,14,3,2,0.3473189576618566,-1.5608810423381436
2026-09-08,MAHABANK,VWAPMOM,0.25,0.1,5,10,2,1,0.32071624357666795,-1.042283756423332
2026-09-09,MAHABANK,ORB5,0.25,0.1,5,1,0,0,-0.0999999999999827,-0.2362999999999827
2026-09-09,MAHABANK,ORB15,0.25,0.1,5,1,0,0,-0.0999999999999827,-0.2362999999999827
2026-09-09,MAHABANK,MOM,0.25,0.1,5,17,1,0,-0.7441953489006355,-3.061295348900636
2026-09-09,MAHABANK,VWAPMOM,0.25,0.1,5,13,1,0,-0.9929810727046853,-2.7648810727046853
2026-09-10,MAHABANK,ORB5,0.25,0.1,5,19,6,6,1.1825257663960596,-1.4071742336039403
2026-09-10,MAHABANK,ORB15,0.25,0.1,5,11,4,4,0.7305852579345566,-0.7687147420654432
2026-09-10,MAHABANK,MOM,0.25,0.1,5,18,3,3,-0.05582708851257223,-2.5092270885125725
2026-09-10,MAHABANK,VWAPMOM,0.25,0.1,5,11,2,2,0.14097434175682466,-1.3583256582431753
2026-09-11,MAHABANK,ORB5,0.25,0.1,5,27,5,5,-0.064597766668089,-3.744697766668089
2026-09-11,MAHABANK,ORB15,0.25,0.1,5,10,0,0,-0.9236490481257859,-2.286649048125786
2026-09-11,MAHABANK,MOM,0.25,0.1,5,22,5,4,0.1439114119211427,-2.854688588078857
2026-09-11,MAHABANK,VWAPMOM,0.25,0.1,5,16,3,3,0.02163165936665852,-2.1591683406333413
2026-09-07,IDFCFIRSTB,ORB5,0.25,0.1,5,16,0,0,-0.5976689873782595,-2.7784689873782598
2026-09-07,IDFCFIRSTB,ORB15,0.25,0.1,5,5,0,0,-0.3627906976743699,-1.04429069767437
2026-09-07,IDFCFIRSTB,MOM,0.25,0.1,5,5,1,0,-0.0029022397768765085,-0.6844022397768765
2026-09-07,IDFCFIRSTB,VWAPMOM,0.25,0.1,5,4,1,0,0.09709776022311911,-0.4481022397768809
2026-09-08,IDFCFIRSTB,ORB5,0.25,0.1,5,31,2,2,0.07714442195947174,-4.148155578040529
2026-09-08,IDFCFIRSTB,ORB15,0.25,0.1,5,31,2,2,0.07714442195947174,-4.148155578040529
2026-09-08,IDFCFIRSTB,MOM,0.25,0.1,5,8,0,0,-0.42282906027848505,-1.513229060278485
2026-09-08,IDFCFIRSTB,VWAPMOM,0.25,0.1,5,7,0,0,-0.41129769496482604,-1.3653976949648259
2026-09-09,IDFCFIRSTB,ORB5,0.25,0.1,5,4,0,0,-0.15393034210326093,-0.699130342103261
2026-09-09,IDFCFIRSTB,ORB15,0.25,0.1,5,4,0,0,-0.15393034210326093,-0.699130342103261
2026-09-09,IDFCFIRSTB,MOM,0.25,0.1,5,11,3,2,0.4425210094176622,-1.056778990582338
2026-09-09,IDFCFIRSTB,VWAPMOM,0.25,0.1,5,8,1,1,0.007571173890868595,-1.0828288261091314
2026-09-10,IDFCFIRSTB,ORB5,0.25,0.1,5,28,1,0,-0.6500411933698221,-4.466441193369821
2026-09-10,IDFCFIRSTB,ORB15,0.25,0.1,5,10,0,0,-0.6195098271294209,-1.982509827129421
2026-09-10,IDFCFIRSTB,MOM,0.25,0.1,5,10,1,0,-0.15476839468292003,-1.5177683946829204
2026-09-10,IDFCFIRSTB,VWAPMOM,0.25,0.1,5,4,1,0,-0.015901507306407006,-0.561101507306407
2026-09-11,IDFCFIRSTB,ORB5,0.25,0.1,5,24,2,1,-0.10942822886484312,-3.3806282288648437
2026-09-11,IDFCFIRSTB,ORB15,0.25,0.1,5,24,2,1,-0.10942822886484312,-3.3806282288648437
2026-09-11,IDFCFIRSTB,MOM,0.25,0.1,5,6,2,1,0.2934811625304139,-0.5243188374695861
2026-09-11,IDFCFIRSTB,VWAPMOM,0.25,0.1,5,5,3,2,0.5738675182561215,-0.10763248174387866
2026-09-07,LICI,ORB5,0.25,0.1,5,34,3,1,-0.2821006522607564,-4.916300652260756
2026-09-07,LICI,ORB15,0.25,0.1,5,34,3,1,-0.2821006522607564,-4.916300652260756
2026-09-07,LICI,MOM,0.25,0.1,5,5,1,1,0.04696969696971076,-0.6345303030302892
2026-09-07,LICI,VWAPMOM,0.25,0.1,5,3,1,1,0.05000000000002516,-0.35889999999997485
2026-09-08,LICI,ORB5,0.25,0.1,5,22,1,0,-0.02901168974795916,-3.0276116897479604
2026-09-08,LICI,ORB15,0.25,0.1,5,20,1,0,0.09835799337724323,-2.6276420066227577
2026-09-08,LICI,MOM,0.25,0.1,5,8,0,0,-0.08132751306658627,-1.1717275130665863
2026-09-08,LICI,VWAPMOM,0.25,0.1,5,7,0,0,-0.08132751306658627,-1.0354275130665862
2026-09-09,LICI,ORB5,0.25,0.1,5,15,2,0,-0.38106431989108225,-2.4255643198910826
2026-09-09,LICI,ORB15,0.25,0.1,5,15,2,0,-0.38106431989108225,-2.4255643198910826
2026-09-09,LICI,MOM,0.25,0.1,5,7,1,1,0.18272607352733294,-0.7713739264726671
2026-09-09,LICI,VWAPMOM,0.25,0.1,5,7,1,1,0.07046816717773954,-0.8836318328222603
2026-09-10,LICI,ORB5,0.25,0.1,5,14,1,0,-0.3031956273955163,-2.2113956273955155
2026-09-10,LICI,ORB15,0.25,0.1,5,14,1,0,-0.3031956273955163,-2.2113956273955155
2026-09-10,LICI,MOM,0.25,0.1,5,8,1,0,0.13374532689869542,-0.9566546731013047
2026-09-10,LICI,VWAPMOM,0.25,0.1,5,7,0,0,-0.11456188536848987,-1.0686618853684902
2026-09-11,LICI,ORB5,0.25,0.1,5,3,0,0,-0.2999999999999967,-0.7088999999999968
2026-09-11,LICI,ORB15,0.25,0.1,5,3,0,0,-0.2999999999999967,-0.7088999999999968
2026-09-11,LICI,MOM,0.25,0.1,5,17,1,0,-0.5528815688469659,-2.869981568846965
2026-09-11,LICI,VWAPMOM,0.25,0.1,5,11,1,0,-0.5385680739106335,-2.0378680739106336
2026-09-07,MOTHERSON,ORB5,0.25,0.1,5,30,4,4,-0.040085241985347485,-4.129085241985347
2026-09-07,MOTHERSON,ORB15,0.25,0.1,5,29,3,3,-0.29008524198534325,-4.242785241985343
2026-09-07,MOTHERSON,MOM,0.25,0.1,5,15,4,4,0.35376100556363355,-1.6907389944363667
2026-09-07,MOTHERSON,VWAPMOM,0.25,0.1,5,11,3,3,0.17460971405071773,-1.3246902859492826
2026-09-08,MOTHERSON,ORB5,0.25,0.1,5,25,4,3,-0.17178874014111845,-3.5792887401411186
2026-09-08,MOTHERSON,ORB15,0.25,0.1,5,19,3,2,0.09058285824068865,-2.4991171417593114
2026-09-08,MOTHERSON,MOM,0.25,0.1,5,15,2,2,-0.002638946131470102,-2.0471389461314704
2026-09-08,MOTHERSON,VWAPMOM,0.25,0.1,5,11,1,1,-0.1770515186062977,-1.6763515186062978
2026-09-09,MOTHERSON,ORB5,0.25,0.1,5,25,3,2,0.12743958712068343,-3.280060412879317
2026-09-09,MOTHERSON,ORB15,0.25,0.1,5,25,3,2,0.12743958712068343,-3.280060412879317
2026-09-09,MOTHERSON,MOM,0.25,0.1,5,9,1,1,-0.1100232056248214,-1.3367232056248215
2026-09-09,MOTHERSON,VWAPMOM,0.25,0.1,5,6,1,1,0.1899767943751548,-0.6278232056248452
2026-09-10,MOTHERSON,ORB5,0.25,0.1,5,8,2,2,0.24905226521808405,-0.8413477347819159
2026-09-10,MOTHERSON,MOM,0.25,0.1,5,12,2,1,-0.16604785953946585,-1.8016478595394658
2026-09-10,MOTHERSON,VWAPMOM,0.25,0.1,5,10,2,1,0.11351992281019649,-1.2494800771898036
2026-09-11,MOTHERSON,ORB5,0.25,0.1,5,40,7,4,0.22936293927473506,-5.222637060725265
2026-09-11,MOTHERSON,ORB15,0.25,0.1,5,40,7,4,0.22936293927473506,-5.222637060725265
2026-09-11,MOTHERSON,MOM,0.25,0.1,5,13,2,2,-0.04813452579443979,-1.8200345257944397
2026-09-11,MOTHERSON,VWAPMOM,0.25,0.1,5,9,1,1,-0.3195845246061127,-1.5462845246061128
2026-09-07,TATASTEEL,ORB5,0.25,0.1,5,30,4,2,0.329297648200334,-3.7597023517996653
2026-09-07,TATASTEEL,ORB15,0.25,0.1,5,30,4,2,0.329297648200334,-3.7597023517996653
2026-09-07,TATASTEEL,MOM,0.25,0.1,5,9,2,1,-0.017289620926518603,-1.2439896209265184
2026-09-07,TATASTEEL,VWAPMOM,0.25,0.1,5,5,1,1,-0.006780118854665493,-0.6882801188546656
2026-09-08,TATASTEEL,ORB5,0.25,0.1,5,27,1,1,-0.37910971006792055,-4.05920971006792
2026-09-08,TATASTEEL,ORB15,0.25,0.1,5,26,1,1,-0.44387802007065186,-3.9876780200706516
2026-09-08,TATASTEEL,MOM,0.25,0.1,5,10,3,2,0.5775620797569583,-0.7854379202430417
2026-09-08,TATASTEEL,VWAPMOM,0.25,0.1,5,7,2,2,0.4242468319283037,-0.5298531680716964
2026-09-09,TATASTEEL,ORB5,0.25,0.1,5,41,10,9,0.8131426289912618,-4.775157371008738
2026-09-09,TATASTEEL,ORB15,0.25,0.1,5,41,10,9,0.8131426289912618,-4.775157371008738
2026-09-09,TATASTEEL,MOM,0.25,0.1,5,18,6,5,0.6242445201069813,-1.829155479893019
2026-09-09,TATASTEEL,VWAPMOM,0.25,0.1,5,16,6,5,0.6228246418107933,-1.5579753581892066
2026-09-10,TATASTEEL,ORB5,0.25,0.1,5,32,4,1,-0.018088310129557778,-4.379688310129558
2026-09-10,TATASTEEL,ORB15,0.25,0.1,5,32,4,1,-0.018088310129557778,-4.379688310129558
2026-09-10,TATASTEEL,MOM,0.25,0.1,5,11,3,2,0.32290185177940156,-1.1763981482205985
2026-09-10,TATASTEEL,VWAPMOM,0.25,0.1,5,10,3,2,0.4229018517794044,-0.9400981482205957
2026-09-11,TATASTEEL,MOM,0.25,0.1,5,12,0,0,0.09012099503597674,-1.5454790049640232
2026-09-11,TATASTEEL,VWAPMOM,0.25,0.1,5,4,0,0,0.003957658183165319,-0.5412423418168347
2026-08-31,ADANIPOWER,ORB5,0.25,0.1,5,31,6,5,0.37721351715166573,-3.848086482848334
2026-08-31,ADANIPOWER,ORB15,0.25,0.1,5,31,6,5,0.37721351715166573,-3.848086482848334
2026-08-31,ADANIPOWER,MOM,0.25,0.1,5,13,3,2,-0.09150987170004009,-1.8634098717000402
2026-08-31,ADANIPOWER,VWAPMOM,0.25,0.1,5,13,4,3,0.25849012829994983,-1.5134098717000501
2026-09-01,ADANIPOWER,ORB5,0.25,0.1,5,12,1,1,-0.6619201409277701,-2.2975201409277703
2026-09-01,ADANIPOWER,ORB15,0.25,0.1,5,12,1,1,-0.6619201409277701,-2.2975201409277703
2026-09-01,ADANIPOWER,MOM,0.25,0.1,5,22,7,7,0.5152036706510907,-2.48339632934891
2026-09-01,ADANIPOWER,VWAPMOM,0.25,0.1,5,17,4,4,-0.1494519229004241,-2.466551922900424
2026-09-02,ADANIPOWER,ORB5,0.25,0.1,5,36,7,7,0.2488129295973134,-4.657987070402686
2026-09-02,ADANIPOWER,ORB15,0.25,0.1,5,36,7,7,0.2488129295973134,-4.657987070402686
2026-09-02,ADANIPOWER,MOM,0.25,0.1,5,21,3,3,-0.6919155723120376,-3.554215572312038
2026-09-02,ADANIPOWER,VWAPMOM,0.25,0.1,5,17,3,3,-0.2919155723120912,-2.6090155723120914
2026-09-03,ADANIPOWER,ORB5,0.25,0.1,5,18,3,1,-0.006544855495051932,-2.4599448554950523
2026-09-03,ADANIPOWER,ORB15,0.25,0.1,5,16,3,1,0.19345514450494716,-1.987344855495053
2026-09-03,ADANIPOWER,MOM,0.25,0.1,5,9,1,1,0.338949832834385,-0.8877501671656151
2026-09-03,ADANIPOWER,VWAPMOM,0.25,0.1,5,6,0,0,0.10212752914924592,-0.715672470850754
2026-09-04,ADANIPOWER,ORB5,0.25,0.1,5,3,0,0,-0.12267169300659059,-0.5315716930065906
2026-09-04,ADANIPOWER,ORB15,0.25,0.1,5,3,0,0,-0.12267169300659059,-0.5315716930065906
2026-09-04,ADANIPOWER,MOM,0.25,0.1,5,7,0,0,-0.24691527958504486,-1.2010152795850448
2026-09-04,ADANIPOWER,VWAPMOM,0.25,0.1,5,5,0,0,-0.3095047072643547,-0.9910047072643546
2026-08-31,MAHABANK,ORB5,0.25,0.1,5,36,6,5,-0.2064708278770404,-5.113270827877042
2026-08-31,MAHABANK,ORB15,0.25,0.1,5,36,6,5,-0.2064708278770404,-5.113270827877042
2026-08-31,MAHABANK,MOM,0.25,0.1,5,15,2,2,0.07016797619594249,-1.9743320238040574
2026-08-31,MAHABANK,VWAPMOM,0.25,0.1,5,12,3,3,0.33549250030227606,-1.3001074996977242
2026-09-01,MAHABANK,ORB5,0.25,0.1,5,30,3,3,-0.6273871019133369,-4.716387101913337
2026-09-01,MAHABANK,ORB15,0.25,0.1,5,30,3,3,-0.6273871019133369,-4.716387101913337
2026-09-01,MAHABANK,MOM,0.25,0.1,5,16,3,2,-0.14368764848638765,-2.3244876484863877
2026-09-01,MAHABANK,VWAPMOM,0.25,0.1,5,11,2,2,-0.0879370822928145,-1.5872370822928148
2026-09-02,MAHABANK,ORB5,0.25,0.1,5,24,4,4,-0.651762184297405,-3.922962184297405
2026-09-02,MAHABANK,ORB15,0.25,0.1,5,24,4,4,-0.651762184297405,-3.922962184297405
2026-09-02,MAHABANK,MOM,0.25,0.1,5,23,4,3,-0.5342641254128743,-3.6691641254128737
2026-09-02,MAHABANK,VWAPMOM,0.25,0.1,5,19,5,5,0.2956265185725344,-2.2940734814274655
2026-09-03,MAHABANK,ORB5,0.25,0.1,5,37,6,4,-0.8250185084370667,-5.8681185084370675
2026-09-03,MAHABANK,ORB15,0.25,0.1,5,37,6,4,-0.8250185084370667,-5.8681185084370675
2026-09-03,MAHABANK,MOM,0.25,0.1,5,15,3,3,-0.23060464652677487,-2.275104646526775
2026-09-03,MAHABANK,VWAPMOM,0.25,0.1,5,9,1,1,-0.4729673863114196,-1.6996673863114196
2026-09-04,MAHABANK,ORB5,0.25,0.1,5,12,3,3,-0.06162925921610754,-1.6972292592161078
2026-09-04,MAHABANK,ORB15,0.25,0.1,5,12,3,3,-0.06162925921610754,-1.6972292592161078
2026-09-04,MAHABANK,MOM,0.25,0.1,5,15,3,2,-0.21553427840517828,-2.260034278405178
2026-09-04,MAHABANK,VWAPMOM,0.25,0.1,5,12,2,2,-0.22315530808660328,-1.8587553080866033
2026-08-31,IDFCFIRSTB,ORB5,0.25,0.1,5,33,3,2,0.13675965341652307,-4.361140346583477
2026-08-31,IDFCFIRSTB,ORB15,0.25,0.1,5,28,3,2,0.11586842203937908,-3.7005315779606205
2026-08-31,IDFCFIRSTB,MOM,0.25,0.1,5,12,5,4,0.8261665536846073,-0.8094334463153926
2026-08-31,IDFCFIRSTB,VWAPMOM,0.25,0.1,5,12,4,3,0.5643258963076203,-1.0712741036923799
2026-09-01,IDFCFIRSTB,MOM,0.25,0.1,5,13,1,0,-0.7397051398655242,-2.5116051398655244
2026-09-01,IDFCFIRSTB,VWAPMOM,0.25,0.1,5,8,1,0,-0.3988837408834051,-1.4892837408834052
2026-09-02,IDFCFIRSTB,ORB5,0.25,0.1,5,25,3,1,-0.4259902663922228,-3.833490266392222
2026-09-02,IDFCFIRSTB,ORB15,0.25,0.1,5,25,3,1,-0.4259902663922228,-3.833490266392222
2026-09-02,IDFCFIRSTB,MOM,0.25,0.1,5,8,1,0,-0.4115429917549883,-1.5019429917549885
2026-09-02,IDFCFIRSTB,VWAPMOM,0.25,0.1,5,8,1,0,-0.35245530562879823,-1.4428553056287985
2026-09-03,IDFCFIRSTB,ORB5,0.25,0.1,5,42,12,11,0.932792387931598,-4.791807612068402
2026-09-03,IDFCFIRSTB,ORB15,0.25,0.1,5,42,12,11,0.8094823646215794,-4.9151176353784205
2026-09-03,IDFCFIRSTB,MOM,0.25,0.1,5,17,4,4,0.05735138177114465,-2.2597486182288553
2026-09-03,IDFCFIRSTB,VWAPMOM,0.25,0.1,5,14,4,4,0.12331002331001156,-1.7848899766899884
2026-09-04,IDFCFIRSTB,ORB5,0.25,0.1,5,23,1,0,-0.16692932819063103,-3.301829328190631
2026-09-04,IDFCFIRSTB,ORB15,0.25,0.1,5,21,1,0,-0.30461506095977725,-3.166915060959777
2026-09-04,IDFCFIRSTB,MOM,0.25,0.1,5,5,0,0,-0.2970016021972802,-0.9785016021972803
2026-09-04,IDFCFIRSTB,VWAPMOM,0.25,0.1,5,3,0,0,-0.14279176201369884,-0.5516917620136988
2026-08-31,LICI,ORB5,0.25,0.1,5,21,2,2,-0.029752651173404344,-2.8920526511734046
2026-08-31,LICI,ORB15,0.25,0.1,5,21,2,2,-0.029752651173404344,-2.8920526511734046
2026-08-31,LICI,MOM,0.25,0.1,5,14,2,2,0.1291429404295485,-1.7790570595704513
2026-08-31,LICI,VWAPMOM,0.25,0.1,5,12,2,2,0.32914294042954517,-1.306457059570455
2026-09-01,LICI,ORB5,0.25,0.1,5,28,4,3,0.5084827407800052,-3.307917259219994
2026-09-01,LICI,ORB15,0.25,0.1,5,28,4,3,0.42420920820049574,-3.392190791799504
2026-09-01,LICI,MOM,0.25,0.1,5,5,1,1,0.15825114265096765,-0.5232488573490324
2026-09-01,LICI,VWAPMOM,0.25,0.1,5,5,1,1,0.15825114265096765,-0.5232488573490324
2026-09-02,LICI,ORB5,0.25,0.1,5,2,0,0,-0.19999999999999707,-0.472599999999997
2026-09-02,LICI,ORB15,0.25,0.1,5,2,0,0,-0.19999999999999707,-0.472599999999997
2026-09-02,LICI,MOM,0.25,0.1,5,10,1,1,0.3301783759384568,-1.032821624061543
2026-09-02,LICI,VWAPMOM,0.25,0.1,5,8,1,1,0.1230425387744667,-0.9673574612255333
2026-09-03,LICI,ORB5,0.25,0.1,5,19,2,1,-0.04902543837709422,-2.638725438377094
2026-09-03,LICI,ORB15,0.25,0.1,5,19,2,1,-0.04902543837709422,-2.638725438377094
2026-09-03,LICI,MOM,0.25,0.1,5,8,0,0,-0.35209743962438744,-1.4424974396243875
2026-09-03,LICI,VWAPMOM,0.25,0.1,5,8,0,0,-0.6482625482625578,-1.738662548262558
2026-09-04,LICI,ORB5,0.25,0.1,5,9,0,0,-0.3563164719156478,-1.583016471915648
2026-09-04,LICI,ORB15,0.25,0.1,5,5,0,0,-0.3597448737535305,-1.0412448737535307
2026-09-04,LICI,MOM,0.25,0.1,5,8,0,0,-0.04859973680274887,-1.138999736802749
2026-09-04,LICI,VWAPMOM,0.25,0.1,5,5,0,0,-0.1283698171135478,-0.8098698171135478
2026-08-31,MOTHERSON,ORB5,0.25,0.1,5,38,9,7,0.7644336037925127,-4.41496639620749
2026-08-31,MOTHERSON,ORB15,0.25,0.1,5,37,8,7,0.5644214818457376,-4.478678518154265
2026-08-31,MOTHERSON,MOM,0.25,0.1,5,19,4,3,-0.2504022143029292,-2.8401022143029286
2026-08-31,MOTHERSON,VWAPMOM,0.25,0.1,5,15,5,4,0.3147493008485499,-1.7297506991514497
2026-09-01,MOTHERSON,ORB5,0.25,0.1,5,21,6,5,0.9675149847195786,-1.8947850152804213
2026-09-01,MOTHERSON,ORB15,0.25,0.1,5,21,6,5,0.9675149847195786,-1.8947850152804213
2026-09-01,MOTHERSON,MOM,0.25,0.1,5,20,4,3,-0.21937806491841383,-2.9453780649184136
2026-09-01,MOTHERSON,VWAPMOM,0.25,0.1,5,14,3,2,0.03062193508157876,-1.8775780649184208
2026-09-02,MOTHERSON,ORB5,0.25,0.1,5,26,4,4,-0.3139379595246834,-3.8577379595246835
2026-09-02,MOTHERSON,ORB15,0.25,0.1,5,12,1,1,-0.5126668357373922,-2.148266835737392
2026-09-02,MOTHERSON,MOM,0.25,0.1,5,13,0,0,-0.4285771759495228,-2.2004771759495227
2026-09-02,MOTHERSON,VWAPMOM,0.25,0.1,5,14,0,0,-0.5285771759495276,-2.4367771759495276
2026-09-03,MOTHERSON,ORB5,0.25,0.1,5,26,1,1,0.07812561183731612,-3.465674388162684
2026-09-03,MOTHERSON,ORB15,0.25,0.1,5,2,0,0,-0.14950188725942964,-0.42210188725942965
2026-09-03,MOTHERSON,MOM,0.25,0.1,5,12,1,0,-0.14969630931219607,-1.785296309312196
2026-09-03,MOTHERSON,VWAPMOM,0.25,0.1,5,9,0,0,-0.3136680588461026,-1.5403680588461028
2026-09-04,MOTHERSON,ORB5,0.25,0.1,5,20,1,1,0.09208824142443493,-2.633911758575565
2026-09-04,MOTHERSON,ORB15,0.25,0.1,5,20,1,1,0.09208824142443493,-2.633911758575565
2026-09-04,MOTHERSON,MOM,0.25,0.1,5,9,2,2,-0.08134908299655126,-1.3080490829965514
2026-09-04,MOTHERSON,VWAPMOM,0.25,0.1,5,7,1,1,-0.2313490829965496,-1.1854490829965496
2026-08-31,TATASTEEL,ORB5,0.25,0.1,5,27,1,1,0.012518845871204502,-3.667581154128796
2026-08-31,TATASTEEL,ORB15,0.25,0.1,5,20,0,0,0.013262633476755162,-2.712737366523245
2026-08-31,TATASTEEL,MOM,0.25,0.1,5,9,1,0,-0.3408016597963067,-1.5675016597963067
2026-08-31,TATASTEEL,VWAPMOM,0.25,0.1,5,7,0,0,-0.4110377937886141,-1.3651377937886142
2026-09-01,TATASTEEL,ORB5,0.25,0.1,5,27,6,6,-0.44099029022052466,-4.121090290220524
2026-09-01,TATASTEEL,ORB15,0.25,0.1,5,27,6,6,-0.44099029022052466,-4.121090290220524
2026-09-01,TATASTEEL,MOM,0.25,0.1,5,12,2,2,-0.08807617701780852,-1.7236761770178086
2026-09-01,TATASTEEL,VWAPMOM,0.25,0.1,5,10,3,3,0.46192382298219714,-0.9010761770178031
2026-09-02,TATASTEEL,ORB5,0.25,0.1,5,23,2,2,-0.9909098350863556,-4.125809835086356
2026-09-02,TATASTEEL,ORB15,0.25,0.1,5,23,2,2,-0.9909098350863556,-4.125809835086356
2026-09-02,TATASTEEL,MOM,0.25,0.1,5,8,3,2,0.24756517461879726,-0.8428348253812027
2026-09-02,TATASTEEL,VWAPMOM,0.25,0.1,5,8,3,3,0.34999999999998843,-0.7404000000000115
2026-09-03,TATASTEEL,ORB5,0.25,0.1,5,32,4,1,0.22855130376036004,-4.133048696239641
2026-09-03,TATASTEEL,ORB15,0.25,0.1,5,32,4,1,0.22855130376036004,-4.133048696239641
2026-09-03,TATASTEEL,MOM,0.25,0.1,5,7,1,0,0.04812154943267372,-0.9059784505673263
2026-09-03,TATASTEEL,VWAPMOM,0.25,0.1,5,4,0,0,0.1117331151718948,-0.43346688482810525
2026-09-04,TATASTEEL,ORB5,0.25,0.1,5,27,7,5,0.44909166406313905,-3.2310083359368615
2026-09-04,TATASTEEL,ORB15,0.25,0.1,5,23,6,5,0.27430772652969015,-2.8605922734703104
2026-09-04,TATASTEEL,MOM,0.25,0.1,5,15,4,3,0.06931409047398857,-1.9751859095260114
2026-09-04,TATASTEEL,VWAPMOM,0.25,0.1,5,15,5,5,0.3795013579549488,-1.6649986420450509
2026-08-24,ADANIPOWER,ORB5,0.25,0.1,5,33,2,1,0.3106856831127812,-4.18721431688722
2026-08-24,ADANIPOWER,ORB15,0.25,0.1,5,30,2,1,0.2764905934982874,-3.812509406501712
2026-08-24,ADANIPOWER,MOM,0.25,0.1,5,1,0,0,-0.0491666256944758,-0.1854666256944758
2026-08-24,ADANIPOWER,VWAPMOM,0.25,0.1,5,1,1,0,0.1378970696872697,0.0015970696872696921
2026-08-25,ADANIPOWER,ORB5,0.25,0.1,5,34,6,3,0.8789956949839598,-3.7552043050160404
2026-08-25,ADANIPOWER,ORB15,0.25,0.1,5,16,3,1,0.27727562545590745,-1.9035243745440926
2026-08-25,ADANIPOWER,MOM,0.25,0.1,5,13,3,2,0.10325204123103754,-1.6686479587689629
2026-08-25,ADANIPOWER,VWAPMOM,0.25,0.1,5,11,3,2,0.3032520412310108,-1.1960479587689892
2026-08-26,ADANIPOWER,ORB5,0.25,0.1,5,6,0,0,-0.6000000000000053,-1.4178000000000053
2026-08-26,ADANIPOWER,ORB15,0.25,0.1,5,6,0,0,-0.6000000000000053,-1.4178000000000053
2026-08-26,ADANIPOWER,MOM,0.25,0.1,5,4,0,0,-0.2569789674952006,-0.8021789674952007
2026-08-26,ADANIPOWER,VWAPMOM,0.25,0.1,5,3,0,0,-0.1569789674952071,-0.5658789674952072
2026-08-27,ADANIPOWER,ORB5,0.25,0.1,5,39,11,9,0.9015225081301625,-4.414177491869838
2026-08-27,ADANIPOWER,ORB15,0.25,0.1,5,39,11,9,0.9015225081301625,-4.414177491869838
2026-08-27,ADANIPOWER,MOM,0.25,0.1,5,17,5,4,0.33344230044921896,-1.9836576995507813
2026-08-27,ADANIPOWER,VWAPMOM,0.25,0.1,5,17,8,7,1.0459777891838267,-1.2711222108161735
2026-08-28,ADANIPOWER,ORB5,0.25,0.1,5,37,3,2,-0.4772715878425824,-5.520371587842584
2026-08-28,ADANIPOWER,ORB15,0.25,0.1,5,37,3,2,-0.5631940139541924,-5.606294013954194
2026-08-28,ADANIPOWER,MOM,0.25,0.1,5,5,1,1,0.3577829828681149,-0.32371701713188517
2026-08-28,ADANIPOWER,VWAPMOM,0.25,0.1,5,2,0,0,0.07563894586779837,-0.1969610541322016
2026-08-24,MAHABANK,ORB5,0.25,0.1,5,5,0,0,-0.4999999999999908,-1.181499999999991
2026-08-24,MAHABANK,ORB15,0.25,0.1,5,5,0,0,-0.4999999999999908,-1.181499999999991
2026-08-24,MAHABANK,MOM,0.25,0.1,5,15,3,3,0.1236420850460594,-1.9208579149539409
2026-08-24,MAHABANK,VWAPMOM,0.25,0.1,5,16,1,1,-0.7631680856168954,-2.943968085616895
2026-08-25,MAHABANK,ORB5,0.25,0.1,5,12,0,0,-0.6174942408099335,-2.2530942408099337
2026-08-25,MAHABANK,MOM,0.25,0.1,5,7,0,0,-0.4627113737779433,-1.416811373777943
2026-08-25,MAHABANK,VWAPMOM,0.25,0.1,5,5,0,0,-0.461027706578741,-1.142527706578741
2026-08-26,MAHABANK,ORB5,0.25,0.1,5,30,7,6,0.357953605750028,-3.7310463942499728
2026-08-26,MAHABANK,ORB15,0.25,0.1,5,30,7,6,0.357953605750028,-3.7310463942499728
2026-08-26,MAHABANK,MOM,0.25,0.1,5,15,3,3,0.22982287274278568,-1.8146771272572146
2026-08-26,MAHABANK,VWAPMOM,0.25,0.1,5,12,2,2,0.045325258037500205,-1.5902747419624998
2026-08-27,MAHABANK,ORB5,0.25,0.1,5,36,3,2,-0.4698411301437664,-5.376641130143767
2026-08-27,MAHABANK,ORB15,0.25,0.1,5,36,3,2,-0.4698411301437664,-5.376641130143767
2026-08-27,MAHABANK,MOM,0.25,0.1,5,8,1,0,-0.5122461504620288,-1.602646150462029
2026-08-27,MAHABANK,VWAPMOM,0.25,0.1,5,5,1,0,-0.21766114218584087,-0.899161142185841
2026-08-28,MAHABANK,ORB5,0.25,0.1,5,25,5,3,0.3690484572842904,-3.03845154271571
2026-08-28,MAHABANK,ORB15,0.25,0.1,5,25,5,3,0.3690484572842904,-3.03845154271571
2026-08-28,MAHABANK,MOM,0.25,0.1,5,10,3,2,0.3358094023038504,-1.0271905976961497
2026-08-28,MAHABANK,VWAPMOM,0.25,0.1,5,7,1,0,-0.23610717446704285,-1.1902071744670428
2026-08-24,IDFCFIRSTB,ORB5,0.25,0.1,5,28,3,2,0.5689477004694822,-3.247452299530517
2026-08-24,IDFCFIRSTB,ORB15,0.25,0.1,5,27,2,1,0.33055536152578546,-3.349544638474214
2026-08-24,IDFCFIRSTB,MOM,0.25,0.1,5,4,1,1,0.1312536273940936,-0.41394637260590644
2026-08-24,IDFCFIRSTB,VWAPMOM,0.25,0.1,5,2,0,0,-0.018746372605895845,-0.29134637260589585
2026-08-25,IDFCFIRSTB,ORB5,0.25,0.1,5,15,0,0,-0.5656857308648409,-2.610185730864841
2026-08-25,IDFCFIRSTB,ORB15,0.25,0.1,5,14,0,0,-0.46568573086484816,-2.373885730864848
2026-08-25,IDFCFIRSTB,MOM,0.25,0.1,5,6,0,0,-0.04798781144124305,-0.8657878114412431
2026-08-25,IDFCFIRSTB,VWAPMOM,0.25,0.1,5,5,0,0,0.05201218855876341,-0.6294878114412366
2026-08-26,IDFCFIRSTB,ORB5,0.25,0.1,5,25,3,2,0.77620610312464,-2.631293896875361
2026-08-26,IDFCFIRSTB,ORB15,0.25,0.1,5,22,3,2,0.752827998963132,-2.2457720010368685
2026-08-26,IDFCFIRSTB,MOM,0.25,0.1,5,6,1,1,-0.0911358345544186,-0.9089358345544186
2026-08-26,IDFCFIRSTB,VWAPMOM,0.25,0.1,5,4,1,1,0.06762547699804598,-0.477574523001954
2026-08-27,IDFCFIRSTB,ORB5,0.25,0.1,5,32,2,2,-0.5452361779978789,-4.906836177997878
2026-08-27,IDFCFIRSTB,ORB15,0.25,0.1,5,32,2,2,-0.5452361779978789,-4.906836177997878
2026-08-27,IDFCFIRSTB,MOM,0.25,0.1,5,9,0,0,-0.49993207368399056,-1.7266320736839909
2026-08-27,IDFCFIRSTB,VWAPMOM,0.25,0.1,5,7,0,0,-0.49994900382002067,-1.4540490038200207
2026-08-28,IDFCFIRSTB,ORB5,0.25,0.1,5,17,0,0,-0.5211285248789304,-2.8382285248789305
2026-08-28,IDFCFIRSTB,ORB15,0.25,0.1,5,5,0,0,-0.08105303517974834,-0.7625530351797484
2026-08-28,IDFCFIRSTB,MOM,0.25,0.1,5,7,1,1,0.05722626089507536,-0.8968737391049246
2026-08-28,IDFCFIRSTB,VWAPMOM,0.25,0.1,5,6,1,1,0.3168992528988772,-0.5009007471011228
2026-08-24,LICI,ORB5,0.25,0.1,5,22,2,0,-0.58012730119545,-3.5787273011954497
2026-08-24,LICI,ORB15,0.25,0.1,5,22,2,0,-0.58012730119545,-3.5787273011954497
2026-08-24,LICI,MOM,0.25,0.1,5,15,2,2,-0.7999999999999134,-2.8444999999999134
2026-08-24,LICI,VWAPMOM,0.25,0.1,5,10,1,1,-0.6499999999999472,-2.0129999999999475
2026-08-25,LICI,ORB5,0.25,0.1,5,3,1,1,0.05000000000001714,-0.35889999999998284
2026-08-25,LICI,ORB15,0.25,0.1,5,3,1,1,0.05000000000001714,-0.35889999999998284
2026-08-25,LICI,MOM,0.25,0.1,5,10,1,1,-0.41477306105940315,-1.7777730610594031
2026-08-25,LICI,VWAPMOM,0.25,0.1,5,7,1,1,-0.2618595825426304,-1.2159595825426304
2026-08-26,LICI,ORB5,0.25,0.1,5,37,4,2,0.017463588583614242,-5.025636411416388
2026-08-26,LICI,ORB15,0.25,0.1,5,37,4,2,0.017463588583614242,-5.025636411416388
2026-08-26,LICI,MOM,0.25,0.1,5,8,2,1,0.053067206452738006,-1.037332793547262
2026-08-26,LICI,VWAPMOM,0.25,0.1,5,5,2,1,0.18159609269453658,-0.4999039073054634
2026-08-27,LICI,ORB5,0.25,0.1,5,26,4,3,0.40386244878113897,-3.1399375512188614
2026-08-27,LICI,ORB15,0.25,0.1,5,26,4,3,0.40386244878113897,-3.1399375512188614
2026-08-27,LICI,MOM,0.25,0.1,5,15,4,3,1.3942336168706462,-0.6502663831293539
2026-08-27,LICI,VWAPMOM,0.25,0.1,5,10,3,2,0.915505647974007,-0.447494352025993
2026-08-28,LICI,ORB5,0.25,0.1,5,19,1,1,-0.637480802555092,-3.2271808025550923
2026-08-28,LICI,ORB15,0.25,0.1,5,6,0,0,-0.5359669104423886,-1.3537669104423886
2026-08-28,LICI,MOM,0.25,0.1,5,18,2,1,-0.7178248697427914,-3.171224869742791
2026-08-28,LICI,VWAPMOM,0.25,0.1,5,12,1,1,-0.607676089673971,-2.243276089673971
2026-08-24,MOTHERSON,ORB5,0.25,0.1,5,19,1,0,-0.306537788330192,-2.8962377883301915
2026-08-24,MOTHERSON,ORB15,0.25,0.1,5,19,1,0,-0.3065193181470339,-2.8962193181470335
2026-08-24,MOTHERSON,MOM,0.25,0.1,5,5,0,0,-0.22286181469399208,-0.9043618146939921
2026-08-24,MOTHERSON,VWAPMOM,0.25,0.1,5,3,0,0,-0.022861814694016158,-0.4317618146940162
2026-08-25,MOTHERSON,ORB5,0.25,0.1,5,36,3,1,-0.1589585293814308,-5.065758529381432
2026-08-25,MOTHERSON,ORB15,0.25,0.1,5,36,3,1,-0.1589585293814308,-5.065758529381432
2026-08-25,MOTHERSON,MOM,0.25,0.1,5,12,0,0,-0.19871681759322746,-1.8343168175932274
2026-08-25,MOTHERSON,VWAPMOM,0.25,0.1,5,9,0,0,-0.05272785067890214,-1.279427850678902
2026-08-26,MOTHERSON,ORB5,0.25,0.1,5,27,1,1,-0.16990279310124481,-3.8500027931012446
2026-08-26,MOTHERSON,ORB15,0.25,0.1,5,27,1,1,-0.16990279310124481,-3.8500027931012446
2026-08-26,MOTHERSON,MOM,0.25,0.1,5,10,3,3,0.26206417907269375,-1.1009358209273064
2026-08-26,MOTHERSON,VWAPMOM,0.25,0.1,5,8,3,3,0.4620641790727034,-0.6283358209272967
2026-08-27,MOTHERSON,ORB5,0.25,0.1,5,30,1,0,-0.7381259009167525,-4.827125900916753
2026-08-27,MOTHERSON,ORB15,0.25,0.1,5,5,0,0,-0.2060870414044011,-0.8875870414044011
2026-08-27,MOTHERSON,MOM,0.25,0.1,5,8,1,0,-0.025208228495126522,-1.1156082284951265
2026-08-27,MOTHERSON,VWAPMOM,0.25,0.1,5,6,0,0,-0.09419377685205013,-0.9119937768520501
2026-08-28,MOTHERSON,ORB5,0.25,0.1,5,18,1,1,-0.5404533715479063,-2.993853371547906
2026-08-28,MOTHERSON,ORB15,0.25,0.1,5,18,1,1,-0.5404533715479063,-2.993853371547906
2026-08-28,MOTHERSON,MOM,0.25,0.1,5,8,0,0,-0.7121226815371084,-1.8025226815371087
2026-08-28,MOTHERSON,VWAPMOM,0.25,0.1,5,6,1,1,-0.1621226815371262,-0.9799226815371263
2026-08-24,TATASTEEL,ORB5,0.25,0.1,5,23,1,0,-0.5310535461982479,-3.6659535461982475
2026-08-24,TATASTEEL,ORB15,0.25,0.1,5,23,1,0,-0.5310535461982479,-3.6659535461982475
2026-08-24,TATASTEEL,MOM,0.25,0.1,5,12,2,2,-0.27582334521108404,-1.9114233452110843
2026-08-24,TATASTEEL,VWAPMOM,0.25,0.1,5,11,1,1,-0.44746251210316124,-1.9467625121031615
2026-08-25,TATASTEEL,ORB5,0.25,0.1,5,33,4,2,0.3795709284123469,-4.118329071587653
2026-08-25,TATASTEEL,ORB15,0.25,0.1,5,33,4,2,0.3795709284123469,-4.118329071587653
2026-08-25,TATASTEEL,MOM,0.25,0.1,5,10,0,0,-0.23152090661120475,-1.5945209066112047
2026-08-25,TATASTEEL,VWAPMOM,0.25,0.1,5,7,0,0,-0.21294532508347952,-1.1670453250834796
2026-08-26,TATASTEEL,ORB5,0.25,0.1,5,11,4,4,0.38941518920349083,-1.1098848107965091
2026-08-26,TATASTEEL,ORB15,0.25,0.1,5,11,4,4,0.38941518920349083,-1.1098848107965091
2026-08-26,TATASTEEL,MOM,0.25,0.1,5,17,5,5,0.797457363755411,-1.519642636244589
2026-08-26,TATASTEEL,VWAPMOM,0.25,0.1,5,18,4,4,0.34745736375540115,-2.1059426362445985
2026-08-27,TATASTEEL,ORB5,0.25,0.1,5,22,1,0,-0.19317433984388058,-3.1917743398438807
2026-08-27,TATASTEEL,ORB15,0.25,0.1,5,22,1,0,-0.19317433984388058,-3.1917743398438807
2026-08-27,TATASTEEL,MOM,0.25,0.1,5,10,0,0,-0.5830313249862081,-1.9460313249862082
2026-08-27,TATASTEEL,VWAPMOM,0.25,0.1,5,9,1,0,-0.44049737967813085,-1.667197379678131
2026-08-28,TATASTEEL,ORB5,0.25,0.1,5,33,4,2,0.18623049413172665,-4.311669505868273
2026-08-28,TATASTEEL,ORB15,0.25,0.1,5,33,4,2,0.18623049413172665,-4.311669505868273
2026-08-28,TATASTEEL,MOM,0.25,0.1,5,13,2,1,-0.108763265633987,-1.880663265633987
2026-08-28,TATASTEEL,VWAPMOM,0.25,0.1,5,10,2,1,0.07514145028424925,-1.2878585497157506
2026-08-17,ADANIPOWER,ORB5,0.25,0.1,5,32,10,2,1.0004988297247164,-3.3611011702752833
2026-08-17,ADANIPOWER,ORB15,0.25,0.1,5,31,9,1,0.7504988297247164,-3.4748011702752835
2026-08-17,ADANIPOWER,MOM,0.25,0.1,5,13,4,2,0.17934114790351263,-1.5925588520964875
2026-08-17,ADANIPOWER,VWAPMOM,0.25,0.1,5,10,2,1,-0.2780155738784399,-1.64101557387844
2026-08-18,ADANIPOWER,ORB5,0.25,0.1,5,32,3,3,-0.46354841678693515,-4.825148416786935
2026-08-18,ADANIPOWER,ORB15,0.25,0.1,5,32,3,3,-0.46354841678693515,-4.825148416786935
2026-08-18,ADANIPOWER,MOM,0.25,0.1,5,14,1,1,-0.5776480616705362,-2.4858480616705365
2026-08-18,ADANIPOWER,VWAPMOM,0.25,0.1,5,10,1,1,-0.4210334039419732,-1.7840334039419732
2026-08-19,ADANIPOWER,ORB5,0.25,0.1,5,11,0,0,-0.28037621133020874,-1.779676211330209
2026-08-19,ADANIPOWER,ORB15,0.25,0.1,5,4,0,0,-0.24283897529827042,-0.7880389752982704
2026-08-19,ADANIPOWER,MOM,0.25,0.1,5,7,1,1,0.0698548928393837,-0.8842451071606163
2026-08-19,ADANIPOWER,VWAPMOM,0.25,0.1,5,6,1,1,-0.008939552152242708,-0.8267395521522427
2026-08-20,ADANIPOWER,ORB5,0.25,0.1,5,8,0,0,-0.10663591465843149,-1.1970359146584315
2026-08-20,ADANIPOWER,ORB15,0.25,0.1,5,8,0,0,-0.10663591465843149,-1.1970359146584315
2026-08-20,ADANIPOWER,MOM,0.25,0.1,5,5,1,1,0.028224308203787046,-0.653275691796213
2026-08-20,ADANIPOWER,VWAPMOM,0.25,0.1,5,4,1,1,0.12822430820378491,-0.4169756917962152
2026-08-21,ADANIPOWER,ORB5,0.25,0.1,5,4,1,1,-0.05000000000001607,-0.5952000000000162
2026-08-21,ADANIPOWER,ORB15,0.25,0.1,5,4,1,1,-0.05000000000001607,-0.5952000000000162
2026-08-21,ADANIPOWER,MOM,0.25,0.1,5,8,3,3,0.3254118514875666,-0.7649881485124335
2026-08-21,ADANIPOWER,VWAPMOM,0.25,0.1,5,8,3,3,0.3254118514875666,-0.7649881485124335
2026-08-17,MAHABANK,ORB5,0.25,0.1,5,18,2,2,0.19785717438524766,-2.255542825614752
2026-08-17,MAHABANK,ORB15,0.25,0.1,5,18,2,2,0.19785717438524766,-2.255542825614752
2026-08-17,MAHABANK,MOM,0.25,0.1,5,13,1,1,-0.5620636897085015,-2.3339636897085017
2026-08-17,MAHABANK,VWAPMOM,0.25,0.1,5,12,1,1,-0.46206368970849554,-2.0976636897084955
2026-08-18,MAHABANK,ORB5,0.25,0.1,5,25,6,4,0.8959444807886405,-2.51155551921136
2026-08-18,MAHABANK,ORB15,0.25,0.1,5,25,6,4,0.8959444807886405,-2.51155551921136
2026-08-18,MAHABANK,MOM,0.25,0.1,5,9,1,1,-0.41184597938011147,-1.6385459793801118
2026-08-18,MAHABANK,VWAPMOM,0.25,0.1,5,6,1,1,-0.19947433518858437,-1.0172743351885845
2026-08-19,MAHABANK,ORB5,0.25,0.1,5,22,1,1,-0.05017501020904071,-3.0487750102090407
2026-08-19,MAHABANK,ORB15,0.25,0.1,5,21,1,1,0.04982498979095354,-2.8124750102090466
2026-08-19,MAHABANK,MOM,0.25,0.1,5,5,0,0,-0.050362482981415976,-0.731862482981416
2026-08-19,MAHABANK,VWAPMOM,0.25,0.1,5,5,0,0,-0.050362482981415976,-0.731862482981416
2026-08-20,MAHABANK,ORB5,0.25,0.1,5,13,1,1,-0.6265272652707655,-2.398427265270765
2026-08-20,MAHABANK,ORB15,0.25,0.1,5,13,1,1,-0.6265272652707655,-2.398427265270765
2026-08-20,MAHABANK,MOM,0.25,0.1,5,16,0,0,-0.9896522171047133,-3.1704522171047134
2026-08-20,MAHABANK,VWAPMOM,0.25,0.1,5,12,0,0,-0.8631486335873382,-2.498748633587338
2026-08-21,MAHABANK,ORB5,0.25,0.1,5,8,2,1,-0.10183661967538424,-1.1922366196753842
2026-08-21,MAHABANK,ORB15,0.25,0.1,5,8,2,1,-0.10183661967538424,-1.1922366196753842
2026-08-21,MAHABANK,MOM,0.25,0.1,5,9,2,1,-0.05098285587144814,-1.2776828558714484
2026-08-21,MAHABANK,VWAPMOM,0.25,0.1,5,7,2,1,0.09854048200151719,-0.855559517998483
2026-08-17,IDFCFIRSTB,ORB5,0.25,0.1,5,8,0,0,-0.10558533625920817,-1.195985336259208
2026-08-17,IDFCFIRSTB,MOM,0.25,0.1,5,5,0,0,-0.2533268045888038,-0.9348268045888037
2026-08-17,IDFCFIRSTB,VWAPMOM,0.25,0.1,5,4,0,0,-0.15332680458880615,-0.6985268045888061
2026-08-18,IDFCFIRSTB,ORB5,0.25,0.1,5,26,0,0,-0.5115399541035243,-4.055339954103524
2026-08-18,IDFCFIRSTB,ORB15,0.25,0.1,5,6,0,0,-0.07646531177246713,-0.8942653117724672
2026-08-18,IDFCFIRSTB,MOM,0.25,0.1,5,4,1,1,-0.04999999999999505,-0.5951999999999951
2026-08-18,IDFCFIRSTB,VWAPMOM,0.25,0.1,5,3,1,1,0.04999999999999956,-0.35890000000000044
2026-08-19,IDFCFIRSTB,ORB5,0.25,0.1,5,7,0,0,-0.3117906878842025,-1.2658906878842027
2026-08-19,IDFCFIRSTB,ORB15,0.25,0.1,5,3,0,0,-0.08830272546496534,-0.49720272546496536
2026-08-19,IDFCFIRSTB,MOM,0.25,0.1,5,8,0,0,0.034763875086010254,-1.0556361249139896
2026-08-19,IDFCFIRSTB,VWAPMOM,0.25,0.1,5,8,0,0,0.034763875086010254,-1.0556361249139896
2026-08-20,IDFCFIRSTB,ORB5,0.25,0.1,5,20,1,1,-0.02986958140329287,-2.7558695814032927
2026-08-20,IDFCFIRSTB,ORB15,0.25,0.1,5,19,1,1,-0.07639998484951357,-2.6660999848495135
2026-08-20,IDFCFIRSTB,MOM,0.25,0.1,5,4,1,0,0.08590162547534252,-0.4592983745246575
2026-08-20,IDFCFIRSTB,VWAPMOM,0.25,0.1,5,3,1,0,0.0974864262167757,-0.3114135737832243
2026-08-21,IDFCFIRSTB,ORB5,0.25,0.1,5,31,3,1,0.6305938169298914,-3.5947061830701084
2026-08-21,IDFCFIRSTB,ORB15,0.25,0.1,5,31,3,1,0.6305938169298914,-3.5947061830701084
2026-08-21,IDFCFIRSTB,MOM,0.25,0.1,5,6,0,0,-0.34639948515940155,-1.1641994851594015
2026-08-21,IDFCFIRSTB,VWAPMOM,0.25,0.1,5,4,0,0,-0.14639948515942797,-0.691599485159428
2026-08-17,LICI,ORB5,0.25,0.1,5,7,0,0,-0.5359903722787847,-1.4900903722787848
2026-08-17,LICI,ORB15,0.25,0.1,5,4,0,0,-0.3724025582237016,-0.9176025582237016
2026-08-17,LICI,MOM,0.25,0.1,5,9,1,0,-0.14828239084078995,-1.37498239084079
2026-08-17,LICI,VWAPMOM,0.25,0.1,5,7,0,0,-0.36671641572649993,-1.3208164157265
2026-08-18,LICI,ORB5,0.25,0.1,5,26,0,0,-0.6462553064884254,-4.190055306488427
2026-08-18,LICI,ORB15,0.25,0.1,5,26,0,0,-0.6462553064884254,-4.190055306488427
2026-08-18,LICI,MOM,0.25,0.1,5,9,0,0,-0.5000356408824432,-1.7267356408824432
2026-08-18,LICI,VWAPMOM,0.25,0.1,5,6,0,0,-0.4244258847848913,-1.2422258847848913
2026-08-19,LICI,ORB5,0.25,0.1,5,34,4,2,0.08156676657360856,-4.552633233426391
2026-08-19,LICI,ORB15,0.25,0.1,5,22,3,2,-0.2426940247013594,-3.2412940247013595
2026-08-19,LICI,MOM,0.25,0.1,5,8,2,1,0.4160327120925021,-0.674367287907498
2026-08-19,LICI,VWAPMOM,0.25,0.1,5,6,2,1,0.43120479158839115,-0.3865952084116089
2026-08-20,LICI,ORB5,0.25,0.1,5,31,7,7,-0.29875947796447855,-4.524059477964478
2026-08-20,LICI,ORB15,0.25,0.1,5,31,7,7,-0.29875947796447855,-4.524059477964478
2026-08-20,LICI,MOM,0.25,0.1,5,17,4,4,-0.1999999999999709,-2.5170999999999712
2026-08-20,LICI,VWAPMOM,0.25,0.1,5,10,2,2,-0.20000000000000517,-1.563000000000005
2026-08-21,LICI,ORB5,0.25,0.1,5,21,4,4,0.3421674561611511,-2.5201325438388493
2026-08-21,LICI,ORB15,0.25,0.1,5,19,3,3,0.13952713377605866,-2.4501728662239413
2026-08-21,LICI,MOM,0.25,0.1,5,10,2,2,0.4899552648862625,-0.8730447351137374
2026-08-21,LICI,VWAPMOM,0.25,0.1,5,9,2,2,0.13550716061075446,-1.0911928393892454
2026-08-17,MOTHERSON,ORB5,0.25,0.1,5,8,0,0,-0.2815456921617188,-1.3719456921617188
2026-08-17,MOTHERSON,ORB15,0.25,0.1,5,1,0,0,-0.0999999999999938,-0.2362999999999938
2026-08-17,MOTHERSON,MOM,0.25,0.1,5,7,0,0,-0.599999999999959,-1.5540999999999587
2026-08-17,MOTHERSON,VWAPMOM,0.25,0.1,5,5,0,0,-0.49999999999997313,-1.1814999999999731
2026-08-18,MOTHERSON,ORB5,0.25,0.1,5,3,0,0,-0.3000000000000058,-0.7089000000000059
2026-08-18,MOTHERSON,ORB15,0.25,0.1,5,3,0,0,-0.3000000000000058,-0.7089000000000059
2026-08-18,MOTHERSON,MOM,0.25,0.1,5,12,2,2,-0.49999999999996053,-2.1355999999999606
2026-08-18,MOTHERSON,VWAPMOM,0.25,0.1,5,10,2,2,-0.2999999999999738,-1.662999999999974
2026-08-19,MOTHERSON,ORB5,0.25,0.1,5,12,3,3,0.055865393586964046,-1.579734606413036
2026-08-19,MOTHERSON,ORB15,0.25,0.1,5,12,3,3,0.055865393586964046,-1.579734606413036
2026-08-19,MOTHERSON,MOM,0.25,0.1,5,14,6,6,0.9705238682570213,-0.9376761317429786
2026-08-19,MOTHERSON,VWAPMOM,0.25,0.1,5,11,6,6,1.2705238682570028,-0.2287761317429971
2026-08-20,MOTHERSON,ORB5,0.25,0.1,5,25,3,2,-0.22296740230112647,-3.6304674023011265
2026-08-20,MOTHERSON,ORB15,0.25,0.1,5,21,2,1,-0.10239128272250075,-2.9646912827225007
2026-08-20,MOTHERSON,MOM,0.25,0.1,5,8,1,1,-0.3676903274026166,-1.4580903274026165
2026-08-20,MOTHERSON,VWAPMOM,0.25,0.1,5,6,1,1,-0.1676903274026229,-0.9854903274026229
2026-08-21,MOTHERSON,ORB5,0.25,0.1,5,4,0,0,-0.09399644419925293,-0.6391964441992529
2026-08-21,MOTHERSON,MOM,0.25,0.1,5,5,0,0,0.1421035398143798,-0.5393964601856203
2026-08-21,MOTHERSON,VWAPMOM,0.25,0.1,5,4,0,0,0.17752266614259837,-0.3676773338574017
2026-08-17,TATASTEEL,ORB5,0.25,0.1,5,19,3,1,0.4458117028332701,-2.1438882971667304
2026-08-17,TATASTEEL,ORB15,0.25,0.1,5,16,2,1,0.40340685382763786,-1.7773931461723622
2026-08-17,TATASTEEL,MOM,0.25,0.1,5,11,1,1,0.02123692666750224,-1.478063073332498
2026-08-17,TATASTEEL,VWAPMOM,0.25,0.1,5,8,1,1,0.2103478320957062,-0.8800521679042937
2026-08-18,TATASTEEL,ORB5,0.25,0.1,5,31,2,0,-0.49277261424003566,-4.718072614240036
2026-08-18,TATASTEEL,ORB15,0.25,0.1,5,31,2,0,-0.49277261424003566,-4.718072614240036
2026-08-18,TATASTEEL,MOM,0.25,0.1,5,4,2,0,0.3555379379383386,-0.18966206206166142
2026-08-18,TATASTEEL,VWAPMOM,0.25,0.1,5,3,1,0,0.1877527030390085,-0.2211472969609915
2026-08-19,TATASTEEL,MOM,0.25,0.1,5,6,1,1,-0.14239634553786293,-0.960196345537863
2026-08-19,TATASTEEL,VWAPMOM,0.25,0.1,5,5,1,1,-0.09345936549327945,-0.7749593654932795
2026-08-20,TATASTEEL,ORB5,0.25,0.1,5,24,1,0,-0.527396766054657,-3.7985967660546573
2026-08-20,TATASTEEL,ORB15,0.25,0.1,5,24,1,0,-0.527396766054657,-3.7985967660546573
2026-08-20,TATASTEEL,MOM,0.25,0.1,5,9,1,0,-0.459186237640358,-1.685886237640358
2026-08-20,TATASTEEL,VWAPMOM,0.25,0.1,5,7,0,0,-0.36393207256200794,-1.3180320725620078
2026-08-21,TATASTEEL,ORB5,0.25,0.1,5,23,1,0,0.020766456971165567,-3.114133543028834
2026-08-21,TATASTEEL,ORB15,0.25,0.1,5,23,1,0,0.02076645697116901,-3.1141335430288306
2026-08-21,TATASTEEL,MOM,0.25,0.1,5,7,1,0,0.04913598288510973,-0.9049640171148903
2026-08-21,TATASTEEL,VWAPMOM,0.25,0.1,5,5,1,0,0.2491359828851097,-0.43236401711489036
2026-08-10,ADANIPOWER,ORB5,0.25,0.1,5,11,2,2,0.028514938748621266,-1.4707850612513789
2026-08-10,ADANIPOWER,ORB15,0.25,0.1,5,11,2,2,0.028514938748621266,-1.4707850612513789
2026-08-10,ADANIPOWER,MOM,0.25,0.1,5,11,1,1,-0.13568195435473374,-1.634981954354734
2026-08-10,ADANIPOWER,VWAPMOM,0.25,0.1,5,10,2,2,0.03286531218732826,-1.3301346878126716
2026-08-11,ADANIPOWER,ORB5,0.25,0.1,5,18,7,5,0.9213684335458353,-1.5320315664541648
2026-08-11,ADANIPOWER,ORB15,0.25,0.1,5,16,5,4,0.5098789303635431,-1.670921069636457
2026-08-11,ADANIPOWER,MOM,0.25,0.1,5,13,6,5,1.2020208939718182,-0.5698791060281818
2026-08-11,ADANIPOWER,VWAPMOM,0.25,0.1,5,12,6,5,1.0642671449705585,-0.5713328550294416
2026-08-12,ADANIPOWER,ORB5,0.25,0.1,5,29,4,3,0.5419148358819204,-3.4107851641180806
2026-08-12,ADANIPOWER,ORB15,0.25,0.1,5,29,4,3,0.5419148358819204,-3.4107851641180806
2026-08-12,ADANIPOWER,MOM,0.25,0.1,5,9,2,2,0.10468734824879619,-1.122012651751204
2026-08-12,ADANIPOWER,VWAPMOM,0.25,0.1,5,6,1,1,-0.05029429243319787,-0.8680942924331978
2026-08-13,ADANIPOWER,ORB5,0.25,0.1,5,32,1,1,-0.2976021842318892,-4.65920218423189
2026-08-13,ADANIPOWER,ORB15,0.25,0.1,5,29,1,1,-0.4793586658688951,-4.432058665868896
2026-08-13,ADANIPOWER,MOM,0.25,0.1,5,7,1,1,0.1939277092487035,-0.7601722907512967
2026-08-13,ADANIPOWER,VWAPMOM,0.25,0.1,5,3,0,0,-0.01226626101407267,-0.42116626101407273
2026-08-14,ADANIPOWER,ORB5,0.25,0.1,5,14,1,1,0.022626457651168566,-1.8855735423488316
2026-08-14,ADANIPOWER,ORB15,0.25,0.1,5,13,1,1,0.1226264576511639,-1.649273542348836
2026-08-14,ADANIPOWER,MOM,0.25,0.1,5,13,1,1,-0.7013611753588961,-2.4732611753588962
2026-08-14,ADANIPOWER,VWAPMOM,0.25,0.1,5,11,1,1,-0.5013611753588945,-2.0006611753588945
2026-08-10,MAHABANK,MOM,0.25,0.1,5,8,2,2,0.2891218661022126,-0.8012781338977875
2026-08-10,MAHABANK,VWAPMOM,0.25,0.1,5,7,1,1,-0.06087813389776765,-1.014978133897768
2026-08-11,MAHABANK,ORB5,0.25,0.1,5,1,0,0,-0.09999999999999684,-0.23629999999999685
2026-08-11,MAHABANK,MOM,0.25,0.1,5,7,2,0,-0.05425048471940341,-1.0083504847194036
2026-08-11,MAHABANK,VWAPMOM,0.25,0.1,5,2,1,0,0.14033161824628074,-0.13226838175371927
2026-08-12,MAHABANK,ORB5,0.25,0.1,5,40,9,7,0.6740327764649333,-4.777967223535065
2026-08-12,MAHABANK,ORB15,0.25,0.1,5,40,9,7,0.6740327764649333,-4.777967223535065
2026-08-12,MAHABANK,MOM,0.25,0.1,5,14,2,2,-0.09972458650868062,-2.0079245865086803
2026-08-12,MAHABANK,VWAPMOM,0.25,0.1,5,14,3,3,0.0009627849940563316,-1.9072372150059436
2026-08-13,MAHABANK,ORB5,0.25,0.1,5,9,1,0,-0.42813210256322537,-1.6548321025632255
2026-08-13,MAHABANK,ORB15,0.25,0.1,5,9,1,0,-0.42813210256322537,-1.6548321025632255
2026-08-13,MAHABANK,MOM,0.25,0.1,5,6,1,1,-0.028699660359015125,-0.8464996603590151
2026-08-13,MAHABANK,VWAPMOM,0.25,0.1,5,5,1,1,0.07130033964096949,-0.6101996603590306
2026-08-14,MAHABANK,ORB5,0.25,0.1,5,34,6,2,0.13301836689366625,-4.501181633106335
2026-08-14,MAHABANK,ORB15,0.25,0.1,5,33,5,2,-0.05308585146859778,-4.550985851468599
2026-08-14,MAHABANK,MOM,0.25,0.1,5,11,1,1,-0.6002673131915608,-2.099567313191561
2026-08-14,MAHABANK,VWAPMOM,0.25,0.1,5,6,2,1,0.18660200286671297,-0.6311979971332871
2026-08-10,IDFCFIRSTB,MOM,0.25,0.1,5,5,0,0,-0.37090522335142717,-1.0524052233514274
2026-08-10,IDFCFIRSTB,VWAPMOM,0.25,0.1,5,5,0,0,-0.37090522335142717,-1.0524052233514274
2026-08-11,IDFCFIRSTB,ORB5,0.25,0.1,5,22,0,0,-0.6444624218764341,-3.6430624218764343
2026-08-11,IDFCFIRSTB,ORB15,0.25,0.1,5,22,0,0,-0.6444624218764341,-3.6430624218764343
2026-08-11,IDFCFIRSTB,MOM,0.25,0.1,5,7,0,0,-0.19343364110417005,-1.1475336411041699
2026-08-11,IDFCFIRSTB,VWAPMOM,0.25,0.1,5,7,0,0,-0.19343364110417005,-1.1475336411041699
2026-08-12,IDFCFIRSTB,ORB5,0.25,0.1,5,33,6,3,0.6700940723796096,-3.8278059276203913
2026-08-12,IDFCFIRSTB,ORB15,0.25,0.1,5,25,3,2,0.1294797315888396,-3.2780202684111606
2026-08-12,IDFCFIRSTB,MOM,0.25,0.1,5,11,1,1,-0.10193154457915289,-1.601231544579153
2026-08-12,IDFCFIRSTB,VWAPMOM,0.25,0.1,5,11,1,1,-0.07281163908596756,-1.5721116390859677
2026-08-13,IDFCFIRSTB,ORB5,0.25,0.1,5,23,4,2,0.5916642469610495,-2.543235753038951
2026-08-13,IDFCFIRSTB,ORB15,0.25,0.1,5,23,4,2,0.5916642469610495,-2.543235753038951
2026-08-13,IDFCFIRSTB,MOM,0.25,0.1,5,9,2,1,0.15204469512627217,-1.074655304873728
2026-08-13,IDFCFIRSTB,VWAPMOM,0.25,0.1,5,8,2,1,0.25204469512626904,-0.838355304873731
2026-08-14,IDFCFIRSTB,ORB5,0.25,0.1,5,32,0,0,0.05411187485480873,-4.307488125145191
2026-08-14,IDFCFIRSTB,ORB15,0.25,0.1,5,29,0,0,0.09608300888876745,-3.856616991111233
2026-08-14,IDFCFIRSTB,MOM,0.25,0.1,5,2,0,0,-0.19999999999999202,-0.472599999999992
2026-08-14,IDFCFIRSTB,VWAPMOM,0.25,0.1,5,1,0,0,-0.09999999999999054,-0.23629999999999055
2026-08-10,LICI,ORB5,0.25,0.1,5,18,1,0,-0.37012868999521037,-2.8235286899952112
2026-08-10,LICI,ORB15,0.25,0.1,5,18,1,0,-0.37012868999521037,-2.8235286899952112
2026-08-10,LICI,MOM,0.25,0.1,5,10,2,1,0.07871592850960855,-1.2842840714903916
2026-08-10,LICI,VWAPMOM,0.25,0.1,5,8,2,1,0.14078445803294803,-0.9496155419670519
2026-08-11,LICI,ORB5,0.25,0.1,5,37,8,8,-0.21230918031705603,-5.255409180317056
2026-08-11,LICI,ORB15,0.25,0.1,5,7,1,1,-0.3500000000000171,-1.3041000000000171
2026-08-11,LICI,MOM,0.25,0.1,5,19,3,3,-0.47602638392300145,-3.0657263839230016
2026-08-11,LICI,VWAPMOM,0.25,0.1,5,18,4,4,-0.29999999999999377,-2.753399999999994
2026-08-12,LICI,ORB5,0.25,0.1,5,21,7,7,0.72277128940773,-2.1395287105922707
2026-08-12,LICI,ORB15,0.25,0.1,5,17,5,5,0.422771289407738,-1.894328710592262
2026-08-12,LICI,MOM,0.25,0.1,5,20,5,5,0.03550988082335044,-2.6904901191766495
2026-08-12,LICI,VWAPMOM,0.25,0.1,5,17,4,4,-0.21213444970268763,-2.5292344497026873
2026-08-13,LICI,ORB5,0.25,0.1,5,5,0,0,-0.2879822136762141,-0.9694822136762141
2026-08-13,LICI,ORB15,0.25,0.1,5,5,0,0,-0.2879822136762141,-0.9694822136762141
2026-08-13,LICI,MOM,0.25,0.1,5,10,1,1,-0.06510717133340016,-1.4281071713334004
2026-08-13,LICI,VWAPMOM,0.25,0.1,5,10,1,1,-0.028862155023148373,-1.3918621550231487
2026-08-14,LICI,ORB5,0.25,0.1,5,28,5,3,0.08132598086116759,-3.7350740191388323
2026-08-14,LICI,ORB15,0.25,0.1,5,28,5,3,0.08132598086116759,-3.7350740191388323
2026-08-14,LICI,MOM,0.25,0.1,5,14,2,2,-0.3636217668114483,-2.271821766811448
2026-08-14,LICI,VWAPMOM,0.25,0.1,5,11,1,1,-0.5862697871529041,-2.085569787152904
2026-08-10,MOTHERSON,ORB5,0.25,0.1,5,24,4,4,-0.46460553099980056,-3.7358055309998006
2026-08-10,MOTHERSON,ORB15,0.25,0.1,5,24,4,4,-0.46460553099980056,-3.7358055309998006
2026-08-10,MOTHERSON,MOM,0.25,0.1,5,16,2,2,-0.6649083716462862,-2.8457083716462863
2026-08-10,MOTHERSON,VWAPMOM,0.25,0.1,5,9,1,1,-0.37360312588007294,-1.6003031258800728
2026-08-11,MOTHERSON,ORB5,0.25,0.1,5,4,0,0,-0.1808743820358252,-0.7260743820358253
2026-08-11,MOTHERSON,ORB15,0.25,0.1,5,4,0,0,-0.1808743820358252,-0.7260743820358253
2026-08-11,MOTHERSON,MOM,0.25,0.1,5,14,4,4,0.48358745659843383,-1.4246125434015662
2026-08-11,MOTHERSON,VWAPMOM,0.25,0.1,5,9,1,1,-0.2139325909216194,-1.4406325909216195
2026-08-12,MOTHERSON,ORB5,0.25,0.1,5,17,1,0,-0.6758328771633381,-2.992932877163338
2026-08-12,MOTHERSON,ORB15,0.25,0.1,5,7,0,0,-0.06395750973240207,-1.018057509732402
2026-08-12,MOTHERSON,MOM,0.25,0.1,5,8,1,1,-0.11507740234500308,-1.2054774023450032
2026-08-12,MOTHERSON,VWAPMOM,0.25,0.1,5,4,1,1,0.038164279796432575,-0.5070357202035675
2026-08-13,MOTHERSON,ORB5,0.25,0.1,5,29,4,4,0.437193581302323,-3.515506418697677
2026-08-13,MOTHERSON,ORB15,0.25,0.1,5,29,4,4,0.437193581302323,-3.515506418697677
2026-08-13,MOTHERSON,MOM,0.25,0.1,5,16,2,2,0.19045206125764602,-1.990347938742354
2026-08-13,MOTHERSON,VWAPMOM,0.25,0.1,5,11,1,1,0.11024372792431607,-1.389056272075684
2026-08-14,MOTHERSON,ORB5,0.25,0.1,5,9,1,1,-0.1899430908767491,-1.4166430908767493
2026-08-14,MOTHERSON,ORB15,0.25,0.1,5,9,1,1,-0.1899430908767491,-1.4166430908767493
2026-08-14,MOTHERSON,MOM,0.25,0.1,5,14,1,0,-0.33598028764021376,-2.2441802876402135
2026-08-14,MOTHERSON,VWAPMOM,0.25,0.1,5,12,0,0,-0.3792211112749464,-2.0148211112749466
2026-08-10,TATASTEEL,ORB5,0.25,0.1,5,34,5,3,0.7083059328004747,-3.9258940671995264
2026-08-10,TATASTEEL,ORB15,0.25,0.1,5,34,5,3,0.7083059328004747,-3.9258940671995264
2026-08-10,TATASTEEL,MOM,0.25,0.1,5,14,2,1,0.14811092442310478,-1.7600890755768954
2026-08-10,TATASTEEL,VWAPMOM,0.25,0.1,5,10,1,0,-0.3848807005222436,-1.7478807005222439
2026-08-11,TATASTEEL,ORB5,0.25,0.1,5,33,5,2,0.9783822539491852,-3.5195177460508154
2026-08-11,TATASTEEL,ORB15,0.25,0.1,5,33,5,2,0.9783822539491852,-3.5195177460508154
2026-08-11,TATASTEEL,MOM,0.25,0.1,5,14,1,0,-0.29833939535412024,-2.2065393953541204
2026-08-11,TATASTEEL,VWAPMOM,0.25,0.1,5,11,0,0,-0.511267457437466,-2.010567457437466
2026-08-12,TATASTEEL,ORB5,0.25,0.1,5,32,5,3,-0.02384250615501725,-4.385442506155019
2026-08-12,TATASTEEL,ORB15,0.25,0.1,5,29,5,3,0.0016282198776741558,-3.951071780122326
2026-08-12,TATASTEEL,MOM,0.25,0.1,5,8,1,1,-0.13081048867698658,-1.2212104886769866
2026-08-12,TATASTEEL,VWAPMOM,0.25,0.1,5,7,3,2,0.3955647897917207,-0.5585352102082793
2026-08-13,TATASTEEL,ORB5,0.25,0.1,5,36,4,2,0.1616386357955629,-4.745161364204438
2026-08-13,TATASTEEL,ORB15,0.25,0.1,5,36,4,2,0.1616386357955629,-4.745161364204438
2026-08-13,TATASTEEL,MOM,0.25,0.1,5,7,1,1,0.29957227611551807,-0.654527723884482
2026-08-13,TATASTEEL,VWAPMOM,0.25,0.1,5,6,1,1,0.18550383505087498,-0.6322961649491251
2026-08-14,TATASTEEL,ORB5,0.25,0.1,5,15,3,2,0.2094680625380115,-1.8350319374619886
2026-08-14,TATASTEEL,ORB15,0.25,0.1,5,15,3,2,0.2094680625380115,-1.8350319374619886
2026-08-14,TATASTEEL,MOM,0.25,0.1,5,12,4,3,0.6137699226004371,-1.0218300773995628
2026-08-14,TATASTEEL,VWAPMOM,0.25,0.1,5,8,3,2,0.4688557024520206,-0.6215442975479795
2026-08-03,ADANIPOWER,ORB5,0.25,0.1,5,9,2,2,-0.03433395872422433,-1.2610339587242243
2026-08-03,ADANIPOWER,MOM,0.25,0.1,5,8,1,1,-0.2547372688419359,-1.345137268841936
2026-08-03,ADANIPOWER,VWAPMOM,0.25,0.1,5,8,1,1,-0.25473726884193176,-1.3451372688419319
2026-08-04,ADANIPOWER,ORB5,0.25,0.1,5,25,2,0,0.5248256604712142,-2.8826743395287857
2026-08-04,ADANIPOWER,ORB15,0.25,0.1,5,25,2,0,0.5248256604712142,-2.8826743395287857
2026-08-04,ADANIPOWER,MOM,0.25,0.1,5,7,0,0,-0.5098228392283849,-1.4639228392283852
2026-08-04,ADANIPOWER,VWAPMOM,0.25,0.1,5,5,0,0,-0.309822839228376,-0.9913228392283759
2026-08-05,ADANIPOWER,ORB5,0.25,0.1,5,27,3,3,0.16251844948679464,-3.5175815505132064
2026-08-05,ADANIPOWER,ORB15,0.25,0.1,5,27,3,3,0.16251844948679464,-3.5175815505132064
2026-08-05,ADANIPOWER,MOM,0.25,0.1,5,14,3,2,0.2071026405146512,-1.701097359485349
2026-08-05,ADANIPOWER,VWAPMOM,0.25,0.1,5,11,2,2,0.10591421716967592,-1.3933857828303242
2026-08-06,ADANIPOWER,ORB5,0.25,0.1,5,18,1,0,-0.7715883700265147,-3.2249883700265154
2026-08-06,ADANIPOWER,ORB15,0.25,0.1,5,18,1,0,-0.7715883700265147,-3.2249883700265154
2026-08-06,ADANIPOWER,MOM,0.25,0.1,5,14,1,1,-0.8084772218426232,-2.7166772218426236
2026-08-06,ADANIPOWER,VWAPMOM,0.25,0.1,5,12,1,1,-0.774976619433599,-2.4105766194335994
2026-08-07,ADANIPOWER,ORB5,0.25,0.1,5,29,4,4,-0.00017685759082945382,-3.9528768575908297
2026-08-07,ADANIPOWER,ORB15,0.25,0.1,5,29,4,4,-0.00017685759082945382,-3.9528768575908297
2026-08-07,ADANIPOWER,MOM,0.25,0.1,5,12,2,2,-0.26197473607173644,-1.8975747360717363
2026-08-07,ADANIPOWER,VWAPMOM,0.25,0.1,5,9,2,2,-0.019140030441370512,-1.2458400304413706
2026-08-03,MAHABANK,ORB5,0.25,0.1,5,21,4,3,0.40186982730786014,-2.4604301726921403
2026-08-03,MAHABANK,ORB15,0.25,0.1,5,21,4,3,0.40186982730786014,-2.4604301726921403
2026-08-03,MAHABANK,MOM,0.25,0.1,5,16,5,4,0.8902116162056379,-1.290588383794362
2026-08-03,MAHABANK,VWAPMOM,0.25,0.1,5,10,3,3,0.5257972739962881,-0.8372027260037119
2026-08-04,MAHABANK,ORB5,0.25,0.1,5,28,2,2,0.10679558740087759,-3.709604412599123
2026-08-04,MAHABANK,ORB15,0.25,0.1,5,28,2,2,0.10679558740087759,-3.709604412599123
2026-08-04,MAHABANK,MOM,0.25,0.1,5,6,0,0,-0.22561690080280278,-1.0434169008028027
2026-08-04,MAHABANK,VWAPMOM,0.25,0.1,5,6,0,0,-0.22561690080280278,-1.0434169008028027
2026-08-05,MAHABANK,ORB5,0.25,0.1,5,19,0,0,-0.433893169391109,-3.0235931693911096
2026-08-05,MAHABANK,ORB15,0.25,0.1,5,19,0,0,-0.433893169391109,-3.0235931693911096
2026-08-05,MAHABANK,MOM,0.25,0.1,5,12,2,2,-0.16229642136951172,-1.7978964213695117
2026-08-05,MAHABANK,VWAPMOM,0.25,0.1,5,9,3,2,0.0880980494799088,-1.1386019505200913
2026-08-06,MAHABANK,ORB5,0.25,0.1,5,31,2,1,0.2958335198133642,-3.929466480186636
2026-08-06,MAHABANK,ORB15,0.25,0.1,5,31,2,1,0.2958335198133642,-3.929466480186636
2026-08-06,MAHABANK,MOM,0.25,0.1,5,6,0,0,0.042931071371639276,-0.7748689286283608
2026-08-06,MAHABANK,VWAPMOM,0.25,0.1,5,3,0,0,0.04035212592839561,-0.3685478740716044
2026-08-07,MAHABANK,ORB5,0.25,0.1,5,10,0,0,-0.49781406174810156,-1.8608140617481015
2026-08-07,MAHABANK,ORB15,0.25,0.1,5,10,0,0,-0.49781406174810156,-1.8608140617481015
2026-08-07,MAHABANK,MOM,0.25,0.1,5,15,0,0,-0.9231967843482285,-2.967696784348229
2026-08-07,MAHABANK,VWAPMOM,0.25,0.1,5,11,0,0,-0.523196784348258,-2.0224967843482586
2026-08-03,IDFCFIRSTB,ORB5,0.25,0.1,5,12,2,2,-0.09389848702781194,-1.729498487027812
2026-08-03,IDFCFIRSTB,ORB15,0.25,0.1,5,12,2,2,-0.09389848702781194,-1.729498487027812
2026-08-03,IDFCFIRSTB,MOM,0.25,0.1,5,9,1,1,-0.23812330072457144,-1.4648233007245715
2026-08-03,IDFCFIRSTB,VWAPMOM,0.25,0.1,5,11,3,3,0.26187669927541846,-1.2374233007245814
2026-08-04,IDFCFIRSTB,ORB5,0.25,0.1,5,2,0,0,-0.04182664339732562,-0.3144266433973256
2026-08-04,IDFCFIRSTB,ORB15,0.25,0.1,5,2,0,0,-0.04182664339732562,-0.3144266433973256
2026-08-04,IDFCFIRSTB,MOM,0.25,0.1,5,7,0,0,-0.18827132849978773,-1.1423713284997876
2026-08-04,IDFCFIRSTB,VWAPMOM,0.25,0.1,5,6,0,0,-0.08827132849979208,-0.906071328499792
2026-08-05,IDFCFIRSTB,ORB5,0.25,0.1,5,31,5,2,0.22259512234325135,-4.002704877656749
2026-08-05,IDFCFIRSTB,ORB15,0.25,0.1,5,31,5,2,0.22259512234325135,-4.002704877656749
2026-08-05,IDFCFIRSTB,MOM,0.25,0.1,5,7,2,1,-0.07431482782849066,-1.0284148278284908
2026-08-05,IDFCFIRSTB,VWAPMOM,0.25,0.1,5,6,2,1,0.025685172171502332,-0.7921148278284977
2026-08-06,IDFCFIRSTB,ORB5,0.25,0.1,5,21,1,0,-0.19401061124225666,-3.056310611242257
2026-08-06,IDFCFIRSTB,ORB15,0.25,0.1,5,19,1,0,-0.11755108717007619,-2.7072510871700763
2026-08-06,IDFCFIRSTB,MOM,0.25,0.1,5,5,0,0,-0.3236467576638554,-1.0051467576638555
2026-08-06,IDFCFIRSTB,VWAPMOM,0.25,0.1,5,5,0,0,-0.3236467576638554,-1.0051467576638555
2026-08-07,IDFCFIRSTB,ORB5,0.25,0.1,5,2,0,0,-0.19999999999999685,-0.47259999999999686
2026-08-07,IDFCFIRSTB,ORB15,0.25,0.1,5,2,0,0,-0.19999999999999685,-0.47259999999999686
2026-08-07,IDFCFIRSTB,MOM,0.25,0.1,5,5,0,0,-0.09966031749365992,-0.78116031749366
2026-08-07,IDFCFIRSTB,VWAPMOM,0.25,0.1,5,4,0,0,-0.19395546129375216,-0.7391554612937522
2026-08-03,LICI,ORB5,0.25,0.1,5,2,1,1,0.15000000000001013,-0.12259999999998986
2026-08-03,LICI,ORB15,0.25,0.1,5,2,1,1,0.15000000000001013,-0.12259999999998986
2026-08-03,LICI,MOM,0.25,0.1,5,5,1,1,-0.09053720712404217,-0.7720372071240421
2026-08-03,LICI,VWAPMOM,0.25,0.1,5,4,1,1,0.009462792875951698,-0.5357372071240483
2026-08-04,LICI,ORB5,0.25,0.1,5,5,2,1,0.1376172607879898,-0.5438827392120102
2026-08-04,LICI,ORB15,0.25,0.1,5,4,2,1,0.237617260787993,-0.3075827392120071
2026-08-04,LICI,MOM,0.25,0.1,5,16,4,4,0.012724265173771843,-2.1680757348262283
2026-08-04,LICI,VWAPMOM,0.25,0.1,5,19,5,5,-0.14999999999990893,-2.7396999999999094
2026-08-05,LICI,ORB5,0.25,0.1,5,27,6,4,0.007865041666051342,-3.672234958333949
2026-08-05,LICI,ORB15,0.25,0.1,5,5,1,1,0.0008453031651171061,-0.680654696834883
2026-08-05,LICI,MOM,0.25,0.1,5,14,1,1,-0.5205405878351669,-2.428740587835167
2026-08-05,LICI,VWAPMOM,0.25,0.1,5,10,1,1,-0.49915469683483427,-1.8621546968348341
2026-08-06,LICI,MOM,0.25,0.1,5,2,0,0,0.17981157094907535,-0.09278842905092465
2026-08-06,LICI,VWAPMOM,0.25,0.1,5,2,0,0,0.17981157094907535,-0.09278842905092465
2026-08-07,LICI,MOM,0.25,0.1,5,7,1,1,-0.08798063975848672,-1.0420806397584865
2026-08-07,LICI,VWAPMOM,0.25,0.1,5,5,1,1,0.06279366844156856,-0.6187063315584315
2026-08-03,MOTHERSON,ORB5,0.25,0.1,5,35,3,2,-0.33606149528048884,-5.1065614952804905
2026-08-03,MOTHERSON,ORB15,0.25,0.1,5,32,2,2,-0.44478057328140186,-4.806380573281403
2026-08-03,MOTHERSON,MOM,0.25,0.1,5,13,2,2,-0.27395911306246024,-2.04585911306246
2026-08-03,MOTHERSON,VWAPMOM,0.25,0.1,5,10,1,1,-0.45000925959456606,-1.8130092595945662
2026-08-04,MOTHERSON,ORB5,0.25,0.1,5,38,13,11,1.7944439570758777,-3.3849560429241223
2026-08-04,MOTHERSON,ORB15,0.25,0.1,5,38,13,11,1.7944439570758777,-3.3849560429241223
2026-08-04,MOTHERSON,MOM,0.25,0.1,5,23,7,6,0.7361199019961208,-2.398780098003879
2026-08-04,MOTHERSON,VWAPMOM,0.25,0.1,5,18,6,5,0.6134191086818385,-1.8399808913181617
2026-08-05,MOTHERSON,ORB5,0.25,0.1,5,45,7,7,-0.5649125881565138,-6.6984125881565175
2026-08-05,MOTHERSON,ORB15,0.25,0.1,5,45,7,7,-0.5649125881565138,-6.6984125881565175
2026-08-05,MOTHERSON,MOM,0.25,0.1,5,18,6,5,0.2859259896630345,-2.1674740103369654
2026-08-05,MOTHERSON,VWAPMOM,0.25,0.1,5,14,5,4,0.33592598966299336,-1.5722740103370065
2026-08-06,MOTHERSON,ORB5,0.25,0.1,5,34,8,6,-0.07791148719331897,-4.712111487193318
2026-08-06,MOTHERSON,ORB15,0.25,0.1,5,34,8,6,-0.07791148719331897,-4.712111487193318
2026-08-06,MOTHERSON,MOM,0.25,0.1,5,22,6,6,0.17004614495434073,-2.8285538550456595
2026-08-06,MOTHERSON,VWAPMOM,0.25,0.1,5,15,4,4,0.08300874784502295,-1.961491252154977
2026-08-07,MOTHERSON,ORB5,0.25,0.1,5,43,11,10,0.13992624330555764,-5.720973756694443
2026-08-07,MOTHERSON,ORB15,0.25,0.1,5,43,11,10,0.13992624330555764,-5.720973756694443
2026-08-07,MOTHERSON,MOM,0.25,0.1,5,26,7,6,0.0733828311463909,-3.470417168853609
2026-08-07,MOTHERSON,VWAPMOM,0.25,0.1,5,20,5,4,-0.0266171688536697,-2.75261716885367
2026-08-03,TATASTEEL,ORB5,0.25,0.1,5,29,4,2,0.09890723931196092,-3.85379276068804
2026-08-03,TATASTEEL,ORB15,0.25,0.1,5,25,3,2,0.004763032280734533,-3.4027369677192656
2026-08-03,TATASTEEL,MOM,0.25,0.1,5,10,2,1,-0.19219437855883476,-1.5551943785588347
2026-08-03,TATASTEEL,VWAPMOM,0.25,0.1,5,9,2,1,-0.09219437855883231,-1.3188943785588323
2026-08-04,TATASTEEL,ORB5,0.25,0.1,5,10,0,0,-0.5311723521363829,-1.894172352136383
2026-08-04,TATASTEEL,MOM,0.25,0.1,5,6,0,0,-0.4786199084728415,-1.2964199084728414
2026-08-04,TATASTEEL,VWAPMOM,0.25,0.1,5,6,1,1,0.04458270590621745,-0.7732172940937826
2026-08-05,TATASTEEL,ORB5,0.25,0.1,5,22,2,1,-0.3824222839640389,-3.3810222839640396
2026-08-05,TATASTEEL,ORB15,0.25,0.1,5,21,2,1,-0.282422283964051,-3.144722283964051
2026-08-05,TATASTEEL,MOM,0.25,0.1,5,9,0,0,-0.4793199182504072,-1.7060199182504072
2026-08-05,TATASTEEL,VWAPMOM,0.25,0.1,5,9,1,1,-0.12931991825042044,-1.3560199182504205
2026-08-06,TATASTEEL,ORB5,0.25,0.1,5,25,4,1,0.5424047161507181,-2.865095283849282
2026-08-06,TATASTEEL,ORB15,0.25,0.1,5,25,4,1,0.5424047161507181,-2.865095283849282
2026-08-06,TATASTEEL,MOM,0.25,0.1,5,7,1,1,0.02852281454857239,-0.9255771854514278
2026-08-06,TATASTEEL,VWAPMOM,0.25,0.1,5,6,1,1,0.12852281454857825,-0.6892771854514218
2026-08-07,TATASTEEL,ORB5,0.25,0.1,5,26,2,1,0.21897210640935047,-3.32482789359065
2026-08-07,TATASTEEL,ORB15,0.25,0.1,5,26,2,1,0.21897210640935047,-3.32482789359065
2026-08-07,TATASTEEL,MOM,0.25,0.1,5,6,1,1,0.20881858542256176,-0.6089814145774383
2026-08-07,TATASTEEL,VWAPMOM,0.25,0.1,5,4,0,0,-0.04648476629570954,-0.5916847662957095
2026-07-27,ADANIPOWER,ORB5,0.25,0.1,5,33,2,1,0.09161895006056922,-4.40628104993943
2026-07-27,ADANIPOWER,ORB15,0.25,0.1,5,33,2,1,0.09161895006056922,-4.40628104993943
2026-07-27,ADANIPOWER,MOM,0.25,0.1,5,7,0,0,-0.2550497541595692,-1.209149754159569
2026-07-27,ADANIPOWER,VWAPMOM,0.25,0.1,5,3,0,0,-0.23277767372165106,-0.6416776737216511
2026-07-28,ADANIPOWER,ORB5,0.25,0.1,5,26,1,0,-0.11800678807434564,-3.6618067880743452
2026-07-28,ADANIPOWER,ORB15,0.25,0.1,5,26,1,0,-0.11800678807434564,-3.6618067880743452
2026-07-28,ADANIPOWER,MOM,0.25,0.1,5,11,0,0,-0.6430279842545721,-2.142327984254572
2026-07-28,ADANIPOWER,VWAPMOM,0.25,0.1,5,8,0,0,-0.4048509382035088,-1.4952509382035089
2026-07-29,ADANIPOWER,ORB5,0.25,0.1,5,15,0,0,-0.9704920260726109,-3.014992026072611
2026-07-29,ADANIPOWER,ORB15,0.25,0.1,5,13,0,0,-0.7704920260726152,-2.542392026072615
2026-07-29,ADANIPOWER,MOM,0.25,0.1,5,15,3,3,-0.06837191743599312,-2.112871917435993
2026-07-29,ADANIPOWER,VWAPMOM,0.25,0.1,5,10,1,1,-0.3492322456813587,-1.712232245681359
2026-07-30,ADANIPOWER,ORB5,0.25,0.1,5,13,1,0,0.03358199181744439,-1.7383180081825558
2026-07-30,ADANIPOWER,ORB15,0.25,0.1,5,14,1,0,-0.13331425115340015,-2.0415142511534
2026-07-30,ADANIPOWER,MOM,0.25,0.1,5,11,6,1,0.9902037083897437,-0.5090962916102564
2026-07-30,ADANIPOWER,VWAPMOM,0.25,0.1,5,9,4,0,0.5638815344608704,-0.6628184655391295
2026-07-31,ADANIPOWER,ORB5,0.25,0.1,5,10,1,0,-0.6302207055178191,-1.9932207055178188
2026-07-31,ADANIPOWER,ORB15,0.25,0.1,5,5,0,0,-0.31517436380770625,-0.9966743638077062
2026-07-31,ADANIPOWER,MOM,0.25,0.1,5,12,4,3,0.2677106991804699,-1.36788930081953
2026-07-31,ADANIPOWER,VWAPMOM,0.25,0.1,5,9,3,2,0.21771069918043454,-1.0089893008195656
2026-07-27,MAHABANK,ORB5,0.25,0.1,5,13,2,1,-0.3129420929648292,-2.0848420929648293
2026-07-27,MAHABANK,ORB15,0.25,0.1,5,13,2,1,-0.3129420929648292,-2.0848420929648293
2026-07-27,MAHABANK,MOM,0.25,0.1,5,14,3,1,-0.2910739380939027,-2.199273938093903
2026-07-27,MAHABANK,VWAPMOM,0.25,0.1,5,7,2,0,0.05892606190608954,-0.8951739380939105
2026-07-28,MAHABANK,ORB5,0.25,0.1,5,5,0,0,-0.1628537721012891,-0.844353772101289
2026-07-28,MAHABANK,ORB15,0.25,0.1,5,5,0,0,-0.1628537721012891,-0.844353772101289
2026-07-28,MAHABANK,MOM,0.25,0.1,5,12,1,1,-0.3131916601586493,-1.9487916601586495
2026-07-28,MAHABANK,VWAPMOM,0.25,0.1,5,7,1,1,-0.11263230652286005,-1.06673230652286
2026-07-29,MAHABANK,ORB5,0.25,0.1,5,15,3,2,-0.125987822809546,-2.1704878228095463
2026-07-29,MAHABANK,ORB15,0.25,0.1,5,15,3,2,-0.125987822809546,-2.1704878228095463
2026-07-29,MAHABANK,MOM,0.25,0.1,5,10,0,0,-0.8380037197767473,-2.201003719776747
2026-07-29,MAHABANK,VWAPMOM,0.25,0.1,5,8,0,0,-0.7999999999999509,-1.8903999999999508
2026-07-30,MAHABANK,ORB5,0.25,0.1,5,33,7,3,0.6138286625687078,-3.8840713374312923
2026-07-30,MAHABANK,ORB15,0.25,0.1,5,32,6,3,0.42653945548945793,-3.9350605445105415
2026-07-30,MAHABANK,MOM,0.25,0.1,5,9,2,1,0.012948034259920908,-1.2137519657400793
2026-07-30,MAHABANK,VWAPMOM,0.25,0.1,5,8,2,1,0.11294803425991654,-0.9774519657400835
2026-07-31,MAHABANK,ORB5,0.25,0.1,5,32,1,0,-0.09631265022048988,-4.457912650220488
2026-07-31,MAHABANK,ORB15,0.25,0.1,5,32,1,0,-0.09631265022048988,-4.457912650220488
2026-07-31,MAHABANK,MOM,0.25,0.1,5,6,1,1,0.024946667127152627,-0.7928533328728475
2026-07-31,MAHABANK,VWAPMOM,0.25,0.1,5,6,0,0,-0.17471353926600272,-0.9925135392660027
2026-07-27,IDFCFIRSTB,ORB5,0.25,0.1,5,29,7,3,0.6762304122325792,-3.2764695877674206
2026-07-27,IDFCFIRSTB,ORB15,0.25,0.1,5,29,7,3,0.6762304122325792,-3.2764695877674206
2026-07-27,IDFCFIRSTB,MOM,0.25,0.1,5,14,2,2,-0.11768058629988745,-2.0258805862998877
2026-07-27,IDFCFIRSTB,VWAPMOM,0.25,0.1,5,7,1,1,-0.020858624875790738,-0.9749586248757909
2026-07-28,IDFCFIRSTB,ORB5,0.25,0.1,5,32,5,3,-0.7772955964524327,-5.138895596452433
2026-07-28,IDFCFIRSTB,ORB15,0.25,0.1,5,13,1,1,-0.6804319639733297,-2.4523319639733296
2026-07-28,IDFCFIRSTB,MOM,0.25,0.1,5,13,2,2,-0.15494234060768894,-1.9268423406076889
2026-07-28,IDFCFIRSTB,VWAPMOM,0.25,0.1,5,10,2,2,0.14505765939229312,-1.2179423406077068
2026-07-29,IDFCFIRSTB,ORB5,0.25,0.1,5,21,3,2,0.49947193538905693,-2.3628280646109436
2026-07-29,IDFCFIRSTB,ORB15,0.25,0.1,5,19,3,2,0.6345651251767441,-1.9551348748232558
2026-07-29,IDFCFIRSTB,MOM,0.25,0.1,5,12,2,2,-0.1649163840486451,-1.8005163840486451
2026-07-29,IDFCFIRSTB,VWAPMOM,0.25,0.1,5,9,1,1,-0.3149163840486307,-1.5416163840486308
2026-07-30,IDFCFIRSTB,ORB5,0.25,0.1,5,8,1,0,-0.06153714472409666,-1.1519371447240965
2026-07-30,IDFCFIRSTB,ORB15,0.25,0.1,5,8,1,0,-0.06153714472409666,-1.1519371447240965
2026-07-30,IDFCFIRSTB,MOM,0.25,0.1,5,8,3,3,0.4216075904045393,-0.6687924095954607
2026-07-30,IDFCFIRSTB,VWAPMOM,0.25,0.1,5,6,2,1,0.005038759689891245,-0.8127612403101088
2026-07-31,IDFCFIRSTB,ORB5,0.25,0.1,5,19,1,0,-0.9945766796727578,-3.584276679672757
2026-07-31,IDFCFIRSTB,ORB15,0.25,0.1,5,6,0,0,-0.4583825694274706,-1.2761825694274704
2026-07-31,IDFCFIRSTB,MOM,0.25,0.1,5,11,2,0,0.10469901256300593,-1.394600987436994
2026-07-31,IDFCFIRSTB,VWAPMOM,0.25,0.1,5,9,2,0,0.11114289464631141,-1.1155571053536888
2026-07-27,LICI,MOM,0.25,0.1,5,12,1,1,-0.15550397246996686,-1.7911039724699669
2026-07-27,LICI,VWAPMOM,0.25,0.1,5,8,0,0,-0.35252369575923076,-1.4429236957592309
2026-07-28,LICI,ORB5,0.25,0.1,5,13,1,0,-0.09960676493434492,-1.8715067649343449
2026-07-28,LICI,ORB15,0.25,0.1,5,13,1,0,-0.09960676493434492,-1.8715067649343449
2026-07-28,LICI,MOM,0.25,0.1,5,12,1,0,-0.13651016892019038,-1.7721101689201904
2026-07-28,LICI,VWAPMOM,0.25,0.1,5,8,0,0,-0.1473600349741486,-1.2377600349741489
2026-07-29,LICI,ORB5,0.25,0.1,5,30,0,0,-0.2590350867676045,-4.348035086767605
2026-07-29,LICI,ORB15,0.25,0.1,5,30,0,0,-0.2590350867676045,-4.348035086767605
2026-07-29,LICI,MOM,0.25,0.1,5,5,0,0,-0.012124075565134826,-0.6936240755651348
2026-07-29,LICI,VWAPMOM,0.25,0.1,5,3,0,0,-0.10599875287093959,-0.5148987528709396
2026-07-30,LICI,ORB5,0.25,0.1,5,3,0,0,-0.2999999999999603,-0.7088999999999603
2026-07-30,LICI,ORB15,0.25,0.1,5,3,0,0,-0.2999999999999603,-0.7088999999999603
2026-07-30,LICI,MOM,0.25,0.1,5,8,1,0,-0.10518639311292856,-1.1955863931129287
2026-07-30,LICI,VWAPMOM,0.25,0.1,5,6,1,0,-0.07611676313301353,-0.8939167631330136
2026-07-31,LICI,ORB5,0.25,0.1,5,22,1,0,-0.671059073885643,-3.669659073885643
2026-07-31,LICI,ORB15,0.25,0.1,5,15,1,0,-0.5879913174633045,-2.632491317463305
2026-07-31,LICI,MOM,0.25,0.1,5,10,1,1,-0.39076809653483385,-1.7537680965348337
2026-07-31,LICI,VWAPMOM,0.25,0.1,5,9,1,1,-0.2907680965348588,-1.5174680965348586
2026-07-27,MOTHERSON,ORB5,0.25,0.1,5,45,4,4,-1.2258638022920363,-7.3593638022920365
2026-07-27,MOTHERSON,ORB15,0.25,0.1,5,45,4,4,-1.352916419632767,-7.486416419632768
2026-07-27,MOTHERSON,MOM,0.25,0.1,5,17,1,0,-1.0455468471852403,-3.36264684718524
2026-07-27,MOTHERSON,VWAPMOM,0.25,0.1,5,17,0,0,-1.3339848308988043,-3.651084830898804
2026-07-28,MOTHERSON,MOM,0.25,0.1,5,5,2,0,0.3619955310983033,-0.3195044689016967
2026-07-28,MOTHERSON,VWAPMOM,0.25,0.1,5,5,2,0,0.3619955310983033,-0.3195044689016967
2026-07-29,MOTHERSON,ORB5,0.25,0.1,5,30,7,6,0.955300715993251,-3.1336992840067497
2026-07-29,MOTHERSON,ORB15,0.25,0.1,5,30,7,6,0.955300715993251,-3.1336992840067497
2026-07-29,MOTHERSON,MOM,0.25,0.1,5,14,2,2,-0.3314831919321592,-2.2396831919321594
2026-07-29,MOTHERSON,VWAPMOM,0.25,0.1,5,14,3,3,-0.15692383386345857,-2.0651238338634585
2026-07-30,MOTHERSON,ORB5,0.25,0.1,5,18,2,2,-0.8044620302239534,-3.257862030223954
2026-07-30,MOTHERSON,ORB15,0.25,0.1,5,18,2,2,-0.8044620302239534,-3.257862030223954
2026-07-30,MOTHERSON,MOM,0.25,0.1,5,16,1,1,-0.3970569770129396,-2.577856977012939
2026-07-30,MOTHERSON,VWAPMOM,0.25,0.1,5,12,1,1,-0.5711734802647704,-2.2067734802647703
2026-07-31,MOTHERSON,ORB5,0.25,0.1,5,37,16,10,1.843123926130172,-3.199976073869828
2026-07-31,MOTHERSON,ORB15,0.25,0.1,5,37,16,10,1.843123926130172,-3.199976073869828
2026-07-31,MOTHERSON,MOM,0.25,0.1,5,20,3,1,-0.5447183282297461,-3.2707183282297456
2026-07-31,MOTHERSON,VWAPMOM,0.25,0.1,5,14,3,1,-0.2108997502758858,-2.1190997502758857
2026-07-27,TATASTEEL,ORB5,0.25,0.1,5,2,0,0,-0.10544751321021628,-0.3780475132102163
2026-07-27,TATASTEEL,ORB15,0.25,0.1,5,2,0,0,-0.10544751321021628,-0.3780475132102163
2026-07-27,TATASTEEL,MOM,0.25,0.1,5,3,0,0,-0.16522687302764127,-0.5741268730276412
2026-07-27,TATASTEEL,VWAPMOM,0.25,0.1,5,3,0,0,-0.16522687302764127,-0.5741268730276412
2026-07-28,TATASTEEL,ORB5,0.25,0.1,5,24,3,0,0.8024533156322652,-2.468746684367735
2026-07-28,TATASTEEL,ORB15,0.25,0.1,5,20,3,0,0.875305959465079,-1.850694040534921
2026-07-28,TATASTEEL,MOM,0.25,0.1,5,10,2,2,0.3999228641489657,-0.9630771358510344
2026-07-28,TATASTEEL,VWAPMOM,0.25,0.1,5,7,1,1,0.16306075774290085,-0.7910392422570992
2026-07-29,TATASTEEL,ORB5,0.25,0.1,5,28,3,2,-0.5380352162982868,-4.3544352162982864
2026-07-29,TATASTEEL,ORB15,0.25,0.1,5,28,3,2,-0.5380352162982868,-4.3544352162982864
2026-07-29,TATASTEEL,MOM,0.25,0.1,5,5,1,1,-0.001982073307367327,-0.6834820733073673
2026-07-29,TATASTEEL,VWAPMOM,0.25,0.1,5,4,1,1,0.0980179266926221,-0.4471820733073779
2026-07-30,TATASTEEL,ORB5,0.25,0.1,5,29,4,1,0.29256556541473566,-3.6601344345852644
2026-07-30,TATASTEEL,ORB15,0.25,0.1,5,25,3,1,-0.006366162274927853,-3.413866162274928
2026-07-30,TATASTEEL,MOM,0.25,0.1,5,7,1,0,0.13483195852031749,-0.8192680414796827
2026-07-30,TATASTEEL,VWAPMOM,0.25,0.1,5,6,1,0,0.002701115819327221,-0.8150988841806728
2026-07-31,TATASTEEL,ORB5,0.25,0.1,5,17,3,3,-0.15916695883181337,-2.4762669588318134
2026-07-31,TATASTEEL,ORB15,0.25,0.1,5,11,3,3,-0.050000000000016934,-1.549300000000017
2026-07-31,TATASTEEL,MOM,0.25,0.1,5,14,1,1,-0.734116806110583,-2.6423168061105833
2026-07-31,TATASTEEL,VWAPMOM,0.25,0.1,5,12,1,1,-0.8499999999999635,-2.485599999999964
2026-07-20,ADANIPOWER,ORB5,0.25,0.1,5,32,5,4,0.08688409146692955,-4.274715908533071
2026-07-20,ADANIPOWER,ORB15,0.25,0.1,5,32,5,4,0.08688409146692955,-4.274715908533071
2026-07-20,ADANIPOWER,MOM,0.25,0.1,5,14,3,3,-0.0632781360526724,-1.9714781360526723
2026-07-20,ADANIPOWER,VWAPMOM,0.25,0.1,5,11,3,3,0.236721863947306,-1.2625781360526942
2026-07-21,ADANIPOWER,ORB5,0.25,0.1,5,9,2,1,-0.2817570025463474,-1.5084570025463475
2026-07-21,ADANIPOWER,ORB15,0.25,0.1,5,5,1,1,-0.1499999999999897,-0.8314999999999898
2026-07-21,ADANIPOWER,MOM,0.25,0.1,5,15,1,1,-0.7864786919451785,-2.830978691945179
2026-07-21,ADANIPOWER,VWAPMOM,0.25,0.1,5,14,1,1,-0.6864786919452073,-2.5946786919452074
2026-07-22,ADANIPOWER,ORB5,0.25,0.1,5,37,8,6,-0.054990724242350644,-5.098090724242351
2026-07-22,ADANIPOWER,ORB15,0.25,0.1,5,19,2,2,-0.6802967607965912,-3.269996760796591
2026-07-22,ADANIPOWER,MOM,0.25,0.1,5,21,4,4,-0.19854790227883878,-3.0608479022788386
2026-07-22,ADANIPOWER,VWAPMOM,0.25,0.1,5,17,3,3,-0.6499999999999367,-2.967099999999937
2026-07-23,ADANIPOWER,ORB5,0.25,0.1,5,27,8,6,0.7849011155517029,-2.895198884448296
2026-07-23,ADANIPOWER,ORB15,0.25,0.1,5,27,8,6,0.7849011155517029,-2.895198884448296
2026-07-23,ADANIPOWER,MOM,0.25,0.1,5,21,3,3,-0.4015524929112537,-3.2638524929112536
2026-07-23,ADANIPOWER,VWAPMOM,0.25,0.1,5,19,4,4,-0.21494854156708385,-2.8046485415670843
2026-07-24,ADANIPOWER,ORB5,0.25,0.1,5,13,1,1,-0.6892379192787912,-2.461137919278791
2026-07-24,ADANIPOWER,ORB15,0.25,0.1,5,13,1,1,-0.6892379192787912,-2.461137919278791
2026-07-24,ADANIPOWER,MOM,0.25,0.1,5,19,2,1,-0.8454501725796233,-3.4351501725796236
2026-07-24,ADANIPOWER,VWAPMOM,0.25,0.1,5,11,1,1,-0.5699811720404355,-2.069281172040436
2026-07-20,MAHABANK,ORB5,0.25,0.1,5,14,5,1,0.1478522087223479,-1.7603477912776517
2026-07-20,MAHABANK,ORB15,0.25,0.1,5,2,0,0,-0.20000000000001197,-0.472600000000012
2026-07-20,MAHABANK,MOM,0.25,0.1,5,8,1,1,-0.3126587005227564,-1.4030587005227564
2026-07-20,MAHABANK,VWAPMOM,0.25,0.1,5,7,2,2,0.13734129947722806,-0.816758700522772
2026-07-21,MAHABANK,ORB5,0.25,0.1,5,3,0,0,-0.15124329595320826,-0.5601432959532082
2026-07-21,MAHABANK,ORB15,0.25,0.1,5,3,0,0,-0.15124329595320826,-0.5601432959532082
2026-07-21,MAHABANK,MOM,0.25,0.1,5,10,0,0,-0.18140309679700603,-1.5444030967970062
2026-07-21,MAHABANK,VWAPMOM,0.25,0.1,5,7,0,0,-0.17931036925868088,-1.1334103692586808
2026-07-22,MAHABANK,ORB5,0.25,0.1,5,28,3,1,0.544250138121897,-3.272149861878103
2026-07-22,MAHABANK,ORB15,0.25,0.1,5,28,3,1,0.544250138121897,-3.272149861878103
2026-07-22,MAHABANK,MOM,0.25,0.1,5,5,1,1,-0.14999999999999908,-0.8314999999999991
2026-07-23,MAHABANK,ORB5,0.25,0.1,5,22,1,1,-0.39338182205929206,-3.3919818220592926
2026-07-23,MAHABANK,ORB15,0.25,0.1,5,19,1,1,-0.193381822059283,-2.7830818220592834
2026-07-23,MAHABANK,MOM,0.25,0.1,5,6,0,0,-0.4510269166985458,-1.2688269166985457
2026-07-23,MAHABANK,VWAPMOM,0.25,0.1,5,3,0,0,-0.19999999999999063,-0.6088999999999907
2026-07-24,MAHABANK,ORB5,0.25,0.1,5,31,10,8,1.367174131036311,-2.858125868963689
2026-07-24,MAHABANK,ORB15,0.25,0.1,5,28,10,8,1.667174131036313,-2.1492258689636867
2026-07-24,MAHABANK,MOM,0.25,0.1,5,18,4,4,0.1111766730195367,-2.3422233269804633
2026-07-24,MAHABANK,VWAPMOM,0.25,0.1,5,13,4,4,0.300190402640634,-1.4717095973593661
2026-07-20,IDFCFIRSTB,ORB5,0.25,0.1,5,37,9,7,0.7384446779263004,-4.3046553220737
2026-07-20,IDFCFIRSTB,ORB15,0.25,0.1,5,29,9,7,0.9889073029222661,-2.963792697077734
2026-07-20,IDFCFIRSTB,MOM,0.25,0.1,5,14,3,3,-0.2132937721766543,-2.1214937721766542
2026-07-20,IDFCFIRSTB,VWAPMOM,0.25,0.1,5,13,4,4,0.10000000000000672,-1.6718999999999933
2026-07-21,IDFCFIRSTB,MOM,0.25,0.1,5,9,2,2,0.17335720697599996,-1.053342793024
2026-07-21,IDFCFIRSTB,VWAPMOM,0.25,0.1,5,6,1,1,0.07223306230347178,-0.7455669376965282
2026-07-22,IDFCFIRSTB,ORB5,0.25,0.1,5,30,1,0,-0.3941761363419422,-4.4831761363419425
2026-07-22,IDFCFIRSTB,ORB15,0.25,0.1,5,30,1,0,-0.3941761363419422,-4.4831761363419425
2026-07-22,IDFCFIRSTB,MOM,0.25,0.1,5,9,0,0,-0.07511865789992322,-1.301818657899923
2026-07-22,IDFCFIRSTB,VWAPMOM,0.25,0.1,5,5,0,0,0.05012865646292256,-0.6313713435370776
2026-07-23,IDFCFIRSTB,ORB5,0.25,0.1,5,30,5,3,-0.5126343794708282,-4.60163437947083
2026-07-23,IDFCFIRSTB,ORB15,0.25,0.1,5,21,3,1,-0.5003134066144077,-3.3626134066144076
2026-07-23,IDFCFIRSTB,MOM,0.25,0.1,5,7,1,1,-0.051385702819520054,-1.00548570281952
2026-07-23,IDFCFIRSTB,VWAPMOM,0.25,0.1,5,6,0,0,-0.3013857028195022,-1.1191857028195022
2026-07-24,IDFCFIRSTB,ORB5,0.25,0.1,5,27,7,4,0.02237997693938295,-3.6577200230606164
2026-07-24,IDFCFIRSTB,ORB15,0.25,0.1,5,27,7,4,0.02237997693938295,-3.6577200230606164
2026-07-24,IDFCFIRSTB,MOM,0.25,0.1,5,9,4,4,0.6498690936291871,-0.576830906370813
2026-07-24,IDFCFIRSTB,VWAPMOM,0.25,0.1,5,10,4,4,0.5251319426991732,-0.8378680573008268
2026-07-20,LICI,ORB5,0.25,0.1,5,2,0,0,-0.15800464037121806,-0.43060464037121804
2026-07-20,LICI,ORB15,0.25,0.1,5,2,0,0,-0.15800464037121806,-0.43060464037121804
2026-07-20,LICI,MOM,0.25,0.1,5,8,0,0,-0.08433411538460636,-1.1747341153846065
2026-07-20,LICI,VWAPMOM,0.25,0.1,5,3,0,0,0.11562582212109482,-0.2932741778789052
2026-07-21,LICI,ORB5,0.25,0.1,5,34,4,0,-0.01000903758135098,-4.6442090375813505
2026-07-21,LICI,ORB15,0.25,0.1,5,34,4,0,-0.01000903758135098,-4.6442090375813505
2026-07-21,LICI,MOM,0.25,0.1,5,13,2,0,0.019293598467773787,-1.7526064015322265
2026-07-21,LICI,VWAPMOM,0.25,0.1,5,10,2,0,0.10692817453562065,-1.2560718254643795
2026-07-22,LICI,ORB5,0.25,0.1,5,34,3,0,0.1896960778797615,-4.444503922120238
2026-07-22,LICI,ORB15,0.25,0.1,5,34,3,0,0.1896960778797615,-4.444503922120238
2026-07-22,LICI,MOM,0.25,0.1,5,7,1,0,-0.0933948765838071,-1.047494876583807
2026-07-22,LICI,VWAPMOM,0.25,0.1,5,3,0,0,-0.1294117647058589,-0.5383117647058588
2026-07-23,LICI,ORB5,0.25,0.1,5,21,0,0,-0.3940003107744282,-3.256300310774428
2026-07-23,LICI,ORB15,0.25,0.1,5,21,0,0,-0.3940003107744282,-3.256300310774428
2026-07-23,LICI,MOM,0.25,0.1,5,7,0,0,-0.3118071077480356,-1.2659071077480355
2026-07-23,LICI,VWAPMOM,0.25,0.1,5,4,0,0,-0.13540871265717233,-0.6806087126571723
2026-07-24,LICI,ORB5,0.25,0.1,5,21,2,1,-0.5106641311764721,-3.372964131176472
2026-07-24,LICI,ORB15,0.25,0.1,5,21,2,1,-0.5106641311764721,-3.372964131176472
2026-07-24,LICI,MOM,0.25,0.1,5,12,2,2,-0.4118427285646371,-2.047442728564637
2026-07-24,LICI,VWAPMOM,0.25,0.1,5,9,1,1,-0.5499999999999824,-1.7766999999999826
2026-07-20,MOTHERSON,ORB5,0.25,0.1,5,25,2,0,-0.686064606424729,-4.093564606424728
2026-07-20,MOTHERSON,ORB15,0.25,0.1,5,21,2,0,-0.551072689593981,-3.413372689593981
2026-07-20,MOTHERSON,MOM,0.25,0.1,5,7,0,0,-0.21425019706621615,-1.168350197066216
2026-07-20,MOTHERSON,VWAPMOM,0.25,0.1,5,6,0,0,-0.17907040212871883,-0.9968704021287189
2026-07-21,MOTHERSON,ORB5,0.25,0.1,5,10,0,0,-0.8826541176648988,-2.2456541176648988
2026-07-21,MOTHERSON,ORB15,0.25,0.1,5,7,0,0,-0.6999999999999907,-1.6540999999999908
2026-07-21,MOTHERSON,MOM,0.25,0.1,5,16,3,3,0.6215042848896792,-1.5592957151103206
2026-07-21,MOTHERSON,VWAPMOM,0.25,0.1,5,12,0,0,-0.16315055292569047,-1.7987505529256904
2026-07-22,MOTHERSON,ORB5,0.25,0.1,5,17,3,2,0.3123824722859011,-2.004717527714099
2026-07-22,MOTHERSON,ORB15,0.25,0.1,5,14,2,1,0.2623824722859063,-1.6458175277140938
2026-07-22,MOTHERSON,MOM,0.25,0.1,5,15,7,5,1.1204265513175236,-0.9240734486824767
2026-07-22,MOTHERSON,VWAPMOM,0.25,0.1,5,17,7,5,0.920426551317557,-1.396673448682443
2026-07-23,MOTHERSON,ORB5,0.25,0.1,5,37,9,8,0.44163922043031834,-4.601460779569679
2026-07-23,MOTHERSON,ORB15,0.25,0.1,5,35,8,7,0.29163922043032975,-4.478860779569669
2026-07-23,MOTHERSON,MOM,0.25,0.1,5,24,9,7,1.0018076357287176,-2.2693923642712823
2026-07-23,MOTHERSON,VWAPMOM,0.25,0.1,5,23,7,5,0.23986256036222658,-2.895037439637773
2026-07-24,MOTHERSON,ORB5,0.25,0.1,5,27,6,4,0.30884811783612875,-3.3712518821638717
2026-07-24,MOTHERSON,ORB15,0.25,0.1,5,26,6,4,0.4088481178361255,-3.1349518821638753
2026-07-24,MOTHERSON,MOM,0.25,0.1,5,16,5,2,0.6435282082862358,-1.537271791713764
2026-07-24,MOTHERSON,VWAPMOM,0.25,0.1,5,12,5,3,0.7331699613174022,-0.9024300386825976
2026-07-20,TATASTEEL,ORB5,0.25,0.1,5,4,0,0,-0.283945199614688,-0.829145199614688
2026-07-20,TATASTEEL,ORB15,0.25,0.1,5,4,0,0,-0.2785970356894207,-0.8237970356894208
2026-07-20,TATASTEEL,MOM,0.25,0.1,5,6,0,0,-0.38392053153016814,-1.2017205315301682
2026-07-20,TATASTEEL,VWAPMOM,0.25,0.1,5,5,0,0,-0.3946409431939815,-1.0761409431939815
2026-07-21,TATASTEEL,ORB5,0.25,0.1,5,21,2,1,-0.13803219187863613,-3.0003321918786368
2026-07-21,TATASTEEL,ORB15,0.25,0.1,5,21,2,1,-0.13803219187863613,-3.0003321918786368
2026-07-21,TATASTEEL,MOM,0.25,0.1,5,9,3,2,0.3858564653966263,-0.8408435346033736
2026-07-21,TATASTEEL,VWAPMOM,0.25,0.1,5,7,3,2,0.42113154630277416,-0.5329684536972259
2026-07-22,TATASTEEL,ORB5,0.25,0.1,5,24,1,0,-0.8295898421241645,-4.100789842124164
2026-07-22,TATASTEEL,ORB15,0.25,0.1,5,24,1,0,-0.8295898421241645,-4.100789842124164
2026-07-22,TATASTEEL,MOM,0.25,0.1,5,6,3,0,0.3192865067457551,-0.4985134932542449
2026-07-22,TATASTEEL,VWAPMOM,0.25,0.1,5,5,3,0,0.3085199262117272,-0.3729800737882728
2026-07-23,TATASTEEL,ORB5,0.25,0.1,5,8,1,1,-0.12505512178484118,-1.2154551217848415
2026-07-23,TATASTEEL,ORB15,0.25,0.1,5,8,1,1,-0.12505512178484118,-1.2154551217848415
2026-07-23,TATASTEEL,MOM,0.25,0.1,5,6,1,0,-0.2936240699505418,-1.1114240699505418
2026-07-23,TATASTEEL,VWAPMOM,0.25,0.1,5,5,0,0,-0.4999999999999609,-1.181499999999961
2026-07-24,TATASTEEL,ORB5,0.25,0.1,5,7,2,2,0.25641896352691296,-0.697681036473087
2026-07-24,TATASTEEL,ORB15,0.25,0.1,5,7,2,2,0.25641896352691296,-0.697681036473087
2026-07-24,TATASTEEL,MOM,0.25,0.1,5,6,1,1,0.14917020635188274,-0.6686297936481173
2026-07-24,TATASTEEL,VWAPMOM,0.25,0.1,5,4,1,1,0.2327704906136254,-0.3124295093863746
2026-07-13,ADANIPOWER,ORB5,0.25,0.1,5,10,1,1,-0.41755203947273073,-1.7805520394727308
2026-07-13,ADANIPOWER,ORB15,0.25,0.1,5,10,1,1,-0.41755203947273073,-1.7805520394727308
2026-07-13,ADANIPOWER,MOM,0.25,0.1,5,11,0,0,-0.6612954240953322,-2.1605954240953325
2026-07-13,ADANIPOWER,VWAPMOM,0.25,0.1,5,8,0,0,-0.4566807494299021,-1.5470807494299021
2026-07-14,ADANIPOWER,ORB5,0.25,0.1,5,44,10,10,-0.7148472330054696,-6.712047233005469
2026-07-14,ADANIPOWER,ORB15,0.25,0.1,5,44,10,10,-0.7148472330054696,-6.712047233005469
2026-07-14,ADANIPOWER,MOM,0.25,0.1,5,17,5,4,0.15487678129820234,-2.162223218701798
2026-07-14,ADANIPOWER,VWAPMOM,0.25,0.1,5,24,6,5,-0.29955564634245757,-3.5707556463424575
2026-07-15,ADANIPOWER,ORB5,0.25,0.1,5,38,8,5,0.19709587923863592,-4.982304120761365
2026-07-15,ADANIPOWER,ORB15,0.25,0.1,5,35,8,5,0.3117984606078642,-4.458701539392137
2026-07-15,ADANIPOWER,MOM,0.25,0.1,5,21,5,3,-0.17543644915759238,-3.0377364491575927
2026-07-15,ADANIPOWER,VWAPMOM,0.25,0.1,5,18,3,1,-0.5754364491575721,-3.028836449157573
2026-07-16,ADANIPOWER,ORB5,0.25,0.1,5,22,3,3,0.05732700912457675,-2.9412729908754236
2026-07-16,ADANIPOWER,ORB15,0.25,0.1,5,8,0,0,-0.2709890546996023,-1.3613890546996024
2026-07-16,ADANIPOWER,MOM,0.25,0.1,5,17,4,3,0.11773407456690674,-2.199365925433093
2026-07-16,ADANIPOWER,VWAPMOM,0.25,0.1,5,18,5,4,0.245624390055557,-2.2077756099444428
2026-07-17,ADANIPOWER,ORB5,0.25,0.1,5,5,0,0,-0.3673004157518125,-1.0488004157518125
2026-07-17,ADANIPOWER,ORB15,0.25,0.1,5,2,0,0,-0.19999999999997292,-0.47259999999997293
2026-07-17,ADANIPOWER,MOM,0.25,0.1,5,15,0,0,-1.0671449602126553,-3.1116449602126552
2026-07-17,ADANIPOWER,VWAPMOM,0.25,0.1,5,9,0,0,-0.8999999999999237,-2.1266999999999237
2026-07-13,MAHABANK,ORB5,0.25,0.1,5,26,4,4,-0.25133073185221083,-3.7951307318522107
2026-07-13,MAHABANK,ORB15,0.25,0.1,5,6,0,0,-0.536554161081954,-1.354354161081954
2026-07-13,MAHABANK,MOM,0.25,0.1,5,18,2,2,-0.7637089717774103,-3.21710897177741
2026-07-13,MAHABANK,VWAPMOM,0.25,0.1,5,15,1,1,-0.8379807907553681,-2.8824807907553676
2026-07-14,MAHABANK,ORB5,0.25,0.1,5,30,5,5,-0.03826459737918107,-4.127264597379182
2026-07-14,MAHABANK,ORB15,0.25,0.1,5,30,5,5,-0.03826459737918107,-4.127264597379182
2026-07-14,MAHABANK,MOM,0.25,0.1,5,15,0,0,-0.8748327037835585,-2.919332703783559
2026-07-14,MAHABANK,VWAPMOM,0.25,0.1,5,12,0,0,-0.6754544663896609,-2.311054466389661
2026-07-15,MAHABANK,ORB5,0.25,0.1,5,17,2,2,-0.40292893953546505,-2.720028939535465
2026-07-15,MAHABANK,ORB15,0.25,0.1,5,3,0,0,-0.16321275291232623,-0.5721127529123262
2026-07-15,MAHABANK,MOM,0.25,0.1,5,15,2,2,-0.452212221289496,-2.4967122212894957
2026-07-15,MAHABANK,VWAPMOM,0.25,0.1,5,11,2,2,-0.11347081913345944,-1.6127708191334593
2026-07-16,MAHABANK,ORB5,0.25,0.1,5,3,0,0,-0.07476659096641695,-0.48366659096641695
2026-07-16,MAHABANK,MOM,0.25,0.1,5,11,1,1,-0.03579708408240946,-1.5350970840824094
2026-07-16,MAHABANK,VWAPMOM,0.25,0.1,5,6,1,1,0.21377427244808078,-0.6040257275519193
2026-07-17,MAHABANK,ORB5,0.25,0.1,5,15,0,0,-0.7124169644872967,-2.756916964487296
2026-07-17,MAHABANK,MOM,0.25,0.1,5,6,0,0,-0.5999999999999724,-1.4177999999999724
2026-07-17,MAHABANK,VWAPMOM,0.25,0.1,5,8,0,0,-0.5998998998998626,-1.6902998998998624
2026-07-13,IDFCFIRSTB,ORB5,0.25,0.1,5,16,3,2,-0.3381798380952332,-2.5189798380952335
2026-07-13,IDFCFIRSTB,ORB15,0.25,0.1,5,16,3,2,-0.3381798380952332,-2.5189798380952335
2026-07-13,IDFCFIRSTB,MOM,0.25,0.1,5,7,1,1,-0.012801173078218278,-0.9669011730782183
2026-07-13,IDFCFIRSTB,VWAPMOM,0.25,0.1,5,5,1,1,0.11213648278210844,-0.5693635172178916
2026-07-14,IDFCFIRSTB,ORB5,0.25,0.1,5,34,3,2,-0.7335030083683581,-5.367703008368359
2026-07-14,IDFCFIRSTB,ORB15,0.25,0.1,5,34,2,1,-0.995560119277424,-5.6297601192774245
2026-07-14,IDFCFIRSTB,MOM,0.25,0.1,5,11,3,0,-0.27248829904853605,-1.7717882990485359
2026-07-14,IDFCFIRSTB,VWAPMOM,0.25,0.1,5,7,1,0,-0.37542318267432745,-1.3295231826743275
2026-07-15,IDFCFIRSTB,ORB5,0.25,0.1,5,9,1,1,0.1499810699060969,-1.076718930093903
2026-07-15,IDFCFIRSTB,ORB15,0.25,0.1,5,7,1,1,-0.02497831719912803,-0.9790783171991281
2026-07-15,IDFCFIRSTB,MOM,0.25,0.1,5,6,1,0,-0.2753584186077829,-1.093158418607783
2026-07-15,IDFCFIRSTB,VWAPMOM,0.25,0.1,5,4,1,0,-0.12535216782643746,-0.6705521678264375
2026-07-16,IDFCFIRSTB,MOM,0.25,0.1,5,10,0,0,-0.550446054795355,-1.9134460547953551
2026-07-16,IDFCFIRSTB,VWAPMOM,0.25,0.1,5,9,0,0,-0.45044605479537236,-1.6771460547953725
2026-07-17,IDFCFIRSTB,ORB5,0.25,0.1,5,22,2,2,-0.6486626031314213,-3.6472626031314213
2026-07-17,IDFCFIRSTB,ORB15,0.25,0.1,5,22,2,2,-0.6486626031314213,-3.6472626031314213
2026-07-17,IDFCFIRSTB,MOM,0.25,0.1,5,14,2,2,-0.22444561792051076,-2.1326456179205104
2026-07-17,IDFCFIRSTB,VWAPMOM,0.25,0.1,5,13,2,2,-0.28728337084247907,-2.059183370842479
2026-07-13,LICI,ORB5,0.25,0.1,5,27,3,2,-0.16008656306487395,-3.8401865630648735
2026-07-13,LICI,ORB15,0.25,0.1,5,27,3,2,-0.16008656306487395,-3.8401865630648735
2026-07-13,LICI,MOM,0.25,0.1,5,6,1,1,0.04988152552307788,-0.7679184744769221
2026-07-13,LICI,VWAPMOM,0.25,0.1,5,6,1,1,0.04988152552307788,-0.7679184744769221
2026-07-14,LICI,ORB5,0.25,0.1,5,35,10,5,0.580688316983347,-4.189811683016654
2026-07-14,LICI,ORB15,0.25,0.1,5,35,10,5,0.580688316983347,-4.189811683016654
2026-07-14,LICI,MOM,0.25,0.1,5,12,4,4,0.3000000000000631,-1.3355999999999368
2026-07-14,LICI,VWAPMOM,0.25,0.1,5,11,3,3,-0.049999999999921274,-1.5492999999999213
2026-07-15,LICI,ORB5,0.25,0.1,5,1,0,0,-0.10000000000000178,-0.2363000000000018
2026-07-15,LICI,ORB15,0.25,0.1,5,1,0,0,-0.10000000000000178,-0.2363000000000018
2026-07-15,LICI,MOM,0.25,0.1,5,10,1,1,-0.20422549606978474,-1.567225496069785
2026-07-15,LICI,VWAPMOM,0.25,0.1,5,9,1,1,-0.17004525225070438,-1.3967452522507044
2026-07-16,LICI,ORB5,0.25,0.1,5,2,0,0,-0.19999999999998613,-0.47259999999998614
2026-07-16,LICI,ORB15,0.25,0.1,5,1,0,0,-0.0999999999999951,-0.23629999999999513
2026-07-16,LICI,MOM,0.25,0.1,5,8,1,1,0.4689521988181557,-0.6214478011818443
2026-07-16,LICI,VWAPMOM,0.25,0.1,5,4,1,1,0.2296903150535315,-0.3155096849464686
2026-07-17,LICI,ORB5,0.25,0.1,5,32,6,2,0.6306035997080336,-3.7309964002919664
2026-07-17,LICI,ORB15,0.25,0.1,5,30,6,2,0.8306035997080387,-3.2583964002919616
2026-07-17,LICI,MOM,0.25,0.1,5,14,4,4,0.5371908195079721,-1.371009180492028
2026-07-17,LICI,VWAPMOM,0.25,0.1,5,8,2,2,0.5386516574281185,-0.5517483425718817
2026-07-13,MOTHERSON,ORB5,0.25,0.1,5,38,9,7,0.05732135783911668,-5.122078642160883
2026-07-13,MOTHERSON,ORB15,0.25,0.1,5,38,9,7,0.05732135783911668,-5.122078642160883
2026-07-13,MOTHERSON,MOM,0.25,0.1,5,25,5,4,-0.16200466500124863,-3.569504665001248
2026-07-13,MOTHERSON,VWAPMOM,0.25,0.1,5,19,4,4,-0.10660618908004882,-2.6963061890800484
2026-07-14,MOTHERSON,MOM,0.25,0.1,5,7,1,1,-0.3133624331173782,-1.2674624331173783
2026-07-14,MOTHERSON,VWAPMOM,0.25,0.1,5,7,0,0,-0.5563374945855754,-1.5104374945855754
2026-07-15,MOTHERSON,ORB5,0.25,0.1,5,19,1,1,-0.7415770538021949,-3.3312770538021947
2026-07-15,MOTHERSON,ORB15,0.25,0.1,5,19,1,1,-0.7415770538021949,-3.3312770538021947
2026-07-15,MOTHERSON,MOM,0.25,0.1,5,11,3,3,0.411600415031896,-1.0876995849681041
2026-07-15,MOTHERSON,VWAPMOM,0.25,0.1,5,6,2,2,0.29828699803428943,-0.5195130019657105
2026-07-16,MOTHERSON,ORB5,0.25,0.1,5,30,8,7,0.2548745619931761,-3.8341254380068235
2026-07-16,MOTHERSON,ORB15,0.25,0.1,5,28,8,7,0.28506653406997257,-3.5313334659300275
2026-07-16,MOTHERSON,MOM,0.25,0.1,5,20,6,4,0.1629504499052976,-2.5630495500947026
2026-07-16,MOTHERSON,VWAPMOM,0.25,0.1,5,16,5,3,0.21295044990526352,-1.9678495500947366
2026-07-17,MOTHERSON,ORB5,0.25,0.1,5,24,6,5,0.4708226435288029,-2.8003773564711976
2026-07-17,MOTHERSON,ORB15,0.25,0.1,5,16,4,3,0.2804999893699769,-1.9003000106300234
2026-07-17,MOTHERSON,MOM,0.25,0.1,5,19,9,8,1.9774146470942038,-0.6122853529057967
2026-07-17,MOTHERSON,VWAPMOM,0.25,0.1,5,15,7,6,1.260499500638525,-0.7840004993614755
2026-07-13,TATASTEEL,ORB5,0.25,0.1,5,9,1,1,-0.05009804993628085,-1.2767980499362808
2026-07-13,TATASTEEL,ORB15,0.25,0.1,5,7,1,1,-0.14656105971288003,-1.10066105971288
2026-07-13,TATASTEEL,MOM,0.25,0.1,5,11,3,2,-0.15599999999998088,-1.655299999999981
2026-07-13,TATASTEEL,VWAPMOM,0.25,0.1,5,8,2,2,-0.09999999999999948,-1.1903999999999995
2026-07-14,TATASTEEL,ORB5,0.25,0.1,5,21,2,2,-0.5841310975690527,-3.4464310975690533
2026-07-14,TATASTEEL,ORB15,0.25,0.1,5,21,2,2,-0.5841310975690527,-3.4464310975690533
2026-07-14,TATASTEEL,MOM,0.25,0.1,5,15,3,3,0.08824115437455084,-1.9562588456254495
2026-07-14,TATASTEEL,VWAPMOM,0.25,0.1,5,12,4,3,0.2147029464215996,-1.4208970535784007
2026-07-15,TATASTEEL,ORB5,0.25,0.1,5,5,1,1,-0.023053085421676833,-0.7045530854216768
2026-07-15,TATASTEEL,ORB15,0.25,0.1,5,5,1,1,-0.023053085421676833,-0.7045530854216768
2026-07-15,TATASTEEL,MOM,0.25,0.1,5,6,1,1,-0.17120890774121605,-0.9890089077412161
2026-07-15,TATASTEEL,VWAPMOM,0.25,0.1,5,7,2,2,0.0787910922587829,-0.8753089077412171
2026-07-16,TATASTEEL,ORB5,0.25,0.1,5,1,0,0,-0.09999999999999412,-0.23629999999999413
2026-07-16,TATASTEEL,ORB15,0.25,0.1,5,1,0,0,-0.09999999999999412,-0.23629999999999413
2026-07-16,TATASTEEL,MOM,0.25,0.1,5,7,0,0,-0.3084580528190129,-1.262558052819013
2026-07-16,TATASTEEL,VWAPMOM,0.25,0.1,5,5,0,0,-0.2975741239892135,-0.9790741239892136
2026-07-17,TATASTEEL,ORB5,0.25,0.1,5,20,3,1,0.02151003605705587,-2.704489963942944
2026-07-17,TATASTEEL,ORB15,0.25,0.1,5,20,3,1,0.02151003605705587,-2.704489963942944
2026-07-17,TATASTEEL,MOM,0.25,0.1,5,10,1,1,-0.3630022288470772,-1.7260022288470773
2026-07-17,TATASTEEL,VWAPMOM,0.25,0.1,5,8,0,0,-0.39150032055271017,-1.4819003205527104
2026-07-06,ADANIPOWER,ORB5,0.25,0.1,5,32,5,4,-0.5779929524821392,-4.939592952482139
2026-07-06,ADANIPOWER,ORB15,0.25,0.1,5,23,5,4,0.10830128457439225,-3.0265987154256075
2026-07-06,ADANIPOWER,MOM,0.25,0.1,5,23,6,6,0.41082878906324216,-2.7240712109367577
2026-07-06,ADANIPOWER,VWAPMOM,0.25,0.1,5,16,4,4,0.0863810230666823,-2.094418976933318
2026-07-07,ADANIPOWER,ORB5,0.25,0.1,5,40,11,9,0.12837925600869987,-5.323620743991299
2026-07-07,ADANIPOWER,ORB15,0.25,0.1,5,40,11,9,0.12837925600869987,-5.323620743991299
2026-07-07,ADANIPOWER,MOM,0.25,0.1,5,21,6,5,-0.04506874177575586,-2.907368741775756
2026-07-07,ADANIPOWER,VWAPMOM,0.25,0.1,5,19,5,4,-0.19506874177571504,-2.784768741775715
2026-07-08,ADANIPOWER,ORB5,0.25,0.1,5,42,11,11,0.42160696537170494,-5.302993034628295
2026-07-08,ADANIPOWER,ORB15,0.25,0.1,5,38,10,10,0.47160696537169955,-4.707793034628301
2026-07-08,ADANIPOWER,MOM,0.25,0.1,5,21,6,6,0.32201975284482914,-2.5402802471551706
2026-07-08,ADANIPOWER,VWAPMOM,0.25,0.1,5,23,6,6,-0.02779457556741216,-3.1626945755674125
2026-07-09,ADANIPOWER,ORB5,0.25,0.1,5,16,1,1,-1.0366190611688086,-3.2174190611688083
2026-07-09,ADANIPOWER,ORB15,0.25,0.1,5,16,1,1,-1.0366190611688086,-3.2174190611688083
2026-07-09,ADANIPOWER,MOM,0.25,0.1,5,22,3,2,-0.8828222675080308,-3.88142226750803
2026-07-09,ADANIPOWER,VWAPMOM,0.25,0.1,5,20,2,1,-1.1282483298050288,-3.8542483298050287
2026-07-10,ADANIPOWER,ORB5,0.25,0.1,5,12,0,0,-0.3409579586135359,-1.976557958613536
2026-07-10,ADANIPOWER,ORB15,0.25,0.1,5,12,0,0,-0.3409579586135359,-1.976557958613536
2026-07-10,ADANIPOWER,MOM,0.25,0.1,5,12,1,0,-0.44960813677076844,-2.0852081367707687
2026-07-10,ADANIPOWER,VWAPMOM,0.25,0.1,5,9,1,0,-0.25871394627724825,-1.4854139462772482
2026-07-06,MAHABANK,ORB5,0.25,0.1,5,41,10,10,0.7589005871347021,-4.829399412865298
2026-07-06,MAHABANK,ORB15,0.25,0.1,5,29,9,9,1.0401688933751823,-2.9125311066248174
2026-07-06,MAHABANK,MOM,0.25,0.1,5,21,7,7,0.5062746201463671,-2.356025379853633
2026-07-06,MAHABANK,VWAPMOM,0.25,0.1,5,20,6,6,0.25627462014639624,-2.469725379853604
2026-07-07,MAHABANK,ORB5,0.25,0.1,5,32,4,1,-0.1847543944571167,-4.546354394457117
2026-07-07,MAHABANK,ORB15,0.25,0.1,5,31,4,1,-0.08475439445712193,-4.310054394457122
2026-07-07,MAHABANK,MOM,0.25,0.1,5,10,1,1,-0.39159414044131635,-1.7545941404413163
2026-07-07,MAHABANK,VWAPMOM,0.25,0.1,5,6,0,0,-0.2459174996817476,-1.0637174996817476
2026-07-08,MAHABANK,ORB5,0.25,0.1,5,29,8,7,0.13186013269186164,-3.820839867308139
2026-07-08,MAHABANK,ORB15,0.25,0.1,5,29,8,7,0.13186013269186164,-3.820839867308139
2026-07-08,MAHABANK,MOM,0.25,0.1,5,18,6,6,0.877341810277327,-1.5760581897226729
2026-07-08,MAHABANK,VWAPMOM,0.25,0.1,5,15,4,4,0.5014203138634452,-1.5430796861365548
2026-07-09,MAHABANK,ORB5,0.25,0.1,5,32,6,5,-0.08745018865530146,-4.449050188655302
2026-07-09,MAHABANK,ORB15,0.25,0.1,5,17,3,3,-0.650000000000013,-2.9671000000000136
2026-07-09,MAHABANK,MOM,0.25,0.1,5,15,4,3,0.0467535661583999,-1.9977464338416002
2026-07-09,MAHABANK,VWAPMOM,0.25,0.1,5,12,2,1,-0.5024348253811869,-2.138034825381187
2026-07-10,MAHABANK,ORB5,0.25,0.1,5,50,17,17,1.1620173255457704,-5.652982674454232
2026-07-10,MAHABANK,ORB15,0.25,0.1,5,34,10,10,0.09999999999997007,-4.5342000000000295
2026-07-10,MAHABANK,MOM,0.25,0.1,5,19,8,8,1.112017325545814,-1.4776826744541864
2026-07-10,MAHABANK,VWAPMOM,0.25,0.1,5,34,10,10,0.38364201218789934,-4.2505579878121
2026-07-06,IDFCFIRSTB,ORB5,0.25,0.1,5,24,5,4,0.4041267442216299,-2.8670732557783705
2026-07-06,IDFCFIRSTB,ORB15,0.25,0.1,5,22,4,3,0.14169511816496366,-2.856904881835037
2026-07-06,IDFCFIRSTB,MOM,0.25,0.1,5,5,1,1,-0.09904364884748032,-0.7805436488474803
2026-07-06,IDFCFIRSTB,VWAPMOM,0.25,0.1,5,9,2,2,-0.1490436488474803,-1.3757436488474803
2026-07-07,IDFCFIRSTB,ORB5,0.25,0.1,5,20,5,3,0.484496955336089,-2.2415030446639106
2026-07-07,IDFCFIRSTB,ORB15,0.25,0.1,5,20,5,3,0.484496955336089,-2.2415030446639106
2026-07-07,IDFCFIRSTB,MOM,0.25,0.1,5,6,2,1,0.2358519468526271,-0.581948053147373
2026-07-07,IDFCFIRSTB,VWAPMOM,0.25,0.1,5,2,2,1,0.4606045589692709,0.1880045589692709
2026-07-08,IDFCFIRSTB,ORB5,0.25,0.1,5,19,6,6,0.2000000000000575,-2.3896999999999426
2026-07-08,IDFCFIRSTB,ORB15,0.25,0.1,5,18,5,5,-0.0499999999999112,-2.5033999999999113
2026-07-08,IDFCFIRSTB,MOM,0.25,0.1,5,9,5,5,0.9624161907126519,-0.26428380928734774
2026-07-08,IDFCFIRSTB,VWAPMOM,0.25,0.1,5,9,5,5,0.9624161907126723,-0.2642838092873274
2026-07-09,IDFCFIRSTB,ORB5,0.25,0.1,5,34,4,3,-0.33207216484132146,-4.966272164841322
2026-07-09,IDFCFIRSTB,ORB15,0.25,0.1,5,29,4,3,-0.13386790509408003,-4.086567905094079
2026-07-09,IDFCFIRSTB,MOM,0.25,0.1,5,11,1,1,-0.6499999999999458,-2.149299999999946
2026-07-09,IDFCFIRSTB,VWAPMOM,0.25,0.1,5,8,1,1,-0.35000000000000264,-1.4404000000000028
2026-07-10,IDFCFIRSTB,ORB5,0.25,0.1,5,29,4,1,0.21630646963815736,-3.736393530361842
2026-07-10,IDFCFIRSTB,ORB15,0.25,0.1,5,29,4,1,0.21630646963815736,-3.736393530361842
2026-07-10,IDFCFIRSTB,MOM,0.25,0.1,5,5,0,0,-0.08904713516317983,-0.7705471351631797
2026-07-10,IDFCFIRSTB,VWAPMOM,0.25,0.1,5,5,0,0,-0.16431302682778284,-0.8458130268277828
2026-07-06,LICI,ORB5,0.25,0.1,5,18,0,0,-0.7252752229040477,-3.1786752229040474
2026-07-06,LICI,ORB15,0.25,0.1,5,18,0,0,-0.7252752229040477,-3.1786752229040474
2026-07-06,LICI,MOM,0.25,0.1,5,12,2,2,-0.07696318375581172,-1.7125631837558117
2026-07-06,LICI,VWAPMOM,0.25,0.1,5,9,1,1,-0.24543646450883955,-1.4721364645088395
2026-07-07,LICI,ORB5,0.25,0.1,5,25,3,3,-0.00408217401423336,-3.4115821740142325
2026-07-07,LICI,ORB15,0.25,0.1,5,25,3,3,-0.00408217401423336,-3.4115821740142325
2026-07-07,LICI,MOM,0.25,0.1,5,10,2,2,0.22895586500439571,-1.1340441349956043
2026-07-07,LICI,VWAPMOM,0.25,0.1,5,6,2,2,0.3144950767117029,-0.5033049232882971
2026-07-08,LICI,ORB5,0.25,0.1,5,23,0,0,-1.2860760597431036,-4.420976059743103
2026-07-08,LICI,ORB15,0.25,0.1,5,23,0,0,-1.2860760597431036,-4.420976059743103
2026-07-08,LICI,MOM,0.25,0.1,5,9,2,2,-0.06558054153281222,-1.2922805415328122
2026-07-08,LICI,VWAPMOM,0.25,0.1,5,6,2,2,0.23441945846720513,-0.5833805415327948
2026-07-09,LICI,ORB5,0.25,0.1,5,29,7,5,0.9781366702185033,-2.974563329781496
2026-07-09,LICI,ORB15,0.25,0.1,5,29,7,5,0.9781366702185033,-2.974563329781496
2026-07-09,LICI,MOM,0.25,0.1,5,10,2,2,-0.00012533289785338075,-1.3631253328978536
2026-07-09,LICI,VWAPMOM,0.25,0.1,5,10,3,3,0.2729294221453777,-1.0900705778546222
2026-07-10,LICI,ORB5,0.25,0.1,5,26,2,1,-0.30248435789315986,-3.8462843578931603
2026-07-10,LICI,ORB15,0.25,0.1,5,24,2,1,-0.27070493776809634,-3.5419049377680962
2026-07-10,LICI,MOM,0.25,0.1,5,13,3,2,0.43165681742623274,-1.3402431825737673
2026-07-10,LICI,VWAPMOM,0.25,0.1,5,11,3,2,0.6316568174262168,-0.8676431825737834
2026-07-06,MOTHERSON,ORB5,0.25,0.1,5,32,5,4,-0.11601086968245972,-4.477610869682461
2026-07-06,MOTHERSON,ORB15,0.25,0.1,5,32,5,4,-0.11601086968245972,-4.477610869682461
2026-07-06,MOTHERSON,MOM,0.25,0.1,5,10,4,4,0.5656290280508206,-0.7973709719491795
2026-07-06,MOTHERSON,VWAPMOM,0.25,0.1,5,13,4,4,0.26562902805085636,-1.5062709719491438
2026-07-07,MOTHERSON,ORB5,0.25,0.1,5,34,5,3,-0.23898603280286512,-4.873186032802863
2026-07-07,MOTHERSON,ORB15,0.25,0.1,5,22,4,3,-0.17631217749661837,-3.174912177496618
2026-07-07,MOTHERSON,MOM,0.25,0.1,5,27,3,3,-1.3014167310658462,-4.981516731065846
2026-07-07,MOTHERSON,VWAPMOM,0.25,0.1,5,22,4,4,-0.7999999999999767,-3.798599999999977
2026-07-08,MOTHERSON,ORB5,0.25,0.1,5,29,5,4,-0.3223034770115697,-4.27500347701157
2026-07-08,MOTHERSON,ORB15,0.25,0.1,5,29,5,4,-0.3223034770115697,-4.27500347701157
2026-07-08,MOTHERSON,MOM,0.25,0.1,5,22,9,8,1.3852417711436935,-1.6133582288563064
2026-07-08,MOTHERSON,VWAPMOM,0.25,0.1,5,14,8,8,1.7621488248985773,-0.14605117510142296
2026-07-09,MOTHERSON,ORB5,0.25,0.1,5,24,2,1,-0.4534662553370998,-3.7246662553371
2026-07-09,MOTHERSON,ORB15,0.25,0.1,5,24,2,1,-0.4534662553370998,-3.7246662553371
2026-07-09,MOTHERSON,MOM,0.25,0.1,5,16,1,1,-0.24433235027644293,-2.425132350276443
2026-07-09,MOTHERSON,VWAPMOM,0.25,0.1,5,15,1,1,-0.26543533283134735,-2.309935332831347
2026-07-10,MOTHERSON,ORB5,0.25,0.1,5,14,2,1,-0.1104656438658974,-2.0186656438658974
2026-07-10,MOTHERSON,ORB15,0.25,0.1,5,14,2,1,-0.1104656438658974,-2.0186656438658974
2026-07-10,MOTHERSON,MOM,0.25,0.1,5,10,2,1,0.16345683913686082,-1.199543160863139
2026-07-10,MOTHERSON,VWAPMOM,0.25,0.1,5,9,2,1,-0.040802990914749045,-1.2675029909147488
2026-07-06,TATASTEEL,ORB5,0.25,0.1,5,24,2,1,-0.32543555221210735,-3.5966355522121067
2026-07-06,TATASTEEL,ORB15,0.25,0.1,5,21,1,0,-0.3391469635277194,-3.201446963527719
2026-07-06,TATASTEEL,MOM,0.25,0.1,5,8,1,0,0.029733226996106865,-1.0606667730038932
2026-07-06,TATASTEEL,VWAPMOM,0.25,0.1,5,8,0,0,-0.05967175729425565,-1.1500717572942556
2026-07-07,TATASTEEL,ORB5,0.25,0.1,5,3,0,0,-0.2581333897050852,-0.6670333897050852
2026-07-07,TATASTEEL,MOM,0.25,0.1,5,10,1,0,-0.12660134038981313,-1.4896013403898132
2026-07-07,TATASTEEL,VWAPMOM,0.25,0.1,5,7,0,0,-0.29980738349903946,-1.2539073834990393
2026-07-08,TATASTEEL,ORB5,0.25,0.1,5,29,4,3,-0.29901260789042083,-4.25171260789042
2026-07-08,TATASTEEL,ORB15,0.25,0.1,5,25,4,3,-0.11536547440196518,-3.5228654744019647
2026-07-08,TATASTEEL,MOM,0.25,0.1,5,14,4,3,0.38855233807819295,-1.519647661921807
2026-07-08,TATASTEEL,VWAPMOM,0.25,0.1,5,11,4,3,0.5405651346657652,-0.9587348653342349
2026-07-09,TATASTEEL,ORB5,0.25,0.1,5,18,3,2,-0.202413990246532,-2.655813990246532
2026-07-09,TATASTEEL,ORB15,0.25,0.1,5,6,1,0,-0.2502933916996657,-1.0680933916996658
2026-07-09,TATASTEEL,MOM,0.25,0.1,5,10,1,1,-0.25534347560883663,-1.6183434756088366
2026-07-09,TATASTEEL,VWAPMOM,0.25,0.1,5,8,0,0,-0.4053434756088629,-1.495743475608863
2026-07-10,TATASTEEL,ORB5,0.25,0.1,5,27,3,2,-0.22676490037068311,-3.906864900370684
2026-07-10,TATASTEEL,ORB15,0.25,0.1,5,26,3,2,-0.25826398053858757,-3.802063980538588
2026-07-10,TATASTEEL,MOM,0.25,0.1,5,6,0,0,-0.36318570051962706,-1.1809857005196271
2026-07-10,TATASTEEL,VWAPMOM,0.25,0.1,5,3,0,0,-0.29999999999997506,-0.708899999999975
2026-06-29,ADANIPOWER,ORB5,0.25,0.1,5,9,1,1,-0.2528352391498177,-1.4795352391498178
2026-06-29,ADANIPOWER,MOM,0.25,0.1,5,10,2,2,0.2985380083449635,-1.0644619916550364
2026-06-29,ADANIPOWER,VWAPMOM,0.25,0.1,5,8,1,1,-0.12195627772636143,-1.2123562777263612
2026-06-30,ADANIPOWER,ORB5,0.25,0.1,5,34,8,6,0.6797112486193269,-3.9544887513806737
2026-06-30,ADANIPOWER,ORB15,0.25,0.1,5,10,1,1,-0.09479964266237201,-1.4577996426623718
2026-06-30,ADANIPOWER,MOM,0.25,0.1,5,13,4,1,0.20319638447191243,-1.5687036155280876
2026-06-30,ADANIPOWER,VWAPMOM,0.25,0.1,5,12,3,1,-0.11606335204580727,-1.7516633520458074
2026-07-01,ADANIPOWER,ORB5,0.25,0.1,5,33,6,5,-0.15645302884590961,-4.65435302884591
2026-07-01,ADANIPOWER,ORB15,0.25,0.1,5,33,6,5,-0.15645302884590961,-4.65435302884591
2026-07-01,ADANIPOWER,MOM,0.25,0.1,5,11,3,2,0.07778325705808288,-1.4215167429419173
2026-07-01,ADANIPOWER,VWAPMOM,0.25,0.1,5,14,3,3,-0.1663400995112477,-2.0745400995112475
2026-07-02,ADANIPOWER,ORB5,0.25,0.1,5,21,2,1,-0.04560961855550141,-2.907909618555501
2026-07-02,ADANIPOWER,MOM,0.25,0.1,5,17,4,4,-0.1866071428570742,-2.5037071428570745
2026-07-02,ADANIPOWER,VWAPMOM,0.25,0.1,5,14,4,4,6.09512440519211e-14,-1.9081999999999393
2026-07-03,ADANIPOWER,ORB5,0.25,0.1,5,37,6,6,-0.004496541682273453,-5.0475965416822755
2026-07-03,ADANIPOWER,ORB15,0.25,0.1,5,30,5,5,0.21862628021885283,-3.8703737197811474
2026-07-03,ADANIPOWER,MOM,0.25,0.1,5,17,4,3,0.11983148400497662,-2.1972685159950234
2026-07-03,ADANIPOWER,VWAPMOM,0.25,0.1,5,12,3,3,0.2174269051766512,-1.4181730948233486
2026-06-29,MAHABANK,ORB5,0.25,0.1,5,54,15,14,0.17838505893773499,-7.181814941062268
2026-06-29,MAHABANK,ORB15,0.25,0.1,5,49,13,13,-0.061962079723188776,-6.740662079723191
2026-06-29,MAHABANK,MOM,0.25,0.1,5,23,6,6,0.11186237380233553,-3.023037626197665
2026-06-29,MAHABANK,VWAPMOM,0.25,0.1,5,27,9,9,0.7618623738022945,-2.9182376261977057
2026-06-30,MAHABANK,ORB5,0.25,0.1,5,14,4,4,1.1164678748111432,-0.7917321251888566
2026-06-30,MAHABANK,ORB15,0.25,0.1,5,9,2,2,0.3524150200937071,-0.8742849799062931
2026-06-30,MAHABANK,MOM,0.25,0.1,5,14,5,4,0.9038610356786551,-1.004338964321345
2026-06-30,MAHABANK,VWAPMOM,0.25,0.1,5,10,5,5,1.489913652927551,0.1269136529275509
2026-07-01,MAHABANK,ORB5,0.25,0.1,5,10,1,1,-0.6499999999998884,-2.0129999999998884
2026-07-01,MAHABANK,ORB15,0.25,0.1,5,7,1,1,-0.34999999999992226,-1.304099999999922
2026-07-01,MAHABANK,MOM,0.25,0.1,5,22,2,1,-1.2217009793544957,-4.220300979354494
2026-07-01,MAHABANK,VWAPMOM,0.25,0.1,5,20,2,2,-0.9906604951745922,-3.7166604951745916
2026-07-02,MAHABANK,ORB5,0.25,0.1,5,23,1,1,-0.1062477625839508,-3.2411477625839504
2026-07-02,MAHABANK,MOM,0.25,0.1,5,9,1,1,-0.5158978583195845,-1.7425978583195847
2026-07-02,MAHABANK,VWAPMOM,0.25,0.1,5,8,1,1,-0.41589785831957676,-1.506297858319577
2026-07-03,MAHABANK,ORB5,0.25,0.1,5,44,9,9,0.47216598556884476,-5.525034014431158
2026-07-03,MAHABANK,ORB15,0.25,0.1,5,38,9,9,0.5615363023093828,-4.617863697690618
2026-07-03,MAHABANK,MOM,0.25,0.1,5,17,3,3,-0.22793664139924827,-2.545036641399248
2026-07-03,MAHABANK,VWAPMOM,0.25,0.1,5,17,4,4,0.15458697533488797,-2.162513024665112
2026-06-29,IDFCFIRSTB,ORB5,0.25,0.1,5,32,6,4,-0.10456592152064402,-4.466165921520643
2026-06-29,IDFCFIRSTB,ORB15,0.25,0.1,5,26,5,3,-0.11656241486141643,-3.660362414861416
2026-06-29,IDFCFIRSTB,MOM,0.25,0.1,5,14,3,2,0.15574989514007156,-1.7524501048599286
2026-06-29,IDFCFIRSTB,VWAPMOM,0.25,0.1,5,10,2,2,-0.010600255427788613,-1.3736002554277886
2026-06-30,IDFCFIRSTB,ORB5,0.25,0.1,5,25,4,4,-0.1358641549410053,-3.5433641549410053
2026-06-30,IDFCFIRSTB,ORB15,0.25,0.1,5,25,4,4,-0.1358641549410053,-3.5433641549410053
2026-06-30,IDFCFIRSTB,MOM,0.25,0.1,5,6,2,2,0.3762291957819635,-0.4415708042180365
2026-06-30,IDFCFIRSTB,VWAPMOM,0.25,0.1,5,5,2,2,0.3762291957819635,-0.30527080421803654
2026-07-01,IDFCFIRSTB,ORB5,0.25,0.1,5,23,1,1,-0.27077826575211017,-3.40567826575211
2026-07-01,IDFCFIRSTB,ORB15,0.25,0.1,5,23,1,1,-0.27077826575211017,-3.40567826575211
2026-07-01,IDFCFIRSTB,MOM,0.25,0.1,5,6,1,0,-0.07144626440596061,-0.8892462644059607
2026-07-01,IDFCFIRSTB,VWAPMOM,0.25,0.1,5,5,0,0,-0.24917418096645863,-0.9306741809664587
2026-07-02,IDFCFIRSTB,ORB5,0.25,0.1,5,21,3,0,-0.45539502434160334,-3.3176950243416035
2026-07-02,IDFCFIRSTB,ORB15,0.25,0.1,5,11,2,0,-0.18399073190696658,-1.6832907319069665
2026-07-02,IDFCFIRSTB,MOM,0.25,0.1,5,10,4,3,0.5898132293301065,-0.7731867706698938
2026-07-02,IDFCFIRSTB,VWAPMOM,0.25,0.1,5,8,3,2,0.4398132293301087,-0.6505867706698916
2026-07-03,IDFCFIRSTB,ORB5,0.25,0.1,5,21,5,5,-0.01234157291349508,-2.874641572913495
2026-07-03,IDFCFIRSTB,ORB15,0.25,0.1,5,18,4,4,-0.27522254619830866,-2.7286225461983085
2026-07-03,IDFCFIRSTB,MOM,0.25,0.1,5,10,3,3,0.1499999999999989,-1.2130000000000012
2026-07-03,IDFCFIRSTB,VWAPMOM,0.25,0.1,5,10,3,3,0.15000000000000424,-1.2129999999999959
2026-06-29,LICI,ORB5,0.25,0.1,5,30,6,3,0.10484505868740251,-3.9841549413125974
2026-06-29,LICI,ORB15,0.25,0.1,5,30,6,3,0.10484505868740251,-3.9841549413125974
2026-06-29,LICI,MOM,0.25,0.1,5,7,1,1,-0.06826071971935063,-1.0223607197193507
2026-06-29,LICI,VWAPMOM,0.25,0.1,5,4,1,1,0.12012622720897725,-0.42507377279102276
2026-06-30,LICI,ORB5,0.25,0.1,5,10,2,1,0.17023174366773802,-1.1927682563322621
2026-06-30,LICI,ORB15,0.25,0.1,5,8,2,1,0.27023174366773084,-0.8201682563322691
2026-06-30,LICI,MOM,0.25,0.1,5,17,5,4,0.6235043096758197,-1.693595690324181
2026-06-30,LICI,VWAPMOM,0.25,0.1,5,12,3,3,0.30677328631226075,-1.3288267136877394
2026-07-01,LICI,ORB5,0.25,0.1,5,28,4,4,0.2702137243858302,-3.5461862756141698
2026-07-01,LICI,ORB15,0.25,0.1,5,28,4,4,0.2702137243858302,-3.5461862756141698
2026-07-01,LICI,MOM,0.25,0.1,5,12,2,2,-0.12797003909317228,-1.7635700390931726
2026-07-01,LICI,VWAPMOM,0.25,0.1,5,12,2,2,-0.12797003909317228,-1.7635700390931726
2026-07-02,LICI,ORB5,0.25,0.1,5,33,4,3,-0.48868742160819,-4.986587421608189
2026-07-02,LICI,ORB15,0.25,0.1,5,33,4,3,-0.48868742160819,-4.986587421608189
2026-07-02,LICI,MOM,0.25,0.1,5,8,1,0,-0.05664677733185225,-1.1470467773318522
2026-07-02,LICI,VWAPMOM,0.25,0.1,5,5,0,0,-0.153685020283932,-0.8351850202839319
2026-07-03,LICI,ORB5,0.25,0.1,5,13,3,2,0.42550993922503044,-1.3463900607749695
2026-07-03,LICI,ORB15,0.25,0.1,5,12,3,2,0.3094144550451008,-1.3261855449548992
2026-07-03,LICI,MOM,0.25,0.1,5,6,1,0,-0.12648119928359275,-0.9442811992835928
2026-07-03,LICI,VWAPMOM,0.25,0.1,5,4,0,0,-0.3577300542662434,-0.9029300542662434
2026-06-29,MOTHERSON,ORB5,0.25,0.1,5,34,7,6,-0.4136233538991135,-5.047823353899114
2026-06-29,MOTHERSON,ORB15,0.25,0.1,5,23,4,4,-0.44003372190458817,-3.574933721904589
2026-06-29,MOTHERSON,MOM,0.25,0.1,5,23,3,3,-0.6302194515245692,-3.76511945152457
2026-06-29,MOTHERSON,VWAPMOM,0.25,0.1,5,14,1,1,-0.6515541330209943,-2.5597541330209945
2026-06-30,MOTHERSON,ORB5,0.25,0.1,5,33,5,4,0.24917204397110726,-4.248727956028892
2026-06-30,MOTHERSON,ORB15,0.25,0.1,5,33,5,4,0.24917204397110726,-4.248727956028892
2026-06-30,MOTHERSON,MOM,0.25,0.1,5,15,1,1,0.19194298752429811,-1.8525570124757018
2026-06-30,MOTHERSON,VWAPMOM,0.25,0.1,5,15,1,1,-0.375349186387958,-2.419849186387958
2026-07-01,MOTHERSON,ORB5,0.25,0.1,5,22,2,2,-0.2536415728268601,-3.25224157282686
2026-07-01,MOTHERSON,ORB15,0.25,0.1,5,22,2,2,-0.2536415728268601,-3.25224157282686
2026-07-01,MOTHERSON,MOM,0.25,0.1,5,23,3,3,-0.680209691344577,-3.8151096913445772
2026-07-01,MOTHERSON,VWAPMOM,0.25,0.1,5,21,1,1,-1.3888758146805973,-4.251175814680598
2026-07-02,MOTHERSON,ORB5,0.25,0.1,5,17,2,0,-0.33339128194580425,-2.650491281945804
2026-07-02,MOTHERSON,ORB15,0.25,0.1,5,16,1,0,-0.5050615996909751,-2.685861599690975
2026-07-02,MOTHERSON,MOM,0.25,0.1,5,9,0,0,0.04648315892362074,-1.1802168410763794
2026-07-02,MOTHERSON,VWAPMOM,0.25,0.1,5,7,0,0,0.037595177434571976,-0.916504822565428
2026-07-03,MOTHERSON,ORB5,0.25,0.1,5,26,6,3,0.1835999857544794,-3.3602000142455206
2026-07-03,MOTHERSON,ORB15,0.25,0.1,5,23,4,1,-0.03515424579597587,-3.1700542457959764
2026-07-03,MOTHERSON,MOM,0.25,0.1,5,14,2,1,-0.22587343545534225,-2.134073435455343
2026-07-03,MOTHERSON,VWAPMOM,0.25,0.1,5,11,2,1,0.18094505629422114,-1.3183549437057789
2026-06-29,TATASTEEL,ORB5,0.25,0.1,5,16,2,2,-0.12693284480884615,-2.3077328448088466
2026-06-29,TATASTEEL,ORB15,0.25,0.1,5,1,0,0,-0.09999999999999315,-0.23629999999999315
2026-06-29,TATASTEEL,MOM,0.25,0.1,5,8,1,0,-0.15235535753808116,-1.2427553575380812
2026-06-29,TATASTEEL,VWAPMOM,0.25,0.1,5,8,1,0,-0.15235535753807927,-1.2427553575380792
2026-06-30,TATASTEEL,ORB5,0.25,0.1,5,12,2,1,-0.2957155341745621,-1.9313155341745623
2026-06-30,TATASTEEL,MOM,0.25,0.1,5,14,1,1,-0.7436359737406867,-2.6518359737406874
2026-06-30,TATASTEEL,VWAPMOM,0.25,0.1,5,11,1,1,-0.6446836788941411,-2.1439836788941413
2026-07-01,TATASTEEL,ORB5,0.25,0.1,5,23,2,1,0.09989554612685186,-3.0350044538731478
2026-07-01,TATASTEEL,ORB15,0.25,0.1,5,23,2,1,0.09989554612685186,-3.0350044538731478
2026-07-01,TATASTEEL,MOM,0.25,0.1,5,9,2,2,-0.0033193683531810986,-1.230019368353181
2026-07-01,TATASTEEL,VWAPMOM,0.25,0.1,5,9,2,2,-0.0033193683531810986,-1.230019368353181
2026-07-02,TATASTEEL,ORB5,0.25,0.1,5,24,2,2,-0.0592057813013641,-3.330405781301364
2026-07-02,TATASTEEL,ORB15,0.25,0.1,5,4,1,1,0.028426190604613294,-0.5167738093953868
2026-07-02,TATASTEEL,MOM,0.25,0.1,5,4,0,0,-0.013874268766842328,-0.5590742687668423
2026-07-02,TATASTEEL,VWAPMOM,0.25,0.1,5,5,1,1,0.23612573123314878,-0.44537426876685116
2026-07-03,TATASTEEL,ORB5,0.25,0.1,5,5,0,0,-0.3577501980459473,-1.0392501980459472
2026-07-03,TATASTEEL,ORB15,0.25,0.1,5,3,0,0,-0.15775019804594362,-0.5666501980459436
2026-07-03,TATASTEEL,MOM,0.25,0.1,5,13,1,0,-0.5630049926102709,-2.334904992610271
2026-07-03,TATASTEEL,VWAPMOM,0.25,0.1,5,10,1,0,-0.3951455364919368,-1.758145536491937
2026-06-22,ADANIPOWER,ORB5,0.25,0.1,5,19,3,3,0.1362783517314323,-2.453421648268568
2026-06-22,ADANIPOWER,ORB15,0.25,0.1,5,19,3,3,0.1362783517314323,-2.453421648268568
2026-06-22,ADANIPOWER,MOM,0.25,0.1,5,20,3,3,-0.4759181564166242,-3.2019181564166246
2026-06-22,ADANIPOWER,VWAPMOM,0.25,0.1,5,15,2,2,-0.4648438084213009,-2.509343808421301
2026-06-23,ADANIPOWER,ORB5,0.25,0.1,5,41,11,11,0.601569026492823,-4.9867309735071785
2026-06-23,ADANIPOWER,ORB15,0.25,0.1,5,41,11,11,0.601569026492823,-4.9867309735071785
2026-06-23,ADANIPOWER,MOM,0.25,0.1,5,27,12,12,1.9300920163528033,-1.7500079836471971
2026-06-23,ADANIPOWER,VWAPMOM,0.25,0.1,5,20,8,8,1.230092016352806,-1.495907983647195
2026-06-24,ADANIPOWER,ORB5,0.25,0.1,5,33,4,3,0.3715951811190753,-4.126304818880926
2026-06-24,ADANIPOWER,ORB15,0.25,0.1,5,33,4,3,0.3715951811190753,-4.126304818880926
2026-06-24,ADANIPOWER,MOM,0.25,0.1,5,11,1,0,-0.24375617999529942,-1.7430561799952997
2026-06-24,ADANIPOWER,VWAPMOM,0.25,0.1,5,10,1,0,-0.14375617999529527,-1.5067561799952955
2026-06-25,ADANIPOWER,ORB5,0.25,0.1,5,13,2,2,-0.18669440965931833,-1.9585944096593184
2026-06-25,ADANIPOWER,ORB15,0.25,0.1,5,13,2,2,-0.18669440965931833,-1.9585944096593184
2026-06-25,ADANIPOWER,MOM,0.25,0.1,5,18,2,2,-0.5260221689082499,-2.97942216890825
2026-06-25,ADANIPOWER,VWAPMOM,0.25,0.1,5,17,2,2,-0.4260221689082639,-2.7431221689082634
2026-06-22,MAHABANK,ORB5,0.25,0.1,5,11,1,0,-0.1656188743551355,-1.6649188743551355
2026-06-22,MAHABANK,MOM,0.25,0.1,5,8,0,0,-0.7002166424913132,-1.7906166424913132
2026-06-22,MAHABANK,VWAPMOM,0.25,0.1,5,7,0,0,-0.6111000110999816,-1.5652000110999817
2026-06-23,MAHABANK,ORB5,0.25,0.1,5,26,4,1,0.3700575995194462,-3.1737424004805543
2026-06-23,MAHABANK,ORB15,0.25,0.1,5,21,3,1,0.14149787369809327,-2.7208021263019067
2026-06-23,MAHABANK,MOM,0.25,0.1,5,12,1,0,-0.1832396959363836,-1.8188396959363837
2026-06-23,MAHABANK,VWAPMOM,0.25,0.1,5,7,1,0,0.21676030406361074,-0.7373396959363892
2026-06-24,MAHABANK,ORB5,0.25,0.1,5,8,3,3,0.2499999999999648,-0.8404000000000352
2026-06-24,MAHABANK,ORB15,0.25,0.1,5,8,3,3,0.2499999999999648,-0.8404000000000352
2026-06-24,MAHABANK,MOM,0.25,0.1,5,12,2,2,0.06944056968514707,-1.566159430314853
2026-06-24,MAHABANK,VWAPMOM,0.25,0.1,5,11,2,2,-0.009655475512588038,-1.5089554755125882
2026-06-25,MAHABANK,ORB5,0.25,0.1,5,10,2,1,-0.25784952005742046,-1.6208495200574204
2026-06-25,MAHABANK,ORB15,0.25,0.1,5,4,0,0,-0.399999999999985,-0.9451999999999849
2026-06-25,MAHABANK,MOM,0.25,0.1,5,17,4,4,-0.15634277684880338,-2.4734427768488043
2026-06-25,MAHABANK,VWAPMOM,0.25,0.1,5,14,4,4,0.1112019715469837,-1.796998028453016
2026-06-22,IDFCFIRSTB,ORB5,0.25,0.1,5,34,8,7,0.5251870870289342,-4.109012912971066
2026-06-22,IDFCFIRSTB,ORB15,0.25,0.1,5,34,8,7,0.5251870870289342,-4.109012912971066
2026-06-22,IDFCFIRSTB,MOM,0.25,0.1,5,19,8,7,1.5120317286503548,-1.0776682713496455
2026-06-22,IDFCFIRSTB,VWAPMOM,0.25,0.1,5,15,6,6,1.012453985706525,-1.0320460142934746
2026-06-23,IDFCFIRSTB,ORB5,0.25,0.1,5,37,10,6,0.5729708247934279,-4.470129175206571
2026-06-23,IDFCFIRSTB,ORB15,0.25,0.1,5,36,10,6,0.5604442057279074,-4.346355794272092
2026-06-23,IDFCFIRSTB,MOM,0.25,0.1,5,15,5,4,0.5531513429216567,-1.4913486570783434
2026-06-23,IDFCFIRSTB,VWAPMOM,0.25,0.1,5,14,3,2,-0.04684865707832879,-1.955048657078329
2026-06-24,IDFCFIRSTB,ORB5,0.25,0.1,5,22,2,1,-1.0727467805163633,-4.071346780516363
2026-06-24,IDFCFIRSTB,ORB15,0.25,0.1,5,22,2,1,-1.0727467805163633,-4.071346780516363
2026-06-24,IDFCFIRSTB,MOM,0.25,0.1,5,14,2,2,-0.5493350221659179,-2.457535022165918
2026-06-24,IDFCFIRSTB,VWAPMOM,0.25,0.1,5,12,1,1,-0.8499999999999797,-2.4855999999999794
2026-06-25,IDFCFIRSTB,ORB5,0.25,0.1,5,2,0,0,-0.09999999999999029,-0.3725999999999903
2026-06-25,IDFCFIRSTB,ORB15,0.25,0.1,5,2,0,0,-0.09999999999999029,-0.3725999999999903
2026-06-25,IDFCFIRSTB,MOM,0.25,0.1,5,4,0,0,-0.1001659994256796,-0.6453659994256796
2026-06-25,IDFCFIRSTB,VWAPMOM,0.25,0.1,5,4,0,0,-0.21269732774648287,-0.7578973277464829
2026-06-22,LICI,ORB5,0.25,0.1,5,11,0,0,-0.5366470242845144,-2.0359470242845146
2026-06-22,LICI,ORB15,0.25,0.1,5,9,0,0,-0.4138757616180039,-1.640575761618004
2026-06-22,LICI,MOM,0.25,0.1,5,6,2,1,0.15377384450864773,-0.6640261554913522
2026-06-22,LICI,VWAPMOM,0.25,0.1,5,4,1,0,0.003773844508650523,-0.5414261554913495
2026-06-23,LICI,ORB5,0.25,0.1,5,29,7,6,0.5521711310694888,-3.4005288689305115
2026-06-23,LICI,ORB15,0.25,0.1,5,25,5,4,0.2521711310695141,-3.1553288689304857
2026-06-23,LICI,MOM,0.25,0.1,5,23,8,6,0.6389601454387104,-2.495939854561289
2026-06-23,LICI,VWAPMOM,0.25,0.1,5,18,5,5,0.45966229215145077,-1.9937377078485494
2026-06-24,LICI,ORB5,0.25,0.1,5,28,4,0,-0.43210780330477094,-4.248507803304771
2026-06-24,LICI,ORB15,0.25,0.1,5,28,4,0,-0.43210780330477094,-4.248507803304771
2026-06-24,LICI,MOM,0.25,0.1,5,5,0,0,-0.15391662411515325,-0.8354166241151533
2026-06-24,LICI,VWAPMOM,0.25,0.1,5,4,0,0,-0.23433017954307345,-0.7795301795430735
2026-06-25,LICI,MOM,0.25,0.1,5,13,1,0,-0.4051449206749757,-2.177044920674976
2026-06-25,LICI,VWAPMOM,0.25,0.1,5,9,0,0,-0.3938706136931726,-1.6205706136931723
2026-06-22,MOTHERSON,ORB5,0.25,0.1,5,3,1,1,0.1500000000000053,-0.2588999999999947
2026-06-22,MOTHERSON,ORB15,0.25,0.1,5,3,1,1,0.1500000000000053,-0.2588999999999947
2026-06-22,MOTHERSON,MOM,0.25,0.1,5,7,1,0,-0.13068463281155568,-1.0847846328115558
2026-06-22,MOTHERSON,VWAPMOM,0.25,0.1,5,5,0,0,-0.22441603805614702,-0.9059160380561471
2026-06-23,MOTHERSON,ORB5,0.25,0.1,5,38,12,8,1.2148707037299376,-3.9645292962700633
2026-06-23,MOTHERSON,ORB15,0.25,0.1,5,38,12,8,1.2148707037299376,-3.9645292962700633
2026-06-23,MOTHERSON,MOM,0.25,0.1,5,15,5,4,0.5422481840355602,-1.5022518159644402
2026-06-23,MOTHERSON,VWAPMOM,0.25,0.1,5,10,3,2,0.3422481840355568,-1.020751815964443
2026-06-24,MOTHERSON,ORB5,0.25,0.1,5,18,4,1,0.15928936469983843,-2.2941106353001617
2026-06-24,MOTHERSON,ORB15,0.25,0.1,5,18,4,1,0.15928936469983843,-2.2941106353001617
2026-06-24,MOTHERSON,MOM,0.25,0.1,5,11,2,1,-0.04558752174297458,-1.5448875217429743
2026-06-24,MOTHERSON,VWAPMOM,0.25,0.1,5,9,2,1,-0.001201008013391,-1.227901008013391
2026-06-25,MOTHERSON,ORB5,0.25,0.1,5,45,16,16,2.2023268802616562,-3.931173119738345
2026-06-25,MOTHERSON,ORB15,0.25,0.1,5,45,16,16,2.2023268802616562,-3.931173119738345
2026-06-25,MOTHERSON,MOM,0.25,0.1,5,20,7,7,0.4704665959702694,-2.255533404029731
2026-06-25,MOTHERSON,VWAPMOM,0.25,0.1,5,19,5,5,-0.1500000000000285,-2.739700000000029
2026-06-22,TATASTEEL,ORB5,0.25,0.1,5,21,0,0,-0.3349152784493242,-3.1972152784493244
2026-06-22,TATASTEEL,ORB15,0.25,0.1,5,15,0,0,-0.2304363879674363,-2.2749363879674362
2026-06-22,TATASTEEL,MOM,0.25,0.1,5,5,1,1,0.3804891655290348,-0.3010108344709652
2026-06-22,TATASTEEL,VWAPMOM,0.25,0.1,5,4,1,1,0.3804891655290348,-0.1647108344709652
2026-06-23,TATASTEEL,ORB5,0.25,0.1,5,23,7,7,1.2902916902729598,-1.8446083097270403
2026-06-23,TATASTEEL,ORB15,0.25,0.1,5,23,7,7,1.2902916902729598,-1.8446083097270403
2026-06-23,TATASTEEL,MOM,0.25,0.1,5,16,5,5,0.7100670870901088,-1.470732912909891
2026-06-23,TATASTEEL,VWAPMOM,0.25,0.1,5,11,3,3,0.3533631332780878,-1.1459368667219123
2026-06-24,TATASTEEL,ORB5,0.25,0.1,5,19,2,1,-0.5610555447006338,-3.1507555447006332
2026-06-24,TATASTEEL,ORB15,0.25,0.1,5,19,2,1,-0.5610555447006338,-3.1507555447006332
2026-06-24,TATASTEEL,MOM,0.25,0.1,5,8,0,0,-0.7312126098943557,-1.821612609894356
2026-06-24,TATASTEEL,VWAPMOM,0.25,0.1,5,4,0,0,-0.3210592818784636,-0.8662592818784636
2026-06-25,TATASTEEL,ORB5,0.25,0.1,5,29,5,0,-0.33439378119027796,-4.287093781190278
2026-06-25,TATASTEEL,ORB15,0.25,0.1,5,29,5,0,-0.33439378119027796,-4.287093781190278
2026-06-25,TATASTEEL,MOM,0.25,0.1,5,12,2,1,-0.300828601919039,-1.9364286019190393
2026-06-25,TATASTEEL,VWAPMOM,0.25,0.1,5,10,2,1,-0.10082860191903478,-1.463828601919035
2026-06-15,ADANIPOWER,ORB5,0.25,0.1,5,31,5,3,0.37809608012307605,-3.8472039198769235
2026-06-15,ADANIPOWER,ORB15,0.25,0.1,5,31,5,3,0.37809608012307605,-3.8472039198769235
2026-06-15,ADANIPOWER,MOM,0.25,0.1,5,12,1,1,-0.23719099674591532,-1.8727909967459153
2026-06-15,ADANIPOWER,VWAPMOM,0.25,0.1,5,10,1,1,-0.36850451266305495,-1.7315045126630548
2026-06-16,ADANIPOWER,ORB5,0.25,0.1,5,31,6,3,-0.5098497766413035,-4.735149776641304
2026-06-16,ADANIPOWER,ORB15,0.25,0.1,5,31,6,3,-0.5098497766413035,-4.735149776641304
2026-06-16,ADANIPOWER,MOM,0.25,0.1,5,14,4,3,0.10002111762418321,-1.808178882375817
2026-06-16,ADANIPOWER,VWAPMOM,0.25,0.1,5,13,3,2,-0.18169152919360793,-1.953591529193608
2026-06-17,ADANIPOWER,ORB5,0.25,0.1,5,29,1,1,-0.3279396041379825,-4.280639604137982
2026-06-17,ADANIPOWER,ORB15,0.25,0.1,5,28,1,1,-0.35966836852924033,-4.17606836852924
2026-06-17,ADANIPOWER,MOM,0.25,0.1,5,9,1,1,-0.15006011104294525,-1.3767601110429453
2026-06-17,ADANIPOWER,VWAPMOM,0.25,0.1,5,10,1,1,-0.3500601110429322,-1.7130601110429322
2026-06-18,ADANIPOWER,ORB5,0.25,0.1,5,36,10,9,0.3877629352087135,-4.519037064791284
2026-06-18,ADANIPOWER,ORB15,0.25,0.1,5,36,10,9,0.3877629352087135,-4.519037064791284
2026-06-18,ADANIPOWER,MOM,0.25,0.1,5,23,7,7,0.3681826446656934,-2.766717355334308
2026-06-18,ADANIPOWER,VWAPMOM,0.25,0.1,5,23,6,6,0.01818264466567268,-3.1167173553343286
2026-06-19,ADANIPOWER,ORB5,0.25,0.1,5,8,3,3,0.24999999999998607,-0.840400000000014
2026-06-19,ADANIPOWER,ORB15,0.25,0.1,5,4,2,2,0.2999999999999968,-0.2452000000000032
2026-06-19,ADANIPOWER,MOM,0.25,0.1,5,13,1,1,-0.9234277816170687,-2.695327781617068
2026-06-19,ADANIPOWER,VWAPMOM,0.25,0.1,5,17,3,3,-0.4583631507503988,-2.7754631507503986
2026-06-15,MAHABANK,ORB5,0.25,0.1,5,6,1,1,-0.006337939383615099,-0.8241379393836151
2026-06-15,MAHABANK,ORB15,0.25,0.1,5,2,0,0,0.03388423271516278,-0.23871576728483723
2026-06-15,MAHABANK,MOM,0.25,0.1,5,17,4,4,0.8393856250936483,-1.4777143749063515
2026-06-15,MAHABANK,VWAPMOM,0.25,0.1,5,8,3,3,0.6078364614707711,-0.4825635385292289
2026-06-16,MAHABANK,ORB5,0.25,0.1,5,34,6,2,0.5076791831903366,-4.126520816809663
2026-06-16,MAHABANK,ORB15,0.25,0.1,5,34,6,2,0.5076791831903366,-4.126520816809663
2026-06-16,MAHABANK,MOM,0.25,0.1,5,10,4,1,0.33982117143406565,-1.0231788285659342
2026-06-16,MAHABANK,VWAPMOM,0.25,0.1,5,6,4,1,0.6398211714340669,-0.17797882856593317
2026-06-17,MAHABANK,ORB5,0.25,0.1,5,34,6,5,-1.0374078669628934,-5.671607866962894
2026-06-17,MAHABANK,ORB15,0.25,0.1,5,34,6,5,-1.0374078669628934,-5.671607866962894
2026-06-17,MAHABANK,MOM,0.25,0.1,5,28,9,9,0.6166740748972132,-3.199725925102787
2026-06-17,MAHABANK,VWAPMOM,0.25,0.1,5,24,6,5,-0.0716975000638592,-3.342897500063859
2026-06-18,MAHABANK,ORB5,0.25,0.1,5,33,9,7,1.1204791514620467,-3.3774208485379544
2026-06-18,MAHABANK,ORB15,0.25,0.1,5,33,9,7,1.1204791514620467,-3.3774208485379544
2026-06-18,MAHABANK,MOM,0.25,0.1,5,12,3,3,0.03928571428576236,-1.5963142857142376
2026-06-18,MAHABANK,VWAPMOM,0.25,0.1,5,9,3,3,0.33928571428576393,-0.8874142857142362
2026-06-19,MAHABANK,ORB5,0.25,0.1,5,13,0,0,-0.7442586263604202,-2.5161586263604203
2026-06-19,MAHABANK,ORB15,0.25,0.1,5,13,0,0,-0.7442586263604202,-2.5161586263604203
2026-06-19,MAHABANK,MOM,0.25,0.1,5,18,2,2,-0.5767969318842837,-3.030196931884283
2026-06-19,MAHABANK,VWAPMOM,0.25,0.1,5,15,2,2,-0.45500922238708574,-2.4995092223870854
2026-06-15,IDFCFIRSTB,ORB5,0.25,0.1,5,15,5,4,0.5685932691491222,-1.4759067308508778
2026-06-15,IDFCFIRSTB,ORB15,0.25,0.1,5,10,4,4,0.8140536683763817,-0.5489463316236182
2026-06-15,IDFCFIRSTB,MOM,0.25,0.1,5,12,3,3,0.4188568601837854,-1.2167431398162147
2026-06-15,IDFCFIRSTB,VWAPMOM,0.25,0.1,5,11,5,5,0.8006842372022027,-0.6986157627977972
2026-06-16,IDFCFIRSTB,ORB5,0.25,0.1,5,38,6,4,-0.22404651128382908,-5.4034465112838275
2026-06-16,IDFCFIRSTB,ORB15,0.25,0.1,5,38,6,4,-0.22404651128382908,-5.4034465112838275
2026-06-16,IDFCFIRSTB,MOM,0.25,0.1,5,12,0,0,-0.7739982609319112,-2.409598260931911
2026-06-16,IDFCFIRSTB,VWAPMOM,0.25,0.1,5,7,0,0,-0.27399826093190216,-1.2280982609319022
2026-06-17,IDFCFIRSTB,ORB5,0.25,0.1,5,7,1,1,-0.08834626387771947,-1.0424462638777197
2026-06-17,IDFCFIRSTB,ORB15,0.25,0.1,5,7,1,1,-0.08834626387771947,-1.0424462638777197
2026-06-17,IDFCFIRSTB,MOM,0.25,0.1,5,7,2,2,0.39029595423493446,-0.5638040457650656
2026-06-17,IDFCFIRSTB,VWAPMOM,0.25,0.1,5,6,2,2,0.42904062684245237,-0.38875937315754766
2026-06-18,IDFCFIRSTB,ORB5,0.25,0.1,5,32,3,1,-1.2068575246506128,-5.568457524650614
2026-06-18,IDFCFIRSTB,ORB15,0.25,0.1,5,8,0,0,-0.7999999999999644,-1.8903999999999643
2026-06-18,IDFCFIRSTB,MOM,0.25,0.1,5,6,0,0,-0.3998714151873064,-1.2176714151873065
2026-06-18,IDFCFIRSTB,VWAPMOM,0.25,0.1,5,7,1,1,-0.2756147540983109,-1.2297147540983109
2026-06-19,IDFCFIRSTB,ORB5,0.25,0.1,5,27,3,2,-0.23913813816974377,-3.919238138169744
2026-06-19,IDFCFIRSTB,ORB15,0.25,0.1,5,7,1,1,0.08987153238342156,-0.8642284676165785
2026-06-19,IDFCFIRSTB,MOM,0.25,0.1,5,10,3,2,0.31818670256810616,-1.044813297431894
2026-06-19,IDFCFIRSTB,VWAPMOM,0.25,0.1,5,7,1,1,0.002750204731477149,-0.9513497952685228
2026-06-15,LICI,ORB5,0.25,0.1,5,15,0,0,-0.28542435547485284,-2.329924355474853
2026-06-15,LICI,MOM,0.25,0.1,5,8,0,0,-0.10343442372927417,-1.1938344237292742
2026-06-15,LICI,VWAPMOM,0.25,0.1,5,7,0,0,-0.16468641441897158,-1.1187864144189716
2026-06-16,LICI,ORB5,0.25,0.1,5,7,1,1,-0.08492720767505453,-1.0390272076750544
2026-06-16,LICI,ORB15,0.25,0.1,5,7,1,1,-0.08492720767505453,-1.0390272076750544
2026-06-16,LICI,MOM,0.25,0.1,5,9,0,0,0.10991777517135304,-1.116782224828647
2026-06-16,LICI,VWAPMOM,0.25,0.1,5,6,0,0,0.024365448922724624,-0.7934345510772755
2026-06-17,LICI,ORB5,0.25,0.1,5,36,10,8,0.8951347670665804,-4.011665232933419
2026-06-17,LICI,ORB15,0.25,0.1,5,36,10,8,0.8951347670665804,-4.011665232933419
2026-06-17,LICI,MOM,0.25,0.1,5,14,5,5,0.6381707053551866,-1.2700292946448135
2026-06-17,LICI,VWAPMOM,0.25,0.1,5,12,5,5,0.8381707053551832,-0.797429294644817
2026-06-18,LICI,ORB5,0.25,0.1,5,31,4,2,-0.7942234732488055,-5.019523473248807
2026-06-18,LICI,ORB15,0.25,0.1,5,15,1,1,-0.7109259261725911,-2.7554259261725917
2026-06-18,LICI,MOM,0.25,0.1,5,18,3,3,-0.2104503314611629,-2.6638503314611635
2026-06-18,LICI,VWAPMOM,0.25,0.1,5,12,3,3,0.15494027609049815,-1.480659723909502
2026-06-19,LICI,ORB5,0.25,0.1,5,34,6,4,0.003930783049478817,-4.630269216950521
2026-06-19,LICI,ORB15,0.25,0.1,5,34,6,4,0.003930783049478817,-4.630269216950521
2026-06-19,LICI,MOM,0.25,0.1,5,17,5,3,0.201174173458645,-2.1159258265413547
2026-06-19,LICI,VWAPMOM,0.25,0.1,5,16,5,3,0.3579704114517088,-1.8228295885482915
2026-06-15,MOTHERSON,ORB5,0.25,0.1,5,32,4,2,0.21590263388969855,-4.145697366110301
2026-06-15,MOTHERSON,ORB15,0.25,0.1,5,32,4,2,0.21590263388969855,-4.145697366110301
2026-06-15,MOTHERSON,MOM,0.25,0.1,5,11,2,1,-0.28783939734976416,-1.7871393973497645
2026-06-15,MOTHERSON,VWAPMOM,0.25,0.1,5,8,1,1,-0.4499999999999734,-1.5403999999999736
2026-06-16,MOTHERSON,ORB5,0.25,0.1,5,11,2,2,-0.012106135986745828,-1.511406135986746
2026-06-16,MOTHERSON,ORB15,0.25,0.1,5,11,2,2,-0.012106135986745828,-1.511406135986746
2026-06-16,MOTHERSON,MOM,0.25,0.1,5,12,2,0,-0.3217002273325091,-1.957300227332509
2026-06-16,MOTHERSON,VWAPMOM,0.25,0.1,5,12,2,1,-0.3415875649400265,-1.9771875649400266
2026-06-17,MOTHERSON,ORB5,0.25,0.1,5,23,9,9,1.1685461110663333,-1.9663538889336665
2026-06-17,MOTHERSON,ORB15,0.25,0.1,5,20,8,8,1.1185461110663177,-1.607453888933682
2026-06-17,MOTHERSON,MOM,0.25,0.1,5,20,5,4,0.008197442270261923,-2.717802557729738
2026-06-17,MOTHERSON,VWAPMOM,0.25,0.1,5,18,8,7,0.9538117304983793,-1.4995882695016203
2026-06-18,MOTHERSON,ORB5,0.25,0.1,5,14,2,0,-0.05328383314059694,-1.961483833140597
2026-06-18,MOTHERSON,ORB15,0.25,0.1,5,14,2,0,-0.05328383314059694,-1.961483833140597
2026-06-18,MOTHERSON,MOM,0.25,0.1,5,12,3,3,0.24072030893980179,-1.3948796910601984
2026-06-18,MOTHERSON,VWAPMOM,0.25,0.1,5,6,1,1,-0.02219035791326289,-0.8399903579132629
2026-06-19,MOTHERSON,ORB5,0.25,0.1,5,18,8,2,0.7287000619496978,-1.7246999380503023
2026-06-19,MOTHERSON,ORB15,0.25,0.1,5,18,8,2,0.7287000619496978,-1.7246999380503023
2026-06-19,MOTHERSON,MOM,0.25,0.1,5,12,4,2,0.47285376230567416,-1.1627462376943258
2026-06-19,MOTHERSON,VWAPMOM,0.25,0.1,5,8,3,1,0.36709297607857017,-0.7233070239214299
2026-06-15,TATASTEEL,ORB5,0.25,0.1,5,34,4,2,0.41738852070258714,-4.216811479297413
2026-06-15,TATASTEEL,ORB15,0.25,0.1,5,34,4,2,0.41738852070258714,-4.216811479297413
2026-06-15,TATASTEEL,MOM,0.25,0.1,5,10,2,1,-0.06267048522522273,-1.4256704852252224
2026-06-15,TATASTEEL,VWAPMOM,0.25,0.1,5,7,1,0,-0.13707326720284413,-1.091173267202844
2026-06-16,TATASTEEL,ORB5,0.25,0.1,5,21,5,3,0.47876258788626536,-2.3835374121137347
2026-06-16,TATASTEEL,ORB15,0.25,0.1,5,21,5,3,0.47876258788626536,-2.3835374121137347
2026-06-16,TATASTEEL,MOM,0.25,0.1,5,14,3,2,0.4997397396683136,-1.4084602603316865
2026-06-16,TATASTEEL,VWAPMOM,0.25,0.1,5,11,2,1,0.30853115658520036,-1.1907688434147998
2026-06-17,TATASTEEL,ORB5,0.25,0.1,5,29,7,3,0.9614915362318931,-2.9912084637681073
2026-06-17,TATASTEEL,ORB15,0.25,0.1,5,29,7,3,0.9614915362318931,-2.9912084637681073
2026-06-17,TATASTEEL,MOM,0.25,0.1,5,12,3,3,0.4111049621766087,-1.2244950378233916
2026-06-17,TATASTEEL,VWAPMOM,0.25,0.1,5,6,2,2,0.335250888273918,-0.48254911172608206
2026-06-18,TATASTEEL,ORB5,0.25,0.1,5,15,3,1,0.2801556064945025,-1.7643443935054977
2026-06-18,TATASTEEL,ORB15,0.25,0.1,5,13,2,1,0.019712849637933672,-1.7521871503620665
2026-06-18,TATASTEEL,MOM,0.25,0.1,5,6,2,1,0.20105258555812822,-0.6167474144418716
2026-06-18,TATASTEEL,VWAPMOM,0.25,0.1,5,3,0,0,-0.10513416357872413,-0.5140341635787242
2026-06-19,TATASTEEL,ORB5,0.25,0.1,5,4,0,0,-0.2949194736574478,-0.8401194736574478
2026-06-19,TATASTEEL,ORB15,0.25,0.1,5,4,0,0,-0.2949194736574478,-0.8401194736574478
2026-06-19,TATASTEEL,MOM,0.25,0.1,5,8,2,1,-0.09828052001490564,-1.1886805200149055
2026-06-19,TATASTEEL,VWAPMOM,0.25,0.1,5,5,1,1,-0.1499999999999839,-0.8314999999999839
2026-06-08,ADANIPOWER,ORB5,0.25,0.1,5,23,5,3,0.022858331002444693,-3.1120416689975556
2026-06-08,ADANIPOWER,ORB15,0.25,0.1,5,21,4,2,-0.127141668997554,-2.9894416689975545
2026-06-08,ADANIPOWER,MOM,0.25,0.1,5,15,6,5,0.522043010752725,-1.5224569892472755
2026-06-08,ADANIPOWER,VWAPMOM,0.25,0.1,5,11,4,4,0.4307152259763243,-1.0685847740236756
2026-06-09,ADANIPOWER,ORB5,0.25,0.1,5,32,11,8,0.9415965745148549,-3.420003425485147
2026-06-09,ADANIPOWER,ORB15,0.25,0.1,5,31,11,8,0.9107948496182636,-3.3145051503817378
2026-06-09,ADANIPOWER,MOM,0.25,0.1,5,27,7,6,-0.1216575267378541,-3.8017575267378545
2026-06-09,ADANIPOWER,VWAPMOM,0.25,0.1,5,19,5,4,-0.21434002298639412,-2.804040022986394
2026-06-10,ADANIPOWER,ORB5,0.25,0.1,5,18,5,3,0.06479920597378892,-2.3886007940262113
2026-06-10,ADANIPOWER,ORB15,0.25,0.1,5,9,3,2,0.17607285940445716,-1.0506271405955427
2026-06-10,ADANIPOWER,MOM,0.25,0.1,5,11,2,1,-0.35484313932844064,-1.8541431393284407
2026-06-10,ADANIPOWER,VWAPMOM,0.25,0.1,5,11,2,1,-0.46819843470305256,-1.9674984347030526
2026-06-11,ADANIPOWER,ORB5,0.25,0.1,5,23,5,4,0.049978742508062085,-3.0849212574919385
2026-06-11,ADANIPOWER,ORB15,0.25,0.1,5,22,5,4,0.14997874250805907,-2.848621257491941
2026-06-11,ADANIPOWER,MOM,0.25,0.1,5,16,1,1,-0.7791975461496095,-2.9599975461496104
2026-06-11,ADANIPOWER,VWAPMOM,0.25,0.1,5,14,1,1,-0.7997576871121971,-2.7079576871121973
2026-06-12,ADANIPOWER,ORB5,0.25,0.1,5,38,9,8,0.010799841247758818,-5.168600158752243
2026-06-12,ADANIPOWER,ORB15,0.25,0.1,5,35,7,7,-0.3450897438595528,-5.1155897438595535
2026-06-12,ADANIPOWER,MOM,0.25,0.1,5,19,6,5,0.32250383759308276,-2.267196162406917
2026-06-12,ADANIPOWER,VWAPMOM,0.25,0.1,5,17,5,4,0.17250383759307605,-2.1445961624069243
2026-06-08,MAHABANK,ORB5,0.25,0.1,5,18,2,1,0.07503416027759051,-2.37836583972241
2026-06-08,MAHABANK,MOM,0.25,0.1,5,12,2,1,-0.3123655045619625,-1.9479655045619624
2026-06-08,MAHABANK,VWAPMOM,0.25,0.1,5,8,0,0,-0.5750422221574888,-1.665442222157489
2026-06-09,MAHABANK,ORB5,0.25,0.1,5,43,12,12,0.09208922946800191,-5.768810770531997
2026-06-09,MAHABANK,ORB15,0.25,0.1,5,39,10,10,-0.20791077053199647,-5.523610770531995
2026-06-09,MAHABANK,MOM,0.25,0.1,5,17,4,2,-0.43424383613479944,-2.7513438361347995
2026-06-09,MAHABANK,VWAPMOM,0.25,0.1,5,18,4,3,-0.46440237564961323,-2.917802375649613
2026-06-10,MAHABANK,ORB5,0.25,0.1,5,4,0,0,-0.4000000000000027,-0.9452000000000027
2026-06-10,MAHABANK,ORB15,0.25,0.1,5,4,0,0,-0.4000000000000027,-0.9452000000000027
2026-06-10,MAHABANK,MOM,0.25,0.1,5,12,3,3,-0.06185114956152307,-1.6974511495615232
2026-06-10,MAHABANK,VWAPMOM,0.25,0.1,5,11,2,2,-0.4000000000000108,-1.8993000000000109
2026-06-11,MAHABANK,ORB5,0.25,0.1,5,1,0,0,-0.09999999999999243,-0.23629999999999243
2026-06-11,MAHABANK,ORB15,0.25,0.1,5,1,0,0,-0.09999999999999243,-0.23629999999999243
2026-06-11,MAHABANK,MOM,0.25,0.1,5,19,4,3,-0.33031547361753866,-2.9200154736175383
2026-06-11,MAHABANK,VWAPMOM,0.25,0.1,5,15,5,4,0.41534397873205064,-1.6291560212679497
2026-06-12,MAHABANK,ORB5,0.25,0.1,5,39,11,10,1.4943339245080223,-3.821366075491979
2026-06-12,MAHABANK,ORB15,0.25,0.1,5,39,11,10,1.4943339245080223,-3.821366075491979
2026-06-12,MAHABANK,MOM,0.25,0.1,5,16,3,3,-0.25648730451028007,-2.4372873045102796
2026-06-12,MAHABANK,VWAPMOM,0.25,0.1,5,20,5,5,0.3601988098420255,-2.3658011901579754
2026-06-08,IDFCFIRSTB,ORB5,0.25,0.1,5,14,3,3,-0.03246448746593025,-1.9406644874659307
2026-06-08,IDFCFIRSTB,ORB15,0.25,0.1,5,14,3,3,-0.03246448746593025,-1.9406644874659307
2026-06-08,IDFCFIRSTB,MOM,0.25,0.1,5,16,1,1,-1.0225536385513572,-3.203353638551357
2026-06-08,IDFCFIRSTB,VWAPMOM,0.25,0.1,5,13,1,1,-0.6533015609890402,-2.4252015609890405
2026-06-09,IDFCFIRSTB,ORB5,0.25,0.1,5,33,5,3,-0.5929500323399869,-5.090850032339987
2026-06-09,IDFCFIRSTB,ORB15,0.25,0.1,5,28,3,3,-1.1550038235269957,-4.971403823526996
2026-06-09,IDFCFIRSTB,MOM,0.25,0.1,5,13,3,3,0.1721242143326672,-1.599775785667333
2026-06-09,IDFCFIRSTB,VWAPMOM,0.25,0.1,5,12,0,0,-0.9137232163023339,-2.549323216302334
2026-06-10,IDFCFIRSTB,ORB5,0.25,0.1,5,34,6,3,0.27126998828697796,-4.362930011713021
2026-06-10,IDFCFIRSTB,ORB15,0.25,0.1,5,34,6,3,0.27126998828697796,-4.362930011713021
2026-06-10,IDFCFIRSTB,MOM,0.25,0.1,5,14,0,0,-0.7291202817181752,-2.637320281718175
2026-06-10,IDFCFIRSTB,VWAPMOM,0.25,0.1,5,11,1,0,-0.3730661004039626,-1.8723661004039627
2026-06-11,IDFCFIRSTB,ORB5,0.25,0.1,5,9,2,1,-0.09799479084880078,-1.324694790848801
2026-06-11,IDFCFIRSTB,ORB15,0.25,0.1,5,7,2,1,0.029335080700821303,-0.9247649192991788
2026-06-11,IDFCFIRSTB,MOM,0.25,0.1,5,14,2,1,-0.3717452296986712,-2.2799452296986713
2026-06-11,IDFCFIRSTB,VWAPMOM,0.25,0.1,5,9,2,1,0.027807316494870893,-1.1988926835051292
2026-06-12,IDFCFIRSTB,ORB5,0.25,0.1,5,39,8,7,0.6655687128543701,-4.650131287145632
2026-06-12,IDFCFIRSTB,ORB15,0.25,0.1,5,39,8,7,0.6655687128543701,-4.650131287145632
2026-06-12,IDFCFIRSTB,MOM,0.25,0.1,5,16,2,2,-0.2164198576933687,-2.397219857693369
2026-06-12,IDFCFIRSTB,VWAPMOM,0.25,0.1,5,16,2,2,-0.12993885188021956,-2.31073885188022
2026-06-08,LICI,MOM,0.25,0.1,5,9,2,2,-0.19999999999996992,-1.4266999999999699
2026-06-08,LICI,VWAPMOM,0.25,0.1,5,7,2,2,3.302913498259841e-14,-0.9540999999999671
2026-06-09,LICI,ORB5,0.25,0.1,5,22,2,1,0.04800556082527665,-2.950594439174724
2026-06-09,LICI,ORB15,0.25,0.1,5,21,2,1,0.14800556082528335,-2.714294439174717
2026-06-09,LICI,MOM,0.25,0.1,5,10,0,0,-0.8623924589183467,-2.2253924589183467
2026-06-09,LICI,VWAPMOM,0.25,0.1,5,7,0,0,-0.5623924589183721,-1.5164924589183721
2026-06-10,LICI,ORB5,0.25,0.1,5,32,4,1,0.4771656220140256,-3.884434377985975
2026-06-10,LICI,ORB15,0.25,0.1,5,31,4,1,0.42753783045075283,-3.7977621695492476
2026-06-10,LICI,MOM,0.25,0.1,5,10,0,0,-0.12413877554536847,-1.4871387755453684
2026-06-10,LICI,VWAPMOM,0.25,0.1,5,10,0,0,0.025489016017910857,-1.3375109839820891
2026-06-11,LICI,ORB5,0.25,0.1,5,21,1,0,-0.6021255953122754,-3.4644255953122753
2026-06-11,LICI,ORB15,0.25,0.1,5,14,1,1,-0.8136748040269165,-2.7218748040269167
2026-06-11,LICI,MOM,0.25,0.1,5,9,1,0,0.007224155659414866,-1.219475844340585
2026-06-11,LICI,VWAPMOM,0.25,0.1,5,9,1,0,-0.0546660882429916,-1.2813660882429918
2026-06-12,LICI,ORB5,0.25,0.1,5,14,1,1,0.06460551449573007,-1.8435944855042699
2026-06-12,LICI,ORB15,0.25,0.1,5,14,1,1,0.06460551449573007,-1.8435944855042699
2026-06-12,LICI,MOM,0.25,0.1,5,9,1,1,0.16466727945106463,-1.0620327205489355
2026-06-12,LICI,VWAPMOM,0.25,0.1,5,6,0,0,-0.08652169095115972,-0.9043216909511598
2026-06-08,MOTHERSON,ORB5,0.25,0.1,5,10,1,1,-0.28473340883585424,-1.6477334088358542
2026-06-08,MOTHERSON,ORB15,0.25,0.1,5,9,1,1,-0.18473340883585254,-1.4114334088358524
2026-06-08,MOTHERSON,MOM,0.25,0.1,5,15,6,6,0.9068010144548047,-1.137698985545195
2026-06-08,MOTHERSON,VWAPMOM,0.25,0.1,5,13,5,5,0.5429463215066879,-1.2289536784933122
2026-06-09,MOTHERSON,ORB5,0.25,0.1,5,26,4,2,-0.07455661944032756,-3.618356619440327
2026-06-09,MOTHERSON,ORB15,0.25,0.1,5,26,4,2,-0.07455661944032756,-3.618356619440327
2026-06-09,MOTHERSON,MOM,0.25,0.1,5,13,1,1,-0.8828553133872643,-2.654755313387264
2026-06-09,MOTHERSON,VWAPMOM,0.25,0.1,5,6,0,0,-0.5328553133873035,-1.3506553133873036
2026-06-10,MOTHERSON,MOM,0.25,0.1,5,14,1,1,-0.2974563931186988,-2.2056563931186988
2026-06-10,MOTHERSON,VWAPMOM,0.25,0.1,5,9,1,1,-0.35155403980026906,-1.5782540398002691
2026-06-11,MOTHERSON,ORB5,0.25,0.1,5,5,0,0,-0.4212554910018011,-1.1027554910018011
2026-06-11,MOTHERSON,ORB15,0.25,0.1,5,5,0,0,-0.4212554910018011,-1.1027554910018011
2026-06-11,MOTHERSON,MOM,0.25,0.1,5,10,4,3,0.5502635785004901,-0.81273642149951
2026-06-11,MOTHERSON,VWAPMOM,0.25,0.1,5,6,2,1,0.2000383651173715,-0.6177616348826286
2026-06-12,MOTHERSON,ORB5,0.25,0.1,5,32,3,3,-0.3406205675942767,-4.702220567594277
2026-06-12,MOTHERSON,ORB15,0.25,0.1,5,32,3,3,-0.3406205675942767,-4.702220567594277
2026-06-12,MOTHERSON,MOM,0.25,0.1,5,13,3,2,-0.03739578446694222,-1.8092957844669424
2026-06-12,MOTHERSON,VWAPMOM,0.25,0.1,5,9,1,1,-0.15682750170545035,-1.3835275017054505
2026-06-08,TATASTEEL,ORB5,0.25,0.1,5,12,2,2,0.17803307136750116,-1.4575669286324984
2026-06-08,TATASTEEL,ORB15,0.25,0.1,5,12,2,2,0.17803307136750116,-1.4575669286324984
2026-06-08,TATASTEEL,MOM,0.25,0.1,5,9,4,3,0.670173694949547,-0.5565263050504531
2026-06-08,TATASTEEL,VWAPMOM,0.25,0.1,5,7,4,3,0.6521795946545761,-0.30192040534542397
2026-06-09,TATASTEEL,ORB5,0.25,0.1,5,13,1,0,-0.6875351689689206,-2.4594351689689207
2026-06-09,TATASTEEL,MOM,0.25,0.1,5,13,2,1,0.4538883815513929,-1.3180116184486073
2026-06-09,TATASTEEL,VWAPMOM,0.25,0.1,5,12,2,1,0.38462945209655536,-1.2509705479034445
2026-06-10,TATASTEEL,ORB5,0.25,0.1,5,22,8,6,1.3350316011435013,-1.663568398856499
2026-06-10,TATASTEEL,ORB15,0.25,0.1,5,19,7,5,1.1055719269281408,-1.4841280730718593
2026-06-10,TATASTEEL,MOM,0.25,0.1,5,17,3,1,-0.4908689095976455,-2.807968909597646
2026-06-10,TATASTEEL,VWAPMOM,0.25,0.1,5,12,2,1,-0.24614063511732,-1.8817406351173205
2026-06-11,TATASTEEL,ORB5,0.25,0.1,5,24,3,3,-0.8238713583075122,-4.0950713583075125
2026-06-11,TATASTEEL,ORB15,0.25,0.1,5,5,0,0,-0.5000000000000102,-1.1815000000000102
2026-06-11,TATASTEEL,MOM,0.25,0.1,5,22,2,2,-0.5278115036042793,-3.5264115036042796
2026-06-11,TATASTEEL,VWAPMOM,0.25,0.1,5,18,1,1,-0.6934823947730386,-3.1468823947730384
2026-06-12,TATASTEEL,ORB5,0.25,0.1,5,10,3,1,0.11410196426910026,-1.2488980357308999
2026-06-12,TATASTEEL,ORB15,0.25,0.1,5,1,0,0,0.0,-0.1363
2026-06-12,TATASTEEL,MOM,0.25,0.1,5,9,3,2,0.4842960594478333,-0.7424039405521667
2026-06-12,TATASTEEL,VWAPMOM,0.25,0.1,5,8,3,2,0.41360327011235243,-0.6767967298876476
2026-06-01,ADANIPOWER,ORB5,0.25,0.1,5,35,14,11,2.0349880600043386,-2.7355119399956624
2026-06-01,ADANIPOWER,ORB15,0.25,0.1,5,35,14,11,2.0349880600043386,-2.7355119399956624
2026-06-01,ADANIPOWER,MOM,0.25,0.1,5,22,5,3,-0.6074855339950764,-3.606085533995077
2026-06-01,ADANIPOWER,VWAPMOM,0.25,0.1,5,18,7,5,0.8534551211874872,-1.599944878812513
2026-06-02,ADANIPOWER,ORB5,0.25,0.1,5,22,4,4,-0.7999999999999747,-3.7985999999999747
2026-06-02,ADANIPOWER,ORB15,0.25,0.1,5,21,4,4,-0.699999999999976,-3.5622999999999756
2026-06-02,ADANIPOWER,MOM,0.25,0.1,5,24,6,6,-0.29999999999989396,-3.5711999999998945
2026-06-02,ADANIPOWER,VWAPMOM,0.25,0.1,5,18,4,4,-0.3999999999998981,-2.8533999999998985
2026-06-03,ADANIPOWER,ORB5,0.25,0.1,5,16,2,2,-0.6353338636985297,-2.81613386369853
2026-06-03,ADANIPOWER,ORB15,0.25,0.1,5,11,2,2,-0.39999999999991737,-1.8992999999999174
2026-06-03,ADANIPOWER,MOM,0.25,0.1,5,13,2,2,-0.4214389846496447,-2.1933389846496447
2026-06-03,ADANIPOWER,VWAPMOM,0.25,0.1,5,12,2,2,-0.39999999999996916,-2.035599999999969
2026-06-04,ADANIPOWER,ORB5,0.25,0.1,5,10,1,1,0.4969176578833219,-0.8660823421166782
2026-06-04,ADANIPOWER,ORB15,0.25,0.1,5,10,1,1,0.4969176578833219,-0.8660823421166782
2026-06-04,ADANIPOWER,MOM,0.25,0.1,5,17,7,6,1.3488693351159797,-0.9682306648840204
2026-06-04,ADANIPOWER,VWAPMOM,0.25,0.1,5,12,5,4,1.1488693351159769,-0.4867306648840232
2026-06-05,ADANIPOWER,ORB5,0.25,0.1,5,12,3,2,-0.039805432175564356,-1.6754054321755643
2026-06-05,ADANIPOWER,ORB15,0.25,0.1,5,9,3,2,0.2601945678244363,-0.9665054321755637
2026-06-05,ADANIPOWER,MOM,0.25,0.1,5,18,5,3,-0.10394903596160655,-2.5573490359616065
2026-06-05,ADANIPOWER,VWAPMOM,0.25,0.1,5,17,8,4,0.9845308508619011,-1.332569149138099
2026-06-01,MAHABANK,ORB5,0.25,0.1,5,31,6,5,-0.5407836215228421,-4.766083621522842
2026-06-01,MAHABANK,ORB15,0.25,0.1,5,27,6,5,-0.14078362152284168,-3.820883621522842
2026-06-01,MAHABANK,MOM,0.25,0.1,5,17,3,3,-0.23569089383084962,-2.5527908938308497
2026-06-01,MAHABANK,VWAPMOM,0.25,0.1,5,12,4,4,0.2000000000000603,-1.4355999999999396
2026-06-02,MAHABANK,ORB5,0.25,0.1,5,37,4,4,-0.680707805072985,-5.723807805072986
2026-06-02,MAHABANK,ORB15,0.25,0.1,5,37,4,4,-0.680707805072985,-5.723807805072986
2026-06-02,MAHABANK,MOM,0.25,0.1,5,6,1,1,-0.24999999999996775,-1.0677999999999677
2026-06-02,MAHABANK,VWAPMOM,0.25,0.1,5,5,1,1,0.0006585612968635565,-0.6808414387031364
2026-06-03,MAHABANK,ORB5,0.25,0.1,5,11,3,3,0.32566840691272037,-1.1736315930872798
2026-06-03,MAHABANK,ORB15,0.25,0.1,5,11,3,3,0.32566840691272037,-1.1736315930872798
2026-06-03,MAHABANK,MOM,0.25,0.1,5,16,2,2,-0.5871628454344389,-2.7679628454344387
2026-06-03,MAHABANK,VWAPMOM,0.25,0.1,5,16,3,3,-0.23716284543445346,-2.4179628454344533
2026-06-04,MAHABANK,ORB5,0.25,0.1,5,15,0,0,-0.11990683809084773,-2.1644068380908474
2026-06-04,MAHABANK,ORB15,0.25,0.1,5,3,0,0,-0.29999999999998556,-0.7088999999999855
2026-06-04,MAHABANK,MOM,0.25,0.1,5,10,2,2,-0.024259896049884905,-1.387259896049885
2026-06-04,MAHABANK,VWAPMOM,0.25,0.1,5,9,1,1,-0.43735137869971036,-1.6640513786997104
2026-06-05,MAHABANK,ORB5,0.25,0.1,5,25,6,5,-0.18626235957544793,-3.5937623595754484
2026-06-05,MAHABANK,ORB15,0.25,0.1,5,25,6,5,-0.18626235957544793,-3.5937623595754484
2026-06-05,MAHABANK,MOM,0.25,0.1,5,14,3,3,-0.3499999999999581,-2.258199999999958
2026-06-05,MAHABANK,VWAPMOM,0.25,0.1,5,8,2,2,-0.09999999999998768,-1.1903999999999877
2026-06-01,IDFCFIRSTB,ORB5,0.25,0.1,5,9,1,0,-0.3178631425009347,-1.544563142500935
2026-06-01,IDFCFIRSTB,ORB15,0.25,0.1,5,7,1,0,-0.11786314250096074,-1.0719631425009608
2026-06-01,IDFCFIRSTB,MOM,0.25,0.1,5,15,2,2,-0.4875217669006452,-2.5320217669006455
2026-06-01,IDFCFIRSTB,VWAPMOM,0.25,0.1,5,13,0,0,-1.171945574414346,-2.943845574414346
2026-06-02,IDFCFIRSTB,ORB5,0.25,0.1,5,31,6,4,-0.320347961395266,-4.545647961395265
2026-06-02,IDFCFIRSTB,ORB15,0.25,0.1,5,31,6,4,-0.320347961395266,-4.545647961395265
2026-06-02,IDFCFIRSTB,MOM,0.25,0.1,5,18,5,5,0.13543357539515666,-2.3179664246048426
2026-06-02,IDFCFIRSTB,VWAPMOM,0.25,0.1,5,16,5,5,0.2077047793599373,-1.9730952206400627
2026-06-03,IDFCFIRSTB,ORB5,0.25,0.1,5,31,8,7,0.6327969917747458,-3.592503008225254
2026-06-03,IDFCFIRSTB,ORB15,0.25,0.1,5,31,8,7,0.6327969917747458,-3.592503008225254
2026-06-03,IDFCFIRSTB,MOM,0.25,0.1,5,23,4,4,-0.028530355784132877,-3.1634303557841332
2026-06-03,IDFCFIRSTB,VWAPMOM,0.25,0.1,5,18,4,4,0.32711794694261453,-2.1262820530573854
2026-06-04,IDFCFIRSTB,ORB5,0.25,0.1,5,22,2,2,-0.2269365661280512,-3.2255365661280515
2026-06-04,IDFCFIRSTB,ORB15,0.25,0.1,5,11,1,1,0.04009984470098869,-1.4592001552990115
2026-06-04,IDFCFIRSTB,MOM,0.25,0.1,5,11,2,1,-0.1591730880247959,-1.658473088024796
2026-06-04,IDFCFIRSTB,VWAPMOM,0.25,0.1,5,8,2,1,0.05737038785454604,-1.033029612145454
2026-06-05,IDFCFIRSTB,ORB5,0.25,0.1,5,21,3,2,-0.10330329334838304,-2.965603293348383
2026-06-05,IDFCFIRSTB,ORB15,0.25,0.1,5,19,3,2,0.09669670665162501,-2.4930032933483752
2026-06-05,IDFCFIRSTB,MOM,0.25,0.1,5,23,2,1,-1.4590875458321628,-4.593987545832163
2026-06-05,IDFCFIRSTB,VWAPMOM,0.25,0.1,5,19,1,1,-1.2808364480890515,-3.8705364480890516
2026-06-01,LICI,ORB5,0.25,0.1,5,35,7,6,0.14716576512620133,-4.6233342348737985
2026-06-01,LICI,ORB15,0.25,0.1,5,27,5,4,-0.05460807807918834,-3.734708078079188
2026-06-01,LICI,MOM,0.25,0.1,5,15,3,3,-0.16206014005941502,-2.2065601400594153
2026-06-01,LICI,VWAPMOM,0.25,0.1,5,12,1,1,-0.5516349365079432,-2.1872349365079438
2026-06-02,LICI,ORB5,0.25,0.1,5,18,1,0,-0.27748977482237913,-2.730889774822379
2026-06-02,LICI,ORB15,0.25,0.1,5,17,1,0,-0.17748977482237316,-2.4945897748223733
2026-06-02,LICI,MOM,0.25,0.1,5,11,1,0,-0.43865679612922315,-1.937956796129223
2026-06-02,LICI,VWAPMOM,0.25,0.1,5,7,1,0,-0.05094256171885643,-1.0050425617188565
2026-06-03,LICI,ORB5,0.25,0.1,5,9,2,1,0.12410615624188684,-1.1025938437581133
2026-06-03,LICI,ORB15,0.25,0.1,5,9,2,1,0.12410615624188684,-1.1025938437581133
2026-06-03,LICI,MOM,0.25,0.1,5,14,5,3,0.6119325842122594,-1.2962674157877405
2026-06-03,LICI,VWAPMOM,0.25,0.1,5,13,5,3,0.5621813404311663,-1.2097186595688338
2026-06-04,LICI,ORB5,0.25,0.1,5,5,1,1,-0.14999999999997016,-0.8314999999999702
2026-06-04,LICI,ORB15,0.25,0.1,5,5,1,1,-0.14999999999997016,-0.8314999999999702
2026-06-04,LICI,MOM,0.25,0.1,5,6,1,1,-0.0749331698113511,-0.8927331698113512
2026-06-04,LICI,VWAPMOM,0.25,0.1,5,3,1,1,0.0500000000000264,-0.3588999999999736
2026-06-05,LICI,ORB5,0.25,0.1,5,33,3,2,-0.9117736450813377,-5.409673645081338
2026-06-05,LICI,ORB15,0.25,0.1,5,29,3,2,-0.5117736450813453,-4.464473645081346
2026-06-05,LICI,MOM,0.25,0.1,5,13,2,2,-0.36243425995488615,-2.134334259954886
2026-06-05,LICI,VWAPMOM,0.25,0.1,5,10,1,1,-0.5499999999999456,-1.9129999999999456
2026-06-01,MOTHERSON,ORB5,0.25,0.1,5,12,3,3,-0.06403410286993354,-1.6996341028699335
2026-06-01,MOTHERSON,ORB15,0.25,0.1,5,12,3,3,-0.06403410286993354,-1.6996341028699335
2026-06-01,MOTHERSON,MOM,0.25,0.1,5,15,5,5,0.3220572825707573,-1.7224427174292432
2026-06-01,MOTHERSON,VWAPMOM,0.25,0.1,5,16,5,5,0.22205728257077428,-1.9587427174292258
2026-06-02,MOTHERSON,ORB5,0.25,0.1,5,18,6,5,0.5539552456095502,-1.89944475439045
2026-06-02,MOTHERSON,ORB15,0.25,0.1,5,17,4,3,-0.04604475439043007,-2.3631447543904294
2026-06-02,MOTHERSON,MOM,0.25,0.1,5,17,5,5,0.7702248726808432,-1.546875127319157
2026-06-02,MOTHERSON,VWAPMOM,0.25,0.1,5,15,5,5,0.8187820313934088,-1.2257179686065913
2026-06-03,MOTHERSON,ORB5,0.25,0.1,5,22,4,4,-0.5155724038570864,-3.5141724038570867
2026-06-03,MOTHERSON,ORB15,0.25,0.1,5,22,4,4,-0.5155724038570864,-3.5141724038570867
2026-06-03,MOTHERSON,MOM,0.25,0.1,5,22,6,5,-0.16175486299927883,-3.1603548629992786
2026-06-03,MOTHERSON,VWAPMOM,0.25,0.1,5,17,5,4,0.10216592770161387,-2.2149340722983863
2026-06-04,MOTHERSON,ORB5,0.25,0.1,5,19,1,1,-0.763867064551032,-3.353567064551033
2026-06-04,MOTHERSON,ORB15,0.25,0.1,5,19,1,1,-0.7569984623003579,-3.346698462300359
2026-06-04,MOTHERSON,MOM,0.25,0.1,5,16,4,4,0.10260206428527673,-2.0781979357147233
2026-06-04,MOTHERSON,VWAPMOM,0.25,0.1,5,15,4,4,0.20260206428524463,-1.8418979357147556
2026-06-05,MOTHERSON,ORB5,0.25,0.1,5,37,3,2,-1.5991016429553553,-6.642201642955354
2026-06-05,MOTHERSON,ORB15,0.25,0.1,5,37,3,2,-1.5991016429553553,-6.642201642955354
2026-06-05,MOTHERSON,MOM,0.25,0.1,5,22,3,1,-0.7427385825204438,-3.7413385825204437
2026-06-05,MOTHERSON,VWAPMOM,0.25,0.1,5,16,2,1,-0.48239694689172186,-2.6631969468917216
2026-06-01,TATASTEEL,ORB5,0.25,0.1,5,14,4,2,0.08462149258593246,-1.8235785074140676
2026-06-01,TATASTEEL,ORB15,0.25,0.1,5,14,4,2,0.08462149258593246,-1.8235785074140676
2026-06-01,TATASTEEL,MOM,0.25,0.1,5,14,3,2,-0.07942967171989337,-1.9876296717198936
2026-06-01,TATASTEEL,VWAPMOM,0.25,0.1,5,10,1,1,-0.2835155409027938,-1.6465155409027943
2026-06-02,TATASTEEL,ORB5,0.25,0.1,5,28,6,3,0.21934696437101467,-3.5970530356289867
2026-06-02,TATASTEEL,ORB15,0.25,0.1,5,27,3,2,-0.3113903767518197,-3.9914903767518206
2026-06-02,TATASTEEL,MOM,0.25,0.1,5,11,2,2,0.3805226137715205,-1.1187773862284796
2026-06-02,TATASTEEL,VWAPMOM,0.25,0.1,5,9,1,1,0.00215290902185266,-1.2245470909781473
2026-06-03,TATASTEEL,ORB5,0.25,0.1,5,25,3,1,-0.4659119815035423,-3.8734119815035424
2026-06-03,TATASTEEL,ORB15,0.25,0.1,5,25,3,1,-0.4659119815035423,-3.8734119815035424
2026-06-03,TATASTEEL,MOM,0.25,0.1,5,11,3,3,0.2606947219793371,-1.2386052780206631
2026-06-03,TATASTEEL,VWAPMOM,0.25,0.1,5,10,3,3,0.2692975758732567,-1.0937024241267435
2026-06-04,TATASTEEL,ORB5,0.25,0.1,5,17,1,1,-0.3268789409335671,-2.643978940933567
2026-06-04,TATASTEEL,ORB15,0.25,0.1,5,9,0,0,-0.2768673377573063,-1.5035673377573064
2026-06-04,TATASTEEL,MOM,0.25,0.1,5,12,3,2,-0.2050377577793629,-1.840637757779363
2026-06-04,TATASTEEL,VWAPMOM,0.25,0.1,5,10,2,2,-0.24750819516361572,-1.6105081951636158
2026-06-05,TATASTEEL,ORB5,0.25,0.1,5,31,6,4,-0.147906342454298,-4.373206342454298
2026-06-05,TATASTEEL,ORB15,0.25,0.1,5,29,5,3,-0.32055186556394344,-4.273251865563943
2026-06-05,TATASTEEL,MOM,0.25,0.1,5,14,3,3,-0.05785740927018175,-1.9660574092701815
2026-06-05,TATASTEEL,VWAPMOM,0.25,0.1,5,13,4,4,0.2902658564447028,-1.4816341435552973
