ticker,direction,sig_i,entry_i,exit_i,gross,net,reason,lv,sv,target,stop,gap
360ONE,-1,26,27,29,-0.0018,-0.003163,stop,0,6,0.004,0.0018,-0.0006531069229334255
360ONE,1,40,41,47,0.002126479289940919,0.000763479289940919,time,7,0,0.004240534756532585,0.0019082406404396632,0.0001849454410947088
360ONE,1,51,52,52,-0.0018,-0.003163,stop,8,1,0.004,0.0018,-9.19371150134563e-05
360ONE,-1,78,79,85,-0.0005555555555554204,-0.0019185555555554204,time,1,6,0.004,0.0018,-0.0
360ONE,1,100,101,107,0.0014784697837737504,0.00011546978377375032,time,7,0,0.004,0.0018,-0.0002771362586604661
360ONE,1,108,109,115,-0.0018,-0.003163,stop,6,0,0.004,0.0018,-0.00027657416797266944
360ONE,-1,141,142,148,0.0002774694783573839,-0.0010855305216426162,time,1,6,0.004,0.0018,0.00018494544109491905
360ONE,-1,172,173,174,0.004,0.002637,target,1,6,0.004,0.0018,0.0006483282393257808
360ONE,-1,209,210,216,0.0015787518573551207,0.00021575185735512063,time,1,6,0.004,0.0018,-0.0003716090672611144
360ONE,-1,242,243,249,0.0034450651769087903,0.0020820651769087903,time,1,6,0.004,0.0018,0.00027925160569669045
360ONE,1,289,290,294,-0.0018,-0.003163,stop,6,1,0.004,0.0018,-9.321401938843126e-05
360ONE,-1,328,329,335,-0.0010296733127399538,-0.002392673312739954,time,0,6,0.004,0.0018,-0.0
360ONE,1,356,357,359,-0.0018,-0.003163,stop,6,1,0.004,0.0018,0.0
3MINDIA,-1,28,29,35,-0.001743932567940698,-0.003106932567940698,time,1,7,0.004,0.0018,0.0005809731299927379
3MINDIA,-1,39,40,46,0.0029082448742183686,0.0015452448742183686,time,0,6,0.004,0.0018,-0.0
3MINDIA,-1,72,73,75,-0.0018,-0.003163,stop,1,8,0.004,0.0018,0.00043968928623772536
3MINDIA,-1,79,80,86,-0.00014667057788209092,-0.001509670577882091,time,1,7,0.004,0.0018,-0.00014669209329617132
3MINDIA,-1,130,131,133,-0.0018,-0.003163,stop,0,7,0.004,0.0018,-0.0
3MINDIA,1,137,138,144,0.00044143613890534894,-0.0009215638610946511,time,7,2,0.004,0.0018,-0.00014712373105781962
3MINDIA,-1,167,168,174,-0.0,-0.001363,time,1,6,0.004,0.0018,-0.0007357268981753973
ABB,1,51,52,58,-0.0004904021297463812,-0.0018534021297463813,time,6,3,0.004,0.0018,-0.0002801512816921137
ABB,-1,69,70,76,0.0003514444366345959,-0.0010115555633654042,time,1,8,0.004,0.0018,-0.000140597539543058
ABB,-1,78,79,85,-0.0008457851705667707,-0.0022087851705667708,time,1,6,0.004,0.0018,0.00014094432699083862
ABB,-1,94,95,99,-0.0018,-0.003163,stop,0,6,0.004,0.0018,-0.0
ABB,-1,118,119,125,-0.00014071624569056418,-0.0015037162456905642,time,1,6,0.004,0.0018,-0.000211118930330753
ABB,-1,130,131,137,0.0015491866769945517,0.00018618667699455164,time,1,8,0.004,0.0018,-0.0
ABB,1,178,179,185,-0.0009861932938856066,-0.0023491932938856067,time,7,2,0.004,0.0018,-0.0006335797254487857
ABB,-1,187,188,194,-0.000988560937720706,-0.002351560937720706,time,1,8,0.004,0.0018,-0.0
ABB,-1,200,201,207,-0.0007778799236264344,-0.0021408799236264345,time,1,8,0.004,0.0018,0.00035345680757811396
ABB,-1,231,232,238,-0.0002835672763363828,-0.0016465672763363829,time,0,7,0.004,0.0018,0.00028348688873139615
ABB,1,285,286,292,0.002338766832034045,0.0009757668320340448,time,6,2,0.004,0.0018,0.0003544842254519674
ABB,-1,305,306,312,-0.0005671345526725435,-0.0019301345526725436,time,1,6,0.004,0.0018,-0.000425531914893617
ABB,-1,326,327,333,0.0008515469770081774,-0.0005114530229918227,time,1,8,0.004,0.0018,-0.0
ABB,-1,342,343,348,-0.0018,-0.003163,stop,1,6,0.004,0.0018,0.00014215651432226883
ABBOTINDIA,-1,65,66,72,-0.0014875418371140814,-0.0028505418371140815,time,0,6,0.004,0.0018,-0.0
ABBOTINDIA,1,359,360,366,0.00018521948508976038,-0.0011777805149102397,time,6,0,0.004,0.0018,-0.0007403294466037387
ABCAPITAL,-1,29,30,36,0.004,0.002637,target,0,7,0.004,0.0018,-0.0006433350488934637
ABCAPITAL,1,48,49,55,0.0005130836326321386,-0.0008499163673678614,time,7,1,0.004,0.0018,0.0
ABCAPITAL,-1,64,65,71,0.0019282684149634077,0.0005652684149634077,time,0,6,0.004,0.0018,-0.00012856775520702333
ABCAPITAL,-1,78,79,81,0.004,0.002637,target,0,7,0.004,0.0018,-0.0
ABCAPITAL,-1,90,91,97,-0.0003892060197199232,-0.0017522060197199233,time,0,7,0.004,0.0018,-0.00025953802232018137
ABCAPITAL,1,121,122,128,0.0014213722703191323,5.837227031913221e-05,time,7,2,0.004,0.0018,-0.0003874967708603309
ABCAPITAL,1,136,137,143,0.0003866976024748947,-0.0009763023975251054,time,6,0,0.004,0.0018,0.0
ABCAPITAL,1,151,152,158,0.0,-0.001363,time,7,0,0.004,0.0018,0.00012873326467562144
ABCAPITAL,-1,165,166,172,-0.0005163289015102102,-0.0018793289015102102,time,0,6,0.004,0.0018,-0.00038739669421496414
ABCAPITAL,1,269,270,276,0.0018080847216841445,0.0004450847216841444,time,6,1,0.004,0.0018,0.0
ABCAPITAL,1,280,281,287,0.0034757981462409937,0.0021127981462409936,time,6,0,0.004,0.0018,0.0
ABCAPITAL,1,288,289,292,-0.0018,-0.003163,stop,7,0,0.004,0.0018,0.0
ABCAPITAL,1,317,318,324,0.0018013381369017534,0.0004383381369017533,time,6,1,0.004,0.0018,-0.0006429214350006429
ACC,-1,28,29,35,-0.0004045634760094785,-0.0017675634760094786,time,1,6,0.004,0.0018,-0.0007287449392713287
ACC,1,44,45,51,-0.0004042037186742231,-0.0017672037186742232,time,6,0,0.004,0.0018,-0.00016165535079214796
ACC,1,57,58,58,-0.0018,-0.003163,stop,7,1,0.004,0.0018,-0.0004035512510088781
ACC,1,61,62,68,-0.0010501656030375006,-0.0024131656030375007,time,6,0,0.004,0.0018,-0.0006458383789456321
ACC,1,108,109,115,0.0004040730564085493,-0.0009589269435914508,time,6,0,0.004,0.0018,0.0
ACC,1,288,289,295,-0.0010488946264323173,-0.0024118946264323174,time,7,2,0.004,0.0018,0.0
ADANIENSOL,-1,29,30,33,-0.0020173035484185383,-0.0033803035484185383,stop,0,6,0.004482896774263418,0.0020173035484185383,-0.0003031910861821352
ADANIENSOL,-1,36,37,39,-0.0018,-0.003163,stop,1,8,0.004,0.0018,0.00015189488873702854
ADANIENSOL,1,53,54,59,0.004,0.002637,target,6,0,0.004,0.0018,7.53409176524798e-05
ADANIENSOL,1,61,62,68,-0.0010505778177997138,-0.002413577817799714,time,6,0,0.004,0.0018,-0.000674915635545625
ADANIENSOL,1,137,138,144,-0.0006753714542997447,-0.0020383714542997447,time,6,1,0.004,0.0018,-0.0005250131253281673
ADANIENSOL,-1,164,165,170,-0.0018,-0.003163,stop,2,7,0.004,0.0018,0.000601820507033743
ADANIENSOL,-1,202,203,209,-0.00037735849056597104,-0.001740358490565971,time,0,6,0.004,0.0018,-0.0
ADANIENSOL,-1,220,221,227,0.0013564431047474734,-6.556895252526635e-06,time,2,6,0.004,0.0018,-0.0
ADANIENSOL,1,285,286,292,0.002629009239089708,0.001266009239089708,time,6,0,0.004,0.0018,0.0
ADANIENSOL,1,310,311,314,-0.0018,-0.003163,stop,7,0,0.004,0.0018,0.0003747002398081535
ADANIENSOL,1,315,316,322,0.0027715355805244535,0.0014085355805244534,time,7,0,0.004,0.0018,-0.0007485029940119761
ADANIENSOL,1,324,325,326,-0.0018,-0.003163,stop,8,1,0.004,0.0018,-0.0003730508095202567
ADANIENSOL,1,341,342,345,-0.0018,-0.003163,stop,6,1,0.004,0.0018,0.0
ADANIENT,-1,27,28,34,0.001131532025785309,-0.00023146797421469108,time,0,7,0.004,0.0018,-0.0007205847030161305
ADANIENT,-1,35,36,42,-0.0013411279229711415,-0.0027041279229711415,time,1,7,0.004,0.0018,0.0003093953040668606
ADANIENT,1,47,48,54,0.002501970730369951,0.0011389707303699512,time,6,2,0.004,0.0018,0.0
ADANIENT,1,59,60,66,0.00010228435049453033,-0.0012607156495054697,time,8,1,0.004,0.0018,3.409594599199054e-05
ADANIENT,-1,79,80,86,0.00013695347005837633,-0.0012260465299416237,time,0,7,0.004,0.0018,-0.00023972602739719798
ADANIENT,1,101,102,107,-0.0018,-0.003163,stop,7,1,0.004,0.0018,-0.00013673343816233367
ADANIENT,1,110,111,117,0.0,-0.001363,time,6,0,0.004,0.0018,0.0
ADANIENT,-1,139,140,146,0.0007528316736817864,-0.0006101683263182137,time,0,6,0.004,0.0018,-0.00041080414912199954
ADANIENT,-1,160,161,167,0.0009595942287261572,-0.0004034057712738429,time,1,6,0.004,0.0018,-0.00030853616729519743
ADANIENT,-1,168,169,175,-0.0007897266858947205,-0.0021527266858947206,time,1,8,0.004,0.0018,-0.00017170919331020983
ADANIENT,-1,200,201,207,0.0002744707860156126,-0.0010885292139843875,time,0,6,0.004,0.0018,-0.0
ADANIENT,-1,219,220,226,-0.0006187267977451061,-0.001981726797745106,time,1,8,0.004,0.0018,-0.0005502820195349804
ADANIENT,-1,249,250,252,-0.0018,-0.003163,stop,1,8,0.004,0.0018,-0.0001720459706833666
ADANIENT,1,254,255,261,-0.000651577503429368,-0.002014577503429368,time,7,2,0.004,0.0018,-3.429237680460514e-05
ADANIENT,1,285,286,288,0.004,0.002637,target,8,1,0.004,0.0018,0.0
ADANIENT,1,324,325,325,-0.0018,-0.003163,stop,6,0,0.004,0.0018,3.417284625633361e-05
ADANIENT,-1,327,328,334,0.0013699568463593215,6.956846359321405e-06,time,0,7,0.004,0.0018,-0.00010275732145921627
ADANIENT,-1,335,336,342,-0.0009608125729188011,-0.002323812572918801,time,1,8,0.004,0.0018,-0.0004119464469618325
ADANIENT,-1,346,347,353,-0.0007888328703227199,-0.00215183287032272,time,1,6,0.004,0.0018,-0.00024013722126923435
ADANIGREEN,1,41,42,43,-0.0018,-0.003163,stop,6,0,0.004,0.0018,-7.829014327089098e-05
ADANIGREEN,1,47,48,49,0.004,0.002637,target,7,0,0.004,0.0018,0.00015622558975163684
ADANIGREEN,1,51,52,58,0.003338768537930026,0.0019757685379300258,time,6,0,0.004,0.0018,0.0
ADANIGREEN,1,59,60,63,-0.0018,-0.003163,stop,7,0,0.004,0.0018,0.0003863987635239567
ADANIGREEN,1,108,109,115,0.0003873566780290272,-0.0009756433219709729,time,6,0,0.004,0.0018,-7.746533426302303e-05
ADANIGREEN,-1,220,221,227,7.779679477215584e-05,-0.0012852032052278442,time,2,7,0.004,0.0018,-0.00015561780267666159
ADANIGREEN,-1,230,231,237,-0.00031152647975085657,-0.0016745264797508566,time,0,6,0.004,0.0018,-0.0001557875058420669
ADANIGREEN,1,285,286,289,0.004,0.002637,target,6,0,0.004,0.0018,7.741136398833908e-05
ADANIGREEN,1,296,297,303,0.00015428527347061127,-0.0012087147265293888,time,6,1,0.004,0.0018,7.714858818076612e-05
ADANIGREEN,1,322,323,329,-0.0012331406551059354,-0.0025961406551059355,time,6,0,0.004,0.0018,7.707723138577852e-05
ADANIGREEN,-1,333,334,340,0.0002318750966145977,-0.0011311249033854024,time,1,6,0.004,0.0018,-0.0
ADANIGREEN,1,351,352,354,-0.0018,-0.003163,stop,7,2,0.004,0.0018,-0.0002316065776267695
ADANIPORTS,-1,38,39,41,-0.0018,-0.003163,stop,0,7,0.004,0.0018,-5.6277787157357786e-05
ADANIPORTS,1,44,45,51,0.0023567701026878662,0.0009937701026878662,time,7,2,0.004,0.0018,0.0
ADANIPORTS,1,52,53,59,0.00139703827884885,3.403827884884995e-05,time,8,1,0.004,0.0018,0.00011177555468621554
ADANIPORTS,-1,77,78,84,-0.0008958566629337916,-0.0022588566629337917,time,0,6,0.004,0.0018,-0.0004481290611695914
ADANIPORTS,1,109,110,116,0.002622621505496303,0.001259621505496303,time,8,1,0.004,0.0018,0.00011161337128177806
ADANIPORTS,-1,146,147,153,0.0004470272686634136,-0.0009159727313365865,time,1,6,0.004,0.0018,-5.588153115390279e-05
ADANIPORTS,-1,154,155,161,-0.00011185682326630975,-0.0014748568232663098,time,0,6,0.004,0.0018,-5.593153979523969e-05
ADANIPORTS,1,192,193,199,0.0,-0.001363,time,7,1,0.004,0.0018,5.590339892673101e-05
ADANIPORTS,-1,222,223,229,-0.0005051071949713215,-0.0018681071949713216,time,2,6,0.004,0.0018,-0.00011225864391560703
ADANIPORTS,-1,243,244,250,-0.0008978675645341383,-0.0022608675645341384,time,0,6,0.004,0.0018,-0.00033681374200062255
ADANIPORTS,1,285,286,289,0.004,0.002637,target,7,1,0.004,0.0018,0.00022357609971499133
ADANIPORTS,-1,334,335,341,-0.0005031305903400174,-0.0018661305903400175,time,2,7,0.004,0.0018,-0.0
ADANIPORTS,-1,347,348,354,0.00016787912702853625,-0.0011951208729714638,time,0,7,0.004,0.0018,0.00022378874342625653
ADANIPOWER,-1,29,30,30,-0.0018,-0.003163,stop,0,7,0.004,0.0018,-0.00010141473556098479
ADANIPOWER,-1,34,35,37,0.004,0.002637,target,0,7,0.004,0.0018,-0.00025380710659904246
ADANIPOWER,1,48,49,53,0.004,0.002637,target,6,0,0.004,0.0018,0.00010120945296281468
ADANIPOWER,1,54,55,55,-0.0018,-0.003163,stop,8,1,0.004,0.0018,0.0
ADANIPOWER,1,57,58,63,0.004048525077966314,0.0026855250779663138,target,6,0,0.004048525077966314,0.0018218362850848412,0.0
ADANIPOWER,1,82,83,89,0.0002481389578163906,-0.0011148610421836094,time,6,0,0.004,0.0018,-4.962532876775795e-05
ADANIPOWER,1,99,100,103,-0.0018,-0.003163,stop,7,0,0.004,0.0018,0.0
ADANIPOWER,1,111,112,118,-0.0002963109289347843,-0.0016593109289347843,time,7,0,0.004,0.0018,0.0
ADANIPOWER,1,121,122,125,-0.0018,-0.003163,stop,7,0,0.004,0.0018,-0.00029579964504043715
ADANIPOWER,1,176,177,183,-0.0008404607702576783,-0.0022034607702576784,time,6,1,0.004,0.0018,-9.886796183687681e-05
ADANIPOWER,-1,201,202,208,0.00014865467518954123,-0.0012143453248104588,time,1,6,0.004,0.0018,-4.9554013875078814e-05
ADANIPOWER,-1,219,220,226,-0.00069530667991069,-0.00205830667991069,time,1,6,0.004,0.0018,-0.0
ADANIPOWER,1,234,235,241,-0.000495933346558175,-0.001858933346558175,time,6,1,0.004,0.0018,0.0
ADANIPOWER,1,246,247,253,0.001979512050279686,0.0006165120502796858,time,8,1,0.004,0.0018,0.0001484854484260599
ADANIPOWER,1,269,270,276,-9.876543209885735e-05,-0.0014617654320988574,time,7,1,0.004,0.0018,0.0
ADANIPOWER,1,284,285,290,0.004,0.002637,target,6,0,0.004,0.0018,9.875080235031962e-05
ADANIPOWER,1,301,302,308,-0.0007876341439401191,-0.002150634143940119,time,7,1,0.004,0.0018,0.0002461962676644982
ADANIPOWER,1,310,311,317,-0.00014752889107449985,-0.0015105288910745,time,7,0,0.004,0.0018,-0.00019666650277787523
ADANIPOWER,-1,345,346,352,9.858530093165285e-05,-0.0012644146990683472,time,2,6,0.004,0.0018,-0.0002465240114387702
ADANIPOWER,-1,353,354,360,-4.933399112005965e-05,-0.0014123339911200597,time,1,6,0.004,0.0018,-0.0
AIAENG,-1,26,27,33,0.0006074719044244503,-0.0007555280955755497,time,0,7,0.004,0.0018,-0.00030382823577078003
AIAENG,-1,63,64,70,0.000842546020884849,-0.0005204539791151511,time,0,7,0.004,0.0018,-5.106600280858371e-05
AIAENG,-1,73,74,80,0.0007930214115781098,-0.0005699785884218903,time,0,6,0.004,0.0018,-2.5581990278820426e-05
AIAENG,-1,81,82,88,-5.125182584619914e-05,-0.0014142518258461992,time,0,7,0.004,0.0018,2.562525625253922e-05
AIAENG,-1,93,94,100,-0.0018,-0.003163,stop,1,6,0.004,0.0018,-0.0
AIAENG,-1,187,188,194,-7.688364941049741e-05,-0.0014398836494104975,time,0,6,0.004,0.0018,-0.0
AIAENG,-1,222,223,224,-0.0018,-0.003163,stop,1,8,0.004,0.0018,2.573538873302341e-05
AIAENG,-1,309,310,316,-0.0003583862379685776,-0.0017213862379685777,time,1,6,0.004,0.0018,2.5598361704827607e-05
AIAENG,1,322,323,329,-0.0012252712188896009,-0.002588271218889601,time,6,1,0.004,0.0018,-0.00012761613067891782
AIAENG,1,356,357,363,0.0014032402092103435,4.0240209210343474e-05,time,7,2,0.004,0.0018,-7.653451706724371e-05
AJANTPHARM,-1,74,75,81,0.0007621305783723775,-0.0006008694216276225,time,0,6,0.004,0.0018,-0.0007344425298720118
AJANTPHARM,1,177,178,184,-0.0010719927781539518,-0.002434992778153952,time,6,1,0.004,0.0018,0.0006210128154463594
AJANTPHARM,1,279,280,286,-2.8192839018892357e-05,-0.0013911928390188924,time,6,0,0.004,0.0018,-0.0001691284248505776
ALKEM,-1,25,26,32,-0.00037875201212012044,-0.0017417520121201205,time,0,7,0.004,0.0018,-0.00047366426676771507
ALKEM,-1,36,37,39,-0.0018,-0.003163,stop,0,6,0.004,0.0018,0.0001896633475580844
ALKEM,-1,79,80,85,-0.0018,-0.003163,stop,0,7,0.004,0.0018,-0.0
ALKEM,-1,146,147,153,0.0007601672367920642,-0.0006028327632079358,time,0,6,0.004,0.0018,-9.502993442934525e-05
ALKEM,-1,162,163,169,0.0009515653249595468,-0.00041143467504045324,time,0,7,0.004,0.0018,-0.000476009139375476
ALKEM,-1,185,186,192,0.00038131553860820677,-0.0009816844613917933,time,0,6,0.004,0.0018,-9.533797311469158e-05
ALKEM,-1,240,241,247,0.0023703422774248306,0.0010073422774248306,time,0,6,0.004,0.0018,-0.0005692059576890238
ALKEM,1,256,257,263,-0.0014234200037958056,-0.0027864200037958056,time,6,3,0.004,0.0018,0.0007597340930674264
ALKEM,-1,306,307,311,-0.0018,-0.003163,stop,0,6,0.004,0.0018,-0.0005703422053231939
ALKEM,-1,325,326,327,-0.0018,-0.003163,stop,1,8,0.004,0.0018,0.00028536098164177684
AMBUJACEM,1,41,42,48,0.0019513464290359384,0.0005883464290359383,time,7,0,0.004,0.0018,0.0
AMBUJACEM,1,54,55,61,0.0,-0.001363,time,6,0,0.004,0.0018,-0.00038950921838492366
AMBUJACEM,-1,68,69,75,0.0006502796202366712,-0.0007127203797633289,time,0,6,0.004,0.0018,-0.0005204944697462294
AMBUJACEM,-1,79,80,81,-0.0018,-0.003163,stop,0,7,0.004,0.0018,0.0005217164471111137
AMBUJACEM,1,82,83,89,-0.0018,-0.003163,stop,6,1,0.004,0.0018,-0.0007795244900610923
AMBUJACEM,1,116,117,123,-0.0006481721545242847,-0.0020111721545242847,time,6,0,0.004,0.0018,-0.00038875210574066115
AMBUJACEM,-1,240,241,247,-0.0006520605112154687,-0.0020150605112154688,time,0,6,0.004,0.0018,-0.0
AMBUJACEM,1,285,286,288,0.004,0.002637,target,8,1,0.004,0.0018,-0.00025963910164861974
AMBUJACEM,1,302,303,309,-0.001037478926209423,-0.002400478926209423,time,6,0,0.004,0.0018,-0.0005184705119896011
AMBUJACEM,-1,335,336,338,-0.0018,-0.003163,stop,2,7,0.004,0.0018,0.00026041666666672586
APARINDS,-1,29,30,30,0.004,0.002637,target,3,6,0.004,0.0018,0.000714678394722375
APARINDS,1,49,50,50,-0.0018,-0.003163,stop,6,3,0.004,0.0018,0.0002762125731963319
APARINDS,-1,63,64,70,0.00011114198388439966,-0.0012518580161156004,time,0,6,0.004,0.0018,-0.00011115433779803257
APARINDS,-1,71,72,78,0.003062360801781683,0.0016993608017816827,time,0,6,0.004,0.0018,-0.0005013648264720628
APARINDS,-1,79,80,83,-0.0018,-0.003163,stop,1,8,0.004,0.0018,0.0007831291603736645
APARINDS,-1,88,89,95,-0.0006714789323485348,-0.002034478932348535,time,0,6,0.004,0.0018,-0.00039184952978056425
APARINDS,1,100,101,107,0.0029011381388082125,0.0015381381388082124,time,6,3,0.004,0.0018,0.0
APARINDS,1,136,137,139,-0.0018,-0.003163,stop,7,2,0.004,0.0018,0.0
APARINDS,-1,169,170,176,0.0005577867023650596,-0.0008052132976349405,time,1,8,0.004,0.0018,-0.0002789711543826368
APARINDS,-1,253,254,260,0.0007821666014861117,-0.0005808333985138883,time,1,8,0.004,0.0018,-0.0002794232703699564
APARINDS,-1,305,306,312,-0.0008992805755396738,-0.002262280575539674,time,0,7,0.004,0.0018,-0.0005061013327335095
APARINDS,-1,326,327,333,-0.0010685563241661367,-0.0024315563241661367,time,0,7,0.004,0.0018,0.00044971611670133226
APARINDS,-1,346,347,348,0.004,0.002637,target,0,7,0.004,0.0018,-0.0
APLAPOLLO,-1,26,27,33,0.00045701750377036277,-0.0009059824962296373,time,0,7,0.004,0.0018,4.5699661822460954e-05
APLAPOLLO,1,59,60,66,-0.00018211619012931113,-0.0015451161901293112,time,8,1,0.004,0.0018,0.000637813211845144
APLAPOLLO,-1,77,78,84,-0.0015542146644724752,-0.0029172146644724753,time,0,7,0.004,0.0018,0.00018281535648998672
APLAPOLLO,1,101,102,108,0.00027364772416316185,-0.0010893522758368382,time,6,0,0.004,0.0018,-4.5605874036534434e-05
APLAPOLLO,1,120,121,127,0.0010024605850724733,-0.0003605394149275268,time,6,0,0.004,0.0018,-0.0004554563672800146
APLAPOLLO,1,157,158,164,-0.0018,-0.003163,stop,7,1,0.004,0.0018,-0.0003636694244932184
APLAPOLLO,1,174,175,181,0.004,0.002637,target,6,2,0.004,0.0018,0.0
APLAPOLLO,1,269,270,276,0.0008194855451855165,-0.0005435144548144835,time,6,0,0.004,0.0018,-0.0007279013693644098
APLAPOLLO,1,285,286,291,0.004,0.002637,target,8,1,0.004,0.0018,-0.0006353816828538127
APLAPOLLO,1,300,301,307,0.00036150022593761655,-0.0010014997740623835,time,7,1,0.004,0.0018,-0.00013554421000324488
APLAPOLLO,1,310,311,315,-0.0018,-0.003163,stop,6,0,0.004,0.0018,-0.0006765899864682003
APOLLOHOSP,-1,38,39,43,0.004,0.002637,target,0,7,0.004,0.0018,-0.00016895697229105653
APOLLOHOSP,-1,71,72,78,-0.0007897111913357513,-0.0021527111913357514,time,1,6,0.004,0.0018,-0.0
APOLLOHOSP,1,111,112,118,0.002251238180999593,0.0008882381809995929,time,7,0,0.004,0.0018,0.0
APOLLOHOSP,1,127,128,131,-0.0018,-0.003163,stop,6,0,0.004,0.0018,0.0
APOLLOHOSP,-1,166,167,173,0.0005070708208912977,-0.0008559291791087023,time,0,7,0.004,0.0018,-0.0003381615284901088
APOLLOHOSP,1,176,177,183,-0.0005065571002420555,-0.0018695571002420555,time,6,3,0.004,0.0018,-0.00011255557431481795
APOLLOHOSP,-1,211,212,218,0.00022573363431155347,-0.0011372663656884466,time,0,7,0.004,0.0018,-0.00011287955751213455
APOLLOHOSP,-1,241,242,248,-0.0,-0.001363,time,0,7,0.004,0.0018,-5.659309564233164e-05
APOLLOHOSP,-1,253,254,260,-0.001019137130562786,-0.002382137130562786,time,1,7,0.004,0.0018,-0.00011325028312570782
APOLLOHOSP,1,281,282,288,0.0029284225939065767,0.0015654225939065766,time,7,0,0.004,0.0018,5.6318990763685515e-05
APOLLOHOSP,1,317,318,324,-0.00016845415239485906,-0.0015314541523948591,time,7,0,0.004,0.0018,0.0
APOLLOHOSP,1,337,338,344,-0.0011793115067108006,-0.0025423115067108007,time,6,0,0.004,0.0018,0.0
APOLLOHOSP,-1,347,348,354,0.00033789491468150246,-0.0010251050853184976,time,0,7,0.004,0.0018,-0.0
APOLLOTYRE,-1,25,26,32,0.001634397787276809,0.0002713977872768089,time,0,6,0.004,0.0018,-0.0
APOLLOTYRE,-1,63,64,70,-0.0001259604484191712,-0.0014889604484191713,time,1,7,0.004,0.0018,-0.000504095778197829
APOLLOTYRE,-1,77,78,84,0.0001260716086737279,-0.0012369283913262722,time,1,6,0.004,0.0018,-0.0002522068095839161
APOLLOTYRE,-1,92,93,99,-0.0007571933366987693,-0.0021201933366987694,time,0,6,0.004,0.0018,-0.0
APOLLOTYRE,1,175,176,182,-0.001134072580645129,-0.002497072580645129,time,6,3,0.004,0.0018,0.000504286434694878
APOLLOTYRE,1,316,317,323,0.0,-0.001363,time,8,1,0.004,0.0018,0.0002503755633450745
APOLLOTYRE,1,349,350,356,0.0004999375078114099,-0.0008630624921885902,time,6,2,0.004,0.0018,0.0
ASHOKLEY,1,49,50,56,0.0016460905349795496,0.00028309053497954954,time,6,0,0.004,0.0018,0.0
ASHOKLEY,-1,69,70,76,-0.0005072601610549565,-0.0018702601610549566,time,1,6,0.004,0.0018,-0.00019025875190259472
ASHOKLEY,1,83,84,90,-0.0008871989860583795,-0.0022501989860583796,time,6,2,0.004,0.0018,0.0
ASHOKLEY,1,107,108,114,0.0007591093117407244,-0.0006038906882592757,time,7,0,0.004,0.0018,-0.00031619553531893346
ASHOKLEY,1,176,177,183,-0.00031635558367615335,-0.0016793555836761534,time,7,0,0.004,0.0018,-0.0003162555344717454
ASHOKLEY,1,195,196,202,-0.0008841732979665284,-0.0022471732979665285,time,8,1,0.004,0.0018,6.315922440466686e-05
ASHOKLEY,1,224,225,231,-6.31991404915766e-05,-0.0014261991404915767,time,6,0,0.004,0.0018,0.0
ASHOKLEY,1,236,237,237,-0.0018,-0.003163,stop,7,0,0.004,0.0018,0.0005048911328495583
ASHOKLEY,1,271,272,276,-0.0018,-0.003163,stop,6,0,0.004,0.0018,0.0
ASHOKLEY,1,280,281,287,0.0006319115323853985,-0.0007310884676146015,time,6,0,0.004,0.0018,0.0
ASHOKLEY,1,311,312,317,-0.0018,-0.003163,stop,8,1,0.004,0.0018,0.0
ASHOKLEY,-1,334,335,341,0.0003146831141039863,-0.0010483168858960138,time,1,6,0.004,0.0018,-0.00018884552436090088
ASHOKLEY,1,349,350,356,-0.0008177129198640998,-0.0021807129198641,time,6,0,0.004,0.0018,-6.289703754965297e-05
ASIANPAINT,1,47,48,54,0.0004116920543433267,-0.0009513079456566734,time,7,0,0.004,0.0018,0.0
ASIANPAINT,1,66,67,73,-0.0006588157786379112,-0.0020218157786379112,time,6,0,0.004,0.0018,0.0
ASIANPAINT,-1,85,86,92,0.0008257297386565776,-0.0005372702613434224,time,2,7,0.004,0.0018,-0.00016517322542019695
ASIANPAINT,1,110,111,117,0.0014414562826901012,7.845628269010111e-05,time,7,1,0.004,0.0018,-0.0004528239749711465
ASIANPAINT,1,174,175,181,-0.00016475143127814285,-0.001527751431278143,time,7,1,0.004,0.0018,-4.118616144971542e-05
ASIANPAINT,1,190,191,197,0.00024691358024697685,-0.0011160864197530232,time,6,0,0.004,0.0018,0.0
ASIANPAINT,-1,208,209,215,0.00016491445062882804,-0.001198085549371172,time,1,6,0.004,0.0018,-0.0
ASIANPAINT,1,236,237,243,-0.0010699588477366406,-0.0024329588477366407,time,6,1,0.004,0.0018,0.00028814884946273334
ASIANPAINT,1,285,286,292,0.0019305019305020377,0.0005675019305020376,time,7,1,0.004,0.0018,0.0002465078060804885
ASIANPAINT,1,351,352,358,0.0020877681349271704,0.0007247681349271703,time,8,1,0.004,0.0018,0.0004095339503644852
ASTRAL,-1,27,28,34,-0.0005035971223021907,-0.0018665971223021907,time,0,6,0.004,0.0018,-0.0
ASTRAL,1,57,58,64,-0.0005740940078937662,-0.0019370940078937663,time,6,1,0.004,0.0018,-0.000502080045904494
ASTRAL,-1,90,91,97,-7.184424168404924e-05,-0.0014348442416840493,time,0,6,0.004,0.0018,-0.0003593502946672416
ASTRAL,1,105,106,112,0.0003584743332376572,-0.0010045256667623429,time,6,0,0.004,0.0018,0.0
ASTRAL,-1,130,131,137,-0.0018,-0.003163,stop,0,6,0.004,0.0018,-0.0005031627372053231
ASTRAL,1,147,148,154,-0.0002149767108562406,-0.0015779767108562407,time,6,0,0.004,0.0018,0.0004301383611727787
ASTRAL,-1,163,164,170,-0.0006463659867852467,-0.0020093659867852468,time,0,7,0.004,0.0018,-0.0002873563218391458
ASTRAL,-1,198,199,205,-0.00035924701824985306,-0.0017222470182498531,time,0,7,0.004,0.0018,-0.0005751258087706359
ASTRAL,-1,211,212,218,-0.0001437504492201036,-0.0015067504492201037,time,0,6,0.004,0.0018,-0.00021567217828896804
ASTRAL,-1,220,221,227,0.0008630609896432828,-0.0004999390103567172,time,0,6,0.004,0.0018,-0.0002877697841727273
ASTRAL,1,290,291,297,-0.000646551724137967,-0.002009551724137967,time,7,1,0.004,0.0018,-0.00021547080370606518
ASTRAL,1,318,319,325,-0.0008601533940217898,-0.00222315339402179,time,7,0,0.004,0.0018,0.0
ASTRAL,1,337,338,344,0.0007166917508778514,-0.0006463082491221486,time,6,0,0.004,0.0018,-0.00014331780723758186
ASTRAL,1,357,358,364,0.0013601546281050148,-2.845371894985311e-06,time,8,1,0.004,0.0018,-0.0007868383404863441
ATGL,-1,35,36,40,-0.0018,-0.003163,stop,1,8,0.004,0.0018,-0.0
ATGL,1,48,49,55,0.004,0.002637,target,7,0,0.004,0.0018,8.204791598304597e-05
ATGL,-1,94,95,101,-0.001229407425620943,-0.002592407425620943,time,1,8,0.004,0.0018,-0.0005740528128586338
ATGL,1,109,110,116,0.001879545640271374,0.0005165456402713739,time,7,0,0.004,0.0018,0.0
ATGL,1,121,122,122,-0.0018,-0.003163,stop,7,0,0.004,0.0018,0.0
ATGL,-1,163,164,170,-0.0017230062356416997,-0.0030860062356417,time,1,8,0.004,0.0018,-0.00016412276382738017
ATGL,-1,200,201,207,0.0010667104291457452,-0.00029628957085425485,time,1,6,0.004,0.0018,-0.00024622455679576045
ATGL,1,254,255,261,-0.00016424406668313907,-0.0015272440666831391,time,7,2,0.004,0.0018,-8.211528986689855e-05
ATGL,-1,275,276,282,-0.0004930966469429698,-0.00185609664694297,time,2,7,0.004,0.0018,-8.218952905392377e-05
ATGL,1,286,287,290,0.004,0.002637,target,6,1,0.004,0.0018,-8.195377806928079e-05
ATGL,1,310,311,317,-0.0008169934640522847,-0.0021799934640522847,time,8,1,0.004,0.0018,0.0004904364884746682
ATGL,1,318,319,325,0.0001633586539246945,-0.0011996413460753056,time,7,1,0.004,0.0018,-8.167265599488436e-05
ATGL,-1,334,335,341,-0.0003281109014847683,-0.0016911109014847684,time,0,7,0.004,0.0018,-0.0004924086992202782
ATGL,1,356,357,363,-0.0005721291377196458,-0.0019351291377196459,time,7,0,0.004,0.0018,0.0
AUBANK,-1,28,29,31,-0.0018,-0.003163,stop,1,6,0.004,0.0018,9.936406995232784e-05
AUBANK,1,53,54,60,-0.00029682398337793625,-0.0016598239833779363,time,6,0,0.004,0.0018,0.0
AUBANK,-1,79,80,86,0.0002976781107362214,-0.0010653218892637786,time,0,7,0.004,0.0018,-0.0005957108816520145
AUBANK,1,135,136,142,-0.000494755590738194,-0.001857755590738194,time,6,1,0.004,0.0018,0.0005940594059406166
AUBANK,1,147,148,154,-0.0010853478046374265,-0.0024483478046374266,time,6,0,0.004,0.0018,9.867771857116907e-05
AUBANK,-1,201,202,208,-0.0009899029895070743,-0.0023529029895070744,time,2,6,0.004,0.0018,-9.90000990001215e-05
AUBANK,1,227,228,234,-0.0006909485736847909,-0.002053948573684791,time,7,0,0.004,0.0018,9.871668311946964e-05
AUBANK,-1,253,254,260,-0.0006927949327000249,-0.002055794932700025,time,1,6,0.004,0.0018,-0.00019798059790133814
AUBANK,1,281,282,288,0.0023636005515068614,0.0010006005515068614,time,8,1,0.004,0.0018,0.0003940886699507165
AUBANK,-1,353,354,357,-0.0018,-0.003163,stop,1,6,0.004,0.0018,-0.0
AUROPHARMA,1,47,48,54,-0.0004638487852959283,-0.0018268487852959284,time,7,0,0.004,0.0018,0.0002319781940498121
AUROPHARMA,-1,79,80,86,0.0010486454995630723,-0.00031435450043692777,time,1,8,0.004,0.0018,0.00017474370922644137
AUROPHARMA,1,96,97,103,0.0005817335660267542,-0.0007812664339732459,time,6,1,0.004,0.0018,-0.00023263929277660285
AUROPHARMA,1,107,108,114,5.807538184554595e-05,-0.0013049246181544541,time,6,0,0.004,0.0018,-5.807200929146867e-05
AUROPHARMA,-1,170,171,174,0.004,0.002637,target,0,6,0.004,0.0018,-0.0004076166074652335
AUROPHARMA,-1,211,212,218,0.0014073770011140407,4.4377001114040675e-05,time,0,7,0.004,0.0018,0.00035172049944318914
AUROPHARMA,1,286,287,293,0.0012870765810566454,-7.592341894335471e-05,time,6,1,0.004,0.0018,-0.00011699327288683562
AUROPHARMA,1,296,297,303,0.004,0.002637,target,7,0,0.004,0.0018,-0.0003501809268122659
AUROPHARMA,-1,326,327,333,-5.83634878019712e-05,-0.0014213634878019713,time,1,6,0.004,0.0018,-0.00017512112544520572
AUROPHARMA,-1,342,343,348,-0.0018,-0.003163,stop,1,6,0.004,0.0018,-0.0
AUROPHARMA,1,351,352,353,-0.0018,-0.003163,stop,6,0,0.004,0.0018,0.0
AWL,-1,26,27,33,0.0036552100381888053,0.0022922100381888052,time,0,6,0.004,0.0018,-0.000491239561159344
AWL,-1,34,35,41,-0.0,-0.001363,time,0,7,0.004,0.0018,0.0004935022207600121
AWL,1,47,48,54,0.00043756495104729787,-0.0009254350489527022,time,7,2,0.004,0.0018,-5.469262743377218e-05
AWL,1,66,67,69,-0.0018,-0.003163,stop,7,0,0.004,0.0018,0.00010923589491512498
AWL,-1,79,80,86,-0.0008775778850371729,-0.002240577885037173,time,0,7,0.004,0.0018,0.0004385964912281387
AWL,-1,91,92,98,-0.0008781076779540431,-0.002241107677954043,time,1,8,0.004,0.0018,-0.0
AWL,1,157,158,160,-0.0018,-0.003163,stop,7,0,0.004,0.0018,-5.418292154308033e-05
AWL,1,227,228,232,-0.0018,-0.003163,stop,8,1,0.004,0.0018,0.0009766154847811123
AWL,1,236,237,243,-0.00043398068785949206,-0.0017969806878594921,time,6,0,0.004,0.0018,0.0
AWL,1,246,247,253,-0.0008119079837618504,-0.0021749079837618504,time,7,0,0.004,0.0018,-0.00016235523325035793
AWL,1,288,289,295,0.0,-0.001363,time,7,2,0.004,0.0018,0.00043320517680193056
AWL,-1,327,328,334,-0.0009217089568425152,-0.0022847089568425153,time,1,6,0.004,0.0018,-0.0007596310363536969
AWL,1,349,350,354,-0.0018,-0.003163,stop,6,2,0.004,0.0018,0.0005410377103283791
AXISBANK,1,40,41,44,0.004,0.002637,target,6,0,0.004,0.0018,0.0
AXISBANK,1,48,49,55,0.003071814030718212,0.0017088140307182117,time,7,0,0.004,0.0018,0.0004152823920265781
AXISBANK,-1,65,66,72,0.0018273943018523031,0.00046439430185230305,time,3,6,0.004,0.0018,-0.00033236393851274697
AXISBANK,1,107,108,114,0.0014075178009604894,4.4517800960489334e-05,time,7,0,0.004,0.0018,0.00024844720496890643
AXISBANK,-1,141,142,148,-0.0011608623548922115,-0.0025238623548922115,time,2,7,0.004,0.0018,-0.0
AXISBANK,1,225,226,232,0.0004954992154595494,-0.0008675007845404506,time,6,0,0.004,0.0018,0.0
AXISBANK,1,251,252,258,-0.0008244023083264773,-0.0021874023083264774,time,8,1,0.004,0.0018,-8.243343500116153e-05
AXISBANK,1,284,285,288,0.004,0.002637,target,6,0,0.004,0.0018,0.0
AXISBANK,1,315,316,322,8.170602173374064e-05,-0.0012812939782662594,time,6,0,0.004,0.0018,0.000163438751327977
AXISBANK,-1,328,329,335,0.00016386726751338454,-0.0011991327324866155,time,2,6,0.004,0.0018,-8.194034742699857e-05
BAJAJ-AUTO,-1,30,31,37,0.002929167406355404,0.001566167406355404,time,0,7,0.004,0.0018,-0.0003551767004084532
BAJAJ-AUTO,1,44,45,51,0.001952604952516257,0.0005896049525162569,time,6,3,0.004,0.0018,0.0
BAJAJ-AUTO,-1,73,74,80,0.001862858156657543,0.000499858156657543,time,1,7,0.004,0.0018,-0.0
BAJAJ-AUTO,-1,81,82,88,-0.0,-0.001363,time,0,6,0.004,0.0018,-0.00044448395412925593
BAJAJ-AUTO,-1,169,170,176,0.002133712660028486,0.0007707126600284861,time,1,8,0.004,0.0018,-0.00026678523788350376
BAJAJ-AUTO,1,194,195,200,-0.0018,-0.003163,stop,7,0,0.004,0.0018,0.0
BAJAJ-AUTO,-1,213,214,220,0.0006228312127413149,-0.0007401687872586851,time,1,7,0.004,0.0018,-0.00035603026257231867
BAJAJ-AUTO,1,269,270,276,0.0001776514478593061,-0.001185348552140694,time,6,1,0.004,0.0018,0.0
BAJAJ-AUTO,1,285,286,292,0.001683800070896746,0.00032080007089674593,time,6,0,0.004,0.0018,8.862891075068687e-05
BAJAJ-AUTO,1,303,304,310,-8.848774444736307e-05,-0.0014514877444473631,time,6,0,0.004,0.0018,-8.847991505928154e-05
BAJAJFINSV,-1,37,38,44,-0.0015929908403027326,-0.0029559908403027327,time,0,6,0.004,0.0018,-0.0
BAJAJFINSV,1,120,121,124,-0.0018,-0.003163,stop,7,0,0.004,0.0018,0.00016952025767076595
BAJAJFINSV,-1,130,131,137,-0.0007935608207685352,-0.0021565608207685352,time,2,7,0.004,0.0018,-5.6686128904334464e-05
BAJAJFINSV,1,236,237,243,-0.0003961068356722608,-0.0017591068356722609,time,6,2,0.004,0.0018,0.00039626379847157965
BAJAJFINSV,1,285,286,286,-0.0018,-0.003163,stop,8,1,0.004,0.0018,0.0001695585824902247
BAJAJFINSV,1,297,298,304,-0.00028229448961158976,-0.0016452944896115898,time,7,0,0.004,0.0018,-0.00011290504685562011
BAJAJFINSV,-1,340,341,347,-0.00022652622040997272,-0.0015895262204099728,time,1,6,0.004,0.0018,0.0003396739130435555
BAJAJFINSV,1,351,352,358,0.0006218553903556412,-0.0007411446096443589,time,6,1,0.004,0.0018,-5.652911249288245e-05
BAJAJHLDNG,-1,27,28,30,-0.0018,-0.003163,stop,0,7,0.004,0.0018,-0.000185459940652819
BAJAJHLDNG,-1,38,39,45,0.0022269648325137226,0.0008639648325137225,time,1,6,0.004,0.0018,-0.000742873061565605
BAJAJHLDNG,1,51,52,55,0.004,0.002637,target,6,2,0.004,0.0018,0.0009248127254231018
BAJAJHLDNG,-1,77,78,84,-0.00037019898195289613,-0.0017331989819528962,time,0,7,0.004,0.0018,-0.0
BAJAJHLDNG,-1,93,94,100,-0.00037085110328205495,-0.001733851103282055,time,1,6,0.004,0.0018,9.270418095856123e-05
BAJAJHLDNG,1,107,108,114,0.0005542213190468104,-0.0008087786809531897,time,6,3,0.004,0.0018,0.0006470098900083187
BAJAJHLDNG,-1,146,147,147,-0.0018,-0.003163,stop,0,7,0.004,0.0018,0.00018511662347278786
BAJAJHLDNG,1,272,273,279,0.00046057479734717965,-0.0009024252026528204,time,6,0,0.004,0.0018,-0.0002762685330140897
BAJAJHLDNG,1,281,282,288,0.004,0.002637,target,6,0,0.004,0.0018,0.0
BAJAJHLDNG,1,355,356,359,-0.0018,-0.003163,stop,6,2,0.004,0.0018,-9.175995595522114e-05
BAJFINANCE,-1,34,35,41,0.0008107012565868876,-0.0005522987434131124,time,1,6,0.004,0.0018,-0.0
BAJFINANCE,-1,69,70,76,-0.0008119354511317844,-0.0021749354511317845,time,1,8,0.004,0.0018,-0.00010150223304903476
BAJFINANCE,-1,78,79,85,0.0003043522369889917,-0.0010586477630110083,time,0,6,0.004,0.0018,-0.00030444489547398843
BAJFINANCE,1,107,108,114,-0.000608025942440138,-0.001971025942440138,time,6,0,0.004,0.0018,0.0
BAJFINANCE,-1,132,133,136,-0.0018,-0.003163,stop,0,7,0.004,0.0018,-0.0001015950421619656
BAJFINANCE,1,152,153,159,0.0003041054232133522,-0.0010588945767866479,time,6,0,0.004,0.0018,0.0
BAJFINANCE,-1,162,163,169,0.00010149193139141754,-0.0012615080686085825,time,0,6,0.004,0.0018,-0.0
BAJFINANCE,1,178,179,185,-0.00040551500405516805,-0.0017685150040551681,time,6,2,0.004,0.0018,0.00010138902970700876
BAJFINANCE,-1,201,202,208,0.0007108764090586472,-0.0006521235909413528,time,0,6,0.004,0.0018,-0.0
BAJFINANCE,1,283,284,288,0.004,0.002637,target,7,0,0.004,0.0018,0.0003037974683543843
BAJFINANCE,1,322,323,329,0.0005033725963958791,-0.000859627403604121,time,7,0,0.004,0.0018,0.00010068465565838608
BAJFINANCE,1,337,338,344,0.0005025630716655183,-0.0008604369283344818,time,6,0,0.004,0.0018,-0.00010050251256283692
BAJFINANCE,1,357,358,364,0.0010040160642570406,-0.00035898393574295947,time,7,1,0.004,0.0018,0.0
BALKRISIND,-1,28,29,35,-0.0013438368860057004,-0.0027068368860057005,time,0,6,0.004,0.0018,-0.0
BALKRISIND,-1,38,39,45,-0.00018552875695743154,-0.0015485287569574316,time,0,6,0.004,0.0018,-0.0
BALKRISIND,-1,69,70,76,0.0007415647015202032,-0.0006214352984797969,time,0,7,0.004,0.0018,-0.0007421150278292713
BALKRISIND,-1,79,80,85,-0.0018,-0.003163,stop,0,7,0.004,0.0018,-0.0
BALKRISIND,1,107,108,114,0.0012473436200683974,-0.00011565637993160268,time,7,0,0.004,0.0018,0.0
BALKRISIND,1,116,117,121,-0.0018,-0.003163,stop,7,0,0.004,0.0018,0.0
BALKRISIND,1,178,179,185,-0.00013841469041253607,-0.0015014146904125361,time,6,0,0.004,0.0018,0.0
BALKRISIND,1,195,196,202,0.00032281866814232174,-0.0010401813318576783,time,6,1,0.004,0.0018,4.611907946313197e-05
BALKRISIND,1,224,225,231,-0.00023043598488337036,-0.0015934359848833704,time,6,0,0.004,0.0018,-0.0004606596646397641
BALKRISIND,1,271,272,278,0.00023025558369793586,-0.0011327444163020642,time,7,1,0.004,0.0018,0.0003224617652477511
BALKRISIND,1,286,287,293,0.002252459317826583,0.0008894593178265828,time,6,1,0.004,0.0018,0.0
BALKRISIND,1,302,303,309,-0.0018,-0.003163,stop,6,1,0.004,0.0018,-0.00041239002932555484
BALKRISIND,1,323,324,325,-0.0018,-0.003163,stop,8,1,0.004,0.0018,0.0004109589041096306
BALKRISIND,1,349,350,356,0.0001832844574780612,-0.0011797155425219388,time,6,0,0.004,0.0018,-0.00018325087044167624
BALKRISIND,1,361,362,365,-0.0018,-0.003163,stop,7,0,0.004,0.0018,0.0
BANKBARODA,-1,37,38,44,-0.001320328804463644,-0.002683328804463644,time,0,6,0.004,0.0018,4.258943781950309e-05
BANKBARODA,1,53,54,60,0.0006372132540357622,-0.0007257867459642378,time,7,0,0.004,0.0018,0.0
BANKBARODA,1,83,84,90,-0.0007213782568106231,-0.002084378256810623,time,6,1,0.004,0.0018,-0.0003817603393425383
BANKBARODA,-1,146,147,153,-0.0008517887563883608,-0.002214788756388361,time,0,7,0.004,0.0018,0.00021290185224604193
BANKBARODA,-1,166,167,173,4.258762403641647e-05,-0.0013204123759635836,time,1,6,0.004,0.0018,-0.0
BANKBARODA,-1,243,244,250,-0.00017035775127771657,-0.0015333577512777166,time,1,7,0.004,0.0018,-0.0
BANKBARODA,1,281,282,288,0.003236935133523744,0.001873935133523744,time,6,1,0.004,0.0018,0.0
BANKBARODA,1,302,303,309,-0.0002550695064404973,-0.0016180695064404974,time,7,0,0.004,0.0018,0.0
BANKBARODA,1,358,359,359,-0.0018,-0.003163,stop,6,0,0.004,0.0018,-4.250435669664354e-05
BANKINDIA,-1,37,38,44,-0.00043591979075841003,-0.00179891979075841,time,2,7,0.004,0.0018,7.26480203415861e-05
BANKINDIA,1,53,54,60,0.0,-0.001363,time,7,0,0.004,0.0018,0.00021723388848661216
BANKINDIA,-1,79,80,86,-0.00043572984749462584,-0.001798729847494626,time,0,7,0.004,0.0018,7.261636772942652e-05
BANKINDIA,1,112,113,119,-0.00043494019572309917,-0.0017979401957230992,time,6,1,0.004,0.0018,-0.0002174228149007185
BANKINDIA,-1,200,201,207,0.0005821145310340725,-0.0007808854689659275,time,1,7,0.004,0.0018,-0.00021834061135372006
BANKINDIA,-1,238,239,245,-0.0006555466530702159,-0.002018546653070216,time,0,6,0.004,0.0018,-0.0005101297186998482
BANKINDIA,1,280,281,287,0.0018189755529685048,0.0004559755529685047,time,7,2,0.004,0.0018,0.00021832472163598818
BANKINDIA,1,288,289,293,-0.0018,-0.003163,stop,6,1,0.004,0.0018,-0.0005803409503081907
BANKINDIA,-1,354,355,359,-0.0018,-0.003163,stop,0,7,0.004,0.0018,7.279609812907407e-05
BDL,-1,73,74,80,0.0014696982795885383,0.00010669827958853821,time,1,8,0.004,0.0018,-0.0004324511330219685
BDL,-1,86,87,93,0.00026057500217147034,-0.0011024249978285297,time,0,7,0.004,0.0018,0.0002605071205279216
BDL,-1,133,134,140,-0.00026118753264858796,-0.001624187532648588,time,0,7,0.004,0.0018,0.0006960153123370296
BDL,-1,185,186,192,8.715356458088852e-05,-0.0012758464354191115,time,0,7,0.004,0.0018,-0.00017433751743379137
BDL,-1,211,212,218,0.0005237430167597257,-0.0008392569832402744,time,1,7,0.004,0.0018,-8.729812309027416e-05
BDL,-1,291,292,298,0.0001749475157453162,-0.0011880524842546839,time,2,6,0.004,0.0018,-0.0
BDL,-1,333,334,340,0.0008764241893076674,-0.00048657581069233265,time,0,6,0.004,0.0018,-0.0
BEL,-1,27,28,34,0.002035882427789848,0.0006728824277898479,time,0,6,0.004,0.0018,-0.00012725884448972098
BEL,-1,37,38,44,-0.0018,-0.003163,stop,1,6,0.004,0.0018,-0.0001275998468800677
BEL,1,49,50,56,-0.0002541942043720047,-0.0016171942043720047,time,7,0,0.004,0.0018,0.0
BEL,-1,73,74,80,0.0014014524143203255,3.845241432032546e-05,time,1,6,0.004,0.0018,-0.000127420998980661
BEL,-1,91,92,98,0.00038348459670201063,-0.0009795154032979894,time,0,7,0.004,0.0018,-0.0
BEL,1,174,175,181,-0.0001276976120546669,-0.001490697612054667,time,7,2,0.004,0.0018,0.0
BEL,-1,187,188,194,0.0006393044367727363,-0.0007236955632272638,time,2,7,0.004,0.0018,0.00012784454103812674
BEL,-1,200,201,207,0.0015359017022910093,0.00017290170229100925,time,0,7,0.004,0.0018,-0.0005122294788064762
BEL,-1,214,215,221,-0.0,-0.001363,time,0,7,0.004,0.0018,-0.0002566076469079362
BEL,-1,240,241,247,0.00025693730729692277,-0.0011060626927030773,time,0,7,0.004,0.0018,-0.0
BEL,-1,249,250,255,-0.0018,-0.003163,stop,2,6,0.004,0.0018,-0.0001286339078981512
BEL,1,286,287,288,0.004,0.002637,target,6,1,0.004,0.0018,0.00012792631444276455
BEL,1,324,325,326,-0.0018,-0.003163,stop,7,1,0.004,0.0018,0.000382214294814713
BEL,1,337,338,344,0.0014019882742799528,3.89882742799527e-05,time,6,0,0.004,0.0018,0.0
BERGEPAINT,1,53,54,60,0.00043883708173342306,-0.000924162918266577,time,7,0,0.004,0.0018,-0.00021937040693215473
BERGEPAINT,-1,93,94,100,-0.0005497526113249496,-0.0019127526113249496,time,2,6,0.004,0.0018,0.00021985269869192643
BERGEPAINT,1,107,108,114,0.0006581112207961759,-0.0007048887792038242,time,6,1,0.004,0.0018,0.00032916392363404457
BERGEPAINT,1,122,123,129,-0.0017513134851138146,-0.0031143134851138146,time,7,1,0.004,0.0018,0.0
BERGEPAINT,-1,163,164,170,-0.0003301056338029795,-0.0016931056338029796,time,0,6,0.004,0.0018,-0.0
BERGEPAINT,-1,208,209,215,0.00010986596352458022,-0.0012531340364754198,time,0,6,0.004,0.0018,-0.0
BERGEPAINT,1,288,289,295,-0.0006565988181220783,-0.0020195988181220784,time,7,2,0.004,0.0018,0.00010944511327559269
BERGEPAINT,1,303,304,310,-0.0013129102844638973,-0.0026759102844638974,time,8,1,0.004,0.0018,-0.0007652782333005853
BERGEPAINT,1,338,339,345,0.002296085720533636,0.000933085720533636,time,8,1,0.004,0.0018,-0.00043715846994533036
BHARATFORG,-1,28,29,35,0.0016022431403965864,0.00023924314039658638,time,0,6,0.004,0.0018,0.0002502878310056565
BHARATFORG,1,52,53,59,0.0008035355564484092,-0.0005594644435515908,time,6,3,0.004,0.0018,-0.0003012350637613762
BHARATFORG,-1,93,94,99,-0.0018,-0.003163,stop,0,7,0.004,0.0018,-0.00010067451927919334
BHARATFORG,-1,118,119,125,-0.0018,-0.003163,stop,0,7,0.004,0.0018,-5.0299280720354325e-05
BHARATFORG,-1,131,132,136,-0.0018,-0.003163,stop,0,7,0.004,0.0018,0.0002517876926175849
BHARATFORG,1,196,197,199,-0.0018,-0.003163,stop,7,0,0.004,0.0018,0.0
BHARATFORG,1,204,205,211,-0.0012532584720272855,-0.0026162584720272855,time,7,1,0.004,0.0018,-0.00030069159065858293
BHARATFORG,-1,214,215,221,-0.0008043434546551875,-0.0021673434546551876,time,0,6,0.004,0.0018,0.0002512941649494899
BHARATFORG,1,225,226,226,-0.0018,-0.003163,stop,6,0,0.004,0.0018,-0.00010030593309596543
BHARATFORG,-1,242,243,249,-0.000855475040257625,-0.002218475040257625,time,0,6,0.004,0.0018,-0.0
BHARATFORG,1,254,255,261,-0.0007536930961712374,-0.0021166930961712374,time,6,2,0.004,0.0018,-0.00030138637733569877
BHARATFORG,1,284,285,288,0.004,0.002637,target,7,0,0.004,0.0018,-0.0002504759042180142
BHARATFORG,1,289,290,292,-0.0018,-0.003163,stop,6,0,0.004,0.0018,0.0002991623454328562
BHARATFORG,1,311,312,318,0.0007976071784645544,-0.0005653928215354456,time,6,0,0.004,0.0018,-0.00019936204146734995
BHARATFORG,-1,327,328,334,0.0008495327569835176,-0.0005134672430164825,time,1,6,0.004,0.0018,0.0002997452165659871
BHARATFORG,1,339,340,346,0.0007000350017500878,-0.0006629649982499122,time,6,2,0.004,0.0018,-0.0002499500099980004
BHARTIARTL,1,32,33,39,-0.0005558643690939391,-0.0019188643690939392,time,6,0,0.004,0.0018,-0.0006110771623798173
BHARTIARTL,-1,79,80,86,0.0006682258603407654,-0.0006947741396592347,time,0,6,0.004,0.0018,-5.5688589407979644e-05
BHARTIARTL,1,110,111,117,-0.0004449140759690273,-0.0018079140759690274,time,6,0,0.004,0.0018,-0.0002779939953297009
BHARTIARTL,-1,118,119,125,-0.00027842744180861523,-0.0016414274418086153,time,1,7,0.004,0.0018,-5.5688589407979644e-05
BHARTIARTL,-1,164,165,171,-0.0002788622420524245,-0.0016418622420524246,time,0,7,0.004,0.0018,0.00011153245594470527
BHARTIARTL,-1,219,220,226,-0.00011178180192272791,-0.001474781801922728,time,1,7,0.004,0.0018,5.588777734304424e-05
BHARTIARTL,1,284,285,291,0.0012286384452138144,-0.00013436155478618568,time,7,2,0.004,0.0018,0.0
BHARTIARTL,-1,328,329,335,0.0010610968390483144,-0.00030190316095168564,time,1,7,0.004,0.0018,-0.0
BHARTIARTL,-1,342,343,349,0.0005596910505401009,-0.0008033089494598991,time,1,7,0.004,0.0018,5.596597268855443e-05
BHEL,-1,27,28,34,0.0033589251439539725,0.0019959251439539724,time,0,7,0.004,0.0018,-0.0
BHEL,-1,35,36,42,0.00024108003857281624,-0.0011219199614271838,time,1,8,0.004,0.0018,-0.0
BHEL,-1,77,78,84,-0.00012062726176109706,-0.0014836272617610971,time,1,7,0.004,0.0018,-0.0
BHEL,-1,133,134,140,-0.0013289839313759266,-0.0026919839313759267,time,1,8,0.004,0.0018,-0.0
BHEL,1,144,145,148,-0.0018,-0.003163,stop,7,2,0.004,0.0018,-0.00036114120621171084
BHEL,-1,185,186,192,-0.0007256894049347817,-0.002088689404934782,time,1,8,0.004,0.0018,-0.0
BHEL,-1,219,220,226,-0.0009702850212249814,-0.0023332850212249815,time,1,8,0.004,0.0018,-0.0
BHEL,-1,229,230,236,-0.0010921004732435957,-0.0024551004732435958,time,0,6,0.004,0.0018,-0.0
BHEL,1,252,253,259,0.0016949152542371504,0.00033191525423715033,time,7,2,0.004,0.0018,-0.00012105072025181301
BHEL,1,271,272,275,0.004,0.002637,target,6,1,0.004,0.0018,-0.0001207875347264437
BHEL,1,283,284,289,0.004,0.002637,target,7,1,0.004,0.0018,-0.00036075036075044277
BHEL,1,310,311,317,0.004,0.002637,target,6,0,0.004,0.0018,-0.00023989444644361937
BHEL,1,318,319,325,0.0003572704537333493,-0.0010057295462666507,time,8,1,0.004,0.0018,0.00011910433539783555
BIOCON,-1,25,26,32,0.0034965034965035446,0.0021335034965035446,time,0,6,0.004,0.0018,-0.0
BIOCON,-1,36,37,43,0.0015598596126348285,0.00019685961263482847,time,0,7,0.004,0.0018,-0.00039011703511047404
BIOCON,-1,74,75,81,0.001952362358453752,0.0005893623584537519,time,0,6,0.004,0.0018,-0.0
BIOCON,-1,129,130,136,0.0009086188992729616,-0.0004543811007270385,time,0,6,0.004,0.0018,-0.0
BIOCON,1,178,179,185,0.00013025921583942335,-0.0012327407841605767,time,6,3,0.004,0.0018,-0.00026045057950245054
BIOCON,-1,215,216,222,0.0002609262883236374,-0.0011020737116763627,time,0,7,0.004,0.0018,-0.0
BIOCON,-1,238,239,245,-0.00039292730844797674,-0.0017559273084479768,time,0,7,0.004,0.0018,-0.0
BIOCON,1,290,291,297,-0.001304631441617743,-0.002667631441617743,time,7,2,0.004,0.0018,-0.00026085822355555687
BIOCON,-1,342,343,349,-0.0,-0.001363,time,1,6,0.004,0.0018,-0.0
BIOCON,-1,354,355,361,0.001310615989515096,-5.2384010484904115e-05,time,0,6,0.004,0.0018,-0.00039333945194697066
BLUESTARCO,-1,29,30,36,-0.0006623832549512709,-0.002025383254951271,time,0,6,0.005223711106064073,0.002350669997728833,-6.62427133016272e-05
BLUESTARCO,1,55,56,58,0.004,0.002637,target,8,1,0.004,0.0018,0.000526905091220414
BLUESTARCO,1,95,96,102,0.004,0.002637,target,6,0,0.004,0.0018,-0.000653893938403191
BLUESTARCO,1,105,106,112,0.00032522440483928605,-0.001037775595160714,time,7,0,0.004,0.0018,-0.000260111848094592
BLUESTARCO,1,120,121,127,0.003572588502760654,0.002209588502760654,time,6,0,0.004,0.0018,-0.000194830497467174
BLUESTARCO,1,174,175,176,-0.0018,-0.003163,stop,6,0,0.004,0.0018,0.0
BLUESTARCO,1,224,225,230,-0.0018,-0.003163,stop,6,0,0.004,0.0018,0.0
BLUESTARCO,1,235,236,242,0.0004521671726633869,-0.0009108328273366132,time,6,0,0.004,0.0018,-6.459113809594137e-05
BLUESTARCO,1,246,247,251,-0.0018,-0.003163,stop,6,0,0.004,0.0018,-0.00012890750886242053
BLUESTARCO,1,271,272,272,-0.0018,-0.003163,stop,8,1,0.004,0.0018,-6.42797454522957e-05
BLUESTARCO,1,283,284,286,0.004,0.002637,target,7,1,0.004,0.0018,-0.00012862563508910248
BLUESTARCO,1,287,288,294,0.0018571886007046068,0.0004941886007046067,time,6,0,0.004189037161698659,0.0018850667227643966,-0.0002560983417632953
BLUESTARCO,1,300,301,307,0.0005106600280864182,-0.0008523399719135819,time,6,0,0.004,0.0018,0.0
BLUESTARCO,1,315,316,321,-0.0018,-0.003163,stop,6,0,0.004,0.0018,0.000510204081632624
BLUESTARCO,1,349,350,356,0.000510888307043933,-0.0008521116929560671,time,7,1,0.004,0.0018,-6.385696040862647e-05
BOSCHLTD,-1,39,40,46,-0.0005219206680584509,-0.001884920668058451,time,0,6,0.004,0.0018,-0.0
BOSCHLTD,-1,72,73,79,0.0010416666666667185,-0.0003213333333332816,time,2,7,0.004,0.0018,-0.0
BOSCHLTD,1,100,101,107,0.00031162355874103653,-0.0010513764412589635,time,7,0,0.004,0.0018,0.0002077922077922078
BOSCHLTD,-1,172,173,179,-0.0007296226808422013,-0.0020926226808422013,time,1,6,0.004,0.0018,-0.0
BOSCHLTD,1,195,196,202,-0.0011441647597254523,-0.0025071647597254523,time,6,0,0.004,0.0018,0.0
BOSCHLTD,1,269,270,276,-0.00020796506186959718,-0.0015709650618695972,time,8,1,0.004,0.0018,-0.00031185031185031187
BOSCHLTD,1,285,286,292,0.0005179736869367346,-0.0008450263130632654,time,7,2,0.004,0.0018,0.00020723241114910373
BOSCHLTD,1,315,316,319,-0.0018,-0.003163,stop,7,0,0.004,0.0018,-0.00010326311441553078
BPCL,-1,35,36,42,-0.00048820179007313946,-0.0018512017900731395,time,0,7,0.004,0.0018,0.0003253619651863437
BPCL,1,49,50,51,-0.0018,-0.003163,stop,8,1,0.004,0.0018,0.00016207455429501254
BPCL,1,54,55,61,-0.00048551545557529163,-0.0018485154555752917,time,7,0,0.004,0.0018,0.000161864681126615
BPCL,-1,69,70,76,-0.00016236402013314333,-0.0015253640201331434,time,1,7,0.004,0.0018,0.00016233766233769925
BPCL,1,107,108,114,0.00048622366288486596,-0.0008767763371151341,time,8,1,0.004,0.0018,0.0
BPCL,-1,198,199,205,0.0009773578758756063,-0.00038564212412439377,time,0,6,0.004,0.0018,-0.0006519967400162629
BPCL,1,235,236,242,-0.0008153946510111032,-0.0021783946510111033,time,6,2,0.004,0.0018,0.0
BPCL,-1,257,258,264,0.00016331863465601781,-0.0011996813653439822,time,1,8,0.004,0.0018,-0.000653701585226307
BPCL,1,281,282,288,0.0032626427406199365,0.0018996427406199365,time,6,1,0.004,0.0018,-0.000652103032279063
BPCL,1,290,291,294,-0.0018,-0.003163,stop,8,1,0.004,0.0018,0.00016233766233769925
BPCL,-1,327,328,334,-0.00032552083333348136,-0.0016885208333334814,time,0,6,0.004,0.0018,-0.0
BPCL,-1,342,343,349,-0.00016270745200142045,-0.0015257074520014205,time,0,6,0.004,0.0018,-0.00032552083333340737
BRITANNIA,1,44,45,51,0.0003062787136294265,-0.0010567212863705736,time,6,0,0.004,0.0018,0.0
BRITANNIA,1,61,62,68,0.0010188487009679115,-0.0003441512990320886,time,6,0,0.004,0.0018,-0.000610935749923633
BRITANNIA,-1,88,89,95,0.00010186411327284262,-0.0012611358867271574,time,2,6,0.004,0.0018,-0.0005095801059926621
BRITANNIA,1,127,128,134,-0.0009158441029816222,-0.0022788441029816223,time,7,0,0.004,0.0018,-0.0007118161480577588
BRITANNIA,1,256,257,263,-0.00020356234096696735,-0.0015665623409669674,time,6,1,0.004,0.0018,0.0
BRITANNIA,1,285,286,292,0.000812677773262882,-0.000550322226737118,time,6,2,0.004,0.0018,0.0
BRITANNIA,1,303,304,310,0.0,-0.001363,time,6,0,0.004,0.0018,-0.0005072022722661798
BRITANNIA,1,311,312,318,0.00020286033066230225,-0.0011601396693376978,time,7,0,0.004,0.0018,-0.0005068937550689375
BRITANNIA,1,322,323,329,-0.0015203729981755343,-0.0028833729981755343,time,6,1,0.004,0.0018,-0.00010134792743488395
BSE,-1,25,26,32,0.0026142555671044843,0.0012512555671044842,time,0,6,0.004775557786049565,0.002149001003722304,-0.0003150697879580327
BSE,-1,63,64,65,-0.0018,-0.003163,stop,0,7,0.004,0.0018,-0.0002210363446903338
BSE,-1,68,69,75,0.0010733678494759813,-0.00028963215052401877,time,0,6,0.004,0.0018,-0.0
BSE,-1,80,81,83,-0.0018,-0.003163,stop,1,8,0.004,0.0018,0.00022153300841834064
BSE,1,84,85,91,0.000283001069115274,-0.001079998930884726,time,6,2,0.004,0.0018,0.0004718910246327115
BSE,1,125,126,130,-0.0018,-0.003163,stop,8,1,0.004,0.0018,0.0
BSE,-1,187,188,194,-0.0015486236212509663,-0.0029116236212509664,time,0,6,0.004,0.0018,-0.0
BSE,-1,208,209,215,0.0012329676583099358,-0.00013003234169006424,time,0,7,0.004,0.0018,-3.1615554852958915e-05
BSE,-1,222,223,229,-0.0005062650297429361,-0.0018692650297429361,time,0,6,0.004,0.0018,-3.164256557918838e-05
BSE,1,251,252,256,-0.0018,-0.003163,stop,8,1,0.004,0.0018,0.0
BSE,1,271,272,278,-0.0006614589895427292,-0.0020244589895427293,time,6,2,0.004,0.0018,-6.299212598419467e-05
BSE,1,280,281,285,0.004,0.002637,target,8,1,0.004,0.0018,3.140604880497128e-05
BSE,1,302,303,309,-0.0018,-0.003163,stop,6,0,0.004,0.0018,0.0
BSE,1,315,316,321,-0.0018,-0.003163,stop,6,0,0.004,0.0018,-0.00025025807864351585
BSE,-1,327,328,334,-0.00015690704826454294,-0.001519907048264543,time,2,7,0.004,0.0018,-3.138239447667003e-05
BSE,1,338,339,340,-0.0018,-0.003163,stop,8,1,0.004,0.0018,-0.0002811357885859154
CANBK,-1,34,35,41,0.0011971268954508174,-0.00016587310454918265,time,0,6,0.004,0.0018,-0.00023948271733057505
CANBK,1,53,54,58,-0.0018,-0.003163,stop,6,0,0.004,0.0018,0.0002389486260454093
CANBK,-1,64,65,71,-0.0006386715631485629,-0.002001671563148563,time,0,6,0.004,0.0018,-7.98403193613183e-05
CANBK,-1,86,87,93,0.001438733914155499,7.573391415549883e-05,time,1,6,0.004,0.0018,-0.0
CANBK,1,107,108,114,0.0011173184357542443,-0.0002456815642457558,time,7,2,0.004,0.0018,0.0
CANBK,-1,129,130,136,-0.0007201728414820696,-0.0020831728414820697,time,1,6,0.004,0.0018,-0.0
CANBK,-1,168,169,175,-0.0003998400639744215,-0.0017628400639744216,time,0,7,0.004,0.0018,-0.0
CANBK,-1,214,215,221,0.0013601088087047408,-2.8911912952592385e-06,time,1,6,0.004,0.0018,-0.0
CANBK,1,285,286,292,0.0014376996805112174,7.469968051121737e-05,time,6,2,0.004,0.0018,-0.00015971889474521658
CANBK,-1,293,294,300,-0.00015976993129895867,-0.0015227699312989587,time,2,6,0.004,0.0018,-0.0
CANBK,-1,325,326,332,0.0007998080460689394,-0.0005631919539310607,time,1,6,0.004,0.0018,-0.0
CGPOWER,-1,26,27,33,0.0009574228429825027,-0.0004055771570174974,time,0,7,0.004,0.0018,-0.0003380281690140333
CGPOWER,-1,39,40,46,0.0005643659348721908,-0.0007986340651278093,time,2,6,0.004,0.0018,-0.0003387342629707765
CGPOWER,-1,69,70,71,-0.0018,-0.003163,stop,0,6,0.004,0.0018,0.00016948195017228097
CGPOWER,-1,79,80,86,-0.0005652911249294235,-0.0019282911249294235,time,0,6,0.004,0.0018,-0.0
CGPOWER,1,107,108,114,0.001630954389516992,0.00026795438951699195,time,7,0,0.004,0.0018,0.0002812781278127813
CGPOWER,-1,133,134,140,0.00022569542402517406,-0.001137304575974826,time,0,7,0.004,0.0018,0.0009019674164271584
CGPOWER,-1,201,202,208,-0.00028336639274573194,-0.001646366392745732,time,0,6,0.004,0.0018,0.00016999093381683735
CGPOWER,-1,213,214,220,0.0007965407373690114,-0.0005664592626309886,time,1,8,0.004,0.0018,-0.0
CGPOWER,-1,249,250,254,-0.0018,-0.003163,stop,2,6,0.004,0.0018,0.0003983156936383552
CGPOWER,1,285,286,288,0.004,0.002637,target,6,1,0.004,0.0018,0.0
CHOLAFIN,-1,65,66,72,-0.00024145840878908587,-0.001604458408789086,time,0,6,0.004,0.0018,-0.0
CHOLAFIN,-1,77,78,84,0.0001813017465401856,-0.0011816982534598145,time,0,7,0.004,0.0018,-0.0
CHOLAFIN,-1,85,86,92,0.001331961009868654,-3.1038990131345996e-05,time,1,8,0.004,0.0018,-0.0
CHOLAFIN,1,107,108,114,0.0006647328982354317,-0.0006982671017645684,time,6,1,0.004,0.0018,-6.042661187995433e-05
CHOLAFIN,-1,133,134,137,-0.0018,-0.003163,stop,0,7,0.004,0.0018,0.00024227740763179342
CHOLAFIN,-1,146,147,153,-0.0010938259601362965,-0.0024568259601362966,time,1,8,0.004,0.0018,-0.0
CHOLAFIN,-1,211,212,218,0.0010935601458079702,-0.00026943985419202983,time,1,7,0.004,0.0018,-0.00036465297192166585
CHOLAFIN,-1,239,240,246,0.00012168410805535324,-0.0012413158919446468,time,0,6,0.004,0.0018,6.083835249749737e-05
CHOLAFIN,-1,249,250,256,6.1027706578786756e-05,-0.0013019722934212133,time,1,8,0.004,0.0018,0.00012204051745182175
CHOLAFIN,1,286,287,288,0.004,0.002637,target,7,2,0.004,0.0018,-0.00024257125530630137
CHOLAFIN,1,301,302,308,0.001270801815431044,-9.219818456895597e-05,time,7,0,0.004,0.0018,-0.00030248033877797946
CHOLAFIN,1,310,311,317,0.0008446965126100991,-0.0005183034873899009,time,7,0,0.004,0.0018,0.00024140012070011523
CHOLAFIN,1,356,357,359,-0.0018,-0.003163,stop_and_target_same_bar_stop_first,6,1,0.004,0.0018,-0.0002416334420684372
CIPLA,1,41,42,45,-0.0018,-0.003163,stop,6,0,0.004,0.0018,7.057661091107986e-05
CIPLA,-1,79,80,81,0.004,0.002637,target,0,6,0.004,0.0018,-0.0002833864682962033
CIPLA,1,116,117,123,-0.0006372132540357622,-0.0020002132540357623,time,7,1,0.004,0.0018,7.080648587420267e-05
CIPLA,-1,129,130,136,-0.0006394316163411684,-0.0020024316163411685,time,0,6,0.004,0.0018,-0.0
CIPLA,-1,209,210,216,-0.00014295925661200748,-0.0015059592566120075,time,0,7,0.004,0.0018,-0.0
CIPLA,-1,244,245,251,0.0023667790289033652,0.0010037790289033652,time,0,7,0.004,0.0018,7.171543316131412e-05
CIPLA,-1,298,299,305,0.0013630820001435673,8.200014356722282e-08,time,0,6,0.004,0.0018,-0.0002870470039469616
CIPLA,1,310,311,317,0.002362712107109477,0.000999712107109477,time,6,2,0.004,0.0018,0.00014321518080919835
CIPLA,1,338,339,345,-0.0009980039920158834,-0.0023610039920158835,time,7,2,0.004,0.0018,0.0
COALINDIA,1,32,33,39,0.0,-0.001363,time,7,1,0.004,0.0018,-0.0003532736693359258
COALINDIA,1,61,62,68,-0.00011748120300758558,-0.0014804812030075856,time,8,1,0.004,0.0018,-0.0004697040864255252
COALINDIA,-1,130,131,137,-0.000589553118736097,-0.001952553118736097,time,1,8,0.004,0.0018,-0.0
COALINDIA,1,151,152,158,0.002827188125809954,0.001464188125809954,time,6,1,0.004,0.0018,-0.0003532736693359258
COALINDIA,-1,210,211,217,-0.00023548804898165798,-0.001598488048981658,time,2,6,0.004,0.0018,0.00011773016246765097
COALINDIA,1,285,286,292,0.0007055503292567877,-0.0006574496707432123,time,7,2,0.004,0.0018,-0.00023512814483899068
COCHINSHIP,-1,27,28,29,-0.0021453608462517495,-0.0035083608462517495,stop,0,6,0.0047674685472261094,0.0021453608462517495,0.0002920987293705936
COCHINSHIP,-1,73,74,80,0.0008778346744696686,-0.0004851653255303315,time,0,7,0.004,0.0018,-0.0
COCHINSHIP,1,101,102,108,0.00036448461874916127,-0.0009985153812508388,time,6,0,0.004,0.0018,0.0008025096665936448
COCHINSHIP,1,111,112,118,-0.0012375336681954563,-0.0026005336681954564,time,8,1,0.004,0.0018,0.0
COCHINSHIP,1,147,148,152,0.004,0.002637,target,8,1,0.004,0.0018,-0.0004360782033579013
COCHINSHIP,1,285,286,292,0.002256186317321607,0.0008931863173216067,time,7,1,0.004,0.0018,-0.000291036088475037
COCHINSHIP,1,300,301,307,-0.0007256894049346707,-0.0020886894049346708,time,6,0,0.004,0.0018,0.0004356033105850944
COCHINSHIP,-1,333,334,338,-0.0018,-0.003163,stop,0,7,0.004,0.0018,-7.287567409991914e-05
COCHINSHIP,1,344,345,351,-0.0015266065716778021,-0.002889606571677802,time,6,0,0.004,0.0018,-0.0006538321830730773
COCHINSHIP,1,357,358,364,0.0010905125408942062,-0.0002724874591057938,time,7,1,0.004,0.0018,-0.0006538796861378167
COFORGE,-1,25,26,32,0.0011254924029262536,-0.00023750759707374643,time,1,6,0.004,0.0018,0.0002250478226623669
COFORGE,-1,34,35,38,-0.0018,-0.003163,stop,1,8,0.004,0.0018,0.0002827254735651682
COFORGE,1,47,48,54,0.0003933689238551086,-0.0009696310761448915,time,7,0,0.004,0.0018,0.0001124037542854187
COFORGE,-1,90,91,97,0.00022506048500525733,-0.0011379395149947427,time,0,7,0.004,0.0018,-0.00016882386043891645
COFORGE,1,101,102,108,0.0025847052874079512,0.0012217052874079512,time,6,1,0.004,0.0018,0.0002810251798561151
COFORGE,1,109,110,115,-0.0018,-0.003163,stop,8,1,0.004,0.0018,0.00022393908856783315
COFORGE,-1,182,183,189,-0.0008974646623289839,-0.002260464662328984,time,2,6,0.004,0.0018,-0.0003366625519020924
COFORGE,-1,208,209,210,0.004,0.002637,target,2,6,0.004,0.0018,-0.0
COFORGE,-1,221,222,228,-0.0003383140682267083,-0.0017013140682267083,time,0,7,0.004,0.0018,-0.0002820078962210942
COFORGE,1,265,266,272,0.0003369272237196963,-0.0010260727762803038,time,8,1,0.004,0.0018,-5.6151384131695445e-05
COFORGE,1,285,286,292,0.001400246443373998,3.7246443373998e-05,time,6,0,0.004,0.0018,0.0005043429532082326
COFORGE,1,357,358,364,0.00016818971800192095,-0.0011948102819980791,time,6,1,0.004,0.0018,0.0
COLPAL,-1,28,29,35,0.0009746060967026349,-0.0003883939032973652,time,0,7,0.004,0.0018,-0.0
COLPAL,-1,37,38,43,-0.0018,-0.003163,stop,0,6,0.004,0.0018,0.0004880958837247632
COLPAL,-1,91,92,98,-0.0009219088937093556,-0.0022849088937093556,time,0,7,0.004,0.0018,-0.0
COLPAL,1,112,113,116,-0.0018,-0.003163,stop,7,2,0.004,0.0018,0.0
COLPAL,1,252,253,259,0.0035226533709082908,0.0021596533709082907,time,7,0,0.004,0.0018,-0.00037921880925296354
COLPAL,1,270,271,277,0.0004872502842294679,-0.0008757497157705321,time,6,0,0.004,0.0018,-0.00048701298701303624
COLPAL,1,287,288,294,-0.0002700513097488866,-0.0016330513097488866,time,6,0,0.004,0.0018,-0.0002699784017278618
COLPAL,-1,306,307,313,-0.001137040446153037,-0.002500040446153037,time,2,6,0.004,0.0018,0.0004870656997509815
COLPAL,1,324,325,331,-0.0016759474509380201,-0.00303894745093802,time,6,1,0.004,0.0018,0.00027038719446247024
COLPAL,1,344,345,351,0.0007571250878806168,-0.0006058749121193832,time,7,2,0.004,0.0018,0.0004869602856832938
COLPAL,1,355,356,362,0.0018909719595872065,0.0005279719595872065,time,6,1,0.004,0.0018,-5.402485143160943e-05
CONCOR,-1,26,27,32,-0.0018,-0.003163,stop,0,7,0.004,0.0018,-0.0002156566745741271
CONCOR,-1,36,37,43,-0.0018,-0.003163,stop,0,6,0.004,0.0018,0.0003231365790607007
CONCOR,1,47,48,54,0.0026815402767350616,0.0013185402767350615,time,7,0,0.004,0.0018,0.0008588298443370419
CONCOR,-1,69,70,76,-0.0018,-0.003163,stop,1,8,0.004,0.0018,0.00043057050592032
CONCOR,-1,79,80,86,0.00021554046772276347,-0.0011474595322772366,time,1,7,0.004,0.0018,-0.0005391416864351952
CONCOR,1,108,109,115,-0.0018,-0.003163,stop,8,1,0.004,0.0018,0.0
CONCOR,-1,146,147,153,-0.0010814318157239544,-0.0024444318157239545,time,0,6,0.004,0.0018,-0.0
CONCOR,-1,201,202,208,0.00032612240460916375,-0.0010368775953908363,time,0,6,0.004,0.0018,-0.0
CONCOR,1,284,285,288,0.004,0.002637,target,6,1,0.004,0.0018,-0.00032552083333340737
CONCOR,-1,305,306,312,-0.0005420641803990378,-0.0019050641803990379,time,1,6,0.004,0.0018,-0.0
CONCOR,-1,327,328,334,0.00010843634786383838,-0.0012545636521361617,time,1,6,0.004,0.0018,-0.0
COROMANDEL,-1,78,79,81,-0.0018,-0.003163,stop,1,6,0.004,0.0018,-0.0
COROMANDEL,1,84,85,91,-0.0009260688377835669,-0.002289068837783567,time,6,0,0.004,0.0018,0.0
COROMANDEL,-1,200,201,207,0.0007745533409067029,-0.0005884466590932971,time,0,7,0.004,0.0018,0.00020650490449152862
COROMANDEL,1,310,311,317,5.158095631085935e-05,-0.0013114190436891407,time,6,3,0.004,0.0018,0.00015476681799419858
COROMANDEL,1,324,325,331,0.0009253071505679333,-0.00043769284943206673,time,8,1,0.004,0.0018,-0.0003597122302158507
COROMANDEL,1,337,338,344,-0.0003074715588808896,-0.0016704715588808897,time,7,0,0.004,0.0018,-0.0006145651951243563
COROMANDEL,1,351,352,355,-0.0019572450688297998,-0.0033202450688298,stop,6,0,0.004349433486288444,0.0019572450688297998,0.0
COROMANDEL,1,360,361,362,-0.0018,-0.003163,stop,6,0,0.004,0.0018,0.0
CRISIL,-1,26,27,33,0.0023985653440932175,0.0010355653440932175,time,0,6,0.004,0.0018,0.000313732520616627
CRISIL,-1,37,38,42,-0.0018,-0.003163,stop,0,6,0.004,0.0018,-2.2471910112441304e-05
CRISIL,-1,45,46,52,-0.0011690384658618047,-0.0025320384658618048,time,1,7,0.004,0.0018,-0.0006523890938541676
CRISIL,-1,71,72,74,-0.0018,-0.003163,stop,1,7,0.004,0.0018,-2.247847685848985e-05
CRISIL,-1,78,79,85,0.0017765184735433204,0.0004135184735433203,time,0,7,0.004,0.0018,-0.0
CRISIL,1,87,88,89,-0.0018,-0.003163,stop,6,0,0.004,0.0018,0.0
CRISIL,1,99,100,104,0.004,0.002637,target,7,0,0.004,0.0018,-0.00031197771587735627
CRISIL,1,107,108,109,-0.0018,-0.003163,stop,7,0,0.004,0.0018,-0.00024363233665567304
CRISIL,1,121,122,128,-0.00017668234722478804,-0.001539682347224788,time,6,0,0.004,0.0018,0.0008620689655171609
CRISIL,-1,199,200,206,0.0011276948590381863,-0.00023530514096181373,time,1,6,0.004,0.0018,2.2111174987919292e-05
CRISIL,1,270,271,274,-0.0018,-0.003163,stop,7,0,0.004,0.0018,0.0
CRISIL,1,285,286,292,-0.0014833182049635019,-0.002846318204963502,time,6,0,0.004,0.0018,0.0007754686045996367
CRISIL,1,349,350,356,0.00048613412882558826,-0.0008768658711744118,time,8,1,0.004,0.0018,0.0
CUMMINSIND,-1,28,29,35,0.0011085357250831818,-0.0002544642749168183,time,0,7,0.004,0.0018,0.00020151133501259446
CUMMINSIND,-1,64,65,71,0.0006058770069675701,-0.00075712299303243,time,1,6,0.004,0.0018,-0.000201999798000202
CUMMINSIND,-1,79,80,86,-0.0011122345803842304,-0.0024752345803842305,time,0,6,0.004,0.0018,0.0002021835826930853
CUMMINSIND,-1,91,92,96,-0.0018,-0.003163,stop,1,7,0.004,0.0018,0.00020222446916076846
CUMMINSIND,-1,130,131,137,0.002421307506053294,0.001058307506053294,time,1,6,0.004,0.0018,0.00020173492031470649
CUMMINSIND,-1,139,140,146,-0.00030342874481648074,-0.0016664287448164808,time,0,6,0.004,0.0018,-0.0
CUMMINSIND,-1,240,241,247,0.003237883233835892,0.001874883233835892,time,0,7,0.004,0.0018,0.00010117361392148928
CUMMINSIND,1,286,287,293,-0.00030309153364316277,-0.0016660915336431628,time,6,1,0.004,0.0018,-0.000302999697000303
CUMMINSIND,-1,335,336,342,-0.0007088607594936125,-0.0020718607594936126,time,0,7,0.004,0.0018,-0.0
CUMMINSIND,-1,348,349,355,0.00010127607859022891,-0.0012617239214097711,time,2,6,0.004,0.0018,-0.0
DABUR,-1,29,30,36,-0.0,-0.001363,time,0,6,0.004,0.0018,-0.0
DABUR,1,48,49,55,-0.0007820646506778717,-0.0021450646506778717,time,7,0,0.004,0.0018,-0.000521104742053123
DABUR,1,135,136,142,-0.0005197505197505059,-0.001882750519750506,time,8,1,0.004,0.0018,0.0
DABUR,1,285,286,292,0.001949824515793619,0.0005868245157936189,time,6,1,0.004,0.0018,-0.00051968299337416
DALBHARAT,-1,63,64,70,-0.000704597498679016,-0.002067597498679016,time,1,7,0.004,0.0018,-0.00046995241731771987
DALBHARAT,-1,81,82,88,0.000528945048486662,-0.000834054951513338,time,0,7,0.004,0.0018,-0.0005880623346074683
DALBHARAT,-1,207,208,213,-0.0018,-0.003163,stop,2,6,0.004,0.0018,0.0001762632197414539
DALBHARAT,-1,221,222,228,-0.0,-0.001363,time,0,6,0.004705862473914975,0.0021176381132617388,-0.0006505411319415158
DALBHARAT,-1,244,245,251,-0.00041498695755270987,-0.00177798695755271,time,0,6,0.004,0.0018,-0.0
DALBHARAT,1,287,288,292,-0.0018684174993248734,-0.0032314174993248734,stop,6,1,0.004152038887388607,0.0018684174993248734,0.0
DALBHARAT,-1,305,306,306,-0.0018,-0.003163,stop,0,7,0.004,0.0018,5.935070330591514e-05
DALBHARAT,-1,309,310,311,-0.0018267981349843203,-0.0031897981349843204,stop,0,7,0.004059551411076267,0.0018267981349843203,-0.0
DALBHARAT,1,322,323,329,-0.0004725339633785408,-0.0018355339633785409,time,7,2,0.004,0.0018,-0.0007082989021367285
DIVISLAB,-1,26,27,33,0.0009875773169083502,-0.0003754226830916499,time,0,6,0.004,0.0018,-0.0
DIVISLAB,-1,34,35,41,-0.00026079699561853964,-0.0016237969956185397,time,0,7,0.004,0.0018,-0.0
DIVISLAB,-1,45,46,52,-0.0013582697732734683,-0.0027212697732734684,time,0,7,0.004,0.0018,0.00010447137484329294
DIVISLAB,-1,64,65,71,0.0008362952122099587,-0.0005267047877900413,time,1,7,0.004,0.0018,-0.0
DIVISLAB,-1,77,78,83,-0.0018,-0.003163,stop,1,8,0.004,0.0018,-0.0002621094569092053
DIVISLAB,1,100,101,107,0.0007822277847309156,-0.0005807722152690845,time,6,1,0.004,0.0018,5.215123859191656e-05
DIVISLAB,1,109,110,112,-0.0018,-0.003163,stop,8,1,0.004,0.0018,0.00025999688003743954
DIVISLAB,1,120,121,127,-0.0012990387113536173,-0.0026620387113536173,time,6,0,0.004,0.0018,-0.00025974025974025974
DIVISLAB,-1,131,132,138,-0.0002085070892410279,-0.001571507089241028,time,0,7,0.004,0.0018,-0.00020855057351407716
DIVISLAB,-1,148,149,155,5.214851898205364e-05,-0.0013108514810179464,time,0,7,0.004,0.0018,-0.0
DIVISLAB,-1,167,168,174,-0.0007827175954915333,-0.0021457175954915334,time,1,7,0.004,0.0018,-0.0
DIVISLAB,-1,238,239,245,0.0013042570951585786,-5.874290484142149e-05,time,0,6,0.004,0.0018,-0.0
DIVISLAB,-1,299,300,306,0.0006785322824781614,-0.0006844677175218386,time,0,6,0.004,0.0018,-0.00020882276168102324
DIVISLAB,1,331,332,338,-0.0013024225058608785,-0.0026654225058608785,time,8,1,0.004,0.0018,0.0
DIVISLAB,1,355,356,359,-0.0018,-0.003163,stop,6,1,0.004,0.0018,0.0
DIXON,-1,28,29,35,0.0023948510701991,0.0010318510701990999,time,1,6,0.00401043783286634,0.001804697024789853,-0.0002994460248540201
DIXON,-1,38,39,40,-0.0018,-0.003163,stop,0,7,0.004,0.0018,7.51371252535878e-05
DIXON,1,48,49,55,0.002019144481005153,0.0006561444810051528,time,6,0,0.004,0.0018,-7.477753682793689e-05
DIXON,1,57,58,58,-0.0018,-0.003163,stop,8,1,0.004,0.0018,0.0005208720886970756
DIXON,1,59,60,66,0.0,-0.001363,time,6,0,0.004,0.0018,0.0
DIXON,1,87,88,93,-0.0018,-0.003163,stop,7,1,0.004,0.0018,-7.437709185570845e-05
DIXON,1,97,98,101,0.004,0.002637,target,6,2,0.004,0.0018,0.0
DIXON,-1,129,130,136,0.0007463243525636098,-0.0006166756474363902,time,0,7,0.004,0.0018,-0.0005974161750429393
DIXON,-1,168,169,175,0.0005222321695016463,-0.0008407678304983538,time,1,6,0.004,0.0018,-0.00014923145799134458
DIXON,-1,206,207,213,0.002389486260453988,0.0010264862604539879,time,0,7,0.004,0.0018,-0.00044822949350067237
DIXON,-1,215,216,222,-0.00022561480033100878,-0.0015886148003310088,time,1,8,0.004,0.0018,7.519927808693036e-05
DIXON,1,251,252,258,-0.0018,-0.003163,stop,6,3,0.004,0.0018,0.0
DIXON,1,286,287,293,0.00044826298094879924,-0.0009147370190512008,time,7,0,0.004,0.0018,-0.00029875270744641124
DIXON,1,302,303,309,-0.0018,-0.003163,stop,6,0,0.004,0.0018,0.0
DIXON,-1,326,327,333,0.0007474958887726535,-0.0006155041112273466,time,0,6,0.004,0.0018,-0.0
DIXON,1,349,350,356,0.000822122571001449,-0.000540877428998551,time,7,2,0.004,0.0018,-0.00029886431560071725
DLF,1,41,42,48,0.0021481481481482323,0.0007851481481482322,time,7,1,0.004,0.0018,-0.00029620853080575456
DLF,1,49,50,56,-0.0016950401650822622,-0.0030580401650822622,time,7,0,0.004,0.0018,7.37028301887798e-05
DLF,1,101,102,108,0.0012550756736804392,-0.00010792432631956091,time,6,3,0.004,0.0018,0.0
DLF,1,121,122,128,0.00022079929344220872,-0.0011422007065577913,time,7,1,0.004,0.0018,0.0003681342953909586
DLF,-1,187,188,194,0.0017717407352723091,0.00040874073527230907,time,1,8,0.004,0.0018,0.00036897645930189656
DLF,-1,275,276,282,-0.0010371906949178111,-0.002400190694917811,time,0,7,0.004,0.0018,-0.00029642804209268085
DLF,1,285,286,292,0.002801120448179484,0.0014381204481794837,time,7,2,0.004,0.0018,0.0007376807317792859
DLF,-1,328,329,335,-0.0008850862959139949,-0.002248086295913995,time,0,7,0.004,0.0018,-7.376263185063734e-05
DLF,1,355,356,358,-0.0018,-0.003163,stop,8,1,0.004,0.0018,0.0003661662394727206
DMART,-1,39,40,40,-0.0018,-0.003163,stop,1,7,0.004,0.0018,5.289046384944011e-05
DMART,1,53,54,57,0.004,0.002637,target,7,0,0.004,0.0018,0.0
DMART,-1,91,92,98,-0.00036768568126910317,-0.0017306856812691032,time,1,6,0.004,0.0018,0.00010504201680674657
DMART,1,127,128,132,-0.0018,-0.003163,stop,6,0,0.004,0.0018,-0.00039313327217926875
DMART,-1,240,241,246,-0.0018,-0.003163,stop,0,7,0.004,0.0018,-0.0
DMART,1,281,282,288,0.0015463242039051028,0.00018332420390510277,time,8,1,0.004,0.0018,-2.6208197924286888e-05
DMART,1,296,297,303,0.002117702423592771,0.000754702423592771,time,7,1,0.004,0.0018,0.00020919955022101458
DRREDDY,-1,36,37,43,0.001415840759556919,5.284075955691884e-05,time,0,6,0.004,0.0018,-0.0005833333333333712
DRREDDY,-1,74,75,81,0.0017495626093475547,0.00038656260934755464,time,1,6,0.004,0.0018,-0.0
DRREDDY,-1,85,86,92,-0.0014224751066855834,-0.0027854751066855835,time,0,7,0.004,0.0018,-8.368200836812473e-05
DRREDDY,1,147,148,154,8.323622440475908e-05,-0.001279763775595241,time,6,1,0.004,0.0018,-0.0003328340822099048
DRREDDY,-1,170,171,177,-0.0005003335557036692,-0.0018633335557036693,time,0,7,0.004,0.0018,0.0003334444814937176
DRREDDY,-1,243,244,250,-0.0005840634125990896,-0.0019470634125990896,time,1,7,0.004,0.0018,-0.0
DRREDDY,1,286,287,293,-0.0005827505827505908,-0.0019457505827505908,time,6,1,0.004,0.0018,-0.0002496878901372905
DRREDDY,1,318,319,325,-0.0011606698723264364,-0.0025236698723264364,time,8,1,0.004,0.0018,0.0001658374792703528
EICHERMOT,-1,91,92,98,-0.0,-0.001363,time,1,6,0.004,0.0018,0.0001364721937905152
EICHERMOT,1,110,111,117,-0.00034050667393081824,-0.0017035066739308183,time,7,0,0.004,0.0018,-0.0002723311546840959
EICHERMOT,-1,129,130,136,-0.0003411804844761779,-0.001704180484476178,time,1,6,0.004,0.0018,0.00034106412005457026
EICHERMOT,1,192,193,199,0.0006827336655970129,-0.0006802663344029872,time,6,1,0.004,0.0018,-6.826870562534134e-05
EICHERMOT,1,279,280,286,0.0021843003412969075,0.0008213003412969075,time,6,2,0.004,0.0018,-0.0002047362314884324
EICHERMOT,1,288,289,295,-0.0012239069830692895,-0.0025869069830692895,time,7,2,0.004,0.0018,-0.00027190537692882877
EICHERMOT,-1,335,336,342,-0.0008862830651759079,-0.002249283065175908,time,1,8,0.004,0.0018,-0.0
ENDURANCE,-1,38,39,40,-0.0018,-0.003163,stop,0,7,0.004,0.0018,0.00079182534595223
ENDURANCE,1,47,48,54,0.0008252682121689947,-0.0005377317878310054,time,6,0,0.004,0.0018,0.0
ENDURANCE,-1,63,64,70,0.0014278199443902295,6.481994439022946e-05,time,0,6,0.004,0.0018,-0.0
ENDURANCE,-1,73,74,80,0.003353302437737904,0.001990302437737904,time,0,6,0.004,0.0018,-0.0004146249528834938
ENDURANCE,-1,118,119,125,-0.0018,-0.003163,stop,0,6,0.004,0.0018,3.786157807053955e-05
ENDURANCE,1,137,138,139,-0.0018,-0.003163,stop,7,2,0.004,0.0018,0.0006415578534228312
ENDURANCE,-1,187,188,194,0.0004895315559571012,-0.0008734684440428989,time,1,6,0.004,0.0018,-0.0006028636021099883
ENDURANCE,-1,241,242,248,0.002803348865401234,0.001440348865401234,time,0,7,0.004,0.0018,-0.0006064971001857053
ENDURANCE,1,349,350,356,0.002233833106163985,0.0008708331061639848,time,6,0,0.004,0.0018,-0.0004919583727531436
ENDURANCE,1,358,359,365,0.0006419697141346603,-0.0007210302858653398,time,6,0,0.004,0.0018,-0.0006792709158836869
ESCORTS,-1,27,28,34,-0.00010605578534317317,-0.0014690557853431732,time,1,6,0.004,0.0018,-0.0006367398917541218
ESCORTS,-1,37,38,44,0.0020878304257051505,0.0007248304257051505,time,0,7,0.004,0.0018,-0.0
ESCORTS,1,61,62,64,-0.0018,-0.003163,stop,6,0,0.004,0.0018,-0.0006000705965407053
ESCORTS,1,99,100,106,0.00014126289023885796,-0.001221737109761142,time,7,0,0.004,0.0018,0.0
ESCORTS,-1,118,119,125,-0.0004951195360023419,-0.001858119536002342,time,0,6,0.004,0.0018,-0.00045996532569073594
ESCORTS,-1,129,130,136,-0.00014148774362432448,-0.0015044877436243245,time,1,6,0.004,0.0018,-0.0003538445207175967
ESCORTS,-1,154,155,161,-0.0008144187528771329,-0.002177418752877133,time,1,8,0.004,0.0018,-0.0
ESCORTS,1,179,180,186,0.0015907243098023383,0.0002277243098023382,time,8,1,0.004,0.0018,-3.534817956872006e-05
ESCORTS,1,192,193,199,0.0012697069093217106,-9.329309067828946e-05,time,8,1,0.004,0.0018,0.00010582010582016998
ESCORTS,-1,222,223,229,-0.001380970928791525,-0.002743970928791525,time,1,8,0.004,0.0018,0.0004601118425710278
ESCORTS,1,268,269,275,0.00014119806558654524,-0.0012218019344134548,time,7,0,0.004,0.0018,0.0
ESCORTS,1,286,287,293,0.0015508247568025713,0.0001878247568025712,time,6,0,0.004,0.0018,-0.00031711356189002886
ESCORTS,1,310,311,312,-0.0018,-0.003163,stop,8,1,0.004,0.0018,0.00013961605584645407
ESCORTS,1,324,325,331,-0.000733445096395613,-0.002096445096395613,time,7,0,0.004,0.0018,-0.00010476689366166646
ETERNAL,-1,25,26,32,-0.0,-0.001363,time,0,6,0.004,0.0018,-0.0001491201908738782
ETERNAL,-1,39,40,46,-0.0007462686567163423,-0.0021092686567163424,time,0,6,0.004,0.0018,-0.0
ETERNAL,1,55,56,62,0.00029722098380147166,-0.0010657790161985284,time,7,0,0.004,0.0018,0.0
ETERNAL,-1,77,78,84,0.0034272090597528004,0.0020642090597528004,time,0,6,0.004,0.0018,-0.00014903129657231406
ETERNAL,-1,85,86,90,0.004,0.002637,target,0,7,0.004,0.0018,-0.00029926679634901317
ETERNAL,1,136,137,141,-0.0018,-0.003163,stop,6,1,0.004,0.0018,0.0
ETERNAL,-1,164,165,171,0.00015028554253082582,-0.0012127144574691742,time,1,6,0.004,0.0018,-0.0
ETERNAL,-1,198,199,205,0.0003010687942194279,-0.0010619312057805722,time,0,7,0.004,0.0018,-0.00015055706112602989
ETERNAL,1,248,249,255,0.0013529765484063816,-1.0023451593618466e-05,time,7,2,0.004,0.0018,0.0
ETERNAL,1,288,289,294,-0.0018,-0.003163,stop,8,1,0.004,0.0018,0.0002986857825566484
ETERNAL,1,300,301,307,-0.0013458950201885589,-0.002708895020188559,time,6,0,0.004,0.0018,-0.00014952153110034248
ETERNAL,1,311,312,318,0.00014943215780016672,-0.0012135678421998333,time,6,0,0.004,0.0018,-0.0001494098311667549
ETERNAL,-1,354,355,361,-0.0005974607916354735,-0.0019604607916354736,time,2,6,0.004,0.0018,-0.0002988196623338495
EXIDEIND,-1,25,26,29,0.004999083501358047,0.0036360835013580467,target,2,6,0.004999083501358047,0.002249587575611121,-0.0004665811267935273
EXIDEIND,-1,30,31,32,-0.002614960867958728,-0.003977960867958728,stop,0,7,0.0058110241510193955,0.002614960867958728,-0.0
EXIDEIND,-1,37,38,44,0.0035203003989673354,0.0021573003989673353,time,0,6,0.005584811994767337,0.002513165397645302,-0.00046959380136192883
EXIDEIND,-1,72,73,76,-0.0018,-0.003163,stop,1,8,0.004,0.0018,0.00011796626164919515
EXIDEIND,1,83,84,85,-0.0018,-0.003163,stop,7,2,0.004,0.0018,-0.0004693733865290905
EXIDEIND,-1,88,89,95,0.0017722117202267906,0.00040921172022679057,time,0,6,0.004050291114673867,0.0018226310016032402,0.00011813349084468132
EXIDEIND,-1,154,155,161,0.004,0.002637,target,1,8,0.004,0.0018,-0.0
EXIDEIND,-1,169,170,176,0.00047449584816128265,-0.0008885041518387174,time,0,6,0.004,0.0018,-0.0
EXIDEIND,-1,185,186,192,-0.000949780363290964,-0.002312780363290964,time,0,6,0.004,0.0018,-0.0003562945368170481
EXIDEIND,1,196,197,202,-0.0018,-0.003163,stop,7,2,0.004,0.0018,0.00011841326228540289
EXIDEIND,-1,209,210,216,0.0011870845204178249,-0.0001759154795821752,time,1,8,0.004,0.0018,-0.00023747328425544024
EXIDEIND,1,281,282,288,0.004,0.002637,target,7,2,0.004,0.0018,0.00011849745230480239
EXIDEIND,-1,307,308,314,-0.00047247814788553555,-0.0018354781478855356,time,1,6,0.004,0.0018,0.0003542330853701199
EXIDEIND,1,337,338,344,-0.0012974758197686898,-0.00266047581976869,time,6,2,0.004,0.0018,0.0003539823008849021
EXIDEIND,1,359,360,366,-0.00023587687227255572,-0.0015988768722725558,time,6,2,0.004,0.0018,-0.0001179245283019136
FEDERALBNK,1,32,33,34,-0.0018,-0.003163,stop,6,0,0.004,0.0018,-0.0004531722054379978
FEDERALBNK,-1,39,40,46,-0.0007575757575757347,-0.0021205757575757348,time,0,6,0.004,0.0018,-0.0
FEDERALBNK,1,48,49,55,0.002566425120773097,0.001203425120773097,time,8,1,0.004,0.0018,0.0
FEDERALBNK,-1,88,89,95,0.0009062075215224841,-0.000456792478477516,time,1,6,0.004,0.0018,0.00015101177891878998
FEDERALBNK,1,99,100,106,-0.0003017501508749687,-0.0016647501508749688,time,7,2,0.004,0.0018,0.0
FEDERALBNK,1,147,148,154,-0.0009052504526251282,-0.0022682504526251282,time,7,2,0.004,0.0018,-0.0006031363088059272
FEDERALBNK,1,196,197,198,-0.0018,-0.003163,stop,8,1,0.004,0.0018,0.00015069318866790647
FEDERALBNK,-1,215,216,222,-0.000907166616268551,-0.002270166616268551,time,0,7,0.004,0.0018,0.00015117157974304268
FEDERALBNK,1,285,286,292,0.0010575615651911008,-0.0003054384348088993,time,6,1,0.004,0.0018,-0.00030206917384087824
FEDERALBNK,-1,327,328,330,0.004,0.002637,target,0,7,0.004,0.0018,-0.0
FEDERALBNK,-1,353,354,355,-0.005130784708249497,-0.006493784708249496,stop,0,6,0.011401743796109993,0.005130784708249497,-0.00015649452269174137
FLUOROCHEM,1,32,33,37,-0.0018,-0.003163,stop,6,0,0.004,0.0018,-2.221728504784799e-05
FLUOROCHEM,-1,45,46,50,-0.0018,-0.003163,stop,0,6,0.004,0.0018,-0.0
FLUOROCHEM,-1,63,64,70,0.0005373455131648663,-0.0008256544868351337,time,0,7,0.004,0.0018,-0.0006497143497254702
FLUOROCHEM,-1,71,72,78,0.0005606638259699759,-0.0008023361740300242,time,1,8,0.004,0.0018,-0.0006732495511669659
FLUOROCHEM,-1,79,80,85,0.004,0.002637,target,0,7,0.004,0.0018,2.245172878319798e-05
FLUOROCHEM,-1,93,94,100,8.98533144640945e-05,-0.0012731466855359056,time,0,6,0.004,0.0018,-0.0007193435989659027
FLUOROCHEM,1,127,128,134,-0.0010511954552572256,-0.0024141954552572256,time,6,1,0.004,0.0018,-2.2365360529489692e-05
FLUOROCHEM,-1,148,149,154,-0.0018,-0.003163,stop,1,7,0.004,0.0018,0.0006947557149261236
FLUOROCHEM,-1,169,170,176,-0.0013452613170108485,-0.0027082613170108486,time,0,7,0.004,0.0018,-0.00011211767871557987
FLUOROCHEM,-1,182,183,189,0.0007850173825277862,-0.0005779826174722139,time,0,6,0.004,0.0018,-0.0005161348233921687
FLUOROCHEM,-1,208,209,215,0.0015267861152274964,0.00016378611522749635,time,0,7,0.004,0.0018,-0.00017965416573100874
FLUOROCHEM,1,285,286,292,0.0012352056055875416,-0.0001277943944124585,time,6,1,0.004,0.0018,6.737939089034721e-05
FLUOROCHEM,1,318,319,325,-0.0014114167936195576,-0.0027744167936195577,time,6,1,0.004,0.0018,0.00011202975510295534
FLUOROCHEM,-1,327,328,334,0.002492869494913119,0.001129869494913119,time,1,8,0.004,0.0018,-0.00011230402946857733
FLUOROCHEM,1,357,358,358,-0.0018,-0.003163,stop,6,2,0.004,0.0018,0.00011240249083919699
FORTIS,-1,27,28,29,-0.0018,-0.003163,stop,0,7,0.004,0.0018,-0.0
FORTIS,-1,30,31,34,0.004,0.002637,target,0,7,0.004,0.0018,-0.0005187020920984906
FORTIS,-1,35,36,40,0.004033027675200229,0.002670027675200229,target,1,8,0.004033027675200229,0.001814862453840103,0.0002904443799012489
FORTIS,-1,45,46,46,-0.002175986346752367,-0.003538986346752367,stop,1,7,0.0048355252150052595,0.002175986346752367,0.0005856172405715624
FORTIS,-1,71,72,78,-0.000352298749339619,-0.001715298749339619,time,0,6,0.004513839364370831,0.002031227713966874,-0.0002349210078110434
FORTIS,-1,79,80,82,-0.0018,-0.003163,stop,0,7,0.004,0.0018,-0.0003525264394829078
FORTIS,-1,130,131,137,0.0014084507042253502,4.5450704225350174e-05,time,1,6,0.004,0.0018,-5.868889019303307e-05
FORTIS,-1,167,168,174,-0.0018,-0.003163,stop,0,6,0.004,0.0018,0.00011791757561453812
FORTIS,1,176,177,178,-0.0018,-0.003163,stop,7,2,0.004,0.0018,-0.00017597372125759887
FORTIS,-1,200,201,207,0.00011796626164917168,-0.0012450337383508284,time,0,6,0.004,0.0018,-0.00035402407363708784
FORTIS,-1,208,209,215,0.0012987779680028178,-6.422203199718231e-05,time,0,7,0.004,0.0018,-0.0001771374586680337
FORTIS,-1,219,220,226,-0.0011259259259259746,-0.0024889259259259747,time,0,6,0.004,0.0018,-5.9262771127124004e-05
FORTIS,-1,230,231,234,0.004,0.002637,target,0,6,0.004,0.0018,0.0005334281650071663
FORTIS,1,302,303,307,-0.0018,-0.003163,stop,6,1,0.004,0.0018,0.00011871549830833114
FORTIS,1,317,318,324,-0.0018,-0.003163,stop,7,2,0.004,0.0018,-0.00011867323325226694
FORTIS,-1,325,326,332,0.0010123868508814526,-0.0003506131491185474,time,0,7,0.004,0.0018,-5.955571437087513e-05
FORTIS,-1,345,346,352,0.0031677723985416018,0.0018047723985416017,time,0,7,0.004,0.0018,0.00035848718408325054
FORTIS,-1,353,354,355,-0.0018,-0.003163,stop,1,6,0.004,0.0018,0.0005398920215957354
GAIL,-1,37,38,44,-0.0005241700640652436,-0.0018871700640652436,time,1,8,0.004,0.0018,-0.00011649580615087261
GAIL,1,51,52,58,0.0011014492753622651,-0.00026155072463773495,time,7,0,0.004,0.0018,5.797437532605313e-05
GAIL,1,107,108,114,0.000173872725165225,-0.001189127274834775,time,7,0,0.004,0.0018,-0.00017384249869618787
GAIL,1,144,145,151,-0.00023121387283231432,-0.0015942138728323144,time,6,0,0.004,0.0018,0.0
GAIL,-1,199,200,206,0.0026612669945039746,0.0012982669945039746,time,2,7,0.004,0.0018,-0.00023146808633755015
GAIL,1,265,266,272,0.0005221932114882755,-0.0008408067885117246,time,6,1,0.004,0.0018,-0.00023203202041877164
GAIL,1,284,285,291,0.00017371163867974104,-0.001189288361320259,time,6,0,0.004,0.0018,0.0
GAIL,-1,327,328,334,0.0002896703551359403,-0.0010733296448640598,time,0,6,0.004,0.0018,-0.0005796765404905382
GAIL,1,358,359,365,0.0013312496382473782,-3.1750361752621876e-05,time,6,1,0.004,0.0018,0.0
GICRE,-1,36,37,43,0.0005927682276229973,-0.0007702317723770028,time,0,7,0.004,0.0018,-0.0
GICRE,1,53,54,60,0.0014792899408284654,0.00011628994082846537,time,6,1,0.004,0.0018,0.00014795088030777147
GICRE,-1,81,82,88,0.00044437861057633476,-0.0009186213894236653,time,0,7,0.004,0.0018,-0.0
GICRE,-1,90,91,97,0.00029673590504453173,-0.0010662640949554683,time,1,8,0.004,0.0018,-0.0
GICRE,-1,146,147,153,-0.0011888839352058866,-0.0025518839352058867,time,1,7,0.004,0.0018,-0.0
GICRE,1,288,289,295,0.0,-0.001363,time,6,3,0.004,0.0018,0.00014830194275548383
GICRE,1,351,352,358,-0.000148016577856791,-0.001511016577856791,time,6,1,0.004,0.0018,0.0
GLAXO,-1,26,27,33,0.0024036762106751652,0.0010406762106751652,time,0,6,0.004,0.0018,-0.0
GLAXO,1,53,54,54,-0.0018,-0.003163,stop,8,1,0.004,0.0018,-0.0002120890774124811
GLAXO,-1,67,68,74,0.00070876745339854,-0.0006542325466014601,time,0,6,0.004,0.0018,-0.0006028155029964444
GLAXO,1,116,117,123,-0.00017702248185524905,-0.0015400224818552491,time,6,1,0.004,0.0018,-0.00017699115044247788
GLAXO,-1,130,131,137,-0.0006023669477712712,-0.0019653669477712713,time,2,7,0.004,0.0018,-0.0007801418439715667
GLAXO,-1,182,183,189,-0.00042612123149043946,-0.0017891212314904395,time,0,6,0.004,0.0018,-0.0
GLAXO,-1,198,199,205,-0.00010650005324985834,-0.0014695000532498584,time,1,7,0.004,0.0018,-0.00010651139671951356
GLAXO,-1,213,214,220,-0.0001422373942110422,-0.0015052373942110423,time,2,7,0.004,0.0018,-0.00024897741419164794
GLAXO,-1,243,244,250,-0.0007471714224720483,-0.0021101714224720483,time,1,7,0.004,0.0018,-0.0001423386235855423
GLAXO,1,288,289,295,0.0006383884238900794,-0.0007246115761099206,time,7,2,0.004,0.0018,-0.0005317074899861756
GLAXO,-1,309,310,315,-0.0018,-0.003163,stop,0,7,0.004,0.0018,0.0007815552950372207
GLAXO,1,338,339,345,-0.0002478929102628369,-0.001610892910262837,time,8,1,0.004,0.0018,-0.00010622853298386288
GLENMARK,-1,29,30,30,-0.0018,-0.003163,stop,0,6,0.004,0.0018,-8.327781479025352e-05
GLENMARK,-1,34,35,41,0.0002924098750993753,-0.0010705901249006247,time,0,6,0.004,0.0018,0.0002505742326163746
GLENMARK,-1,68,69,75,0.0009681764606834786,-0.00039482353931652144,time,0,7,0.004,0.0018,4.20928568421556e-05
GLENMARK,-1,77,78,84,-0.001307079310199688,-0.002670079310199688,time,0,6,0.004,0.0018,0.00012647554806078496
GLENMARK,1,87,88,92,-0.0018,-0.003163,stop,6,2,0.004,0.0018,-0.000336007392162704
GLENMARK,1,95,96,97,-0.0018,-0.003163,stop,6,1,0.004,0.0018,0.0004187253998827569
GLENMARK,1,100,101,102,-0.0018,-0.003163,stop,7,0,0.004,0.0018,8.359107247357387e-05
GLENMARK,-1,131,132,133,-0.0018,-0.003163,stop,1,6,0.004,0.0018,-0.0
GLENMARK,-1,172,173,174,-0.0018,-0.003163,stop,0,7,0.004,0.0018,-0.0
GLENMARK,-1,182,183,189,0.0001259075838333512,-0.0012370924161666489,time,0,6,0.004,0.0018,-0.00012592343854924746
GLENMARK,1,195,196,202,0.0023445677203264292,0.0009815677203264292,time,6,1,0.004,0.0018,-0.00025114059687744716
GLENMARK,-1,223,224,230,0.0011305585796833606,-0.00023244142031663946,time,0,7,0.004,0.0018,0.00037671089531626594
GLENMARK,-1,275,276,282,-0.0005024494410248437,-0.0018654494410248437,time,1,8,0.004,0.0018,-8.374858674271298e-05
GLENMARK,-1,299,300,306,-0.0006280618012812766,-0.0019910618012812767,time,0,6,0.004,0.0018,-0.0
GLENMARK,1,310,311,317,0.0016721009949001164,0.00030910099490011637,time,6,0,0.004,0.0018,-0.000292532074052519
GLENMARK,-1,346,347,353,0.0007967459219186956,-0.0005662540780813044,time,0,6,0.004,0.0018,-0.0002516672958348681
GODFRYPHLP,-1,37,38,41,-0.0018,-0.003163,stop,0,6,0.004,0.0018,0.00015247001423051155
GODFRYPHLP,1,49,50,50,-0.0018,-0.003163,stop,7,0,0.004,0.0018,5.057657293137217e-05
GODFRYPHLP,-1,86,87,93,-0.0013197969543146115,-0.0026827969543146116,time,0,6,0.004,0.0018,-0.0005078720162519045
GODFRYPHLP,1,97,98,104,5.063803929528099e-05,-0.001312361960704719,time,6,0,0.004,0.0018,0.0006080259424402338
GODFRYPHLP,1,105,106,112,0.0008597582562079875,-0.0005032417437920125,time,8,1,0.004,0.0018,0.0
GODFRYPHLP,1,121,122,128,-0.0006060912167281662,-0.0019690912167281663,time,6,0,0.004,0.0018,0.00020207123010865924
GODFRYPHLP,1,136,137,143,5.052035970498636e-05,-0.0013124796402950137,time,7,1,0.004,0.0018,-0.00045447659445531667
GODFRYPHLP,1,144,145,151,-5.0380371807268176e-05,-0.0014133803718072682,time,8,1,0.004,0.0018,0.00010077089736486395
GODFRYPHLP,-1,208,209,215,0.0009127789046653456,-0.00045022109533465445,time,0,7,0.004,0.0018,0.00025348542458808617
GODFRYPHLP,-1,238,239,245,0.0002537298284785994,-0.0011092701715214007,time,1,8,0.004,0.0018,-0.00010150223304903476
GODFRYPHLP,1,288,289,295,-0.0018,-0.003163,stop,6,1,0.004,0.0018,0.0007085737422816535
GODFRYPHLP,1,316,317,323,0.0,-0.001363,time,6,1,0.004,0.0018,0.00010111223458040721
GODFRYPHLP,-1,342,343,349,0.00020279862096939105,-0.001160201379030609,time,0,7,0.004,0.0018,-0.00010140959334755373
GODFRYPHLP,-1,353,354,360,-0.0,-0.001363,time,1,6,0.004,0.0018,-0.000254000508001016
GODREJCP,-1,28,29,35,-0.00034378043889304877,-0.0017067804388930488,time,1,6,0.004,0.0018,-0.0001719197707736129
GODREJCP,-1,39,40,43,-0.0018,-0.003163,stop,0,7,0.004,0.0018,-0.0005163511187608095
GODREJCP,1,44,45,51,0.0023949364201403256,0.0010319364201403255,time,8,1,0.004,0.0018,0.0005705482969133337
GODREJCP,-1,88,89,95,0.0011428571428571122,-0.0002201428571428879,time,0,7,0.004,0.0018,-0.0
GODREJCP,1,112,113,117,-0.0018,-0.003163,stop,7,0,0.004,0.0018,0.00039920159680641317
GODREJCP,-1,129,130,136,-0.0018,-0.003163,stop,0,7,0.004,0.0018,0.00034313164817563143
GODREJCP,1,204,205,211,-0.001369941206689984,-0.002732941206689984,time,7,1,0.004,0.0018,-0.0003994065959145373
GODREJCP,1,284,285,288,0.004,0.002637,target,6,0,0.004,0.0018,0.0005138159397123151
GODREJCP,1,296,297,303,0.000682283375028403,-0.0006807166249715971,time,6,1,0.004,0.0018,-0.0005114508154799631
GODREJCP,-1,340,341,347,-0.00017113519680544975,-0.0015341351968054498,time,2,7,0.004,0.0018,-0.0
GODREJIND,-1,26,27,33,0.0027782756766444594,0.0014152756766444593,time,2,7,0.013585321194893708,0.006113394537702169,-8.962982880694546e-05
GODREJIND,-1,68,69,71,0.00559107498770476,0.00422807498770476,target,0,7,0.00559107498770476,0.002515983744467142,-0.0
GODREJIND,-1,73,74,80,9.101665604815956e-05,-0.0012719833439518405,time,0,6,0.005958343632508063,0.0026812546346286284,-0.0005463983243785962
GODREJIND,1,105,106,107,-0.0018,-0.003163,stop,6,1,0.004,0.0018,0.0
GODREJIND,1,177,178,183,-0.0018,-0.003163,stop,6,1,0.004,0.0018,-9.026900162475994e-05
GODREJIND,-1,200,201,207,0.002177068214804123,0.0008140682148041231,time,1,6,0.004,0.0018,-0.0
GODREJIND,-1,208,209,213,0.004,0.002637,target,0,7,0.004,0.0018,0.00045475216007276033
GODREJIND,-1,215,216,222,0.0028336380255941096,0.0014706380255941095,time,0,6,0.004,0.0018,-0.0
GODREJIND,-1,231,232,238,-0.0013729977116705427,-0.002735997711670543,time,0,6,0.004,0.0018,-0.0
GODREJIND,-1,241,242,247,-0.0018,-0.003163,stop,1,8,0.004,0.0018,-0.00018335166850022504
GODREJIND,1,252,253,255,-0.0018,-0.003163,stop,7,2,0.004,0.0018,-0.0006376970028241281
GODREJIND,-1,320,321,325,-0.0018,-0.003163,stop,0,7,0.004,0.0018,0.0002731742851939123
GODREJIND,1,338,339,340,-0.0018,-0.003163,stop,6,3,0.004,0.0018,0.00045232495024425545
GODREJIND,1,341,342,344,-0.0018,-0.003163,stop,7,2,0.004,0.0018,0.00017987229067345812
GODREJPROP,-1,38,39,41,-0.0018,-0.003163,stop,0,6,0.004,0.0018,-0.00041793539912819754
GODREJPROP,1,49,50,56,0.00035551342063167013,-0.00100748657936833,time,8,1,0.004,0.0018,-0.00017772511848338537
GODREJPROP,-1,74,75,81,0.0016633004633480608,0.00030030046334806075,time,0,6,0.004,0.0018,-0.0
GODREJPROP,-1,90,91,97,-0.0007146260123869208,-0.002077626012386921,time,1,8,0.004,0.0018,-5.955571437087513e-05
GODREJPROP,1,116,117,123,0.0037333333333333663,0.002370333333333366,time,6,1,0.004,0.0018,0.0004149869575527896
GODREJPROP,1,125,126,126,-0.0018,-0.003163,stop,8,1,0.004,0.0018,0.0
GODREJPROP,1,196,197,201,-0.0018,-0.003163,stop,6,1,0.004,0.0018,-0.00011828020580758499
GODREJPROP,-1,229,230,236,0.0005341246290802015,-0.0008288753709197985,time,0,6,0.004,0.0018,-0.00041560292109484384
GODREJPROP,-1,238,239,245,0.0005941770647652778,-0.0007688229352347223,time,0,6,0.004,0.0018,0.00011882129277569241
GODREJPROP,1,271,272,278,-0.001304090100770594,-0.002667090100770594,time,7,0,0.004,0.0018,0.00017786209758697725
GODREJPROP,1,285,286,292,0.0025422726735249146,0.0011792726735249145,time,8,1,0.004,0.0018,0.00041402969184364195
GODREJPROP,1,310,311,312,-0.0018,-0.003163,stop,6,0,0.004,0.0018,0.00017714791851193063
GODREJPROP,1,355,356,362,0.001888685592870143,0.0005256855928701429,time,6,1,0.004,0.0018,-0.00029502006136417275
GRASIM,1,40,41,47,0.0006593613614240823,-0.0007036386385759178,time,7,0,0.004,0.0018,-0.00021973882471114332
GRASIM,1,66,67,73,-0.00047010154193305453,-0.0018331015419330546,time,7,1,0.004,0.0018,-0.00015667596277379125
GRASIM,-1,94,95,101,-0.0008181246066707448,-0.002181124606670745,time,0,6,0.004,0.0018,-0.0
GRASIM,-1,141,142,148,0.00018891092849715463,-0.0011740890715028454,time,1,7,0.004,0.0018,-0.0003464566929133572
GRASIM,-1,166,167,173,0.0017654476670869723,0.00040244766708697225,time,1,8,0.004,0.0018,-0.0
GRASIM,1,281,282,288,0.001356039104383422,-6.960895616578162e-06,time,6,2,0.004,0.0018,-0.0005358212248242249
GRASIM,1,289,290,296,-0.0006287133381535082,-0.0019917133381535082,time,6,0,0.004,0.0018,-3.143467873755472e-05
GRASIM,1,303,304,305,-0.0018,-0.003163,stop,7,0,0.004,0.0018,0.0
GRASIM,1,338,339,345,0.0015709931818896905,0.00020799318188969044,time,6,1,0.004,0.0018,0.0006287924041877575
GRASIM,1,355,356,356,-0.0018,-0.003163,stop,7,1,0.004,0.0018,0.0
HAL,-1,25,26,32,0.0030274558930994955,0.0016644558930994954,time,0,6,0.004,0.0018,-0.00012528973250649708
HAL,-1,34,35,41,-0.0006084128815693202,-0.0019714128815693202,time,1,8,0.004,0.0018,-0.0
HAL,1,49,50,56,0.00018808777429457635,-0.0011749122257054237,time,6,1,0.004,0.0018,0.0
HAL,1,57,58,64,-0.0002920987293704158,-0.0016550987293704159,time,7,0,0.004,0.0018,-0.0002294534835211439
HAL,-1,78,79,85,-0.00048109103078997073,-0.0018440910307899708,time,0,7,0.004,0.0018,-0.00016736401673643974
HAL,1,107,108,114,-0.0007732982214140316,-0.0021362982214140317,time,6,1,0.004,0.0018,-0.0004804679339879218
HAL,1,116,117,123,-0.0006475872153750561,-0.002010587215375056,time,6,0,0.004,0.0018,2.0890346570925612e-05
HAL,-1,187,188,194,0.00041866404303869675,-0.0009443359569613033,time,0,6,0.004,0.0018,-2.0933640360134772e-05
HAL,-1,240,241,247,-8.396305625524292e-05,-0.001446963056255243,time,1,7,0.004,0.0018,-0.00029395708226591274
HAL,1,252,253,259,0.0023486977309901125,0.0009856977309901124,time,6,3,0.004,0.0018,-6.290758875197057e-05
HAL,1,286,287,293,0.0010015649452268516,-0.0003614350547731485,time,7,0,0.004,0.0018,0.00012521129405880003
HAL,-1,333,334,336,-0.0018,-0.003163,stop,1,6,0.004,0.0018,-0.0002298082145989751
HAVELLS,-1,27,28,34,0.0012847572726438772,-7.824272735612288e-05,time,0,6,0.004,0.0018,-0.0
HAVELLS,-1,39,40,41,-0.0018,-0.003163,stop,0,6,0.004,0.0018,-0.0
HAVELLS,1,49,50,56,0.0003664010259227801,-0.00099659897407722,time,7,0,0.004,0.0018,0.0
HAVELLS,1,57,58,64,-0.000914411119239178,-0.002277411119239178,time,7,0,0.004,0.0018,-0.0005483458234327696
HAVELLS,1,111,112,118,-0.0015499635302699266,-0.0029129635302699267,time,6,0,0.004,0.0018,-0.00027344818156955114
HAVELLS,1,152,153,159,-0.0007309273640931924,-0.0020939273640931924,time,6,2,0.004,0.0018,-0.00018269845619808665
HAVELLS,1,178,179,185,-0.0014613206685543112,-0.0028243206685543113,time,7,0,0.004,0.0018,0.0
HAVELLS,-1,209,210,216,0.002109124254928929,0.000746124254928929,time,0,6,0.004,0.0018,-0.0
HAVELLS,-1,274,275,281,-0.00045892611289577445,-0.0018219261128957745,time,1,7,0.004,0.0018,-0.0
HAVELLS,1,288,289,295,-0.0002741979709349751,-0.0016371979709349752,time,7,0,0.004,0.0018,-0.0006393861892583536
HAVELLS,-1,335,336,342,-0.0002749266862169808,-0.0016379266862169809,time,0,7,0.004,0.0018,-9.165062780692552e-05
HAVELLS,1,356,357,363,0.00027412280701755165,-0.0010888771929824484,time,7,0,0.004,0.0018,-0.00027404768429702613
HCLTECH,1,66,67,73,0.0023931078493937274,0.0010301078493937274,time,6,2,0.004,0.0018,7.977662544867097e-05
HCLTECH,1,82,83,89,-0.0005558643690939391,-0.0019188643690939392,time,7,0,0.004,0.0018,0.00039720368605020655
HCLTECH,1,97,98,104,0.002225401367032198,0.0008624013670321981,time,6,0,0.004,0.0018,0.0
HCLTECH,1,105,106,112,-0.0014252909969120209,-0.002788290996912021,time,7,0,0.004,0.0018,7.918910357945552e-05
HCLTECH,-1,141,142,144,-0.0018,-0.003163,stop,2,7,0.004,0.0018,-0.0
HCLTECH,1,204,205,208,-0.0018,-0.003163,stop,6,2,0.004,0.0018,0.0
HCLTECH,-1,209,210,216,-0.0018,-0.003163,stop,2,6,0.004,0.0018,-0.0
HCLTECH,1,233,234,234,-0.0018,-0.003163,stop,6,1,0.004,0.0018,0.000238095238095202
HCLTECH,1,262,263,269,-0.0003960396039603964,-0.0017590396039603965,time,7,0,0.004,0.0018,0.000316932097298226
HCLTECH,1,285,286,292,-0.0006329113924050667,-0.0019959113924050667,time,6,0,0.004,0.0018,0.0004749089757795702
HCLTECH,-1,306,307,313,0.0010319098269566673,-0.00033109017304333273,time,1,6,0.004,0.0018,-0.00031761156106071425
HCLTECH,1,351,352,358,0.0014309563558310145,6.795635583101449e-05,time,6,1,0.004,0.0018,0.0
HDFCAMC,-1,26,27,30,-0.0018,-0.003163,stop,0,6,0.004,0.0018,-0.0
HDFCAMC,-1,36,37,43,-0.0013922875706691151,-0.002755287570669115,time,0,7,0.004,0.0018,-8.438818565393169e-05
HDFCAMC,1,49,50,56,0.0013458384152753577,-1.7161584724642315e-05,time,6,2,0.004,0.0018,0.0
HDFCAMC,-1,65,66,72,0.0014311571326344197,6.815713263441962e-05,time,0,6,0.004,0.0018,8.417862704670771e-05
HDFCAMC,-1,80,81,87,-0.00033759547622058683,-0.001700595476220587,time,1,8,0.004,0.0018,-0.0003377094854150564
HDFCAMC,1,120,121,123,-0.0018,-0.003163,stop,6,1,0.004,0.0018,0.00042069835927639884
HDFCAMC,1,174,175,181,0.0006302521008403339,-0.0007327478991596662,time,8,1,0.004,0.0018,0.0
HDFCAMC,-1,198,199,205,0.0006307291228659917,-0.0007322708771340084,time,0,6,0.004,0.0018,-0.00042066296483257617
HDFCAMC,-1,207,208,214,-0.0,-0.001363,time,0,7,0.004,0.0018,-0.000463333473737378
HDFCAMC,-1,220,221,227,-0.00033769523005489077,-0.0017006952300548908,time,1,8,0.004,0.0018,-4.2213685676858056e-05
HDFCAMC,1,246,247,253,-0.00025272734931125473,-0.0016157273493112548,time,6,1,0.004,0.0018,0.0
HDFCAMC,-1,274,275,281,-0.001392170097873624,-0.002755170097873624,time,1,7,0.004,0.0018,-0.0
HDFCAMC,1,285,286,292,-0.0001261564339781751,-0.0014891564339781752,time,7,0,0.004,0.0018,-0.0001261405205399579
HDFCAMC,1,302,303,304,-0.0018,-0.003163,stop,6,0,0.004,0.0018,0.0
HDFCAMC,-1,346,347,353,-0.001307244665598395,-0.002670244665598395,time,0,7,0.004,0.0018,-0.0
HDFCBANK,-1,26,27,33,-0.0018,-0.003163,stop,0,7,0.004,0.0018,-6.871907641555047e-05
HDFCBANK,1,50,51,57,0.00212328767123271,0.0007602876712327097,time,7,0,0.004,0.0018,6.849784231790468e-05
HDFCBANK,1,66,67,73,-0.0018,-0.003163,stop,8,1,0.004,0.0018,0.00013642564802185912
HDFCBANK,1,116,117,123,0.0020477815699657675,0.0006847815699657675,time,6,0,0.004,0.0018,0.0
HDFCBANK,1,151,152,158,-6.805962022726764e-05,-0.0014310596202272677,time,7,1,0.004,0.0018,0.0
HDFCBANK,1,176,177,183,-6.798558705567448e-05,-0.0014309855870556745,time,8,1,0.004,0.0018,0.00013598966478550723
HDFCBANK,1,234,235,241,0.00020417886068191393,-0.0011588211393180861,time,7,0,0.004,0.0018,-6.80549884307448e-05
HDFCBANK,1,285,286,289,0.004,0.002637,target,6,1,0.004,0.0018,6.80133306128929e-05
HDFCBANK,1,315,316,317,-0.0018,-0.003163,stop,8,1,0.004,0.0018,6.762239653782555e-05
HDFCBANK,-1,353,354,360,0.00020392903269661478,-0.0011590709673033853,time,1,6,0.004,0.0018,0.0001359342078434347
HDFCLIFE,-1,25,26,29,0.004,0.002637,target,0,7,0.004,0.0018,0.00019175455417070515
HDFCLIFE,-1,35,36,39,-0.001998455300251017,-0.003361455300251017,stop,0,6,0.004441011778335593,0.001998455300251017,0.0005792624058697713
HDFCLIFE,1,42,43,49,0.002495920130555662,0.0011329201305556621,time,6,3,0.005129963651327082,0.002308483643097187,0.00019203072491603021
HDFCLIFE,1,59,60,62,0.004,0.002637,target,7,0,0.004,0.0018,0.0
HDFCLIFE,1,83,84,90,0.0018935807612194822,0.0005305807612194821,time,6,0,0.004,0.0018,0.0
HDFCLIFE,1,99,100,106,0.00018925056775165316,-0.001173749432248347,time,6,0,0.004,0.0018,0.0
HDFCLIFE,1,121,122,124,0.004,0.002637,target,8,1,0.004,0.0018,-9.41885655082758e-05
HDFCLIFE,1,125,126,127,-0.0018,-0.003163,stop,7,0,0.004,0.0018,-9.349289453992994e-05
HDFCLIFE,-1,160,161,167,0.0012310606060605966,-0.00013193939393940342,time,1,6,0.004,0.0018,-0.0002841716396703178
HDFCLIFE,1,173,174,178,0.004,0.002637,target,6,1,0.004,0.0018,0.00018919685933217812
HDFCLIFE,1,179,180,181,-0.0018,-0.003163,stop,7,0,0.004,0.0018,-0.0005641218503195836
HDFCLIFE,1,194,195,201,0.001226415094339517,-0.00013658490566048316,time,6,0,0.004,0.0018,0.0
HDFCLIFE,1,227,228,234,-0.0006594441827603159,-0.002022444182760316,time,6,0,0.004,0.0018,-0.00018837713101633744
HDFCLIFE,1,246,247,253,-0.00037647058823542245,-0.0017394705882354225,time,7,0,0.004,0.0018,0.0
HDFCLIFE,1,287,288,294,-0.0018,-0.003163,stop,6,1,0.004,0.0018,0.0
HDFCLIFE,1,302,303,309,0.0006593820648079785,-0.0007036179351920216,time,6,1,0.004,0.0018,-9.41885655082758e-05
HDFCLIFE,-1,340,341,347,-0.000378286362776592,-0.001741286362776592,time,1,6,0.004,0.0018,-0.0003784295175024512
HDFCLIFE,1,356,357,359,-0.0018,-0.003163,stop,6,0,0.004,0.0018,0.0
HEROMOTOCO,-1,25,26,32,0.001594597129725206,0.0002315971297252059,time,0,6,0.004,0.0018,-0.0003753401520127616
HEROMOTOCO,-1,37,38,44,0.00037629350893697566,-0.0009867064910630244,time,0,7,0.004,0.0018,-0.0001881821603312006
HEROMOTOCO,1,53,54,60,-0.00046904315196993895,-0.001832043151969939,time,6,0,0.004,0.0018,-0.00018758206715438003
HEROMOTOCO,1,66,67,73,-0.0012164311780668013,-0.0025794311780668014,time,7,0,0.004,0.0018,0.00028079371022089104
HEROMOTOCO,-1,92,93,99,0.0001877757956999515,-0.0011752242043000486,time,1,8,0.004,0.0018,-0.0
HEROMOTOCO,1,108,109,115,-0.0005624296962879471,-0.0019254296962879472,time,6,0,0.004,0.0018,-0.000468471844842125
HEROMOTOCO,1,195,196,202,-0.0009377344336084503,-0.0023007344336084504,time,6,0,0.004,0.0018,0.0
HEROMOTOCO,1,225,226,232,0.0008434864104966966,-0.0005195135895033035,time,7,0,0.004,0.0018,0.0
HEROMOTOCO,1,285,286,289,0.004,0.002637,target,6,2,0.004,0.0018,0.0
HEROMOTOCO,1,296,297,302,0.004,0.002637,target,7,0,0.004,0.0018,-0.0005587112394077661
HEROMOTOCO,1,303,304,307,-0.0018,-0.003163,stop,6,0,0.004,0.0018,0.0
HINDALCO,-1,28,29,35,0.0014282799428688708,6.527994286887077e-05,time,0,6,0.004,0.0018,0.0003059663437021464
HINDALCO,1,41,42,48,-0.0014250814332247286,-0.0027880814332247286,time,6,0,0.004,0.0018,0.00010180189351524253
HINDALCO,1,57,58,64,-0.0017295757452435723,-0.0030925757452435723,time,6,0,0.004,0.0018,0.00020352091177361532
HINDALCO,-1,72,73,79,0.0009188361408881685,-0.0004441638591118316,time,0,7,0.004,0.0018,0.00010208248264600116
HINDALCO,-1,86,87,93,0.0006138107416879812,-0.0007491892583120188,time,1,8,0.004,0.0018,-0.0
HINDALCO,1,127,128,130,-0.0018,-0.003163,stop,7,2,0.004,0.0018,0.0
HINDALCO,-1,146,147,153,-0.00010236462278645497,-0.001465364622786455,time,1,7,0.004,0.0018,0.00010235414534290965
HINDALCO,-1,214,215,221,0.0006168397244782353,-0.0007461602755217647,time,1,6,0.004,0.0018,0.0005137690094533497
HINDALCO,1,288,289,295,0.0006137479541734603,-0.0007492520458265398,time,7,1,0.004,0.0018,-0.00020454080589070545
HINDALCO,1,297,298,304,-0.00040845501889097413,-0.0017714550188909742,time,7,0,0.004,0.0018,-0.0005103082261686059
HINDALCO,-1,309,310,316,-0.0010235414534287557,-0.0023865414534287557,time,1,6,0.004,0.0018,0.00010234367004403105
HINDPETRO,-1,35,36,42,-0.0005717552887363198,-0.0019347552887363198,time,0,7,0.004,0.0018,-0.0
HINDPETRO,-1,45,46,49,-0.0018,-0.003163,stop,0,6,0.004,0.0018,-0.000573312311881865
HINDPETRO,1,54,55,56,-0.0018,-0.003163,stop,7,0,0.004,0.0018,0.0
HINDPETRO,-1,65,66,72,0.00014293882218419096,-0.001220061177815809,time,0,6,0.004,0.0018,-0.0
HINDPETRO,-1,79,80,83,-0.0018,-0.003163,stop,0,7,0.004,0.0018,-0.0
HINDPETRO,-1,85,86,92,0.00042887776983557835,-0.0009341222301644217,time,1,7,0.004,0.0018,-0.0005721642111285614
HINDPETRO,-1,94,95,98,-0.0018,-0.003163,stop,0,6,0.004,0.0018,-0.0
HINDPETRO,1,101,102,107,0.004,0.002637,target,6,0,0.004,0.0018,0.0
HINDPETRO,1,108,109,115,0.0008496176720473869,-0.0005133823279526131,time,8,1,0.004,0.0018,0.0
HINDPETRO,-1,131,132,135,-0.0018,-0.003163,stop,3,6,0.004,0.0018,-0.0004254715643170536
HINDPETRO,-1,222,223,229,-0.0005702066999286881,-0.0019332066999286882,time,0,6,0.004,0.0018,-0.00014257199885945644
HINDPETRO,-1,259,260,266,-0.0007129616426635454,-0.0020759616426635455,time,0,7,0.004,0.0018,-0.0
HINDPETRO,1,288,289,289,-0.0018,-0.003163,stop,7,2,0.004,0.0018,0.00014192449616807088
HINDPETRO,-1,293,294,300,0.0009977194982896398,-0.00036528050171036027,time,0,6,0.004,0.0018,-0.0004277769855982721
HINDPETRO,-1,325,326,332,0.0008553100498931432,-0.0005076899501068569,time,1,6,0.004,0.0018,-0.00014257199885945644
HINDPETRO,1,357,358,364,0.0015647226173542972,0.00020172261735429712,time,8,1,0.004,0.0018,0.0
HINDUNILVR,-1,36,37,43,-0.0007818608287724071,-0.002144860828772407,time,1,8,0.004,0.0018,-0.0
HINDUNILVR,1,49,50,56,-0.0007276507276507971,-0.002090650727650797,time,6,0,0.004,0.0018,-0.0005194805194805195
HINDUNILVR,-1,93,94,100,-0.0009361348034115924,-0.0022991348034115924,time,1,6,0.004,0.0018,-0.0004162330905306735
HINDUNILVR,1,178,179,185,-0.0007271216370624556,-0.0020901216370624556,time,6,1,0.004,0.0018,0.0002597537534417372
HINDUNILVR,1,248,249,255,-0.0008297894409294848,-0.002192789440929485,time,7,1,0.004,0.0018,0.00010373443983404849
HINDUNILVR,1,284,285,291,0.002433845994511019,0.001070845994511019,time,8,1,0.004,0.0018,0.0
HINDUNILVR,1,303,304,310,-0.00041326583324718946,-0.0017762658332471895,time,7,1,0.004,0.0018,0.0
HINDUNILVR,1,311,312,318,0.00030966143682920055,-0.0010533385631707995,time,6,0,0.004,0.0018,0.00015485469467813685
HINDUNILVR,1,322,323,329,0.0,-0.001363,time,6,0,0.004,0.0018,0.0
HINDZINC,-1,28,29,35,-0.00025322866548482814,-0.0016162286654848282,time,0,6,0.004,0.0018,-0.0
HINDZINC,-1,77,78,84,0.0005076142131978933,-0.0008553857868021067,time,1,8,0.004,0.0018,-0.0003385240352065767
HINDZINC,-1,86,87,93,0.00025423728813556146,-0.0011087627118644386,time,1,7,0.004,0.0018,8.473858147606902e-05
HINDZINC,-1,129,130,136,0.00033904051534150437,-0.0010239594846584957,time,1,8,0.004,0.0018,-0.00016954899966094056
HINDZINC,1,157,158,162,-0.0018,-0.003163,stop,6,1,0.004,0.0018,-0.0002539145154464279
HINDZINC,-1,221,222,228,-0.0013610071452876404,-0.0027240071452876405,time,1,7,0.004,0.0018,-0.0
HINDZINC,1,287,288,294,0.0017780035560073237,0.0004150035560073237,time,6,0,0.004,0.0018,-0.00016930500296287606
HINDZINC,-1,345,346,352,-0.0005082161612739444,-0.0018712161612739445,time,1,8,0.004,0.0018,8.469551960712834e-05
HONAUT,1,50,51,57,0.001191185229303171,-0.000171814770696829,time,6,1,0.004,0.0018,0.0001489203276247208
HONAUT,1,99,100,106,-0.0007428316743426366,-0.0021058316743426367,time,6,0,0.004,0.0018,0.0
HONAUT,1,112,113,119,0.001633259094283579,0.0002702590942835789,time,7,2,0.004,0.0018,-0.00029686804215526197
HONAUT,1,233,234,240,-0.0005911912503695493,-0.0019541912503695494,time,6,0,0.004,0.0018,0.0
HUDCO,-1,26,27,33,-0.0018,-0.003163,stop,0,6,0.004,0.0018,0.00011519410206203335
HUDCO,-1,37,38,40,-0.0018,-0.003163,stop,0,6,0.004,0.0018,-0.0
HUDCO,1,42,43,49,-0.0007453701049251471,-0.002108370104925147,time,6,0,0.004,0.0018,-5.733287467028383e-05
HUDCO,1,52,53,59,0.0008591065292096189,-0.0005038934707903811,time,7,0,0.004,0.0018,0.000573065902578764
HUDCO,-1,78,79,85,0.0007460117066452332,-0.0006169882933547669,time,0,7,0.004,0.0018,-0.0006316393913292289
HUDCO,1,110,111,117,0.0009169054441260371,-0.0004460945558739629,time,6,2,0.004,0.0018,-0.00011460004584007695
HUDCO,1,123,124,130,-0.00011448852252571307,-0.0014774885225257131,time,6,0,0.004,0.0018,-0.0004577444641529582
HUDCO,-1,206,207,213,0.001093210586881499,-0.0002697894131185011,time,1,8,0.004,0.0018,0.00011506155793338977
HUDCO,-1,222,223,229,-0.0006340423079138624,-0.0019970423079138625,time,1,6,0.004,0.0018,-0.0001729505361466686
HUDCO,1,281,282,288,0.004,0.002637,target,7,2,0.004,0.0018,0.00011500862564681892
HUDCO,1,289,290,296,-0.001201785509900466,-0.002564785509900466,time,6,2,0.004,0.0018,-5.722460658077771e-05
HUDCO,-1,335,336,342,5.7329587800358794e-05,-0.0013056704121996413,time,2,6,0.004,0.0018,-0.00022937095016927844
ICICIBANK,-1,26,27,33,0.0012028266426102885,-0.00016017335738971157,time,0,7,0.004,0.0018,-0.0
ICICIBANK,-1,69,70,76,-0.00022609088853720039,-0.0015890908885372004,time,1,8,0.004,0.0018,7.535795026368429e-05
ICICIBANK,1,122,123,129,-0.00172919329373733,-0.00309219329373733,time,6,2,0.004,0.0018,7.518796992474364e-05
ICICIBANK,1,204,205,211,-0.0010534236267871755,-0.0024164236267871756,time,7,2,0.004,0.0018,-0.0004512635379060688
ICICIBANK,1,226,227,233,0.00015039855617393627,-0.0012126014438260638,time,6,1,0.004,0.0018,-7.519362358082293e-05
ICICIBANK,-1,240,241,247,0.0003013409673046086,-0.0010616590326953915,time,0,6,0.004,0.0018,-0.0
ICICIBANK,-1,259,260,266,7.542046911546141e-05,-0.0012875795308845387,time,1,8,0.004,0.0018,-0.0
ICICIBANK,-1,275,276,282,0.00045279601539494063,-0.0009102039846050594,time,0,6,0.004,0.0018,0.0001509092280993326
ICICIBANK,-1,293,294,300,-0.0015865820489575633,-0.0029495820489575633,time,0,7,0.004,0.0018,-0.0
ICICIBANK,-1,334,335,339,-0.0018,-0.003163,stop,0,7,0.004,0.0018,-0.0
ICICIBANK,-1,346,347,353,-0.00022677451054509135,-0.0015897745105450914,time,1,8,0.004,0.0018,-0.00022682594888869038
ICICIGI,-1,29,30,32,-0.0018,-0.003163,stop,0,6,0.004,0.0018,-0.0005101715451821835
ICICIGI,-1,35,36,39,-0.0018,-0.003163,stop,0,6,0.004,0.0018,-0.0
ICICIGI,1,42,43,49,0.002795780912441259,0.001432780912441259,time,6,1,0.004,0.0018,-0.00019058509624544473
ICICIGI,1,54,55,59,-0.0018,-0.003163,stop,6,0,0.004,0.0018,0.0
ICICIGI,-1,118,119,125,-0.00038080731150036407,-0.0017438073115003641,time,0,7,0.004,0.0018,-0.0004444726649309912
ICICIGI,-1,146,147,153,0.001462732129229316,9.9732129229316e-05,time,1,7,0.004,0.0018,0.00025432349949126626
ICICIGI,-1,154,155,159,-0.0018,-0.003163,stop,1,7,0.004,0.0018,-0.0001912167760851262
ICICIGI,1,181,182,185,-0.0018,-0.003163,stop,7,0,0.004,0.0018,0.0
ICICIGI,1,195,196,202,0.00012700831904499665,-0.0012359916809550034,time,7,2,0.004,0.0018,0.00031762164909160206
ICICIGI,-1,213,214,220,-6.361727845272114e-05,-0.0014266172784527212,time,1,6,0.004,0.0018,-0.00038184942404387225
ICICIGI,-1,223,224,230,0.0009569988516013872,-0.00040600114839861286,time,1,8,0.004,0.0018,6.379585326947945e-05
ICICIGI,-1,309,310,316,-0.0007726482518832789,-0.002135648251883279,time,0,7,0.004,0.0018,-0.0
ICICIGI,1,339,340,345,-0.0018,-0.003163,stop,7,2,0.004,0.0018,-0.00038510911424897884
ICICIPRULI,-1,28,29,35,0.003138528138528107,0.0017755281385281071,time,0,7,0.004,0.0018,-0.0
ICICIPRULI,-1,36,37,40,-0.0018,-0.003163,stop,0,7,0.004,0.0018,-0.0
ICICIPRULI,1,42,43,49,0.0020547204498755356,0.0006917204498755355,time,6,3,0.004092664092664093,0.0018416988416988418,-0.00032432432432427514
ICICIPRULI,1,53,54,60,0.004,0.002637,target,6,0,0.004,0.0018,0.0
ICICIPRULI,1,84,85,91,-0.0018,-0.003163,stop,6,0,0.004,0.0018,0.0003220611916263602
ICICIPRULI,1,101,102,108,0.0009683666881858954,-0.0003946333118141046,time,6,2,0.004,0.0018,-0.0005376922249704269
ICICIPRULI,1,121,122,125,0.004,0.002637,target,6,0,0.004,0.0018,-0.000536365586783952
ICICIPRULI,-1,139,140,146,0.0010783996549120767,-0.0002846003450879234,time,0,7,0.004,0.0018,-0.0003236245954692066
ICICIPRULI,-1,160,161,167,0.0028105069722192955,0.0014475069722192954,time,0,6,0.004,0.0018,0.0004321988114532439
ICICIPRULI,-1,170,171,174,-0.0018,-0.003163,stop,0,7,0.004,0.0018,-0.0002170609941394025
ICICIPRULI,-1,186,187,193,0.0006511829824180637,-0.0007118170175819363,time,0,6,0.004,0.0018,0.00021701388888893824
ICICIPRULI,-1,213,214,220,-0.0009793253536451996,-0.0023423253536451996,time,0,6,0.004,0.0018,-0.00043544524276069806
ICICIPRULI,-1,222,223,229,0.00032647730982693357,-0.0010365226901730665,time,0,6,0.004,0.0018,0.00021760417800026707
ICICIPRULI,-1,243,244,247,-0.0018,-0.003163,stop,0,6,0.004,0.0018,-0.0
ICICIPRULI,1,285,286,292,-0.00010823682216687391,-0.001471236822166874,time,6,1,0.004,0.0018,0.0
ICICIPRULI,-1,294,295,298,-0.0018,-0.003163,stop,1,6,0.004,0.0018,0.00010849517196487223
ICICIPRULI,1,355,356,362,0.0025965595585850654,0.0012335595585850653,time,6,2,0.004,0.0018,0.0
IDEA,-1,25,26,32,0.0014124293785310327,4.942937853103261e-05,time,0,7,0.004,0.0018,-0.0
IDEA,-1,39,40,46,0.0021246458923512845,0.0007616458923512845,time,0,7,0.004,0.0018,-0.0007087172218284754
IDEA,1,48,49,55,0.0021216407355020284,0.0007586407355020283,time,6,3,0.004,0.0018,-0.0007067137809187128
IDEA,1,61,62,68,-0.0007042253521126751,-0.002067225352112675,time,7,0,0.004,0.0018,-0.0007037297677692866
IDEA,-1,73,74,80,0.0007067137809186885,-0.0006562862190813115,time,0,7,0.004,0.0018,-0.0007072135785006921
IDEA,1,97,98,104,0.0028208744710860323,0.0014578744710860322,time,6,0,0.004,0.0018,0.0
IDEA,1,109,110,116,-0.00070175438596487,-0.00206475438596487,time,8,1,0.004,0.0018,0.0
IDEA,1,125,126,131,-0.0018,-0.003163,stop,6,0,0.004,0.0018,0.0
IDEA,1,144,145,151,-0.0006997900629810427,-0.002062790062981043,time,7,0,0.004,0.0018,-0.0006993006993008086
IDEA,1,157,158,161,-0.0018,-0.003163,stop,7,1,0.004,0.0018,0.0
IDEA,-1,187,188,194,-0.0018,-0.003163,stop,2,6,0.004,0.0018,-0.0
IDEA,-1,220,221,223,-0.0018,-0.003163,stop,1,8,0.004,0.0018,-0.0
IDEA,1,252,253,259,0.0007012622720896644,-0.0006617377279103357,time,6,0,0.004,0.0018,-0.0007007708479327111
IDEA,1,270,271,277,0.0,-0.001363,time,7,0,0.004,0.0018,0.0
IDEA,1,288,289,295,0.0,-0.001363,time,7,2,0.004,0.0018,0.0
IDEA,1,317,318,324,0.0013937282229965486,3.0728222996548576e-05,time,6,0,0.004,0.0018,0.0
IDEA,-1,346,347,353,0.002799160251924393,0.001436160251924393,time,1,6,0.004,0.0018,-0.0007002801120448031
IDFCFIRSTB,-1,25,26,32,-0.00023949227637398707,-0.0016024922763739871,time,0,7,0.004,0.0018,0.00011973180076617464
IDFCFIRSTB,-1,38,39,45,0.000359798512832854,-0.001003201487167146,time,0,7,0.004,0.0018,-0.0
IDFCFIRSTB,1,53,54,56,-0.0018,-0.003163,stop,7,2,0.004,0.0018,-0.00023903430142220653
IDFCFIRSTB,1,136,137,143,-0.0013153174698075087,-0.002678317469807509,time,7,0,0.004,0.0018,-0.00035859431030362346
IDFCFIRSTB,1,157,158,164,0.0,-0.001363,time,8,1,0.004,0.0018,0.0
IDFCFIRSTB,1,193,194,200,-0.00023854961832070476,-0.0016015496183207048,time,6,2,0.004,0.0018,0.0
IDFCFIRSTB,-1,211,212,218,0.0005980145915559509,-0.0007649854084440491,time,1,8,0.004,0.0018,0.00011958861516389757
IDFCFIRSTB,-1,221,222,228,-0.001079395538498451,-0.002442395538498451,time,0,7,0.004,0.0018,0.0005993048064246837
IDFCFIRSTB,-1,259,260,266,0.00035988483685223116,-0.001003115163147769,time,0,6,0.004,0.0018,-0.00036001440057603667
IDFCFIRSTB,1,281,282,288,0.002509860164933597,0.0011468601649335971,time,7,0,0.004,0.0018,-0.00023897717767948405
IDFCFIRSTB,1,316,317,323,0.0007142006903939624,-0.0006487993096060377,time,7,1,0.004,0.0018,0.0
IDFCFIRSTB,1,331,332,338,0.0004753416518121778,-0.0008876583481878223,time,7,0,0.004,0.0018,0.0
IDFCFIRSTB,1,344,345,350,-0.0018,-0.003163,stop,6,0,0.004,0.0018,-0.0005939653124258893
IDFCFIRSTB,-1,353,354,360,0.00023866348448686736,-0.0011243365155131327,time,1,6,0.004,0.0018,-0.0
INDHOTEL,-1,28,29,35,0.0008271298593879317,-0.0005358701406120684,time,0,6,0.004,0.0018,-6.893223960840218e-05
INDHOTEL,-1,36,37,39,-0.0018,-0.003163,stop,0,6,0.004,0.0018,-0.00034518467380048324
INDHOTEL,1,47,48,54,0.0008935936211162954,-0.0004694063788837047,time,6,0,0.004,0.0018,0.0
INDHOTEL,-1,64,65,66,-0.0018,-0.003163,stop,2,7,0.004,0.0018,0.00013761783527148247
INDHOTEL,-1,74,75,81,-0.00027552004408337716,-0.0016385200440833772,time,0,7,0.004,0.0018,-0.0
INDHOTEL,-1,139,140,146,0.0006219765031099111,-0.0007410234968900889,time,0,7,0.004,0.0018,6.910372469069799e-05
INDHOTEL,1,193,194,200,-0.0002067682128334969,-0.001569768212833497,time,6,0,0.004,0.0018,0.0
INDHOTEL,-1,215,216,220,-0.0018,-0.003163,stop,0,7,0.004,0.0018,-0.00041450777202066256
INDHOTEL,-1,242,243,249,-0.0004836258118003922,-0.0018466258118003923,time,0,6,0.004,0.0018,-0.0
INDHOTEL,-1,253,254,260,0.0006217616580311836,-0.0007412383419688165,time,0,6,0.004,0.0018,-6.908940168571856e-05
INDHOTEL,1,288,289,295,6.896076132689721e-05,-0.0012940392386731028,time,7,2,0.004,0.0018,-6.89560060682226e-05
INDHOTEL,1,344,345,351,-0.0005506607929515184,-0.0019136607929515184,time,7,0,0.004,0.0018,-0.0004128250997661596
INDHOTEL,1,357,358,359,-0.0018,-0.003163,stop,6,0,0.004,0.0018,6.880891763581946e-05
INDIANB,1,32,33,35,-0.001997360844529766,-0.003360360844529766,stop,7,1,0.004438579654510591,0.001997360844529766,0.0
INDIANB,-1,39,40,46,-0.0006626506024096646,-0.0020256506024096646,time,0,6,0.004,0.0018,6.023733510024038e-05
INDIANB,1,48,49,55,0.0006006727534839662,-0.0007623272465160339,time,6,0,0.004,0.0018,0.0004807692307692034
INDIANB,1,61,62,62,-0.0018,-0.003163,stop,6,0,0.004,0.0018,-0.00036016567621113897
INDIANB,-1,69,70,71,-0.0018,-0.003163,stop,1,8,0.004,0.0018,-6.036460219735387e-05
INDIANB,-1,73,74,80,-0.0006040836051710574,-0.0019670836051710575,time,1,8,0.004,0.0018,-0.0
INDIANB,1,112,113,119,-0.0011438892233595066,-0.0025068892233595067,time,7,2,0.004,0.0018,-0.00018058147234091044
INDIANB,-1,129,130,136,-0.00120678211548908,-0.00256978211548908,time,1,6,0.004,0.0018,6.0335465186518894e-05
INDIANB,-1,222,223,229,-0.0006055468087682314,-0.0019685468087682315,time,1,8,0.004,0.0018,-0.0
INDIANB,1,235,236,242,0.0003624939584339071,-0.001000506041566093,time,6,3,0.004,0.0018,-0.00018121413470247933
INDIANB,1,256,257,263,-0.0009049227799228232,-0.0022679227799228233,time,6,1,0.004,0.0018,-0.00048239266763156163
INDIANB,1,271,272,278,0.0009038867128652317,-0.00045911328713476836,time,7,2,0.004,0.0018,0.0
INDIANB,1,280,281,287,-6.0135907150260515e-05,-0.0014231359071502606,time,8,1,0.004,0.0018,-0.00018037518037515303
INDIANB,1,318,319,325,-0.0010195513973851877,-0.002382551397385188,time,7,0,0.004,0.0018,0.0
INDIANB,-1,345,346,352,-0.00042168674698794817,-0.0017846867469879482,time,0,7,0.004,0.0018,-0.0
INDIGO,1,50,51,53,-0.0018,-0.003163,stop,7,0,0.004,0.0018,-0.0001017293997965412
INDIGO,1,62,63,69,-0.0018,-0.003163,stop,6,0,0.004,0.0018,0.0
INDIGO,1,108,109,115,0.00010172939979646856,-0.0012612706002035315,time,7,1,0.004,0.0018,0.0
INDIGO,1,147,148,154,-0.000711599064755486,-0.002074599064755486,time,8,1,0.004,0.0018,0.0
INDIGO,-1,169,170,176,-0.0010188487009679115,-0.0023818487009679115,time,0,6,0.004,0.0018,-0.0
INDIGO,-1,259,260,266,-0.0005107252298264253,-0.0018737252298264254,time,1,8,0.004,0.0018,0.0001021346134204882
INDIGO,1,270,271,277,0.00020387359836893104,-0.001159126401631069,time,6,1,0.004,0.0018,0.00010194719135487817
INDIGO,1,281,282,288,0.004,0.002637,target,8,1,0.004,0.0018,0.0
INDIGO,1,289,290,293,-0.0018,-0.003163,stop,8,1,0.004,0.0018,0.0003029385034837928
INDIGO,1,302,303,309,-0.000909826122118873,-0.002272826122118873,time,6,0,0.004,0.0018,0.0
INDIGO,1,337,338,338,-0.0018,-0.003163,stop,8,1,0.004,0.0018,0.0
INDUSINDBK,-1,25,26,28,0.004,0.002637,target,0,7,0.004,0.0018,-0.00010914647456877215
INDUSINDBK,-1,37,38,44,-0.0017541936191207697,-0.0031171936191207697,time,0,6,0.004,0.0018,-0.0
INDUSINDBK,1,53,54,57,-0.0018,-0.003163,stop,6,1,0.004,0.0018,0.0
INDUSINDBK,-1,79,80,86,0.0012053473591935315,-0.00015765264080646853,time,1,8,0.004,0.0018,0.0002191060473268315
INDUSINDBK,1,107,108,114,0.00010946907498632363,-0.0012535309250136764,time,6,1,0.004,0.0018,0.0
INDUSINDBK,-1,129,130,136,-0.0014254385964911354,-0.0027884385964911354,time,0,7,0.004,0.0018,-0.00010966114705562314
INDUSINDBK,-1,166,167,173,0.0007685551163810755,-0.0005944448836189245,time,1,7,0.004,0.0018,-0.0
INDUSINDBK,1,235,236,241,-0.0018,-0.003163,stop,7,2,0.004,0.0018,0.0
INDUSINDBK,-1,242,243,249,0.0010997470581766144,-0.0002632529418233856,time,0,6,0.004,0.0018,-0.0
INDUSINDBK,-1,253,254,260,0.00044062568847758055,-0.0009223743115224195,time,0,6,0.004,0.0018,-0.00011016855789347697
INDUSINDBK,1,285,286,289,0.004,0.002637,target,7,2,0.004,0.0018,0.0
INDUSINDBK,1,301,302,308,-0.00021862702229991093,-0.001581627022299911,time,6,0,0.004,0.0018,0.00021867483052693176
INDUSINDBK,1,317,318,324,-0.00010917030567691999,-0.00147217030567692,time,6,0,0.004,0.0018,-0.0001091583888222058
INDUSINDBK,-1,329,330,332,-0.0018,-0.003163,stop,0,6,0.004,0.0018,-0.00010948105977668354
INDUSTOWER,-1,28,29,35,-0.0018,-0.003163,stop,1,8,0.004,0.0018,-0.0006656903208627346
INDUSTOWER,1,83,84,90,-0.0018,-0.003163,stop,6,0,0.004,0.0018,0.00013227513227516234
INDUSTOWER,1,110,111,113,-0.0018,-0.003163,stop,6,0,0.004,0.0018,0.0
INDUSTOWER,1,127,128,131,-0.0018,-0.003163,stop,6,1,0.004,0.0018,0.0
INDUSTOWER,-1,189,190,196,0.0007981907675934652,-0.0005648092324065349,time,0,7,0.004,0.0018,-0.00026613439787098535
INDUSTOWER,-1,208,209,215,0.0001332090049287471,-0.001229790995071253,time,0,7,0.004,0.0018,-0.0001332267519318182
INDUSTOWER,-1,222,223,229,-0.0005331911490269459,-0.001896191149026946,time,1,6,0.004,0.0018,-0.0
INDUSTOWER,1,271,272,278,-0.0013312034078807322,-0.0026942034078807323,time,6,2,0.004,0.0018,0.0
INDUSTOWER,1,288,289,295,-0.00026574541589163836,-0.0016287454158916384,time,6,3,0.004,0.0018,-0.00013285505513487808
INDUSTOWER,-1,325,326,332,0.0025306339904102026,0.0011676339904102026,time,0,7,0.004,0.0018,-0.00039973351099261095
INDUSTOWER,-1,335,336,342,-0.0006684491978610207,-0.002031449197861021,time,0,7,0.004,0.0018,-0.0
INFY,1,49,50,56,-0.0009997000899729658,-0.002362700089972966,time,7,2,0.004,0.0018,0.0
INFY,1,83,84,90,-0.00029985007496247107,-0.0016628500749624711,time,6,0,0.004,0.0018,-0.00019986009793149343
INFY,-1,94,95,101,-0.0018,-0.003163,stop,1,6,0.004,0.0018,-0.0
INFY,1,105,106,112,-0.0008983829107606089,-0.002261382910760609,time,7,0,0.004,0.0018,0.0
INFY,-1,141,142,148,-0.0010010010010010895,-0.0023640010010010895,time,2,7,0.004,0.0018,0.00010009008107298842
INFY,-1,201,202,208,0.002200660198059423,0.0008376601980594231,time,2,7,0.004,0.0018,-0.0
INFY,-1,209,210,211,-0.0018,-0.003163,stop,1,8,0.004,0.0018,-0.0
INFY,-1,222,223,229,0.0008019246190859031,-0.000561075380914097,time,0,6,0.004,0.0018,-0.0003008121929209548
INFY,-1,238,239,245,0.0005022097227802558,-0.0008607902772197443,time,1,8,0.004,0.0018,-0.0
INFY,-1,309,310,316,0.0002009444388625381,-0.001162055561137462,time,0,6,0.004,0.0018,-0.00030150753768839653
INFY,1,355,356,362,0.000500851447460704,-0.0008621485525392961,time,7,1,0.004,0.0018,0.00010018032458416054
IOC,-1,28,29,35,0.0009577838355558921,-0.000405216164444108,time,0,7,0.004,0.0018,-0.00029478959392727574
IOC,1,108,109,115,0.0004412413590233477,-0.0009217586409766523,time,6,1,0.004,0.0018,0.00022066936373667627
IOC,1,122,123,129,-0.0015416238437822027,-0.002904623843782203,time,7,1,0.004,0.0018,0.0
IOC,-1,219,220,226,0.00044211922481762755,-0.0009208807751823725,time,1,8,0.004,0.0018,-0.00044231478068560467
IOC,1,281,282,288,0.0025818825612273777,0.0012188825612273776,time,7,2,0.004,0.0018,-0.0005897965202004135
IOC,1,318,319,325,-0.00036810719281465953,-0.0017311071928146596,time,6,2,0.004,0.0018,-7.361601884563387e-05
IPCALAB,-1,27,28,34,0.0012527560633392998,-0.00011024393666070028,time,0,6,0.004,0.0018,0.0002504884524823406
IPCALAB,-1,35,36,36,0.004,0.002637,target,0,7,0.004,0.0018,-0.0007045443108047361
IPCALAB,-1,38,39,45,0.0005571312803890338,-0.0008058687196109663,time,0,6,0.004,0.0018,0.0003037974683543843
IPCALAB,-1,64,65,71,0.0019291298608995477,0.0005661298608995477,time,0,7,0.004,0.0018,-0.00040629761300150054
IPCALAB,-1,78,79,85,0.0012216227221825138,-0.00014137727781748629,time,0,7,0.004,0.0018,-0.0
IPCALAB,-1,91,92,98,0.003261811324601127,0.001898811324601127,time,0,6,0.004,0.0018,-0.00040789272421350864
IPCALAB,-1,141,142,148,0.0012266176019625208,-0.00013638239803747928,time,0,6,0.004,0.0018,-0.0
IPCALAB,1,233,234,234,-0.0018,-0.003163,stop,7,2,0.004,0.0018,0.0002548549875121056
IPCALAB,-1,274,275,281,0.0009212816050772066,-0.0004417183949227935,time,1,7,0.004,0.0018,5.117969189832459e-05
IPCALAB,1,349,350,352,-0.0018,-0.003163,stop,7,0,0.004,0.0018,0.0
IRCTC,-1,30,31,37,-0.0008734578010700655,-0.0022364578010700656,time,1,7,0.004,0.0018,-0.0
IRCTC,-1,93,94,100,0.0007639419404124048,-0.0005990580595875952,time,0,7,0.004,0.0018,0.00010912265386296676
IRCTC,1,151,152,158,0.0008725051804996387,-0.0004904948195003614,time,6,2,0.004,0.0018,-0.0005450185306300414
IRCTC,1,287,288,294,-0.0002178411937697744,-0.0015808411937697745,time,7,1,0.004,0.0018,-0.0006530967671710273
IRCTC,-1,345,346,352,-0.00010903936321016161,-0.0014720393632101617,time,1,7,0.004,0.0018,-0.0005454942177612917
IRFC,-1,37,38,44,-0.001386787695411229,-0.002749787695411229,time,0,6,0.004,0.0018,-0.0006307556452629893
IRFC,1,48,49,55,0.0008807247106188409,-0.0004822752893811591,time,6,1,0.004,0.0018,-0.0002515723270439751
IRFC,-1,67,68,74,-0.00037792894935750887,-0.001740928949357509,time,0,6,0.004,0.0018,-0.0
IRFC,1,108,109,114,-0.0018,-0.003163,stop,6,0,0.004,0.0018,0.0
IRFC,-1,219,220,226,-0.0011335012594457794,-0.0024965012594457795,time,1,8,0.004,0.0018,-0.0
IRFC,1,271,272,278,-0.00025150905432591575,-0.0016145090543259158,time,6,1,0.004,0.0018,-0.00012573871495039754
IRFC,1,281,282,288,0.004,0.002637,target,7,0,0.004,0.0018,0.0
IRFC,1,310,311,317,0.0,-0.001363,time,6,0,0.004,0.0018,0.0
IRFC,-1,345,346,352,-0.0011293763332915763,-0.0024923763332915763,time,1,6,0.004,0.0018,-0.00012550200803201436
IRFC,1,357,358,364,-0.0006263309532756889,-0.001989330953275689,time,6,1,0.004,0.0018,-0.00012525050100206807
ITC,-1,27,28,34,0.00037467216185826935,-0.0009883278381417307,time,0,7,0.004,0.0018,-0.00018737118231198997
ITC,-1,35,36,42,-0.00018751171948250267,-0.0015505117194825027,time,0,6,0.004,0.0018,-0.00037516413430863213
ITC,1,49,50,56,0.0001870207593042128,-0.0011759792406957873,time,8,1,0.004,0.0018,0.0
ITC,-1,73,74,80,0.0014975664545116008,0.0001345664545116007,time,0,6,0.004,0.0018,-0.0
ITC,1,87,88,94,-0.0018,-0.003163,stop,8,1,0.004,0.0018,0.0
ITC,1,125,126,132,-0.00037362226788706376,-0.0017366222678870638,time,7,1,0.004,0.0018,0.0
ITC,1,136,137,143,-0.0005600149337317006,-0.0019230149337317007,time,7,1,0.004,0.0018,0.0
ITC,1,191,192,198,-0.000745434215430496,-0.002108434215430496,time,7,0,0.004,0.0018,0.00037285607755414894
ITC,-1,213,214,220,-0.0,-0.001363,time,1,6,0.004,0.0018,-0.0003735524841241044
ITC,1,233,234,240,-0.0003728560775538847,-0.0017358560775538848,time,7,1,0.004,0.0018,0.0003729951510629089
ITC,1,286,287,293,-0.0013037809647977738,-0.002666780964797774,time,7,2,0.004,0.0018,0.0
ITC,1,303,304,310,0.0,-0.001363,time,6,0,0.004,0.0018,-0.00018621973929240732
ITC,1,349,350,356,-0.0003723008190619215,-0.0017353008190619215,time,6,0,0.004,0.0018,0.0
ITC,1,357,358,364,0.0007443245254930009,-0.0006186754745069992,time,6,0,0.004,0.0018,0.0
JINDALSTEL,-1,30,31,37,0.00026005547850205257,-0.0011029445214979475,time,1,8,0.004,0.0018,8.667764583525737e-05
JINDALSTEL,-1,38,39,39,-0.0018,-0.003163,stop,2,7,0.004,0.0018,0.00017358097552512192
JINDALSTEL,1,41,42,48,0.0026772605579064024,0.0013142605579064023,time,6,1,0.004,0.0018,-0.00017269665831950447
JINDALSTEL,1,49,50,51,-0.0018,-0.003163,stop,6,0,0.004,0.0018,-0.00017216148747529092
JINDALSTEL,1,53,54,56,0.004,0.002637,target,8,1,0.004,0.0018,-0.0004299226139294927
JINDALSTEL,-1,72,73,79,0.0012071046732193835,-0.00015589532678061653,time,1,6,0.004,0.0018,0.00017241379310348748
JINDALSTEL,-1,80,81,87,-0.0,-0.001363,time,0,7,0.004,0.0018,0.00043196544276457883
JINDALSTEL,-1,129,130,136,-0.00017284590787314258,-0.0015358459078731426,time,0,6,0.004,0.0018,-8.643042350899659e-05
JINDALSTEL,1,179,180,186,-0.0014662756598240456,-0.0028292756598240457,time,6,0,0.004,0.0018,-0.0004310716441072506
JINDALSTEL,1,196,197,203,8.621432882138791e-05,-0.0012767856711786122,time,7,0,0.004,0.0018,0.0
JINDALSTEL,-1,215,216,222,0.001985668652335293,0.0006226686523352928,time,0,6,0.004,0.0018,-8.634087376956402e-05
JINDALSTEL,-1,231,232,238,0.001213802670365971,-0.00014919732963402906,time,1,8,0.004,0.0018,0.00043331311205477074
JINDALSTEL,1,279,280,286,0.003290043290043343,0.0019270432900433429,time,7,2,0.004,0.0018,-8.657259111757343e-05
JINDALSTEL,1,302,303,309,0.0012062726176116367,-0.00015672738238836333,time,7,0,0.004,0.0018,-0.00043062613039359233
JINDALSTEL,1,310,311,317,0.00034405642525392466,-0.0010189435747460754,time,6,0,0.004,0.0018,-0.0004298856504169891
JIOFIN,-1,25,26,32,0.002512562814070418,0.001149562814070418,time,0,7,0.004,0.0018,-8.816787162762401e-05
JIOFIN,1,49,50,56,0.00017624250969339172,-0.0011867574903066083,time,6,0,0.004,0.0018,0.0
JIOFIN,-1,79,80,86,0.0004859730505852866,-0.0008770269494147134,time,0,6,0.004,0.0018,-0.0
JIOFIN,1,105,106,112,0.001190266266972273,-0.00017273373302772706,time,6,1,0.004,0.0018,0.00035279590756752736
JIOFIN,-1,129,130,136,-0.00013226346882988516,-0.0014952634688298852,time,1,7,0.004,0.0018,-0.00035282702655016355
JIOFIN,-1,255,256,262,-0.00017704598769530122,-0.0015400459876953013,time,1,8,0.004,0.0018,-0.00013280212483400238
JIOFIN,1,271,272,278,-0.00013253224951403908,-0.0014955322495140391,time,6,1,0.004,0.0018,-0.0003532944709414595
JIOFIN,1,285,286,292,0.002071853647784838,0.0007088536477848381,time,7,1,0.004,0.0018,0.0004410143329657963
JIOFIN,-1,345,346,352,-0.00030885986586670633,-0.0016718598658667064,time,0,6,0.004,0.0018,-0.0
JKCEMENT,-1,28,29,35,-0.001471453796350719,-0.002834453796350719,time,0,7,0.004,0.0018,-0.0
JKCEMENT,1,49,50,56,-0.0002934272300469942,-0.0016564272300469943,time,6,0,0.004,0.0018,-0.00019557989438685703
JKCEMENT,-1,65,66,72,-0.0007853146166683089,-0.002148314616668309,time,1,8,0.004,0.0018,0.0003925031890884113
JKCEMENT,-1,91,92,98,0.0005895647047263752,-0.0007734352952736248,time,0,6,0.004,0.0018,-0.0005899124963130469
JKCEMENT,1,126,127,133,-0.0018,-0.003163,stop,6,1,0.004,0.0018,-0.00029400235201881614
JKCEMENT,-1,172,173,179,-0.00019827500743541115,-0.0015612750074354112,time,1,8,0.004,0.0018,0.0004954419342053111
JKCEMENT,-1,189,190,196,-0.00019843238416505926,-0.0015614323841650593,time,0,6,0.004,0.0018,-0.0
JKCEMENT,-1,214,215,219,-0.0018,-0.003163,stop,0,6,0.004,0.0018,0.0003973378364954803
JKCEMENT,-1,223,224,229,-0.0018,-0.003163,stop,1,6,0.004,0.0018,0.0006958250497017893
JKCEMENT,-1,241,242,248,-0.0014920919128618149,-0.002855091912861815,time,0,7,0.004,0.0018,0.0006958250497017893
JKCEMENT,-1,253,254,260,0.002597921662669811,0.0012349216626698109,time,1,8,0.004,0.0018,-0.0
JKCEMENT,1,281,282,288,0.001791401273885329,0.00042840127388532904,time,6,1,0.004,0.0018,0.0005974905397331209
JKCEMENT,-1,329,330,336,0.0005998800239952473,-0.0007631199760047527,time,1,8,0.004,0.0018,-0.0
JKCEMENT,1,360,361,361,-0.0018,-0.003163,stop,7,2,0.004,0.0018,0.0
JSL,1,41,42,48,-0.0008729519204941916,-0.0022359519204941916,time,6,0,0.004,0.0018,0.00026867275658254365
JSL,1,53,54,60,0.0006716818914562772,-0.0006913181085437228,time,6,0,0.004,0.0018,-0.0004699563611950624
JSL,-1,71,72,73,-0.0018,-0.003163,stop,0,7,0.004,0.0018,0.0006061014209711704
JSL,-1,86,87,89,-0.0018,-0.003163,stop,1,7,0.004,0.0018,-0.0
JSL,1,120,121,121,-0.0018,-0.003163,stop,7,0,0.004,0.0018,-6.680472977495919e-05
JSL,1,135,136,137,-0.0018,-0.003163,stop,6,0,0.004,0.0018,0.00020065547455031899
JSL,-1,198,199,205,0.001409963743789544,4.696374378954397e-05,time,2,7,0.004,0.0018,-0.0
JSL,-1,206,207,213,-0.0004713804713805114,-0.0018343804713805115,time,0,7,0.004,0.0018,-0.0
JSL,-1,229,230,230,-0.0018,-0.003163,stop,0,7,0.004,0.0018,6.737182510268076e-05
JSL,1,236,237,243,0.0028187919463087407,0.0014557919463087407,time,6,0,0.004,0.0018,0.0
JSL,1,281,282,286,-0.0018,-0.003163,stop,7,0,0.004,0.0018,0.0
JSL,1,315,316,317,0.004,0.002637,target,6,0,0.004,0.0018,6.676904587027379e-05
JSWENERGY,-1,27,28,34,0.0013786312161496728,1.5631216149672705e-05,time,0,6,0.004,0.0018,-0.0
JSWENERGY,1,47,48,54,0.0012767629149479376,-8.623708505206247e-05,time,7,0,0.004,0.0018,0.00019646365422401323
JSWENERGY,1,57,58,64,-0.0006833935370496036,-0.0020463935370496037,time,7,0,0.004,0.0018,0.00019529342837617956
JSWENERGY,-1,73,74,80,0.0010770586507391489,-0.0002859413492608512,time,3,6,0.004,0.0018,-0.0005878318800822073
JSWENERGY,1,82,83,84,-0.0018,-0.003163,stop,6,2,0.004,0.0018,0.0
JSWENERGY,1,110,111,117,-0.00039242617482582176,-0.0017554261748258218,time,6,0,0.004,0.0018,-0.0006862745098039661
JSWENERGY,-1,132,133,139,-0.000295537385479161,-0.001658537385479161,time,1,6,0.004,0.0018,-0.0
JSWENERGY,-1,141,142,144,-0.0018,-0.003163,stop,2,7,0.004,0.0018,-0.00039490571626022043
JSWENERGY,-1,146,147,153,-0.0018,-0.003163,stop,1,7,0.004,0.0018,-0.0
JSWENERGY,-1,187,188,194,-0.000494071146245112,-0.001857071146245112,time,0,6,0.004,0.0018,-0.0
JSWENERGY,-1,200,201,207,0.0015827480462954346,0.00021974804629543458,time,0,7,0.004,0.0018,-0.0
JSWENERGY,-1,221,222,228,-0.0007936507936507908,-0.002156650793650791,time,0,7,0.004,0.0018,-0.0
JSWENERGY,1,288,289,295,-0.0010834236186347823,-0.0024464236186347824,time,8,1,0.004,0.0018,9.850275807713657e-05
JSWENERGY,-1,335,336,342,-0.0,-0.001363,time,1,8,0.004,0.0018,-0.0
JSWENERGY,-1,345,346,350,-0.0018,-0.003163,stop,1,6,0.004,0.0018,-0.00029661854854663657
JSWINFRA,1,51,52,58,0.00041135335252984184,-0.0009516466474701582,time,6,1,0.004,0.0018,0.0001371365880415648
JSWINFRA,-1,65,66,72,-0.0004134509371553907,-0.0017764509371553908,time,0,6,0.004,0.0018,-0.0
JSWINFRA,-1,79,80,81,-0.0018,-0.003163,stop,0,6,0.004,0.0018,-0.0
JSWINFRA,-1,91,92,98,0.0030357389264523693,0.0016727389264523693,time,1,7,0.004,0.0018,0.0005516480485449969
JSWINFRA,1,123,124,130,-0.0008274720728175256,-0.0021904720728175256,time,7,0,0.004,0.0018,0.0
JSWINFRA,1,152,153,159,0.0002748007694421961,-0.001088199230557804,time,8,1,0.004,0.0018,0.0002748763056623581
JSWINFRA,-1,242,243,249,-0.0006890848952592066,-0.0020520848952592066,time,2,6,0.004,0.0018,-0.0002757099531293707
JSWINFRA,1,262,263,269,-0.0002750275027503246,-0.0016380275027503247,time,8,1,0.004,0.0018,0.0
JSWINFRA,1,287,288,294,0.00013730605519701733,-0.0012256939448029827,time,6,0,0.004,0.0018,-0.00013728720483254084
JSWINFRA,1,303,304,310,-0.00013702384214842045,-0.0015000238421484205,time,6,1,0.004,0.0018,-0.0001370050691875911
JSWINFRA,-1,329,330,331,0.004,0.002637,target,1,6,0.004,0.0018,-0.00013730605519706541
JSWINFRA,-1,333,334,334,-0.0018,-0.003163,stop,2,6,0.004,0.0018,-0.00013804527885149468
JSWINFRA,1,343,344,350,-0.0018,-0.003163,stop,6,1,0.004,0.0018,-0.0004117485588801375
JSWSTEEL,-1,28,29,35,-0.0008591065292096189,-0.002222106529209619,time,1,6,0.004,0.0018,0.00015617679212854765
JSWSTEEL,1,40,41,47,0.00023368125876310764,-0.0011293187412368924,time,6,0,0.004,0.0018,7.789982083034123e-05
JSWSTEEL,1,49,50,50,-0.0018,-0.003163,stop,7,0,0.004,0.0018,0.00023335407591800088
JSWSTEEL,1,55,56,62,7.776654483238055e-05,-0.0012852334551676195,time,6,0,0.004,0.0018,0.0
JSWSTEEL,-1,69,70,76,0.0003118908382067076,-0.0010511091617932925,time,0,7,0.004,0.0018,7.79666302821683e-05
JSWSTEEL,-1,80,81,87,0.002422632072522579,0.0010596320725225791,time,1,8,0.004,0.0018,-0.0
JSWSTEEL,-1,88,89,95,0.00031372549019614837,-0.0010492745098038517,time,1,8,0.004,0.0018,-0.0
JSWSTEEL,-1,130,131,137,-0.0007857928650008006,-0.0021487928650008007,time,0,7,0.004,0.0018,0.00039274212552038333
JSWSTEEL,1,157,158,163,-0.0018,-0.003163,stop,7,2,0.004,0.0018,-0.00039188024139822866
JSWSTEEL,-1,187,188,194,-0.0006284367635507326,-0.0019914367635507327,time,0,6,0.004,0.0018,-0.0003143171460003858
JSWSTEEL,-1,206,207,213,0.0007072135785005651,-0.000655786421499435,time,1,8,0.004,0.0018,-0.00015718327569932261
JSWSTEEL,-1,221,222,228,-0.0010241865595208566,-0.0023871865595208566,time,1,8,0.004,0.0018,-0.0
JSWSTEEL,-1,253,254,260,-0.00023653709690130142,-0.0015995370969013015,time,1,6,0.004,0.0018,-0.00023659305993687266
JSWSTEEL,-1,275,276,282,0.0018128793252936148,0.0004498793252936148,time,2,6,0.004,0.0018,0.00023640661938530695
JSWSTEEL,1,286,287,288,0.004,0.002637,target,6,2,0.004,0.0018,-0.00039323633503735744
JSWSTEEL,-1,299,300,306,0.00031439125992283046,-0.0010486087400771696,time,1,6,0.004,0.0018,-0.0
JSWSTEEL,1,324,325,331,0.0011770244821092124,-0.00018597551789078766,time,6,2,0.004,0.0018,-7.846214201640568e-05
JSWSTEEL,-1,345,346,352,-0.00047166103293783124,-0.0018346610329378313,time,0,7,0.004,0.0018,0.0002357749135493413
JUBLFOOD,1,32,33,35,0.004,0.002637,target,6,0,0.004,0.0018,0.0007305364224587057
JUBLFOOD,1,42,43,49,0.0009358427784131873,-0.00042715722158681276,time,6,0,0.004512528203301217,0.0020306376914855477,-0.0007273482959267787
JUBLFOOD,1,50,51,57,0.0012455885405855405,-0.00011741145941445959,time,7,0,0.004,0.0018,-0.00010378827192529604
JUBLFOOD,-1,88,89,95,0.0015587654577574606,0.0001957654577574605,time,2,6,0.004,0.0018,-0.0
JUBLFOOD,1,109,110,115,-0.0018,-0.003163,stop,6,1,0.004,0.0018,-0.0002071680132586822
JUBLFOOD,1,123,124,130,0.00010362694300525277,-0.0012593730569947473,time,6,2,0.004,0.0018,0.000207296849087941
JUBLFOOD,1,135,136,142,-0.0018,-0.003163,stop,6,0,0.004,0.0018,-0.0003106554830693468
JUBLFOOD,-1,168,169,175,0.00020766275568484538,-0.0011553372443151547,time,1,6,0.004,0.0018,0.00010382059800666812
JUBLFOOD,1,190,191,197,0.0013481281758789265,-1.4871824121073535e-05,time,6,0,0.004,0.0018,0.0
JUBLFOOD,1,234,235,241,-0.001135190918472695,-0.002498190918472695,time,6,0,0.004,0.0018,0.0
JUBLFOOD,1,272,273,279,0.000103135313531455,-0.001259864686468545,time,6,1,0.004,0.0018,0.00041271151465123527
JUBLFOOD,1,285,286,290,0.004,0.002637,target,8,1,0.004,0.0018,0.0
JUBLFOOD,1,296,297,299,-0.0018,-0.003163,stop,7,0,0.004,0.0018,-0.0004082049188692492
JUBLFOOD,1,315,316,322,-0.0006134969325153339,-0.001976496932515334,time,6,0,0.004,0.0018,0.0
JUBLFOOD,-1,327,328,334,-0.000410214336991066,-0.001773214336991066,time,1,6,0.004,0.0018,-0.00030775543701279054
KALYANKJIL,-1,26,27,31,0.004,0.002637,target,0,6,0.004,0.0018,-0.00034818941504186193
KALYANKJIL,-1,38,39,40,-0.0018,-0.003163,stop,0,7,0.004,0.0018,0.00017510068289270308
KALYANKJIL,1,53,54,56,-0.0018,-0.003163,stop,6,0,0.004,0.0018,-8.703220191462929e-05
KALYANKJIL,1,57,58,64,-0.0007827448251869207,-0.0021457448251869207,time,6,1,0.004,0.0018,0.0
KALYANKJIL,-1,73,74,80,0.0028758169934640643,0.0015128169934640642,time,1,6,0.004,0.0018,-0.0
KALYANKJIL,1,109,110,116,-0.0018,-0.003163,stop,6,0,0.004,0.0018,-0.00034821972664759375
KALYANKJIL,-1,129,130,136,0.0016585195530725017,0.0002955195530725016,time,0,6,0.004,0.0018,-0.0
KALYANKJIL,-1,189,190,196,0.00035087719298254605,-0.001012122807017454,time,0,6,0.004,0.0018,-0.0007900974453516733
KALYANKJIL,-1,201,202,208,0.0008783487044357052,-0.00048465129556429483,time,1,7,0.004,0.0018,-0.0
KALYANKJIL,-1,213,214,215,-0.0018,-0.003163,stop,1,6,0.004,0.0018,-0.00017624250969337812
KALYANKJIL,-1,222,223,229,0.0006163056876210549,-0.0007466943123789452,time,0,6,0.004,0.0018,-0.0003522987493393197
KALYANKJIL,1,285,286,290,0.004,0.002637,target,6,2,0.004,0.0018,8.766546857184979e-05
KALYANKJIL,-1,306,307,311,-0.0018,-0.003163,stop,2,7,0.004,0.0018,8.745080891990297e-05
KALYANKJIL,1,315,316,322,-0.00034885749171453817,-0.0017118574917145382,time,6,0,0.004,0.0018,0.0
KALYANKJIL,-1,327,328,334,0.0002623753716985977,-0.0011006246283014024,time,0,7,0.004,0.0018,-0.0
KALYANKJIL,1,338,339,341,-0.0018,-0.003163,stop,8,1,0.004,0.0018,8.704735376056444e-05
KALYANKJIL,1,343,344,345,-0.0018,-0.003163,stop,6,1,0.004,0.0018,-0.00017421602787460406
KALYANKJIL,1,359,360,366,0.00034867503486735174,-0.0010143249651326483,time,6,0,0.004,0.0018,-0.00034855350296258595
KEI,-1,30,31,37,0.0021452322213879604,0.0007822322213879604,time,0,6,0.00507031034588401,0.002281639655647805,0.0003216813210379584
KEI,-1,38,39,41,-0.0018,-0.003163,stop,0,7,0.004,0.0018,-0.0
KEI,1,49,50,56,-0.0010720411663808216,-0.0024350411663808216,time,6,0,0.004,0.0018,-0.0007498660953401178
KEI,-1,77,78,84,0.00021493820526596874,-0.0011480617947340313,time,0,7,0.004,0.0018,0.0001074575542660649
KEI,1,97,98,104,0.0006439841150585046,-0.0007190158849414954,time,6,2,0.004,0.0018,-0.000536365586783952
KEI,1,105,106,112,0.0002142245072835891,-0.001148775492716411,time,7,0,0.004,0.0018,0.00021427040925648167
KEI,-1,118,119,125,-0.00032185387833916224,-0.0016848538783391623,time,2,7,0.004,0.0018,-0.0
KEI,1,144,145,151,0.0020351328191945406,0.0006721328191945405,time,7,0,0.004,0.0018,-0.0005352745958676801
KEI,-1,165,166,172,0.0008581849388543672,-0.0005048150611456329,time,2,6,0.004,0.0018,0.0008574490889603429
KEI,-1,186,187,193,-0.0003218884120170795,-0.0016848884120170796,time,0,6,0.004,0.0018,-0.0
KEI,-1,198,199,205,0.00032209576980890553,-0.0010409042301910945,time,0,6,0.004,0.0018,-0.0
KEI,-1,214,215,221,0.0007516374959734007,-0.0006113625040265994,time,1,7,0.004,0.0018,-0.0005371723248818221
KEI,-1,242,243,249,0.0001074922068150519,-0.0012555077931849482,time,1,8,0.004,0.0018,-0.00010750376263169211
KEI,1,284,285,288,0.004,0.002637,target,8,1,0.004,0.0018,-0.0005360780529645116
KEI,1,302,303,309,-0.0005345306820611073,-0.0018975306820611074,time,7,0,0.004,0.0018,-0.0005342451116572283
KEI,1,317,318,321,-0.0018,-0.003163,stop,7,1,0.004,0.0018,-0.00021367521367521368
KEI,-1,328,329,335,-0.00021445421402521703,-0.001577454214025217,time,0,7,0.004,0.0018,-0.0
KEI,1,356,357,363,0.0013906718014549124,2.7671801454912364e-05,time,8,1,0.004,0.0018,-0.00010696331158412665
KOTAKBANK,1,53,54,60,0.0002465179341797352,-0.0011164820658202648,time,6,1,0.004,0.0018,0.00024657872025635777
KOTAKBANK,1,62,63,68,-0.0018,-0.003163,stop,6,0,0.004,0.0018,0.0002463054187192678
KOTAKBANK,-1,69,70,76,-0.0009875324034069877,-0.0023505324034069877,time,0,6,0.004,0.0018,-0.00012345679012348487
KOTAKBANK,-1,78,79,85,-0.000864197530864308,-0.002227197530864308,time,1,6,0.004,0.0018,-0.0
KOTAKBANK,1,125,126,131,-0.0018,-0.003163,stop,8,1,0.004,0.0018,0.0
KOTAKBANK,-1,168,169,175,-0.0007413814407513097,-0.00210438144075131,time,0,7,0.004,0.0018,-0.0001235788433019143
KOTAKBANK,-1,199,200,206,0.0009920634920634885,-0.0003709365079365115,time,0,7,0.004,0.0018,-0.0
KOTAKBANK,-1,207,208,214,0.0007453416149069136,-0.0006176583850930864,time,1,8,0.004,0.0018,-0.00012423903590510962
KOTAKBANK,-1,215,216,220,0.004,0.002637,target,0,7,0.004,0.0018,0.00012444001991043148
KOTAKBANK,-1,221,222,223,-0.0018,-0.003163,stop,1,8,0.004,0.0018,-0.0
KOTAKBANK,1,261,262,263,-0.0018,-0.003163,stop,6,1,0.004,0.0018,0.0
KOTAKBANK,1,288,289,291,-0.0018,-0.003163,stop,6,3,0.004,0.0018,0.0
KOTAKBANK,-1,309,310,316,0.0006231306081754262,-0.0007398693918245739,time,1,8,0.004,0.0018,-0.0
KOTAKBANK,1,324,325,331,0.0006219679064560779,-0.0007410320935439221,time,6,2,0.004,0.0018,0.0001244090569793764
KPITTECH,-1,28,29,30,-0.0018892745185848563,-0.0032522745185848564,stop,0,7,0.004198387819077458,0.0018892745185848563,-0.00019592476489032668
KPITTECH,1,40,41,47,0.0007782858254694602,-0.0005847141745305398,time,7,0,0.004,0.0018,-0.00038899153943388465
KPITTECH,1,101,102,106,0.004,0.002637,target,7,0,0.004,0.0018,-0.00038846265902698935
KPITTECH,-1,168,169,175,-0.00029086678301326607,-0.0016538667830132661,time,1,6,0.004,0.0018,-0.0001939487975174995
KPITTECH,1,196,197,202,-0.0018,-0.003163,stop,8,1,0.004,0.0018,0.0005803830528149898
KPITTECH,-1,209,210,216,-0.00038850038850046786,-0.001751500388500468,time,1,6,0.004,0.0018,-0.00019428793471907722
KPITTECH,-1,219,220,226,-0.0002916302128899151,-0.0016546302128899151,time,1,6,0.004,0.0018,-0.000680933852140122
KPITTECH,1,267,268,274,-0.0009699321047527132,-0.0023329321047527132,time,8,1,0.004,0.0018,0.0
KPITTECH,1,285,286,288,0.004,0.002637,target,7,0,0.004,0.0018,0.0
KPITTECH,1,289,290,294,-0.0018,-0.003163,stop,6,1,0.004,0.0018,-0.0005781460782423483
KPITTECH,1,316,317,323,-0.0004823926676315038,-0.0018453926676315039,time,7,0,0.004,0.0018,-0.00048216007714561236
KPRMILL,-1,28,29,32,-0.0018,-0.003163,stop,0,6,0.004,0.0018,-0.0
KPRMILL,1,40,41,41,-0.0018,-0.003163,stop,6,1,0.004,0.0018,0.000716717434151545
KPRMILL,1,57,58,60,-0.0018,-0.003163,stop,7,0,0.004,0.0018,0.0004476275738585497
KPRMILL,-1,63,64,70,8.977466558945935e-05,-0.0012732253344105407,time,0,6,0.004,0.0018,8.976660682218047e-05
KPRMILL,-1,77,78,84,0.00026978417266187993,-0.0010932158273381201,time,0,7,0.004,0.0018,-0.0003598416696654291
KPRMILL,-1,118,119,125,0.00017992083483253651,-0.0011830791651674635,time,0,6,0.004,0.0018,-0.0002699541078016328
KPRMILL,-1,146,147,153,-0.001533327320285105,-0.002896327320285105,time,0,6,0.004,0.0018,0.00027051397655541434
KPRMILL,-1,168,169,175,0.00027075812274368616,-0.001092241877256314,time,2,7,0.004,0.0018,-0.0003611412062117109
KPRMILL,-1,200,201,204,-0.0018,-0.003163,stop,0,6,0.004,0.0018,-0.0
KPRMILL,-1,253,254,260,-0.0010838150289018689,-0.002446815028901869,time,2,7,0.004,0.0018,-0.0007230657989876667
KPRMILL,1,317,318,319,-0.0018,-0.003163,stop,8,1,0.004,0.0018,-9.002520705789436e-05
KPRMILL,-1,328,329,335,0.001263195885590429,-9.9804114409571e-05,time,2,6,0.004,0.0018,-0.00027075812274364127
LAURUSLABS,-1,29,30,31,0.004,0.002637,target,1,8,0.004,0.0018,-0.00044767210505365277
LAURUSLABS,-1,38,39,42,0.004,0.002637,target,0,6,0.004,0.0018,-0.0
LAURUSLABS,-1,72,73,76,0.004,0.002637,target,0,6,0.004,0.0018,-0.0
LAURUSLABS,-1,79,80,81,-0.0018,-0.003163,stop,0,7,0.004,0.0018,0.00015151515151512856
LAURUSLABS,-1,88,89,95,-0.0,-0.001363,time,0,6,0.004562562519340555,0.0020531531337032497,5.037529595481792e-05
LAURUSLABS,1,101,102,108,0.002207727044656327,0.0008447270446563268,time,6,1,0.004,0.0018,-0.0005516273005365373
LAURUSLABS,1,116,117,118,-0.0018,-0.003163,stop,7,0,0.004,0.0018,-0.0001995609658751202
LAURUSLABS,-1,129,130,136,0.0018062314986703187,0.0004432314986703187,time,1,7,0.004,0.0018,-0.0
LAURUSLABS,-1,189,190,196,-0.0018,-0.003163,stop,1,6,0.004,0.0018,0.00010073029463613471
LAURUSLABS,-1,215,216,222,0.0014066110720385439,4.361107203854379e-05,time,2,7,0.004,0.0018,0.0001506856195691305
LAURUSLABS,-1,244,245,251,-0.00015087507543753986,-0.00151387507543754,time,0,6,0.004,0.0018,-0.0
LAURUSLABS,-1,274,275,281,-0.0008556903407661576,-0.0022186903407661576,time,0,7,0.004,0.0018,-0.0
LAURUSLABS,1,288,289,295,0.002205845490549807,0.000842845490549807,time,6,2,0.004,0.0018,-0.00025060144346431435
LAURUSLABS,1,323,324,326,-0.0018,-0.003163,stop,8,1,0.004,0.0018,-9.995002498752898e-05
LAURUSLABS,-1,333,334,340,-0.0005015045135405849,-0.001864504513540585,time,0,6,0.004,0.0018,-0.0
LAURUSLABS,1,355,356,362,-0.0005002501250624958,-0.0018632501250624958,time,8,1,0.004,0.0018,0.0
LICHSGFIN,1,62,63,69,-0.0008849557522123686,-0.0022479557522123686,time,7,0,0.004,0.0018,0.00017702248185523587
LICHSGFIN,-1,132,133,139,-0.0011581291759465984,-0.0025211291759465984,time,1,7,0.004,0.0018,8.907892392651795e-05
LICHSGFIN,-1,146,147,153,-0.00026726057906456546,-0.0016302605790645655,time,1,7,0.004,0.0018,-0.0
LICHSGFIN,-1,211,212,218,-0.0001788748770235049,-0.001541874877023505,time,0,6,0.004,0.0018,0.0005363368195227822
LICHSGFIN,1,234,235,241,0.001786192730195646,0.0004231927301956459,time,6,1,0.004,0.0018,0.0
LICHSGFIN,1,268,269,275,-0.0003551451655863236,-0.0017181451655863236,time,6,0,0.004,0.0018,0.0
LICHSGFIN,1,279,280,286,0.0,-0.001363,time,6,0,0.004,0.0018,0.0
LICHSGFIN,1,288,289,293,-0.0018,-0.003163,stop,6,1,0.004,0.0018,0.0006198530062871207
LICHSGFIN,1,338,339,339,-0.0018,-0.003163,stop,8,1,0.004,0.0018,0.0
LICHSGFIN,1,349,350,354,-0.0018,-0.003163,stop,6,0,0.004,0.0018,-8.823788934960651e-05
LICHSGFIN,1,355,356,357,-0.0018,-0.003163,stop,8,1,0.004,0.0018,0.0004393673110720562
LICI,-1,30,31,31,-0.0018,-0.003163,stop,0,6,0.004,0.0018,-0.0
LICI,-1,38,39,44,-0.0018,-0.003163,stop,0,6,0.004,0.0018,0.000123731749566967
LICI,1,53,54,60,0.0007395538025392057,-0.0006234461974607944,time,6,0,0.004,0.0018,0.00024657872025635777
LICI,1,66,67,73,-0.0018,-0.003163,stop,7,0,0.004,0.0018,0.0
LICI,1,87,88,92,-0.0018,-0.003163,stop,6,0,0.004,0.0018,0.0
LICI,-1,133,134,140,-0.0009857072449481752,-0.0023487072449481752,time,2,7,0.004,0.0018,-0.0001232285890326836
LICI,-1,187,188,194,-0.0,-0.001363,time,0,7,0.004,0.0018,-0.000616294835449279
LICI,1,256,257,263,0.0020917927894670285,0.0007287927894670285,time,6,0,0.004,0.0018,-0.00012303149606288023
LICI,1,269,270,276,0.0002451881819296453,-0.0011178118180703548,time,6,0,0.004,0.0018,0.0
LICI,1,286,287,287,-0.0018,-0.003163,stop,6,0,0.004,0.0018,0.0002447081854888603
LICI,-1,346,347,348,-0.0018,-0.003163,stop,2,7,0.004,0.0018,0.0002450079627587061
LINDEINDIA,-1,34,35,37,-0.0018,-0.003163,stop,1,6,0.004,0.0018,-0.000650142218610321
LINDEINDIA,-1,38,39,45,0.00032509752925879987,-0.0010379024707412002,time,0,6,0.004,0.0018,-0.0
LINDEINDIA,-1,88,89,95,-0.0004908376963350669,-0.001853837696335067,time,1,8,0.004,0.0018,-8.181297553792031e-05
LINDEINDIA,1,101,102,103,-0.0018,-0.003163,stop,6,1,0.004,0.0018,-0.00040786361040867934
LINDEINDIA,1,122,123,123,-0.0018,-0.003163,stop,6,1,0.004,0.0018,-0.00040617384240454913
LINDEINDIA,-1,220,221,227,8.171269815326898e-05,-0.001281287301846731,time,0,6,0.004,0.0018,-0.0004905166775670373
LINDEINDIA,1,289,290,296,-0.0004886789379378031,-0.0018516789379378032,time,6,2,0.004,0.0018,8.145312372729494e-05
LINDEINDIA,1,300,301,307,-0.0008141333550435448,-0.002177133355043545,time,7,1,0.004,0.0018,-0.0007321835340058575
LINDEINDIA,1,311,312,318,-0.0006508298080052377,-0.0020138298080052378,time,7,0,0.004,0.0018,0.0
LINDEINDIA,1,349,350,356,-0.0008130081300813385,-0.0021760081300813386,time,7,1,0.004,0.0018,0.0
LLOYDSME,1,55,56,62,0.00203296703296707,0.0006699670329670701,time,7,0,0.004,0.0018,0.0002748007694421544
LLOYDSME,-1,65,66,72,0.0002751334397183003,-0.0010878665602816998,time,1,6,0.004,0.0018,-0.0
LLOYDSME,-1,79,80,86,0.0009370521441958157,-0.00042594785580418433,time,0,6,0.004,0.0018,-0.00011025358324148041
LLOYDSME,1,109,110,112,-0.0018,-0.003163,stop,8,1,0.004,0.0018,0.0
LLOYDSME,-1,132,133,134,-0.0018,-0.003163,stop,0,6,0.004,0.0018,-0.00027543656695862946
LLOYDSME,1,136,137,139,0.004,0.002637,target,6,1,0.004,0.0018,0.0
LLOYDSME,-1,187,188,190,-0.0018,-0.003163,stop,2,7,0.004,0.0018,-0.0006005678095654818
LLOYDSME,-1,257,258,264,0.0015331544653123252,0.00017015446531232518,time,1,7,0.004,0.0018,5.475251861593102e-05
LLOYDSME,-1,275,276,281,-0.0018,-0.003163,stop,1,8,0.004,0.0018,-0.0
LLOYDSME,1,288,289,291,0.004,0.002637,target,8,1,0.004,0.0018,-0.0003816377712354408
LLOYDSME,1,301,302,305,-0.0018,-0.003163,stop,8,1,0.004,0.0018,0.0
LLOYDSME,-1,353,354,357,-0.0018,-0.003163,stop,2,7,0.004,0.0018,-0.0
LODHA,1,42,43,43,-0.0018,-0.003163,stop,7,0,0.004,0.0018,-8.63930885528372e-05
LODHA,1,53,54,55,-0.0018,-0.003163,stop,6,0,0.004,0.0018,-0.00025806451612899313
LODHA,-1,80,81,84,-0.0018,-0.003163,stop,1,6,0.004,0.0018,-0.0
LODHA,-1,90,91,95,-0.0018,-0.003163,stop,0,7,0.004,0.0018,-0.0003462304163421544
LODHA,1,101,102,108,0.0019004837595024693,0.0005374837595024692,time,6,1,0.004,0.0018,-0.0006906077348067868
LODHA,1,120,121,125,0.004,0.002637,target,6,0,0.004,0.0018,0.00017222078704903597
LODHA,1,126,127,130,-0.0018,-0.003163,stop,6,2,0.004,0.0018,8.591803419529946e-05
LODHA,-1,187,188,194,0.0003459010722933753,-0.0010170989277066248,time,0,6,0.004,0.0018,8.646779074786775e-05
LODHA,-1,198,199,205,8.653513326406514e-05,-0.001276464866735935,time,0,7,0.004,0.0018,-0.0002596728122565174
LODHA,-1,214,215,221,0.000954198473282375,-0.0004088015267176251,time,0,6,0.004,0.0018,0.00026016824212987124
LODHA,-1,274,275,281,-0.0008688852202622943,-0.0022318852202622944,time,0,7,0.004,0.0018,-0.0
LODHA,1,288,289,294,-0.0018,-0.003163,stop,8,1,0.004,0.0018,0.0
LODHA,1,302,303,303,-0.0020185538281020728,-0.003381553828102073,stop,8,1,0.004485675173560162,0.0020185538281020728,0.0005133470225873858
LODHA,-1,345,346,348,-0.0018,-0.003163,stop,2,7,0.004,0.0018,-0.0
LODHA,1,355,356,359,-0.0018,-0.003163,stop,8,1,0.004,0.0018,0.0
LT,-1,28,29,35,0.0004658626222889817,-0.0008971373777110184,time,1,6,0.004,0.0018,-0.0
LT,-1,38,39,45,0.0005445916859002642,-0.0008184083140997359,time,1,8,0.004,0.0018,-0.0002853437094681995
LT,1,52,53,59,0.0006985769728331537,-0.0006644230271668464,time,6,0,0.004,0.0018,0.0
LT,-1,67,68,74,0.0005957314546208847,-0.0007672685453791153,time,1,6,0.004,0.0018,-0.0
LT,-1,77,78,84,0.0014790596294567138,0.0001160596294567137,time,0,7,0.004,0.0018,-0.0
LT,-1,86,87,93,0.0003900460254310234,-0.0009729539745689767,time,0,7,0.004,0.0018,-0.00018205461638486816
LT,1,126,127,133,-0.0012442002125508944,-0.0026072002125508945,time,6,1,0.004,0.0018,0.0
LT,-1,162,163,169,0.0005711467068201248,-0.0007918532931798753,time,0,6,0.004,0.0018,-0.00036358914426700193
LT,-1,259,260,266,-0.0005200208008320217,-0.0018830208008320218,time,0,6,0.004,0.0018,0.00023395461280513945
LT,1,285,286,288,0.004,0.002637,target,6,0,0.004,0.0018,-0.00028525491416417955
LT,1,289,290,296,-0.0007486575795125905,-0.0021116575795125905,time,8,1,0.004,0.0018,0.0
LT,1,337,338,344,-0.00023248004546283507,-0.0015954800454628351,time,6,2,0.004,0.0018,0.0
LT,1,356,357,363,0.0006450780544446921,-0.0007179219455553079,time,7,0,0.004,0.0018,7.741535920731366e-05
LTF,-1,34,35,40,-0.0018,-0.003163,stop,0,6,0.004,0.0018,-0.0
LTF,1,54,55,61,0.0001765848490200561,-0.001186415150979944,time,6,0,0.004,0.0018,-0.0005294740557713876
LTF,-1,64,65,66,-0.0018,-0.003163,stop,1,7,0.004,0.0018,-0.0
LTF,1,109,110,116,0.00017618040873856877,-0.0011868195912614313,time,7,0,0.004,0.0018,-0.0003522367030643392
LTF,1,120,121,124,-0.0018,-0.003163,stop,6,1,0.004,0.0018,-0.0005283550545966089
LTF,-1,130,131,135,0.004,0.002637,target,0,6,0.004,0.0018,0.0007106057914371598
LTF,1,151,152,154,0.004,0.002637,target,8,1,0.004,0.0018,0.0
LTF,-1,231,232,238,-0.0,-0.001363,time,0,6,0.004,0.0018,-0.0
LTF,-1,258,259,265,0.0007085916740477982,-0.0006544083259522018,time,1,6,0.004,0.0018,-0.0001771793054571629
LTF,-1,274,275,277,-0.0018,-0.003163,stop,1,8,0.004,0.0018,0.00035523978685620864
LTF,1,285,286,288,0.004,0.002637,target,8,1,0.004,0.0018,-0.0003531696980397878
LTF,1,317,318,324,0.0005278901988388096,-0.0008351098011611905,time,6,0,0.004,0.0018,0.0
LTF,-1,347,348,354,0.000704597498679016,-0.0006584025013209841,time,2,7,0.004,0.0018,-0.0
LTTS,1,41,42,48,0.0002808725774738896,-0.0010821274225261105,time,7,0,0.004,0.0018,-0.00040554030446709734
LTTS,1,57,58,64,-0.0009645301804604989,-0.002327530180460499,time,7,0,0.004,0.0018,0.0
LTTS,-1,69,70,74,-0.0018,-0.003163,stop,1,6,0.004,0.0018,0.00025019546520725
LTTS,1,105,106,112,-0.0006868346289531368,-0.002049834628953137,time,6,0,0.004,0.0018,0.0
LTTS,-1,129,130,136,-0.0008757662955085621,-0.002238766295508562,time,1,7,0.004,0.0018,-0.0
LTTS,1,179,180,186,-0.0010317013693490473,-0.0023947013693490474,time,7,0,0.004,0.0018,-0.0005624296962880209
LTTS,1,289,290,296,0.0008738530678484846,-0.0004891469321515155,time,6,2,0.004,0.0018,0.0
LTTS,1,315,316,322,0.0004680041184361716,-0.0008949958815638284,time,6,1,0.004,0.0018,0.00015602571303750858
LTTS,1,349,350,356,0.0,-0.001363,time,7,1,0.004,0.0018,0.0004990019960079557
LUPIN,1,116,117,123,-0.001197375353225727,-0.002560375353225727,time,6,1,0.004,0.0018,9.57992048667303e-05
LUPIN,-1,130,131,135,-0.0018,-0.003163,stop,0,6,0.004,0.0018,-0.0001920952792583375
LUPIN,1,136,137,143,-0.0008625233600078053,-0.0022255233600078053,time,6,0,0.004,0.0018,-9.582674524451062e-05
LUPIN,-1,164,165,171,0.00014398157035888648,-0.0012190184296411136,time,1,6,0.004,0.0018,9.597850081594818e-05
LUPIN,1,288,289,295,0.0006226948316330194,-0.0007403051683669806,time,7,2,0.004,0.0018,0.00028748023573374975
LUPIN,-1,327,328,332,-0.0018,-0.003163,stop,0,6,0.004,0.0018,-0.0
MAHABANK,1,32,33,37,-0.0018,-0.003163,stop,6,0,0.004,0.0018,-0.0004839685420448427
MAHABANK,1,40,41,47,0.002059108527131759,0.0006961085271317588,time,6,0,0.004,0.0018,0.0
MAHABANK,1,48,49,55,0.004,0.002637,target,8,1,0.004,0.0018,-0.00012078753472647802
MAHABANK,1,57,58,63,-0.0018,-0.003163,stop,8,1,0.004,0.0018,-0.00048030739673398477
MAHABANK,1,101,102,108,0.0025292063109718654,0.0011662063109718654,time,7,1,0.004,0.0018,-0.00024081878386509359
MAHABANK,1,111,112,118,0.00012006243246487358,-0.0012429375675351265,time,6,0,0.004,0.0018,-0.0001200480192075739
MAHABANK,1,136,137,143,-0.0008377213977980302,-0.0022007213977980303,time,7,1,0.004,0.0018,0.00011968880909641073
MAHABANK,1,196,197,203,-0.00011897679952399542,-0.0014819767995239955,time,8,1,0.004,0.0018,-0.0004756808181710816
MAHABANK,1,226,227,233,-0.0018,-0.003163,stop,6,0,0.004,0.0018,-0.0002376143519068079
MAHABANK,-1,242,243,249,-0.00047841167324480516,-0.0018414116732448052,time,1,6,0.004,0.0018,0.00011958861516389757
MAHABANK,1,261,262,268,0.0009523809523810378,-0.00041061904761896225,time,6,0,0.004,0.0018,-0.0003570153516601349
MAHABANK,1,283,284,289,0.004,0.002637,target,8,1,0.004,0.0018,-0.00035612535612536964
MAHABANK,1,322,323,328,-0.0018,-0.003163,stop,8,1,0.004,0.0018,-0.00035448422545198083
MAHABANK,-1,333,334,340,-0.0018,-0.003163,stop,1,6,0.004,0.0018,0.00023727607070839045
MAHABANK,1,356,357,363,0.0007097232079487092,-0.0006532767920512908,time,8,1,0.004,0.0018,-0.00047292504138084706
MANKIND,-1,36,37,43,-0.000924734641363889,-0.002287734641363889,time,0,7,0.004,0.0018,-8.041817450736554e-05
MANKIND,1,100,101,107,0.0009218806364983401,-0.00044111936350166,time,7,0,0.004,0.0018,-4.008016032060483e-05
MANKIND,-1,186,187,193,-0.0006432678004262282,-0.0020062678004262283,time,1,7,0.004,0.0018,-0.0
MANKIND,-1,201,202,208,0.00012072434607657279,-0.0012422756539234273,time,0,7,0.004,0.0018,0.0004424600780338317
MANKIND,-1,219,220,226,-0.001370083816892409,-0.002733083816892409,time,2,7,0.004,0.0018,-0.0
MANKIND,-1,255,256,262,-0.00012115338017948396,-0.001484153380179484,time,1,7,0.004,0.0018,-0.0001211680600992476
MANKIND,-1,305,306,312,4.04203718673557e-05,-0.0013225796281326444,time,0,6,0.004,0.0018,-0.0004852798447103761
MANKIND,1,343,344,350,-0.0018,-0.003163,stop,7,2,0.004,0.0018,0.0
MARICO,-1,35,36,41,0.004,0.002637,target,1,8,0.004,0.0018,-0.0
MARICO,-1,94,95,100,-0.0018,-0.003163,stop,1,6,0.004,0.0018,-0.00018493404019230336
MARICO,-1,129,130,136,-0.0018,-0.003163,stop,0,7,0.004,0.0018,0.00030921459492888067
MARICO,-1,189,190,196,-0.00179277942631062,-0.00315577942631062,time,1,8,0.004,0.0018,0.0003090043878623077
MARICO,1,256,257,263,-0.0003075219878221347,-0.0016705219878221348,time,6,1,0.004,0.0018,0.0001845472440946001
MARICO,1,285,286,292,0.0021490851037702097,0.0007860851037702096,time,7,1,0.004,0.0018,-0.0003069179301454791
MARICO,1,301,302,308,0.00018394751364270157,-0.0011790524863572985,time,6,0,0.004,0.0018,-0.00012261663907781137
MARICO,1,322,323,329,-0.00042868516136940205,-0.001791685161369402,time,6,1,0.004,0.0018,-0.0003061099546957267
MARICO,1,355,356,359,-0.0018,-0.003163,stop_and_target_same_bar_stop_first,6,1,0.004,0.0018,-6.116956202588026e-05
MARUTI,-1,30,31,37,0.000498545907768988,-0.0008644540922310121,time,0,6,0.004,0.0018,-0.000332474441027346
MARUTI,-1,93,94,100,-0.0008316008316007206,-0.0021946008316007207,time,1,8,0.004,0.0018,-0.00041597337770382697
MARUTI,-1,139,140,144,-0.0018,-0.003163,stop,1,7,0.004,0.0018,-0.00024962556165751375
MARUTI,-1,210,211,217,0.0016645859342488967,0.0003015859342488966,time,1,8,0.004,0.0018,-0.0
MARUTI,-1,219,220,226,-0.00033372267645592757,-0.0016967226764559276,time,0,7,0.004,0.0018,-0.0
MARUTI,1,279,280,286,0.002329257133349971,0.0009662571333499711,time,7,2,0.004,0.0018,0.0
MARUTI,1,288,289,294,-0.0018,-0.003163,stop,7,1,0.004,0.0018,0.000414112970018221
MARUTI,1,315,316,322,0.0,-0.001363,time,7,0,0.004,0.0018,0.0
MAXHEALTH,-1,26,27,33,0.001633829889476246,0.0002708298894762459,time,0,7,0.004,0.0018,-0.0
MAXHEALTH,-1,35,36,40,0.004,0.002637,target,2,6,0.004,0.0018,-0.0
MAXHEALTH,-1,63,64,68,-0.0018,-0.003163,stop,2,7,0.004,0.0018,-0.000390167772141888
MAXHEALTH,-1,141,142,148,-0.0018,-0.003163,stop,1,8,0.004,0.0018,-0.0
MAXHEALTH,1,177,178,180,-0.0018,-0.003163,stop,6,1,0.004,0.0018,0.0
MAXHEALTH,-1,200,201,207,0.0005877742946707176,-0.0007752257053292824,time,0,6,0.004,0.0018,-0.0
MAXHEALTH,-1,208,209,215,0.001275635364537453,-8.73646354625471e-05,time,1,7,0.004,0.0018,-0.0
MAXHEALTH,-1,229,230,236,0.0005897385492431573,-0.0007732614507568428,time,0,6,0.004,0.0018,-9.829942003344416e-05
MAXHEALTH,-1,239,240,246,0.0008873989351213529,-0.00047560106487864713,time,0,7,0.004,0.0018,-0.0
MAXHEALTH,-1,257,258,259,-0.0018,-0.003163,stop,1,8,0.004,0.0018,-0.0003966286564204038
MAXHEALTH,1,283,284,288,0.004,0.002637,target,6,1,0.004,0.0018,9.857072449484744e-05
MAXHEALTH,-1,299,300,304,0.004,0.002637,target,1,7,0.004,0.0018,-0.0
MAXHEALTH,-1,306,307,313,-0.0018,-0.003163,stop,0,6,0.004,0.0018,-0.0
MAZDOCK,-1,27,28,34,0.004,0.002637,target,0,6,0.004,0.0018,4.5384405918085255e-05
MAZDOCK,-1,67,68,74,0.002045919527165263,0.000682919527165263,time,0,6,0.004,0.0018,-0.0006369136981939362
MAZDOCK,-1,211,212,218,0.0004551247041689743,-0.0009078752958310257,time,1,6,0.004,0.0018,-0.0005464480874316112
MAZDOCK,-1,219,220,226,0.0005927141749875187,-0.0007702858250124814,time,1,8,0.004,0.0018,0.00031905195989052784
MAZDOCK,-1,239,240,246,-0.0012341728756228854,-0.0025971728756228854,time,0,7,0.004,0.0018,-9.142857142848827e-05
MAZDOCK,1,285,286,292,0.0030986557302348228,0.0017356557302348227,time,7,2,0.004,0.0018,-0.0003188775510203253
MAZDOCK,-1,329,330,336,0.0007294611106044568,-0.0006335388893955432,time,0,7,0.004,0.0018,0.00027347310847762493
MCX,-1,28,29,29,0.004797752434307034,0.0034347524343070336,target,0,6,0.004797752434307034,0.002158988595438165,-0.0003209617180206477
MCX,-1,63,64,70,0.004,0.002637,target,0,6,0.004,0.0018,0.0001177890986189496
MCX,-1,71,72,78,0.002307965439696913,0.0009449654396969129,time,1,8,0.004,0.0018,-0.0
MCX,-1,80,81,83,-0.0018,-0.003163,stop,0,7,0.004,0.0018,0.00026745913818724843
MCX,-1,88,89,92,0.004,0.002637,target,1,7,0.004,0.0018,-0.00023752263887657192
MCX,-1,93,94,100,0.00038789759503499166,-0.0009751024049650084,time,1,6,0.004096858080743523,0.0018435861363345855,-0.00011936735302897373
MCX,1,112,113,114,-0.0018,-0.003163,stop,6,1,0.004,0.0018,8.894159501932461e-05
MCX,1,125,126,127,-0.0018,-0.003163,stop,6,1,0.004,0.0018,0.00023710026377409736
MCX,-1,130,131,137,0.0016098259003101134,0.00024682590031011335,time,0,6,0.004,0.0018,5.961962678108213e-05
MCX,-1,200,201,207,0.0029385307346326828,0.0015755307346326827,time,1,8,0.004,0.0018,0.00023982253132687266
MCX,-1,208,209,215,-0.0018,-0.003163,stop,1,8,0.004,0.0018,-0.0
MCX,-1,220,221,227,0.0004810294029222728,-0.0008819705970777273,time,0,6,0.004,0.0018,-0.00042107795957640646
MCX,-1,229,230,230,-0.0018,-0.003163,stop,1,8,0.004,0.0018,6.0391943714653534e-05
MCX,1,248,249,255,-0.001715317484200951,-0.003078317484200951,time,6,2,0.004,0.0018,-0.00012035866883315007
MCX,1,285,286,292,0.0009311826019045011,-0.000431817398095499,time,7,2,0.004,0.0018,0.0
MCX,-1,299,300,306,0.0011415525114155667,-0.00022144748858443338,time,1,6,0.004,0.0018,-0.00030049882805457056
MCX,-1,307,308,314,-0.000270912976731541,-0.001633912976731541,time,0,7,0.004,0.0018,-3.0102347983115306e-05
MCX,-1,345,346,352,0.0007828967178560298,-0.0005801032821439703,time,0,7,0.004,0.0018,-0.0
MEDANTA,-1,37,38,44,0.0026204394275346488,0.0012574394275346487,time,0,7,0.004,0.0018,0.0006714563889075405
MEDANTA,1,50,51,57,-0.0008740083366950424,-0.0022370083366950425,time,6,3,0.004,0.0018,-0.0005375621556242135
MEDANTA,-1,63,64,70,0.00026954177897575704,-0.001093458221024243,time,0,7,0.004,0.0018,0.00013475272874278769
MEDANTA,-1,71,72,76,-0.0018,-0.003163,stop,0,6,0.004,0.0018,-0.0
MEDANTA,-1,79,80,86,-6.742633672729426e-05,-0.0014304263367272943,time,0,6,0.004,0.0018,-0.0
MEDANTA,-1,90,91,97,-0.0012151488557348156,-0.0025781488557348156,time,1,8,0.004,0.0018,6.750371270429081e-05
MEDANTA,1,105,106,112,0.0006063464259247198,-0.0007566535740752803,time,6,1,0.004,0.0018,-0.0006059789927283133
MEDANTA,1,178,179,180,-0.0018,-0.003163,stop,6,0,0.004,0.0018,-0.000733626784047043
MEDANTA,1,190,191,193,-0.0018,-0.003163,stop,6,0,0.004,0.0018,-0.0003333777837044939
MEDANTA,1,301,302,308,-0.0002005481649843821,-0.0015635481649843822,time,6,2,0.004,0.0018,-0.000734802939211696
MEDANTA,1,337,338,344,-0.0009353911939601334,-0.0022983911939601334,time,6,1,0.004,0.0018,6.681812107452655e-05
MEDANTA,1,351,352,358,-0.001402430880192429,-0.002765430880192429,time,8,1,0.004,0.0018,0.0
MFSL,-1,25,26,31,0.008895537272500628,0.007532537272500629,target,0,6,0.008895537272500628,0.004002991772625283,-6.980802792314767e-05
MFSL,1,40,41,47,-0.0026561001917545604,-0.00401910019175456,stop,6,3,0.00590244487056569,0.0026561001917545604,6.991051454132343e-05
MFSL,1,83,84,90,0.004168113928447377,0.0028051139284473773,target,6,0,0.004168113928447377,0.0018756512678013198,0.0003473428273706148
MFSL,1,121,122,128,-0.0008918158743225213,-0.0022548158743225214,time,6,0,0.004312668463611838,0.001940700808625327,0.0001372212692967722
MFSL,-1,198,199,200,-0.0018,-0.003163,stop,2,7,0.004,0.0018,-0.0
MFSL,1,281,282,288,0.0024711696869852418,0.0011081696869852417,time,8,1,0.004,0.0018,-0.00027449903925342504
MFSL,-1,295,296,299,-0.0018,-0.003163,stop,3,6,0.004,0.0018,-0.0
MFSL,1,343,344,350,0.000753476265497488,-0.000609523734502512,time,6,1,0.004,0.0018,-6.849315068486921e-05
MFSL,-1,354,355,355,-0.0018,-0.003163,stop,1,6,0.004,0.0018,6.896551724131659e-05
MOTHERSON,-1,25,26,32,0.0007356998344675292,-0.0006273001655324709,time,0,6,0.004,0.0018,-6.131207847957895e-05
MOTHERSON,-1,35,36,42,-0.0008011339126148265,-0.0021641339126148265,time,1,8,0.004,0.0018,6.162188809459518e-05
MOTHERSON,-1,74,75,77,0.004,0.002637,target,0,6,0.004,0.0018,-6.151953245149741e-05
MOTHERSON,-1,80,81,82,0.004,0.002637,target,0,7,0.004,0.0018,-0.0
MOTHERSON,-1,94,95,97,-0.0018,-0.003163,stop,0,6,0.004,0.0018,-0.00018588512299399677
MOTHERSON,1,111,112,118,-0.0004937052579608858,-0.0018567052579608859,time,6,0,0.004,0.0018,6.171696599389561e-05
MOTHERSON,1,123,124,130,-0.0014177402453305898,-0.00278074024533059,time,7,0,0.004,0.0018,0.0
MOTHERSON,1,174,175,181,0.004,0.002637,target,7,0,0.004,0.0018,-0.0004914004914005681
MOTHERSON,1,195,196,202,-0.00012265423770396744,-0.0014856542377039675,time,6,0,0.004,0.0018,-0.000429105621283597
MOTHERSON,1,226,227,233,0.00024500796275894743,-0.0011179920372410526,time,8,1,0.004,0.0018,-6.124823911324386e-05
MOTHERSON,1,236,237,243,-0.0010396281800392204,-0.0024026281800392205,time,7,0,0.004,0.0018,-0.00012229423994118756
MOTHERSON,1,265,266,272,-0.0006725771935188751,-0.002035577193518875,time,7,0,0.004,0.0018,0.0
MOTHERSON,1,280,281,285,0.004,0.002637,target,8,1,0.004,0.0018,-0.00030525030525037464
MOTHERSON,1,286,287,293,0.0007891701572271259,-0.0005738298427728741,time,8,1,0.004,0.0018,0.0
MOTHERSON,1,297,298,299,0.004,0.002637,target,6,0,0.004,0.0018,0.0
MOTHERSON,1,301,302,308,-0.00066348995717469,-0.00202648995717469,time,7,0,0.004,0.0018,0.0
MOTILALOFS,-1,25,26,29,0.0052915143351933485,0.003928514335193348,target,1,6,0.0052915143351933485,0.002381181450837007,-0.0002886280546468679
MOTILALOFS,1,48,49,55,0.0009619084263177147,-0.0004010915736822854,time,7,1,0.004,0.0018,0.00038491147036168546
MOTILALOFS,-1,67,68,74,-0.0005794861889123482,-0.0019424861889123482,time,1,8,0.004,0.0018,-0.0001931993817620223
MOTILALOFS,-1,88,89,95,0.0009664637092877681,-0.0003965362907122319,time,0,6,0.004,0.0018,-0.0
MOTILALOFS,1,125,126,130,-0.0018,-0.003163,stop,7,1,0.004,0.0018,0.0
MOTILALOFS,-1,139,140,142,-0.0018,-0.003163,stop,2,6,0.004,0.0018,0.0004836993324949211
MOTILALOFS,-1,199,200,206,-0.0,-0.001363,time,0,6,0.004,0.0018,-0.0
MOTILALOFS,-1,208,209,215,0.0004840271055178702,-0.0008789728944821299,time,1,8,0.004,0.0018,0.00029033194619176866
MOTILALOFS,-1,229,230,236,-0.0013552758954502586,-0.0027182758954502587,time,0,6,0.004,0.0018,-0.0
MOTILALOFS,1,283,284,289,0.004,0.002637,target,6,1,0.004,0.0018,0.0
MOTILALOFS,1,302,303,307,-0.0018,-0.003163,stop,7,1,0.004,0.0018,0.0
MOTILALOFS,1,317,318,324,0.0010612638687890197,-0.0003017361312109804,time,6,2,0.004,0.0018,-0.00048216007714561236
MOTILALOFS,-1,345,346,352,0.0009673050880247835,-0.0003956949119752165,time,1,8,0.004,0.0018,-0.0003870718018191054
MPHASIS,-1,34,35,40,-0.0018,-0.003163,stop,0,6,0.004,0.0018,-0.0002703433360367257
MPHASIS,1,49,50,51,-0.0018,-0.003163,stop,7,0,0.004,0.0018,0.0003131710808877384
MPHASIS,-1,94,95,101,-0.0012140287769784042,-0.0025770287769784042,time,1,6,0.004,0.0018,-0.0
MPHASIS,-1,130,131,137,-0.00022461814914653822,-0.0015876181491465383,time,0,7,0.004,0.0018,-0.00017972681524087481
MPHASIS,-1,167,168,174,-0.0009439474985393215,-0.0023069474985393215,time,0,6,0.004,0.0018,0.00013483146067423907
MPHASIS,-1,207,208,212,0.004,0.002637,target,0,7,0.004,0.0018,9.000090000891824e-05
MPHASIS,-1,213,214,220,0.0017186793306197545,0.00035567933061975447,time,0,7,0.004,0.0018,4.522635792135546e-05
MPHASIS,-1,223,224,230,-0.0005444152073315056,-0.0019074152073315057,time,0,6,0.004,0.0018,-0.0
MPHASIS,1,248,249,255,-0.0018,-0.003163,stop,7,2,0.004,0.0018,-0.0005400540054004582
MPHASIS,1,286,287,293,0.0003141831238777648,-0.0010488168761222352,time,6,2,0.004,0.0018,0.0002244668911335578
MPHASIS,1,341,342,348,0.0006279153211339317,-0.0007350846788660684,time,6,0,0.004,0.0018,-0.0004483098717833767
MRF,1,315,316,322,-0.00016084928422066547,-0.0015238492842206655,time,6,0,0.004,0.0018,-0.00032159511175430133
MUTHOOTFIN,-1,28,29,35,0.00163097432988224,0.00026797432988223983,time,0,6,0.004,0.0018,-0.0005321224591152577
MUTHOOTFIN,-1,37,38,44,-0.0018,-0.003163,stop,1,6,0.004,0.0018,0.0002490660024905953
MUTHOOTFIN,-1,65,66,72,0.00017748118699423276,-0.0011855188130057673,time,1,6,0.004,0.0018,3.549497746081844e-05
MUTHOOTFIN,-1,146,147,150,-0.0018,-0.003163,stop,1,8,0.004,0.0018,-0.0
MUTHOOTFIN,1,285,286,292,0.000815516079849532,-0.0005474839201504681,time,7,0,0.004,0.0018,-0.0002835773279925303
MUTHOOTFIN,1,318,319,325,0.00028299550744614876,-0.0010800044925538513,time,7,1,0.004,0.0018,0.00031847133757965
MUTHOOTFIN,1,331,332,335,-0.0018,-0.003163,stop,6,1,0.004,0.0018,0.0
M_AND_M,1,52,53,59,-3.3400133600536286e-05,-0.0013964001336005363,time,6,1,0.004,0.0018,0.0
M_AND_M,1,120,121,127,-0.0008313934153642011,-0.002194393415364201,time,7,0,0.004,0.0018,0.0
M_AND_M,1,176,177,183,0.00176302308562315,0.00040002308562314985,time,6,0,0.004,0.0018,0.0
M_AND_M,1,195,196,201,-0.0018,-0.003163,stop,6,0,0.004,0.0018,0.00016558484567492384
M_AND_M,-1,215,216,221,-0.0018,-0.003163,stop,2,7,0.004,0.0018,9.965784141121545e-05
M_AND_M,1,236,237,243,-0.0009613472120930666,-0.0023243472120930667,time,6,0,0.004,0.0018,0.0
M_AND_M,1,281,282,288,0.004,0.002637,target,6,0,0.004,0.0018,-3.309723969017973e-05
M_AND_M,1,310,311,317,-9.865175928980285e-05,-0.001461651759289803,time,8,1,0.004,0.0018,0.0
M_AND_M,1,323,324,328,-0.0018,-0.003163,stop,6,0,0.004,0.0018,6.570302233896784e-05
M_AND_M,-1,329,330,333,-0.0018,-0.003163,stop,2,6,0.004,0.0018,-9.879795817559095e-05
M_AND_MFIN,-1,26,27,33,0.0002958142286644261,-0.001067185771335574,time,0,6,0.004,0.0018,-0.00014792899408287388
M_AND_MFIN,-1,37,38,41,-0.0018,-0.003163,stop,0,7,0.004,0.0018,-0.00014836795252228893
M_AND_MFIN,1,51,52,58,-0.0008866558297621063,-0.0022496558297621064,time,7,1,0.004,0.0018,-0.00014775413711570488
M_AND_MFIN,-1,77,78,82,0.004,0.002637,target,0,7,0.004,0.0018,0.00029634019854783196
M_AND_MFIN,-1,85,86,92,0.0013398838767307852,-2.3116123269214823e-05,time,1,6,0.004,0.0018,-0.0007449344457687723
M_AND_MFIN,1,95,96,102,-0.0008919280511372474,-0.0022549280511372474,time,6,3,0.004,0.0018,0.0
M_AND_MFIN,1,151,152,158,-0.0010408921933086068,-0.002403892193308607,time,6,1,0.004,0.0018,0.0002974862412614093
M_AND_MFIN,-1,167,168,174,0.0010449320794146955,-0.0003180679205853046,time,1,8,0.004,0.0018,0.00014925373134331752
M_AND_MFIN,-1,201,202,208,0.0004489001945233717,-0.0009140998054766284,time,1,8,0.004,0.0018,0.00014961101137047088
M_AND_MFIN,-1,211,212,218,-0.0004497751124437066,-0.0018127751124437067,time,1,7,0.004,0.0018,-0.0
M_AND_MFIN,-1,255,256,259,0.004,0.002637,target,1,6,0.004,0.0018,0.00015008254539983348
M_AND_MFIN,1,285,286,292,0.0020983213429255354,0.0007353213429255353,time,6,1,0.004,0.0018,0.0
M_AND_MFIN,1,315,316,321,-0.0018,-0.003163,stop,7,0,0.004,0.0018,0.00029886431560061533
M_AND_MFIN,-1,325,326,332,0.0007489514679448472,-0.0006140485320551528,time,1,7,0.004,0.0018,-0.0
M_AND_MFIN,-1,334,335,338,-0.0018,-0.003163,stop,0,7,0.004,0.0018,-0.0006002400960383813
M_AND_MFIN,1,339,340,345,-0.0018,-0.003163,stop,6,0,0.004,0.0018,-0.0007474958887726118
NAM-INDIA,-1,37,38,39,-0.0018,-0.003163,stop,0,6,0.004,0.0018,-0.0006126378435148307
NAM-INDIA,1,41,42,47,-0.0018,-0.003163,stop,7,0,0.004,0.0018,0.0009594417793283114
NAM-INDIA,1,51,52,58,-0.0009584386163632441,-0.002321438616363244,time,6,0,0.004,0.0018,0.0
NAM-INDIA,-1,68,69,75,0.001050144394854291,-0.00031285560514570905,time,0,7,0.004,0.0018,-0.0
NAM-INDIA,-1,77,78,83,-0.0018,-0.003163,stop,0,7,0.004,0.0018,-0.0
NAM-INDIA,1,108,109,115,-8.744316194464474e-05,-0.0014504431619446448,time,7,0,0.004,0.0018,0.0
NAM-INDIA,-1,118,119,121,-0.0018,-0.003163,stop,1,6,0.004,0.0018,0.00017510068289270308
NAM-INDIA,1,125,126,129,-0.0018,-0.003163,stop,7,0,0.004,0.0018,0.0
NAM-INDIA,-1,130,131,137,0.00035014005602251874,-0.0010128599439774813,time,1,6,0.004,0.0018,8.752735229751339e-05
NAM-INDIA,1,280,281,287,0.0020942408376964927,0.0007312408376964927,time,7,0,0.004,0.0018,0.0
NAM-INDIA,1,296,297,303,0.002685377685377688,0.0013223776853776878,time,8,1,0.004,0.0018,0.0003466204506066646
NAM-INDIA,1,322,323,324,-0.0018,-0.003163,stop,7,0,0.004,0.0018,0.00034509533258570525
NATIONALUM,1,41,42,42,-0.0018,-0.003163,stop,8,1,0.004,0.0018,-0.0004135079255685107
NATIONALUM,1,57,58,62,-0.0018,-0.003163,stop,7,0,0.004,0.0018,-0.0001382552191343966
NATIONALUM,-1,64,65,71,0.0006934812760055475,-0.0006695187239944525,time,1,6,0.004,0.0018,-0.0
NATIONALUM,-1,80,81,85,-0.0018,-0.003163,stop,0,6,0.004,0.0018,-0.0
NATIONALUM,1,107,108,111,-0.0018,-0.003163,stop,6,1,0.004,0.0018,-0.0002776235424763073
NATIONALUM,-1,130,131,137,0.0001392175971041132,-0.0012237824028958869,time,0,6,0.004,0.0018,0.00027835768963123934
NATIONALUM,-1,207,208,214,0.00055772448410496,-0.0008052755158950401,time,0,7,0.004,0.0018,-0.0
NATIONALUM,1,246,247,250,-0.0018,-0.003163,stop,7,2,0.004,0.0018,-0.00041858518208464935
NATIONALUM,1,285,286,292,0.0030683403068341164,0.0017053403068341163,time,6,2,0.004,0.0018,0.0
NATIONALUM,-1,307,308,314,-0.0006973500697349255,-0.0020603500697349256,time,0,6,0.004,0.0018,-0.0
NATIONALUM,-1,320,321,327,0.00013954786491765514,-0.001223452135082345,time,1,8,0.004,0.0018,-0.0
NATIONALUM,-1,354,355,359,-0.0018,-0.003163,stop,1,7,0.004,0.0018,-0.0
NAUKRI,1,32,33,39,0.0021784734548973006,0.0008154734548973005,time,6,0,0.004646229406135838,0.002090803232761127,0.0002421112097491582
NAUKRI,1,52,53,55,-0.0018,-0.003163,stop,6,0,0.004,0.0018,0.00016090104585683466
NAUKRI,1,66,67,73,0.0007245210111093137,-0.0006384789888906864,time,6,2,0.004,0.0018,-0.00040234972237869157
NAUKRI,1,96,97,97,-0.0018,-0.003163,stop,8,1,0.004,0.0018,0.00040016006402561027
NAUKRI,1,105,106,112,0.000718964690845203,-0.0006440353091547971,time,7,0,0.004,0.0018,0.0
NAUKRI,1,135,136,142,7.996801279475108e-05,-0.001283031987205249,time,6,0,0.004,0.0018,-0.0004795779713851084
NAUKRI,-1,167,168,174,0.0005614823133072155,-0.0008015176866927845,time,1,6,0.004,0.0018,0.00024057738572570532
NAUKRI,1,196,197,201,-0.0018,-0.003163,stop,7,1,0.004,0.0018,0.0003211561621839349
NAUKRI,-1,213,214,220,0.0017737644118358542,0.00041076441183585414,time,1,6,0.004,0.0018,-8.063215610378089e-05
NAUKRI,-1,221,222,226,-0.0018,-0.003163,stop,0,7,0.004,0.0018,8.084074373476883e-05
NAUKRI,1,271,272,278,0.0017684887459807896,0.0004054887459807896,time,6,1,0.004,0.0018,0.0
NAUKRI,1,285,286,289,0.004,0.002637,target,6,1,0.004,0.0018,0.00016023073225448283
NAUKRI,1,303,304,310,0.0007173029409419662,-0.0006456970590580338,time,8,1,0.004,0.0018,-0.000239043824701159
NAUKRI,-1,335,336,342,0.0002399040383845863,-0.0011230959616154138,time,1,6,0.004,0.0018,-0.00015996160921382508
NAUKRI,1,355,356,359,-0.0018,-0.003163,stop,8,1,0.004,0.0018,0.0
NESTLEIND,-1,37,38,44,-0.0005176366190933201,-0.0018806366190933202,time,0,7,0.004,0.0018,-0.00036987720076934457
NESTLEIND,-1,67,68,74,7.38934456513407e-05,-0.0012891065543486594,time,0,6,0.004,0.0018,-0.0
NESTLEIND,-1,79,80,86,-0.00036982248520711636,-0.0017328224852071164,time,0,6,0.004,0.0018,-0.0
NESTLEIND,-1,90,91,97,7.39699681929773e-05,-0.0012890300318070228,time,0,6,0.004,0.0018,-0.0003699866804795027
NESTLEIND,-1,118,119,125,-0.0005924609346070753,-0.0019554609346070753,time,0,7,0.004,0.0018,-0.0
NESTLEIND,-1,129,130,135,-0.0018,-0.003163,stop,1,7,0.004,0.0018,0.0002222880853585911
NESTLEIND,1,194,195,201,-0.0018,-0.003163,stop,7,0,0.004,0.0018,0.0
NESTLEIND,-1,221,222,225,-0.0018,-0.003163,stop,1,6,0.004,0.0018,-0.0
NESTLEIND,-1,255,256,262,-0.000740082889283622,-0.002103082889283622,time,0,7,0.004,0.0018,-0.0003701784260013326
NESTLEIND,-1,275,276,282,-0.0006658774785439636,-0.0020288774785439637,time,1,7,0.004,0.0018,-7.399186089523423e-05
NESTLEIND,1,285,286,292,0.002655063057747542,0.001292063057747542,time,8,1,0.004,0.0018,0.00036889479120554816
NESTLEIND,1,331,332,338,-0.0011768167107972793,-0.0025398167107972794,time,6,0,0.004,0.0018,0.0
NESTLEIND,1,344,345,351,0.0,-0.001363,time,6,0,0.004,0.0018,0.0
NESTLEIND,1,355,356,359,-0.0018,-0.003163,stop,8,1,0.004,0.0018,0.0
NHPC,-1,27,28,34,-0.0005284015852047297,-0.0018914015852047297,time,0,7,0.004,0.0018,0.0001320829480912813
NHPC,1,47,48,54,-0.00013166556945365393,-0.001494665569453654,time,6,1,0.004,0.0018,0.00013168290755866626
NHPC,-1,146,147,151,-0.0018,-0.003163,stop,1,8,0.004,0.0018,-0.0
NHPC,-1,220,221,225,-0.0018,-0.003163,stop,1,8,0.004,0.0018,0.00013245033112589558
NHPC,-1,242,243,249,-0.0011918951132299238,-0.002554895113229924,time,0,7,0.004,0.0018,-0.0
NHPC,1,272,273,279,0.0005274957140974923,-0.0008355042859025078,time,8,1,0.004,0.0018,-0.00026367831245874783
NHPC,1,288,289,295,0.00013149243918486597,-0.001231507560815134,time,7,2,0.004,0.0018,-0.00039432176656152915
NHPC,-1,345,346,352,-0.0009212950776518181,-0.002284295077651818,time,2,7,0.004,0.0018,-0.0
NIACL,-1,36,37,42,-0.0027174219764095077,-0.004080421976409508,stop,0,6,0.006038715503132239,0.0027174219764095077,0.00022574637394882354
NIACL,1,50,51,57,0.002024974687816261,0.000661974687816261,time,7,0,0.004,0.0018,-0.000730706537013071
NIACL,-1,77,78,81,0.004,0.002637,target,0,7,0.004,0.0018,0.0004507042253521831
NIACL,1,125,126,132,-0.000789399492528875,-0.002152399492528875,time,6,1,0.004,0.0018,-0.0007324768988054736
NIACL,-1,146,147,153,-0.0006788866259335169,-0.002041886625933517,time,0,6,0.004,0.0018,-5.6577086280005124e-05
NIACL,-1,200,201,207,0.0007366691222303601,-0.00062633087776964,time,0,7,0.004,0.0018,-0.0
NIACL,-1,210,211,217,-0.00011357183418514438,-0.0014765718341851444,time,1,8,0.004,0.0018,-0.0
NIACL,-1,222,223,227,-0.0018,-0.003163,stop,1,8,0.004,0.0018,-0.00017058054244613143
NIACL,1,254,255,255,0.004,0.002637,target,6,1,0.004,0.0018,0.00033977008890651944
NIACL,1,288,289,295,0.000789399492528986,-0.0005736005074710141,time,7,1,0.004,0.0018,-0.00022549185410672556
NIACL,1,310,311,311,-0.0018,-0.003163,stop,7,1,0.004,0.0018,-0.00011241007194234381
NIACL,-1,334,335,341,0.0016930022573362624,0.00033000225733626235,time,1,7,0.004,0.0018,-0.0
NIACL,-1,342,343,349,-0.0005657708628006297,-0.0019287708628006298,time,1,7,0.004,0.0018,5.657388549440431e-05
NLCINDIA,-1,25,26,32,0.000381242851696606,-0.000981757148303394,time,0,7,0.004,0.0018,-0.0
NLCINDIA,-1,36,37,42,-0.0018,-0.003163,stop,1,8,0.004,0.0018,0.0001911680367043065
NLCINDIA,-1,45,46,48,-0.0018,-0.003163,stop,0,6,0.004,0.0018,0.00019105846388999377
NLCINDIA,-1,74,75,81,0.0024766622213754363,0.0011136622213754363,time,0,7,0.004,0.0018,-0.0005718642775447093
NLCINDIA,-1,86,87,93,0.001343827990017199,-1.917200998280107e-05,time,1,8,0.004,0.0018,-0.0
NLCINDIA,-1,129,130,130,-0.0018,-0.003163,stop,1,6,0.004,0.0018,-0.00019223375624742223
NLCINDIA,-1,185,186,192,-0.0003847633705271747,-0.0017477633705271747,time,0,6,0.004,0.0018,0.0005768121515094562
NLCINDIA,1,194,195,201,0.0003841721091046857,-0.0009788278908953144,time,6,3,0.004,0.0018,-0.000575926281435889
NLCINDIA,-1,213,214,220,0.0005775895263765429,-0.0007854104736234571,time,0,6,0.004,0.0018,0.00019249278152073674
NLCINDIA,-1,221,222,228,-0.0013495276653170407,-0.0027125276653170408,time,0,7,0.004,0.0018,-0.0
NLCINDIA,1,310,311,317,0.001909490166125627,0.0005464901661256269,time,7,1,0.004,0.0018,0.0
NLCINDIA,1,324,325,326,-0.0018,-0.003163,stop,7,0,0.004,0.0018,0.0001902225603954899
NMDC,-1,28,29,35,-0.0,-0.001363,time,0,7,0.004,0.0018,-0.0
NMDC,1,49,50,56,0.001485332343111656,0.000122332343111656,time,6,2,0.004,0.0018,-0.00024749412201455293
NMDC,1,57,58,61,-0.0018,-0.003163,stop,7,0,0.004,0.0018,0.0
NMDC,-1,79,80,86,0.00037336652146857663,-0.0009896334785314234,time,0,7,0.004,0.0018,0.00012444001991046685
NMDC,1,107,108,114,0.0,-0.001363,time,6,3,0.004,0.0018,0.0
NMDC,-1,215,216,222,0.0023741097088590957,0.0010111097088590956,time,1,6,0.004,0.0018,0.00012493753123444672
NMDC,1,285,286,292,0.00024999999999986144,-0.0011130000000001386,time,6,1,0.004,0.0018,-0.0003748594277146212
NMDC,-1,299,300,304,-0.0018,-0.003163,stop,1,6,0.004,0.0018,-0.0
NMDC,-1,326,327,333,0.0008769731896767219,-0.0004860268103232782,time,0,7,0.004,0.0018,0.00012526619065520627
NMDC,-1,335,336,342,-0.0002510040160641491,-0.0016140040160641492,time,0,7,0.004,0.0018,-0.0
NTPC,-1,25,26,30,-0.0018,-0.003163,stop,1,7,0.004,0.0018,-0.0
NTPC,-1,37,38,44,-0.0012313375404031657,-0.0025943375404031657,time,2,6,0.004,0.0018,0.00015389350569391976
NTPC,1,57,58,64,-0.0004603345097438094,-0.0018233345097438095,time,6,0,0.004,0.0018,-0.0003067955207852919
NTPC,-1,77,78,84,0.0006147226064240341,-0.000748277393575966,time,0,7,0.004,0.0018,-0.00015370427297882374
NTPC,-1,131,132,138,0.0006158583525788242,-0.0007471416474211759,time,1,6,0.004,0.0018,-0.00030802402587408825
NTPC,-1,201,202,208,0.0009242144177449285,-0.00043878558225507154,time,1,8,0.004,0.0018,-0.0004623208506704704
NTPC,-1,221,222,228,-0.0003084515731031079,-0.001671451573103108,time,1,8,0.004,0.0018,-0.0
NTPC,1,254,255,261,0.0006163328197226203,-0.0007466671802773797,time,6,2,0.004,0.0018,0.0
NTPC,1,285,286,292,0.0035330261136712338,0.0021700261136712337,time,6,0,0.004,0.0018,0.00015363343063454102
NTPC,1,316,317,323,0.0010734549915656366,-0.00028954500843436344,time,6,0,0.004,0.0018,-0.0003066073892379761
NTPC,1,324,325,328,-0.0018,-0.003163,stop,6,1,0.004,0.0018,0.0
NTPC,-1,335,336,342,-0.0010747735298635153,-0.0024377735298635153,time,1,6,0.004,0.0018,0.00015351550506604659
NTPC,-1,354,355,358,-0.0018,-0.003163,stop,1,6,0.004,0.0018,-0.0001535626535625139
NYKAA,-1,25,26,32,0.0011997600479903836,-0.00016323995200961646,time,0,7,0.004,0.0018,0.00044970769000160125
NYKAA,-1,34,35,41,-0.0,-0.001363,time,0,7,0.004,0.0018,-0.0
NYKAA,1,54,55,61,-0.0010497900419914608,-0.002412790041991461,time,6,1,0.004,0.0018,0.0
NYKAA,-1,77,78,84,-0.0018,-0.003163,stop,0,7,0.004,0.0018,-0.0003007518796993165
NYKAA,1,97,98,104,0.0005971931919976914,-0.0007658068080023087,time,8,1,0.004,0.0018,-0.00029850746268663504
NYKAA,-1,222,223,229,-0.0003011141222521996,-0.0016641141222521996,time,1,8,0.004,0.0018,-0.0
NYKAA,-1,239,240,242,0.004,0.002637,target,0,6,0.004,0.0018,-0.0
NYKAA,-1,258,259,260,-0.0018,-0.003163,stop,0,7,0.004,0.0018,0.00015158405335762124
NYKAA,1,285,286,288,0.004,0.002637,target,6,1,0.004,0.0018,0.0007538067239559777
NYKAA,1,318,319,325,-0.0008995502248876353,-0.0022625502248876353,time,7,1,0.004,0.0018,0.0
NYKAA,-1,354,355,359,-0.0018,-0.003163,stop,0,6,0.004,0.0018,0.00015087507543740052
OBEROIRLTY,1,41,42,48,0.0010772379618657624,-0.0002857620381342377,time,7,0,0.004,0.0018,0.0007546356188011338
OBEROIRLTY,1,49,50,56,0.0017736214124477456,0.00041062141244774556,time,6,0,0.004,0.0018,0.0
OBEROIRLTY,-1,74,75,75,-0.0018,-0.003163,stop,2,6,0.004,0.0018,-0.00010755001075502553
OBEROIRLTY,-1,90,91,97,-0.0012406278655805458,-0.002603627865580546,time,1,7,0.004,0.0018,0.0005929919137465817
OBEROIRLTY,1,107,108,114,0.0011275773195875693,-0.0002354226804124307,time,7,0,0.004,0.0018,0.00010739984964023492
OBEROIRLTY,1,120,121,123,0.004,0.002637,target,8,1,0.004,0.0018,0.00042831138237496227
OBEROIRLTY,1,125,126,126,-0.0018,-0.003163,stop,8,1,0.004,0.0018,-0.00010632642211591997
OBEROIRLTY,-1,187,188,194,0.00010741138560688146,-0.0012555886143931186,time,0,7,0.004,0.0018,-0.000483584976626775
OBEROIRLTY,-1,198,199,205,-0.00032280626244141075,-0.0016858062624414108,time,0,6,0.004,0.0018,5.379814934361365e-05
OBEROIRLTY,-1,206,207,213,0.0012921983524469827,-7.08016475530174e-05,time,0,7,0.004,0.0018,-0.00037703328665304617
OBEROIRLTY,-1,249,250,256,5.3882213481348806e-05,-0.0013091177865186513,time,0,6,0.004,0.0018,-0.0002155753166262953
OBEROIRLTY,-1,258,259,265,0.0002695853776890633,-0.0010934146223109367,time,0,6,0.004,0.0018,-0.00010784578053386113
OBEROIRLTY,1,285,286,292,-0.0018,-0.003163,stop,6,1,0.004,0.0018,0.0002149959688256334
OBEROIRLTY,-1,329,330,336,0.0007524050088676404,-0.0006105949911323597,time,2,6,0.004,0.0018,-0.00048392300247343317
OBEROIRLTY,-1,342,343,349,0.003442155649975742,0.002079155649975742,time,1,6,0.004,0.0018,-0.00010757893604434699
OFSS,-1,28,29,35,0.005619047619047635,0.004256047619047635,time,1,7,0.008284136354980003,0.0037278613597410016,0.00019043991620643687
OFSS,-1,36,37,40,-0.003176892331781285,-0.004539892331781285,stop,1,8,0.007059760737291744,0.003176892331781285,0.00019228920296125374
OFSS,-1,63,64,70,0.0016379227285865383,0.00027492272858653825,time,0,6,0.006141727946239225,0.002763777575807651,-0.0004819741661846925
OFSS,-1,74,75,75,-0.0018,-0.003163,stop,0,7,0.004,0.0018,-0.0004833252779120348
OFSS,1,82,83,89,0.0035546161975212875,0.0021916161975212875,time,6,2,0.006134211609715932,0.0027603952243721694,-9.606147934678194e-05
OFSS,1,101,102,105,0.004,0.002637,target,8,1,0.004,0.0018,9.523809523809524e-05
OFSS,1,107,108,109,0.004132735328789583,0.0027697353287895825,target,6,0,0.004132735328789583,0.0018597308979553123,0.00028454898985108605
OFSS,1,112,113,114,-0.0023405287412078587,-0.0037035287412078587,stop,6,0,0.005201174980461908,0.0023405287412078587,-9.432182607055272e-05
OFSS,-1,141,142,142,-0.0018,-0.003163,stop,1,6,0.004,0.0018,-0.000380191996958464
OFSS,1,144,145,147,-0.0018482973382907611,-0.003211297338290761,stop,8,1,0.004107327418423914,0.0018482973382907611,0.0001879169407122052
OFSS,-1,166,167,169,-0.0018,-0.003163,stop,2,7,0.004,0.0018,-0.000474158368895211
OFSS,-1,182,183,187,-0.0018,-0.003163,stop,1,6,0.004,0.0018,0.00038033659788913187
OFSS,1,191,192,192,-0.0018,-0.003163,stop,6,0,0.004,0.0018,9.44822373393802e-05
OFSS,1,261,262,268,-9.41353666572553e-05,-0.0014571353666572554,time,6,0,0.004,0.0018,0.0
OFSS,1,279,280,286,0.0032866935862523317,0.0019236935862523316,time,6,0,0.004,0.0018,9.391435011269723e-05
OFSS,1,287,288,289,0.004,0.002637,target,7,0,0.004,0.0018,0.0
OFSS,1,290,291,292,-0.0018,-0.003163,stop,6,2,0.004,0.0018,0.00046550600502746485
OFSS,1,300,301,303,-0.0018,-0.003163,stop,6,0,0.004,0.0018,0.0
OFSS,1,317,318,321,-0.0018,-0.003163,stop,7,0,0.004,0.0018,0.00046593980057776533
OIL,1,52,53,56,-0.0018,-0.003163,stop,7,0,0.004,0.0018,0.0
OIL,-1,80,81,85,-0.0018,-0.003163,stop,1,8,0.004,0.0018,-0.000105708245243153
OIL,-1,133,134,140,-0.0018,-0.003163,stop,0,7,0.004,0.0018,-0.0003177292946409177
OIL,-1,164,165,171,-0.0005289885738468669,-0.001891988573846867,time,0,7,0.004,0.0018,-0.0005292685508627077
OIL,1,246,247,253,-0.0017962806424344224,-0.0031592806424344225,time,6,1,0.004,0.0018,0.0
OIL,-1,255,256,262,-0.0004232804232804366,-0.0017862804232804366,time,1,6,0.004,0.0018,-0.0005293806246691371
OIL,1,357,358,364,-0.0012667581547555207,-0.0026297581547555207,time,8,1,0.004,0.0018,-0.0005275374551593163
ONGC,-1,74,75,81,0.0005076786394212496,-0.0008553213605787505,time,0,7,0.004,0.0018,-0.000338567015108606
ONGC,1,288,289,293,-0.0018,-0.003163,stop,7,2,0.004,0.0018,0.00021181952976057167
PAGEIND,-1,37,38,38,-0.0018,-0.003163,stop,0,7,0.004,0.0018,-0.0002674511901577962
PAGEIND,1,52,53,59,-0.001060585973750472,-0.002423585973750472,time,8,1,0.004,0.0018,-0.0002650762094102054
PAGEIND,-1,73,74,80,-0.0015961691939345712,-0.0029591691939345713,time,1,6,0.004,0.0018,-0.0
PAGEIND,-1,163,164,164,-0.0018,-0.003163,stop,1,8,0.004,0.0018,0.0009343299519487453
PAGEIND,1,181,182,188,0.0007987220447285281,-0.0005642779552714719,time,7,0,0.004,0.0018,-0.0005321979776476849
PAGEIND,-1,211,212,218,0.0014674493062967198,0.0001044493062967197,time,0,6,0.004,0.0018,0.00013338668800853674
PAGEIND,1,284,285,291,0.004,0.002637,target,8,1,0.004,0.0018,-0.0003980891719745223
PAGEIND,1,310,311,317,0.00039687789390141504,-0.000966122106098585,time,7,0,0.004,0.0018,-0.0006610259122157589
PATANJALI,-1,25,26,32,0.000617055411575973,-0.0007459445884240271,time,0,7,0.004,0.0018,0.00037009622501858893
PATANJALI,-1,34,35,41,0.0003711034141513636,-0.0009918965858486365,time,0,6,0.004,0.0018,-0.0
PATANJALI,1,53,54,56,-0.0018,-0.003163,stop,8,1,0.004,0.0018,0.0
PATANJALI,-1,72,73,79,0.0032138442521632005,0.0018508442521632004,time,1,7,0.004,0.0018,0.0006176652254478073
PATANJALI,-1,80,81,82,-0.0018,-0.003163,stop,1,8,0.004,0.0018,0.0003728097427613622
PATANJALI,-1,91,92,98,0.00024810817516440764,-0.0011148918248355924,time,0,6,0.004,0.0018,-0.0
PATANJALI,1,125,126,132,-0.0006185822095756688,-0.001981582209575669,time,6,1,0.004,0.0018,0.0
PATANJALI,-1,146,147,151,-0.0018,-0.003163,stop,0,7,0.004,0.0018,-0.0
PATANJALI,1,194,195,201,-0.0016093092349590554,-0.0029723092349590555,time,6,2,0.004,0.0018,0.0
PATANJALI,-1,206,207,213,-0.0007438631291842857,-0.0021068631291842857,time,1,6,0.004,0.0018,-0.0006202704379109291
PATANJALI,-1,229,230,236,-0.0003723470274294982,-0.0017353470274294983,time,1,6,0.004,0.0018,-0.0
PATANJALI,1,283,284,290,0.000987166831194486,-0.00037583316880551417,time,7,0,0.004,0.0018,0.0007409236848604875
PAYTM,-1,25,26,28,0.005873504157933937,0.004510504157933937,target,0,7,0.005873504157933937,0.0026430768710702717,-0.0
PAYTM,-1,29,30,30,-0.002628527086833088,-0.0039915270868330875,stop,0,7,0.0058411713040735285,0.002628527086833088,-0.0
PAYTM,-1,34,35,40,-0.002582017528902243,-0.0039450175289022435,stop,0,6,0.005737816730893873,0.002582017528902243,-0.0
PAYTM,-1,45,46,46,-0.0020240224891387663,-0.0033870224891387663,stop,0,6,0.004497827753641703,0.0020240224891387663,-0.0
PAYTM,1,55,56,62,-0.00029561310157266707,-0.0016586131015726671,time,6,1,0.004,0.0018,-0.00017733640716436396
PAYTM,-1,73,74,80,0.0021989777724948922,0.0008359777724948922,time,0,7,0.004,0.0018,-0.00017832729001958898
PAYTM,-1,81,82,83,-0.0018,-0.003163,stop,1,8,0.004,0.0018,-0.0003578030890332811
PAYTM,-1,90,91,97,-0.0003575259206292092,-0.0017205259206292092,time,0,6,0.004,0.0018,5.9584102961275726e-05
PAYTM,1,120,121,123,-0.0018,-0.003163,stop,7,2,0.004,0.0018,0.00011838522552374695
PAYTM,-1,131,132,135,0.004,0.002637,target,0,7,0.004,0.0018,0.00011909724289885397
PAYTM,-1,213,214,220,0.0007179180376907235,-0.0006450819623092766,time,0,7,0.004,0.0018,-5.983008256545952e-05
PAYTM,-1,241,242,248,0.0002998141152485978,-0.0010631858847514023,time,1,8,0.004,0.0018,5.995922772509237e-05
PAYTM,1,289,290,290,-0.0018,-0.003163,stop,6,1,0.004,0.0018,-0.00012000480019189854
PAYTM,1,302,303,309,-0.0018,-0.003163,stop,6,1,0.004,0.0018,0.0
PAYTM,1,331,332,338,-0.00035801658810197257,-0.0017210165881019726,time,7,2,0.004099163975081204,0.001844623788786542,-0.00023862077193811585
PAYTM,-1,342,343,349,0.0014374700527071127,7.447005270711264e-05,time,0,6,0.004,0.0018,-0.0
PERSISTENT,-1,34,35,36,-0.0018,-0.003163,stop,0,6,0.004,0.0018,-0.00037929072634174094
PERSISTENT,1,82,83,89,-0.0011301563382934976,-0.0024931563382934977,time,7,0,0.004,0.0018,0.0
PERSISTENT,1,100,101,103,0.004,0.002637,target,7,0,0.004,0.0018,0.00018821757952192734
PERSISTENT,1,105,106,106,-0.0018,-0.003163,stop,8,1,0.004,0.0018,0.00037376191366099795
PERSISTENT,1,159,160,166,-0.001222034216958101,-0.002585034216958101,time,7,1,0.004,0.0018,0.00028208744710860365
PERSISTENT,1,193,194,200,-9.380863039398779e-05,-0.0014568086303939879,time,7,1,0.004,0.0018,0.0
PERSISTENT,1,204,205,209,-0.0018,-0.003163,stop,6,0,0.004,0.0018,-0.00018751171948246765
PERSISTENT,1,254,255,261,-0.0005629574028898077,-0.0019259574028898077,time,7,1,0.004,0.0018,9.38350380031904e-05
PERSISTENT,1,267,268,274,9.377344336081173e-05,-0.0012692265566391883,time,8,1,0.004,0.0018,-0.0003749531308586427
PERSISTENT,1,285,286,289,0.004,0.002637,target,8,1,0.004,0.0018,9.341429238673517e-05
PERSISTENT,1,303,304,307,-0.0018,-0.003163,stop,7,0,0.004,0.0018,0.0
PERSISTENT,1,355,356,362,0.0024249207237456716,0.0010619207237456715,time,7,1,0.004,0.0018,-9.325748391308402e-05
PETRONET,-1,38,39,45,-0.0003527336860671415,-0.0017157336860671416,time,0,6,0.004,0.0018,-0.0
PETRONET,1,49,50,56,0.0024617548795498045,0.0010987548795498045,time,7,0,0.004,0.0018,-0.0005272407732863876
PETRONET,1,107,108,114,0.00017507002801098182,-0.0011879299719890182,time,7,0,0.004,0.0018,0.0
PETRONET,1,122,123,129,-0.00017497812773403787,-0.001537978127734038,time,7,0,0.004,0.0018,-0.00034983382893133717
PETRONET,1,136,137,143,0.0,-0.001363,time,7,1,0.004,0.0018,-0.0005247507433970058
PETRONET,-1,164,165,171,-0.0012272089761571348,-0.002590208976157135,time,2,6,0.004,0.0018,0.00017528483786156482
PETRONET,1,236,237,243,0.0001753155680224161,-0.001187684431977584,time,7,2,0.004,0.0018,0.0
PETRONET,1,285,286,292,0.0014000700035003977,3.707000350039761e-05,time,6,2,0.004,0.0018,0.0
PETRONET,1,357,358,364,0.002976711609175231,0.001613711609175231,time,7,1,0.004,0.0018,0.0
PFC,-1,25,26,32,-0.0005933837709537482,-0.0019563837709537482,time,0,7,0.004,0.0018,-0.0
PFC,-1,37,38,44,-0.00014852220406957883,-0.001511522204069579,time,0,7,0.004,0.0018,-0.0001485442661911899
PFC,1,52,53,59,0.0013319520497261372,-3.104795027386283e-05,time,7,0,0.004,0.0018,0.0
PFC,1,107,108,114,0.0,-0.001363,time,8,1,0.004,0.0018,0.0
PFC,1,136,137,143,-0.00029529012254525533,-0.0016582901225452554,time,7,0,0.004,0.0018,0.0002953773445575717
PFC,-1,215,216,222,0.000741289844329085,-0.0006217101556709151,time,1,6,0.004,0.0018,-0.00029660388551096766
PFC,-1,229,230,236,-0.00014845605700708475,-0.0015114560570070848,time,1,8,0.004,0.0018,-0.0
PFC,-1,240,241,247,-0.0005943536404160454,-0.0019573536404160455,time,1,6,0.004,0.0018,-0.0
PFC,1,288,289,295,-0.00014768867227887839,-0.0015106886722788784,time,6,1,0.004,0.0018,0.00029546461811204826
PFC,-1,299,300,306,0.0004437869822484508,-0.0009192130177515493,time,3,6,0.004,0.0018,-0.0
PFC,-1,307,308,311,-0.0018,-0.003163,stop,0,7,0.004,0.0018,-0.0
PHOENIXLTD,1,47,48,54,0.0020343810395686557,0.0006713810395686556,time,7,0,0.004,0.0018,0.00020347949944047764
PHOENIXLTD,-1,79,80,86,-0.00025469920024456805,-0.0016176992002445681,time,2,7,0.004,0.0018,-0.0
PHOENIXLTD,-1,88,89,95,-0.001325854156042805,-0.002688854156042805,time,1,6,0.004,0.0018,0.00045873897752183646
PHOENIXLTD,1,101,102,108,0.0011177725840869623,-0.0002452274159130377,time,8,1,0.004,0.0018,0.0
PHOENIXLTD,1,121,122,125,0.004,0.002637,target,7,0,0.004,0.0018,0.00040500177188272895
PHOENIXLTD,-1,172,173,179,-0.0001013479274347695,-0.0014643479274347696,time,0,7,0.004,0.0018,-0.0003041362530414317
PHOENIXLTD,-1,211,212,218,0.00025383287643410135,-0.0011091671235658987,time,0,6,0.004,0.0018,-0.00025389732392220584
PHOENIXLTD,-1,223,224,226,-0.0018,-0.003163,stop,1,6,0.004,0.0018,-0.0007113459681927194
PHOENIXLTD,1,286,287,293,0.004,0.002637,target,6,1,0.004,0.0018,0.0002523468254769355
PHOENIXLTD,-1,325,326,332,0.0006562342251388298,-0.0007067657748611703,time,2,6,0.004,0.0018,0.00010094891984658059
PHOENIXLTD,1,338,339,345,-0.0018,-0.003163,stop,6,2,0.004,0.0018,0.0002522195318805488
PHOENIXLTD,-1,347,348,354,0.002631046346893373,0.001268046346893373,time,0,7,0.004,0.0018,-0.0004555808656036907
PIDILITIND,-1,25,26,32,-0.00019932230416586094,-0.001562322304165861,time,0,7,0.004,0.0018,6.64363539729846e-05
PIDILITIND,-1,35,36,42,0.001199200532977951,-0.00016379946702204913,time,0,6,0.004,0.0018,0.0009318423855165675
PIDILITIND,-1,79,80,86,-0.0003331112591604679,-0.001696111259160468,time,0,6,0.004,0.0018,-0.0003332222592469177
PIDILITIND,-1,88,89,95,0.001199360341151312,-0.000163639658848688,time,0,6,0.004,0.0018,-0.0003999466737767691
PIDILITIND,1,101,102,108,0.00219444075009978,0.0008314407500997797,time,7,2,0.004,0.0018,0.00013301409949457668
PIDILITIND,1,110,111,117,0.0017895015906681522,0.0004265015906681521,time,7,0,0.004,0.0018,6.628222973414798e-05
PIDILITIND,-1,167,168,174,0.0017928286852589848,0.0004298286852589847,time,2,7,0.004,0.0018,0.0003982477100756067
PIDILITIND,1,195,196,197,-0.0018,-0.003163,stop,7,0,0.004,0.0018,0.0
PIDILITIND,1,204,205,209,-0.0018,-0.003163,stop,6,1,0.004,0.0018,0.0001988994231916426
PIDILITIND,1,261,262,268,-0.00013281094362183055,-0.0014958109436218306,time,6,0,0.004,0.0018,0.0
PIDILITIND,1,279,280,286,0.0029193205944797462,0.0015563205944797462,time,6,0,0.004,0.0018,0.0
PIDILITIND,1,288,289,295,-6.600224407626865e-05,-0.0014290022440762687,time,7,1,0.004,0.0018,0.0
PIDILITIND,-1,325,326,330,-0.0018,-0.003163,stop,2,7,0.004,0.0018,6.631739505281279e-05
PIDILITIND,-1,333,334,340,-0.0012613689172145115,-0.0026243689172145116,time,0,7,0.004,0.0018,-0.0
PIIND,-1,28,29,35,-0.0007182087029995454,-0.0020812087029995455,time,1,8,0.004,0.0018,-0.0005918160297599303
PIIND,1,47,48,50,0.004,0.002637,target,8,1,0.004,0.0018,-0.00037870818430468795
PIIND,1,54,55,61,-0.0012918281451848035,-0.0026548281451848036,time,8,1,0.0040202022608426344,0.0018090910173791856,0.00045860085049608483
PIIND,1,108,109,115,-0.0018,-0.003163,stop,8,1,0.004,0.0018,0.0
PIIND,-1,164,165,171,0.0008377314233056765,-0.0005252685766943235,time,2,7,0.004,0.0018,0.0007115650244861321
PIIND,-1,202,203,209,0.0003772161448510891,-0.000985783855148911,time,1,8,0.004,0.0018,-0.0005032079506857353
PIIND,-1,221,222,228,0.00021099717263783901,-0.001152002827362161,time,0,7,0.004,0.0018,0.0002953088086400071
PIIND,1,252,253,259,0.0006309148264984632,-0.0007320851735015369,time,6,1,0.004,0.0018,-0.0003784056508577577
PIIND,1,269,270,276,0.00046195195699660907,-0.000901048043003391,time,6,2,0.004,0.0018,-0.000419780035261523
PIIND,1,284,285,287,0.004,0.002637,target,7,1,0.004,0.0018,-0.000669540109637155
PIIND,1,288,289,290,-0.0018,-0.003163,stop,8,1,0.004,0.0018,0.0008320852055250458
PIIND,1,300,301,307,-0.0012070759625391059,-0.002570075962539106,time,6,0,0.004,0.0018,0.0005413959686824013
PIIND,-1,327,328,334,-0.0018,-0.003163,stop,0,6,0.004,0.0018,8.363651570286992e-05
PIIND,-1,345,346,350,-0.0018,-0.003163,stop,0,7,0.004,0.0018,-8.376261674426136e-05
PNB,-1,36,37,43,0.0014589769996566915,9.597699965669141e-05,time,0,7,0.004,0.0018,-0.0005151983513652952
PNB,1,53,54,60,0.0012838069154399445,-7.919308456005554e-05,time,7,2,0.004,0.0018,0.0
PNB,1,107,108,114,0.00128150363092705,-8.149636907295007e-05,time,6,1,0.004,0.0018,8.544087491448141e-05
PNB,-1,129,130,136,-0.00042786239945225013,-0.0017908623994522502,time,0,7,0.004,0.0018,-0.0
PNB,-1,168,169,175,-0.00042900042900040347,-0.0017920004290004035,time,0,6,0.004,0.0018,0.00034308259713531394
PNB,-1,182,183,189,-0.00017155601303819878,-0.0015345560130381988,time,1,6,0.004,0.0018,-0.0
PNB,-1,220,221,227,0.0005152868430092772,-0.0008477131569907229,time,1,7,0.004,0.0018,-0.0003436426116837804
PNB,1,281,282,288,0.004,0.002637,target,6,1,0.004,0.0018,0.0
PNB,1,301,302,308,-0.0006851074762352916,-0.0020481074762352916,time,6,2,0.004,0.0018,-0.0002568493150685029
PNB,1,343,344,350,-0.00017180654582937827,-0.0015348065458293783,time,6,3,0.004,0.0018,-0.0005151541169400041
POLICYBZR,-1,30,31,32,-0.008813452239204933,-0.010176452239204933,stop,0,6,0.019585449420455408,0.008813452239204933,-0.0
POLICYBZR,-1,35,36,36,-0.008013028121677293,-0.009376028121677293,stop,0,6,0.017806729159282872,0.008013028121677293,0.0005988536230644584
POLICYBZR,-1,37,38,42,-0.00758494702228718,-0.00894794702228718,stop,0,6,0.016855437827304844,0.00758494702228718,-0.0
POLICYBZR,-1,45,46,47,0.016554837135537397,0.015191837135537397,target,0,6,0.016554837135537397,0.0074496767109918285,-0.0005123825789922366
POLICYBZR,-1,63,64,69,-0.004231379943432788,-0.0055943799434327885,stop,0,6,0.009403066540961751,0.004231379943432788,0.0004341785342132685
POLICYBZR,-1,78,79,79,0.012105479913639312,0.010742479913639313,target,1,7,0.012105479913639312,0.0054474659611376906,0.0001747182667948331
POLICYBZR,-1,80,81,82,-0.007402771569065736,-0.008765771569065736,stop,1,8,0.016450603486812748,0.007402771569065736,-0.0006258381761287845
POLICYBZR,1,121,122,122,-0.0032776800324815294,-0.004640680032481529,stop,6,2,0.00728373340551451,0.0032776800324815294,0.00025837567823631203
POLICYBZR,1,125,126,127,-0.003912087912087915,-0.005275087912087915,stop,7,2,0.008693528693528699,0.003912087912087915,-0.0005128205128204351
POLICYBZR,1,147,148,149,-0.0023202678265969554,-0.0036832678265969554,stop,6,1,0.005156150725771012,0.0023202678265969554,-0.00017105713308248843
POLICYBZR,1,151,152,152,-0.0027652713555609883,-0.004128271355560988,stop,7,2,0.006145047456802197,0.0027652713555609883,-0.00017035775127772186
POLICYBZR,-1,169,170,170,-0.002714881573067191,-0.004077881573067191,stop,1,8,0.006033070162371535,0.002714881573067191,0.00017379214459510383
POLICYBZR,-1,186,187,192,-0.002823283373997927,-0.004186283373997927,stop,0,6,0.0062739630533287264,0.002823283373997927,-0.0
POLICYBZR,-1,213,214,214,-0.0018515986276167473,-0.0032145986276167476,stop,0,6,0.004114663616926105,0.0018515986276167473,-8.701705534276806e-05
POLICYBZR,-1,239,240,244,-0.0018,-0.003163,stop,0,6,0.004,0.0018,-0.0
POLICYBZR,1,303,304,304,-0.0023927958833619262,-0.0037557958833619263,stop,7,2,0.005317324185248724,0.0023927958833619262,0.00017152658662096523
POLICYBZR,1,344,345,347,-0.0018,-0.003163,stop,6,2,0.004,0.0018,-0.00017164435290082858
POLYCAB,-1,27,28,34,0.0009519276534983856,-0.00041107234650161447,time,1,6,0.004632147956755287,0.002084466580539879,-0.0
POLYCAB,1,53,54,59,-0.0018,-0.003163,stop,6,0,0.004,0.0018,-0.00023778385447628106
POLYCAB,-1,88,89,95,-0.0004772130756383053,-0.0018402130756383053,time,1,7,0.004,0.0018,0.00035778175313059033
POLYCAB,1,97,98,104,-0.0003571215999047528,-0.0017201215999047528,time,6,3,0.004,0.0018,0.0
POLYCAB,-1,186,187,193,-0.0005365446524383533,-0.0018995446524383533,time,0,7,0.004,0.0018,0.00011921793037672866
POLYCAB,-1,244,245,251,-0.0018,-0.003163,stop,1,8,0.004,0.0018,-0.0
POLYCAB,1,285,286,292,0.0010113629603187846,-0.0003516370396812155,time,7,2,0.004,0.0018,0.0004166170693965004
POLYCAB,1,310,311,317,0.0011885659951269556,-0.00017443400487304446,time,7,1,0.004,0.0018,-0.00017825311942959
POLYCAB,-1,327,328,334,5.9499018266184756e-05,-0.0013035009817338153,time,2,6,0.004,0.0018,-0.00011901219875037192
POWERGRID,-1,35,36,42,0.00018639328984160208,-0.001176606710158398,time,0,6,0.004,0.0018,-0.0
POWERGRID,1,47,48,54,0.0,-0.001363,time,6,0,0.004,0.0018,0.0
POWERGRID,1,57,58,64,-0.000743632645473058,-0.002106632645473058,time,6,0,0.004,0.0018,0.0
POWERGRID,-1,92,93,99,-0.000559075661572761,-0.001922075661572761,time,0,7,0.004,0.0018,-0.00037285607755414894
POWERGRID,-1,130,131,137,-0.0018,-0.003163,stop,1,6,0.004,0.0018,-0.00018712574850303658
POWERGRID,1,147,148,154,-0.0007451564828613311,-0.002108156482861331,time,7,2,0.004,0.0018,0.0
POWERGRID,-1,201,202,208,0.00037369207772808277,-0.0009893079222719173,time,0,6,0.004,0.0018,-0.00018688095683054145
POWERGRID,-1,221,222,228,0.00018705574261135283,-0.0011759442573886472,time,0,7,0.004,0.0018,-0.0
POWERGRID,-1,229,230,236,-0.00018712574850310304,-0.001550125748503103,time,0,7,0.004,0.0018,-0.000374391613627727
POWERGRID,1,254,255,261,0.0,-0.001363,time,7,2,0.004,0.0018,0.0
POWERGRID,1,265,266,272,-0.0009326618168251644,-0.0022956618168251644,time,7,2,0.004,0.0018,0.0
POWERGRID,1,286,287,293,0.002050326188257179,0.0006873261882571788,time,6,0,0.004,0.0018,0.0
POWERGRID,1,300,301,302,-0.0018,-0.003163,stop,7,1,0.004,0.0018,0.0
POWERINDIA,-1,69,70,75,-0.0018,-0.003163,stop,0,6,0.004,0.0018,-0.0003204614645088928
POWERINDIA,1,110,111,112,0.004,0.002637,target,8,1,0.004,0.0018,0.0
POWERINDIA,-1,133,134,134,-0.0018,-0.003163,stop,1,8,0.004,0.0018,-0.00032351989647363315
POWERINDIA,-1,168,169,175,-0.00016126431220775395,-0.001524264312207754,time,1,8,0.004,0.0018,-0.00032263268269075657
POWERINDIA,-1,198,199,205,-0.0018,-0.003163,stop,1,7,0.004,0.0018,-0.00032357223750202233
POWERINDIA,-1,230,231,237,-0.00016168148746964484,-0.001524681487469645,time,1,6,0.004,0.0018,-0.00016170763260025875
POWERINDIA,1,271,272,278,0.0017736214124475236,0.0004106214124475235,time,6,1,0.004,0.0018,-0.0006445375443119562
POWERINDIA,1,310,311,311,-0.0018,-0.003163,stop,6,1,0.004,0.0018,0.0
POWERINDIA,-1,346,347,353,-0.00048355899419738613,-0.0018465589941973862,time,1,8,0.004,0.0018,-0.0
POWERINDIA,1,357,358,358,-0.0018,-0.003163,stop,6,2,0.004,0.0018,0.0
PRESTIGE,-1,25,26,29,-0.0018,-0.003163,stop,0,6,0.004,0.0018,0.0009517335146159694
PRESTIGE,-1,34,35,41,-0.0003400204012240504,-0.0017030204012240505,time,0,6,0.004,0.0018,-0.0002720903339909469
PRESTIGE,-1,45,46,48,-0.0018,-0.003163,stop,0,6,0.004,0.0018,0.00013611924045466923
PRESTIGE,1,53,54,60,-0.0018,-0.003163,stop,6,0,0.004,0.0018,-6.773690984211139e-05
PRESTIGE,-1,81,82,88,-6.797172376282745e-05,-0.0014309717237628275,time,1,8,0.004,0.0018,-0.0004079967360262046
PRESTIGE,-1,90,91,97,0.0008169934640522847,-0.0005460065359477154,time,0,7,0.004,0.0018,-0.00013618412093153036
PRESTIGE,1,120,121,125,0.004,0.002637,target,6,1,0.004,0.0018,0.0
PRESTIGE,-1,141,142,148,0.0033274480510659954,0.0019644480510659953,time,1,8,0.004,0.0018,-0.00040760869565211215
PRESTIGE,-1,172,173,179,0.003411804844762889,0.002048804844762889,time,1,8,0.004,0.0018,0.00034106412005457026
PRESTIGE,-1,182,183,189,-0.0001370426202547126,-0.0015000426202547127,time,1,8,0.004,0.0018,-0.0006856829402084476
PRESTIGE,-1,198,199,205,-0.0007549759780369758,-0.002117975978036976,time,0,7,0.004,0.0018,0.00013724951962671252
PRESTIGE,-1,215,216,222,-0.0004816955684008306,-0.0018446955684008307,time,0,6,0.004,0.0018,0.0003439499208915182
PRESTIGE,-1,230,231,237,0.000688468158347666,-0.0006745318416523341,time,1,6,0.004,0.0018,6.884207627695791e-05
PRESTIGE,-1,239,240,242,-0.0018,-0.003163,stop,0,6,0.004,0.0018,-6.891798759469955e-05
PRESTIGE,-1,274,275,279,-0.0018,-0.003163,stop,2,6,0.004,0.0018,-0.00013764624913974223
PRESTIGE,1,285,286,288,0.004,0.002637,target,6,2,0.004,0.0018,0.0008909601809335768
PRESTIGE,1,355,356,356,-0.0018,-0.003163,stop,7,0,0.004,0.0018,0.00020356924747231764
RADICO,-1,27,28,28,-0.0018,-0.003163,stop,1,6,0.004,0.0018,-0.0
RADICO,-1,37,38,42,-0.0018,-0.003163,stop,0,6,0.004,0.0018,2.2010917414917747e-05
RADICO,1,43,44,46,-0.0018,-0.003163,stop,6,1,0.004,0.0018,-6.562253915482149e-05
RADICO,-1,67,68,74,0.0003956391770705281,-0.000967360822929472,time,0,6,0.004,0.0018,-8.792754770081458e-05
RADICO,-1,80,81,86,-0.0018,-0.003163,stop,0,7,0.004,0.0018,-0.0006166721726682484
RADICO,-1,91,92,98,4.3983110485479315e-05,-0.0013190168895145207,time,0,6,0.004,0.0018,-0.00048404840484044404
RADICO,1,120,121,127,0.0006568863586600138,-0.0007061136413399863,time,8,1,0.004,0.0018,0.0004381161007667032
RADICO,-1,130,131,137,-0.0018,-0.003163,stop,1,6,0.004,0.0018,-0.0
RADICO,-1,187,188,194,-0.0018,-0.003163,stop,1,8,0.004,0.0018,-0.0
RADICO,-1,211,212,218,-0.0018,-0.003163,stop,0,7,0.004,0.0018,-0.0
RADICO,-1,244,245,251,-0.0001540560764117238,-0.0015170560764117239,time,0,7,0.004,0.0018,-0.00011005216472608016
RADICO,1,288,289,295,-0.0007916089451809327,-0.002154608945180933,time,6,3,0.004,0.0018,-0.0004615587498352375
RADICO,-1,305,306,312,0.0010571988635112994,-0.0003058011364887006,time,1,8,0.004,0.0018,-0.0
RADICO,-1,346,347,347,-0.0018,-0.003163,stop,0,7,0.004,0.0018,-0.0004187881593159527
RECLTD,1,32,33,37,-0.0018,-0.003163,stop,6,0,0.004,0.0018,0.0
RECLTD,1,48,49,52,0.004,0.002637,target,6,2,0.004,0.0018,0.0
RECLTD,1,53,54,60,-0.0008047642040881486,-0.0021677642040881487,time,8,1,0.004,0.0018,0.0008054123711340207
RECLTD,1,82,83,89,0.0030625402965827053,0.0016995402965827053,time,7,0,0.004,0.0018,0.0
RECLTD,1,136,137,143,0.0012870012870012104,-7.599871299878965e-05,time,6,0,0.004,0.0018,0.0
RECLTD,-1,213,214,220,-0.00048465266558950226,-0.0018476526655895023,time,0,6,0.004,0.0018,-0.00048488766769024487
RECLTD,-1,223,224,225,-0.0018,-0.003163,stop,0,6,0.004,0.0018,-0.0
RECLTD,-1,240,241,247,-0.000808015513897864,-0.002171015513897864,time,1,7,0.004,0.0018,-0.0
RECLTD,1,265,266,272,0.0006449532408900893,-0.0007180467591099107,time,6,0,0.004,0.0018,-0.0003223726627980848
RECLTD,1,279,280,286,0.0008046346958481276,-0.0005583653041518724,time,6,0,0.004,0.0018,0.0
RECLTD,1,288,289,295,-0.000803083841953045,-0.002166083841953045,time,7,2,0.004,0.0018,0.0
RECLTD,1,310,311,317,-0.0001607717041800516,-0.0015237717041800517,time,6,1,0.004,0.0018,-0.00048208259681818184
RECLTD,1,357,358,364,0.0006404098623118415,-0.0007225901376881586,time,8,1,0.004,0.0018,-0.0001600768368817396
RELIANCE,-1,37,38,42,-0.0018,-0.003163,stop,1,8,0.004,0.0018,-8.204791598304597e-05
RELIANCE,1,54,55,61,-0.0012279983626688473,-0.0025909983626688474,time,6,0,0.004,0.0018,0.0
RELIANCE,-1,63,64,70,-0.0010660106601065866,-0.0024290106601065867,time,0,6,0.004,0.0018,-0.0
RELIANCE,-1,90,91,97,0.0004920049200490828,-0.0008709950799509173,time,0,7,0.004,0.0018,-0.0
RELIANCE,1,107,108,114,-0.00016397474788887312,-0.0015269747478888732,time,6,3,0.004,0.0018,0.0
RELIANCE,1,116,117,123,-0.00016375992794570582,-0.0015267599279457059,time,7,0,0.004,0.0018,0.0003276271602914764
RELIANCE,1,126,127,130,-0.0018,-0.003163,stop,7,0,0.004,0.0018,0.0
RELIANCE,1,147,148,154,-0.0008185315543913774,-0.0021815315543913774,time,6,0,0.004,0.0018,0.0
RELIANCE,-1,166,167,173,0.0007378863654997625,-0.0006251136345002376,time,0,6,0.004,0.0018,-0.0
RELIANCE,-1,201,202,208,0.0005747598324985503,-0.0007882401675014497,time,1,7,0.004,0.0018,-0.0
RELIANCE,1,285,286,292,0.0022947057859366016,0.0009317057859366015,time,6,0,0.004,0.0018,-8.194706219774569e-05
RELIANCE,1,301,302,308,-0.000571661902817544,-0.001934661902817544,time,7,0,0.004,0.0018,0.0
RELIANCE,1,311,312,318,0.0017142857142855572,0.00035128571428555714,time,6,1,0.004,0.0018,0.0
RELIANCE,1,343,344,350,-0.0008975928192573868,-0.002260592819257387,time,6,1,0.004,0.0018,0.0
RVNL,1,40,41,47,0.0005844820028251263,-0.0007785179971748738,time,6,0,0.004,0.0018,0.00034106412005453703
RVNL,1,51,52,57,0.004,0.002637,target,7,0,0.004,0.0018,0.00024301336573517068
RVNL,-1,92,93,99,0.00121406371406374,-0.00014893628593626003,time,1,6,0.004,0.0018,-0.0
RVNL,1,107,108,114,-0.00019390178874401087,-0.001556901788744011,time,6,0,0.004,0.0018,0.0
RVNL,-1,198,199,205,0.0012131799873829063,-0.00014982001261709373,time,2,6,0.004,0.0018,-0.0003398058252426853
RVNL,-1,210,211,217,0.0013614041911800268,-1.5958088199733052e-06,time,0,7,0.004,0.0018,-0.0003404669260700057
RVNL,-1,219,220,225,-0.0018,-0.003163,stop,1,8,0.004,0.0018,-0.0001464772227918614
RVNL,1,254,255,261,-0.000972809961574117,-0.002335809961574117,time,7,2,0.004,0.0018,0.0
RVNL,1,285,286,288,0.004,0.002637,target,6,0,0.004,0.0018,0.00014591439688716506
RVNL,1,289,290,296,0.00024194328849325153,-0.0011210567115067485,time,6,1,0.004,0.0018,-9.676795045485886e-05
RVNL,1,323,324,326,-0.0018,-0.003163,stop,6,1,0.004,0.0018,-0.0002412312442708128
RVNL,-1,345,346,352,-0.0003393445801822548,-0.0017023445801822548,time,1,6,0.004,0.0018,-0.0002909514111143549
RVNL,1,357,358,364,0.002033110659308779,0.0006701106593087788,time,6,2,0.004,0.0018,0.0
SAIL,-1,25,26,32,-0.0008177060619276588,-0.002180706061927659,time,0,6,0.004,0.0018,-0.0
SAIL,1,41,42,42,0.004,0.002637,target,8,1,0.004,0.0018,-0.0002162162162161732
SAIL,1,53,54,54,-0.0020364035121589533,-0.0033994035121589533,stop,6,0,0.004525341138131007,0.0020364035121589533,5.405697605271044e-05
SAIL,1,57,58,62,-0.0018,-0.003163,stop,6,0,0.004,0.0018,-0.00021591277124037591
SAIL,-1,72,73,79,0.0011950676299635754,-0.00016793237003642466,time,0,7,0.004,0.0018,-0.0002173322466720567
SAIL,-1,80,81,87,-0.00021774632553084317,-0.0015807463255308432,time,1,6,0.004,0.0018,5.443361820270713e-05
SAIL,-1,90,91,97,-0.0006539509536784838,-0.002016950953678484,time,0,6,0.004,0.0018,0.00027240533914470915
SAIL,1,122,123,129,0.0004887320119468797,-0.0008742679880531204,time,7,2,0.004,0.0018,-0.00016288413508524886
SAIL,-1,163,164,170,0.00038039343549622906,-0.000982606564503771,time,0,6,0.004,0.0018,0.00010867202781994029
SAIL,-1,182,183,189,-0.0007080224388649192,-0.0020710224388649193,time,1,6,0.004,0.0018,0.0002722421866491503
SAIL,1,272,273,279,5.44425087107836e-05,-0.0013085574912892165,time,6,1,0.004,0.0018,-0.00038095238095234383
SAIL,1,285,286,290,0.004,0.002637,target,6,2,0.004,0.0018,-0.00027184254879579934
SAIL,1,300,301,306,-0.0018,-0.003163,stop,6,2,0.004,0.0018,-0.00021530842932496525
SAIL,1,317,318,324,-0.0018,-0.003163,stop,7,0,0.004,0.0018,-0.0005923213612622564
SAIL,1,338,339,345,-0.0004311738708633328,-0.0017941738708633329,time,7,0,0.004,0.0018,-0.0002694110674067103
SAIL,1,349,350,353,-0.0018,-0.003163,stop,6,0,0.004,0.0018,-0.0006999030903413129
SAIL,-1,354,355,361,0.0005406866720735204,-0.0008223133279264797,time,1,6,0.004,0.0018,0.00027027027027033175
SBICARD,-1,29,30,36,-0.0011437908496731986,-0.0025067908496731986,time,0,6,0.004,0.0018,-0.0002451581269918726
SBICARD,1,41,42,48,0.004,0.002637,target,6,0,0.004,0.0018,8.132064731227865e-05
SBICARD,1,53,54,60,0.00040492387431156907,-0.000958076125688431,time,6,0,0.004,0.0018,-0.00048567265662954217
SBICARD,1,61,62,64,-0.0018,-0.003163,stop,7,0,0.004,0.0018,-8.090614886724033e-05
SBICARD,1,82,83,89,-0.0018,-0.003163,stop,6,0,0.004,0.0018,-0.00024293465057914152
SBICARD,1,105,106,112,-0.0001618646811264446,-0.0015248646811264446,time,7,1,0.004,0.0018,8.093889113711781e-05
SBICARD,1,125,126,132,0.00016174686615455514,-0.001201253133845445,time,8,1,0.004,0.0018,-0.000727331501535551
SBICARD,-1,148,149,155,0.0008938729075247398,-0.00046912709247526026,time,1,6,0.004,0.0018,-0.0
SBICARD,-1,200,201,207,0.0002452984464431651,-0.001117701553556835,time,1,8,0.004,0.0018,0.00024523828987162144
SBICARD,-1,214,215,221,0.0007387343018959713,-0.0006242656981040287,time,1,8,0.004,0.0018,0.00016413623307348827
SBICARD,1,285,286,289,0.004,0.002637,target,7,2,0.004,0.0018,-0.00016371971185315826
SBICARD,1,339,340,346,-0.0013915036424654303,-0.0027545036424654304,time,6,1,0.004,0.0018,0.0
SBICARD,1,357,358,364,-0.0016358580075249707,-0.0029988580075249707,time,7,2,0.004,0.0018,0.00040913182227313643
SBILIFE,-1,25,26,31,0.004,0.002637,target,0,7,0.004,0.0018,-5.749439429663452e-05
SBILIFE,-1,36,37,39,-0.0018,-0.003163,stop,0,6,0.004,0.0018,-5.7660151069674464e-05
SBILIFE,1,54,55,61,-0.0009722063364976385,-0.0023352063364976386,time,7,0,0.004,0.0018,-0.0001715363943050957
SBILIFE,-1,79,80,86,-0.0008016950123117539,-0.002164695012311754,time,0,6,0.004,0.0018,-0.00040100824931258333
SBILIFE,-1,91,92,98,0.0013160906385900617,-4.690936140993836e-05,time,0,6,0.004,0.0018,-0.0004007098288395547
SBILIFE,-1,133,134,140,0.0012042665443284806,-0.0001587334556715195,time,1,8,0.004,0.0018,-0.00034419458467181566
SBILIFE,-1,219,220,226,0.0009770114942528885,-0.0003859885057471116,time,1,6,0.004,0.0018,-0.0002874389192296637
SBILIFE,1,232,233,237,-0.0018,-0.003163,stop,6,3,0.004,0.0018,0.0001148765077541904
SBILIFE,-1,241,242,248,-0.0009784735812132794,-0.0023414735812132795,time,0,6,0.004,0.0018,-0.00028786919223904657
SBILIFE,1,272,273,279,5.723443223448754e-05,-0.0013057655677655125,time,6,0,0.004,0.0018,-0.0003432887058015271
SBILIFE,1,285,286,292,0.0011991777067152931,-0.00016382229328470695,time,6,0,0.004,0.0018,5.7106961338665084e-05
SBILIFE,1,337,338,344,-0.00011428571428573342,-0.0014772857142857335,time,6,0,0.004,0.0018,0.00011429877700311206
SBILIFE,-1,346,347,353,0.002291213197388009,0.0009282131973880089,time,0,6,0.004,0.0018,-0.0
SBIN,-1,25,26,27,-0.0018,-0.003163,stop,0,6,0.004,0.0018,-0.0002039567611665631
SBIN,-1,37,38,44,-0.0018,-0.003163,stop,1,8,0.004,0.0018,-0.0
SBIN,1,53,54,60,-0.0007118885385944962,-0.0020748885385944963,time,7,0,0.004,0.0018,-0.00010168802115113153
SBIN,-1,71,72,78,0.00020403999183848942,-0.0011589600081615106,time,1,7,0.004,0.0018,-0.0
SBIN,-1,90,91,97,-0.00030634126416839713,-0.0016693412641683972,time,1,7,0.004,0.0018,-0.00020426922684090674
SBIN,1,112,113,119,0.0,-0.001363,time,6,2,0.004,0.0018,0.0
SBIN,-1,168,169,175,0.00010213461342045704,-0.001260865386579543,time,1,8,0.004,0.0018,-0.0003064977523498858
SBIN,-1,185,186,192,-0.0005108817819556855,-0.0018738817819556855,time,1,6,0.004,0.0018,-0.0
SBIN,1,236,237,243,-0.001325854156042805,-0.002688854156042805,time,7,2,0.004,0.0018,0.0
SBIN,1,285,286,292,0.002243753187149533,0.000880753187149533,time,6,2,0.004,0.0018,0.00020401917780275985
SBIN,1,357,358,364,0.00030559233981852785,-0.0010574076601814722,time,6,1,0.004,0.0018,-0.00010185373803209315
SCHAEFFLER,-1,72,73,79,0.0016197358584599808,0.00025673585845998074,time,0,6,0.004,0.0018,0.0004732371914618274
SCHAEFFLER,-1,139,140,146,0.0008284588155549333,-0.0005345411844450668,time,1,8,0.004,0.0018,-2.5105442860103384e-05
SCHAEFFLER,1,175,176,182,0.0014321608040199774,6.91608040199773e-05,time,6,3,0.004,0.0018,-0.00042695331139960775
SHREECEM,-1,27,28,28,-0.0018,-0.003163,stop,0,7,0.004,0.0018,0.0004496402877697842
SHREECEM,1,40,41,47,0.0006708407871198752,-0.0006921592128801249,time,6,1,0.004,0.0018,0.0
SHREECEM,1,53,54,60,0.0029004908522980433,0.0015374908522980432,time,7,2,0.004,0.0018,-0.00044603033006244426
SHREECEM,-1,73,74,76,-0.0018,-0.003163,stop,0,7,0.004,0.0018,-0.00022366360993066427
SHREECEM,-1,88,89,95,0.001563896336014281,0.00020089633601428096,time,0,6,0.004,0.0018,-0.0004470272686633885
SHREECEM,1,107,108,114,-0.0018,-0.003163,stop,6,1,0.004,0.0018,0.00044662795891022776
SHREECEM,-1,162,163,169,0.001568803227252391,0.000205803227252391,time,0,6,0.004,0.0018,-0.0
SHREECEM,-1,172,173,179,0.000674157303370837,-0.000688842696629163,time,0,6,0.004,0.0018,0.00022466861379465288
SHREECEM,1,271,272,278,-0.0002244165170556256,-0.0015874165170556257,time,7,2,0.004,0.0018,0.0
SHREECEM,1,285,286,289,0.004,0.002637,target,7,2,0.004,0.0018,0.0006721935917544253
SHREECEM,-1,309,310,316,-0.0008962581223392885,-0.0022592581223392885,time,0,7,0.004,0.0018,-0.0
SHREECEM,-1,345,346,352,-0.0018,-0.003163,stop,0,6,0.004,0.0018,-0.0004483299708585519
SHREECEM,1,355,356,358,-0.0018,-0.003163,stop,6,1,0.004,0.0018,0.0
SHRIRAMFIN,-1,26,27,30,-0.0018,-0.003163,stop,0,6,0.004,0.0018,-0.0
SHRIRAMFIN,-1,37,38,39,-0.0018,-0.003163,stop,1,7,0.004,0.0018,0.0001005328239670481
SHRIRAMFIN,1,49,50,56,0.0001001602564103532,-0.0012628397435896469,time,6,0,0.004,0.0018,-0.00030039050766002626
SHRIRAMFIN,-1,64,65,71,0.0005016051364366003,-0.0008613948635633997,time,1,6,0.004,0.0018,0.00010031096398838673
SHRIRAMFIN,-1,72,73,79,0.001907822070489007,0.0005448220704890069,time,0,6,0.004,0.0018,0.00010040160642572564
SHRIRAMFIN,-1,91,92,98,0.0003020843822375552,-0.0010609156177624449,time,0,7,0.004,0.0018,-0.00030217566478653123
SHRIRAMFIN,1,112,113,119,-0.001105638757664118,-0.002468638757664118,time,7,2,0.004,0.0018,0.00010052271813432121
SHRIRAMFIN,-1,133,134,140,-0.0010080645161290036,-0.0023710645161290037,time,0,7,0.004,0.0018,-0.0001008166145781054
SHRIRAMFIN,-1,172,173,179,-0.0008055583526331844,-0.0021685583526331845,time,0,7,0.004,0.0018,-0.00010070493454181545
SHRIRAMFIN,-1,187,188,194,0.00040294147275121706,-0.000960058527248783,time,0,6,0.004,0.0018,-0.0
SHRIRAMFIN,-1,219,220,226,-0.0013135293523289793,-0.0026765293523289793,time,1,7,0.004,0.0018,-0.0
SHRIRAMFIN,-1,231,232,238,-0.00020224491859655025,-0.0015652449185965503,time,0,6,0.004,0.0018,0.00010111223458040721
SHRIRAMFIN,-1,239,240,246,0.00010118385105728489,-0.0012618161489427152,time,0,7,0.004,0.0018,-0.0
SHRIRAMFIN,1,271,272,278,0.001112459546925626,-0.0002505404530743741,time,6,2,0.004,0.0018,0.0
SHRIRAMFIN,1,281,282,286,0.004,0.002637,target,6,1,0.004,0.0018,-0.00010090817356208147
SHRIRAMFIN,1,288,289,293,-0.0018,-0.003163,stop,8,1,0.004,0.0018,0.0
SHRIRAMFIN,-1,305,306,312,0.0024193548387096975,0.0010563548387096974,time,0,7,0.004,0.0018,0.00010079629069652528
SHRIRAMFIN,-1,314,315,319,-0.0018,-0.003163,stop,0,7,0.004,0.0018,0.00010112245929823313
SHRIRAMFIN,-1,346,347,353,-0.0016168148746968924,-0.0029798148746968925,time,0,7,0.004,0.0018,-0.0
SIEMENS,-1,25,26,32,0.0017935121646911467,0.00043051216469114665,time,1,6,0.004,0.0018,-0.0
SIEMENS,-1,38,39,45,-0.00041732961214435704,-0.001780329612144357,time,0,7,0.004,0.0018,2.608242044859391e-05
SIEMENS,-1,68,69,75,-0.0005475594493118408,-0.0019105594493118408,time,0,6,0.004,0.0018,0.00013035430299554188
SIEMENS,-1,79,80,84,-0.0018,-0.003163,stop,0,6,0.004,0.0018,0.00013053126223730585
SIEMENS,1,110,111,117,0.0009084538116126417,-0.00045454618838735835,time,6,0,0.004,0.0018,-0.0005447753450244795
SIEMENS,-1,146,147,153,-0.0011462512374302847,-0.0025092512374302847,time,1,7,0.004,0.0018,2.6050485841537255e-05
SIEMENS,-1,170,171,177,-0.0007291476784458961,-0.002092147678445896,time,1,6,0.004,0.0018,2.6040310400476293e-05
SIEMENS,-1,198,199,205,-0.0,-0.001363,time,0,6,0.004,0.0018,0.0001041938004688958
SIEMENS,-1,210,211,217,-0.0003393015607870975,-0.0017023015607870976,time,1,7,0.004,0.0018,-0.0
SIEMENS,1,256,257,263,-0.00018195050946134828,-0.0015449505094613483,time,8,1,0.004,0.0018,-0.0007532271889042079
SIEMENS,1,269,270,276,0.0010909657644553317,-0.0002720342355446684,time,6,0,0.004,0.0018,-0.0005711318795430472
SIEMENS,1,281,282,288,0.004,0.002637,target,7,0,0.004,0.0018,-0.0005962720037332284
SIEMENS,1,289,290,296,0.0008772835173909144,-0.0004857164826090857,time,6,0,0.004,0.0018,-0.00012899563994736978
SIEMENS,-1,342,343,349,-0.0007758152525279005,-0.0021388152525279006,time,1,6,0.004,0.0018,0.0001292858251021358
SJVN,-1,28,29,30,-0.0018,-0.003163,stop,0,6,0.004,0.0018,-0.0003257328990228522
SJVN,-1,38,39,41,-0.0018,-0.003163,stop,0,6,0.004,0.0018,-0.0
SJVN,1,48,49,55,0.0008107669855683675,-0.0005522330144316326,time,6,2,0.004,0.0018,0.0
SJVN,-1,80,81,87,-0.0006498781478474491,-0.002012878147847449,time,0,7,0.004,0.0018,-0.00032504469364531157
SJVN,-1,93,94,100,-0.0014636526264433236,-0.0028266526264433237,time,1,6,0.004,0.0018,-0.0003253619651863206
SJVN,-1,201,202,208,-0.0001626280696047644,-0.0015256280696047645,time,1,6,0.004,0.0018,-0.0
SJVN,-1,249,250,252,-0.0018,-0.003163,stop,0,6,0.004,0.0018,-0.0
SJVN,1,288,289,295,-0.0011350737797957144,-0.0024980737797957145,time,7,1,0.004,0.0018,-0.0006481931615621317
SJVN,1,301,302,308,0.0003245172805450558,-0.0010384827194549443,time,6,0,0.004,0.0018,-0.0006486135884546643
SJVN,1,324,325,331,-0.0008085381630014155,-0.0021715381630014155,time,7,1,0.004,0.0018,0.0003235198964736837
SJVN,1,356,357,363,0.0,-0.001363,time,6,0,0.004,0.0018,0.0
SOLARINDS,1,57,58,64,-0.0007587253414264028,-0.002121725341426403,time,6,1,0.004,0.0018,0.0
SOLARINDS,-1,73,74,80,0.0005069708491761693,-0.0008560291508238308,time,0,7,0.004,0.0018,-0.000507227998985544
SOLARINDS,1,116,117,123,-0.0010136847440446184,-0.0023766847440446185,time,6,0,0.004,0.0018,0.0
SOLARINDS,-1,146,147,149,-0.0018,-0.003163,stop,0,6,0.004,0.0018,-0.0
SOLARINDS,-1,185,186,192,0.003560528992878953,0.002197528992878953,time,1,7,0.004,0.0018,-0.0
SOLARINDS,-1,200,201,202,-0.0018,-0.003163,stop,0,6,0.004,0.0018,-0.0
SOLARINDS,-1,215,216,222,0.001024852677427579,-0.00033814732257242104,time,1,8,0.004,0.0018,-0.00025627883136852895
SOLARINDS,-1,223,224,230,-0.0,-0.001363,time,1,7,0.004,0.0018,-0.0
SOLARINDS,-1,238,239,245,-0.0005132152938156498,-0.0018762152938156498,time,0,6,0.004,0.0018,-0.0007704160246533128
SOLARINDS,1,270,271,277,0.0020486555697822872,0.0006856555697822872,time,7,2,0.004,0.0018,0.0
SOLARINDS,1,280,281,283,-0.0018,-0.003163,stop,7,2,0.004,0.0018,0.0
SOLARINDS,1,286,287,289,0.004,0.002637,target,7,1,0.004,0.0018,-0.0007623888182973316
SOLARINDS,1,310,311,317,0.0,-0.001363,time,7,0,0.004,0.0018,0.0
SOLARINDS,1,343,344,345,-0.0018,-0.003163,stop,6,1,0.004,0.0018,-0.0007604562737642585
SOLARINDS,1,351,352,358,0.0012703252032519874,-9.267479674801267e-05,time,6,2,0.004,0.0018,-0.0005078720162519045
SRF,-1,25,26,28,0.004,0.002637,target,0,7,0.004,0.0018,-0.00035735556879098313
SRF,-1,73,74,80,0.0001596551448870276,-0.0012033448551129725,time,1,6,0.004,0.0018,-0.0002395400830405258
SRF,-1,86,87,93,0.00039968025579539823,-0.0009633197442046018,time,1,6,0.004,0.0018,0.00011988970147471602
SRF,1,109,110,116,3.9835876190164043e-05,-0.001323164123809836,time,7,2,0.004,0.0018,-0.0004778021102925814
SRF,1,279,280,286,0.003508072553318753,0.002145072553318753,time,7,0,0.004,0.0018,-0.00047814479818297735
SRF,1,288,289,289,0.004,0.002637,target,6,3,0.004,0.0018,-7.931157552437566e-05
SRF,1,310,311,317,0.001184272856466162,-0.00017872714353383808,time,7,0,0.004,0.0018,-0.00027625399581683287
SRF,1,331,332,338,-0.00023675176577375723,-0.0015997517657737573,time,6,0,0.004,0.0018,-0.00011836187169562344
SUNDARMFIN,-1,25,26,27,-0.0018,-0.003163,stop,1,8,0.004,0.0018,4.45335114673387e-05
SUNDARMFIN,-1,38,39,40,-0.0018,-0.003163,stop,0,6,0.004,0.0018,-0.0001335618725373315
SUNDARMFIN,1,48,49,55,0.0008423479340309292,-0.0005206520659690708,time,6,0,0.004,0.0018,0.00015519343753460106
SUNDARMFIN,-1,79,80,86,0.0009107063527321602,-0.0004522936472678399,time,0,6,0.004,0.0018,0.0004440497335701599
SUNDARMFIN,-1,90,91,97,0.00026726057906456546,-0.0010957394209354346,time,2,6,0.004,0.0018,0.0008678430761698383
SUNDARMFIN,-1,141,142,148,0.0004901960784313708,-0.0008728039215686293,time,0,6,0.004,0.0018,-0.0
SUNDARMFIN,-1,160,161,167,0.0006028535065978335,-0.0007601464934021665,time,1,8,0.004,0.0018,-0.00037971856153670274
SUNDARMFIN,-1,168,169,173,-0.0018,-0.003163,stop,1,6,0.004,0.0018,-0.0003353529030382973
SUNDARMFIN,-1,199,200,206,0.0003801431127011812,-0.0009828568872988189,time,0,6,0.004,0.0018,-0.0
SUNDARMFIN,-1,211,212,212,-0.0018,-0.003163,stop,1,8,0.004,0.0018,-0.00024632196520150566
SUNDARMFIN,1,286,287,293,0.0010715242432357552,-0.0002914757567642448,time,6,1,0.004,0.0018,-0.0002678093197642872
SUNPHARMA,-1,37,38,44,-0.000162276194082267,-0.001525276194082267,time,0,6,0.004,0.0018,-0.0
SUNPHARMA,-1,45,46,52,-0.0007585198027848516,-0.0021215198027848517,time,0,7,0.004,0.0018,-0.00010837171498241424
SUNPHARMA,1,66,67,73,-0.0008111177202184683,-0.0021741177202184683,time,6,0,0.004,0.0018,-0.0003243418563166314
SUNPHARMA,-1,74,75,81,0.00043365134431916363,-0.0009293486556808364,time,1,8,0.004,0.0018,-0.0
SUNPHARMA,1,99,100,106,5.4019014693151846e-05,-0.0013089809853068482,time,7,0,0.004,0.0018,0.00010804970286334169
SUNPHARMA,1,285,286,292,-5.4033608904768826e-05,-0.0014170336089047689,time,7,1,0.004,0.0018,0.0001080788975952691
SUNPHARMA,1,337,338,344,0.00043166243997183606,-0.000931337560028164,time,7,1,0.004,0.0018,0.00016189962223419024
SUPREMEIND,1,41,42,48,0.004,0.002637,target,7,0,0.004,0.0018,-0.0005763688760806917
SUPREMEIND,1,61,62,68,0.0008612522607871487,-0.0005017477392128514,time,6,0,0.004,0.0018,-2.870758454381037e-05
SUPREMEIND,-1,118,119,125,-0.0014666551634889835,-0.0028296551634889836,time,1,6,0.004,0.0018,-0.0
SUPREMEIND,1,181,182,188,-0.0005435093540820946,-0.0019065093540820946,time,6,1,0.004,0.0018,-5.720823798621799e-05
SUPREMEIND,-1,211,212,218,0.0007462258194133042,-0.0006167741805866958,time,1,6,0.004,0.0018,0.0002869275794789395
SUPREMEIND,-1,219,220,221,-0.0018,-0.003163,stop,0,6,0.004,0.0018,0.0004026459591602217
SUPREMEIND,1,235,236,242,-8.600917431200727e-05,-0.0014490091743120073,time,6,0,0.004,0.0018,-0.000372567563694776
SUPREMEIND,1,285,286,292,0.004,0.002637,target,7,2,0.004,0.0018,0.00048459279952118607
SUPREMEIND,1,302,303,309,0.0012784090909090384,-8.459090909096164e-05,time,6,0,0.004,0.0018,0.0
SUPREMEIND,1,310,311,317,0.0013617021276597363,-1.2978723402637567e-06,time,8,1,0.004,0.0018,-0.00045369477683885587
SUPREMEIND,1,341,342,344,-0.0018,-0.003163,stop,8,1,0.004,0.0018,2.8253376278439578e-05
SUPREMEIND,1,349,350,356,0.002346024477797526,0.0009830244777975258,time,6,0,0.004,0.0018,-0.00036731464737786143
SUPREMEIND,1,358,359,365,0.0004507042253520943,-0.0009122957746479058,time,6,1,0.004,0.0018,0.0
SUZLON,-1,27,28,34,0.0012345679012345512,-0.00012843209876544888,time,0,7,0.004,0.0018,-0.0
SUZLON,-1,37,38,39,-0.0018,-0.003163,stop,1,8,0.004,0.0018,-0.0
SUZLON,1,47,48,54,0.0022227710545812407,0.0008597710545812406,time,6,3,0.004,0.0018,0.0
SUZLON,-1,67,68,74,-0.0002475247524751367,-0.0016105247524751368,time,0,7,0.004,0.0018,0.0004948045522019576
SUZLON,-1,185,186,192,-0.0002484472049688602,-0.0016114472049688603,time,0,6,0.004,0.0018,-0.0
SUZLON,-1,219,220,225,-0.0018,-0.003163,stop,1,8,0.004,0.0018,-0.0
SUZLON,1,280,281,285,0.004,0.002637,target,7,2,0.004,0.0018,0.0
SUZLON,1,287,288,290,0.004,0.002637,target,8,1,0.004,0.0018,0.0
SUZLON,1,301,302,308,0.0007376444553726103,-0.0006253555446273898,time,6,0,0.004,0.0018,-0.0002458210422811704
SUZLON,1,310,311,317,0.002450980392156854,0.001087980392156854,time,7,0,0.004,0.0018,0.0
SUZLON,-1,327,328,334,-0.0004906771344455052,-0.0018536771344455053,time,3,6,0.004,0.0018,-0.0
TATACOMM,-1,26,27,33,-0.0006636100386101518,-0.002026610038610152,time,0,7,0.004,0.0018,0.000602918123718799
TATACOMM,-1,36,37,43,6.0364602197271466e-05,-0.0013026353978027286,time,0,6,0.004,0.0018,0.00024140012070011523
TATACOMM,-1,69,70,76,0.00024156048070544944,-0.0011214395192945506,time,1,8,0.004,0.0018,-0.0003624720594455002
TATACOMM,-1,79,80,86,-0.001694710083524953,-0.003057710083524953,time,1,8,0.004,0.0018,-0.00042385709960644595
TATACOMM,1,111,112,118,-0.00042004200420042714,-0.0017830420042004272,time,7,0,0.004,0.0018,0.0
TATACOMM,1,127,128,128,-0.0018,-0.003163,stop,7,0,0.004,0.0018,-5.986231667160075e-05
TATACOMM,1,136,137,143,0.0005985873338920644,-0.0007644126661079356,time,7,0,0.004,0.0018,-0.0005982292414453219
TATACOMM,1,195,196,202,-0.0008999280057595538,-0.002262928005759554,time,7,1,0.004,0.0018,-0.00011997600479906747
TATACOMM,1,204,205,211,-0.0005982292414453694,-0.0019612292414453694,time,8,1,0.004,0.0018,-5.9819345576441e-05
TATACOMM,1,233,234,240,-0.00035716411691177896,-0.001720164116911779,time,6,0,0.004,0.0018,0.0002977253781112302
TATACOMM,-1,307,308,314,-0.00029865010154095373,-0.0016616501015409538,time,2,6,0.004,0.0018,-0.0
TATACOMM,-1,325,326,329,-0.0018,-0.003163,stop,2,7,0.004,0.0018,-0.0
TATACONSUM,-1,39,40,46,-0.0018,-0.003163,stop,1,8,0.004,0.0018,-0.0
TATACONSUM,1,48,49,55,-0.0005068423720222537,-0.0018698423720222537,time,6,0,0.004,0.0018,-0.00020269585486981399
TATACONSUM,-1,73,74,80,0.00010153315057370715,-0.001261466849426293,time,1,7,0.004,0.0018,-0.0
TATACONSUM,-1,90,91,97,0.00030481609428989476,-0.0010581839057101053,time,0,7,0.004,0.0018,-0.0003049090354711538
TATACONSUM,-1,129,130,136,-0.000813173409229595,-0.002176173409229595,time,1,7,0.004,0.0018,-0.00040675208460441047
TATACONSUM,-1,249,250,256,0.00020358306188916764,-0.0011594169381108324,time,2,7,0.004,0.0018,-0.0
TATACONSUM,-1,327,328,334,0.00010177081213114114,-0.001261229187868859,time,0,6,0.004,0.0018,-0.0001017811704834837
TATACONSUM,-1,342,343,349,-0.001019575856443744,-0.002382575856443744,time,0,7,0.004,0.0018,-0.0003059663437021464
TATAELXSI,-1,27,28,34,0.0015457900880154751,0.00018279008801547507,time,0,6,0.004139871745149844,0.0018629422853174296,-0.0006629206389291966
TATAELXSI,1,43,44,50,0.0011643275221850935,-0.00019867247781490656,time,7,0,0.004,0.0018,3.146930169630985e-05
TATAELXSI,1,53,54,55,-0.0018,-0.003163,stop,6,0,0.004,0.0018,-3.137353328729028e-05
TATAELXSI,1,195,196,202,-0.0015710919088767206,-0.0029340919088767206,time,8,1,0.004,0.0018,-0.0004397123025220927
TATAELXSI,1,285,286,288,0.004,0.002637,target,7,1,0.004,0.0018,0.0
TATAELXSI,1,302,303,307,-0.0018,-0.003163,stop,6,0,0.004,0.0018,0.0001876465989053664
TATAELXSI,1,317,318,324,-0.0010012828937076002,-0.0023642828937076,time,6,1,0.004,0.0018,-3.128911138920809e-05
TATAELXSI,-1,345,346,352,-0.0009742606618685645,-0.0023372606618685646,time,2,7,0.004,0.0018,-0.00028292989625906665
TATAINVEST,-1,26,27,32,-0.0018,-0.003163,stop,0,7,0.004,0.0018,-0.0
TATAINVEST,-1,38,39,40,-0.0018,-0.003163,stop,0,6,0.004,0.0018,7.708317274332001e-05
TATAINVEST,1,53,54,55,-0.0018,-0.003163,stop,7,0,0.004,0.0018,-7.669888019627938e-05
TATAINVEST,1,62,63,69,-0.0013029815283207569,-0.002665981528320757,time,6,0,0.004,0.0018,0.00015331544653127287
TATAINVEST,-1,77,78,84,0.0013835511145272594,2.0551114527259367e-05,time,1,8,0.004,0.0018,-0.0005383373067753945
TATAINVEST,-1,90,91,97,-0.0006169983032549009,-0.001979998303254901,time,0,7,0.004,0.0018,0.0001542257865515465
TATAINVEST,1,144,145,151,-0.0016920473773266442,-0.0030550473773266443,time,7,2,0.004,0.0018,-0.00046125461254605557
TATAINVEST,1,195,196,202,-0.0016174998074404145,-0.0029804998074404146,time,6,1,0.004,0.0018,-0.00030800030800037803
TATAINVEST,1,265,266,272,0.0005384201215290485,-0.0008245798784709516,time,6,2,0.004,0.0018,-0.000538130381303848
TATAINVEST,1,289,290,296,-0.0018,-0.003163,stop,7,1,0.004,0.0018,0.00030641948827935005
TATAINVEST,1,302,303,309,-0.00023000843364251455,-0.0015930084336425146,time,6,0,0.004,0.0018,-0.00022995554192852563
TATAINVEST,1,310,311,317,0.000536439573913583,-0.0008265604260864171,time,6,0,0.004,0.0018,0.0
TATAINVEST,-1,340,341,347,-0.0012285012285011554,-0.0025915012285011555,time,2,7,0.004,0.0018,-0.0
TATAINVEST,-1,353,354,357,-0.0018,-0.003163,stop,0,6,0.004,0.0018,-0.0
TATAINVEST,1,361,362,362,-0.0018,-0.003163,stop,7,0,0.004,0.0018,0.0
TATAPOWER,-1,37,38,41,-0.0018,-0.003163,stop,1,8,0.004,0.0018,-0.0
TATAPOWER,1,53,54,60,0.004,0.002637,target,7,0,0.004,0.0018,0.0
TATAPOWER,1,61,62,66,-0.0018,-0.003163,stop,8,1,0.004,0.0018,-0.00013642564802185912
TATAPOWER,1,99,100,106,0.00027352297592986297,-0.001089477024070137,time,6,0,0.004,0.0018,-0.0005467468562055457
TATAPOWER,-1,202,203,209,0.00013689253935667,-0.00122610746064333,time,2,7,0.004,0.0018,0.0001368738023542605
TATAPOWER,-1,220,221,227,-0.0,-0.001363,time,1,7,0.004,0.0018,0.0001370614035088031
TATAPOWER,-1,244,245,251,-0.0008234971177600858,-0.002186497117760086,time,1,6,0.004,0.0018,0.00013723068478114825
TATAPOWER,1,285,286,292,0.00150314293522813,0.00014014293522812997,time,7,1,0.004,0.0018,0.00041011619958982164
TATAPOWER,1,310,311,317,0.0010893246187364536,-0.0002736753812635465,time,8,1,0.004,0.0018,-0.00040832993058400463
TATAPOWER,-1,328,329,335,-0.0005455537370431252,-0.0019085537370431252,time,2,6,0.004,0.0018,-0.0
TATAPOWER,1,344,345,351,-0.0006806425265450944,-0.0020436425265450944,time,6,0,0.004,0.0018,0.0
TATASTEEL,-1,29,30,35,-0.0018,-0.003163,stop,1,6,0.004,0.0018,-0.0
TATASTEEL,1,41,42,44,-0.0018,-0.003163,stop,7,0,0.004,0.0018,-5.2692591421598194e-05
TATASTEEL,1,54,55,61,0.0002636991719844328,-0.0010993008280155672,time,6,1,0.004,0.0018,-0.0004744333157615972
TATASTEEL,-1,64,65,71,0.0006866680752165566,-0.0006763319247834435,time,0,6,0.004,0.0018,-0.0005813646213201481
TATASTEEL,-1,77,78,84,-0.00100555702566818,-0.00236855702566818,time,0,6,0.004,0.0018,-5.2926855086222635e-05
TATASTEEL,1,120,121,127,0.0010056102466391437,-0.0003573897533608564,time,6,1,0.004,0.0018,-0.0002645642626594601
TATASTEEL,-1,129,130,136,-0.000794197066765534,-0.002157197066765534,time,2,6,0.004,0.0018,-0.0
TATASTEEL,-1,163,164,170,-0.00015929485477617078,-0.0015222948547761708,time,1,8,0.004,0.0018,-0.0004249667994688579
TATASTEEL,-1,219,220,226,0.00031921685464997296,-0.001043783145350027,time,2,6,0.004,0.0018,-0.0
TATASTEEL,-1,230,231,237,-0.0005327366682648105,-0.0018957366682648105,time,0,6,0.004,0.0018,-0.0
TATASTEEL,-1,239,240,246,-0.0003199658703072483,-0.0016829658703072484,time,0,7,0.004,0.0018,5.3324801365066414e-05
TATASTEEL,-1,257,258,264,0.00048020488741851164,-0.0008827951125814884,time,0,6,0.004,0.0018,-0.0001067235859123896
TATASTEEL,1,288,289,295,0.0006900212314224774,-0.0006729787685775227,time,7,2,0.004,0.0018,-0.00021226915729140333
TATASTEEL,-1,326,327,329,-0.0018,-0.003163,stop,0,6,0.004,0.0018,-0.0
TATASTEEL,-1,345,346,352,-0.0006384676775739173,-0.0020014676775739174,time,0,6,0.004,0.0018,-0.0
TATASTEEL,1,357,358,359,-0.0018,-0.003163,stop,6,2,0.004,0.0018,-5.313213963136564e-05
TCS,1,42,43,49,0.0017853696197644986,0.00042236961976449853,time,7,0,0.004,0.0018,-0.00033765857893966434
TCS,1,83,84,90,-0.00048076923076922906,-0.0018437692307692291,time,7,0,0.004,0.0018,0.0
TCS,1,105,106,112,-0.0001440991402085201,-0.0015070991402085202,time,7,0,0.004,0.0018,0.0
TCS,-1,141,142,146,-0.0018,-0.003163,stop,2,6,0.004,0.0018,0.00014447387430781695
TCS,1,147,148,154,0.0,-0.001363,time,6,0,0.004,0.0018,4.804458537518451e-05
TCS,1,159,160,166,0.0007685287477783298,-0.0005944712522216703,time,7,1,0.004,0.0018,-0.0002881152460983957
TCS,-1,202,203,209,0.0028304149676181556,0.0014674149676181555,time,1,6,0.004,0.0018,4.7970833733046655e-05
TCS,-1,238,239,245,0.00024038461538467004,-0.00112261538461533,time,2,7,0.004,0.0018,-0.00038476337052721334
TCS,1,248,249,255,-0.001681075888568695,-0.003044075888568695,time,6,1,0.004,0.0018,0.0
TCS,1,284,285,289,0.004,0.002637,target,6,1,0.004,0.0018,0.0002888503755056633
TCS,1,351,352,358,0.0016369764082813099,0.0002739764082813098,time,7,0,0.004,0.0018,0.0
TECHM,-1,34,35,35,-0.0018,-0.003163,stop,0,7,0.004,0.0018,-0.0
TECHM,1,42,43,49,0.0024684942185266845,0.0011054942185266844,time,6,0,0.004,0.0018,0.00038991421887193684
TECHM,1,51,52,55,-0.0018,-0.003163,stop,6,0,0.004,0.0018,0.0
TECHM,1,82,83,89,0.0008419689119170126,-0.0005210310880829874,time,6,0,0.004,0.0018,0.0
TECHM,1,105,106,109,-0.0018,-0.003163,stop,7,0,0.004,0.0018,-6.456611570242062e-05
TECHM,1,179,180,186,0.0007099064214262096,-0.0006530935785737904,time,6,0,0.004,0.0018,0.0
TECHM,-1,208,209,215,6.462870807211196e-05,-0.001298371291927888,time,1,6,0.004,0.0018,-0.0003879226740802412
TECHM,1,233,234,238,-0.0018,-0.003163,stop,7,1,0.004,0.0018,0.0
TECHM,-1,253,254,260,-0.0003239390994493885,-0.0016869390994493885,time,3,6,0.004,0.0018,-0.0
TECHM,1,267,268,274,0.0005817335660267542,-0.0007812664339732459,time,6,1,0.004,0.0018,0.0
TECHM,1,284,285,291,0.0001935483870967314,-0.0011694516129032687,time,7,0,0.004,0.0018,0.0
TECHM,1,303,304,310,-0.000902992776057876,-0.002265992776057876,time,7,0,0.004,0.0018,-0.0002579313902501055
TECHM,1,355,356,362,0.00045181694959017804,-0.000911183050409822,time,6,1,0.004,0.0018,-6.45411126888708e-05
THERMAX,-1,29,30,31,-0.0018,-0.003163,stop,0,6,0.004,0.0018,2.9286864841092123e-05
THERMAX,-1,37,38,39,0.004,0.002637,target,0,6,0.004,0.0018,-0.0
THERMAX,-1,65,66,72,0.0025585225267615863,0.0011955225267615863,time,0,6,0.004,0.0018,-0.0006179560368419236
THERMAX,-1,79,80,86,0.0013278644988049537,-3.513550119504634e-05,time,1,8,0.004,0.0018,-0.0005018894662258718
THERMAX,1,100,101,107,0.004,0.002637,target,6,2,0.004,0.0018,0.0006770680011775631
THERMAX,-1,215,216,222,0.0018611684648267568,0.0004981684648267567,time,1,6,0.004,0.0018,-8.724988366674242e-05
THERMAX,1,234,235,241,-0.0017735651567133415,-0.0031365651567133415,time,6,1,0.004,0.0018,0.00014539532990200354
THERMAX,1,256,257,258,-0.0018,-0.003163,stop,6,2,0.004,0.0018,0.0001164449361008678
THERMAX,1,285,286,292,0.0015123313168914354,0.00014933131689143534,time,6,0,0.004,0.0018,0.00014543762180400826
THERMAX,1,315,316,322,0.0008703220191470518,-0.0004926779808529483,time,6,0,0.004,0.0018,8.70397771782232e-05
TIINDIA,-1,36,37,43,-0.00043358297201412377,-0.0017965829720141238,time,0,6,0.004,0.0018,-0.00015769139793427855
TIINDIA,-1,69,70,76,0.0008270321361057986,-0.0005359678638942014,time,0,6,0.004,0.0018,-0.0004728132387706139
TIINDIA,-1,78,79,85,-0.0011845534233594357,-0.0025475534233594358,time,2,7,0.004,0.0018,-0.0
TIINDIA,1,111,112,118,-0.001102796376526216,-0.002465796376526216,time,7,0,0.004,0.0018,0.00011817071729632565
TIINDIA,1,121,122,128,-0.00031507226970173274,-0.0016780722697017328,time,6,0,0.004,0.0018,-7.8761863505798e-05
TIINDIA,1,157,158,164,-0.0005910398360849944,-0.0019540398360849945,time,7,2,0.004,0.0018,-3.940110323085463e-05
TIINDIA,-1,200,201,207,0.0013820881377349936,1.9088137734993554e-05,time,1,8,0.004,0.0018,-0.000632211158526912
TIINDIA,-1,219,220,226,-0.0015070992305861175,-0.0028700992305861176,time,1,8,0.004,0.0018,-0.0
TIINDIA,-1,240,241,247,-0.00035732719259939927,-0.0017203271925993993,time,1,6,0.004,0.0018,3.9701445132747256e-05
TIINDIA,-1,253,254,260,0.0004374627162457845,-0.0009255372837542156,time,0,6,0.004,0.0018,-0.0
TIINDIA,1,285,286,292,0.0033320111067036695,0.0019690111067036694,time,6,1,0.004,0.0018,0.00019837333862328903
TITAN,-1,29,30,36,0.000621053721146847,-0.0007419462788531531,time,1,8,0.004,0.0018,-0.00020706077233668082
TITAN,1,61,62,68,-0.001240053735661828,-0.002603053735661828,time,7,0,0.004,0.0018,0.0
TITAN,1,87,88,90,-0.0018,-0.003163,stop,7,0,0.004,0.0018,-0.0001032844453625284
TITAN,1,101,102,108,0.0014462809917354935,8.328099173549345e-05,time,6,0,0.004,0.0018,0.0
TITAN,1,122,123,129,-0.0015446400988570197,-0.0029076400988570198,time,8,1,0.004,0.0018,-0.00010296540362438221
TITAN,-1,131,132,133,-0.0018,-0.003163,stop,2,6,0.004,0.0018,-0.0
TITAN,-1,167,168,174,0.00030978934324654706,-0.001053210656753453,time,1,6,0.004,0.0018,-0.00041322314049586776
TITAN,1,227,228,233,-0.0018,-0.003163,stop,7,1,0.004,0.0018,0.0002063557573256294
TITAN,1,261,262,268,0.0002064196511508687,-0.0011565803488491314,time,8,1,0.004,0.0018,0.0
TITAN,1,285,286,289,0.004,0.002637,target,8,1,0.004,0.0018,0.0
TITAN,1,302,303,306,-0.0018,-0.003163,stop,7,1,0.004,0.0018,-0.0004106776180698152
TITAN,1,315,316,322,-0.00041084634346755244,-0.0017738463434675525,time,6,1,0.004,0.0018,0.0
TITAN,-1,328,329,335,0.0004114803003806289,-0.0009515196996193712,time,1,6,0.004,0.0018,-0.0005146150679291889
TITAN,1,359,360,366,0.0007189811010681613,-0.0006440188989318388,time,7,0,0.004,0.0018,-0.0007184645386431284
TMCV,-1,28,29,30,-0.0018,-0.003163,stop,0,7,0.004,0.0018,0.0002278682921272023
TMCV,-1,34,35,41,0.0015959872321021917,0.00023298723210219167,time,0,6,0.004,0.0018,-0.00011401208528106572
TMCV,1,107,108,114,0.00011389521640103872,-0.0012491047835989613,time,7,1,0.004,0.0018,-0.00045537340619305247
TMCV,1,135,136,142,-0.0006833712984054552,-0.0020463712984054552,time,6,1,0.004,0.0018,-0.00022773855613760586
TMCV,1,144,145,146,-0.0018,-0.003163,stop,8,1,0.004,0.0018,-0.0003389447520055002
TMCV,1,174,175,180,-0.001889473854203667,-0.003252473854203667,stop,6,0,0.00419883078711926,0.001889473854203667,-0.00033913633280586503
TMCV,1,191,192,198,0.0011293054771315258,-0.00023369452286847421,time,8,1,0.004,0.0018,-0.000564334085778781
TMCV,1,226,227,229,-0.0018,-0.003163,stop,7,0,0.004,0.0018,0.0
TMCV,-1,249,250,256,-0.00045454545454548523,-0.0018175454545454853,time,0,7,0.004,0.0018,-0.0
TMCV,1,285,286,289,0.004,0.002637,target,6,0,0.004,0.0018,-0.00011328877308261327
TMCV,1,290,291,297,0.000563761416168651,-0.000799238583831349,time,7,0,0.004,0.0018,-0.0003381424706943961
TMCV,1,303,304,308,-0.0018,-0.003163,stop,6,0,0.004,0.0018,0.0
TMCV,-1,329,330,336,-0.0003404062180869527,-0.0017034062180869528,time,1,8,0.004,0.0018,-0.0
TMCV,1,351,352,358,0.0023736859952525613,0.0010106859952525612,time,8,1,0.004,0.0018,0.0
TMCV,1,359,360,364,-0.0018,-0.003163,stop,7,0,0.004,0.0018,0.0
TORNTPHARM,1,44,45,51,-0.0007064284993439918,-0.002069428499343992,time,7,0,0.004,0.0018,-0.00020179598425991324
TORNTPHARM,-1,78,79,85,-0.001315789473684159,-0.002678789473684159,time,1,6,0.004,0.0018,-0.0
TORNTPHARM,1,100,101,107,0.0008071025020177647,-0.0005558974979822354,time,8,1,0.004,0.0018,0.0
TORNTPHARM,1,116,117,123,0.0029198550140958623,0.0015568550140958623,time,6,1,0.004,0.0018,-0.0007042962068618574
TORNTPHARM,-1,259,260,266,-0.0002023881805301997,-0.0015653881805301998,time,1,8,0.004,0.0018,-0.0
TORNTPHARM,1,279,280,286,0.0010089799212995576,-0.00035402007870044246,time,7,0,0.004,0.0018,0.0
TORNTPHARM,-1,293,294,300,0.0004039995960004594,-0.0009590004039995406,time,0,6,0.004,0.0018,-0.0005052546483427648
TORNTPHARM,1,317,318,318,0.004,0.002637,target,8,1,0.004,0.0018,-0.00010075566750629723
TORNTPHARM,1,322,323,325,-0.0018,-0.003163,stop,7,0,0.004,0.0018,0.00010025062656641604
TORNTPHARM,-1,354,355,361,0.0002011263073209424,-0.0011618736926790577,time,1,6,0.004,0.0018,-0.00010057326762546515
TORNTPOWER,1,50,51,57,-8.05023345678002e-05,-0.0014435023345678003,time,7,0,0.004,0.0018,0.00016103059581324113
TORNTPOWER,-1,63,64,70,-0.0018,-0.003163,stop,1,7,0.004,0.0018,-8.07689201196482e-05
TORNTPOWER,1,288,289,295,8.041817450732403e-05,-0.001282581825492676,time,6,1,0.004,0.0018,-0.00040192926045016077
TORNTPOWER,1,331,332,338,-0.0010425020048114853,-0.0024055020048114853,time,8,1,0.004,0.0018,-0.0004809233728758489
TORNTPOWER,1,349,350,351,0.004,0.002637,target,6,1,0.004,0.0018,0.00040060892556686165
TRENT,-1,34,35,37,-0.0018,-0.003163,stop,1,8,0.004,0.0018,-0.00014930944382235571
TRENT,-1,45,46,52,-0.0008973975471133766,-0.0022603975471133767,time,0,7,0.004,0.0018,-0.0
TRENT,1,57,58,62,-0.0018,-0.003163,stop,6,0,0.004,0.0018,0.00018584597085935175
TRENT,-1,154,155,159,-0.0018,-0.003163,stop,0,6,0.004,0.0018,-0.0
TRENT,-1,180,181,187,-0.00029937878901287185,-0.001662378789012872,time,1,8,0.004,0.0018,-7.485029940112953e-05
TRENT,1,193,194,199,-0.0018,-0.003163,stop,6,3,0.004,0.0018,0.0002615551320852737
TRENT,-1,211,212,218,0.0009376640912159839,-0.00042533590878401613,time,1,8,0.004,0.0018,-0.00018756799339760664
TRENT,-1,239,240,246,-0.0009400616680454998,-0.0023030616680455,time,1,8,0.004,0.0018,-0.00011282012711074495
TRENT,-1,255,256,258,0.004,0.002637,target,0,6,0.004,0.0018,0.0001504664459825801
TRENT,-1,259,260,266,0.0016970885503092559,0.0003340885503092558,time,2,6,0.004,0.0018,3.7711656673043354e-05
TRENT,-1,275,276,281,-0.0018,-0.003163,stop,0,6,0.004,0.0018,-0.0
TRENT,1,285,286,288,0.004,0.002637,target,6,1,0.004,0.0018,0.0008271609580028849
TRENT,1,290,291,294,-0.0018,-0.003163,stop,6,1,0.004,0.0018,7.458233890224973e-05
TRENT,-1,325,326,332,-0.00026207412953938025,-0.0016250741295393803,time,0,7,0.004,0.0018,-7.488392990857349e-05
TRENT,-1,342,343,349,0.0007880812098922663,-0.0005749187901077338,time,0,6,0.004,0.0018,-0.00026276276276269447
TVSMOTOR,-1,30,31,37,0.00043883173241021645,-0.0009241682675897836,time,1,7,0.004,0.0018,-0.0004390243902439468
TVSMOTOR,1,53,54,60,0.0003643518181155603,-0.0009986481818844398,time,6,0,0.004,0.0018,-2.4289531212135973e-05
TVSMOTOR,-1,79,80,86,0.0001217730150998575,-0.0012412269849001426,time,0,7,0.004,0.0018,-0.0
TVSMOTOR,-1,90,91,97,0.0004630645121982413,-0.0008999354878017588,time,0,7,0.004,0.0018,-0.0001462522851920448
TVSMOTOR,-1,154,155,157,-0.0018,-0.003163,stop,0,6,0.004,0.0018,-0.0
TVSMOTOR,1,176,177,183,9.721715882848869e-05,-0.0012657828411715114,time,7,0,0.004,0.0018,-4.860621673507622e-05
TVSMOTOR,1,268,269,275,-0.00041189155137733025,-0.0017748915513773303,time,6,0,0.004,0.0018,0.0
TVSMOTOR,1,281,282,288,0.004,0.002637,target,7,0,0.004,0.0018,0.0
TVSMOTOR,1,315,316,322,-0.0009597389510053178,-0.002322738951005318,time,7,0,0.004,0.0018,0.00014398157035908136
TVSMOTOR,-1,325,326,332,7.21587492483744e-05,-0.0012908412507516257,time,1,6,0.004,0.0018,-0.00012027904738994468
TVSMOTOR,1,343,344,350,-0.0008424194285989728,-0.002205419428598973,time,6,2,0.004,0.0018,0.0001685122773230183
TVSMOTOR,1,357,358,359,-0.0018,-0.003163,stop,7,1,0.004,0.0018,0.0
UBL,-1,25,26,32,-0.00023925352898945818,-0.0016022535289894582,time,0,6,0.004,0.0018,-7.975753708736356e-05
UBL,-1,35,36,42,0.0023153692614771293,0.0009523692614771292,time,0,6,0.004,0.0018,0.00015965514488708028
UBL,1,54,55,61,-0.000956937799043045,-0.002319937799043045,time,6,1,0.004,0.0018,-0.00039856516540454366
UBL,-1,79,80,86,-0.00047946300143841825,-0.0018424630014384183,time,0,6,0.004,0.0018,-0.0
UBL,1,109,110,116,0.0019105238019423432,0.0005475238019423431,time,8,1,0.004,0.0018,0.00023887252169755115
UBL,-1,132,133,135,-0.0018,-0.003163,stop,1,6,0.004,0.0018,0.0008726003490400675
UBL,-1,154,155,161,-0.0004777450433950392,-0.0018407450433950393,time,1,8,0.004,0.0018,-0.00015927371187389144
UBL,-1,201,202,208,0.00015948963317391485,-0.0012035103668260852,time,1,8,0.004,0.0018,-0.00047869794159877854
UBL,-1,240,241,247,-0.0005595076332827187,-0.0019225076332827187,time,1,8,0.004,0.0018,-0.0007198848184289422
UBL,1,279,280,286,0.0018336920991788297,0.00047069209917882963,time,6,3,0.004,0.0018,-0.0002391200382591699
UBL,1,324,325,331,0.0,-0.001363,time,8,1,0.004,0.0018,-0.0001586671955573546
UBL,-1,333,334,334,-0.0018,-0.003163,stop,0,6,0.004,0.0018,0.00047785919082503114
ULTRACEMCO,1,47,48,54,0.0010803024846957054,-0.0002826975153042946,time,7,0,0.004,0.0018,0.0
ULTRACEMCO,1,59,60,63,-0.0018,-0.003163,stop,8,1,0.004,0.0018,8.954956568460644e-05
ULTRACEMCO,-1,74,75,81,0.0001800504141159509,-0.0011829495858840492,time,0,6,0.004,0.0018,-9.003331232556046e-05
ULTRACEMCO,-1,86,87,93,-0.00027063599458720944,-0.0016336359945872095,time,0,7,0.004,0.0018,-0.0
ULTRACEMCO,1,107,108,114,0.000539616872020865,-0.0008233831279791351,time,8,1,0.004,0.0018,-0.0001798399424512184
ULTRACEMCO,-1,129,130,136,0.0004503287399801881,-0.000912671260019812,time,1,6,0.004,0.0018,-0.0
ULTRACEMCO,-1,154,155,161,0.0001806032147372294,-0.0011823967852627707,time,1,8,0.004,0.0018,-0.000180635838150289
ULTRACEMCO,-1,163,164,170,0.0010850890677276404,-0.0002779109322723597,time,0,6,0.004,0.0018,9.041591320072333e-05
ULTRACEMCO,1,195,196,202,0.0016279280094058102,0.0002649280094058101,time,6,1,0.004,0.0018,-0.00045199783041041403
ULTRACEMCO,-1,207,208,214,0.0004517528008673999,-0.0009112471991326002,time,1,6,0.004,0.0018,-0.00045195697369610415
ULTRACEMCO,-1,259,260,266,-0.00018106101756298898,-0.001544061017562989,time,2,6,0.004,0.0018,-0.0
ULTRACEMCO,1,271,272,278,0.00036127167630062296,-0.001001728323699377,time,6,2,0.004,0.0018,9.032607713846988e-05
ULTRACEMCO,1,285,286,288,0.004,0.002637,target,7,0,0.004,0.0018,-0.0002698569758028245
ULTRACEMCO,1,289,290,296,-0.0008957362952346504,-0.0022587362952346504,time,6,0,0.004,0.0018,-0.00044766765153550004
ULTRACEMCO,1,303,304,305,-0.0018,-0.003163,stop,6,0,0.004,0.0018,-0.0006274088016491889
ULTRACEMCO,1,331,332,338,-0.00026910656620016127,-0.0016321065662001613,time,8,1,0.004,0.0018,-8.96941429724639e-05
ULTRACEMCO,1,351,352,357,-0.0018,-0.003163,stop,7,0,0.004,0.0018,0.0
UNIONBANK,1,49,50,56,0.0007230255839820732,-0.0006399744160179269,time,7,0,0.004,0.0018,0.0
UNIONBANK,1,100,101,107,0.0036171396772399778,0.0022541396772399777,time,6,0,0.004,0.0018,0.00011130899376659511
UNIONBANK,1,112,113,119,-0.0001660945631712929,-0.001529094563171293,time,8,1,0.004,0.0018,0.0
UNIONBANK,-1,129,130,136,0.0008334259362150487,-0.0005295740637849514,time,2,7,0.004,0.0018,5.555864214689331e-05
UNIONBANK,-1,182,183,189,-0.0005015045135405849,-0.001864504513540585,time,1,7,0.004,0.0018,0.00022284122562669662
UNIONBANK,1,195,196,202,-0.0008343995104856949,-0.002197399510485695,time,6,1,0.004,0.0018,0.0
UNIONBANK,-1,206,207,213,-0.0006129841181388151,-0.001975984118138815,time,0,7,0.004,0.0018,-0.0
UNIONBANK,1,280,281,287,0.0022284122562674646,0.0008654122562674646,time,6,1,0.004,0.0018,-0.0001671029911435478
UNIONBANK,1,288,289,293,-0.0018,-0.003163,stop,6,1,0.004,0.0018,-5.55062166962195e-05
UNIONBANK,1,331,332,338,-0.0012228336390417427,-0.0025858336390417428,time,6,2,0.004,0.0018,0.0
UNIONBANK,-1,340,341,347,-0.001003232638501883,-0.002366232638501883,time,1,8,0.004,0.0018,-0.00011148272017827096
UNITDSPR,1,32,33,36,-0.0018,-0.003163,stop,6,0,0.004,0.0018,0.0
UNITDSPR,-1,45,46,52,-0.0009824561403508625,-0.0023454561403508625,time,1,7,0.004,0.0018,-0.00021057064645185267
UNITDSPR,-1,78,79,85,-0.0010537407797681642,-0.0024167407797681642,time,0,6,0.004,0.0018,-0.0
UNITDSPR,-1,91,92,98,0.00021079258010114899,-0.001152207419898851,time,1,6,0.004,0.0018,-0.0004920913884007349
UNITDSPR,1,127,128,134,-0.0006296788637794037,-0.001992678863779404,time,7,0,0.004,0.0018,0.0008402772915062289
UNITDSPR,1,144,145,151,-0.0008383986585621672,-0.0022013986585621673,time,6,1,0.004,0.0018,0.0
UNITDSPR,-1,168,169,175,-0.0002805639335061727,-0.0016435639335061728,time,0,7,0.004,0.0018,-0.0
UNITDSPR,-1,180,181,182,-0.0018,-0.003163,stop,0,7,0.004,0.0018,-0.0004213779057517445
UNITDSPR,-1,186,187,193,-0.0007720381807974075,-0.0021350381807974076,time,0,6,0.004,0.0018,7.018036353437885e-05
UNITDSPR,-1,239,240,246,-0.00028133352088910435,-0.0016443335208891044,time,1,8,0.004,0.0018,-0.00042217844075422814
UNITDSPR,1,288,289,295,-0.0003501400560224077,-0.0017131400560224078,time,6,2,0.004,0.0018,0.0003502626970227671
UNITDSPR,1,322,323,329,-0.0009098544232922778,-0.002272854423292278,time,6,0,0.004,0.0018,0.0
UNITDSPR,1,351,352,355,-0.0018,-0.003163,stop,7,2,0.004,0.0018,0.0002803279837408813
UNOMINDA,-1,37,38,40,-0.0018,-0.003163,stop,1,8,0.004,0.0018,0.0003274394237065026
UNOMINDA,1,49,50,56,0.0014665145836727511,0.00010351458367275105,time,7,0,0.004,0.0018,-0.00016291951775807928
UNOMINDA,-1,71,72,78,0.0004078968836678243,-0.0009551031163321758,time,1,8,0.004,0.0018,-0.0006530612244897588
UNOMINDA,-1,80,81,87,0.0005718954248365993,-0.0007911045751634008,time,0,7,0.004,0.0018,0.00032669062397916606
UNOMINDA,1,101,102,108,0.002853648593558855,0.001490648593558855,time,6,2,0.004,0.0018,0.00016309222865534167
UNOMINDA,1,125,126,126,-0.0018,-0.003163,stop,8,1,0.004,0.0018,-0.00040591005033284623
UNOMINDA,-1,141,142,148,-0.0005727845511824814,-0.0019357845511824815,time,1,8,0.004,0.0018,-0.0
UNOMINDA,-1,166,167,173,0.0010639168508063124,-0.0002990831491936877,time,0,6,0.004,0.0018,-0.0005732066819522154
UNOMINDA,-1,186,187,193,8.204118467480814e-05,-0.001280958815325192,time,0,6,0.004,0.0018,-0.0
UNOMINDA,-1,200,201,207,-0.0004924491135915865,-0.0018554491135915866,time,0,6,0.004,0.0018,-0.0
UNOMINDA,-1,211,212,218,0.0001642710472279374,-0.0011987289527720627,time,0,7,0.004,0.0018,-0.0
UNOMINDA,1,285,286,292,0.0018846279908226737,0.0005216279908226737,time,6,1,0.004,0.0018,0.00024588148512431923
UNOMINDA,-1,293,294,300,0.0007369800196528331,-0.000626019980347167,time,2,6,0.004,0.0018,-0.000573535436296637
UNOMINDA,-1,306,307,313,-0.0004925703965192874,-0.0018555703965192874,time,1,6,0.004,0.0018,-0.0
UPL,1,49,50,56,0.002471622116440697,0.001108622116440697,time,7,0,0.004,0.0018,0.0
UPL,1,57,58,63,-0.0018,-0.003163,stop,7,0,0.004,0.0018,0.0
UPL,1,82,83,89,0.0022843567251462638,0.0009213567251462637,time,6,0,0.004,0.0018,0.0
UPL,-1,129,130,136,-0.0,-0.001363,time,0,6,0.004,0.0018,-0.0005492493592089976
UPL,-1,146,147,153,0.0004582531390340261,-0.000904746860965974,time,0,7,0.004,0.0018,-0.0006419662509169278
UPL,1,157,158,164,-0.00036563071298001404,-0.001728630712980014,time,6,2,0.004,0.0018,0.00036576444769576715
UPL,1,181,182,188,-0.0003654636820467072,-0.0017284636820467073,time,7,0,0.004,0.0018,-0.00027402265253923506
UPL,-1,208,209,215,0.001832676624209606,0.0004696766242096059,time,0,7,0.004,0.0018,-0.0006418485237484372
UPL,1,246,247,253,-0.0018,-0.003163,stop,7,0,0.004,0.0018,0.0
UPL,1,285,286,288,0.004,0.002637,target,7,1,0.004,0.0018,0.00045670442089879433
UPL,1,301,302,308,-0.0007262823422604647,-0.002089282342260465,time,8,1,0.004,0.0018,-9.077705156128274e-05
UPL,-1,327,328,330,-0.0018,-0.003163,stop,1,6,0.004,0.0018,-0.0001821327747928654
UPL,1,355,356,362,0.00018185124568104172,-0.0011811487543189583,time,7,1,0.004,0.0018,-0.0003635702599528185
VBL,1,42,43,43,-0.0018,-0.003163,stop,6,2,0.004,0.0018,-0.00023218017181324797
VBL,1,47,48,54,0.0,-0.001363,time,6,0,0.004,0.0018,0.00011575413821046734
VBL,1,55,56,62,-0.0009257116408240007,-0.0022887116408240008,time,6,0,0.004,0.0018,-0.0004626416840157035
VBL,1,137,138,142,-0.0018,-0.003163,stop,6,0,0.004,0.0018,-0.0001156737998843525
VBL,1,225,226,232,-0.0006951685783802564,-0.0020581685783802564,time,7,0,0.004,0.0018,-0.0004632310364794178
VBL,1,285,286,288,0.004,0.002637,target,8,1,0.004,0.0018,0.0
VBL,1,289,290,296,0.0003449465332872048,-0.0010180534667127952,time,8,1,0.004,0.0018,-0.0005745805561939783
VBL,1,300,301,307,0.0014933946008039989,0.00013039460080399882,time,6,0,0.004,0.0018,-0.00011486331265796317
VBL,-1,345,346,347,-0.0018,-0.003163,stop,2,7,0.004,0.0018,-0.0
VEDL,-1,30,31,37,0.0009410878976096049,-0.0004219121023903952,time,0,6,0.004,0.0018,0.0001881821603312434
VEDL,1,41,42,48,0.0007521624670929761,-0.000610837532907024,time,6,1,0.004,0.0018,-0.00018800526414743888
VEDL,1,49,50,56,0.0018782870022540088,0.0005152870022540087,time,6,0,0.004,0.0018,-0.00037551633496065616
VEDL,1,57,58,64,0.0,-0.001363,time,7,0,0.004,0.0018,-0.0005620082427874757
VEDL,1,66,67,68,-0.0018,-0.003163,stop,6,1,0.004,0.0018,0.0
VEDL,-1,80,81,87,-0.00018793459875965368,-0.0015509345987596537,time,0,7,0.004,0.0018,-0.0
VEDL,-1,92,93,99,-0.0005645464809937994,-0.0019275464809937995,time,0,7,0.004,0.0018,-0.0
VEDL,1,107,108,114,-0.0003749531308585574,-0.0017379531308585575,time,8,1,0.004,0.0018,0.0
VEDL,-1,141,142,148,-0.0003761519653939782,-0.0017391519653939783,time,1,8,0.004,0.0018,0.0005639097744360047
VEDL,-1,208,209,215,0.0009417969485778777,-0.0004212030514221224,time,1,7,0.004,0.0018,-0.00018839487565942492
VEDL,1,285,286,292,0.002071563088512196,0.000708563088512196,time,6,3,0.004,0.0018,-0.0003765060240964711
VEDL,-1,326,327,333,0.0003765769158351473,-0.0009864230841648528,time,1,8,0.004,0.0018,0.00018825301204823555
VEDL,-1,342,343,349,0.0011314350367714887,-0.00023156496322851135,time,0,6,0.004,0.0018,-0.0
VOLTAS,-1,38,39,41,-0.0018,-0.003163,stop,1,6,0.004,0.0018,-0.0
VOLTAS,1,53,54,57,0.004,0.002637,target,7,0,0.004,0.0018,-0.00017942047187588183
VOLTAS,1,101,102,108,0.0002676898367091063,-0.0010953101632908938,time,7,0,0.004,0.0018,0.00017849174475684557
VOLTAS,-1,118,119,125,-0.0006261180679785205,-0.0019891180679785206,time,1,6,0.004,0.0018,-0.00044742729306487697
VOLTAS,1,127,128,134,-0.0008029262200018872,-0.0021659262200018872,time,6,0,0.004,0.0018,-8.920606601240771e-05
VOLTAS,-1,201,202,208,0.001075654356400002,-0.000287345643599998,time,1,6,0.004,0.0018,-0.0
VOLTAS,-1,211,212,218,0.0022482014388489624,0.0008852014388489623,time,1,8,0.004,0.0018,-0.000449842555105713
VOLTAS,1,235,236,242,-0.0004496402877698369,-0.001812640287769837,time,6,3,0.004,0.0018,8.993614533672906e-05
VOLTAS,1,287,288,294,0.0,-0.001363,time,6,0,0.004,0.0018,-8.968609865462696e-05
VOLTAS,1,318,319,325,-0.001342041692761975,-0.002705041692761975,time,7,0,0.004,0.0018,0.0
VOLTAS,-1,334,335,341,-0.00035887313834570556,-0.0017218731383457056,time,0,6,0.004,0.0018,0.000179404377466851
WIPRO,1,40,41,47,0.002567237163814351,0.001204237163814351,time,7,0,0.004,0.0018,6.112843083312491e-05
WIPRO,1,48,49,55,-0.0018,-0.003163,stop,8,1,0.004,0.0018,-0.00036496350364964884
WIPRO,-1,69,70,76,0.0021413276231263545,0.0007783276231263544,time,1,6,0.004,0.0018,6.117704637231938e-05
WIPRO,1,83,84,88,-0.0018,-0.003163,stop,6,1,0.004,0.0018,0.0
WIPRO,1,99,100,106,0.0015912846563437277,0.00022828465634372767,time,7,2,0.004,0.0018,0.0
WIPRO,1,107,108,109,-0.0018,-0.003163,stop,7,0,0.004,0.0018,0.0
WIPRO,-1,166,167,173,-0.0008587903324743795,-0.0022217903324743796,time,1,6,0.004,0.0018,-0.0
WIPRO,1,227,228,234,0.0005500886253895221,-0.000812911374610478,time,7,0,0.004,0.0018,-0.00012222697549338026
WIPRO,1,285,286,292,0.0025022886786694176,0.0011392886786694176,time,8,1,0.004,0.0018,0.0
WIPRO,1,301,302,308,-0.0007922481564994754,-0.0021552481564994755,time,6,0,0.004,0.0018,0.0
WIPRO,1,356,357,363,0.00024385783088454183,-0.0011191421691154582,time,6,1,0.004,0.0018,-0.00012191405059439335
YESBANK,-1,26,27,33,-0.00044622936189209206,-0.0018092293618920921,time,0,7,0.004,0.0018,-0.0
YESBANK,1,53,54,60,0.0,-0.001363,time,7,0,0.004,0.0018,-0.000445235975066855
YESBANK,-1,80,81,87,-0.0013416815742397503,-0.0027046815742397504,time,0,7,0.004,0.0018,-0.0
YESBANK,-1,141,142,148,-0.0,-0.001363,time,0,6,0.004,0.0018,-0.0004466279589101389
YESBANK,1,246,247,253,-0.0013357079252004356,-0.0026987079252004356,time,6,0,0.004,0.0018,0.0
YESBANK,-1,259,260,266,-0.00044622936189209206,-0.0018092293618920921,time,0,6,0.004,0.0018,-0.00044642857142864124
YESBANK,1,267,268,274,0.0,-0.001363,time,6,1,0.004,0.0018,0.0
YESBANK,1,285,286,292,0.001335113484646211,-2.7886515353789127e-05,time,7,2,0.004,0.0018,0.0
YESBANK,1,303,304,310,0.00044385264092317023,-0.0009191473590768298,time,8,1,0.004,0.0018,-0.0004436557231587405
YESBANK,1,317,318,324,-0.0008865248226950229,-0.002249524822695023,time,6,1,0.004,0.0018,-0.0004430660168365779
ZYDUSLIFE,1,42,43,49,-0.0016771488469601303,-0.0030401488469601304,time,6,0,0.004,0.0018,-0.0007541478129714185
ZYDUSLIFE,-1,71,72,73,-0.0018,-0.003163,stop,1,8,0.004,0.0018,-0.0
ZYDUSLIFE,-1,77,78,84,0.0019388013150130057,0.0005758013150130056,time,1,8,0.004,0.0018,-0.0002529510961213782
ZYDUSLIFE,1,96,97,99,0.004,0.002637,target,6,1,0.004,0.0018,-8.395600705222825e-05
ZYDUSLIFE,1,100,101,107,0.00016722408026770275,-0.0011957759197322973,time,8,1,0.004,0.0018,-0.0004178854993731718
ZYDUSLIFE,1,110,111,116,0.004,0.002637,target,7,0,0.004,0.0018,-0.000166958844644833
ZYDUSLIFE,1,136,137,138,-0.0018,-0.003163,stop,6,0,0.004,0.0018,-0.00041469685659782695
ZYDUSLIFE,1,151,152,158,0.0014993752603080779,0.00013637526030807782,time,6,1,0.004,0.0018,-0.00041631973355537054
ZYDUSLIFE,-1,172,173,179,0.0002501876407304815,-0.0011128123592695186,time,1,6,0.004,0.0018,-0.0
ZYDUSLIFE,-1,185,186,192,0.0010866839421549424,-0.0002763160578450577,time,1,8,0.004,0.0018,-0.00016721009949004722
ZYDUSLIFE,-1,213,214,220,0.0017557060446450334,0.0003927060446450334,time,1,6,0.004,0.0018,0.00041785057663379577
ZYDUSLIFE,1,246,247,253,0.0006678911337452131,-0.0006951088662547869,time,6,0,0.004,0.0018,-0.0004172577818576317
ZYDUSLIFE,1,256,257,262,-0.0018,-0.003163,stop,6,0,0.004,0.0018,-0.00025014591845239266
ZYDUSLIFE,1,288,289,295,-0.0006672226855712893,-0.0020302226855712893,time,6,2,0.004,0.0018,0.0
ZYDUSLIFE,-1,299,300,306,0.0008354218880535225,-0.0005275781119464776,time,0,6,0.004,0.0018,-0.0
ZYDUSLIFE,1,341,342,348,0.000999583506872126,-0.0003634164931278741,time,7,1,0.004,0.0018,0.0002499583402765827
ZYDUSLIFE,1,358,359,365,0.0012485433660729406,-0.00011445663392705948,time,6,0,0.004,0.0018,0.0
