day,symbol,bar,dir_pred,prob,raw,signed,fee,net,fold
2026-09-11,ABB,9,0.004957175098952667,0.7012046402713139,0.09622574,0.09622574,0.10628119999999998,-0.010055461474609353,6
2026-09-11,ABB,10,0.01099781759060135,0.7165203758020172,-0.08223057,-0.08223057,0.10628119999999995,-0.18851176793212887,6
2026-09-11,ABB,11,0.005128115480605485,0.7130980448292089,-0.47788024,-0.47788024,0.10628119999999998,-0.5841614394866943,6
2026-09-11,ADANIENSOL,3,-0.02485316025075316,0.7132821985182762,0.1310587,-0.1310587,0.1062812,-0.23733989293212893,6
2026-09-11,APARINDS,3,-0.025282522910974773,0.7432015198973353,-0.3052354,0.3052354,0.1062812,0.19895418589477537,6
2026-09-11,APARINDS,4,0.025974826081823214,0.7399908494613386,0.2837181,0.2837181,0.1062812,0.17743690913085935,6
2026-09-11,APARINDS,5,0.051086816906671675,0.7466618744637028,0.30772686,0.30772686,0.1062812,0.2014456600463867,6
2026-09-11,APARINDS,6,-0.006139613318017723,0.7599131498556986,0.79454184,-0.79454184,0.1062812,-0.9008230357849121,6
2026-09-11,APARINDS,7,0.021903360150960963,0.7230331664793568,0.9906292,0.9906292,0.1062812,0.8843479961669922,6
2026-09-11,APARINDS,8,0.030638840752843014,0.7405594825231009,0.51739216,0.51739216,0.1062812,0.41111095850830076,6
2026-09-11,APARINDS,9,0.01161390331712192,0.7194002132572234,0.8353591,0.8353591,0.10628119999999998,0.7290778965270996,6
2026-09-11,APARINDS,10,0.028946159933664933,0.7503477587644298,0.35352707,0.35352707,0.1062812,0.24724586909179685,6
2026-09-11,APARINDS,11,0.02913059704234672,0.7319001464043345,0.15320778,0.15320778,0.1062812,0.046926578930664056,6
2026-09-11,APARINDS,13,0.034696114617251854,0.7001649951073409,0.14710426,0.14710426,0.1062812,0.040823063305664056,6
2026-09-11,APARINDS,22,0.0009401295536451208,0.7093477104172459,1.8537998,1.8537998,0.1062812,1.747518619946289,6
2026-09-11,APARINDS,23,0.041766040661336705,0.7016451986088961,1.7606258,1.7606258,0.1062812,1.6543446392333985,6
2026-09-11,APARINDS,24,0.024730488679479686,0.7257063053009348,1.5285373,1.5285373,0.1062812,1.4222560734069825,6
2026-09-11,APARINDS,25,0.027759499800126507,0.7310090595498084,1.4027357,1.4027357,0.1062812,1.296454510144043,6
2026-09-11,APARINDS,26,-0.03999634154037881,0.7290535876864147,1.3014078,-1.3014078,0.1062812,-1.4076890140258789,6
2026-09-11,APARINDS,27,0.0008142283134148266,0.7389795318090535,1.0899067,1.0899067,0.1062812,0.9836254925048828,6
2026-09-11,APARINDS,28,0.09729719947710402,0.7153267825882341,0.9746194,0.9746194,0.1062812,0.8683381885803223,6
2026-09-11,APARINDS,29,0.10910963693322945,0.7312235562650193,0.49928427,0.49928427,0.1062812,0.3930030674255371,6
2026-09-11,APLAPOLLO,3,-0.020645377911951254,0.7330063869914648,0.23406744,-0.23406744,0.1062812,-0.340348640032959,6
2026-09-11,APLAPOLLO,4,0.026192162797528902,0.7158805419467077,0.45454502,0.45454502,0.10628119999999998,0.34826382105712894,6
2026-09-11,APLAPOLLO,5,0.043967397444724596,0.709499572150445,0.538671,0.538671,0.1062812,0.4323898166931152,6
2026-09-11,APLAPOLLO,13,0.025291688598006696,0.716011321253603,-0.43116808,-0.43116808,0.1062812,-0.5374492793762207,6
2026-09-11,APLAPOLLO,15,-0.016402537609243175,0.7051838200426195,-0.7478535,0.7478535,0.1062812,0.6415723175323487,6
2026-09-11,ASTRAL,3,0.031135383394294336,0.7185830864699139,-0.34506917,-0.34506917,0.1062812,-0.45135036999816897,6
2026-09-11,ASTRAL,4,0.04437188580208417,0.7280238628552071,0.2689004,0.2689004,0.1062812,0.16261919443969725,6
2026-09-11,ASTRAL,5,0.06602508553665498,0.7183350433765012,0.38294792,0.38294792,0.10628119999999998,0.2766667217529297,6
2026-09-11,ASTRAL,6,-0.0006458115317085329,0.7184442672099801,0.4601121,-0.4601121,0.10628119999999998,-0.5663932948791504,6
2026-09-11,BDL,3,-0.02586037772825618,0.7121519565989548,0.16182661,-0.16182661,0.1062812,-0.26810781056518557,6
2026-09-11,BHEL,4,0.025632220080765336,0.7204958292449204,0.7032156,0.7032156,0.1062812,0.5969343990600586,6
2026-09-11,BIOCON,30,0.020471178534227204,0.7197789084118337,0.6877184,0.6877184,0.10628119999999998,0.5814371914184571,6
2026-09-11,BIOCON,31,-0.036327419536685876,0.7501480904953596,-0.050622225,0.050622225,0.1062812,-0.05565897519226075,6
2026-09-11,BIOCON,32,-0.04315153601733567,0.7393150129132553,0.1770854,-0.1770854,0.1062812,-0.28336659962768557,6
2026-09-11,BLUESTARCO,8,0.04420099973648167,0.7203738648136544,0.4831314,0.4831314,0.1062812,0.37685020869140623,6
2026-09-11,BLUESTARCO,9,-0.005428060097326403,0.7538099495409851,0.013160706,-0.013160706,0.10628120000000002,-0.11944190556640627,6
2026-09-11,BLUESTARCO,10,0.0025680647109376726,0.7399323321322863,0.3153801,0.3153801,0.10628120000000002,0.20909889643554685,6
2026-09-11,BLUESTARCO,11,0.002620323263370042,0.7614564463785858,-0.46290755,-0.46290755,0.1062812,-0.5691887527191162,6
2026-09-11,BLUESTARCO,12,0.036105759305212294,0.7047160257444264,0.17713308,0.17713308,0.1062812,0.07085188334350585,6
2026-09-11,BLUESTARCO,13,-0.0005655714946623744,0.7051948470949644,0.058948994,-0.058948994,0.10628119999999998,-0.1652301936828613,6
2026-09-11,BLUESTARCO,17,0.036771408828644436,0.7008473663493365,0.51745176,0.51745176,0.10628119999999998,0.4111705631530762,6
2026-09-11,BLUESTARCO,22,0.0009401295536451208,0.7097160888699935,0.53379536,0.53379536,0.10628119999999998,0.4275141567504883,6
2026-09-11,BSE,3,0.014345229581152592,0.7091745513981647,-0.4012525,-0.4012525,0.1062812,-0.5075337081634521,6
2026-09-11,BSE,65,-0.04437739109310239,0.7028323136706665,3.2207012,-3.2207012,0.1062812,-3.3269824176513674,6
2026-09-11,BSE,66,-0.0742412501909015,0.7286627186124716,2.6861668,-2.6861668,0.10628119999999998,-2.7924479633056642,6
2026-09-11,BSE,67,0.0738798154907665,0.753887695623029,1.5453815,1.5453815,0.1062812,1.4391003460205078,6
2026-09-11,CHOLAFIN,7,0.017776604362260813,0.7046500342343213,0.5735755,0.5735755,0.1062812,0.46729429667358396,6
2026-09-11,COCHINSHIP,3,0.01056407891309052,0.7636529563411397,-0.7341802,-0.7341802,0.10628119999999998,-0.840461412020874,6
2026-09-11,COCHINSHIP,4,0.04103609568147582,0.7724701989919818,-0.36889315,-0.36889315,0.1062812,-0.4751743465148926,6
2026-09-11,COCHINSHIP,5,0.061584271868009056,0.7677270950463728,-0.5729437,-0.5729437,0.1062812,-0.6792248874389648,6
2026-09-11,COCHINSHIP,6,-0.014236647439009594,0.7753417808580941,-0.8770704,0.8770704,0.10628119999999998,0.770789226940918,6
2026-09-11,COCHINSHIP,7,0.0026338108642008306,0.7446396112999751,-0.9344518,-0.9344518,0.1062812,-1.0407330184661865,6
2026-09-11,COCHINSHIP,8,0.031043664724633824,0.7504207332111186,-1.0177732,-1.0177732,0.1062812,-1.124054351397705,6
2026-09-11,COCHINSHIP,9,0.00047241036343388285,0.7271078116142868,-1.2405932,-1.2405932,0.10628120000000002,-1.3468743949615478,6
2026-09-11,COCHINSHIP,10,0.011848041929372648,0.7316980891520853,-1.0048866,-1.0048866,0.1062812,-1.1111678271972656,6
2026-09-11,COCHINSHIP,11,0.00430258065648869,0.7209522183336606,-0.8802533,-0.8802533,0.10628119999999998,-0.9865345149719238,6
2026-09-11,COCHINSHIP,12,0.04747812844069602,0.7818932296428638,-1.7707765,-1.7707765,0.10628119999999998,-1.8770577102386474,6
2026-09-11,COCHINSHIP,13,0.0153630208019147,0.752971660067406,-2.0927012,-2.0927012,0.10628119999999998,-2.1989823966705324,6
2026-09-11,COCHINSHIP,14,-0.0136073974215193,0.733049283504561,-1.0842025,1.0842025,0.10628119999999998,0.977921327999878,6
2026-09-11,COCHINSHIP,15,-0.017332940609381054,0.7185525263628219,-1.0282397,1.0282397,0.1062812,0.9219585270202637,6
2026-09-11,COCHINSHIP,16,-0.03732386184335949,0.7041122431501525,-0.7480562,0.7480562,0.1062812,0.641774973324585,6
2026-09-11,COCHINSHIP,19,-0.034952176381794944,0.7823567838248887,0.18600225,-0.18600225,0.1062812,-0.292283454486084,6
2026-09-11,COCHINSHIP,20,-0.0058026571627491814,0.7787206419596612,0.4734516,-0.4734516,0.10628119999999998,-0.5797328143798828,6
2026-09-11,COCHINSHIP,21,-0.02193523016323567,0.7536887505048439,-0.29895902,0.29895902,0.10628119999999998,0.1926778167999268,6
2026-09-11,COCHINSHIP,22,-0.014320971749300002,0.722114708242897,-0.28463602,0.28463602,0.1062812,0.17835482066040037,6
2026-09-11,COCHINSHIP,23,0.03261786111193225,0.7389704820500684,-0.81029534,-0.81029534,0.1062812,-0.9165765433990478,6
2026-09-11,COCHINSHIP,24,0.022396639173039214,0.7322501424028711,-0.4565835,-0.4565835,0.10628120000000002,-0.5628646999084472,6
2026-09-11,COCHINSHIP,25,0.042347529200396715,0.7239241847663007,-0.6002188,-0.6002188,0.1062812,-0.7064999728881836,6
2026-09-11,COCHINSHIP,26,-0.03605109182715975,0.7175445961234027,-0.46411753,0.46411753,0.1062812,0.3578363270080566,6
2026-09-11,COCHINSHIP,27,0.017982177806291764,0.7173287100885851,-0.7280469,-0.7280469,0.1062812,-0.8343280940734863,6
2026-09-11,COCHINSHIP,28,0.10981671144945605,0.706474239687747,-0.7714331,-0.7714331,0.1062812,-0.8777143150054931,6
2026-09-11,COCHINSHIP,30,0.01584176363182141,0.7344049678936773,-0.13612509,-0.13612509,0.10628119999999998,-0.24240628773803707,6
2026-09-11,COCHINSHIP,31,-0.018919541480918206,0.7119728664673637,-0.035840273,0.035840273,0.10628120000000002,-0.07044092709655764,6
2026-09-11,COCHINSHIP,32,-0.014200578448617543,0.7335812853346281,0.33074617,-0.33074617,0.10628119999999998,-0.43702737385864254,6
2026-09-11,COCHINSHIP,34,-0.010143237895235135,0.702756038591949,-0.20839572,0.20839572,0.1062812,0.10211451952819824,6
2026-09-11,COFORGE,3,-0.030003044106859864,0.7018949933432864,0.47501326,-0.47501326,0.10628119999999998,-0.581294456072998,6
2026-09-11,CUMMINSIND,3,-0.016347462394840587,0.7062408627215006,0.31764507,-0.31764507,0.1062812,-0.42392627293701174,6
2026-09-11,CUMMINSIND,4,0.037503688257053656,0.709922001605746,0.41741133,0.41741133,0.1062812,0.3111301273620605,6
2026-09-11,DIXON,10,0.020387125762295157,0.7075213586244834,-0.5679667,-0.5679667,0.1062812,-0.6742478996002197,6
2026-09-11,DIXON,23,0.029148051699150735,0.7204793487568997,-0.5555153,-0.5555153,0.1062812,-0.6617964893066406,6
2026-09-11,DLF,3,0.015155556681721749,0.7542569542489554,-0.5116105,-0.5116105,0.1062812,-0.6178917079650879,6
2026-09-11,DLF,4,0.026876297845720896,0.7117286341722247,0.13421774,0.13421774,0.1062812,0.027936539105224603,6
2026-09-11,DRREDDY,21,-0.04415048449478264,0.7096750951211445,0.25759935,-0.25759935,0.1062812,-0.3638805537902832,6
2026-09-11,ETERNAL,25,0.029173495814002984,0.7279196823600077,-0.15437007,-0.15437007,0.1062812,-0.2606512695037842,6
2026-09-11,ETERNAL,27,0.015230752037875052,0.700195464446679,-0.3859222,-0.3859222,0.1062812,-0.4922033935272217,6
2026-09-11,FLUOROCHEM,3,-0.028075401581768262,0.7037187018780348,-0.5560219,0.5560219,0.1062812,0.4497407287872314,6
2026-09-11,GODREJIND,59,-0.05572982135788363,0.7179171141890801,-0.3109753,0.3109753,0.10628119999999998,0.20469411318664554,6
2026-09-11,GODREJIND,60,0.01178794501801066,0.7045862922490121,0.4101634,0.4101634,0.1062812,0.303882202557373,6
2026-09-11,GODREJPROP,3,0.005788352172381618,0.7672752679025212,-1.5549302,-1.5549302,0.1062812,-1.6612114101135254,6
2026-09-11,GODREJPROP,4,0.03719322188428239,0.7635491615686535,-1.0005653,-1.0005653,0.1062812,-1.1068464904510498,6
2026-09-11,GODREJPROP,5,0.05081573499754442,0.7436004984172458,-1.0696113,-1.0696113,0.1062812,-1.1758925109588623,6
2026-09-11,GODREJPROP,6,-0.014236647439009594,0.7827694754766514,-0.8446753,0.8446753,0.10628119999999998,0.7383941025054932,6
2026-09-11,GODREJPROP,7,0.0029705369821174184,0.7523469890253248,-0.90387464,-0.90387464,0.1062812,-1.010155835696411,6
2026-09-11,GODREJPROP,8,0.013028834864499465,0.7866351829599817,-0.051522255,-0.051522255,0.1062812,-0.15780345494384768,6
2026-09-11,GODREJPROP,9,-0.017926035655434835,0.7808075686955033,-0.32008886,0.32008886,0.10628119999999998,0.21380766337280277,6
2026-09-11,GODREJPROP,10,-0.0030930758845378954,0.757917857233157,0.1602292,-0.1602292,0.10628119999999995,-0.26651040608520504,6
2026-09-11,GODREJPROP,11,0.010249519849566556,0.7441378712537933,-0.18844604,-0.18844604,0.1062812,-0.294727244921875,6
2026-09-11,GODREJPROP,12,0.04725893327219857,0.7358631427719283,-0.4576683,-0.4576683,0.10628119999999998,-0.5639495044433593,6
2026-09-11,GODREJPROP,13,0.017685492546201522,0.7280360809714032,-0.6917119,-0.6917119,0.1062812,-0.7979931026184082,6
2026-09-11,GODREJPROP,14,-0.01850617327248054,0.7284069781215514,-0.097578764,0.097578764,0.1062812,-0.008702436038208014,6
2026-09-11,GODREJPROP,15,-0.019093435229650686,0.7058176818993225,-0.2176702,0.2176702,0.1062812,0.11138900225524902,6
2026-09-11,GODREJPROP,19,-0.011143349369112534,0.7022561229293023,0.03449917,-0.03449917,0.1062812,-0.1407803683959961,6
2026-09-11,GODREJPROP,20,0.013575607365243438,0.7207133953349749,0.30509233,0.30509233,0.10628119999999998,0.1988111347473145,6
2026-09-11,GODREJPROP,62,0.008601216216992615,0.7033644940291452,0.051510334,0.051510334,0.10628119999999998,-0.0547708659851074,6
2026-09-11,HCLTECH,3,-0.027265074481199112,0.7420504268769605,0.041377544,-0.041377544,0.10628119999999998,-0.14765874440307614,6
2026-09-11,HCLTECH,4,0.01814846487335033,0.7367630251214891,0.016498566,0.016498566,0.10628119999999998,-0.08978263432617185,6
2026-09-11,HCLTECH,5,0.03971893054363659,0.7062709823265657,0.016498566,0.016498566,0.1062812,-0.08978263432617188,6
2026-09-11,HDFCAMC,3,-0.015627882094211443,0.7167333641206993,0.38901567,-0.38901567,0.10628119999999998,-0.4952968745910644,6
2026-09-11,HDFCBANK,56,-0.02952017814205061,0.7185541639935228,0.28506517,-0.28506517,0.10628119999999998,-0.39134637410278317,6
2026-09-11,HDFCBANK,57,-0.003011821393227472,0.7473900916093823,-0.21261573,0.21261573,0.10628119999999998,0.10633452837829592,6
2026-09-11,HDFCBANK,58,0.006891143169768055,0.7191844751014089,0.071012974,0.071012974,0.10628119999999998,-0.03526822621459959,6
2026-09-11,HDFCBANK,66,-0.016602604621445746,0.7011584684324919,0.43234825,-0.43234825,0.10628119999999998,-0.5386294513427734,6
2026-09-11,HINDPETRO,13,0.018091984876180314,0.7017154941813099,0.14500618,0.14500618,0.1062812,0.038724979809570306,6
2026-09-11,HINDZINC,3,-0.027048122343539812,0.752581955961968,0.20061731,-0.20061731,0.1062812,-0.3068985133850098,6
2026-09-11,HINDZINC,4,0.01293227292665403,0.7354078484534313,0.1308918,0.1308918,0.1062812,0.024610599926757806,6
2026-09-11,HINDZINC,6,-0.006999091320549568,0.7030680283715659,0.008714199,-0.008714199,0.10628119999999998,-0.11499539906616209,6
2026-09-11,IDEA,3,0.019003117910729648,0.7900553456461591,0.19828081,0.19828081,0.1062812,0.09199961130981445,6
2026-09-11,IDEA,4,0.020329102161579165,0.7435359257873956,0.19841194,0.19841194,0.10628119999999998,0.09213074152832033,6
2026-09-11,IDEA,6,0.0014746425022861308,0.7175505001292162,0.9320855,0.9320855,0.10628119999999998,0.8258043140686036,6
2026-09-11,IDEA,8,0.04205841876464924,0.738186299659125,0.06604195,0.06604195,0.1062812,-0.040239253588867194,6
2026-09-11,IDEA,9,0.006980622308380942,0.7493154845496627,-0.39499402,-0.39499402,0.1062812,-0.5012752204620361,6
2026-09-11,IDEA,10,0.016629861413746803,0.7261108086102371,-0.26367903,-0.26367903,0.1062812,-0.36996022755737307,6
2026-09-11,IDEA,21,-0.0027950343073234645,0.7278261567913472,0.87189674,-0.87189674,0.1062812,-0.978177943774414,6
2026-09-11,INDUSTOWER,3,0.01508973491563389,0.788487296926809,0.02617836,0.02617836,0.1062812,-0.08010284001464844,6
2026-09-11,INDUSTOWER,4,0.019239313708960835,0.7658066877850759,0.14435053,0.14435053,0.10628119999999998,0.03806932871704104,6
2026-09-11,INDUSTOWER,5,0.046657193519375174,0.737003205405402,1.2304783,1.2304783,0.1062812,1.124197086743164,6
2026-09-11,INDUSTOWER,6,0.0010166449453499564,0.7499860206771346,1.224339,1.224339,0.10628119999999998,1.1180578083312989,6
2026-09-11,INDUSTOWER,7,0.016679459868567184,0.7043866250269898,1.2761474,1.2761474,0.1062812,1.1698661655700684,6
2026-09-11,INDUSTOWER,8,0.04253071696587294,0.7409810397798545,1.4454722,1.4454722,0.10628120000000002,1.339191040447998,6
2026-09-11,INDUSTOWER,9,0.007160136341111963,0.7561382570049209,1.2164831,1.2164831,0.1062812,1.1102019161499024,6
2026-09-11,INDUSTOWER,10,0.021838924618054287,0.7103828879671834,1.0991812,1.0991812,0.10628120000000002,0.9928999752319336,6
2026-09-11,INDUSTOWER,12,0.04249169465147959,0.7040382167349523,0.82342625,0.82342625,0.1062812,0.7171450466430664,6
2026-09-11,INDUSTOWER,13,0.0025165570574223516,0.747417497618738,0.29901266,0.29901266,0.1062812,0.1927314609802246,6
2026-09-11,INDUSTOWER,14,8.288307016327337e-05,0.7248736253826197,0.19497871,0.19497871,0.1062812,0.0886975139892578,6
2026-09-11,INDUSTOWER,15,-0.002889793170141517,0.7337842797302161,0.19429922,-0.19429922,0.1062812,-0.3005804210388184,6
2026-09-11,INDUSTOWER,16,-0.022854280317692075,0.7098405125553106,-0.2064228,0.2064228,0.10628119999999998,0.10014160578613283,6
2026-09-11,JINDALSTEL,3,-0.03320912435628579,0.7389475574538109,0.86916685,-0.86916685,0.10628119999999998,-0.9754480510437011,6
2026-09-11,JINDALSTEL,4,0.013042690632796937,0.738964232232974,1.0334492,1.0334492,0.1062812,0.9271679729736328,6
2026-09-11,JINDALSTEL,5,0.040684525109940875,0.7190370183070828,0.65294504,0.65294504,0.10628119999999998,0.5466638416564942,6
2026-09-11,JINDALSTEL,6,0.023595830296904666,0.7820279495145454,-0.2513528,-0.2513528,0.10628119999999998,-0.35763398701782223,6
2026-09-11,JINDALSTEL,7,0.040272248620158844,0.7667112092343786,-0.2786219,-0.2786219,0.1062812,-0.3849031120025635,6
2026-09-11,JINDALSTEL,8,0.06711032143906234,0.754806049476077,-0.1527071,-0.1527071,0.1062812,-0.2589882999145508,6
2026-09-11,JINDALSTEL,9,0.01725603189253275,0.7136178778741379,0.00898838,0.00898838,0.1062812,-0.0972928195678711,6
2026-09-11,JINDALSTEL,10,0.030068282432127575,0.7012664276562175,0.14361143,0.14361143,0.10628120000000002,0.03733023112182615,6
2026-09-11,JINDALSTEL,11,0.03585708360751992,0.705388019721876,0.14362335,0.14362335,0.10628119999999998,0.03734215205078127,6
2026-09-11,JSL,3,-0.029827652640190286,0.7053982749444406,0.3417015,-0.3417015,0.1062812,-0.4479827075683594,6
2026-09-11,JSL,18,-0.04319635154844906,0.7391059657653063,0.033009052,-0.033009052,0.1062812,-0.13929025227661135,6
2026-09-11,JSL,19,-0.02299529631419069,0.7254066842124901,0.50855875,-0.50855875,0.10628119999999998,-0.6148399501525879,6
2026-09-11,JSL,20,-0.0018334197362966389,0.7189030717645171,0.5555153,-0.5555153,0.10628119999999998,-0.6617964893066406,6
2026-09-11,JSL,26,-0.03672142016699346,0.7143317475005692,0.09852648,-0.09852648,0.1062812,-0.20480767781372072,6
2026-09-11,JSWINFRA,4,0.017594811915448188,0.7207517868309563,0.029420853,0.029420853,0.10628119999999998,-0.07686034733886717,6
2026-09-11,KALYANKJIL,3,0.01481883056380516,0.749540914623497,0.38000345,0.38000345,0.1062812,0.27372225230102537,6
2026-09-11,KALYANKJIL,4,0.02030633036855662,0.728586826921011,0.14301538,0.14301538,0.10628119999999998,0.03673418467407229,6
2026-09-11,KALYANKJIL,5,0.054764135872304116,0.7345342307787086,0.05041361,0.05041361,0.1062812,-0.055867591448974616,6
2026-09-11,KALYANKJIL,6,0.009167033582967804,0.7436843969895268,-0.05866885,-0.05866885,0.1062812,-0.164950051852417,6
2026-09-11,KALYANKJIL,7,0.017930566923300428,0.7057030205016783,0.05044937,0.05044937,0.10628119999999998,-0.05583182866210935,6
2026-09-11,KALYANKJIL,8,0.028775321049008394,0.711652027715512,0.62452555,0.62452555,0.10628119999999998,0.5182443470275879,6
2026-09-11,KEI,3,0.01022735279517393,0.7202490109177738,-0.044721365,-0.044721365,0.1062812,-0.1510025649749756,6
2026-09-11,KEI,4,0.03185520179110257,0.7371987353306758,0.19060373,0.19060373,0.10628119999999998,0.08432253306274416,6
2026-09-11,KEI,6,0.0016407888286464718,0.7011356071340418,-0.21226406,-0.21226406,0.1062812,-0.3185452609741211,6
2026-09-11,LAURUSLABS,3,0.0059330610153432535,0.7061502307362784,-0.072300434,-0.072300434,0.10628119999999998,-0.1785816341125488,6
2026-09-11,LAURUSLABS,18,-0.04206796193279128,0.7125605951607433,-0.26395917,0.26395917,0.1062812,0.15767796938781736,6
2026-09-11,LICHSGFIN,3,-0.020108718617821833,0.7357853966616194,0.4488349,-0.4488349,0.10628119999999998,-0.5551160960876464,6
2026-09-11,LICHSGFIN,4,0.018635444042627233,0.7251359260730604,1.5422106,1.5422106,0.10628120000000002,1.435929378918457,6
2026-09-11,LICHSGFIN,5,0.039602484765170504,0.7514461625115192,0.17815828,0.17815828,0.10628119999999998,0.0718770832336426,6
2026-09-11,LICHSGFIN,6,0.004542027096729368,0.7472945599883504,0.60714483,0.60714483,0.1062812,0.500863632611084,6
2026-09-11,LICHSGFIN,7,0.013642178019743552,0.7322060679151312,1.2917042,1.2917042,0.10628120000000002,1.1854229778564453,6
2026-09-11,LICHSGFIN,8,0.03850457455833656,0.7373562225849188,1.4343381,1.4343381,0.10628119999999998,1.3280568928039551,6
2026-09-11,LICHSGFIN,9,0.010071808038306916,0.7321925603448216,0.6784558,0.6784558,0.1062812,0.5721746296203614,6
2026-09-11,LICHSGFIN,10,0.026320012968405453,0.7421263885429799,0.5627036,0.5627036,0.1062812,0.4564224094665527,6
2026-09-11,LICHSGFIN,11,0.022635109044989478,0.7808602837772513,0.16868114,0.16868114,0.1062812,0.06239994471435546,6
2026-09-11,LICHSGFIN,12,0.06007142319091137,0.7432455370386848,0.008893013,0.008893013,0.10628119999999998,-0.0973881869995117,6
2026-09-11,LICHSGFIN,13,0.034051759959561556,0.7570669935109703,-0.097590685,-0.097590685,0.10628119999999998,-0.20387188489074703,6
2026-09-11,LICHSGFIN,14,-0.007538479391438415,0.7209684930675744,-0.4513681,0.4513681,0.1062812,0.34508689349060057,6
2026-09-11,LICHSGFIN,15,-0.0007772785538339036,0.7363496058636388,-0.8485019,0.8485019,0.1062812,0.7422207207000733,6
2026-09-11,LICHSGFIN,16,-0.03692754462956439,0.7101124138830734,-0.1420021,0.1420021,0.1062812,0.03572090571289062,6
2026-09-11,LICHSGFIN,44,0.11323253141890328,0.723129621332737,-0.29853582,-0.29853582,0.10628119999999998,-0.40481702382202145,6
2026-09-11,LLOYDSME,3,0.011634832038280096,0.7187617086091543,0.38551092,0.38551092,0.10628120000000002,0.27922972147827146,6
2026-09-11,LLOYDSME,4,0.017415129715681696,0.7058950221748983,0.42501688,0.42501688,0.10628119999999998,0.3187356800354004,6
2026-09-11,LODHA,3,0.015155556681721749,0.7632099258992869,-2.1069705,-2.1069705,0.10628119999999998,-2.213251748629761,6
2026-09-11,LODHA,4,0.03998372755802138,0.7677500556792165,-1.692301,-1.692301,0.10628119999999998,-1.7985822349273681,6
2026-09-11,LODHA,5,0.051739419433413106,0.7371060576216913,-1.5383244,-1.5383244,0.10628119999999998,-1.6446055560791015,6
2026-09-11,LODHA,6,-0.010188099210632537,0.7982852811017097,-0.70173144,0.70173144,0.10628119999999998,0.5954502434051514,6
2026-09-11,LODHA,7,0.002229257492644215,0.8025387134578885,-0.5776048,-0.5776048,0.10628120000000002,-0.6838859706604004,6
2026-09-11,LODHA,8,0.012715482020112367,0.7957673721544659,-0.74311495,-0.74311495,0.10628119999999998,-0.849396148272705,6
2026-09-11,LODHA,9,-0.020592842275603006,0.7826576059149319,-0.7527828,0.7527828,0.1062812,0.6465016216552735,6
2026-09-11,LODHA,10,-0.007969561220632426,0.7616022524839129,-0.24822354,0.24822354,0.10628119999999998,0.1419423431671143,6
2026-09-11,LODHA,11,-0.012858241327944293,0.7434259777969441,-0.4141748,0.4141748,0.1062812,0.3078935951507568,6
2026-09-11,LODHA,12,0.041527126814715834,0.7401701837748587,-0.7900059,-0.7900059,0.10628119999999998,-0.8962871223175048,6
2026-09-11,LODHA,13,0.01171408745008506,0.7268558369877356,-0.35780072,-0.35780072,0.10628119999999998,-0.46408192212219235,6
2026-09-11,LODHA,14,-0.01910758559166309,0.7371327008658255,0.44322014,-0.44322014,0.1062812,-0.5495013385498047,6
2026-09-11,LODHA,15,-0.019122023742140455,0.7270373137195072,0.75799227,-0.75799227,0.1062812,-0.8642734676086425,6
2026-09-11,LODHA,16,-0.04078075428216569,0.7280235068025916,0.87873936,-0.87873936,0.10628119999999998,-0.9850205569946289,6
2026-09-11,LODHA,17,0.038522805636582454,0.7008016521269165,0.80183744,0.80183744,0.1062812,0.69555624430542,6
2026-09-11,LODHA,19,-0.01304407353147491,0.7055769036023614,1.1018515,-1.1018515,0.1062812,-1.208132663317871,6
2026-09-11,LODHA,22,-0.012989214961973371,0.7082715794741278,0.3853202,-0.3853202,0.10628119999999998,-0.4916013866149902,6
2026-09-11,LODHA,24,0.03556420102107039,0.7048387601571094,0.6489873,0.6489873,0.10628119999999998,0.5427060932434082,6
2026-09-11,LODHA,31,-0.02871814966194362,0.7062570665942745,-0.41779876,0.41779876,0.1062812,0.31151755755310057,6
2026-09-11,MCX,3,0.0357307312643706,0.7712329788337138,-0.20490885,-0.20490885,0.10628119999999998,-0.31119004780883786,6
2026-09-11,MCX,4,0.037836813742795815,0.7693742984812466,-0.23552775,-0.23552775,0.10628120000000002,-0.3418089538299561,6
2026-09-11,MCX,5,0.0352192001862996,0.7307071244212954,-0.16543865,-0.16543865,0.1062812,-0.27171985203857424,6
2026-09-11,MCX,6,-0.003832810739259854,0.7470439451632019,-0.06437302,0.06437302,0.10628119999999998,-0.0419081836425781,6
2026-09-11,MCX,7,0.00806281274705348,0.7476241975817098,-0.076675415,-0.076675415,0.1062812,-0.18295661503906252,6
2026-09-11,MCX,8,0.018573195795911105,0.7258303919957707,-0.3186822,-0.3186822,0.1062812,-0.42496339375610354,6
2026-09-11,MCX,9,-0.009931647948866251,0.7066871667817214,0.57771206,-0.57771206,0.1062812,-0.6839932590209961,6
2026-09-11,MCX,12,0.034798210013722033,0.7060859323531922,0.44492483,0.44492483,0.1062812,0.33864363139038084,6
2026-09-11,MCX,13,0.0021619659528330165,0.7036702390918087,0.3650546,0.3650546,0.10628120000000002,0.2587734073913574,6
2026-09-11,MCX,16,-0.03430269499845466,0.7052130911698025,-0.19749403,0.19749403,0.1062812,0.09121282999877929,6
2026-09-11,MEDANTA,3,-0.02026168248212194,0.7005241650277053,0.055360794,-0.055360794,0.1062812,-0.16164199406738283,6
2026-09-11,MOTILALOFS,17,0.05197201512153482,0.700475773134726,0.349164,0.349164,0.10628119999999998,0.24288280909423832,6
2026-09-11,MOTILALOFS,29,0.12059713570696373,0.70641329512776,0.12823343,0.12823343,0.10628120000000002,0.02195223276977537,6
2026-09-11,NATIONALUM,3,0.007541594661916918,0.7232197888515448,0.16863346,0.16863346,0.1062812,0.06235226099853515,6
2026-09-11,NATIONALUM,4,0.01980545094098521,0.7279628300428899,0.39314032,0.39314032,0.10628120000000002,0.28685911600952146,6
2026-09-11,NATIONALUM,5,0.038345788707808075,0.7029712280938245,0.6466031,0.6466031,0.1062812,0.5403219074523926,6
2026-09-11,NIACL,3,-0.009857226460064261,0.7967449065092294,-1.2787998,1.2787998,0.1062812,1.1725185722625733,6
2026-09-11,NIACL,4,0.0074921270350133025,0.7361072533907932,1.4554143,1.4554143,0.1062812,1.3491330951965332,6
2026-09-11,NIACL,5,0.0648950916126986,0.7399095007516352,2.4695158,2.4695158,0.10628119999999998,2.363234600476074,6
2026-09-11,NIACL,6,0.015059418842338626,0.7559364253452034,3.0321598,3.0321598,0.1062812,2.9258786052978514,6
2026-09-11,NIACL,7,0.018068084688188227,0.7154673155375051,2.7980566,2.7980566,0.10628120000000002,2.691775402478027,6
2026-09-11,NIACL,8,0.03994380673856068,0.7574013753464928,3.685987,3.685987,0.10628119999999998,3.5797057956970213,6
2026-09-11,NIACL,9,0.009151186696028569,0.7928797186677288,0.7524133,0.7524133,0.1062812,0.646132072857666,6
2026-09-11,NIACL,10,0.019538662383634338,0.7900134245237623,0.90817213,0.90817213,0.10628119999999995,0.8018909305847168,6
2026-09-11,NIACL,11,0.014939552197664626,0.7848287826285573,0.16610622,0.16610622,0.10628119999999998,0.059825024060058615,6
2026-09-11,NIACL,12,0.022881355033984033,0.7729309375724797,-0.41999817,-0.41999817,0.1062812,-0.5262793689453125,6
2026-09-11,NIACL,13,-0.001234800605716647,0.8116244878437654,-1.3510168,1.3510168,0.1062812,1.2447355598724366,6
2026-09-11,NIACL,14,-0.021234624454589575,0.804544383622283,-1.2996674,1.2996674,0.10628119999999998,1.1933861583984375,6
2026-09-11,NIACL,15,0.006577753157182028,0.8113159551186697,-2.0585597,-2.0585597,0.1062812,-2.1648408561431887,6
2026-09-11,NIACL,16,-0.030393126903938573,0.747479488189738,-0.2638638,0.2638638,0.1062812,0.15758260195617674,6
2026-09-11,NIACL,17,0.05290991384817962,0.7559573306102131,0.3000021,0.3000021,0.1062812,0.19372089808349607,6
2026-09-11,NIACL,18,-0.022719459925768445,0.7532880604085194,0.24609566,-0.24609566,0.1062812,-0.35237685734863283,6
2026-09-11,NIACL,19,0.002128753107174596,0.7271520076801893,0.020098686,0.020098686,0.10628119999999998,-0.08618251378173826,6
2026-09-11,NIACL,20,0.025096559607167297,0.735199223355772,0.06042719,0.06042719,0.10628119999999998,-0.04585401112670896,6
2026-09-11,NIACL,21,-0.005117514862907017,0.7230290955057583,0.045228004,-0.045228004,0.1062812,-0.15150920445556643,6
2026-09-11,NIACL,23,0.04469647918086619,0.7412840358310986,-0.81329346,-0.81329346,0.1062812,-0.91957465703125,6
2026-09-11,NIACL,24,0.046814348125193514,0.7317631859700451,-1.0967135,-1.0967135,0.1062812,-1.2029947429382324,6
2026-09-11,NIACL,26,-0.018216358697256383,0.7068401173161025,-0.21599531,0.21599531,0.1062812,0.10971411173706054,6
2026-09-11,NIACL,27,0.032002123766769995,0.7193017450551559,0.080513954,0.080513954,0.1062812,-0.02576724583740235,6
2026-09-11,OBEROIRLTY,3,0.0062773787517082244,0.7365298675913053,-0.8707166,-0.8707166,0.1062812,-0.9769977718078613,6
2026-09-11,OBEROIRLTY,4,0.0395060005615221,0.7355646155259746,0.069367886,0.069367886,0.1062812,-0.0369133144104004,6
2026-09-11,OBEROIRLTY,6,-0.013624350085279109,0.7419252181259537,0.7721305,-0.7721305,0.1062812,-0.8784116893493652,6
2026-09-11,OBEROIRLTY,7,0.0029705369821174184,0.7095225585611108,0.34320354,0.34320354,0.1062812,0.2369223446166992,6
2026-09-11,OBEROIRLTY,11,0.018580409620363312,0.7162919037254217,-0.01155138,-0.01155138,0.1062812,-0.11783258015747071,6
2026-09-11,OBEROIRLTY,12,0.056159109483995,0.7128013713235424,-0.5648434,-0.5648434,0.1062812,-0.6711246162139892,6
2026-09-11,OBEROIRLTY,13,0.03502111476827544,0.7040772571939465,-0.81231,-0.81231,0.10628119999999998,-0.918591180392456,6
2026-09-11,OFSS,3,-0.017568890158324937,0.7063091146425001,-0.11031628,0.11031628,0.1062812,0.0040350765502929625,6
2026-09-11,OIL,3,0.0014186751064211318,0.7116082362361316,-1.19012,-1.19012,0.10628119999999998,-1.296401181765747,6
2026-09-11,OIL,8,0.043420423450026384,0.7315638410808619,0.030100346,0.030100346,0.10628119999999998,-0.07618085438842771,6
2026-09-11,OIL,9,0.018539527900057903,0.7061928460606669,-0.28019547,-0.28019547,0.10628119999999998,-0.38647667462463375,6
2026-09-11,OIL,10,0.02283260069344999,0.7241686866774212,0.030112267,0.030112267,0.10628119999999998,-0.07616893345947263,6
2026-09-11,OIL,12,0.0379678835458372,0.7061853246565662,0.27149916,0.27149916,0.1062812,0.16521795695190428,6
2026-09-11,OIL,13,0.005661304761842191,0.7141998355604324,0.040245056,0.040245056,0.10628119999999998,-0.06603614384765623,6
2026-09-11,ONGC,3,0.0002809707439685587,0.7084673056613023,-0.78291297,-0.78291297,0.10628119999999998,-0.8891941695892334,6
2026-09-11,PAYTM,3,0.013654701136384608,0.7367443894804419,2.7107954,2.7107954,0.10628119999999998,2.6045142025268553,6
2026-09-11,PAYTM,4,0.022424432564281536,0.7401557292373777,3.104198,3.104198,0.10628119999999998,2.9979167789733885,6
2026-09-11,PAYTM,5,0.0477439480623382,0.72425483629413,3.0932546,3.0932546,0.1062812,2.9869733661926268,6
2026-09-11,PAYTM,6,0.0013577771811747882,0.7310017214936322,2.727425,2.727425,0.1062812,2.6211438984191893,6
2026-09-11,PAYTM,7,0.013485133618948715,0.797058085719773,1.2669683,1.2669683,0.10628119999999998,1.1606870502746582,6
2026-09-11,PAYTM,8,0.035618109040137645,0.7765699508736219,1.1954665,1.1954665,0.10628119999999998,1.0891853184020996,6
2026-09-11,PAYTM,9,0.0017288155125447333,0.8035540672969297,0.09504557,0.09504557,0.10628119999999998,-0.011235633441162088,6
2026-09-11,PAYTM,10,0.013625146672810734,0.7803196197252326,0.39219856,0.39219856,0.1062812,0.2859173626220703,6
2026-09-11,PAYTM,11,0.012961534472640313,0.7991109224834969,-0.5954325,-0.5954325,0.1062812,-0.7017137199127197,6
2026-09-11,PAYTM,12,0.02348182425768559,0.7572168288590202,-0.31750202,-0.31750202,0.10628119999999998,-0.42378322178955075,6
2026-09-11,PAYTM,13,-0.0009129657493497699,0.7758845244230037,-0.5176127,0.5176127,0.10628119999999998,0.41133149569396976,6
2026-09-11,PAYTM,14,-0.01192289527048293,0.7167461527423822,-0.15081763,0.15081763,0.1062812,0.04453643267517089,6
2026-09-11,PAYTM,16,-0.02284075937285497,0.7014386931505509,0.46350956,-0.46350956,0.1062812,-0.5697907596313476,6
2026-09-11,PAYTM,23,0.03687949735188468,0.708453777979732,0.10005236,0.10005236,0.10628119999999995,-0.006228843280029248,6
2026-09-11,PAYTM,24,0.03899736629621199,0.704931977266139,-0.0777185,-0.0777185,0.1062812,-0.18399969632263186,6
2026-09-11,PHOENIXLTD,3,0.014915246813909709,0.7190787916462186,0.26142597,0.26142597,0.1062812,0.15514477198486326,6
2026-09-11,PHOENIXLTD,4,0.04180706873345228,0.7182424157883891,0.81967115,0.81967115,0.1062812,0.7133899540222168,6
2026-09-11,PHOENIXLTD,13,0.02577489007755767,0.7096339443650356,0.6457567,0.6457567,0.1062812,0.5394755214965821,6
2026-09-11,PHOENIXLTD,17,0.02612780313953143,0.7155875792827177,0.47547817,0.47547817,0.1062812,0.3691969723022461,6
2026-09-11,PHOENIXLTD,18,-0.05085932370771237,0.735132270251717,0.037264824,-0.037264824,0.1062812,-0.14354602391357424,6
2026-09-11,PIIND,30,0.0056550756638914295,0.7860410403909087,-3.4165561,-3.4165561,0.10628120000000002,-3.5228373199188234,6
2026-09-11,PIIND,31,-0.046956789350279415,0.8009888333210564,-2.0239115,2.0239115,0.1062812,1.917630276135254,6
2026-09-11,PIIND,32,-0.0396523740623204,0.8000656444581838,-0.77453256,0.77453256,0.1062812,0.6682513565338135,6
2026-09-11,PIIND,33,0.0365932071543854,0.8013081150674245,-0.111460686,-0.111460686,0.1062812,-0.2177418857299805,6
2026-09-11,PIIND,34,-0.026615234047015626,0.7922694314937435,1.1568546,-1.1568546,0.1062812,-1.2631358295166015,6
2026-09-11,PIIND,35,-0.03876143007204057,0.8163566686042828,1.4571428,-1.4571428,0.1062812,-1.5634240298950195,6
2026-09-11,PIIND,36,-0.03752614307733259,0.8153324911761911,2.2918105,-2.2918105,0.1062812,-2.398091712542725,6
2026-09-11,PIIND,37,-0.039767812236453134,0.8004403528731675,1.9682527,-1.9682527,0.1062812,-2.0745338588439943,6
2026-09-11,PIIND,38,-0.024467724835806674,0.7619996970241788,1.7041087,-1.7041087,0.1062812,-1.810389915057373,6
2026-09-11,PIIND,39,-0.02280064763599711,0.7924308685295389,0.52512884,-0.52512884,0.10628119999999998,-0.6314100414001464,6
2026-09-11,PIIND,40,-0.0187064004911284,0.7983555300976133,-0.10268092,0.10268092,0.1062812,-0.0036002784454345765,6
2026-09-11,PIIND,41,-0.04301241123000814,0.8123113660737125,-0.9929061,0.9929061,0.1062812,0.8866248935974121,6
2026-09-11,PIIND,42,-0.018463410010099553,0.7796120943362953,-0.089246035,0.089246035,0.10628119999999998,-0.017035165377807596,6
2026-09-11,PIIND,43,-0.04725848405520211,0.7831797153972635,-0.6607771,0.6607771,0.1062812,0.5544958919799805,6
2026-09-11,PIIND,44,0.04614813517600145,0.712668914073183,-0.26239157,-0.26239157,0.10628119999999998,-0.3686727672302246,6
2026-09-11,PIIND,45,-0.01618603785974575,0.706797700903102,-0.35143495,0.35143495,0.1062812,0.24515374606018064,6
2026-09-11,PIIND,46,0.020450835777838322,0.7248889989365318,-0.62527657,-0.62527657,0.10628120000000002,-0.7315577655517578,6
2026-09-11,PIIND,47,-0.011037419476820116,0.7061833963568147,-0.16543269,0.16543269,0.1062812,0.05915149157409667,6
2026-09-11,PIIND,48,0.01679229116269233,0.7287412524286644,0.60852766,0.60852766,0.1062812,0.5022464603698731,6
2026-09-11,PIIND,53,-0.013150625654100249,0.7329871355330592,1.6267419,-1.6267419,0.1062812,-1.733023086138916,6
2026-09-11,PIIND,56,-0.024019627170824023,0.7070517343078696,0.38604736,-0.38604736,0.10628119999999998,-0.49232856328124996,6
2026-09-11,PIIND,57,0.02675987986611442,0.7116027248285073,-0.06632805,-0.06632805,0.10628119999999998,-0.17260924870605465,6
2026-09-11,PRESTIGE,3,0.015282724375252408,0.7789762044214187,-0.12863278,-0.12863278,0.1062812,-0.23491398388977053,6
2026-09-11,PRESTIGE,4,0.04115362663089496,0.7593117079426417,0.23049116,0.23049116,0.10628119999999998,0.12420996134643557,6
2026-09-11,PRESTIGE,5,0.052076145551329694,0.7275988341413335,0.10164976,0.10164976,0.10628120000000002,-0.004631438800048848,6
2026-09-11,PRESTIGE,6,-0.013961076203195696,0.7504567100038236,0.6654978,-0.6654978,0.10628119999999998,-0.7717789798461914,6
2026-09-11,PRESTIGE,7,0.00042413214827448907,0.7199426709750342,0.12228489,0.12228489,0.1062812,0.0160036892211914,6
2026-09-11,PRESTIGE,12,0.04497588893977235,0.7045150264197069,-0.28419495,-0.28419495,0.1062812,-0.3904761462890625,6
2026-09-11,PRESTIGE,13,0.015338442968843005,0.7123058560607785,-0.61386824,-0.61386824,0.1062812,-0.720149436541748,6
2026-09-11,SIEMENS,3,0.03060986381939542,0.718546815471264,0.9600282,0.9600282,0.1062812,0.8537469715393067,6
2026-09-11,SIEMENS,12,0.04187651706384732,0.7023257165682145,-0.3057301,-0.3057301,0.1062812,-0.41201130444641115,6
2026-09-11,SOLARINDS,3,-0.014841204235541635,0.713355320353578,0.31348467,-0.31348467,0.10628119999999998,-0.4197658687316894,6
2026-09-11,SUPREMEIND,3,0.013532391472356159,0.7129233626449223,-0.22194386,-0.22194386,0.1062812,-0.32822505528564455,6
2026-09-11,SUPREMEIND,4,0.04373146950367912,0.7267675851360814,0.55202246,0.55202246,0.1062812,0.4457412571228027,6
2026-09-11,SUZLON,3,-0.02029384875741365,0.7158500119796979,0.0,-0.0,0.1062812,-0.1062812,6
2026-09-11,TATACOMM,3,-0.01625935639406996,0.7134484681935613,-0.4910767,0.4910767,0.10628119999999998,0.38479550783996586,6
2026-09-11,TATAINVEST,3,-0.0035204203490718754,0.7384172780685677,0.17040968,-0.17040968,0.10628119999999998,-0.27669087941284176,6
2026-09-11,TATAINVEST,4,0.016149774720748383,0.7568029636925533,-0.39996505,-0.39996505,0.1062812,-0.5062462478363037,6
2026-09-11,TATAINVEST,5,0.035160858164031306,0.7346617058155201,0.015437603,0.015437603,0.1062812,-0.09084359700317383,6
2026-09-11,TATAINVEST,6,0.0017113683229389855,0.7514245411592856,-0.35387278,-0.35387278,0.1062812,-0.46015397603149416,6
2026-09-11,TATAINVEST,7,0.01990566763394669,0.7002131201839624,-0.34738183,-0.34738183,0.1062812,-0.4536630302154541,6
2026-09-11,TCS,3,-0.032082110194924116,0.7045067362271743,-0.19884706,0.19884706,0.1062812,0.09256585543518066,6
2026-09-11,THERMAX,33,0.05037523053255468,0.7018125519113269,0.40186644,0.40186644,0.1062812,0.29558523600463865,6
2026-09-11,TMCV,3,-0.011499844794021864,0.7518326027823852,0.62681437,-0.62681437,0.1062812,-0.7330955653869629,6
2026-09-11,TMCV,4,0.013907616327269107,0.7034027177449863,0.81300735,0.81300735,0.1062812,0.7067261547363282,6
2026-09-11,VEDL,3,-0.016320730454025944,0.7403120841641212,0.36363602,-0.36363602,0.1062812,-0.46991721684570315,6
2026-09-11,VEDL,4,0.021823665340384133,0.7573634878194909,0.210011,0.210011,0.1062812,0.10372980540161132,6
2026-09-11,VEDL,5,0.0380890695038878,0.707815524161546,0.4790187,0.4790187,0.10628119999999998,0.37273748820190433,6
2026-09-11,VOLTAS,11,0.0009531447131350629,0.7456277373820124,-0.78793764,-0.78793764,0.1062812,-0.8942188411437988,6
2026-09-11,VOLTAS,12,0.03443858075497731,0.7158523377582751,-0.6954551,-0.6954551,0.1062812,-0.8017362743103027,6
2026-09-11,YESBANK,23,0.030330536917971728,0.7000628104765342,-0.17659664,-0.17659664,0.1062812,-0.28287784154052736,6
2026-09-11,YESBANK,42,0.00017927453088576253,0.7005900699497124,1.1780143,1.1780143,0.10628119999999998,1.0717330784118653,6
2026-09-11,YESBANK,43,-0.029807065318706746,0.7149535976832659,0.5212784,-0.5212784,0.1062812,-0.6275595813476562,6
2026-09-11,YESBANK,44,0.07480090970962841,0.7101039151606008,2.0851374,2.0851374,0.1062812,1.9788561672485352,6
2026-09-11,YESBANK,45,-0.006356910991711196,0.7172548504234578,1.9072413,-1.9072413,0.10628119999999998,-2.0135225444519045,6
2026-09-11,YESBANK,49,0.06090593524077386,0.7133628789678529,2.4600744,2.4600744,0.1062812,2.353793224743652,6
2026-09-11,YESBANK,51,-0.03567237153015815,0.7625234808880572,0.29774904,-0.29774904,0.10628119999999998,-0.4040302425109863,6
2026-09-11,YESBANK,52,0.05615473579769554,0.756141966564682,0.5952358,0.5952358,0.1062812,0.4889546245849609,6
2026-09-11,YESBANK,53,0.025706046856339617,0.7601046501178683,0.21240711,0.21240711,0.1062812,0.10612591212158203,6
2026-09-11,YESBANK,54,0.015049442659693565,0.7829505361422093,-1.0451496,-1.0451496,0.10628119999999998,-1.151430764743042,6
2026-09-11,YESBANK,55,0.04634969361933374,0.7727145443160642,-0.5478263,-0.5478263,0.1062812,-0.6541074901306152,6
2026-09-11,YESBANK,56,0.010558644355881426,0.7664093617140526,-0.63210726,-0.63210726,0.1062812,-0.7383884578430175,6
2026-09-11,YESBANK,57,0.04339909711196497,0.732024297554914,-0.54805875,-0.54805875,0.10628119999999998,-0.6543399482452392,6
2026-09-11,YESBANK,58,0.045758428795316934,0.7276525256826819,0.08485317,0.08485317,0.10628119999999998,-0.021428027697753885,6
2026-09-11,YESBANK,59,-0.011198078939537174,0.7221415886114297,-0.21132231,0.21132231,0.10628119999999998,0.10504110758666994,6
2026-09-11,YESBANK,60,0.024067671946319837,0.7296412024941608,0.0,0.0,0.1062812,-0.1062812,6
2026-09-11,YESBANK,61,0.05433365859917305,0.7259734811061155,-0.21141171,-0.21141171,0.10628119999999998,-0.317692914553833,6
2026-09-11,YESBANK,62,0.03314271034740904,0.7031290795429062,-0.16962886,-0.16962886,0.10628119999999998,-0.27591005856628414,6
2026-09-11,ZYDUSLIFE,19,-0.01918090934129296,0.704618461763357,-0.51291585,0.51291585,0.10628119999999998,0.406634649685669,6
2026-09-15,ABB,3,0.12111636665929028,0.7058672333528613,-0.021076202,-0.021076202,0.1062812,-0.12735740239257815,6
2026-09-15,ABBOTINDIA,8,0.0025175656238599162,0.7356395243297202,0.076925755,0.076925755,0.10628119999999998,-0.029355445452880838,6
2026-09-15,ACC,3,0.08204920057383928,0.7221660916991657,-0.32992363,-0.32992363,0.10628119999999998,-0.43620482976074215,6
2026-09-15,ACC,4,0.08492443373946934,0.7145233583756445,-0.28150678,-0.28150678,0.1062812,-0.3877879768096924,6
2026-09-15,ADANIENT,3,0.11790440937840399,0.7048750638331913,-0.37773252,-0.37773252,0.10628119999999998,-0.484013715335083,6
2026-09-15,ADANIENT,60,-0.07318965409798331,0.7405107383683375,0.16695261,-0.16695261,0.1062812,-0.27323381001586916,6
2026-09-15,ADANIPORTS,8,0.06040174571905601,0.7004111663302727,0.24131536,0.24131536,0.1062812,0.13503416483764646,6
2026-09-15,ADANIPOWER,3,0.12144736499159141,0.7124571733064226,-0.077492,-0.077492,0.1062812,-0.18377319867248537,6
2026-09-15,AIAENG,4,0.11173252759392367,0.7044874784809942,-1.3501525,-1.3501525,0.1062812,-1.4564336925231933,6
2026-09-15,AIAENG,8,0.02229657492683494,0.7599550062270275,-0.23168921,-0.23168921,0.1062812,-0.3379704147064209,6
2026-09-15,AIAENG,9,0.1106881781157068,0.7213648862623095,-0.12730956,-0.12730956,0.1062812,-0.23359076077575686,6
2026-09-15,AIAENG,10,0.15063718430704054,0.7296314325523311,0.047504902,0.047504902,0.10628119999999998,-0.05877629811401365,6
2026-09-15,AIAENG,12,0.09182010206414616,0.7017156049732296,-0.06258488,-0.06258488,0.10628119999999998,-0.16886607701416012,6
2026-09-15,AIAENG,67,-0.050769831009331454,0.7169476256001491,0.19971132,-0.19971132,0.10628120000000002,-0.30599252278442385,6
2026-09-15,ALKEM,3,0.08445217689817795,0.7255120146370381,0.7957101,0.7957101,0.1062812,0.6894288868225098,6
2026-09-15,ALKEM,4,0.0874907592541262,0.7455741760210715,0.5626559,0.5626559,0.1062812,0.4563747257507324,6
2026-09-15,ALKEM,5,0.08788546769495771,0.7396177215348247,0.5618453,0.5618453,0.1062812,0.4555641025817871,6
2026-09-15,ALKEM,6,0.06098913074124598,0.7074625831730383,0.63955784,0.63955784,0.1062812,0.5332766384399414,6
2026-09-15,APARINDS,3,0.08271342788844305,0.7567918355790741,-1.5518904,-1.5518904,0.1062812,-1.6581715732299804,6
2026-09-15,APARINDS,4,0.0836809070454987,0.7136949724356414,-1.2625515,-1.2625515,0.1062812,-1.3688327460968017,6
2026-09-15,APARINDS,5,0.09798865263942082,0.7168976791645222,-0.89701414,-0.89701414,0.10628119999999998,-1.0032953410827636,6
2026-09-15,APARINDS,8,0.041938366327554,0.7089266880817265,-0.5814612,-0.5814612,0.10628119999999998,-0.6877423911773681,6
2026-09-15,APARINDS,9,0.0968233493648876,0.7468354066410506,0.22639036,0.22639036,0.10628119999999998,0.1201091617858887,6
2026-09-15,APARINDS,11,0.14196378196485387,0.7305247445065083,-0.029045343,-0.029045343,0.10628119999999998,-0.13532654339904782,6
2026-09-15,APARINDS,60,-0.11729737349685995,0.7133727871491888,-1.3030291,1.3030291,0.1062812,1.1967478603637696,6
2026-09-15,APARINDS,67,0.1755954059993712,0.7575400371582367,0.19298792,0.19298792,0.10628119999999998,0.08670671885375979,6
2026-09-15,APOLLOTYRE,4,0.07942104235855421,0.7100220738062557,-0.5032301,-0.5032301,0.10628119999999998,-0.6095112949096679,6
2026-09-15,ATGL,67,-0.02868655809832535,0.7238076863449583,0.41480064,-0.41480064,0.10628120000000002,-0.5210818439208984,6
2026-09-15,BALKRISIND,5,0.08861851367066365,0.7126028611679419,-0.71303844,-0.71303844,0.1062812,-0.8193196445190429,6
2026-09-15,BEL,3,0.11748351952294751,0.7126025713773216,-0.38095117,-0.38095117,0.1062812,-0.4872323661529541,6
2026-09-15,BERGEPAINT,3,0.083925025346029,0.7174592811688157,-0.42600036,-0.42600036,0.10628119999999998,-0.5322815566741943,6
2026-09-15,BHARATFORG,67,-0.04827707202655897,0.7001810223273109,0.13870001,-0.13870001,0.1062812,-0.244981208392334,6
2026-09-15,BHEL,67,-0.02671793772196074,0.7093453327471279,-0.589931,0.589931,0.1062812,0.48364981119995115,6
2026-09-15,BLUESTARCO,67,-0.02671793772196074,0.7012233363022422,0.053977966,-0.053977966,0.10628119999999998,-0.16025916630859371,6
2026-09-15,BSE,3,0.10238224641019696,0.7180397460988216,0.76322556,0.76322556,0.10628119999999998,0.6569443554199219,6
2026-09-15,BSE,4,0.09948153263249651,0.7050901491984177,0.43325424,0.43325424,0.10628120000000002,0.32697304194335935,6
2026-09-15,BSE,9,0.1198535994353279,0.7218035890282877,-0.4007399,-0.4007399,0.1062812,-0.5070211082183838,6
2026-09-15,CGPOWER,6,0.10309090899915684,0.7365361339889299,-0.8345604,-0.8345604,0.10628119999999998,-0.9408415942871093,6
2026-09-15,CGPOWER,7,0.2103000891571773,0.7451949418404068,-0.76422095,-0.76422095,0.10628119999999998,-0.8705021529876709,6
2026-09-15,CGPOWER,8,0.0595347786712238,0.7534742049725107,-0.2898097,-0.2898097,0.1062812,-0.3960909038269043,6
2026-09-15,CGPOWER,9,0.09678761251717351,0.7303012778356508,-0.32381415,-0.32381415,0.1062812,-0.43009535367126467,6
2026-09-15,CGPOWER,60,-0.12580516467295308,0.7042341386739405,-0.14998317,0.14998317,0.1062812,0.04370196764831542,6
2026-09-15,COCHINSHIP,3,0.08223859872931051,0.7002467942682736,-0.5027354,-0.5027354,0.1062812,-0.6090165763580322,6
2026-09-15,COCHINSHIP,8,0.06899572745582865,0.7202140295270959,-0.043988228,-0.043988228,0.1062812,-0.1502694278442383,6
2026-09-15,COCHINSHIP,18,0.1699792702544602,0.7282911444904467,-0.53471327,-0.53471327,0.1062812,-0.6409944682800293,6
2026-09-15,COCHINSHIP,19,0.15798924081462107,0.7008586291186909,-0.51187277,-0.51187277,0.1062812,-0.6181539684020996,6
2026-09-15,COFORGE,5,0.126553170921993,0.7133195255633282,-2.1836698,-2.1836698,0.10628119999999998,-2.2899510055267336,6
2026-09-15,COFORGE,6,0.10228403788183482,0.800717655349441,-0.4116118,-0.4116118,0.1062812,-0.517892995425415,6
2026-09-15,COFORGE,7,0.20609019940056297,0.802371063902009,0.3316164,0.3316164,0.1062812,0.22533520167236326,6
2026-09-15,COFORGE,8,0.0560372587890634,0.8179047245790547,1.2376666,1.2376666,0.10628119999999998,1.1313854069030762,6
2026-09-15,COFORGE,9,0.09502599389362765,0.802371063902009,1.9621015,1.9621015,0.1062812,1.8558202595031739,6
2026-09-15,COFORGE,10,0.14883982883578062,0.785448174046312,1.4525175,1.4525175,0.1062812,1.3462363094604493,6
2026-09-15,COFORGE,11,0.11852394902791794,0.7610699987253422,1.1703134,1.1703134,0.1062812,1.0640321583068848,6
2026-09-15,COFORGE,12,0.09088272060521115,0.7784656382351413,0.22649765,0.22649765,0.10628119999999998,0.1202164501464844,6
2026-09-15,COFORGE,13,0.09175544836947408,0.7767210131323589,0.08815527,0.08815527,0.1062812,-0.018125930377197272,6
2026-09-15,COFORGE,14,0.09724108630776793,0.7463587731329582,0.19272566,0.19272566,0.10628119999999998,0.08644445841674807,6
2026-09-15,COFORGE,15,0.09668432013824749,0.7385660859282839,0.26997328,0.26997328,0.10628119999999998,0.16369207804565433,6
2026-09-15,COFORGE,16,0.08531598320788751,0.7484144606472585,-0.29597282,-0.29597282,0.1062812,-0.4022540240966797,6
2026-09-15,COFORGE,17,0.1421593088395468,0.7281962850806719,0.1707077,0.1707077,0.10628119999999998,0.06442650263671877,6
2026-09-15,COFORGE,18,0.18402985884143158,0.7079015855525056,-0.08262396,-0.08262396,0.1062812,-0.1889051585876465,6
2026-09-15,COFORGE,19,0.17250062121199344,0.7006131441634161,-0.055116415,-0.055116415,0.10628119999999998,-0.16139761502380368,6
2026-09-15,CRISIL,49,0.12299252732158915,0.7047836900509341,-0.02630949,-0.02630949,0.1062812,-0.13259069020385744,6
2026-09-15,DABUR,3,0.07723379423402063,0.7216240885163496,-0.73260665,-0.73260665,0.1062812,-0.8388878493988037,6
2026-09-15,DABUR,12,0.08782424921939301,0.7095364364674013,-0.026094913,-0.026094913,0.1062812,-0.13237611348266604,6
2026-09-15,DABUR,33,0.05430263250333042,0.7030479077879801,-0.4487157,-0.4487157,0.1062812,-0.5549968867980957,6
2026-09-15,DIXON,3,0.08063156214745548,0.7210011655008363,-0.62888265,-0.62888265,0.1062812,-0.7351638465606689,6
2026-09-15,DIXON,4,0.08112421814058379,0.7016727855088696,-0.6511748,-0.6511748,0.1062812,-0.757455983706665,6
2026-09-15,FLUOROCHEM,3,0.11793465612899512,0.7432315840707228,-1.3437152,-1.3437152,0.1062812,-1.4499963908874511,6
2026-09-15,FLUOROCHEM,4,0.12104823432118088,0.7157609008163163,-1.1078119,-1.1078119,0.1062812,-1.2140931277954101,6
2026-09-15,FLUOROCHEM,5,0.1275554752090219,0.733093281063175,-0.19546747,-0.19546747,0.1062812,-0.30174867207641604,6
2026-09-15,FLUOROCHEM,6,0.10461697701678174,0.7404872620337037,0.025773048,0.025773048,0.10628119999999998,-0.08050815159912107,6
2026-09-15,FLUOROCHEM,7,0.2094967153040537,0.759894603888127,0.25000572,0.25000572,0.1062812,0.14372452204589842,6
2026-09-15,FLUOROCHEM,8,0.05921584885807045,0.7506520222329337,0.4751563,0.4751563,0.1062812,0.36887510722045896,6
2026-09-15,FLUOROCHEM,9,0.09920790265413662,0.7096161196528081,0.58374405,0.58374405,0.1062812,0.4774628490722656,6
2026-09-15,FLUOROCHEM,13,0.0927135193572841,0.7036713610154104,-0.2683401,-0.2683401,0.10628120000000002,-0.3746213107788086,6
2026-09-15,GICRE,67,-0.03980372244023067,0.730428883475547,0.62047243,-0.62047243,0.10628119999999998,-0.7267536311828613,6
2026-09-15,GODREJIND,40,0.13472046962261605,0.718173926807422,-0.62111616,-0.62111616,0.1062812,-0.7273973613464355,6
2026-09-15,GODREJIND,41,0.14745840737884586,0.7015995474915103,-0.63908696,-0.63908696,0.1062812,-0.7453681617462158,6
2026-09-15,GODREJPROP,6,0.11004692553868782,0.7224605608923456,-0.6377995,-0.6377995,0.10628119999999998,-0.7440807014190673,6
2026-09-15,GODREJPROP,7,0.22907627196173272,0.7355329513023814,-0.54612756,-0.54612756,0.1062812,-0.6524087577545166,6
2026-09-15,GODREJPROP,8,0.061751986695923224,0.791116388279971,-0.28287172,-0.28287172,0.10628119999999998,-0.3891529231750488,6
2026-09-15,GODREJPROP,9,0.1025380772717474,0.7573355739957996,0.1418829,0.1418829,0.1062812,0.03560169642333984,6
2026-09-15,GODREJPROP,10,0.14368804108100647,0.7458595229421187,-0.065129995,-0.065129995,0.1062812,-0.17141119534606936,6
2026-09-15,GODREJPROP,11,0.12255372244987632,0.7219854916619303,-0.112336874,-0.112336874,0.1062812,-0.21861807400817873,6
2026-09-15,GODREJPROP,12,0.08823006605908366,0.7041842568791353,-0.5243659,-0.5243659,0.1062812,-0.6306471019470214,6
2026-09-15,HAL,3,0.12207316413020443,0.7100540641082475,-0.97824335,-0.97824335,0.10628119999999998,-1.084524550982666,6
2026-09-15,HAL,8,0.05607392120411927,0.7004447405100083,-0.16031861,-0.16031861,0.1062812,-0.2665998130523682,6
2026-09-15,HCLTECH,3,0.08460246034973849,0.7688776130684091,-1.010102,-1.010102,0.1062812,-1.1163832336151123,6
2026-09-15,HCLTECH,4,0.08642712692857506,0.7299113187096401,-0.62208176,-0.62208176,0.1062812,-0.7283629565917968,6
2026-09-15,HCLTECH,7,0.18928997108874146,0.7096975746629542,0.06264448,0.06264448,0.1062812,-0.04363671834106446,6
2026-09-15,HCLTECH,8,0.044723621038500506,0.7355985103108998,0.44691563,0.44691563,0.10628120000000002,0.3406344265258789,6
2026-09-15,HDFCBANK,8,0.062393814374083374,0.7099394444114057,-0.7837236,-0.7837236,0.10628119999999998,-0.8900047927581787,6
2026-09-15,HONAUT,3,0.083925025346029,0.7260395698744696,-0.89530945,-0.89530945,0.10628119999999998,-1.0015906482421875,6
2026-09-15,HONAUT,4,0.08233581559816974,0.711156506783652,-1.0813177,-1.0813177,0.1062812,-1.187598863192749,6
2026-09-15,HONAUT,67,-0.05066063583413877,0.7174733146143017,0.074350834,-0.074350834,0.1062812,-0.18063203389282229,6
2026-09-15,IDEA,60,-0.11556626920620622,0.7056927503610547,0.06891489,-0.06891489,0.10628119999999998,-0.1751960902893066,6
2026-09-15,INDHOTEL,3,0.08385382839363147,0.701890033419142,-0.15138388,-0.15138388,0.1062812,-0.25766507680053713,6
2026-09-15,INDIGO,60,-0.11743016187242694,0.7568530070676701,-0.24001002,0.24001002,0.1062812,0.1337288231170654,6
2026-09-15,INDIGO,62,0.03589739634241773,0.7164515684433507,-0.03131032,-0.03131032,0.1062812,-0.13759151990051272,6
2026-09-15,INFY,3,0.08231247853515272,0.7092295234109791,-0.5964935,-0.5964935,0.1062812,-0.7027746825897216,6
2026-09-15,INFY,7,0.17014331399537957,0.7182617378180929,0.4911065,0.4911065,0.10628119999999998,0.38482531016235355,6
2026-09-15,INFY,8,0.03412532334801092,0.747616081656281,0.74260235,0.74260235,0.1062812,0.6363211483276368,6
2026-09-15,JSL,67,-0.03398632069615286,0.7068373319941971,0.5191803,-0.5191803,0.1062812,-0.6254614978515625,6
2026-09-15,JSWINFRA,6,0.10669387247682746,0.7419842990850292,-0.16195774,-0.16195774,0.1062812,-0.2682389407836914,6
2026-09-15,JSWINFRA,7,0.20598139911713007,0.7524306948024301,-0.16216636,-0.16216636,0.1062812,-0.2684475570404053,6
2026-09-15,JSWINFRA,8,0.0700890881483392,0.7490094122138033,-0.42729378,-0.42729378,0.1062812,-0.5335749774658203,6
2026-09-15,JSWINFRA,10,0.15200177619024405,0.7027623480506797,-0.47149062,-0.47149062,0.1062812,-0.5777718215667724,6
2026-09-15,JSWINFRA,12,0.09441030212709037,0.7033778825598989,-0.3399849,-0.3399849,0.1062812,-0.44626609379882815,6
2026-09-15,JSWINFRA,67,0.16126920167615338,0.7362479472287489,0.29181242,0.29181242,0.1062812,0.1855312198913574,6
2026-09-15,KALYANKJIL,4,0.08326655582686121,0.7125326888866428,-0.31817555,-0.31817555,0.1062812,-0.4244567542755127,6
2026-09-15,KALYANKJIL,5,0.08788546769495771,0.7147146796409322,-0.30941367,-0.30941367,0.1062812,-0.4156948714935303,6
2026-09-15,KPITTECH,3,0.08324176870943595,0.7928813323044377,-1.5477777,-1.5477777,0.10628119999999998,-1.6540588527404785,6
2026-09-15,KPITTECH,4,0.08635531387072169,0.7824538142969134,-1.072669,-1.072669,0.1062812,-1.1789502292358398,6
2026-09-15,KPITTECH,5,0.09001712277505816,0.7717073529252829,-0.44939518,-0.44939518,0.10628119999999998,-0.5556763797485351,6
2026-09-15,KPITTECH,6,0.07029423673412562,0.728433604302244,0.043344498,0.043344498,0.10628119999999998,-0.06293670231933592,6
2026-09-15,KPITTECH,7,0.1887052019332661,0.7340708029533755,1.2599587,1.2599587,0.1062812,1.1536775440490723,6
2026-09-15,KPITTECH,8,0.07087749833666887,0.7751039800740539,1.8363953,1.8363953,0.10628119999999998,1.730114063671875,6
2026-09-15,KPITTECH,9,0.0956067322267584,0.7523912348056948,1.9521713,1.9521713,0.10628119999999998,1.8458901256835938,6
2026-09-15,KPITTECH,11,0.09402755711433308,0.7048128153176644,0.7954478,0.7954478,0.10628119999999998,0.6891666263854981,6
2026-09-15,KPITTECH,12,0.09618950059556573,0.747115027482241,-0.05208254,-0.05208254,0.1062812,-0.15836373860473635,6
2026-09-15,KPITTECH,13,0.08914252529585709,0.7491475794879283,-0.48389435,-0.48389435,0.1062812,-0.5901755481445312,6
2026-09-15,KPITTECH,14,0.08417450330930161,0.7571097103951154,-0.38013458,-0.38013458,0.1062812,-0.48641578251953127,6
2026-09-15,KPITTECH,15,0.10316832729373455,0.7420571942849133,-0.6217599,-0.6217599,0.1062812,-0.7280410915100097,6
2026-09-15,KPITTECH,16,0.08379547956217026,0.7188180902244253,-0.84527135,-0.84527135,0.10628119999999998,-0.951552548953247,6
2026-09-15,KPITTECH,37,0.10890283116977938,0.7220546263336762,-1.6548812,-1.6548812,0.1062812,-1.761162438937378,6
2026-09-15,KPITTECH,44,0.11232014267228263,0.7080727046143503,-0.21910667,-0.21910667,0.1062812,-0.32538787419433596,6
2026-09-15,LICHSGFIN,3,0.11367951611698299,0.7181129844398759,0.09988546,0.09988546,0.1062812,-0.006395736285400397,6
2026-09-15,LICHSGFIN,4,0.10865068222752058,0.7340752961925678,0.18116236,0.18116236,0.1062812,0.07488115733032226,6
2026-09-15,LICHSGFIN,5,0.11756768691727709,0.745476888509041,-0.018054247,-0.018054247,0.1062812,-0.12433544690246583,6
2026-09-15,LICHSGFIN,66,0.07476947463232742,0.704781633191927,0.5845785,0.5845785,0.1062812,0.4782973140991211,6
2026-09-15,LLOYDSME,5,0.08558950091309714,0.7290751477480025,-0.41655302,-0.41655302,0.1062812,-0.5228342204772949,6
2026-09-15,LODHA,3,0.11800592861050999,0.7124571733064226,-0.69828033,-0.69828033,0.10628119999999998,-0.8045615344726562,6
2026-09-15,LODHA,7,0.21361409311475357,0.7179035467331137,-0.6205559,-0.6205559,0.1062812,-0.7268370776855468,6
2026-09-15,LODHA,8,0.07943528202073288,0.7267858986551441,-0.68368316,-0.68368316,0.1062812,-0.789964356967163,6
2026-09-15,LTTS,8,0.03083751269031852,0.7543823360701664,0.1269579,0.1269579,0.10628119999999998,0.020676693371582053,6
2026-09-15,MAHABANK,67,-0.03651021079735892,0.710272000800431,-0.97087026,0.97087026,0.1062812,0.8645890564239502,6
2026-09-15,MAZDOCK,60,-0.12291493657670877,0.7062077054743083,-0.031220913,0.031220913,0.1062812,-0.0750602870666504,6
2026-09-15,MCX,3,0.10993319002361009,0.7326008110836554,1.1041045,1.1041045,0.1062812,0.9978233188903809,6
2026-09-15,MCX,4,0.10643347420282118,0.733679812935523,0.8078456,0.8078456,0.1062812,0.7015643924987793,6
2026-09-15,MCX,5,0.1158290303744577,0.7561781960812751,0.45104027,0.45104027,0.1062812,0.3447590679443359,6
2026-09-15,MCX,6,0.06017829509034628,0.7250490188398657,0.45733452,0.45733452,0.1062812,0.35105331843261717,6
2026-09-15,MCX,7,0.17589809458550493,0.7179327114117893,0.3221631,0.3221631,0.10628119999999998,0.21588190501098636,6
2026-09-15,MCX,8,0.04762438870000924,0.715977785592972,0.2786994,0.2786994,0.10628119999999998,0.17241819804077152,6
2026-09-15,MCX,9,0.1095366182225579,0.7160871712277757,-0.090545416,-0.090545416,0.1062812,-0.19682661587829592,6
2026-09-15,MPHASIS,3,0.08372032019131596,0.7716445827742047,-2.796775,-2.796775,0.1062812,-2.9030563026153566,6
2026-09-15,MPHASIS,4,0.08642712692857506,0.7414346913453131,-1.9151092,-1.9151092,0.1062812,-2.021390357562256,6
2026-09-15,MPHASIS,5,0.08982092210667336,0.7568708847554095,-1.3089955,-1.3089955,0.1062812,-1.415276685305786,6
2026-09-15,MPHASIS,6,0.09484650632223898,0.7679542689259277,-0.0500381,-0.0500381,0.1062812,-0.15631929928894045,6
2026-09-15,MPHASIS,7,0.20112610910563122,0.7726737450170108,0.10843277,0.10843277,0.1062812,0.0021515697753906188,6
2026-09-15,MPHASIS,8,0.05253658353611538,0.8208659818265049,0.8388519,0.8388519,0.1062812,0.7325707287109375,6
2026-09-15,MPHASIS,9,0.09500040671371716,0.7921508611841824,1.5208364,1.5208364,0.1062812,1.414555153302002,6
2026-09-15,MPHASIS,10,0.1492154987235957,0.7707910318271134,1.9340992,1.9340992,0.1062812,1.8278179973876953,6
2026-09-15,MPHASIS,11,0.10132007350406234,0.7511294433077833,0.8696437,0.8696437,0.1062812,0.7633624882019043,6
2026-09-15,MPHASIS,12,0.09824026598900892,0.7472679686403341,1.0166883,1.0166883,0.10628119999999998,0.910407146862793,6
2026-09-15,MPHASIS,13,0.09293518479004702,0.7583738488267561,0.9009838,0.9009838,0.10628119999999998,0.7947026104248047,6
2026-09-15,MPHASIS,15,0.10123234519696571,0.714021195074815,0.1206398,0.1206398,0.10628119999999998,0.014358601025390647,6
2026-09-15,MPHASIS,16,0.08456104762262596,0.7032780145080464,-0.39837956,-0.39837956,0.1062812,-0.5046607642852783,6
2026-09-15,MPHASIS,17,0.1589063510581829,0.7189763808256809,-0.814718,-0.814718,0.1062812,-0.9209992080413818,6
2026-09-15,NAM-INDIA,4,0.08359601312602463,0.7115573381181403,-0.21793842,-0.21793842,0.1062812,-0.3242196231567383,6
2026-09-15,NAUKRI,3,0.08223859872931051,0.7251984645762672,-1.5664637,-1.5664637,0.1062812,-1.6727449088775634,6
2026-09-15,NAUKRI,4,0.08453809446727961,0.7408139097202434,-1.4312088,-1.4312088,0.1062812,-1.537490048953247,6
2026-09-15,NAUKRI,5,0.08901395279493272,0.7274498657214972,-0.67890286,-0.67890286,0.1062812,-0.7851840644561767,6
2026-09-15,NAUKRI,6,0.08677422755498629,0.7756005871197064,0.70734024,0.70734024,0.1062812,0.6010590404785157,6
2026-09-15,NAUKRI,7,0.2031965936894903,0.7677557166852234,0.8270383,0.8270383,0.1062812,0.7207570881164551,6
2026-09-15,NAUKRI,8,0.06734321181248981,0.7794928935220506,0.85749626,0.85749626,0.1062812,0.7512150615966797,6
2026-09-15,NAUKRI,9,0.09428409136347254,0.7282828256856159,1.0843992,1.0843992,0.10628120000000002,0.9781180233276368,6
2026-09-15,NAUKRI,12,0.08219785115755673,0.7228820993156834,-0.108754635,-0.108754635,0.1062812,-0.21503583485717775,6
2026-09-15,NAUKRI,13,0.08355497359544707,0.7459385029185043,-0.85595846,-0.85595846,0.1062812,-0.9622396617614746,6
2026-09-15,NIACL,3,0.11369556123935536,0.7900776910417425,0.06309748,0.06309748,0.10628119999999998,-0.04318372304077146,6
2026-09-15,NIACL,4,0.11753291813425724,0.7869672711658433,-0.1675427,-0.1675427,0.1062812,-0.27382389599914553,6
2026-09-15,NIACL,5,0.12648189844047816,0.7714014365255267,-0.65772533,-0.65772533,0.1062812,-0.7640065341674804,6
2026-09-15,NIACL,6,0.08186615945041714,0.7848481643596997,-0.8500695,-0.8500695,0.10628119999999998,-0.956350722857666,6
2026-09-15,NIACL,7,0.17441772377582856,0.7780406443783384,-0.22547841,-0.22547841,0.10628119999999998,-0.33175961072082516,6
2026-09-15,NIACL,8,0.06557045326991366,0.7733903115234347,-0.06284118,-0.06284118,0.1062812,-0.16912237698669436,6
2026-09-15,NIACL,9,0.11646396720880509,0.7305526892649639,-0.1310587,-0.1310587,0.10628120000000002,-0.23733989293212893,6
2026-09-15,NIACL,10,0.15550366155665943,0.7295506297021672,-0.010514259,-0.010514259,0.1062812,-0.11679545933837891,6
2026-09-15,NIACL,11,0.1233631637997023,0.7369835172649155,-0.5348444,-0.5348444,0.10628119999999998,-0.6411255984985351,6
2026-09-15,NIACL,12,0.09441030212709037,0.7201980880128779,-0.23124218,-0.23124218,0.10628119999999998,-0.33752337987060543,6
2026-09-15,NIACL,13,0.10171893010813547,0.7142204291323248,-0.1682818,-0.1682818,0.1062812,-0.27456299359436037,6
2026-09-15,NIACL,14,0.09533505895275401,0.7085851706461789,-0.3047824,-0.3047824,0.1062812,-0.41106359059448244,6
2026-09-15,NIACL,15,0.10739891541735287,0.7085515618459026,-0.6761074,-0.6761074,0.10628119999999998,-0.7823886066162109,6
2026-09-15,NIACL,18,0.1761102138199923,0.7001624637947114,0.07380247,0.07380247,0.1062812,-0.032478728839111334,6
2026-09-15,OFSS,3,0.08485576557472047,0.7623714912073608,-1.3334453,-1.3334453,0.1062812,-1.4397265105926513,6
2026-09-15,OFSS,4,0.08453809446727961,0.7204584785888971,-0.6994724,-0.6994724,0.10628119999999998,-0.805753627368164,6
2026-09-15,OFSS,6,0.07842602665995038,0.7038280742838475,0.008368492,0.008368492,0.1062812,-0.09791270787353516,6
2026-09-15,PAYTM,3,0.10250514375943463,0.7467166767087723,-0.19751787,-0.19751787,0.1062812,-0.3037990718566895,6
2026-09-15,PAYTM,4,0.10691202568470119,0.7098567428950788,-0.45093298,-0.45093298,0.1062812,-0.5572141795837402,6
2026-09-15,PAYTM,5,0.11105238607091768,0.7152770963326076,0.06788969,0.06788969,0.10628119999999998,-0.03839150960083006,6
2026-09-15,PAYTM,6,0.08164609463956422,0.7042494970481307,-0.62549114,-0.62549114,0.1062812,-0.7317723422729492,6
2026-09-15,PAYTM,7,0.19202947360148223,0.71268699056111,-0.6967068,-0.6967068,0.10628119999999998,-0.8029879718505859,6
2026-09-15,PAYTM,8,0.05826250951804735,0.7323754754360264,-0.10141134,-0.10141134,0.1062812,-0.20769254262084963,6
2026-09-15,PERSISTENT,6,0.07567637735244369,0.7082397616404494,-0.74021816,-0.74021816,0.1062812,-0.8464993625366211,6
2026-09-15,PERSISTENT,7,0.19880343275861329,0.7103754856002489,-0.53792,-0.53792,0.1062812,-0.6442011981689453,6
2026-09-15,PERSISTENT,8,0.02964993982203164,0.76331724141009,0.21231174,0.21231174,0.10628120000000002,0.10603054468994139,6
2026-09-15,PERSISTENT,11,0.13635331465814193,0.7049511137503944,0.55149794,0.55149794,0.1062812,0.4452167362487793,6
2026-09-15,PIIND,3,0.08221980315202672,0.7022018864310534,0.47658682,0.47658682,0.10628119999999998,0.3703056186950684,6
2026-09-15,PIIND,6,0.059377375687618146,0.7058769678598358,0.109899044,0.109899044,0.1062812,0.003617844036865228,6
2026-09-15,PIIND,8,0.0681085422809432,0.7101542159006231,-0.070250034,-0.070250034,0.10628120000000002,-0.1765312343322754,6
2026-09-15,POLICYBZR,3,0.05231384761243013,0.7118242689231867,-0.41724443,-0.41724443,0.1062812,-0.5235256343566894,6
2026-09-15,POWERINDIA,11,0.13494196051507903,0.7287516706015851,0.0,0.0,0.1062812,-0.1062812,6
2026-09-15,POWERINDIA,12,0.08898581269147775,0.7185807161831718,0.04941225,0.04941225,0.1062812,-0.05686894948120118,6
2026-09-15,POWERINDIA,13,0.08315301425711362,0.7332602300980461,0.23097992,0.23097992,0.10628120000000002,0.12469871943359373,6
2026-09-15,PRESTIGE,3,0.11159851202563491,0.7278287235794036,-1.1452973,-1.1452973,0.10628120000000002,-1.2515784888946533,6
2026-09-15,PRESTIGE,4,0.1065660176390682,0.7099257305346921,-1.1445999,-1.1445999,0.10628119999999998,-1.2508811145507812,6
2026-09-15,PRESTIGE,7,0.22947405926588776,0.7338140686888615,-0.53976774,-0.53976774,0.1062812,-0.6460489421569824,6
2026-09-15,PRESTIGE,8,0.06593931566375465,0.7599719227213897,-0.33525229,-0.33525229,0.1062812,-0.44153348500366213,6
2026-09-15,PRESTIGE,9,0.1106881781157068,0.7114178662595864,-0.047940016,-0.047940016,0.1062812,-0.1542212157928467,6
2026-09-15,SBICARD,7,0.21339545296189943,0.7051357942908055,-0.09422302,-0.09422302,0.1062812,-0.20050422246093752,6
2026-09-15,SBICARD,8,0.07483657488264395,0.7262971945628749,0.15721321,0.15721321,0.10628119999999998,0.050932011059570334,6
2026-09-15,SBICARD,67,-0.05066063583413877,0.7063631824723332,0.17813444,-0.17813444,0.1062812,-0.28441564137573244,6
2026-09-15,SHRIRAMFIN,3,0.10209522225833902,0.7143350640501088,-1.3288736,-1.3288736,0.10628119999999998,-1.4351548343383789,6
2026-09-15,SHRIRAMFIN,4,0.11919276517063561,0.7235959874948721,-1.0371387,-1.0371387,0.1062812,-1.1434199004852295,6
2026-09-15,SHRIRAMFIN,5,0.12648189844047816,0.7097691598082048,-0.8710265,-0.8710265,0.1062812,-0.9773077159606933,6
2026-09-15,SHRIRAMFIN,6,0.10731146534949215,0.7206225137834855,-0.9807825,-0.9807825,0.10628119999999998,-1.0870637088500976,6
2026-09-15,SHRIRAMFIN,8,0.07563221848077167,0.7178360038479069,-0.93328357,-0.93328357,0.1062812,-1.0395647674285888,6
2026-09-15,SHRIRAMFIN,9,0.10100525812539654,0.7082262958226389,-0.6075084,-0.6075084,0.1062812,-0.7137896209442138,6
2026-09-15,SHRIRAMFIN,67,-0.049850940491193554,0.7069130604987363,-0.32553673,0.32553673,0.1062812,0.21925552790527342,6
2026-09-15,SOLARINDS,3,0.11676472855484318,0.7900776910417425,-3.7695587,-3.7695587,0.10628119999999998,-3.875839868136597,6
2026-09-15,SOLARINDS,4,0.11957637136730402,0.7901676869636994,-2.7983725,-2.7983725,0.1062812,-2.904653707095337,6
2026-09-15,SOLARINDS,5,0.1252502749728256,0.7904614311283356,-1.4943361,-1.4943361,0.1062812,-1.6006173282348632,6
2026-09-15,SOLARINDS,6,0.0995138969187326,0.8056005325329305,-1.3955712,-1.3955712,0.1062812,-1.501852431842041,6
2026-09-15,SOLARINDS,7,0.21023839326367671,0.8012469630788718,-1.5026689,-1.5026689,0.1062812,-1.6089500575744629,6
2026-09-15,SOLARINDS,8,0.0595347786712238,0.8279384050535775,-0.3914833,-0.3914833,0.10628120000000002,-0.49776450688476565,6
2026-09-15,SOLARINDS,9,0.1010803435114342,0.812785022740976,0.14756918,0.14756918,0.1062812,0.0412879795349121,6
2026-09-15,SOLARINDS,10,0.1457512776566002,0.8075999417948898,0.4189253,0.4189253,0.10628119999999998,0.3126440853393555,6
2026-09-15,SOLARINDS,11,0.13153225814295813,0.7729707046209655,0.9102106,0.9102106,0.10628119999999998,0.8039294094360352,6
2026-09-15,SOLARINDS,12,0.09208072551681995,0.7898075285344178,-0.587374,-0.587374,0.10628119999999998,-0.6936551719390869,6
2026-09-15,SOLARINDS,13,0.09613030243981564,0.7872962107497087,-1.6329527,-1.6329527,0.1062812,-1.7392338901245117,6
2026-09-15,SOLARINDS,14,0.09133202591350077,0.7757350269458285,0.2460599,0.2460599,0.1062812,0.13977869456176756,6
2026-09-15,SOLARINDS,15,0.13056219225085447,0.766606337111961,-0.68745613,-0.68745613,0.1062812,-0.7937373309814453,6
2026-09-15,SOLARINDS,16,0.12518678741886496,0.7749297608798917,-0.5402744,-0.5402744,0.1062812,-0.6465555816375732,6
2026-09-15,SOLARINDS,17,0.15220145521612008,0.7561505850013137,-0.63756704,-0.63756704,0.1062812,-0.7438482433044433,6
2026-09-15,SOLARINDS,18,0.18926631118675064,0.777863546159966,-1.5605927,-1.5605927,0.1062812,-1.6668738513671875,6
2026-09-15,SOLARINDS,19,0.1535123290101781,0.7745991209651167,-1.255542,-1.255542,0.10628119999999998,-1.3618232398712158,6
2026-09-15,SOLARINDS,20,0.1493671307679442,0.7878606193490789,-0.6691456,-0.6691456,0.1062812,-0.7754267841064453,6
2026-09-15,SOLARINDS,21,0.13750936104127867,0.7769145262552554,-1.5475333,-1.5475333,0.1062812,-1.6538144736968994,6
2026-09-15,SOLARINDS,22,0.1486922367563653,0.7635736219537725,-1.4829457,-1.4829457,0.1062812,-1.589226880618286,6
2026-09-15,SOLARINDS,23,0.1496720089705115,0.7476666533598151,-1.6053319,-1.6053319,0.10628119999999998,-1.7116130977355957,6
2026-09-15,SOLARINDS,24,0.1698794250582876,0.7588526308250866,-1.9254506,-1.9254506,0.10628119999999998,-2.0317317634307863,6
2026-09-15,SOLARINDS,25,0.15331411492736643,0.7679270212864804,-2.327311,-2.327311,0.10628119999999998,-2.4335922389709475,6
2026-09-15,SOLARINDS,26,0.14694431462946136,0.7878606193490789,-1.4951408,-1.4951408,0.1062812,-1.601421990939331,6
2026-09-15,SOLARINDS,27,0.14108302918255286,0.7946575000986309,-2.570504,-2.570504,0.10628119999999998,-2.6767851501190187,6
2026-09-15,SOLARINDS,28,0.13547599861749335,0.7689113651023929,-2.5455475,-2.5455475,0.10628119999999998,-2.6518286853515627,6
2026-09-15,SOLARINDS,29,0.15577012776818625,0.8001712842589742,-1.1551976,-1.1551976,0.10628119999999998,-1.2614788203918457,6
2026-09-15,SOLARINDS,30,0.13966989745077282,0.7869010317338235,-0.8782923,-0.8782923,0.10628119999999998,-0.9845735221588134,6
2026-09-15,SOLARINDS,31,0.14372702188077371,0.7826184143145403,-0.7317662,-0.7317662,0.10628119999999998,-0.8380474239074707,6
2026-09-15,SOLARINDS,32,0.14964838481532222,0.7867964638879414,-0.3294468,-0.3294468,0.1062812,-0.4357279926025391,6
2026-09-15,SOLARINDS,33,0.12045002347809888,0.7722336804441257,-1.0116339,-1.0116339,0.1062812,-1.1179150729858398,6
2026-09-15,SOLARINDS,34,0.1371768723289941,0.8007286814080171,0.71721077,0.71721077,0.1062812,0.6109295696533203,6
2026-09-15,SOLARINDS,35,0.14331832292162508,0.7771134714122632,1.9723415,1.9723415,0.1062812,1.866060337475586,6
2026-09-15,SOLARINDS,36,0.13480022881947845,0.7385298036833473,0.48309565,0.48309565,0.1062812,0.376814445904541,6
2026-09-15,SOLARINDS,37,0.11735298329063946,0.7480165203349881,-0.2024293,-0.2024293,0.1062812,-0.30871049458618166,6
2026-09-15,SOLARINDS,38,0.07550916632035419,0.738360857771078,0.30503273,0.30503273,0.10628119999999998,0.1987515301025391,6
2026-09-15,SOLARINDS,39,0.14904203751898554,0.7272235888316982,0.3305316,0.3305316,0.1062812,0.22425039713745115,6
2026-09-15,SOLARINDS,40,0.1518946188584377,0.7535958696232281,0.5622268,0.5622268,0.1062812,0.4559455723083496,6
2026-09-15,SOLARINDS,41,0.15157238827020653,0.7213233798040218,0.12716055,0.12716055,0.10628119999999998,0.02087934916381838,6
2026-09-15,SOLARINDS,42,0.09800860652683464,0.7627870065873497,-1.0555387,-1.0555387,0.10628120000000002,-1.1618198543273925,6
2026-09-15,SOLARINDS,43,0.07436252714828319,0.7457613137571854,-0.88562965,-0.88562965,0.1062812,-0.991910853930664,6
2026-09-15,SOLARINDS,44,0.10456534324707487,0.7115488910013807,-0.6340325,-0.6340325,0.1062812,-0.7403136878692627,6
2026-09-15,SOLARINDS,45,0.13878981317593814,0.7378797785646714,-1.6472399,-1.6472399,0.1062812,-1.7535211234771728,6
2026-09-15,SOLARINDS,50,0.13520145667789277,0.712943574664711,-1.1494279,-1.1494279,0.10628119999999998,-1.2557090907775879,6
2026-09-15,SOLARINDS,51,0.13199078203664366,0.7033074452559035,-1.3523877,-1.3523877,0.1062812,-1.4586688667022705,6
2026-09-15,SOLARINDS,52,0.12485745816927968,0.7740392319620624,-0.18041134,-0.18041134,0.1062812,-0.28669253880615236,6
2026-09-15,SOLARINDS,53,0.12673358065406568,0.7528702791229254,-0.25793314,-0.25793314,0.10628119999999998,-0.36421433980102536,6
2026-09-15,SOLARINDS,54,0.08868205850823752,0.760769996344926,-0.56759715,-0.56759715,0.1062812,-0.6738783508026123,6
2026-09-15,SOLARINDS,55,0.0907079287657844,0.7444931364076537,-0.18120408,-0.18120408,0.10628119999999998,-0.287485280581665,6
2026-09-15,SOLARINDS,56,0.08546723111175952,0.7031700277471392,-0.49108267,-0.49108267,0.1062812,-0.5973638683044433,6
2026-09-15,SOLARINDS,63,0.12374202211610501,0.7083784354478123,-0.62321424,-0.62321424,0.1062812,-0.7294954448425293,6
2026-09-15,SOLARINDS,65,0.1194026753890305,0.7005326417042652,-0.18172264,-0.18172264,0.1062812,-0.28800384099121096,6
2026-09-15,SOLARINDS,67,0.183016661797316,0.7284750900321056,0.46973228,0.46973228,0.10628120000000002,0.3634510845458984,6
2026-09-15,SUNDARMFIN,3,0.05827680004943006,0.785125386751917,0.5618572,0.5618572,0.1062812,0.45557602351074217,6
2026-09-15,SUNDARMFIN,4,0.05637662337814599,0.7831918140940185,-0.012427568,-0.012427568,0.1062812,-0.11870876843566895,6
2026-09-15,SUNDARMFIN,5,0.060995535246242495,0.770568387189854,-0.17380118,-0.17380118,0.1062812,-0.28008238370056154,6
2026-09-15,SUNDARMFIN,6,0.06098097617260596,0.7672267050215634,-0.83455443,-0.83455443,0.1062812,-0.9408356338226318,6
2026-09-15,SUNDARMFIN,7,0.17193500257975006,0.7134450497256395,-0.6288111,-0.6288111,0.1062812,-0.7350923209869384,6
2026-09-15,SUNDARMFIN,8,0.049045681697818054,0.7381632413862398,-0.7875204,-0.7875204,0.1062812,-0.8938016086303711,6
2026-09-15,SUZLON,67,-0.03346570479911806,0.722630457072453,0.39784908,-0.39784908,0.1062812,-0.5041302829467773,6
2026-09-15,TATACOMM,3,0.05706520259184409,0.7836468938597131,-0.4485786,-0.4485786,0.1062812,-0.5548597961151123,6
2026-09-15,TATACOMM,4,0.05516502592056002,0.7645829423242431,-0.8815408,-0.8815408,0.10628119999999998,-0.9878219752990722,6
2026-09-15,TATACOMM,5,0.057894905327361045,0.7493500689538375,-0.74552894,-0.74552894,0.10628119999999998,-0.8518101363861084,6
2026-09-15,TATACOMM,6,0.057161146822355756,0.7073322219596572,-0.29923916,-0.29923916,0.1062812,-0.4055203586303711,6
2026-09-15,TATACOMM,7,0.18951044792196498,0.7252374539998179,-0.42763352,-0.42763352,0.10628119999999998,-0.53391472394104,6
2026-09-15,TATACOMM,8,0.07541741281245717,0.7298050018270931,-0.016695261,-0.016695261,0.10628119999999998,-0.12297646100158689,6
2026-09-15,TATACONSUM,4,0.08738889499687523,0.7161595322857154,0.050103664,0.050103664,0.1062812,-0.05617753560180665,6
2026-09-15,TATAELXSI,3,0.08228008190625657,0.7418392486733354,-0.7051885,-0.7051885,0.1062812,-0.811469712802124,6
2026-09-15,TATAELXSI,4,0.08723745402914422,0.7392333549220954,-0.4513502,-0.4513502,0.10628119999999998,-0.5576314120971679,6
2026-09-15,TATAELXSI,5,0.09008893583291153,0.7156188576312039,-0.11057854,-0.11057854,0.1062812,-0.2168597369873047,6
2026-09-15,TATAELXSI,7,0.21419761089221281,0.723598388162248,0.91023445,0.91023445,0.10628119999999998,0.8039532512939453,6
2026-09-15,TATAELXSI,8,0.06378320598668984,0.7511163957911391,1.2090802,1.2090802,0.1062812,1.1027990192687989,6
2026-09-15,TATAELXSI,10,0.14991807131714505,0.7154037574362467,0.7333398,0.7333398,0.1062812,0.627058586529541,6
2026-09-15,TATAELXSI,11,0.10816344642877543,0.7178586994354978,0.18820763,0.18820763,0.1062812,0.08192642634277343,6
2026-09-15,TATAELXSI,12,0.09196529716830075,0.7365320358725587,-0.45093298,-0.45093298,0.10628120000000002,-0.5572141795837402,6
2026-09-15,TATAELXSI,13,0.07689883467397299,0.7098441179325725,-0.0312984,-0.0312984,0.1062812,-0.13757959897155764,6
2026-09-15,TATAINVEST,3,0.08924068959823252,0.7748365031123262,1.9138098,1.9138098,0.1062812,1.8075285763061524,6
2026-09-15,TATAINVEST,4,0.08948632876226972,0.7704293013116654,1.056695,1.056695,0.10628119999999998,0.9504137844360352,6
2026-09-15,TATAINVEST,5,0.08832791341560692,0.7671069303894897,0.44351816,0.44351816,0.1062812,0.3372369617736816,6
2026-09-15,TATAINVEST,6,0.07113420566448121,0.794047713934733,-1.5086055,-1.5086055,0.10628120000000002,-1.6148866801940918,6
2026-09-15,TATAINVEST,7,0.18378076082655112,0.7920579465598636,-2.6669383,-2.6669383,0.1062812,-2.7732195049011232,6
2026-09-15,TATAINVEST,8,0.03754063306067251,0.8154107328961288,-3.1046987,-3.1046987,0.1062812,-3.210979857989502,6
2026-09-15,TATAINVEST,9,0.10869372894641914,0.7634742022928017,-2.158469,-2.158469,0.1062812,-2.2647501617156984,6
2026-09-15,TATAINVEST,10,0.1506702907991861,0.7340238828853552,-1.7831445,-1.7831445,0.10628119999999998,-1.889425674029541,6
2026-09-15,TATAINVEST,11,0.10161272800968323,0.7572917684536418,-2.5556922,-2.5556922,0.10628119999999998,-2.661973395892334,6
2026-09-15,TATAINVEST,12,0.10646931358228712,0.7743381767937596,-1.6772509,-1.6772509,0.1062812,-1.783532062121582,6
2026-09-15,TATAINVEST,13,0.10781075588184791,0.8108099368477707,-0.9113014,-0.9113014,0.1062812,-1.0175825744354248,6
2026-09-15,TATAINVEST,14,0.08120411143975932,0.8105264839844081,-0.5115688,-0.5115688,0.10628119999999998,-0.6178499847137451,6
2026-09-15,TATAINVEST,15,0.13905020123014364,0.811169401593097,0.69874525,0.69874525,0.10628120000000002,0.5924640507019043,6
2026-09-15,TATAINVEST,16,0.10343002521910497,0.764102834526141,-0.72716475,-0.72716475,0.1062812,-0.8334459453308105,6
2026-09-15,TATAINVEST,17,0.14709448012268286,0.7656507557084059,-0.8997619,-0.8997619,0.1062812,-1.0060431152069091,6
2026-09-15,TATAINVEST,18,0.1740258646519659,0.796793920031198,-0.3296435,-0.3296435,0.1062812,-0.43592468793029787,6
2026-09-15,TATAINVEST,19,0.1701553740180632,0.7616799474121789,-0.3299713,-0.3299713,0.10628120000000002,-0.4362525134765625,6
2026-09-15,TATAINVEST,20,0.14163191905298428,0.7623937016178141,-0.09127855,-0.09127855,0.1062812,-0.19755975300903322,6
2026-09-15,TATAINVEST,21,0.13465165717746108,0.7593709034373036,1.1061788,1.1061788,0.1062812,0.9998975605285645,6
2026-09-15,TATAINVEST,22,0.14716597021446665,0.7492642921836143,1.8927455,1.8927455,0.10628120000000002,1.7864642948425293,6
2026-09-15,TATAINVEST,23,0.14311567466140618,0.7508193741600432,0.838387,0.838387,0.1062812,0.7321058124816895,6
2026-09-15,TATAINVEST,24,0.18093962429969587,0.7368724587136329,-0.14787316,-0.14787316,0.1062812,-0.2541543632232666,6
2026-09-15,TATAINVEST,25,0.14625242494081425,0.7336864618713724,0.04925728,0.04925728,0.1062812,-0.057023921557617194,6
2026-09-15,TATAINVEST,26,0.1497902895406314,0.7076526605800297,0.90230703,0.90230703,0.10628119999999998,0.7960258335388184,6
2026-09-15,TATAINVEST,27,0.14569558348655387,0.7145680054390767,-0.0070273876,-0.0070273876,0.1062812,-0.11330858761901856,6
2026-09-15,TATAINVEST,28,0.140826759717812,0.7589513549651988,-1.1080146,-1.1080146,0.1062812,-1.2142957835876464,6
2026-09-15,TATAINVEST,29,0.15539737243810647,0.7880539490308062,-2.3806214,-2.3806214,0.1062812,-2.486902633258057,6
2026-09-15,TATAINVEST,30,0.15246320239368466,0.7458642621045851,-0.85242987,-0.85242987,0.1062812,-0.9587110667907714,6
2026-09-15,TATAINVEST,31,0.149141840338669,0.7685053844543628,0.26798248,0.26798248,0.1062812,0.16170128291015623,6
2026-09-15,TATAINVEST,32,0.15203253993766477,0.7505436756114005,-0.03516674,-0.03516674,0.10628119999999998,-0.14144794041748043,6
2026-09-15,TATAINVEST,33,0.10046352305625139,0.7178160104559449,0.72711706,0.72711706,0.1062812,0.6208358616149903,6
2026-09-15,TATAINVEST,34,0.13996105393634242,0.7273816433172756,1.384592,1.384592,0.1062812,1.278310856274414,6
2026-09-15,TATAINVEST,35,0.14366897663873507,0.7236597375118174,2.882111,2.882111,0.1062812,2.775829872540283,6
2026-09-15,TATAINVEST,36,0.14129875510992398,0.7347229962942482,2.3890138,2.3890138,0.10628119999999998,2.2827325672424315,6
2026-09-15,TATAINVEST,39,0.1457968304373703,0.7033828660385891,2.280569,2.280569,0.10628119999999998,2.1742878765380858,6
2026-09-15,TATAINVEST,40,0.14968061049088371,0.7918952733218747,0.97836256,0.97836256,0.1062812,0.8720813602722168,6
2026-09-15,TATAINVEST,41,0.1439894166199297,0.7826686494522702,0.9704709,0.9704709,0.1062812,0.8641897053039551,6
2026-09-15,TATAINVEST,42,0.08834984554063173,0.801125753107785,-0.28080344,-0.28080344,0.1062812,-0.3870846420013428,6
2026-09-15,TATAINVEST,43,0.0440441084724962,0.7802803601039842,0.006878376,0.006878376,0.1062812,-0.09940282399291993,6
2026-09-15,TATAINVEST,44,0.08300481080163959,0.7291353199181654,0.4078269,0.4078269,0.10628119999999998,0.30154570048217777,6
2026-09-15,TATAINVEST,45,0.11377826740285092,0.7412803246496407,-0.034433603,-0.034433603,0.10628119999999998,-0.14071480328674313,6
2026-09-15,TATAINVEST,47,0.13409886949169045,0.7406058691988001,-0.9352207,-0.9352207,0.1062812,-1.041501918383789,6
2026-09-15,TATAINVEST,48,0.11810160966200965,0.7017937346724494,-1.0709882,-1.0709882,0.1062812,-1.1772693782531738,6
2026-09-15,TATAINVEST,54,0.09603673667212306,0.7401357536218947,0.10405779,0.10405779,0.10628119999999998,-0.0022234111511230253,6
2026-09-15,TATAINVEST,55,0.09612927940244806,0.7150813020331803,-0.26357174,-0.26357174,0.10628120000000002,-0.36985293919677736,6
2026-09-15,TATAINVEST,57,0.09908879720075207,0.7320848374752094,-0.70141554,-0.70141554,0.1062812,-0.8076967387878418,6
2026-09-15,TATAINVEST,58,0.08593286744567231,0.7014566871352278,-0.013768673,-0.013768673,0.10628119999999998,-0.12004987294311521,6
2026-09-15,TATAINVEST,59,0.10211429746279232,0.7002141647241157,-0.3915608,-0.3915608,0.1062812,-0.49784199292297365,6
2026-09-15,TATAINVEST,60,0.06161666303081435,0.7026362222977794,-0.38630962,-0.38630962,0.1062812,-0.49259082371826174,6
2026-09-15,TATAINVEST,61,0.0863451905434841,0.7131555473325183,0.11776686,0.11776686,0.1062812,0.01148565714721679,6
2026-09-15,TATAINVEST,62,0.11483582847785392,0.7338162791947106,-0.41032434,-0.41032434,0.1062812,-0.5166055350982666,6
2026-09-15,TATAINVEST,63,0.11292381160577479,0.715292619007659,-0.58059096,-0.58059096,0.1062812,-0.6868721633636474,6
2026-09-15,TATAINVEST,64,0.12190477976335277,0.7033674917680075,-0.6577134,-0.6577134,0.1062812,-0.7639946132385254,6
2026-09-15,TATAINVEST,65,0.12447759651605715,0.7407501001170478,-0.9508729,-0.9508729,0.10628119999999998,-1.0571540981018066,6
2026-09-15,TATAINVEST,67,0.17973084545526716,0.708212343876992,-0.96952915,-0.96952915,0.1062812,-1.0758103519165039,6
2026-09-15,TCS,3,0.0813193321551266,0.7134902908231917,-0.9883404,-0.9883404,0.1062812,-1.0946215778076172,6
2026-09-15,TCS,7,0.18560202307878815,0.700747016933355,0.24861097,0.24861097,0.1062812,0.14232977335815428,6
2026-09-15,TCS,8,0.05362553803488541,0.7508400895662573,0.5948305,0.5948305,0.1062812,0.48854931300048826,6
2026-09-15,TECHM,3,0.08304892582987967,0.727558313059193,-0.46293736,-0.46293736,0.1062812,-0.5692185550415039,6
2026-09-15,TECHM,4,0.08594857544669504,0.7561949340879266,-0.68211555,-0.68211555,0.1062812,-0.7883967548095703,6
2026-09-15,TECHM,5,0.0886784548534961,0.7112721311515194,-0.17890334,-0.17890334,0.10628119999999998,-0.2851845412933349,6
2026-09-15,TECHM,6,0.057698743971256024,0.7082631780821499,0.10530949,0.10530949,0.10628119999999998,-0.0009717136108398222,6
2026-09-15,TECHM,7,0.1856665540285972,0.7023878212103869,0.44720173,0.44720173,0.1062812,0.34092052882080076,6
2026-09-15,TECHM,8,0.044723621038500506,0.7436676739758683,0.7409215,0.7409215,0.1062812,0.6346402973449707,6
2026-09-15,TECHM,10,0.1483966912661026,0.7027177415845798,0.14874935,0.14874935,0.1062812,0.04246815150146484,6
2026-09-15,TECHM,11,0.10807220799606661,0.7047714088717963,-0.037115812,-0.037115812,0.10628119999999998,-0.1433970123016357,6
2026-09-15,THERMAX,3,0.1075928978327129,0.7399898140994505,-0.73801875,-0.73801875,0.10628119999999998,-0.8442999511444091,6
2026-09-15,THERMAX,4,0.11337776654809695,0.7210074774158879,-0.97283125,-0.97283125,0.1062812,-1.0791124492370605,6
2026-09-15,THERMAX,7,0.22107953656517906,0.7044580661583492,-0.76680183,-0.76680183,0.1062812,-0.8730830341064453,6
2026-09-15,THERMAX,8,0.07919319281990451,0.7256343350612914,-0.5960822,-0.5960822,0.1062812,-0.7023634105407714,6
2026-09-15,TMCV,3,0.09215729017466973,0.7322512520176412,-1.3412833,-1.3412833,0.10628119999999998,-1.4475645213806152,6
2026-09-15,TMCV,6,0.10092666514781018,0.7089792484638688,-0.5524874,-0.5524874,0.1062812,-0.6587685733520507,6
2026-09-15,TMCV,8,0.07919319281990451,0.7447389282009244,-0.2194941,-0.2194941,0.1062812,-0.325775304385376,6
2026-09-15,TMCV,9,0.1102869210479812,0.7206645010639952,0.0579834,0.0579834,0.1062812,-0.048297801562500006,6
2026-09-15,TMCV,10,0.15063718430704054,0.7260622561060244,0.17426014,0.17426014,0.1062812,0.06797893946533203,6
2026-09-15,TORNTPOWER,33,0.049402182663624804,0.7198808856707926,-0.43038726,-0.43038726,0.10628119999999998,-0.536668458529663,6
2026-09-15,YESBANK,3,0.12152124479743362,0.7018453515700278,-0.5567491,-0.5567491,0.1062812,-0.6630303054534912,6
2026-09-16,360ONE,4,-0.015430383203191138,0.700466551255697,-0.10483861,0.10483861,0.10628119999999998,-0.0014425903045654082,6
2026-09-16,360ONE,6,-0.10813466407998112,0.7131816912296467,0.30550957,-0.30550957,0.1062812,-0.4117907672607422,6
2026-09-16,3MINDIA,3,0.06697479481366242,0.8012518514540792,2.3626924,2.3626924,0.1062812,2.256411156109619,6
2026-09-16,3MINDIA,4,-0.07676409339139043,0.7912983323638029,1.8512845,-1.8512845,0.10628119999999998,-1.9575657039367675,6
2026-09-16,3MINDIA,5,-0.07769271257568726,0.7748982323684396,2.6547313,-2.6547313,0.1062812,-2.7610124736511232,6
2026-09-16,3MINDIA,6,-0.10308551076450363,0.7862616984442957,2.0999432,-2.0999432,0.1062812,-2.2062243610107424,6
2026-09-16,3MINDIA,7,0.04112373078503719,0.7393259952174356,1.6954303,1.6954303,0.1062812,1.5891490787780762,6
2026-09-16,3MINDIA,8,0.029402558440616594,0.7757846935859185,1.7433882,1.7433882,0.1062812,1.6371069759643555,6
2026-09-16,3MINDIA,9,0.06365018995822362,0.8106596003325397,-0.36079288,-0.36079288,0.10628120000000002,-0.467074075289917,6
2026-09-16,3MINDIA,10,0.07472187157632434,0.8092754025263555,-0.89806914,-0.89806914,0.1062812,-1.004350343295288,6
2026-09-16,3MINDIA,11,0.032160639869970906,0.8007226898738221,-0.8112967,-0.8112967,0.1062812,-0.9175779014312744,6
2026-09-16,3MINDIA,12,0.017577159994710715,0.7531812488156384,-1.0817289,-1.0817289,0.1062812,-1.1880101352416992,6
2026-09-16,3MINDIA,13,-0.008117377769114637,0.7506046486805344,-1.1860073,1.1860073,0.1062812,1.0797260612762452,6
2026-09-16,3MINDIA,14,0.006496445766855974,0.7471116812252905,-1.3970256,-1.3970256,0.10628119999999998,-1.5033067851745605,6
2026-09-16,3MINDIA,15,0.01806436339693676,0.7255754472342469,-1.2477458,-1.2477458,0.10628120000000002,-1.3540269523345947,6
2026-09-16,3MINDIA,16,0.028399559640748438,0.738356483201777,-1.5064776,-1.5064776,0.10628119999999998,-1.6127587943756103,6
2026-09-16,3MINDIA,17,-0.020775637135132235,0.7306641533213548,-1.2231946,1.2231946,0.1062812,1.1169133991516114,6
2026-09-16,3MINDIA,18,0.05097390984532744,0.7359543851593797,-0.90881586,-0.90881586,0.1062812,-1.015097060748291,6
2026-09-16,3MINDIA,19,0.014361254938414938,0.732750305422141,-0.9720564,-0.9720564,0.1062812,-1.0783375888549804,6
2026-09-16,3MINDIA,20,0.012253840662241625,0.7258901268856419,-0.92648864,-0.92648864,0.1062812,-1.0327698379241943,6
2026-09-16,3MINDIA,21,0.005187754433346155,0.7137309308419765,-0.21380782,-0.21380782,0.1062812,-0.32008902127380373,6
2026-09-16,3MINDIA,22,0.05300022516017422,0.7044098881153608,-0.35029054,-0.35029054,0.10628119999999998,-0.45657173688049313,6
2026-09-16,3MINDIA,23,0.017161287593925944,0.7200293197214953,-0.22932291,-0.22932291,0.10628119999999998,-0.33560411030883786,6
2026-09-16,3MINDIA,50,-0.05745533442534856,0.7167510259075329,0.21823645,-0.21823645,0.1062812,-0.32451764638061525,6
2026-09-16,ABB,4,-0.022065428729711088,0.7173920931439215,0.02888441,-0.02888441,0.1062812,-0.13516561085815432,6
2026-09-16,ABB,6,-0.11265329895840667,0.7111847919685201,0.17307997,-0.17307997,0.1062812,-0.2793611674987793,6
2026-09-16,ABBOTINDIA,4,-0.00988724942762081,0.7168433695696116,0.46331882,-0.46331882,0.1062812,-0.5696000247680664,6
2026-09-16,ABBOTINDIA,5,-0.024370604932560554,0.7411389982755877,1.0671377,-1.0671377,0.10628119999999998,-1.1734189182006836,6
2026-09-16,ABBOTINDIA,6,-0.09117486596112927,0.7478802496989246,0.52103996,-0.52103996,0.1062812,-0.6273211627685547,6
2026-09-16,ABCAPITAL,3,0.13338638935635064,0.7123841006804752,-0.3412962,-0.3412962,0.10628119999999998,-0.4475773959838867,6
2026-09-16,ABCAPITAL,6,-0.08237102903939174,0.7123895285241415,0.23721457,-0.23721457,0.1062812,-0.34349576527709963,6
2026-09-16,ADANIENSOL,3,0.13761059278361557,0.7462103515356412,-0.7230401,-0.7230401,0.10628119999999998,-0.8293213039123535,6
2026-09-16,ADANIENSOL,4,-0.006948740778381052,0.727946625850801,-0.25997162,0.25997162,0.1062812,0.15369041865234373,6
2026-09-16,ADANIENSOL,5,-0.00688420982857202,0.7221929917221026,0.014865398,-0.014865398,0.1062812,-0.12114659840698243,6
2026-09-16,ADANIENSOL,6,-0.08237102903939174,0.7618113640531445,-0.31047463,0.31047463,0.1062812,0.2041934341705322,6
2026-09-16,ADANIENSOL,7,0.0550258702317889,0.7162606814929535,-0.44998527,-0.44998527,0.10628119999999998,-0.5562664657318115,6
2026-09-16,ADANIENT,6,-0.09366746896371081,0.7118187198408349,0.25622845,-0.25622845,0.1062812,-0.36250964696044924,6
2026-09-16,ADANIGREEN,3,0.13761059278361557,0.7166910952064746,-0.78540444,-0.78540444,0.1062812,-0.8916856437408447,6
2026-09-16,ADANIGREEN,4,-0.01597237774306473,0.713604972018419,-0.031989813,0.031989813,0.1062812,-0.07429138714904786,6
2026-09-16,ADANIGREEN,6,-0.09489086706277797,0.7402568891293851,0.15968084,-0.15968084,0.10628119999999998,-0.26596204335327145,6
2026-09-16,AIAENG,3,0.11735060346978642,0.7440789280882931,-0.6457567,-0.6457567,0.1062812,-0.752037921496582,6
2026-09-16,AIAENG,4,-0.035392403479326505,0.7633923126432072,-0.100034475,0.100034475,0.1062812,-0.00624672467346192,6
2026-09-16,AIAENG,5,-0.03743366486509538,0.7824118292914082,0.7940531,-0.7940531,0.10628119999999998,-0.9003342776977539,6
2026-09-16,AIAENG,6,-0.10713647161750542,0.7871022440576971,0.30567646,-0.30567646,0.10628119999999998,-0.41195766026611325,6
2026-09-16,AIAENG,7,0.06055499341016332,0.7430400645816352,-0.070786476,-0.070786476,0.10628119999999998,-0.17706767613525387,6
2026-09-16,AIAENG,8,0.02197883147264479,0.7545587596058725,1.1590719,1.1590719,0.10628119999999998,1.0527907223022461,6
2026-09-16,AIAENG,9,0.04811353441625855,0.7299035361845738,0.70729256,0.70729256,0.1062812,0.6010113567626953,6
2026-09-16,AIAENG,10,0.06200623894232577,0.7345219767357571,0.99606514,0.99606514,0.1062812,0.8897839397705078,6
2026-09-16,AIAENG,11,0.010999217395226354,0.7392563289292765,0.89064837,0.89064837,0.1062812,0.784367165020752,6
2026-09-16,AIAENG,12,0.03314676973266603,0.7487850114177242,0.6024122,0.6024122,0.1062812,0.49613102381591795,6
2026-09-16,AIAENG,15,0.00868507821772207,0.7144053120366467,-0.028705597,-0.028705597,0.10628120000000002,-0.13498679692382815,6
2026-09-16,AJANTPHARM,3,0.11093320021596793,0.7032152545273747,-0.6565213,-0.6565213,0.1062812,-0.7628025203430175,6
2026-09-16,AJANTPHARM,4,-0.03436248159186487,0.7173124516144144,-0.05182624,0.05182624,0.10628120000000002,-0.05445496136779787,6
2026-09-16,ALKEM,3,0.13761059278361557,0.7055691171000451,-0.37192702,-0.37192702,0.1062812,-0.47820822293396,6
2026-09-16,ALKEM,5,-0.006948740778381052,0.7022122742201876,0.30648708,-0.30648708,0.1062812,-0.4127682834350586,6
2026-09-16,ALKEM,6,-0.0761191871593785,0.7030844711918627,0.21028519,-0.21028519,0.10628119999999998,-0.3165663867675781,6
2026-09-16,AMBUJACEM,6,-0.10071466828106564,0.7064122995533282,0.68295,-0.68295,0.1062812,-0.7892312198364257,6
2026-09-16,APARINDS,3,0.15792379945087134,0.7592182854878285,-0.5743265,-0.5743265,0.1062812,-0.6806077151977539,6
2026-09-16,APARINDS,4,-0.018825436209055815,0.7505689859681763,0.14716387,-0.14716387,0.1062812,-0.2534450679504395,6
2026-09-16,APARINDS,5,-0.022004026278062867,0.7963571898905554,1.8866777,-1.8866777,0.1062812,-1.9929589420043945,6
2026-09-16,APARINDS,6,-0.11329338951753316,0.8140124022120394,1.8374801,-1.8374801,0.1062812,-1.943761268206787,6
2026-09-16,APARINDS,7,0.06310846221756956,0.7532748450024221,1.0634422,1.0634422,0.1062812,0.9571610302246094,6
2026-09-16,APARINDS,8,0.03259421406178111,0.7555674552765306,1.5384674,1.5384674,0.1062812,1.4321862072265625,6
2026-09-16,APARINDS,9,0.04517729501150687,0.7345651084920681,1.4264584,1.4264584,0.1062812,1.3201771587646485,6
2026-09-16,APARINDS,11,0.031537683738636635,0.734411673617338,1.3898253,1.3898253,0.10628119999999998,1.2835441440856934,6
2026-09-16,APARINDS,12,0.020876318627680537,0.7277826248097276,1.3263226,1.3263226,0.10628119999999998,1.2200413555419922,6
2026-09-16,APARINDS,13,-0.0023508470421704673,0.719861853613661,1.2259126,-1.2259126,0.10628119999999998,-1.332193770953369,6
2026-09-16,APARINDS,14,0.009224882946895972,0.7249104739174397,0.91810226,0.91810226,0.1062812,0.8118210644042969,6
2026-09-16,APARINDS,15,0.003856629079519336,0.7360195664145418,0.61769485,0.61769485,0.10628119999999998,0.5114136547363282,6
2026-09-16,APARINDS,16,0.009939841658958061,0.70858029296584,0.70290565,0.70290565,0.10628120000000002,0.5966244549072266,6
2026-09-16,APARINDS,17,-0.04629653839678251,0.7157587228700413,0.7920623,-0.7920623,0.1062812,-0.8983434825622558,6
2026-09-16,APARINDS,59,0.035965136412189506,0.7004051228925905,-0.6752789,-0.6752789,0.10628119999999998,-0.781560102053833,6
2026-09-16,APARINDS,67,-0.04184676727905378,0.70325237864524,0.42350292,-0.42350292,0.1062812,-0.5297841220581054,6
2026-09-16,APLAPOLLO,3,0.1607808839805541,0.7141187940921977,-1.1609614,-1.1609614,0.1062812,-1.267242589541626,6
2026-09-16,APLAPOLLO,4,-0.022322956091216224,0.7151669868217844,-0.4460454,0.4460454,0.1062812,0.3397641987121582,6
2026-09-16,APLAPOLLO,5,-0.021986229973299635,0.7301324218956001,-0.2937734,0.2937734,0.1062812,0.18749221270446775,6
2026-09-16,APLAPOLLO,6,-0.12066760809905039,0.7770308312984036,0.20279884,-0.20279884,0.10628119999999998,-0.309080043383789,6
2026-09-16,APLAPOLLO,9,0.04914719486467077,0.7080802443560222,-0.48887134,-0.48887134,0.1062812,-0.5951525359832763,6
2026-09-16,APLAPOLLO,16,-0.004774451506059619,0.7266583188601934,1.2559056,-1.2559056,0.1062812,-1.3621868282043457,6
2026-09-16,APLAPOLLO,17,-0.04441742368246234,0.7310448838807205,1.458323,-1.458323,0.1062812,-1.5646042018615722,6
2026-09-16,APLAPOLLO,18,0.01829336547185287,0.7051383516067823,1.0674477,1.0674477,0.1062812,0.9611664623535157,6
2026-09-16,APLAPOLLO,19,-0.013994637836667599,0.7068500234460238,0.85008144,-0.85008144,0.10628119999999998,-0.9563626437866211,6
2026-09-16,APLAPOLLO,20,0.0005202117936375527,0.7360815772299459,-0.15388727,-0.15388727,0.1062812,-0.26016847188110354,6
2026-09-16,APLAPOLLO,31,0.07415134944314158,0.7095476416625485,0.47832727,0.47832727,0.10628119999999998,0.3720460743225098,6
2026-09-16,APOLLOTYRE,3,0.1536184785195698,0.7818049736877379,0.28231144,0.28231144,0.10628119999999998,0.1760302395141602,6
2026-09-16,APOLLOTYRE,4,-0.022586318136306915,0.7795957639693185,-0.50019026,0.50019026,0.10628119999999998,0.3939090580261231,6
2026-09-16,APOLLOTYRE,5,-0.016156217756377215,0.7700689137366826,-0.7793486,0.7793486,0.10628119999999998,0.6730674118316651,6
2026-09-16,APOLLOTYRE,6,-0.10976697072599458,0.801356661609587,-1.0429263,1.0429263,0.1062812,0.93664511149292,6
2026-09-16,APOLLOTYRE,7,0.051192830255691456,0.7406742789129492,-1.090908,-1.090908,0.1062812,-1.1971892505371093,6
2026-09-16,APOLLOTYRE,8,0.02768060211527047,0.7845496325021737,0.87622404,0.87622404,0.1062812,0.7699428409851075,6
2026-09-16,APOLLOTYRE,9,0.06254018643998377,0.777571191952096,0.5539775,0.5539775,0.10628119999999998,0.4476962894714356,6
2026-09-16,APOLLOTYRE,10,0.09682956327171865,0.7682442732412824,0.15913248,0.15913248,0.10628119999999998,0.05285128062133791,6
2026-09-16,APOLLOTYRE,11,0.030331712879712452,0.7616507480216449,0.40462017,0.40462017,0.1062812,0.2983389705932617,6
2026-09-16,APOLLOTYRE,12,0.011251722758149386,0.7601634826590309,0.29457808,0.29457808,0.10628119999999998,0.18829687540893558,6
2026-09-16,APOLLOTYRE,13,-0.008540036751320564,0.7530660535219146,-0.036752224,0.036752224,0.10628119999999998,-0.06952897603149412,6
2026-09-16,APOLLOTYRE,14,0.0059371003588374605,0.7387169188793415,-0.3552556,-0.3552556,0.1062812,-0.4615368037902832,6
2026-09-16,APOLLOTYRE,15,0.0035233738058128433,0.7489870217699988,-0.09787679,-0.09787679,0.1062812,-0.20415798718566897,6
2026-09-16,APOLLOTYRE,17,-0.043020867497263963,0.7208535181401938,-0.46432614,0.46432614,0.1062812,0.3580449432647705,6
2026-09-16,APOLLOTYRE,18,0.02056687929677564,0.7102107906837065,-0.42771697,-0.42771697,0.1062812,-0.5339981704437256,6
2026-09-16,APOLLOTYRE,21,0.0018247297451616112,0.7178649992908406,0.14746189,0.14746189,0.1062812,0.0411806911743164,6
2026-09-16,ASHOKLEY,6,-0.11384939198684092,0.708719719204537,0.16089678,-0.16089678,0.1062812,-0.2671779781066895,6
2026-09-16,ASIANPAINT,3,0.14928206203269823,0.7004842857461707,0.049722195,0.049722195,0.1062812,-0.05655900532836915,6
2026-09-16,ASIANPAINT,4,-0.020901293089765252,0.7043999481916167,0.5580187,-0.5580187,0.1062812,-0.664299884387207,6
2026-09-16,ASTRAL,4,-0.01859611688691578,0.7149527888339562,0.380373,-0.380373,0.1062812,-0.48665420109863283,6
2026-09-16,ASTRAL,5,-0.01893284300483237,0.7317247442702515,0.7042289,-0.7042289,0.1062812,-0.8105100780212402,6
2026-09-16,ASTRAL,6,-0.11479447855297648,0.7546036717631317,0.39499998,-0.39499998,0.1062812,-0.5012811809265136,6
2026-09-16,ASTRAL,7,0.05005690732779278,0.7014474589258409,-0.2252698,-0.2252698,0.1062812,-0.33155099446411135,6
2026-09-16,ATGL,3,0.1556366664445414,0.7378713183199329,-0.41015744,-0.41015744,0.1062812,-0.5164386420928955,6
2026-09-16,ATGL,4,-0.02007017168807055,0.7052218400266134,0.15455484,-0.15455484,0.1062812,-0.2608360439025879,6
2026-09-16,ATGL,5,-0.0159078467932557,0.7086013259892971,0.64549446,-0.64549446,0.1062812,-0.7517756610595703,6
2026-09-16,ATGL,6,-0.09435003639869245,0.7366609345200854,0.7385731,-0.7385731,0.1062812,-0.8448542743408203,6
2026-09-16,ATGL,7,0.050801666804523915,0.7318583321510413,0.18761158,0.18761158,0.1062812,0.08133037989501953,6
2026-09-16,ATGL,8,0.02622740167065228,0.7117024212082881,0.83761215,0.83761215,0.1062812,0.7313309520996094,6
2026-09-16,ATGL,15,0.002189450529284357,0.7035618398394246,0.5423784,0.5423784,0.1062812,0.4360972255981445,6
2026-09-16,ATGL,16,-0.010105909328392022,0.7239103442988783,0.25331974,-0.25331974,0.1062812,-0.3596009402954102,6
2026-09-16,ATGL,17,-0.05221445029708116,0.7101179010651335,0.14363527,-0.14363527,0.1062812,-0.24991647297973635,6
2026-09-16,ATGL,18,0.007003145481515587,0.7300412405513155,-0.2440095,-0.2440095,0.10628119999999998,-0.3502906947814941,6
2026-09-16,ATGL,20,-0.028331114695167175,0.7398171769532562,-0.5626917,0.5626917,0.1062812,0.45641048853759764,6
2026-09-16,AUROPHARMA,3,0.12552430234628342,0.7071384792237323,-0.3491342,-0.3491342,0.1062812,-0.4554154067718506,6
2026-09-16,AUROPHARMA,4,-0.030785762953293015,0.7054594536885496,0.06145239,-0.06145239,0.10628120000000002,-0.16773358876342775,6
2026-09-16,AUROPHARMA,6,-0.1254445419228316,0.7088873712452838,0.34438372,-0.34438372,0.10628119999999998,-0.4506649165832519,6
2026-09-16,BAJAJHLDNG,4,-0.03402575547394828,0.7191635286060989,0.56518316,-0.56518316,0.10628119999999998,-0.671464362689209,6
2026-09-16,BAJAJHLDNG,5,-0.03402575547394828,0.7065051218784316,0.9238124,-0.9238124,0.1062812,-1.0300935893737793,6
2026-09-16,BAJAJHLDNG,6,-0.1031351927053665,0.7089236289492304,0.4916191,-0.4916191,0.10628119999999998,-0.5979003101074218,6
2026-09-16,BALKRISIND,4,-0.0918196944782703,0.7051877460745657,-0.042682886,0.042682886,0.1062812,-0.06359831387634278,6
2026-09-16,BANKINDIA,6,-0.11448926849182435,0.7069794321662245,0.5176902,-0.5176902,0.10628119999999998,-0.6239713817321777,6
2026-09-16,BDL,3,0.137708995377644,0.7784689248532602,0.29919147,0.29919147,0.1062812,0.19291027491455076,6
2026-09-16,BDL,4,-0.027900470384245105,0.7373959903902711,0.598371,-0.598371,0.1062812,-0.7046522289001464,6
2026-09-16,BDL,5,-0.034255074796088324,0.7401919491791589,1.2724996,-1.2724996,0.10628119999999998,-1.3787807613098144,6
2026-09-16,BDL,6,-0.1204741410445931,0.7594877970219839,1.621139,-1.621139,0.1062812,-1.7274202495300293,6
2026-09-16,BDL,7,0.06748535214780292,0.7161707499354895,0.8110285,0.8110285,0.10628119999999998,0.7047472805297852,6
2026-09-16,BDL,8,0.03913150321267941,0.7061433097901656,1.2258887,1.2258887,0.1062812,1.119607529095459,6
2026-09-16,BDL,9,0.047500620066479406,0.7103457464475738,1.1456847,1.1456847,0.1062812,1.0394035190856934,6
2026-09-16,BDL,12,0.019017151269592105,0.737749330206626,0.8263707,0.8263707,0.10628119999999998,0.7200895160949707,6
2026-09-16,BDL,13,-0.0014112315166771156,0.7114231757118268,0.6182313,-0.6182313,0.1062812,-0.7245124965393066,6
2026-09-16,BDL,14,0.017465334757615088,0.7130941664566042,0.21417141,0.21417141,0.1062812,0.10789020960693359,6
2026-09-16,BDL,15,-0.007352012593391254,0.7148029549572272,-0.06234646,0.06234646,0.1062812,-0.04393474156494141,6
2026-09-16,BDL,25,0.02694863370816748,0.7460786817694569,-0.6156564,-0.6156564,0.1062812,-0.7219375758850097,6
2026-09-16,BERGEPAINT,6,-0.0936255504471508,0.7046896954880651,0.80735683,-0.80735683,0.1062812,-0.9136380344116211,6
2026-09-16,BHARATFORG,3,0.1556366664445414,0.7233688705046435,-0.34877062,-0.34877062,0.1062812,-0.4550518184387207,6
2026-09-16,BHARATFORG,4,-0.004093322764349539,0.7052782634505619,0.18856525,-0.18856525,0.1062812,-0.2948464542114258,6
2026-09-16,BHARATFORG,6,-0.11520054164583471,0.7179457950964124,0.706923,-0.706923,0.1062812,-0.8132042079650879,6
2026-09-16,BHEL,3,0.13189586487675578,0.7325991368874747,-0.83687305,-0.83687305,0.1062812,-0.9431542545043945,6
2026-09-16,BHEL,4,-0.010296890030743175,0.7202156319025491,-0.2560377,0.2560377,0.10628119999999998,0.149756512097168,6
2026-09-16,BHEL,5,-0.009743519721400326,0.708901223653558,0.012230873,-0.012230873,0.10628119999999998,-0.11851207310791013,6
2026-09-16,BHEL,6,-0.1013268955941781,0.7418386286485887,0.19569397,-0.19569397,0.10628119999999998,-0.30197516972656246,6
2026-09-16,BIOCON,3,0.12699593041765025,0.7445410697711242,0.0,0.0,0.10628119999999998,-0.10628119999999998,6
2026-09-16,BIOCON,4,-0.03737143705791394,0.7225381514496001,0.5702853,-0.5702853,0.1062812,-0.6765665202819824,6
2026-09-16,BIOCON,5,-0.02611843285476162,0.7051652231029684,1.0362625,-1.0362625,0.1062812,-1.1425437122070312,6
2026-09-16,BIOCON,6,-0.1466866063290795,0.7607658288847383,1.478827,-1.478827,0.1062812,-1.5851081996643066,6
2026-09-16,BIOCON,7,0.04655027868296808,0.7006683462891866,0.8324504,0.8324504,0.10628119999999998,0.7261691898620606,6
2026-09-16,BIOCON,12,0.0158912113610848,0.7125603566712202,0.21022558,0.21022558,0.10628119999999998,0.10394438212280276,6
2026-09-16,BLUESTARCO,3,0.13761059278361557,0.7166378021390298,0.08769035,0.08769035,0.1062812,-0.01859084660644532,6
2026-09-16,BLUESTARCO,6,-0.0828332952566966,0.7114460166960151,0.60135126,-0.60135126,0.1062812,-0.707632461138916,6
2026-09-16,BLUESTARCO,7,0.04987921496620992,0.7185052238637071,0.23523569,0.23523569,0.10628120000000002,0.12895449107055662,6
2026-09-16,BSE,3,0.1556366664445414,0.7123182398019977,-1.127702,-1.127702,0.1062812,-1.233983197756958,6
2026-09-16,BSE,4,-0.0189973739546414,0.717114312214313,-0.7199526,0.7199526,0.10628119999999998,0.6136713833129883,6
2026-09-16,BSE,5,-0.018825436209055815,0.720806687270877,-0.37785769,0.37785769,0.1062812,0.2715764850891113,6
2026-09-16,BSE,6,-0.11459037400680754,0.746234260664394,-0.6152451,0.6152451,0.1062812,0.5089639038360596,6
2026-09-16,CGPOWER,3,0.1556366664445414,0.7142028322339481,-0.3825307,-0.3825307,0.10628119999999998,-0.4888118892395019,6
2026-09-16,CGPOWER,4,-0.019786818253363453,0.7539632694789914,0.8492708,-0.8492708,0.1062812,-0.9555520206176757,6
2026-09-16,CGPOWER,5,0.002325812597302697,0.715029491755904,0.8598685,0.8598685,0.1062812,0.7535873264587403,6
2026-09-16,CGPOWER,6,-0.11390540277650256,0.7537939269771804,0.9489894,-0.9489894,0.1062812,-1.0552705913269043,6
2026-09-16,CGPOWER,7,0.056222009643506994,0.7276004833642316,0.58927536,0.58927536,0.10628119999999998,0.4829941601074219,6
2026-09-16,CGPOWER,15,0.000760309343055149,0.7041153152420109,0.16336441,0.16336441,0.1062812,0.05708321040039062,6
2026-09-16,CGPOWER,17,-0.052372999559284185,0.7043029893795676,0.0,-0.0,0.1062812,-0.1062812,6
2026-09-16,CHOLAFIN,4,-0.009808050671209356,0.7133235998094275,-0.5149126,0.5149126,0.1062812,0.4086314052856445,6
2026-09-16,CHOLAFIN,5,-0.021986229973299635,0.7247146991371933,0.22150278,-0.22150278,0.1062812,-0.32778398091430666,6
2026-09-16,CHOLAFIN,6,-0.11928340456544578,0.754066307839568,0.15320778,-0.15320778,0.1062812,-0.2594889789306641,6
2026-09-16,COCHINSHIP,3,0.15569806889618962,0.7375853658958502,-0.20670295,-0.20670295,0.1062812,-0.31298414761657717,6
2026-09-16,COCHINSHIP,4,-0.019786818253363453,0.724989943050119,0.092089176,-0.092089176,0.10628119999999998,-0.19837037617797848,6
2026-09-16,COCHINSHIP,5,-0.016672759134165438,0.7409130649159578,1.0272741,-1.0272741,0.1062812,-1.1335553317749023,6
2026-09-16,COCHINSHIP,6,-0.11495288019219059,0.780257984258643,1.444006,-1.444006,0.1062812,-1.5502871661865234,6
2026-09-16,COCHINSHIP,8,0.038939660779837675,0.704159101247904,1.0250092,1.0250092,0.10628119999999998,0.9187279552734375,6
2026-09-16,COCHINSHIP,13,-0.007880757975625327,0.7069578152699862,0.6092906,-0.6092906,0.1062812,-0.715571799822998,6
2026-09-16,COCHINSHIP,14,0.014168576896508625,0.7216948730208506,0.12894869,0.12894869,0.10628119999999998,0.0226674885070801,6
2026-09-16,COCHINSHIP,15,0.0008837430230944851,0.701995866363588,-0.113630295,-0.113630295,0.1062812,-0.2199114947998047,6
2026-09-16,COFORGE,3,0.14892216720162602,0.7175101422617812,-1.3774276,-1.3774276,0.1062812,-1.483708777972412,6
2026-09-16,COFORGE,4,-0.022004026278062867,0.7488810927749923,-0.2757609,0.2757609,0.1062812,0.1694796890533447,6
2026-09-16,COFORGE,5,-0.022004026278062867,0.7492977503884984,-0.7194638,0.7194638,0.1062812,0.6131826252258301,6
2026-09-16,COFORGE,6,-0.11717008821689,0.7827573981364776,-0.2652049,0.2652049,0.10628119999999998,0.15892370646362308,6
2026-09-16,COFORGE,7,0.06042067739029558,0.7045642026794261,-0.851804,-0.851804,0.10628119999999998,-0.9580852180206298,6
2026-09-16,COFORGE,9,0.04614629301077645,0.7088969281003409,-0.58847666,-0.58847666,0.10628119999999998,-0.6947578578674316,6
2026-09-16,COFORGE,12,0.019228014051960892,0.7230371086001673,-0.35362244,-0.35362244,0.1062812,-0.4599036365234375,6
2026-09-16,COFORGE,13,-0.01631415231819154,0.7056332054106085,-0.43958426,0.43958426,0.1062812,0.33330305521850584,6
2026-09-16,COFORGE,14,-0.004146196808726655,0.7398280052893393,0.110304356,-0.110304356,0.10628119999999998,-0.21658555562133786,6
2026-09-16,COFORGE,15,-0.0008195191277249184,0.7026380324408859,-0.017398596,0.017398596,0.1062812,-0.08888260419006348,6
2026-09-16,COFORGE,41,0.0027444457786917073,0.735872013721174,0.028336048,0.028336048,0.10628119999999998,-0.07794515187377928,6
2026-09-16,COLPAL,3,0.12767166144949083,0.7146927518400346,0.49815178,0.49815178,0.10628119999999998,0.3918705791748047,6
2026-09-16,COLPAL,4,-0.01410997212002513,0.7172339083129746,0.4537344,-0.4537344,0.10628120000000002,-0.5600155978881836,6
2026-09-16,COLPAL,5,-0.01410997212002513,0.7005976708593246,0.3241539,-0.3241539,0.1062812,-0.4304351001464844,6
2026-09-16,COLPAL,6,-0.08334494945083157,0.7385535155984326,0.29627085,-0.29627085,0.10628119999999998,-0.4025520473205566,6
2026-09-16,COLPAL,25,0.035256350577744996,0.7103209051055587,-0.08456111,-0.08456111,0.1062812,-0.1908423095428467,6
2026-09-16,CONCOR,3,0.1540206691591926,0.7212169110525425,-0.6890178,-0.6890178,0.10628119999999998,-0.7952989726745605,6
2026-09-16,CONCOR,4,-0.015430383203191138,0.7093176377281721,0.4140377,-0.4140377,0.1062812,-0.5203189044677734,6
2026-09-16,CONCOR,5,-0.015365852253382108,0.7215019559056289,0.7478237,-0.7478237,0.1062812,-0.8541049152099609,6
2026-09-16,CONCOR,6,-0.11265329895840667,0.7460559126126542,0.839293,-0.839293,0.1062812,-0.9455742030822754,6
2026-09-16,CONCOR,7,0.043980173846620146,0.702912217852012,0.27800798,0.27800798,0.1062812,0.17172678416137693,6
2026-09-16,CONCOR,13,-0.010425470667841613,0.7057770443912911,0.41110516,-0.41110516,0.1062812,-0.5173863559448242,6
2026-09-16,CRISIL,3,0.1399055026953409,0.7681775167633903,-2.6179671,-2.6179671,0.1062812,-2.7242483287536623,6
2026-09-16,CRISIL,4,-0.07923737028904901,0.7727778288837426,-0.6615281,0.6615281,0.1062812,0.5552469105041504,6
2026-09-16,CRISIL,5,-0.022004026278062867,0.769177407751364,-0.1101315,0.1101315,0.10628119999999998,0.0038503021514892793,6
2026-09-16,CRISIL,6,-0.12461839480761498,0.7945008693636437,-0.07484555,0.07484555,0.10628120000000002,-0.03143564755554201,6
2026-09-16,CRISIL,7,0.07539715200816759,0.7790712917481181,0.58618784,0.58618784,0.1062812,0.4799066395080566,6
2026-09-16,CRISIL,8,0.026347330315780064,0.7702053345392962,0.75701475,0.75701475,0.1062812,0.6507335514343262,6
2026-09-16,CRISIL,9,0.05097099448353537,0.7372985405874328,0.94652176,0.94652176,0.1062812,0.8402405590332032,6
2026-09-16,CRISIL,10,0.07188711573278318,0.7120224039645673,1.141119,1.141119,0.10628119999999998,1.0348378032958985,6
2026-09-16,CRISIL,12,0.02817272957507532,0.7049585484891007,0.5357981,0.5357981,0.1062812,0.4295168728149414,6
2026-09-16,CUMMINSIND,3,0.13761059278361557,0.7153973171020149,-0.2043724,-0.2043724,0.1062812,-0.3106536060058594,6
2026-09-16,CUMMINSIND,4,-0.02007017168807055,0.7208689527413797,0.5139828,-0.5139828,0.1062812,-0.6202639728271484,6
2026-09-16,CUMMINSIND,5,-0.006353406635016465,0.706490332148022,0.85531473,-0.85531473,0.1062812,-0.9615959315979004,6
2026-09-16,CUMMINSIND,6,-0.09436006386922241,0.7256204408523267,0.9050727,-0.9050727,0.1062812,-1.0113538890563964,6
2026-09-16,CUMMINSIND,15,-0.001985520238186064,0.7260388771417992,0.1614213,-0.1614213,0.10628119999999998,-0.26770249898071286,6
2026-09-16,CUMMINSIND,16,-0.007179863326284588,0.7112805117464501,0.050401688,-0.050401688,0.10628119999999998,-0.15668288762207028,6
2026-09-16,CUMMINSIND,17,-0.05436499112967815,0.7329920741534953,-0.21118522,0.21118522,0.10628119999999998,0.10490401690368654,6
2026-09-16,DABUR,3,0.13457788858948655,0.7044840289700642,-0.15506148,-0.15506148,0.1062812,-0.26134268338317873,6
2026-09-16,DABUR,6,-0.0786830810294384,0.703097657689869,0.16834736,-0.16834736,0.10628119999999998,-0.27462855870361325,6
2026-09-16,DALBHARAT,7,0.0502654178125102,0.7014816176342681,-0.65163374,-0.65163374,0.10628119999999998,-0.7579149394714355,6
2026-09-16,DIVISLAB,4,-0.03743366486509538,0.730437827629686,0.43998957,-0.43998957,0.1062812,-0.5462707668029785,6
2026-09-16,DIVISLAB,5,-0.045248479046063585,0.7120798312355855,0.7249236,-0.7249236,0.1062812,-0.8312048106872558,6
2026-09-16,DIVISLAB,6,-0.13195180637439816,0.7409857662429143,0.69184303,-0.69184303,0.1062812,-0.798124232836914,6
2026-09-16,DIXON,3,0.1295804601028181,0.7684846674567004,0.79598427,0.79598427,0.10628119999999998,0.6897030681884766,6
2026-09-16,DIXON,4,-0.04043949183298364,0.7554035297721148,1.5673518,-1.5673518,0.1062812,-1.6736330180847168,6
2026-09-16,DIXON,5,-0.016294516600123092,0.7359845926611398,1.4827371,-1.4827371,0.1062812,-1.5890182643615722,6
2026-09-16,DIXON,6,-0.13035542562287447,0.7494284688193822,1.6689897,-1.6689897,0.1062812,-1.7752708583557129,6
2026-09-16,DIXON,7,0.05263980192614309,0.7269424889906201,1.623702,1.623702,0.1062812,1.5174208492553711,6
2026-09-16,DIXON,9,0.03246764884440589,0.7038593653250599,1.4748812,1.4748812,0.10628119999999998,1.3685999721801758,6
2026-09-16,DIXON,11,0.006232111784665322,0.73367434768189,0.6187916,0.6187916,0.10628119999999998,0.5125103802001953,6
2026-09-16,DIXON,12,0.012940280825767782,0.7577799345119552,0.25122166,0.25122166,0.10628120000000002,0.1449404567993164,6
2026-09-16,DIXON,13,-0.011706791858028335,0.7227274543209536,0.15201569,-0.15201569,0.1062812,-0.25829688603515627,6
2026-09-16,DIXON,14,-0.008639849352305246,0.7432949544825227,-0.16660094,0.16660094,0.1062812,0.06031974261169433,6
2026-09-16,DIXON,15,-0.015472754021213623,0.7241106191550263,-0.27952194,0.27952194,0.1062812,0.17324074213867185,6
2026-09-16,DLF,6,-0.11762185421670306,0.7213942156698769,0.62764883,-0.62764883,0.1062812,-0.7339300304138183,6
2026-09-16,ENDURANCE,6,-0.10130403091756086,0.7107802723750613,0.21548271,-0.21548271,0.10628119999999998,-0.32176391179199215,6
2026-09-16,ESCORTS,3,0.12872403229558996,0.7022255235268788,-0.08524656,-0.08524656,0.10628119999999998,-0.19152776295776364,6
2026-09-16,ESCORTS,5,-0.022065428729711088,0.7293387807955507,0.7475972,-0.7475972,0.1062812,-0.8538784175598144,6
2026-09-16,ESCORTS,6,-0.08215239287223369,0.7246650889088158,0.44561625,-0.44561625,0.1062812,-0.5518974452697754,6
2026-09-16,ETERNAL,4,-0.0189973739546414,0.7160878964661804,0.6410241,-0.6410241,0.1062812,-0.747305312701416,6
2026-09-16,ETERNAL,5,-0.017481642050513987,0.7078273542152712,0.86678267,-0.86678267,0.1062812,-0.9730638652526855,6
2026-09-16,ETERNAL,6,-0.1123165728404901,0.7464144207429908,0.85003376,-0.85003376,0.1062812,-0.9563149600708007,6
2026-09-16,ETERNAL,7,0.04937252561829471,0.7182639458626139,-0.2703607,-0.2703607,0.10628119999999998,-0.3766419082366943,6
2026-09-16,EXIDEIND,3,0.1399055026953409,0.7516620453884622,-0.53165555,-0.53165555,0.1062812,-0.6379367500030517,6
2026-09-16,EXIDEIND,4,-0.0072504950004108224,0.7321678892960888,0.2793312,-0.2793312,0.10628119999999998,-0.3856124072753906,6
2026-09-16,EXIDEIND,5,-0.006948740778381052,0.7048235186724678,1.1363626,-1.1363626,0.1062812,-1.2426437526428222,6
2026-09-16,EXIDEIND,6,-0.08567362731761773,0.7422348272046169,0.40072203,-0.40072203,0.1062812,-0.5070032268249511,6
2026-09-16,EXIDEIND,7,0.04677638771944594,0.7049285019935552,0.21762848,0.21762848,0.1062812,0.11134727900390624,6
2026-09-16,EXIDEIND,8,0.028626022526588683,0.7155725839671558,0.55704117,0.55704117,0.10628119999999998,0.45075996821289066,6
2026-09-16,EXIDEIND,17,-0.046123598103481676,0.7208526868285183,0.5878091,-0.5878091,0.1062812,-0.6940902858459472,6
2026-09-16,EXIDEIND,19,0.0006063579951270306,0.7053480207284996,0.27587414,0.27587414,0.1062812,0.16959293787841795,6
2026-09-16,FEDERALBNK,3,0.14763767308046716,0.7058050478909121,0.5257726,0.5257726,0.10628119999999998,0.41949137156372074,6
2026-09-16,FLUOROCHEM,3,0.15403977580229022,0.7138162808609579,-0.65157413,-0.65157413,0.10628120000000002,-0.7578553348266601,6
2026-09-16,FLUOROCHEM,4,-0.009743519721400326,0.7204317810477955,-0.19327402,0.19327402,0.10628119999999998,0.08699282114868166,6
2026-09-16,FLUOROCHEM,5,-0.025501546160223276,0.7613015900204478,0.92595816,-0.92595816,0.10628119999999998,-1.0322393565856933,6
2026-09-16,FLUOROCHEM,6,-0.11431300368720718,0.7802643282194006,0.8988857,-0.8988857,0.1062812,-1.005166926928711,6
2026-09-16,FLUOROCHEM,8,0.017182055366253533,0.7251190232430131,0.8740306,0.8740306,0.1062812,0.7677493900573731,6
2026-09-16,GLAXO,25,0.0343173180238951,0.7471090086077024,-0.36623478,-0.36623478,0.10628119999999998,-0.4725159793579101,6
2026-09-16,GLAXO,26,0.0028275037104756586,0.7115419524469991,-0.2965033,-0.2965033,0.10628119999999998,-0.40278450543518063,6
2026-09-16,GLAXO,27,0.011950193972397374,0.7201560423953369,-0.035339594,-0.035339594,0.1062812,-0.14162079388732912,6
2026-09-16,GLENMARK,3,0.15333149024169193,0.7139854316882277,0.008547306,0.008547306,0.1062812,-0.09773389393920899,6
2026-09-16,GLENMARK,4,-0.022004026278062867,0.7422460690230016,0.8555412,-0.8555412,0.10628119999999998,-0.9618224292480468,6
2026-09-16,GLENMARK,5,-0.02630352427210743,0.7422885588072733,1.4051795,-1.4051795,0.1062812,-1.511460700579834,6
2026-09-16,GLENMARK,6,-0.11964799392937638,0.7953343708398074,2.1340966,-2.1340966,0.10628119999999998,-2.240377822467041,6
2026-09-16,GLENMARK,7,0.056117950235733106,0.7073577801859164,1.897192,1.897192,0.1062812,1.7909108013427735,6
2026-09-16,GLENMARK,9,0.04337726449020732,0.7103804897243329,1.327455,1.327455,0.1062812,1.2211738437927246,6
2026-09-16,GLENMARK,10,0.07259587466873604,0.7174389058659065,1.5033126,1.5033126,0.1062812,1.3970313877380371,6
2026-09-16,GLENMARK,11,0.026555992085662217,0.7003164023689832,1.427722,1.427722,0.1062812,1.3214407772338868,6
2026-09-16,GLENMARK,12,0.01966336931292157,0.7265089117089014,1.0666728,1.0666728,0.1062812,0.9603916019714356,6
2026-09-16,GLENMARK,13,-0.013462966762373746,0.7217759838832994,0.81397295,-0.81397295,0.1062812,-0.9202541499816894,6
2026-09-16,GLENMARK,14,0.0048481995019197845,0.7374441813913075,0.40123463,0.40123463,0.1062812,0.2949534267700195,6
2026-09-16,GODFRYPHLP,5,-0.024310844793775602,0.7056874822787925,0.58523417,-0.58523417,0.1062812,-0.6915153651916504,6
2026-09-16,GODFRYPHLP,6,-0.09396227656506738,0.7058815892031878,0.38331747,-0.38331747,0.1062812,-0.48959867055053713,6
2026-09-16,GODREJCP,3,0.13459566951891408,0.7078196026411354,0.052034855,0.052034855,0.1062812,-0.05424634511108399,6
2026-09-16,GODREJIND,3,0.15469800745953108,0.7282651970414187,0.57036877,0.57036877,0.10628119999999998,0.464087566784668,6
2026-09-16,GODREJIND,4,-0.00624599983923992,0.704124599194914,1.1254549,-1.1254549,0.1062812,-1.2317361026489257,6
2026-09-16,GODREJIND,5,-0.00624599983923992,0.700070958604462,1.5356183,-1.5356183,0.1062812,-1.6418995052062988,6
2026-09-16,GODREJIND,6,-0.11209325206212185,0.7328778983248424,1.8520236,-1.8520236,0.10628119999999998,-1.9583048015319824,6
2026-09-16,GODREJIND,10,0.0694135930533919,0.7169944434164325,1.2809992,1.2809992,0.10628119999999998,1.1747179836547852,6
2026-09-16,GODREJIND,11,0.0226380156523468,0.7222833484918951,1.0482192,1.0482192,0.10628119999999998,0.9419380039489746,6
2026-09-16,GODREJIND,12,0.015488398545451152,0.734028675106525,0.9479523,0.9479523,0.10628119999999998,0.8416710705078125,6
2026-09-16,GODREJIND,13,-0.01568927017756398,0.7087162481366868,0.73742867,-0.73742867,0.1062812,-0.8437098651611328,6
2026-09-16,GODREJIND,16,-0.00570354424367713,0.7023631756827309,0.33441782,-0.33441782,0.1062812,-0.44069901997680666,6
2026-09-16,GODREJIND,29,-0.04682284693787048,0.7636684352380925,-1.6052663,1.6052663,0.1062812,1.4989851326263428,6
2026-09-16,GODREJIND,30,-0.004239814502733711,0.7709401504863447,-3.6092699,3.6092699,0.10628119999999998,3.502988657406616,6
2026-09-16,GODREJIND,31,0.05392509545740759,0.7607557868132699,-1.2100279,-1.2100279,0.1062812,-1.3163091331207275,6
2026-09-16,GODREJIND,32,-0.017066708645933775,0.7674418157409942,-0.31235814,0.31235814,0.10628119999999998,0.2060769409454346,6
2026-09-16,GODREJIND,33,0.00663418640817192,0.7626295283152288,2.1107197,2.1107197,0.1062812,2.0044384807861326,6
2026-09-16,GODREJIND,34,0.0004889708027720308,0.7404391767803737,1.6588211,1.6588211,0.1062812,1.5525399059570313,6
2026-09-16,GODREJIND,35,0.01617068654922047,0.7441385111861988,1.625359,1.625359,0.1062812,1.519077858380127,6
2026-09-16,GODREJIND,36,0.004536269977802264,0.7516811529279716,1.595223,1.595223,0.1062812,1.4889417499816895,6
2026-09-16,GODREJIND,37,0.005278633567235105,0.7505957702038513,1.3226151,1.3226151,0.10628119999999998,1.216333946636963,6
2026-09-16,GODREJIND,38,0.00507849002376059,0.7379870320743882,1.3135672,1.3135672,0.10628119999999998,1.2072859615600586,6
2026-09-16,GODREJIND,39,0.014408816478614946,0.717915168717805,1.5301943,1.5301943,0.1062812,1.4239130825317383,6
2026-09-16,GODREJIND,40,0.006618098823338312,0.7974018527658279,-0.5873561,-0.5873561,0.1062812,-0.6936372905456543,6
2026-09-16,GODREJIND,41,0.012472958504937277,0.8043378030069346,-1.1337876,-1.1337876,0.1062812,-1.2400688319885254,6
2026-09-16,GODREJIND,42,-0.009059311534866998,0.7967607320327593,-0.9176731,0.9176731,0.10628119999999998,0.8113919109619141,6
2026-09-16,GODREJIND,43,-0.011168427362476604,0.7287776746776277,-0.52589774,0.52589774,0.1062812,0.419616541317749,6
2026-09-16,GODREJIND,44,0.005557924324220575,0.7669451642919327,0.07061958,0.07061958,0.10628119999999998,-0.035661616870117166,6
2026-09-16,GODREJIND,45,-0.003796599119365578,0.7285328292035624,-0.1057446,0.1057446,0.1062812,-0.0005365997039794984,6
2026-09-16,GODREJPROP,3,0.12767166144949083,0.705023700420386,0.017988682,0.017988682,0.1062812,-0.08829251820678712,6
2026-09-16,GODREJPROP,4,-0.012132665491685311,0.7157837055251242,0.9848952,-0.9848952,0.10628119999999998,-1.0911764293395996,6
2026-09-16,GODREJPROP,5,-0.012068134541876281,0.7029974472440468,1.0956407,-1.0956407,0.10628119999999998,-1.2019218593322754,6
2026-09-16,GODREJPROP,6,-0.0995327972362086,0.7284816949281576,1.1299729,-1.1299729,0.1062812,-1.2362541347229004,6
2026-09-16,GODREJPROP,7,0.048001046955383896,0.7196261762202076,0.6710291,0.6710291,0.1062812,0.5647478908813477,6
2026-09-16,GODREJPROP,8,0.02246692381887691,0.7259593823095336,0.5318761,0.5318761,0.1062812,0.4255948871887207,6
2026-09-16,GODREJPROP,9,0.030131999260870946,0.7047607751924387,0.4792452,0.4792452,0.10628119999999998,0.3729639858520508,6
2026-09-16,HCLTECH,3,0.1341907747884811,0.7346835517958131,-0.015687943,-0.015687943,0.1062812,-0.12196914250488282,6
2026-09-16,HCLTECH,4,-0.012663468685240868,0.7366888604979689,1.3232946,-1.3232946,0.1062812,-1.4295758395874023,6
2026-09-16,HCLTECH,6,-0.08947471301272225,0.71154154756951,1.3017774,-1.3017774,0.1062812,-1.4080585628234863,6
2026-09-16,HCLTECH,7,0.04957789437175985,0.7061794479986235,1.0008574,1.0008574,0.10628119999999998,0.8945761532104493,6
2026-09-16,HCLTECH,8,0.02346912598850559,0.7452166464304422,-0.4385233,-0.4385233,0.10628119999999998,-0.5448044925415039,6
2026-09-16,HCLTECH,11,0.01837714144170436,0.7052575684573538,-0.47701597,-0.47701597,0.10628119999999998,-0.5832971721374511,6
2026-09-16,HCLTECH,13,-0.013526641858016154,0.717376580992409,-0.958395,0.958395,0.1062812,0.852113804272461,6
2026-09-16,HDFCAMC,4,-0.037913431597787546,0.7006728614406651,0.24462938,-0.24462938,0.10628119999999998,-0.35091058308715817,6
2026-09-16,HDFCAMC,5,-0.03730690610810491,0.7017917689512513,0.6091118,-0.6091118,0.10628119999999998,-0.7153929858886718,6
2026-09-16,HDFCAMC,6,-0.136862690074441,0.7211258706687879,1.1034131,-1.1034131,0.10628119999999998,-1.2096943050109863,6
2026-09-16,HEROMOTOCO,3,0.12841373936194642,0.7329464713897991,-1.1211395,-1.1211395,0.10628119999999998,-1.2274207263671875,6
2026-09-16,HEROMOTOCO,4,-0.02768881873005422,0.7727131962043485,-0.3732443,0.3732443,0.10628120000000002,0.2669630855834961,6
2026-09-16,HEROMOTOCO,5,-0.026635746345300654,0.7483810636149273,0.12487173,-0.12487173,0.10628120000000002,-0.23115293080444338,6
2026-09-16,HEROMOTOCO,6,-0.12616881217084455,0.7839071866952947,0.40415525,-0.40415525,0.10628119999999998,-0.5104364543640136,6
2026-09-16,HEROMOTOCO,7,0.05897361476505306,0.7019576932546898,0.14395714,0.14395714,0.10628119999999998,0.03767593806152346,6
2026-09-16,HONAUT,7,0.05069014926700436,0.7274967002351334,0.102710724,0.102710724,0.1062812,-0.0035704761230468812,6
2026-09-16,HONAUT,8,0.02246692381887691,0.717353958652588,0.073337555,0.073337555,0.10628119999999998,-0.03294364506835935,6
2026-09-16,HONAUT,9,0.026643565401112033,0.7004055917644308,0.014662743,0.014662743,0.10628119999999998,-0.09161845738525388,6
2026-09-16,HUDCO,4,-0.0189973739546414,0.7134676486208699,0.40456057,-0.40456057,0.10628119999999998,-0.5108417659484863,6
2026-09-16,HUDCO,5,-0.020901293089765252,0.7142838784226497,0.8768797,-0.8768797,0.1062812,-0.9831608920776367,6
2026-09-16,HUDCO,6,-0.09327723866526329,0.7120295594779745,1.1396885,-1.1396885,0.1062812,-1.245969691821289,6
2026-09-16,HUDCO,8,0.024547063059361413,0.7011321136970025,0.6444335,0.6444335,0.1062812,0.5381522983825684,6
2026-09-16,IDEA,3,0.15569806889618962,0.7626669631129254,-0.4207611,-0.4207611,0.1062812,-0.5270423083984375,6
2026-09-16,IDEA,4,-0.00624599983923992,0.7014946477861658,0.28129816,-0.28129816,0.10628119999999998,-0.3875793605529785,6
2026-09-16,IDEA,5,-0.00624599983923992,0.7000175735189752,0.70472956,-0.70472956,0.10628119999999998,-0.8110107570373535,6
2026-09-16,IDEA,6,-0.10626945084383418,0.7512659270609671,0.6320238,-0.6320238,0.10628119999999998,-0.738305011340332,6
2026-09-16,IDEA,8,0.024359464460708673,0.7021558114481724,0.8409262,0.8409262,0.10628119999999998,0.7346449703491211,6
2026-09-16,IDEA,13,-0.004663320056619313,0.7213441335955862,0.1396656,-0.1396656,0.10628120000000002,-0.24594680363769533,6
2026-09-16,IDEA,14,0.015474284402698496,0.7002365838505886,-0.27874708,-0.27874708,0.10628119999999998,-0.38502828175659176,6
2026-09-16,INDHOTEL,6,-0.1123165728404901,0.7045260414882312,0.3456831,-0.3456831,0.1062812,-0.4519642978393555,6
2026-09-16,INDIGO,3,0.15391280036893792,0.7404115898454564,0.47608614,0.47608614,0.1062812,0.36980493967895506,6
2026-09-16,INDIGO,4,-0.022322956091216224,0.7165720380267101,0.7633567,-0.7633567,0.1062812,-0.8696378856384277,6
2026-09-16,INDIGO,7,0.04892349879369789,0.7109711090131121,-0.020998716,-0.020998716,0.1062812,-0.12727991635437014,6
2026-09-16,IPCALAB,3,0.15397837335064202,0.7418593544256076,-0.72665215,-0.72665215,0.1062812,-0.8329333453857422,6
2026-09-16,IPCALAB,4,-0.011018190655283524,0.7278943696575678,-0.40341616,0.40341616,0.10628119999999998,0.29713495676879886,6
2026-09-16,IPCALAB,5,-0.025501546160223276,0.7957070842518356,0.7223964,-0.7223964,0.10628119999999998,-0.8286775737487793,6
2026-09-16,IPCALAB,6,-0.11928340456544578,0.8065236648088326,0.10379553,-0.10379553,0.1062812,-0.21007672841186525,6
2026-09-16,IPCALAB,7,0.06433744532312023,0.750424530871338,0.16101599,0.16101599,0.1062812,0.05473478739624023,6
2026-09-16,IPCALAB,8,0.022156890908359712,0.7523994586906295,0.046682358,0.046682358,0.1062812,-0.05959884221191407,6
2026-09-16,IPCALAB,9,0.051518376311821545,0.7367909728500363,0.30162334,0.30162334,0.1062812,0.1953421444213867,6
2026-09-16,IPCALAB,10,0.0790089200284089,0.723522738176031,0.05711317,0.05711317,0.1062812,-0.04916802937622071,6
2026-09-16,IPCALAB,12,0.01885013209980892,0.7011361153424749,0.40540695,0.40540695,0.1062812,0.29912575190429685,6
2026-09-16,IRCTC,3,0.13893866496292964,0.7271955917277718,-0.28882623,-0.28882623,0.10628119999999998,-0.3951074271881103,6
2026-09-16,IRCTC,6,-0.09170683303047292,0.710670559594851,0.72528124,-0.72528124,0.1062812,-0.8315624385559082,6
2026-09-16,ITC,3,0.12205913495010315,0.7013509606914621,0.3253579,0.3253579,0.1062812,0.21907671397094725,6
2026-09-16,ITC,4,-0.025383642527204753,0.703114514511515,0.59490204,-0.59490204,0.1062812,-0.7011832385742187,6
2026-09-16,JINDALSTEL,4,-0.035499810275103065,0.7018939465402616,0.24808645,-0.24808645,0.1062812,-0.3543676524841309,6
2026-09-16,JKCEMENT,3,0.14726387410772662,0.7813968245898401,-0.07415414,-0.07415414,0.1062812,-0.1804353385650635,6
2026-09-16,JKCEMENT,4,-0.02894092254815012,0.7699551740386901,-0.04233718,0.04233718,0.1062812,-0.06394402081604005,6
2026-09-16,JKCEMENT,5,-0.02644166926966168,0.7657016223654627,0.26558638,-0.26558638,0.10628119999999998,-0.3718675761901855,6
2026-09-16,JKCEMENT,6,-0.104796569847756,0.7756295032901573,0.15895367,-0.15895367,0.1062812,-0.26523486668701174,6
2026-09-16,JKCEMENT,7,0.0572891500125606,0.74388438611063,-0.21141768,-0.21141768,0.10628120000000002,-0.31769887501831057,6
2026-09-16,JKCEMENT,8,0.023936147105370804,0.7186439563332715,0.063467026,0.063467026,0.1062812,-0.04281417424316407,6
2026-09-16,JKCEMENT,9,0.050466008188367106,0.7047567623939519,0.520277,0.520277,0.10628119999999998,0.4139958233154297,6
2026-09-16,JSL,5,-0.07025869501852036,0.7181519821252257,0.17361641,-0.17361641,0.1062812,-0.27989760930175783,6
2026-09-16,JSL,7,0.05412492010066571,0.7039032580079123,0.15205145,0.15205145,0.1062812,0.04577024882202148,6
2026-09-16,JSWENERGY,4,-0.0189973739546414,0.700466551255697,-0.019818544,0.019818544,0.10628120000000002,-0.08646265561218264,6
2026-09-16,JSWENERGY,6,-0.11448926849182435,0.7064931735666526,-0.039625168,0.039625168,0.10628119999999998,-0.06665603215332029,6
2026-09-16,JSWINFRA,3,0.16146675506405875,0.7474479682118508,0.70279837,0.70279837,0.1062812,0.5965171665466309,6
2026-09-16,JSWINFRA,4,-0.012470831797212612,0.7285639735012601,0.7499933,-0.7499933,0.1062812,-0.8562745242797851,6
2026-09-16,JSWINFRA,5,-0.018825436209055815,0.7227593326718027,1.6917229,-1.6917229,0.10628119999999998,-1.7980040698730468,6
2026-09-16,JSWINFRA,6,-0.10573864765027863,0.7424600859410798,1.767838,-1.767838,0.10628119999999998,-1.8741192012512207,6
2026-09-16,JSWINFRA,9,0.027782692071321564,0.7203624556643529,1.9847989,1.9847989,0.1062812,1.8785177082336426,6
2026-09-16,JSWINFRA,12,0.019180167833370596,0.7397509234601041,1.4017224,1.4017224,0.10628119999999998,1.2954412311828614,6
2026-09-16,JSWINFRA,14,0.01024727151495176,0.7186324926454959,0.6887078,0.6887078,0.10628119999999998,0.5824266285217286,6
2026-09-16,JSWINFRA,15,-0.015237459178796268,0.7409160915887562,0.09140968,-0.09140968,0.10628119999999998,-0.19769088322753903,6
2026-09-16,JSWINFRA,16,-0.007125767902354526,0.7212428383257461,-0.106436014,0.106436014,0.1062812,0.00015481417541503284,6
2026-09-16,JSWINFRA,17,-0.05221849905921075,0.724235259955908,0.16722679,-0.16722679,0.1062812,-0.27350799138183596,6
2026-09-16,JSWINFRA,18,0.012209590322743324,0.7029588434958717,0.39471388,0.39471388,0.1062812,0.2884326786315918,6
2026-09-16,KALYANKJIL,3,0.14761676233483212,0.7590191814602697,-1.4403403,-1.4403403,0.1062812,-1.5466214805328369,6
2026-09-16,KALYANKJIL,4,-0.021986229973299635,0.7761969122090427,-0.45385957,0.45385957,0.10628119999999998,0.34757836764221195,6
2026-09-16,KALYANKJIL,5,-0.025501546160223276,0.7700143212111714,-0.25288463,0.25288463,0.1062812,0.14660342638854978,6
2026-09-16,KALYANKJIL,6,-0.12066760809905039,0.7893474055911146,-0.42937398,0.42937398,0.1062812,0.3230927795684814,6
2026-09-16,KALYANKJIL,7,0.0579626997741893,0.7218394912687849,-0.9128988,-0.9128988,0.1062812,-1.0191799789154052,6
2026-09-16,KALYANKJIL,8,0.04009997188523873,0.7014551544333392,-0.46995282,-0.46995282,0.10628119999999998,-0.5762340217315673,6
2026-09-16,KALYANKJIL,9,0.0508706705300885,0.7143730074239212,0.016868114,0.016868114,0.1062812,-0.08941308552856446,6
2026-09-16,KALYANKJIL,10,0.09733719013523602,0.7354672074077155,0.0844717,0.0844717,0.1062812,-0.021809497424316412,6
2026-09-16,KALYANKJIL,11,0.03867118342019139,0.7179930088133347,0.38838387,0.38838387,0.1062812,0.2821026653564453,6
2026-09-16,KALYANKJIL,12,0.01564160272786291,0.7291979284156134,0.16056299,0.16056299,0.10628119999999998,0.05428179209594729,6
2026-09-16,KALYANKJIL,13,-0.016456874237993132,0.7314727086362532,0.39759874,-0.39759874,0.1062812,-0.5038799434387207,6
2026-09-16,KALYANKJIL,14,-0.006652897988474219,0.7245226968164951,0.13523102,-0.13523102,0.1062812,-0.24151221806640627,6
2026-09-16,KALYANKJIL,30,-0.026584938905732332,0.733248595022783,0.059986115,-0.059986115,0.1062812,-0.16626731450195315,6
2026-09-16,KALYANKJIL,31,0.049794728916085246,0.744692533344069,0.3091216,0.3091216,0.1062812,0.20284040873413084,6
2026-09-16,KALYANKJIL,32,-0.03492717284426524,0.7419175518659755,1.1176109,-1.1176109,0.1062812,-1.2238921313964843,6
2026-09-16,KALYANKJIL,39,-0.007115487296412444,0.7071590721207113,-0.36568046,0.36568046,0.10628119999999998,0.25939925616149906,6
2026-09-16,KALYANKJIL,53,-0.03305608203719336,0.7415714824733927,0.13020039,-0.13020039,0.10628119999999998,-0.23648158604736325,6
2026-09-16,KALYANKJIL,54,-0.03483830213166905,0.7223586830929012,0.043344498,-0.043344498,0.1062812,-0.14962569768066408,6
2026-09-16,KEI,3,0.1324990833750617,0.7475543428245309,-0.3984034,-0.3984034,0.1062812,-0.5046846061431884,6
2026-09-16,KEI,4,-0.006948740778381052,0.7303650572354728,0.5794525,-0.5794525,0.1062812,-0.6857337146484375,6
2026-09-16,KEI,5,-0.006353406635016465,0.7121454156158703,0.67008734,-0.67008734,0.10628119999999998,-0.7763685374938964,6
2026-09-16,KEI,6,-0.08823752118767762,0.7546302957806337,0.5793929,-0.5793929,0.10628119999999998,-0.6856741100036621,6
2026-09-16,KEI,7,0.05162617675899294,0.7112699067699038,0.044322014,0.044322014,0.1062812,-0.06195918614501954,6
2026-09-16,KEI,8,0.02559849788878465,0.7046064527961005,0.5541444,0.5541444,0.10628120000000002,0.4478631824768066,6
2026-09-16,KEI,15,0.01162004525583529,0.7066658187405637,-0.18747449,-0.18747449,0.1062812,-0.29375568921203615,6
2026-09-16,KPITTECH,3,0.1484060751244435,0.712711141918368,-0.49924254,-0.49924254,0.10628120000000002,-0.6055237441741943,6
2026-09-16,KPITTECH,4,-0.020100107142939014,0.7539197948909039,0.60316324,-0.60316324,0.1062812,-0.7094444423400879,6
2026-09-16,KPITTECH,5,-0.022004026278062867,0.7562480158978,0.66775084,-0.66775084,0.1062812,-0.7740320354187011,6
2026-09-16,KPITTECH,6,-0.11612261080120197,0.7636228627337561,0.5488038,-0.5488038,0.1062812,-0.6550850063049316,6
2026-09-16,KPITTECH,7,0.05115324612732894,0.719926236570718,0.008940697,0.008940697,0.1062812,-0.09734050328369141,6
2026-09-16,KPITTECH,8,0.02579221516168144,0.7164434409726738,-0.2767861,-0.2767861,0.1062812,-0.38306728894348147,6
2026-09-16,KPRMILL,4,-0.07128164642737536,0.7463715636877615,0.32992363,-0.32992363,0.1062812,-0.4362048297607422,6
2026-09-16,KPRMILL,5,-0.03743366486509538,0.7656403339462969,1.2579799,-1.2579799,0.10628119999999998,-1.3642610698425293,6
2026-09-16,KPRMILL,6,-0.13999527579931975,0.7795959796968652,0.8363962,-0.8363962,0.1062812,-0.9426774173461914,6
2026-09-16,KPRMILL,7,0.06279998581764788,0.7010230287239617,0.52039623,0.52039623,0.1062812,0.41411503260498045,6
2026-09-16,KPRMILL,8,0.03591554611214775,0.7178878661626464,0.8116722,0.8116722,0.1062812,0.7053910106933594,6
2026-09-16,KPRMILL,15,0.018236539399352308,0.714073339242057,0.8771062,0.8771062,0.10628119999999998,0.7708249897277832,6
2026-09-16,KPRMILL,17,-0.04846697269628403,0.7080810781587404,0.79444647,-0.79444647,0.1062812,-0.9007276683532714,6
2026-09-16,KPRMILL,21,-0.005615128732114,0.704007311460477,1.0043144,-1.0043144,0.1062812,-1.1105956226074218,6
2026-09-16,KPRMILL,25,0.025042969073243073,0.7382828435404551,-0.1686275,-0.1686275,0.1062812,-0.27490870053405764,6
2026-09-16,KPRMILL,26,-0.014910444752315257,0.7173758827613893,-0.2037406,0.2037406,0.1062812,0.09745939677124023,6
2026-09-16,KPRMILL,27,0.006929030663783163,0.7061915792125034,-0.079894066,-0.079894066,0.1062812,-0.1861752658569336,6
2026-09-16,LAURUSLABS,3,0.15346776169998452,0.7860611831085832,-0.41538477,-0.41538477,0.1062812,-0.5216659694396972,6
2026-09-16,LAURUSLABS,4,-0.02408237500438557,0.7803710141752981,0.042819977,-0.042819977,0.1062812,-0.14910117680664065,6
2026-09-16,LAURUSLABS,5,-0.020903784935378526,0.7665435861590446,-0.026738644,0.026738644,0.1062812,-0.07954255635375977,6
2026-09-16,LAURUSLABS,6,-0.11998472004729295,0.7770635659142375,0.037515163,-0.037515163,0.1062812,-0.14379636342163088,6
2026-09-16,LAURUSLABS,7,0.06290510363266612,0.7267820976156142,-0.18700361,-0.18700361,0.1062812,-0.29328481251831057,6
2026-09-16,LAURUSLABS,8,0.026706942884638145,0.7109588104203965,0.0374794,0.0374794,0.10628119999999998,-0.06880179936523435,6
2026-09-16,LAURUSLABS,13,-0.009281094307591603,0.700536221235094,0.31616688,-0.31616688,0.1062812,-0.42244807774658205,6
2026-09-16,LICHSGFIN,3,0.15112128882095924,0.7165539689834785,-0.47658682,-0.47658682,0.1062812,-0.5828680186950683,6
2026-09-16,LICHSGFIN,4,-0.022004026278062867,0.7434664414726131,0.3387928,-0.3387928,0.1062812,-0.44507400090332033,6
2026-09-16,LICHSGFIN,5,-0.018825436209055815,0.7312504467774822,0.8573532,-0.8573532,0.1062812,-0.9636344104492187,6
2026-09-16,LICHSGFIN,6,-0.10573864765027863,0.7470640663346726,0.3284812,-0.3284812,0.10628119999999998,-0.4347623973571777,6
2026-09-16,LICHSGFIN,7,0.06264860814450868,0.701789456556246,0.028061867,0.028061867,0.1062812,-0.0782193332397461,6
2026-09-16,LICHSGFIN,17,-0.05239060785660519,0.7444472404556771,-0.17529726,0.17529726,0.10628119999999998,0.06901606028442385,6
2026-09-16,LICHSGFIN,18,0.007980524131342842,0.7267343851656045,-0.21188855,-0.21188855,0.1062812,-0.31816975171203615,6
2026-09-16,LICHSGFIN,19,-0.022569355738053336,0.737068674746345,-0.6157458,0.6157458,0.10628119999999998,0.5094645828521729,6
2026-09-16,LICHSGFIN,20,-0.027577276684319914,0.7365709028150933,-0.98755956,0.98755956,0.10628120000000002,0.8812783569610596,6
2026-09-16,LICHSGFIN,21,-0.031188464202511524,0.7316109614539331,-0.74968934,0.74968934,0.1062812,0.6434081405914307,6
2026-09-16,LLOYDSME,4,-0.03697017999018832,0.7105014132883886,0.49208403,-0.49208403,0.10628119999999998,-0.5983652263366699,6
2026-09-16,LLOYDSME,6,-0.13035542562287447,0.7004070226960095,0.69981813,-0.69981813,0.1062812,-0.8060993343078613,6
2026-09-16,LLOYDSME,15,0.0019541556868670003,0.7165999603382895,0.4114151,0.4114151,0.1062812,0.30513390009765623,6
2026-09-16,LLOYDSME,29,-0.04465166365153275,0.7326609115213653,-0.14206767,0.14206767,0.1062812,0.03578647082214355,6
2026-09-16,LODHA,3,0.11890740194503499,0.7198592382777756,-1.1458576,-1.1458576,0.10628119999999998,-1.252138772555542,6
2026-09-16,LODHA,4,-0.02324445515533089,0.7357898526637585,0.028419495,-0.028419495,0.1062812,-0.13470069462890627,6
2026-09-16,LODHA,5,-0.03837970384153407,0.745295471488483,0.45576096,-0.45576096,0.1062812,-0.5620421558105468,6
2026-09-16,LODHA,6,-0.13268056982536436,0.7440399509210383,0.7977247,-0.7977247,0.10628120000000002,-0.9040059238159179,6
2026-09-16,LODHA,13,-0.0060528615332484815,0.7145093367177506,1.1205316,-1.1205316,0.1062812,-1.2268127589904785,6
2026-09-16,LODHA,14,0.01776348749465337,0.710222992883107,0.41267872,0.41267872,0.1062812,0.3063975185668945,6
2026-09-16,LODHA,20,0.011247477207713727,0.7212489761595107,0.28868914,0.28868914,0.1062812,0.18240793650512693,6
2026-09-16,LTF,3,0.13457788858948655,0.7000645346127389,-0.5218804,-0.5218804,0.1062812,-0.6281615882598877,6
2026-09-16,LTF,4,-0.016503180936620288,0.713604972018419,0.01692772,-0.01692772,0.1062812,-0.12320891911621094,6
2026-09-16,LTF,5,-0.006353406635016465,0.7041654771887785,0.508821,-0.508821,0.10628119999999998,-0.6151022105895996,6
2026-09-16,LTF,6,-0.09436006386922241,0.7268673616033563,0.6439686,-0.6439686,0.1062812,-0.7502497821533203,6
2026-09-16,LTF,7,0.04740197333172796,0.7076689282113001,0.05042553,0.05042553,0.10628119999999998,-0.05585567052001951,6
2026-09-16,LTF,8,0.025304949832338282,0.7053043490068212,0.18494129,0.18494129,0.1062812,0.07866009180908203,6
2026-09-16,LTTS,3,0.13761059278361557,0.7235134784221448,-0.24955273,-0.24955273,0.10628119999999998,-0.35583392674560543,6
2026-09-16,LTTS,5,-0.006417937584825495,0.7054903171056496,0.64680576,-0.64680576,0.1062812,-0.7530869632446289,6
2026-09-16,LTTS,6,-0.08877835185176314,0.7260291609528174,0.7599354,-0.7599354,0.1062812,-0.8662165790283203,6
2026-09-16,MAHABANK,3,0.1499219385376816,0.7517217010529097,-0.995636,-0.995636,0.1062812,-1.101917186328125,6
2026-09-16,MAHABANK,4,-0.02894092254815012,0.7655592872853247,-0.2130866,0.2130866,0.1062812,0.10680540507202148,6
2026-09-16,MAHABANK,5,-0.02786812481472097,0.7607478103392742,0.3400445,-0.3400445,0.1062812,-0.44632569844360354,6
2026-09-16,MAHABANK,6,-0.12066760809905039,0.7945159356907613,0.49136877,-0.49136877,0.1062812,-0.5976499705993652,6
2026-09-16,MAHABANK,7,0.06056674643471107,0.7152745217966224,0.2755165,0.2755165,0.10628119999999998,0.16923531000976566,6
2026-09-16,MARICO,3,0.14356733412583841,0.7378303161502925,1.0684848,1.0684848,0.1062812,0.9622035831726075,6
2026-09-16,MARICO,4,-0.025720368645121335,0.7087111775704724,1.2579799,-1.2579799,0.10628119999999998,-1.3642610698425293,6
2026-09-16,MARICO,6,-0.08637110953819632,0.7383243402129754,1.2453318,-1.2453318,0.1062812,-1.3516129642211914,6
2026-09-16,MARICO,7,0.05069014926700436,0.7275819013171411,0.830698,0.830698,0.10628119999999998,0.7244168133056641,6
2026-09-16,MARICO,8,0.01929415522103517,0.7349200256501037,0.5873203,0.5873203,0.10628119999999998,0.4810391277587891,6
2026-09-16,MARICO,9,0.02930968069592224,0.7260608540860233,0.14801025,0.14801025,0.1062812,0.041729053906249994,6
2026-09-16,MAZDOCK,3,0.1571159984017302,0.7806390429174126,-0.7076204,-0.7076204,0.10628119999999995,-0.8139015823089599,6
2026-09-16,MAZDOCK,4,-0.024370604932560554,0.7678322504277759,-0.31692982,0.31692982,0.10628119999999998,0.21064861719970707,6
2026-09-16,MAZDOCK,5,-0.022004026278062867,0.7795323864725522,0.26347637,-0.26347637,0.1062812,-0.36975757176513674,6
2026-09-16,MAZDOCK,6,-0.11115220992296336,0.8066736933962054,0.36338568,-0.36338568,0.1062812,-0.4696668773376465,6
2026-09-16,MAZDOCK,7,0.05941957161253705,0.7282894571663061,0.37522316,0.37522316,0.1062812,0.26894195979003904,6
2026-09-16,MAZDOCK,8,0.02841483509322521,0.7187163756136341,0.70575476,0.70575476,0.1062812,0.5994735569274903,6
2026-09-16,MAZDOCK,9,0.04571150703771945,0.7110634061961212,0.90744495,0.90744495,0.10628119999999998,0.8011637539184571,6
2026-09-16,MAZDOCK,14,0.008059171561579986,0.7105321195156886,0.41410923,0.41410923,0.10628119999999998,0.30782803004150394,6
2026-09-16,MAZDOCK,15,0.016306715052071777,0.7005264624606331,0.17527342,0.17527342,0.1062812,0.06899221842651367,6
2026-09-16,MCX,3,0.16146675506405875,0.7887013921130027,-0.2433896,-0.2433896,0.10628119999999998,-0.34967080647583004,6
2026-09-16,MCX,4,-0.012470831797212612,0.7576079604930842,-0.14280677,0.14280677,0.1062812,0.03652556841735839,6
2026-09-16,MCX,5,-0.018825436209055815,0.7356662115534401,-0.1365304,0.1365304,0.1062812,0.03024919932250976,6
2026-09-16,MCX,6,-0.10712285118388325,0.7615694216380047,0.1757741,-0.1757741,0.1062812,-0.282055297442627,6
2026-09-16,MCX,7,0.060172629015628296,0.7139532122755977,0.090920925,0.090920925,0.1062812,-0.015360274859619147,6
2026-09-16,MCX,8,0.02211764719813595,0.706686570523555,-0.032407045,-0.032407045,0.10628120000000002,-0.1386882453643799,6
2026-09-16,MCX,39,0.007674496997560025,0.7152457800136445,1.2199402,1.2199402,0.1062812,1.113658985546875,6
2026-09-16,MCX,40,0.01574980250796958,0.7218291630189178,0.6697655,0.6697655,0.1062812,0.5634842724121094,6
2026-09-16,MCX,41,-0.010964978720676697,0.7244162294212976,0.33078194,-0.33078194,0.1062812,-0.43706313664550783,6
2026-09-16,MCX,42,-0.03225439275853081,0.727015069262422,-0.04401207,0.04401207,0.1062812,-0.06226913029785157,6
2026-09-16,MCX,46,-0.01559121300564141,0.7128884075140274,-0.81704855,0.81704855,0.1062812,0.7107673496520996,6
2026-09-16,MCX,47,0.004376124374696452,0.7023381386542141,-0.48643947,-0.48643947,0.1062812,-0.5927206664764404,6
2026-09-16,MEDANTA,3,0.12841373936194642,0.7027203704164897,-1.3811171,-1.3811171,0.10628119999999998,-1.4873983054840088,6
2026-09-16,MEDANTA,5,-0.025501546160223276,0.7847215552713619,1.2419581,-1.2419581,0.10628119999999998,-1.3482393413269043,6
2026-09-16,MEDANTA,6,-0.11431300368720718,0.8098450291097605,1.0952592,-1.0952592,0.1062812,-1.2015403896057129,6
2026-09-16,MEDANTA,7,0.07673396338044305,0.720103136556585,0.48731565,0.48731565,0.1062812,0.38103445475463865,6
2026-09-16,MEDANTA,8,0.03339880089770475,0.7168965375957025,0.30071735,0.30071735,0.10628119999999998,0.19443615382080082,6
2026-09-16,MEDANTA,11,0.02264149628178903,0.7017883245240042,0.3859043,0.3859043,0.10628119999999995,0.2796231121337891,6
2026-09-16,MEDANTA,12,0.024702491076898005,0.712436465265534,0.071311,0.071311,0.10628119999999998,-0.034970202990722635,6
2026-09-16,MFSL,3,0.13338638935635064,0.7101238102345373,-0.37568212,-0.37568212,0.10628119999999998,-0.48196331555480953,6
2026-09-16,MFSL,4,-0.016438649986811257,0.7087144459685095,0.09776354,-0.09776354,0.1062812,-0.20404473836059572,6
2026-09-16,MFSL,6,-0.09489086706277797,0.7213010150572673,0.6440759,-0.6440759,0.1062812,-0.750357070513916,6
2026-09-16,MOTILALOFS,3,0.12763517873104083,0.7192092307890209,-0.21558404,-0.21558404,0.1062812,-0.32186523968811037,6
2026-09-16,MOTILALOFS,4,-0.033918348678171735,0.7415940978938602,0.59930086,-0.59930086,0.10628119999999998,-0.7055820613586425,6
2026-09-16,MOTILALOFS,5,-0.034255074796088324,0.7270077743699206,0.40268898,-0.40268898,0.1062812,-0.508970180102539,6
2026-09-16,MOTILALOFS,6,-0.12400082121103127,0.750927041814106,0.45267344,-0.45267344,0.10628120000000002,-0.5589546352111816,6
2026-09-16,MOTILALOFS,7,0.06148194425023398,0.7283044147028598,0.14343262,0.14343262,0.10628119999999998,0.03715141718750002,6
2026-09-16,MOTILALOFS,8,0.03352451174543819,0.727578273230551,0.13296604,0.13296604,0.10628119999999998,0.026684841564941428,6
2026-09-16,MPHASIS,4,-0.0224666857974367,0.7215162303541017,0.50599575,-0.50599575,0.1062812,-0.6122769504272461,6
2026-09-16,MPHASIS,6,-0.08184022584583618,0.7084652122267898,0.7082701,-0.7082701,0.1062812,-0.8145512729370117,6
2026-09-16,MUTHOOTFIN,8,0.020062768174831477,0.7177112596049691,0.01796484,0.01796484,0.1062812,-0.08831636006469727,6
2026-09-16,M_AND_M,3,0.12767166144949083,0.7134243254060378,0.31180382,0.31180382,0.10628119999999998,0.20552261774902347,6
2026-09-16,M_AND_M,7,0.05069014926700436,0.7086294958169908,-0.03876686,-0.03876686,0.1062812,-0.14504806096191408,6
2026-09-16,M_AND_MFIN,4,-0.025784899594930365,0.7062434330234422,-0.16058087,0.16058087,0.10628119999999998,0.054299673489379904,6
2026-09-16,M_AND_MFIN,5,-0.012068134541876281,0.7086679509285668,0.3074646,-0.3074646,0.10628119999999998,-0.41374579960937496,6
2026-09-16,M_AND_MFIN,6,-0.10851486690789869,0.7222118675532426,0.029182434,-0.029182434,0.10628119999999998,-0.13546363408203121,6
2026-09-16,NAM-INDIA,3,0.14992480608679715,0.7313667046995125,-1.3778448,-1.3778448,0.1062812,-1.4841260104858398,6
2026-09-16,NAM-INDIA,4,-0.02408237500438557,0.7395370854496955,-0.49795508,0.49795508,0.10628119999999998,0.39167388384704593,6
2026-09-16,NAM-INDIA,5,-0.02408237500438557,0.7615725341451608,0.24168491,-0.24168491,0.10628119999999998,-0.34796611363525387,6
2026-09-16,NAM-INDIA,6,-0.11329338951753316,0.7887683367769439,-0.008934736,0.008934736,0.1062812,-0.09734646374816895,6
2026-09-16,NAM-INDIA,7,0.07032968622799866,0.745426351351393,-0.0893414,-0.0893414,0.1062812,-0.19562260205383303,6
2026-09-16,NAM-INDIA,8,0.028952250085413578,0.7187076812632065,-0.09816885,-0.09816885,0.10628119999999998,-0.20445004994506832,6
2026-09-16,NAM-INDIA,9,0.047593546360324666,0.7401951152137741,0.2598405,0.2598405,0.1062812,0.15355928843383787,6
2026-09-16,NAM-INDIA,10,0.07056009903031274,0.7071672083663322,0.19704103,0.19704103,0.1062812,0.09075983469848632,6
2026-09-16,NAM-INDIA,12,0.020315604392619754,0.7057599977482603,0.008928776,0.008928776,0.1062812,-0.09735242421264649,6
2026-09-16,NATIONALUM,3,0.12767166144949083,0.7059588921115572,-0.8048594,-0.8048594,0.10628119999999998,-0.9111405997955322,6
2026-09-16,NAUKRI,3,0.15361343497429109,0.704903291661235,-0.5379796,-0.5379796,0.1062812,-0.6442608028137207,6
2026-09-16,NAUKRI,4,-0.0189973739546414,0.7087398369612676,0.29501915,-0.29501915,0.10628119999999998,-0.4013003497802734,6
2026-09-16,NAUKRI,5,-0.01893284300483237,0.7154110408758702,0.45534372,-0.45534372,0.1062812,-0.5616249232971191,6
2026-09-16,NAUKRI,6,-0.10833993250193816,0.734609193584489,0.30252934,-0.30252934,0.1062812,-0.4088105350219727,6
2026-09-16,NESTLEIND,3,0.13189586487675578,0.7255294337785356,-0.59733987,-0.59733987,0.10628119999999998,-0.7036210685455322,6
2026-09-16,NESTLEIND,4,-0.012663468685240868,0.727269511491707,-0.29597282,0.29597282,0.1062812,0.18969162409667967,6
2026-09-16,NESTLEIND,5,-0.012663468685240868,0.7102857222889926,0.16670227,-0.16670227,0.10628119999999998,-0.27298347050781246,6
2026-09-16,NESTLEIND,6,-0.10060559496963777,0.727239285183787,0.123000145,-0.123000145,0.1062812,-0.2292813449584961,6
2026-09-16,NIACL,3,0.15314576894914794,0.7623471036112724,-1.1442602,-1.1442602,0.1062812,-1.2505413680755615,6
2026-09-16,NIACL,4,-0.025501546160223276,0.7796133380376817,-0.75499415,0.75499415,0.1062812,0.6487129539764405,6
2026-09-16,NIACL,5,-0.025501546160223276,0.7963571898905554,-0.20525455,0.20525455,0.10628119999999998,0.09897335474853518,6
2026-09-16,NIACL,6,-0.12066760809905039,0.8003604104176901,-0.46426654,0.46426654,0.1062812,0.3579853386199951,6
2026-09-16,NIACL,7,0.05364433346466946,0.7364425662662765,-0.9840071,-0.9840071,0.1062812,-1.0902883201324463,6
2026-09-16,NIACL,8,0.016300734913237334,0.7449874849714005,-0.25331378,-0.25331378,0.1062812,-0.35959497983093264,6
2026-09-16,NIACL,9,0.04914719486467077,0.7511520305782525,0.105428696,0.105428696,0.1062812,-0.0008525043212890687,6
2026-09-16,NIACL,10,0.0942397646082698,0.755089137257719,0.07754564,0.07754564,0.1062812,-0.028735557147216803,6
2026-09-16,NIACL,11,0.04459107442424711,0.7222676354677089,0.5553961,0.5553961,0.1062812,0.4491148800170898,6
2026-09-16,NIACL,12,0.013844247256602974,0.7262002559948835,0.5614519,0.5614519,0.1062812,0.4551707119262695,6
2026-09-16,NIACL,13,-0.021617227208897513,0.7337761604253454,0.54935217,-0.54935217,0.1062812,-0.6556333690368652,6
2026-09-16,NIACL,14,-0.008955535516447,0.7209629931493375,0.34416914,-0.34416914,0.1062812,-0.45045033986206057,6
2026-09-16,NIACL,15,-0.0017333216421855843,0.7320567393588645,-0.62420964,0.62420964,0.10628119999999998,0.5179284424102784,6
2026-09-16,NIACL,16,0.0032390176500979055,0.7151933971952941,-0.06655455,-0.06655455,0.1062812,-0.1728357463562012,6
2026-09-16,NIACL,17,-0.04082514708415548,0.7048542003513953,-0.40397048,0.40397048,0.1062812,0.29768927996520994,6
2026-09-16,NIACL,19,-0.013984285274732822,0.702360026503385,-0.7241547,0.7241547,0.1062812,0.6178735107696534,6
2026-09-16,NIACL,22,0.03420221230577721,0.7043046738196064,0.005567074,0.005567074,0.10628119999999998,-0.1007141261779785,6
2026-09-16,NIACL,41,-0.018453280021129018,0.7181259598972317,0.06530285,-0.06530285,0.1062812,-0.171584048815918,6
2026-09-16,NIACL,42,-0.03549302455687958,0.7161364093093284,-0.28799772,0.28799772,0.10628119999999998,0.18171652262573246,6
2026-09-16,NLCINDIA,6,-0.12597473509520557,0.7242874578394818,0.05828142,-0.05828142,0.10628119999999998,-0.16456262166137692,6
2026-09-16,NMDC,6,-0.11265329895840667,0.7166866103372723,0.40165186,-0.40165186,0.10628120000000002,-0.5079330592834472,6
2026-09-16,NYKAA,3,0.15517071702995294,0.7149616661830752,-1.4466524,-1.4466524,0.1062812,-1.5529336124145507,6
2026-09-16,NYKAA,4,-0.018825436209055815,0.7176749945659513,-0.9829104,0.9829104,0.10628119999999998,0.8766291946685791,6
2026-09-16,NYKAA,5,-0.00624599983923992,0.7016414842921899,-1.1063933,1.1063933,0.1062812,1.000112137249756,6
2026-09-16,NYKAA,6,-0.11860051651368834,0.7522730494417799,-1.3501227,1.3501227,0.10628119999999998,1.2438414902008057,6
2026-09-16,NYKAA,9,0.05754626493562309,0.7255271419958431,-0.3974378,-0.3974378,0.1062812,-0.5037190108978271,6
2026-09-16,NYKAA,12,0.02160471729143459,0.7081635263541528,0.13798475,0.13798475,0.1062812,0.03170355265502929,6
2026-09-16,NYKAA,13,-0.01832699311727723,0.7263504806060416,0.35368204,-0.35368204,0.1062812,-0.4599632411682129,6
2026-09-16,NYKAA,14,-0.0024105372309673185,0.7270708365235649,0.5076885,-0.5076885,0.1062812,-0.6139697223388672,6
2026-09-16,OBEROIRLTY,3,0.1535583177182187,0.7325909132257097,-0.285846,-0.285846,0.1062812,-0.39212719494934084,6
2026-09-16,OBEROIRLTY,4,-0.006948740778381052,0.7060428977881597,0.46063662,-0.46063662,0.1062812,-0.5669178157531738,6
2026-09-16,OBEROIRLTY,5,-0.006948740778381052,0.7215019559056289,0.93693733,-0.93693733,0.1062812,-1.0432185321533203,6
2026-09-16,OBEROIRLTY,6,-0.11512117720036309,0.7492156492156254,0.94656944,-0.94656944,0.10628119999999998,-1.0528506427490234,6
2026-09-16,OFSS,3,0.12358575052204708,0.7380928366260127,-0.74314475,-0.74314475,0.10628119999999998,-0.8494259505950927,6
2026-09-16,OFSS,4,-0.04020150058731869,0.7694238265199274,0.38813353,-0.38813353,0.1062812,-0.4944147258483887,6
2026-09-16,OFSS,5,-0.03743366486509538,0.7860186213853055,0.83276033,-0.83276033,0.10628119999999998,-0.9390415340148925,6
2026-09-16,OFSS,6,-0.14033200191723633,0.7845546868955027,0.2670288,-0.2670288,0.1062812,-0.37331000859375,6
2026-09-16,OFSS,8,0.04047098281840036,0.7133408633031406,0.172019,0.172019,0.10628119999999998,0.06573780482177737,6
2026-09-16,PATANJALI,10,0.0587426406302012,0.7369589968997464,1.2189865,1.2189865,0.1062812,1.1127053112304688,6
2026-09-16,PATANJALI,11,0.016472622411536034,0.7647887149152576,1.44279,1.44279,0.1062812,1.3365088314331055,6
2026-09-16,PATANJALI,12,-0.009030697010794633,0.777651948273954,0.88533163,-0.88533163,0.1062812,-0.9916128307067871,6
2026-09-16,PATANJALI,13,-0.03537740063147347,0.7659205207142523,1.444304,-1.444304,0.10628119999999998,-1.5505851894104004,6
2026-09-16,PATANJALI,14,-0.015335914880562868,0.7525243848999477,1.5257359,-1.5257359,0.1062812,-1.632017055102539,6
2026-09-16,PATANJALI,15,-0.007358848171654206,0.7142911812654311,1.3745666,-1.3745666,0.1062812,-1.4808477550231933,6
2026-09-16,PATANJALI,16,0.013702964416124983,0.7051387307533474,1.7347693,1.7347693,0.10628119999999998,1.628488144329834,6
2026-09-16,PATANJALI,17,-0.02861941217457234,0.7009580596950241,2.4229407,-2.4229407,0.10628119999999998,-2.529221931048584,6
2026-09-16,PATANJALI,18,0.020793001059871277,0.7501680174477203,1.621151,1.621151,0.10628119999999998,1.5148697704589844,6
2026-09-16,PATANJALI,19,0.003295351445240087,0.7708377793093658,0.8492589,0.8492589,0.1062812,0.7429776996887207,6
2026-09-16,PATANJALI,20,-0.004640795650206131,0.7701150506503935,0.08444786,-0.08444786,0.1062812,-0.19072906071777346,6
2026-09-16,PATANJALI,21,-0.003458652005023587,0.775114673827249,-1.053369,1.053369,0.1062812,0.9470878452575684,6
2026-09-16,PATANJALI,22,0.03989723118829574,0.7521513662189115,-0.36728978,-0.36728978,0.1062812,-0.4735709815704346,6
2026-09-16,PATANJALI,23,-0.012790586615791575,0.7469950598669511,-0.3241241,0.3241241,0.10628119999999998,0.21784289782409672,6
2026-09-16,PATANJALI,24,0.007951959246339072,0.7658505952456238,-0.8398652,-0.8398652,0.1062812,-0.9461464076721191,6
2026-09-16,PATANJALI,25,0.05992686736520597,0.7524096030788159,-1.0215461,-1.0215461,0.1062812,-1.1278273254119873,6
2026-09-16,PATANJALI,26,0.024179085841775146,0.7165008395873497,-0.5473733,-0.5473733,0.1062812,-0.6536544948303222,6
2026-09-16,PATANJALI,27,0.022540442986399952,0.7021193446748881,-0.5201757,-0.5201757,0.1062812,-0.6264568954193115,6
2026-09-16,PATANJALI,28,0.07922992117371466,0.741322130705607,0.34031868,0.34031868,0.10628119999999998,0.23403747980957035,6
2026-09-16,PATANJALI,29,-0.013722605139066053,0.7235170236990511,0.21276474,-0.21276474,0.1062812,-0.3190459399902344,6
2026-09-16,PATANJALI,30,0.00568470544362036,0.717710319494826,-0.014138222,-0.014138222,0.1062812,-0.12041942174072266,6
2026-09-16,PATANJALI,31,0.08405432348798904,0.7150257927483107,-0.05646944,-0.05646944,0.1062812,-0.1627506404602051,6
2026-09-16,PATANJALI,32,0.003193074018246841,0.7094631032958048,0.08482933,0.08482933,0.1062812,-0.02145186955566407,6
2026-09-16,PATANJALI,52,-0.001075910681152465,0.7597300794153558,-0.6192386,0.6192386,0.1062812,0.5129574150360108,6
2026-09-16,PATANJALI,53,-0.019398447687529394,0.7564881582092211,0.15118122,-0.15118122,0.10628119999999998,-0.25746242100830075,6
2026-09-16,PATANJALI,54,-0.00679559485560152,0.7614112569118456,-0.13741851,0.13741851,0.1062812,0.03113730852966308,6
2026-09-16,PATANJALI,55,0.0003088770079146711,0.7154273860428716,0.662446,0.662446,0.10628119999999998,0.5561648220336914,6
2026-09-16,PATANJALI,56,0.01053017971332626,0.7014014461847015,0.37175417,0.37175417,0.10628119999999998,0.26547296946411136,6
2026-09-16,PATANJALI,58,0.025983831575579073,0.7385993415492047,-0.46678185,-0.46678185,0.10628119999999998,-0.5730630546295166,6
2026-09-16,PATANJALI,59,0.04580433301000747,0.7265943713175238,0.6923318,0.6923318,0.1062812,0.5860505909240723,6
2026-09-16,PATANJALI,60,0.030655033100905674,0.7325470206853947,-0.34331083,-0.34331083,0.1062812,-0.44959203297729494,6
2026-09-16,PATANJALI,61,0.021507952144116247,0.7106155227048618,-0.082570314,-0.082570314,0.1062812,-0.18885151440734865,6
2026-09-16,PATANJALI,62,0.03197204184549082,0.7709347923916499,-0.45217872,-0.45217872,0.1062812,-0.5584599166595459,6
2026-09-16,PATANJALI,65,0.02064053769874995,0.7302558351218725,0.33103228,0.33103228,0.1062812,0.22475107615356443,6
2026-09-16,PATANJALI,66,-0.01738339961181086,0.7158036397294174,0.013756752,-0.013756752,0.10628119999999998,-0.12003795201416013,6
2026-09-16,PAYTM,3,0.1559850571740675,0.7829213487991434,-0.7884383,-0.7884383,0.10628119999999998,-0.8947195201599121,6
2026-09-16,PAYTM,4,-0.017041149412802162,0.7677965223099914,-0.71225166,0.71225166,0.1062812,0.6059704632080078,6
2026-09-16,PAYTM,5,-0.022387487041025254,0.7841112172898139,0.092196465,-0.092196465,0.1062812,-0.19847766453857424,6
2026-09-16,PAYTM,6,-0.10976697072599458,0.7878707484620301,-0.20624399,0.20624399,0.10628119999999998,0.09996279185180666,6
2026-09-16,PAYTM,7,0.06792693793733524,0.7882090347417559,0.057458878,0.057458878,0.1062812,-0.048822322436523444,6
2026-09-16,PAYTM,8,0.014119237438226613,0.7643371554378263,-0.09730458,-0.09730458,0.10628119999999995,-0.20358578259582516,6
2026-09-16,PAYTM,9,0.05623443394512887,0.7647877530996323,1.3886452,1.3886452,0.1062812,1.2823639721191407,6
2026-09-16,PAYTM,10,0.07741214665042358,0.7508949227148944,1.0706902,1.0706902,0.10628119999999998,0.9644089550292969,6
2026-09-16,PAYTM,11,0.027396408920172702,0.7567681603629308,0.7115364,0.7115364,0.1062812,0.6052552074707032,6
2026-09-16,PAYTM,12,0.01310208324412851,0.7631299491972139,0.94958544,0.94958544,0.10628119999999998,0.8433042377746582,6
2026-09-16,PAYTM,13,-0.021762176058328118,0.7524927749186666,0.5396366,-0.5396366,0.10628119999999998,-0.6459178119384765,6
2026-09-16,PAYTM,14,-0.0025195226458853614,0.7475573223161591,0.2640128,-0.2640128,0.1062812,-0.37029401356811525,6
2026-09-16,PAYTM,15,-0.0029614556670160062,0.7317892335694421,-0.18903017,0.18903017,0.1062812,0.08274897044067382,6
2026-09-16,PAYTM,16,-0.005918486017011134,0.7649888201692348,-1.022613,1.022613,0.10628119999999998,0.9163318485534668,6
2026-09-16,PAYTM,17,-0.04549801908909521,0.7462682418132192,-0.56954026,0.56954026,0.1062812,0.46325906222229,6
2026-09-16,PAYTM,18,0.017208407251928178,0.732606619298055,-0.6318629,-0.6318629,0.10628119999999998,-0.7381440787994384,6
2026-09-16,PAYTM,19,-0.011766179471653414,0.7210712114119733,-0.16531348,0.16531348,0.1062812,0.05903228228454589,6
2026-09-16,PAYTM,20,-0.00906819034032151,0.7076667088065376,0.19408464,-0.19408464,0.10628120000000002,-0.300365844317627,6
2026-09-16,PAYTM,21,-0.007976590716420316,0.718161228564575,0.44111013,-0.44111013,0.1062812,-0.5473913341247558,6
2026-09-16,PAYTM,22,0.034432221817239234,0.7424088094466526,0.54519176,0.54519176,0.1062812,0.43891056483154295,6
2026-09-16,PAYTM,23,-0.01155941426632432,0.7090982086691553,0.25814772,-0.25814772,0.1062812,-0.3644289165222168,6
2026-09-16,PAYTM,26,-0.0005658260811396628,0.7006169736902224,-0.04566312,0.04566312,0.10628119999999998,-0.06061808163757322,6
2026-09-16,PAYTM,27,0.003394450027260885,0.703007777654403,-0.29616356,-0.29616356,0.1062812,-0.40244475895996096,6
2026-09-16,PAYTM,28,0.04761881477698896,0.7068524739988714,0.022804737,0.022804737,0.10628119999999998,-0.08347646290893553,6
2026-09-16,PAYTM,39,-0.006110388943471725,0.7103628403817465,1.0082126,-1.0082126,0.1062812,-1.1144937663757324,6
2026-09-16,PAYTM,40,-0.007394163936283039,0.7471911707891247,0.07880926,-0.07880926,0.10628119999999998,-0.18509046132202145,6
2026-09-16,PAYTM,41,-0.021169133362749823,0.7365378825308994,0.24172068,-0.24172068,0.10628119999999998,-0.3480018764221191,6
2026-09-16,PAYTM,42,-0.037229807831237506,0.7187041445598755,0.18012524,-0.18012524,0.10628119999999998,-0.28640643651123043,6
2026-09-16,PAYTM,45,-0.02957243299699832,0.7125787132285348,-0.12897849,0.12897849,0.10628119999999998,0.022697290829467795,6
2026-09-16,PERSISTENT,4,-0.018820496289575,0.7364003578730535,0.7314801,-0.7314801,0.1062812,-0.8377613216125488,6
2026-09-16,PERSISTENT,5,-0.025838272278139864,0.7228564600241124,0.5746007,-0.5746007,0.1062812,-0.6808818965637207,6
2026-09-16,PERSISTENT,6,-0.12597473509520557,0.7441513031686773,0.72255135,-0.72255135,0.10628119999999998,-0.8288325458251953,6
2026-09-16,PHOENIXLTD,3,0.13429457897256195,0.7072517244577633,-0.33776164,-0.33776164,0.1062812,-0.4440428405487061,6
2026-09-16,PHOENIXLTD,4,-0.006948740778381052,0.7004799795605181,0.2132535,-0.2132535,0.1062812,-0.3195346980773926,6
2026-09-16,PHOENIXLTD,6,-0.08848354425040657,0.7077163906946882,0.5638957,-0.5638957,0.10628120000000002,-0.6701769023620605,6
2026-09-16,PIIND,4,-0.020901293089765252,0.7340340231622317,1.0061741,-1.0061741,0.1062812,-1.112455287524414,6
2026-09-16,PIIND,5,-0.024370604932560554,0.7243784459833034,1.3407469,-1.3407469,0.1062812,-1.4470280795776367,6
2026-09-16,PIIND,6,-0.10428094384393806,0.734655277572621,0.7037282,-0.7037282,0.10628119999999998,-0.8100093990051269,6
2026-09-16,PIIND,7,0.05274265944699216,0.7246728796398482,0.18575191,0.18575191,0.1062812,0.07947071497802734,6
2026-09-16,PIIND,8,0.020062768174831477,0.7166088082128795,0.18110275,0.18110275,0.1062812,0.07482155268554687,6
2026-09-16,POLICYBZR,3,0.12841373936194642,0.7083385225964647,-0.8300185,-0.8300185,0.10628119999999998,-0.9362997203552246,6
2026-09-16,POLICYBZR,4,-0.013384769309781214,0.7089659410968485,-0.23180246,0.23180246,0.1062812,0.12552126353149412,6
2026-09-16,POLICYBZR,5,-0.022387487041025254,0.7367436846867201,0.4369855,-0.4369855,0.10628120000000002,-0.5432666927062988,6
2026-09-16,POLICYBZR,6,-0.11476476968702023,0.7420161972255458,0.23261309,-0.23261309,0.10628119999999998,-0.3388942867004394,6
2026-09-16,POLICYBZR,22,0.0397852755034529,0.7023705649874186,0.39699078,0.39699078,0.1062812,0.2907095760620117,6
2026-09-16,POLICYBZR,35,-0.00474506003400312,0.7008813304825955,1.1442184,-1.1442184,0.1062812,-1.2504996448242187,6
2026-09-16,POLICYBZR,39,-0.011182204713730834,0.7040128127592281,0.8533001,-0.8533001,0.1062812,-0.9595812946044922,6
2026-09-16,POLICYBZR,40,-0.011513578967482454,0.7848265018935559,-0.24542809,0.24542809,0.10628119999999998,0.13914688532714847,6
2026-09-16,POLICYBZR,41,-0.022855645105843918,0.7848718194348273,0.58499575,-0.58499575,0.10628119999999998,-0.6912769466125488,6
2026-09-16,POLICYBZR,42,-0.029315992366136606,0.7513475339331608,1.3084292,-1.3084292,0.1062812,-1.4147104411804199,6
2026-09-16,POLICYBZR,43,0.0027753411785623595,0.7313442020907339,1.209569,1.209569,0.1062812,1.103287777355957,6
2026-09-16,POLICYBZR,44,0.011342522018090077,0.7343478892131255,1.6601443,1.6601443,0.1062812,1.553863129071045,6
2026-09-16,POLICYBZR,45,0.0010303391075313013,0.7391017166687299,1.4223933,1.4223933,0.1062812,1.3161121219909668,6
2026-09-16,POLICYBZR,46,-0.013053344706991,0.7371434545134137,1.1540651,-1.1540651,0.10628119999999998,-1.2603463321411132,6
2026-09-16,POLICYBZR,47,0.0215414728964101,0.775683472146638,0.9281993,0.9281993,0.1062812,0.8219180912292481,6
2026-09-16,POLICYBZR,48,0.017259845373981435,0.7880017427538926,-0.12182593,-0.12182593,0.1062812,-0.22810713345642092,6
2026-09-16,POLICYBZR,49,-0.013644838375151283,0.8016846330147652,-0.4361987,0.4361987,0.10628119999999998,0.3299175113952637,6
2026-09-16,POLICYBZR,50,-0.04845652273931024,0.7766137177024985,0.42213202,-0.42213202,0.10628119999999998,-0.5284132152282714,6
2026-09-16,POLICYBZR,51,-0.0063961087305895205,0.7488401902155244,1.48772,-1.48772,0.1062812,-1.5940012126647949,6
2026-09-16,POLICYBZR,52,0.003735842625600073,0.7493992219119773,1.3525486,1.3525486,0.1062812,1.246267399243164,6
2026-09-16,POLICYBZR,53,-0.014816796542608304,0.7289241218482132,1.1689782,-1.1689782,0.1062812,-1.275259414263916,6
2026-09-16,POLICYBZR,54,-0.0017573430780140743,0.723442493623547,1.0914087,-1.0914087,0.1062812,-1.1976899295532226,6
2026-09-16,POLICYBZR,58,0.012742587511877856,0.7393595739190796,-0.07139444,-0.07139444,0.1062812,-0.1776756435119629,6
2026-09-16,POLICYBZR,59,0.03448456064340624,0.7503667378282565,-0.57389736,-0.57389736,0.10628119999999998,-0.6801785617553711,6
2026-09-16,POLICYBZR,60,0.02141038178413611,0.722442139292415,-0.26285052,-0.26285052,0.1062812,-0.36913172299499514,6
2026-09-16,POLYCAB,4,-0.017508731929513847,0.7002387346055717,0.8896589,-0.8896589,0.10628120000000002,-0.9959401279174804,6
2026-09-16,POWERINDIA,3,0.12699593041765025,0.7386905926597963,-0.38493872,-0.38493872,0.10628119999999998,-0.4912199168884277,6
2026-09-16,POWERINDIA,4,-0.01966182064975875,0.7358956957556911,0.5388975,-0.5388975,0.1062812,-0.6451787143432617,6
2026-09-16,POWERINDIA,5,-0.019597289699949727,0.7120042943289752,0.5899191,-0.5899191,0.1062812,-0.6962002902709961,6
2026-09-16,POWERINDIA,6,-0.09572231890010156,0.7363669631578613,-0.08357167,0.08357167,0.10628119999999998,-0.022709527560424783,6
2026-09-16,POWERINDIA,7,0.06139193655312726,0.7066979043091601,0.15052557,0.15052557,0.10628119999999998,0.044244369915771506,6
2026-09-16,PRESTIGE,3,0.13761059278361557,0.7391984050856648,-0.7839799,-0.7839799,0.10628119999999998,-0.8902610927307129,6
2026-09-16,PRESTIGE,4,-0.016503180936620288,0.7356481455295198,0.31764507,-0.31764507,0.1062812,-0.42392627293701174,6
2026-09-16,PRESTIGE,5,-0.0159078467932557,0.7286843709153547,0.4524231,-0.4524231,0.1062812,-0.558704295703125,6
2026-09-16,PRESTIGE,6,-0.11284737603404565,0.7403610908752563,0.61535835,-0.61535835,0.1062812,-0.7216395526611328,6
2026-09-16,PRESTIGE,7,0.04790645076984182,0.7151921104389067,0.19667149,0.19667149,0.10628119999999998,0.09039028590087893,6
2026-09-16,PRESTIGE,8,0.029693718324940388,0.7010169957691796,0.49893856,0.49893856,0.1062812,0.3926573604858398,6
2026-09-16,RECLTD,4,-0.01966891462034493,0.7044330613983548,-0.11296272,0.11296272,0.1062812,0.006681522778320306,6
2026-09-16,RVNL,3,0.14928206203269823,0.7058123671882858,-1.0823369,-1.0823369,0.10628119999999998,-1.1886181026184082,6
2026-09-16,RVNL,4,-0.015430383203191138,0.709846631263856,-0.49769282,0.49769282,0.10628119999999998,0.3914116234100342,6
2026-09-16,RVNL,5,-0.016608228184356408,0.7109131630790744,-0.16810298,0.16810298,0.1062812,0.06182177966003417,6
2026-09-16,RVNL,6,-0.1199232810704292,0.7602565046493386,0.22958517,-0.22958517,0.1062812,-0.33586637074584963,6
2026-09-16,SAIL,3,0.1499219385376816,0.7072444934966143,-0.69130063,-0.69130063,0.10628119999999998,-0.797581830569458,6
2026-09-16,SAIL,4,-0.021986229973299635,0.7312616792916103,0.44374466,-0.44374466,0.10628119999999998,-0.5500258594238281,6
2026-09-16,SAIL,5,-0.021986229973299635,0.7177794078114095,0.6085515,-0.6085515,0.1062812,-0.7148327022277832,6
2026-09-16,SAIL,6,-0.12597473509520557,0.7650468132187145,0.8023381,-0.8023381,0.10628119999999998,-0.9086193233215332,6
2026-09-16,SBICARD,3,0.15333149024169193,0.7365794031606274,-0.53333044,-0.53333044,0.1062812,-0.6396116405212402,6
2026-09-16,SBICARD,4,-0.022153396907861146,0.7576064616013096,0.30964613,-0.30964613,0.1062812,-0.4159273296081543,6
2026-09-16,SBICARD,5,-0.01984822070501168,0.7345755164239123,0.27712584,-0.27712584,0.1062812,-0.3834070354187012,6
2026-09-16,SBICARD,6,-0.11336457211241704,0.749486505171984,0.0243783,-0.0243783,0.1062812,-0.13065949971313479,6
2026-09-16,SBICARD,7,0.04955260518217269,0.7104525786803928,-0.38009882,-0.38009882,0.1062812,-0.48638001973266604,6
2026-09-16,SCHAEFFLER,3,0.15241959574528544,0.7090844240309814,-0.60527325,-0.60527325,0.10628119999999998,-0.7115544467651367,6
2026-09-16,SCHAEFFLER,4,-0.022387487041025254,0.732042148669996,0.1561284,-0.1561284,0.10628119999999998,-0.26240960652465817,6
2026-09-16,SCHAEFFLER,5,-0.025501546160223276,0.7364510613666543,0.56420565,-0.56420565,0.10628119999999998,-0.6704868465148925,6
2026-09-16,SCHAEFFLER,6,-0.125638008977289,0.7693907371328035,0.9464383,-0.9464383,0.1062812,-1.0527195125305175,6
2026-09-16,SHREECEM,4,-0.02007017168807055,0.7011186547781021,-0.11373758,0.11373758,0.10628119999999998,0.007456383160400412,6
2026-09-16,SIEMENS,3,0.14926195625722583,0.7599255699787199,-0.5968988,-0.5968988,0.10628120000000002,-0.7031799941741943,6
2026-09-16,SIEMENS,4,-0.02408237500438557,0.7718911198640136,0.73803663,-0.73803663,0.1062812,-0.8443178325378418,6
2026-09-16,SIEMENS,5,-0.02408237500438557,0.7628612107893574,1.0118246,-1.0118246,0.10628119999999998,-1.118105807849121,6
2026-09-16,SIEMENS,6,-0.11329338951753316,0.7745516665062325,0.85121393,-0.85121393,0.10628119999999998,-0.9574951320373535,6
2026-09-16,SIEMENS,7,0.06907062196606088,0.7227133829183985,0.3576994,0.3576994,0.1062812,0.2514181942260742,6
2026-09-16,SJVN,5,-0.03743366486509538,0.7130814008003916,0.5843282,-0.5843282,0.10628119999999998,-0.6906093745910644,6
2026-09-16,SJVN,6,-0.12848249453160285,0.7255064572987973,0.34661293,-0.34661293,0.1062812,-0.4528941302978516,6
2026-09-16,SOLARINDS,3,0.15314576894914794,0.7614362758888628,0.26751757,0.26751757,0.10628119999999998,0.16123636668090824,6
2026-09-16,SOLARINDS,4,-0.02604354070009687,0.7709087820773001,0.4561305,-0.4561305,0.1062812,-0.5624117046081543,6
2026-09-16,SOLARINDS,5,-0.025501546160223276,0.7857603355834458,0.4856944,-0.4856944,0.1062812,-0.591975608416748,6
2026-09-16,SOLARINDS,6,-0.11559077194428224,0.7888782750354347,0.45784712,-0.45784712,0.1062812,-0.5641283183776855,6
2026-09-16,SOLARINDS,7,0.054010861537441425,0.7664506340425831,-0.26680827,-0.26680827,0.1062812,-0.3730894714080811,6
2026-09-16,SOLARINDS,8,0.01655302403094635,0.7665249538843214,-0.23961663,-0.23961663,0.10628119999999998,-0.3458978324615478,6
2026-09-16,SOLARINDS,9,0.047794564077509816,0.7925717829960396,-1.2721956,-1.2721956,0.1062812,-1.37847677762146,6
2026-09-16,SOLARINDS,10,0.0790206186062444,0.7511698888665405,-0.10672212,-0.10672212,0.1062812,-0.21300331647033693,6
2026-09-16,SOLARINDS,11,0.03556045007838722,0.7397451140168483,-0.080150366,-0.080150366,0.1062812,-0.1864315658294678,6
2026-09-16,SOLARINDS,12,0.024831490598198308,0.771016095340687,0.885427,0.885427,0.1062812,0.7791457981384278,6
2026-09-16,SOLARINDS,13,-0.017416699631122558,0.7420715528234432,0.5631566,-0.5631566,0.1062812,-0.6694378047668457,6
2026-09-16,SOLARINDS,14,-0.005556643896425359,0.7173359673578082,0.16051531,-0.16051531,0.10628119999999998,-0.2667965083801269,6
2026-09-16,SOLARINDS,15,-0.002207255132565451,0.7489468640500159,0.10681152,-0.10681152,0.1062812,-0.21309272343750002,6
2026-09-16,SOLARINDS,16,0.0047667423671362875,0.7162281247940537,0.69761276,0.69761276,0.1062812,0.5913315624511719,6
2026-09-16,SOLARINDS,17,-0.04112615025270709,0.7043412726278048,0.053417683,-0.053417683,0.1062812,-0.1596988826477051,6
2026-09-16,SOLARINDS,18,0.02225459141582415,0.7110844417347153,0.053465366,0.053465366,0.1062812,-0.052815833636474616,6
2026-09-16,SOLARINDS,19,-0.006719913799034484,0.7538123820328838,-0.39914846,0.39914846,0.1062812,0.29286726420288084,6
2026-09-16,SOLARINDS,20,-0.014458218765112687,0.7136677768713423,0.98667145,-0.98667145,0.10628119999999998,-1.0929526477539062,6
2026-09-16,SOLARINDS,21,-0.01204160191409129,0.7000292636753527,1.22962,-1.22962,0.1062812,-1.3359011798583984,6
2026-09-16,SOLARINDS,22,0.03286276615710211,0.7051279273607489,0.5865097,0.5865097,0.1062812,0.48022850458984373,6
2026-09-16,SOLARINDS,27,0.013860750860097786,0.7368419746982502,-0.47531128,-0.47531128,0.1062812,-0.581592479296875,6
2026-09-16,SOLARINDS,28,0.04954811144937703,0.7346817327144427,-0.4756868,-0.4756868,0.1062812,-0.5819679885589599,6
2026-09-16,SOLARINDS,29,-0.03599824252448702,0.7173906907578277,-0.18562675,0.18562675,0.1062812,0.07934554522399902,6
2026-09-16,SOLARINDS,31,0.057736265919675345,0.7064553882199142,0.3457427,0.3457427,0.1062812,0.23946150248413084,6
2026-09-16,SUPREMEIND,3,0.12869704897887102,0.7126762156289731,-0.8481741,-0.8481741,0.1062812,-0.9544552951538086,6
2026-09-16,SUPREMEIND,4,-0.024712101861501214,0.718543306598605,0.10355711,-0.10355711,0.1062812,-0.2098383098327637,6
2026-09-16,SUPREMEIND,5,-0.010953659705474494,0.7223419629152673,0.5802274,-0.5802274,0.1062812,-0.6865085750305175,6
2026-09-16,SUPREMEIND,6,-0.1180313007473499,0.7546214228743863,0.121831894,-0.121831894,0.1062812,-0.22811309392089846,6
2026-09-16,SUZLON,3,0.15762084445237226,0.7215480570286605,-0.44981837,-0.44981837,0.1062812,-0.5560995727264404,6
2026-09-16,SUZLON,4,-0.018488710091139227,0.7256213668105878,0.16639233,-0.16639233,0.10628119999999998,-0.27267352635498043,6
2026-09-16,SUZLON,5,-0.022004026278062867,0.7293702056414608,0.620234,-0.620234,0.10628119999999998,-0.7265152126037597,6
2026-09-16,SUZLON,6,-0.10573864765027863,0.7482333693458194,0.45216084,-0.45216084,0.10628120000000002,-0.5584420352661132,6
2026-09-16,TATACOMM,3,0.1312559883717724,0.7540875154552261,0.18771887,0.18771887,0.1062812,0.08143766825561523,6
2026-09-16,TATACOMM,4,-0.00688420982857202,0.7143130481952508,0.57697296,-0.57697296,0.1062812,-0.6832541614257812,6
2026-09-16,TATACOMM,5,-0.02000564073826152,0.7092137797322663,1.355207,-1.355207,0.1062812,-1.4614881664001464,6
2026-09-16,TATACOMM,6,-0.07595867516410341,0.7069033703103501,1.2605548,-1.2605548,0.10628119999999998,-1.3668359904968261,6
2026-09-16,TATACOMM,7,0.04740197333172796,0.715823653760369,0.7889271,0.7889271,0.1062812,0.6826458782470703,6
2026-09-16,TATACOMM,8,0.024237738942301898,0.7011700934603045,1.0617137,1.0617137,0.1062812,0.9554324955261231,6
2026-09-16,TATACOMM,12,0.02617644552895736,0.7243264986144587,0.17489195,0.17489195,0.10628119999999998,0.0686107486999512,6
2026-09-16,TATACOMM,13,-0.00388548335114469,0.7079893559817634,-0.011253357,0.011253357,0.10628120000000002,-0.09502784306640627,6
2026-09-16,TATACOMM,14,0.016496672970754276,0.7033780230649923,-0.011259317,-0.011259317,0.1062812,-0.1175405173980713,6
2026-09-16,TATACOMM,65,-0.03750971792377656,0.7036330265172384,-0.08320212,0.08320212,0.10628119999999998,-0.023079076358032205,6
2026-09-16,TATACOMM,67,-0.09275310308677527,0.7150800559882583,-0.17130971,0.17130971,0.1062812,0.06502850954895019,6
2026-09-16,TATACONSUM,3,0.13338638935635064,0.7105388385724305,0.019955635,0.019955635,0.1062812,-0.08632556492919922,6
2026-09-16,TATAELXSI,4,-0.019769227445535296,0.7149588054488977,0.31790733,-0.31790733,0.1062812,-0.42418853337402346,6
2026-09-16,TATAELXSI,5,-0.03666765779471435,0.7029039649602333,0.3774166,-0.3774166,0.1062812,-0.48369781071777346,6
2026-09-16,TATAELXSI,6,-0.10870687725229584,0.7049658905524728,0.1706481,-0.1706481,0.1062812,-0.2769292979919434,6
2026-09-16,TATAINVEST,3,0.13572481736981312,0.7762803222081925,-1.1434913,-1.1434913,0.1062812,-1.249772468157959,6
2026-09-16,TATAINVEST,4,-0.03743366486509538,0.7803010641094253,-0.38579106,0.38579106,0.1062812,0.2795098633087158,6
2026-09-16,TATAINVEST,5,-0.03743366486509538,0.7985720770312426,0.7416725,-0.7416725,0.1062812,-0.8479537158691406,6
2026-09-16,TATAINVEST,6,-0.13999527579931975,0.8082960805317554,0.80537796,-0.80537796,0.1062812,-0.9116591602050781,6
2026-09-16,TATAINVEST,7,0.047527214520829926,0.763637977400588,0.9428382,0.9428382,0.1062812,0.836556991986084,6
2026-09-16,TATAINVEST,8,0.028148773989994318,0.7684504898626289,1.815474,1.815474,0.1062812,1.709192833355713,6
2026-09-16,TATAINVEST,9,0.03675317859957276,0.76957357799486,2.2285461,2.2285461,0.1062812,2.122264942578125,6
2026-09-16,TATAINVEST,10,0.05828736054705449,0.7582326614737644,2.016282,2.016282,0.10628119999999998,1.910000881604004,6
2026-09-16,TATAINVEST,11,0.011748305976875314,0.7401874098809532,2.2417545,2.2417545,0.1062812,2.1354733318603514,6
2026-09-16,TATAINVEST,12,0.02125508800006695,0.7594508850301758,2.647233,2.647233,0.10628120000000002,2.5409518093383787,6
2026-09-16,TATAINVEST,13,-0.010134534477452576,0.7793160091522219,2.546072,-2.546072,0.10628119999999998,-2.652353206225586,6
2026-09-16,TATAINVEST,14,0.014515438091983315,0.7528134895782198,2.8991938,2.8991938,0.1062812,2.79291256373291,6
2026-09-16,TATAINVEST,15,-0.005417743917673847,0.7835167916991823,1.0231733,-1.0231733,0.1062812,-1.1294545322143554,6
2026-09-16,TATAINVEST,16,0.0008931097999242775,0.7632006153547988,1.2507439,1.2507439,0.1062812,1.144462665966797,6
2026-09-16,TATAINVEST,17,-0.064677551793781,0.7437253040246637,0.7169008,-0.7169008,0.1062812,-0.8231820255004882,6
2026-09-16,TATAINVEST,18,-0.0002375082907361669,0.7361477759524092,0.48052073,-0.48052073,0.1062812,-0.5868019252502441,6
2026-09-16,TATAINVEST,19,-0.014648204959854284,0.7645517446841495,-0.5501628,0.5501628,0.10628119999999998,0.4438815922058106,6
2026-09-16,TATAINVEST,20,-0.027698862718223718,0.7792128145323606,-0.78706145,0.78706145,0.1062812,0.6807802528656006,6
2026-09-16,TATAINVEST,21,-0.024146304286978695,0.7894171930778768,-1.8219471,1.8219471,0.1062812,1.7156658977783203,6
2026-09-16,TATAINVEST,22,0.047186958283749275,0.733487731151049,-0.7523179,-0.7523179,0.10628120000000002,-0.8585991054260254,6
2026-09-16,TATAINVEST,23,-0.020812423819384945,0.738825907481257,-0.8668661,0.8668661,0.1062812,0.7605849117553711,6
2026-09-16,TATAINVEST,24,0.005263275833558873,0.766268688085012,-0.21777153,-0.21777153,0.1062812,-0.3240527301513672,6
2026-09-16,TATAINVEST,25,0.057436406256324485,0.7163404188828152,-0.6231427,-0.6231427,0.1062812,-0.7294239192687988,6
2026-09-16,TATAINVEST,26,0.0006751428281635103,0.7513471096703088,-0.16734004,-0.16734004,0.1062812,-0.2736212402069092,6
2026-09-16,TATAINVEST,27,-0.0036792497563294764,0.7334734275945574,0.0072717667,-0.0072717667,0.10628119999999998,-0.11355296666259763,6
2026-09-16,TATAINVEST,28,0.0631067760487092,0.7326662451202393,-0.021839142,-0.021839142,0.10628119999999998,-0.1281203418457031,6
2026-09-16,TCS,4,-0.025501546160223276,0.7474479682118508,0.409019,-0.409019,0.1062812,-0.5153001933776855,6
2026-09-16,TCS,5,-0.009743519721400326,0.7149672425918921,0.25168657,-0.25168657,0.1062812,-0.3579677730285645,6
2026-09-16,TCS,6,-0.08880705757079184,0.7163681818153862,0.17026663,-0.17026663,0.1062812,-0.2765478282653809,6
2026-09-16,TECHM,4,-0.015430383203191138,0.7163389478922243,0.5039215,-0.5039215,0.10628119999999998,-0.6102027087890625,6
2026-09-16,TECHM,6,-0.07815227783588284,0.704521437444998,0.42610168,-0.42610168,0.1062812,-0.5323828845703125,6
2026-09-16,THERMAX,3,0.14126215792298893,0.7441255037063235,-0.45939088,-0.45939088,0.1062812,-0.5656720786773681,6
2026-09-16,THERMAX,4,-0.026574343893652427,0.750431969305387,0.35381317,-0.35381317,0.10628120000000002,-0.46009437138671877,6
2026-09-16,THERMAX,5,-0.022387487041025254,0.7591440284438512,1.0295391,-1.0295391,0.1062812,-1.1358203082763672,6
2026-09-16,THERMAX,6,-0.12066760809905039,0.7888048926596037,1.0394812,-1.0394812,0.1062812,-1.1457623630249023,6
2026-09-16,THERMAX,7,0.03829152749296424,0.7081119541750237,0.4037857,0.4037857,0.10628119999999998,0.2975045055664063,6
2026-09-16,THERMAX,8,0.022790733054305935,0.7040274270727154,0.76298714,0.76298714,0.1062812,0.6567059368408203,6
2026-09-16,TIINDIA,3,0.13077370903014765,0.7510497368260372,-0.7523835,-0.7523835,0.1062812,-0.8586646705352783,6
2026-09-16,TIINDIA,4,-0.04084074890070926,0.7783522590921289,0.2927065,-0.2927065,0.1062812,-0.3989876895629883,6
2026-09-16,TIINDIA,5,-0.04043949183298364,0.7703889804618008,0.63097477,-0.63097477,0.10628120000000002,-0.7372559695922851,6
2026-09-16,TIINDIA,6,-0.13999527579931975,0.8055890957280736,0.6301403,-0.6301403,0.1062812,-0.7364215045654297,6
2026-09-16,TIINDIA,7,0.05676278005212642,0.7474983030643119,0.47197342,0.47197342,0.1062812,0.3656922191894531,6
2026-09-16,TIINDIA,8,0.0241990840864748,0.7384587414602745,1.1289597,1.1289597,0.1062812,1.0226784557617188,6
2026-09-16,TIINDIA,9,0.03554384920796237,0.7133514186493625,1.1416435,1.1416435,0.10628119999999998,1.035362324169922,6
2026-09-16,TIINDIA,10,0.05180077572573775,0.7176962403897469,1.5894771,1.5894771,0.1062812,1.4831958622253418,6
2026-09-16,TIINDIA,11,0.007849687533303262,0.7157403689445019,1.1833429,1.1833429,0.10628119999999998,1.0770617336547852,6
2026-09-16,TIINDIA,12,0.021393221503358543,0.7092995900126946,0.9989977,0.9989977,0.10628119999999998,0.8927164882934571,6
2026-09-16,TIINDIA,13,-0.009549774783087012,0.7029295707082337,0.892961,-0.892961,0.10628119999999998,-0.9992422252380371,6
2026-09-16,TIINDIA,15,-0.005758341017695859,0.7145756424000219,0.9785652,-0.9785652,0.10628119999999998,-1.084846416064453,6
2026-09-16,TIINDIA,17,-0.055890358640234256,0.7016286078061941,0.90082884,-0.90082884,0.1062812,-1.0071100383483886,6
2026-09-16,TIINDIA,23,-0.006516913606821441,0.7123921435257147,0.04299879,-0.04299879,0.1062812,-0.14927999074096682,6
2026-09-16,TIINDIA,24,0.004854148739208416,0.7064588069235334,0.10564327,0.10564327,0.1062812,-0.0006379276000976625,6
2026-09-16,TMCV,3,0.14845012248222064,0.7132036510502046,-0.70030093,-0.70030093,0.10628119999999998,-0.806582131930542,6
2026-09-16,TMCV,4,-0.01853471443526756,0.7291677094608473,-0.02387166,0.02387166,0.1062812,-0.08240953976745606,6
2026-09-16,TMCV,5,-0.022004026278062867,0.7474479682118508,0.6711364,-0.6711364,0.1062812,-0.7774175792419433,6
2026-09-16,TMCV,6,-0.11860051651368834,0.7551140439253893,0.73053837,-0.73053837,0.10628119999999998,-0.8368195682250976,6
2026-09-16,TMCV,8,0.026408768643425923,0.7021735169276276,0.47596693,0.47596693,0.1062812,0.3696857303894043,6
2026-09-16,TORNTPOWER,3,0.16148455136882195,0.7134778843790119,-0.6243646,-0.6243646,0.10628119999999998,-0.7306458144866943,6
2026-09-16,TORNTPOWER,4,-0.022387487041025254,0.7330029685388878,-0.07055402,0.07055402,0.10628119999999998,-0.035727181979370096,6
2026-09-16,TORNTPOWER,5,-0.025501546160223276,0.7608594583745927,0.59096813,-0.59096813,0.1062812,-0.6972493320190429,6
2026-09-16,TORNTPOWER,6,-0.11962013068336236,0.7677752889943198,0.3219247,-0.3219247,0.1062812,-0.4282058864318848,6
2026-09-16,TORNTPOWER,16,-0.0009262070020137069,0.7402678244822357,-0.386101,0.386101,0.1062812,0.27981980746154783,6
2026-09-16,TORNTPOWER,17,-0.06281140578471417,0.7172056284129292,-0.4629612,0.4629612,0.1062812,0.35667999689941404,6
2026-09-16,TVSMOTOR,4,-0.006417937584825495,0.7063465742596504,0.06469488,-0.06469488,0.10628119999999998,-0.17097608143920895,6
2026-09-16,UNITDSPR,3,0.14928206203269823,0.7120552465089172,-0.101578236,-0.101578236,0.1062812,-0.20785943562622072,6
2026-09-16,UNITDSPR,4,-0.02007017168807055,0.7013736634645354,0.61171055,-0.61171055,0.1062812,-0.7179917484008789,6
2026-09-16,UNITDSPR,5,-0.01859611688691578,0.7201635818509603,1.0520935,-1.0520935,0.1062812,-1.158374705859375,6
2026-09-16,UNITDSPR,6,-0.10920746181341029,0.7102813478350387,0.946486,-0.946486,0.1062812,-1.0527671962463379,6
2026-09-16,UNOMINDA,3,0.12841373936194642,0.7311724104122134,-0.21364093,-0.21364093,0.10628119999999998,-0.3199221282684326,6
2026-09-16,UNOMINDA,6,-0.10006476430555225,0.7223133047337884,0.566566,-0.566566,0.10628119999999998,-0.672847190447998,6
2026-09-16,UPL,6,-0.11211246829432116,0.7005879482824027,-0.3248334,0.3248334,0.1062812,0.2185521930969238,6
2026-09-16,VEDL,3,0.13187890675812666,0.7051743766841044,-0.51020384,-0.51020384,0.10628119999999998,-0.6164850383483886,6
2026-09-16,VEDL,6,-0.12302347200292814,0.7077845523202557,0.27635098,-0.27635098,0.10628119999999998,-0.38263217503662106,6
2026-09-16,VOLTAS,6,-0.0828332952566966,0.7012736558132404,0.28972626,-0.28972626,0.1062812,-0.39600745732421877,6
2026-09-16,YESBANK,3,0.13189586487675578,0.7460071671152134,-1.5500665,-1.5500665,0.1062812,-1.6563476710998535,6
2026-09-16,YESBANK,4,-0.02221790884348011,0.7527364480839691,-1.092428,1.092428,0.10628119999999998,0.9861467689788819,6
2026-09-16,YESBANK,5,-0.012598937735431838,0.735575336965718,-0.7989943,0.7989943,0.1062812,0.6927131027496338,6
2026-09-16,YESBANK,6,-0.08137164884893344,0.7472205292282438,-0.71338415,0.71338415,0.1062812,0.6071029514587403,6
2026-09-16,YESBANK,7,0.048328422382287274,0.7246141455681031,-0.4221201,-0.4221201,0.10628120000000002,-0.5284012942993164,6
2026-09-16,YESBANK,8,0.036922136598057174,0.8041017716239146,0.4266262,0.4266262,0.10628119999999998,0.320345005444336,6
2026-09-16,YESBANK,9,0.064470525086513,0.7807336128356489,0.4692793,0.4692793,0.10628119999999998,0.3629980892456055,6
2026-09-16,YESBANK,10,0.09585295639501401,0.7397700953226948,0.12761354,0.12761354,0.10628119999999998,0.02133234446411135,6
2026-09-16,YESBANK,11,0.029448114657965627,0.7141298654864695,-0.04248023,-0.04248023,0.1062812,-0.14876143033142092,6
2026-09-16,YESBANK,12,0.028138257725953283,0.7225914127459258,-0.29673576,-0.29673576,0.1062812,-0.4030169635498047,6
2026-09-16,YESBANK,13,-0.0086347109060785,0.7469249983901765,-0.42265654,0.42265654,0.10628119999999998,0.31637533610229496,6
2026-09-16,ZYDUSLIFE,3,0.12552430234628342,0.7265841798069823,-0.27434826,-0.27434826,0.1062812,-0.380629458972168,6
2026-09-16,ZYDUSLIFE,4,-0.03980024351959307,0.7232191529786262,0.43166876,-0.43166876,0.1062812,-0.537949958392334,6
2026-09-16,ZYDUSLIFE,5,-0.03783179343466019,0.7073113995632044,0.7639289,-0.7639289,0.1062812,-0.8702100902282714,6
2026-09-16,ZYDUSLIFE,6,-0.11908993751098843,0.7204586861980578,0.55116415,-0.55116415,0.10628119999999998,-0.6574453502380371,6
2026-09-17,ABB,3,0.04174106042018888,0.7756113277547239,-0.2669871,-0.2669871,0.1062812,-0.37326828534240725,6
2026-09-17,ABB,4,-0.00022612950720465267,0.7605095760110512,-0.77720284,0.77720284,0.1062812,0.670921644619751,6
2026-09-17,ABB,5,0.0064765426526761875,0.7057267657982105,-0.2390325,-0.2390325,0.1062812,-0.34531370694274904,6
2026-09-17,AIAENG,3,0.04358948630562875,0.7315133530649358,1.0095835,1.0095835,0.10628119999999998,0.9033022732055664,6
2026-09-17,AIAENG,4,-0.0032665250945710677,0.7131175513891383,0.9721041,-0.9721041,0.10628119999999998,-1.0783852725708007,6
2026-09-17,AIAENG,10,9.932882390696271e-05,0.7508447638953968,-0.39185882,-0.39185882,0.1062812,-0.4981400161468506,6
2026-09-17,AIAENG,11,0.0014163866585377488,0.7464161947589991,-0.01797676,-0.01797676,0.1062812,-0.12425796086425782,6
2026-09-17,AIAENG,12,-0.01650232538334536,0.7209521862944296,0.265193,-0.265193,0.1062812,-0.371474185534668,6
2026-09-17,AIAENG,28,-0.002018008927279859,0.7125693011568672,-0.11649728,0.11649728,0.1062812,0.01021607821350097,6
2026-09-17,AIAENG,38,0.030670178329461967,0.7059365460811886,-0.48613548,-0.48613548,0.1062812,-0.5924166827880859,6
2026-09-17,AIAENG,39,-0.008771177307631923,0.7158293396994259,-0.5809903,0.5809903,0.1062812,0.47470911448364256,6
2026-09-17,APARINDS,4,0.0034062110995181504,0.7145588006475125,-0.4366815,-0.4366815,0.10628119999999998,-0.5429627090179443,6
2026-09-17,APARINDS,19,-0.027445902656789603,0.7393912988900153,-0.0057816505,0.0057816505,0.10628120000000002,-0.10049954945678713,6
2026-09-17,APARINDS,20,-0.031561342889201524,0.7154470344246748,-0.15001893,0.15001893,0.1062812,0.04373773043518066,6
2026-09-17,APARINDS,21,-0.018805581014229918,0.722170871325568,-0.8863807,0.8863807,0.10628119999999998,0.780099472454834,6
2026-09-17,APARINDS,24,0.009897196876395621,0.7006576997880064,0.9881377,0.9881377,0.1062812,0.8818565220153809,6
2026-09-17,APARINDS,26,-0.000928999028860761,0.7144670194598596,0.19067526,-0.19067526,0.1062812,-0.29695645863647463,6
2026-09-17,APARINDS,27,0.0027198937795455476,0.7000093840442366,0.49141645,0.49141645,0.1062812,0.3851352543151855,6
2026-09-17,APARINDS,31,0.07805606473455529,0.7322239550187384,0.6274462,0.6274462,0.1062812,0.5211649746215821,6
2026-09-17,APARINDS,33,0.013984813926006362,0.7075992370007324,0.8592844,0.8592844,0.1062812,0.7530032009399414,6
2026-09-17,APARINDS,36,0.13136961153319648,0.7117156560655779,0.5854368,0.5854368,0.1062812,0.4791556209838867,6
2026-09-17,APARINDS,38,0.027455584557689337,0.7070580106816394,0.011432171,0.011432171,0.1062812,-0.09484902913208008,6
2026-09-17,APARINDS,63,0.03276057576291551,0.7503771279807188,-0.3747642,-0.3747642,0.10628119999999998,-0.4810454040252685,6
2026-09-17,APLAPOLLO,4,-0.03841134818921022,0.712687198698266,0.3177762,-0.3177762,0.10628119999999998,-0.42405740315551754,6
2026-09-17,APOLLOTYRE,3,0.0440494426247622,0.7596656937063487,-0.42850375,-0.42850375,0.1062812,-0.5347849517547607,6
2026-09-17,APOLLOTYRE,5,0.0008695772071373947,0.7059102691760613,-0.23289323,-0.23289323,0.1062812,-0.3391744285308838,6
2026-09-17,AWL,3,0.03839085740748586,0.7287754171297308,0.14073849,0.14073849,0.10628120000000002,0.034457287243652324,6
2026-09-17,AWL,4,-0.0038589763000487355,0.7457556865271884,-0.0054121017,0.0054121017,0.1062812,-0.10086909825439454,6
2026-09-17,AWL,5,-0.0030750889478867944,0.7262213077953266,-0.21636486,0.21636486,0.10628119999999998,0.11008366053466799,6
2026-09-17,BANKINDIA,3,0.039365282878363765,0.7343641300618645,-0.24855733,-0.24855733,0.10628119999999998,-0.3548385291778564,6
2026-09-17,BHARATFORG,4,0.0013046981248166299,0.7051333325921976,-0.078868866,-0.078868866,0.10628120000000002,-0.1851500659667969,6
2026-09-17,BHEL,3,0.043555216232935436,0.7458824932403472,0.08345842,0.08345842,0.1062812,-0.022822776385498053,6
2026-09-17,BHEL,4,-0.011832342372475112,0.762398882142899,-0.6876111,0.6876111,0.1062812,0.5813299030578614,6
2026-09-17,BHEL,5,0.0013367486997016855,0.7237599720877048,-0.36799908,-0.36799908,0.1062812,-0.47428027684326174,6
2026-09-17,BHEL,34,0.0026195276801644265,0.705697042408276,0.10561943,0.10561943,0.1062812,-0.0006617694580078187,6
2026-09-17,BIOCON,34,0.022818125209312798,0.7101693765652123,-0.013160706,-0.013160706,0.10628119999999998,-0.11944190556640623,6
2026-09-17,BLUESTARCO,5,0.0003514534707269477,0.7267093253876062,-0.18996596,-0.18996596,0.1062812,-0.2962471633636475,6
2026-09-17,BSE,4,-0.002636177121723089,0.7157226056831433,0.19160509,-0.19160509,0.1062812,-0.2978862910949707,6
2026-09-17,BSE,5,-0.0008089813324133057,0.7027808630287175,-0.26381016,0.26381016,0.10628120000000002,0.1575289577758789,6
2026-09-17,CGPOWER,3,0.043555216232935436,0.7193840066109465,-0.017249584,-0.017249584,0.1062812,-0.12353078419799805,6
2026-09-17,CGPOWER,4,-0.008659573774633375,0.7275935410093397,-0.29298663,0.29298663,0.1062812,0.1867054313934326,6
2026-09-17,CHOLAFIN,3,0.03564438546892175,0.7465566855372008,-0.44225454,-0.44225454,0.1062812,-0.5485357433044433,6
2026-09-17,CHOLAFIN,4,-0.008016514000697014,0.7091510463285571,-0.7663429,0.7663429,0.1062812,0.6600616783416748,6
2026-09-17,COFORGE,6,-0.0005032602548402269,0.7014164435186476,-0.5576551,0.5576551,0.10628119999999998,0.4513738960540772,6
2026-09-17,COLPAL,9,-0.003923343892093233,0.7004233853020991,0.58760643,-0.58760643,0.10628119999999998,-0.6938876300537109,6
2026-09-17,COLPAL,10,-0.0014226057662903042,0.7144017261102737,0.42122602,-0.42122602,0.10628119999999998,-0.5275072246276855,6
2026-09-17,DIXON,8,0.005336805798010576,0.7061272858723622,-0.6981075,-0.6981075,0.10628119999999998,-0.8043886810028076,6
2026-09-17,DLF,3,0.037698104328128784,0.7028027031762745,0.38950443,0.38950443,0.1062812,0.28322323267822264,6
2026-09-17,DLF,5,-0.000496395536171957,0.7016197756527964,-0.06341934,0.06341934,0.10628119999999998,-0.04286185795898435,6
2026-09-17,DRREDDY,39,-0.01819925064793101,0.7060929799471617,-0.85275173,0.85275173,0.10628119999999998,0.7464705318725586,6
2026-09-17,ENDURANCE,3,0.04593213858289538,0.7544439692747666,-0.7055342,-0.7055342,0.1062812,-0.8118154197418213,6
2026-09-17,ENDURANCE,4,-0.0015504722196065261,0.72524468980268,-0.8336425,0.8336425,0.10628119999999998,0.7273612827575684,6
2026-09-17,ETERNAL,6,-0.00491760194162346,0.712767890732237,0.61604977,-0.61604977,0.1062812,-0.7223309665405273,6
2026-09-17,ETERNAL,8,0.005336805798010576,0.7018067128777342,0.27645826,0.27645826,0.1062812,0.17017706339721678,6
2026-09-17,FLUOROCHEM,3,0.04358948630562875,0.7236981527721643,-0.11500716,-0.11500716,0.10628120000000002,-0.22128836209411623,6
2026-09-17,FLUOROCHEM,14,0.005977719879498059,0.7235257336005856,-0.8880079,-0.8880079,0.10628119999999998,-0.9942890792572021,6
2026-09-17,FLUOROCHEM,15,0.012742080148096588,0.7302265845019389,-0.7168114,-0.7168114,0.10628119999999998,-0.8230926185333252,6
2026-09-17,FLUOROCHEM,32,0.03980938607239549,0.7151684496767637,-0.09908676,-0.09908676,0.10628119999999998,-0.20536796147460934,6
2026-09-17,GODREJPROP,4,-0.007441854197106497,0.701948363723127,-0.3571868,0.3571868,0.1062812,0.25090559428100584,6
2026-09-17,HDFCLIFE,3,0.03933101280567045,0.7129564154196779,2.4721146,2.4721146,0.1062812,2.365833362988281,6
2026-09-17,HDFCLIFE,6,-0.003250423391388481,0.7342419881794108,1.4678717,-1.4678717,0.1062812,-1.5741528659545898,6
2026-09-17,HDFCLIFE,7,-0.008193360204068887,0.733900031323198,1.3923407,-1.3923407,0.10628119999999998,-1.4986218600952148,6
2026-09-17,HDFCLIFE,8,-0.0024180104997255057,0.7710601350785161,0.3934145,-0.3934145,0.1062812,-0.4996956973754883,6
2026-09-17,HDFCLIFE,9,-0.005945880015971007,0.7775426456508259,-0.6267071,0.6267071,0.1062812,0.5204258770263672,6
2026-09-17,HDFCLIFE,10,-0.002482981188862101,0.7691402045851484,-0.78911185,0.78911185,0.1062812,0.6828306526458741,6
2026-09-17,HDFCLIFE,11,0.004212104391140829,0.7405844125947825,-0.7076144,-0.7076144,0.1062812,-0.8138956218444824,6
2026-09-17,HDFCLIFE,12,-0.01684628107650861,0.7003756772658835,-0.3552258,0.3552258,0.10628120000000002,0.2489446014678955,6
2026-09-17,HUDCO,3,0.0417079351556304,0.7023387948083675,-0.3014803,-0.3014803,0.1062812,-0.4077614932739258,6
2026-09-17,ICICIGI,8,0.005770546746539294,0.7017864593666447,0.5248785,0.5248785,0.10628119999999998,0.4185973018920899,6
2026-09-17,ICICIGI,9,0.003936386772519007,0.7198377913028586,-0.040733814,-0.040733814,0.1062812,-0.14701501423950197,6
2026-09-17,ICICIGI,11,0.011066558656147241,0.7044399618900092,-0.5008459,-0.5008459,0.10628119999999998,-0.6071271091186523,6
2026-09-17,ICICIPRULI,4,-0.0032665250945710677,0.7137598797164865,1.9715309,-1.9715309,0.10628119999999998,-2.077812114306641,6
2026-09-17,ICICIPRULI,8,0.005446674941857669,0.7302286379794526,0.9932041,0.9932041,0.10628119999999998,0.8869229168212891,6
2026-09-17,ICICIPRULI,9,-0.0022561653418582536,0.7534224504623672,0.46801567,-0.46801567,0.1062812,-0.5742968707763672,6
2026-09-17,ICICIPRULI,10,-0.0019817306312455603,0.7661844690381683,0.11396408,-0.11396408,0.10628120000000002,-0.2202452808105469,6
2026-09-17,ICICIPRULI,11,0.006822673894050169,0.7379622097734505,-0.051677227,-0.051677227,0.1062812,-0.1579584270202637,6
2026-09-17,ICICIPRULI,12,-0.031268813168304856,0.7284129478687545,0.05170107,-0.05170107,0.1062812,-0.15798226887817385,6
2026-09-17,ICICIPRULI,30,0.022784255794187115,0.7227277639365116,0.58157444,0.58157444,0.1062812,0.4752932400024414,6
2026-09-17,ICICIPRULI,33,0.01285842543322558,0.701176953169976,0.53839684,0.53839684,0.1062812,0.4321156353271484,6
2026-09-17,INDIANB,3,0.037698104328128784,0.70945257552789,-0.5316973,-0.5316973,0.1062812,-0.6379784732543945,6
2026-09-17,INDUSINDBK,3,0.04166778212183204,0.7277254408377023,-0.020742416,-0.020742416,0.1062812,-0.12702361638183596,6
2026-09-17,IPCALAB,3,0.04358948630562875,0.7427957953702228,1.0389328,1.0389328,0.10628119999999998,0.9326516002929688,6
2026-09-17,IPCALAB,4,-0.005774675646871519,0.7364997955876461,1.1060834,-1.1060834,0.10628119999999998,-1.2123645930969238,6
2026-09-17,IPCALAB,5,0.001170783014063022,0.7215403011878794,0.66229105,0.66229105,0.1062812,0.5560098499572754,6
2026-09-17,IPCALAB,6,-0.004605016145382111,0.7232265795901972,0.11011362,-0.11011362,0.1062812,-0.21639482075805666,6
2026-09-17,IPCALAB,8,0.0015531929764324532,0.7342266831278003,-0.6979406,-0.6979406,0.10628119999999998,-0.8042217879974365,6
2026-09-17,IPCALAB,10,0.008641775050545406,0.7011060935247706,-1.0881543,-1.0881543,0.10628119999999998,-1.1944355159484863,6
2026-09-17,IPCALAB,21,0.003207333994024679,0.7538373936434601,-0.23472309,-0.23472309,0.10628119999999998,-0.34100429112548825,6
2026-09-17,IPCALAB,22,-0.0017143384756274696,0.7333911559978844,-0.14796257,0.14796257,0.1062812,0.04168137019042968,6
2026-09-17,IPCALAB,23,0.014707556279649587,0.7076028309020017,-0.06633401,-0.06633401,0.1062812,-0.17261520917053225,6
2026-09-17,IPCALAB,25,0.012034885707961282,0.7048570639959163,0.40471554,0.40471554,0.1062812,0.2984343380249023,6
2026-09-17,IPCALAB,26,0.017229811821294832,0.7015468324408588,0.42526722,0.42526722,0.1062812,0.318986019543457,6
2026-09-17,JKCEMENT,31,0.050992966248936046,0.7311800077914957,0.43491125,0.43491125,0.1062812,0.3286300510681152,6
2026-09-17,JKCEMENT,32,0.017185870708517098,0.7218756446019601,0.19211769,0.19211769,0.1062812,0.08583649104003906,6
2026-09-17,JUBLFOOD,3,0.039365282878363765,0.7186311207874918,1.7157912,1.7157912,0.1062812,1.6095100254333496,6
2026-09-17,JUBLFOOD,4,-0.007623101532311386,0.7121089124393634,1.1139154,-1.1139154,0.1062812,-1.2201966434204101,6
2026-09-17,JUBLFOOD,5,0.001170783014063022,0.7149313592458726,0.5863905,0.5863905,0.1062812,0.48010929530029295,6
2026-09-17,JUBLFOOD,6,-0.005164141010337365,0.7429888956397236,0.33367872,-0.33367872,0.10628119999999998,-0.43995992238159176,6
2026-09-17,JUBLFOOD,7,-0.007519474261059495,0.7314870148934637,0.33333302,-0.33333302,0.1062812,-0.43961421544189455,6
2026-09-17,JUBLFOOD,8,0.0015531929764324532,0.7401398664386483,-0.15568137,-0.15568137,0.1062812,-0.2619625716888428,6
2026-09-17,JUBLFOOD,9,-0.0019746765398130483,0.7092936474196245,-0.3109455,0.3109455,0.1062812,0.2046643108642578,6
2026-09-17,JUBLFOOD,10,0.0005260615859898822,0.7144885353890884,-0.45548677,-0.45548677,0.10628119999999998,-0.56176797444458,6
2026-09-17,KALYANKJIL,3,0.04735431399265515,0.7418573532731464,0.8375883,0.8375883,0.1062812,0.7313071102416993,6
2026-09-17,KALYANKJIL,4,-0.002548050307145611,0.719247733331713,0.55674314,-0.55674314,0.10628120000000002,-0.6630243449890136,6
2026-09-17,KALYANKJIL,5,0.004491147103707646,0.7136105293423916,0.7629633,0.7629633,0.10628119999999998,0.6566820949829102,6
2026-09-17,KALYANKJIL,6,0.0006092658132746961,0.7064563350098141,0.5663276,0.5663276,0.1062812,0.46004637186889646,6
2026-09-17,KALYANKJIL,11,0.012069697974550809,0.7120554056609768,0.102221966,0.102221966,0.10628119999999998,-0.004059234210205057,6
2026-09-17,KPITTECH,4,-0.0032665250945710677,0.7023974457485224,0.08068085,-0.08068085,0.1062812,-0.18696204716796877,6
2026-09-17,LICHSGFIN,35,0.020502526556520788,0.7251151219936995,-0.11754632,-0.11754632,0.1062812,-0.22382751996154787,6
2026-09-17,LICHSGFIN,36,0.11627184482987825,0.7131108412521285,-0.117355585,-0.117355585,0.1062812,-0.22363678509826662,6
2026-09-17,LICHSGFIN,37,0.11482757614782751,0.7083008811073449,-0.34302473,-0.34302473,0.1062812,-0.44930593068237307,6
2026-09-17,LODHA,3,0.0433651525022561,0.7301087253484041,0.5929589,0.5929589,0.1062812,0.486677727154541,6
2026-09-17,LODHA,5,0.0014709300126818313,0.7504619458350624,-0.335747,-0.335747,0.10628119999999998,-0.4420282035552978,6
2026-09-17,LODHA,9,0.009312148101081436,0.7072891495659491,0.0,0.0,0.10628119999999998,-0.10628119999999998,6
2026-09-17,LODHA,10,0.019604809648890477,0.7049462793176414,-0.06348491,-0.06348491,0.1062812,-0.16976610715026857,6
2026-09-17,LODHA,31,0.05415944637824351,0.7472560149694797,-0.7271707,-0.7271707,0.10628119999999998,-0.833451905795288,6
2026-09-17,LODHA,32,0.02171374362376352,0.7317411983460897,-0.65559745,-0.65559745,0.10628119999999998,-0.761878648348999,6
2026-09-17,LODHA,34,0.023835105209317982,0.7034629803739642,-0.33389926,-0.33389926,0.10628119999999998,-0.4401804595672607,6
2026-09-17,LTF,3,0.04166778212183204,0.7446530550110273,0.033414364,0.033414364,0.1062812,-0.07286683613891602,6
2026-09-17,LTF,4,0.000382660194038399,0.7617267938370563,-0.7150054,-0.7150054,0.1062812,-0.8212865977966308,6
2026-09-17,LTF,5,0.003992353106229448,0.7073151370343849,-0.35105944,-0.35105944,0.1062812,-0.4573406367980957,6
2026-09-17,MAHABANK,3,0.04174106042018888,0.762398882142899,-0.24228096,-0.24228096,0.1062812,-0.34856216008300783,6
2026-09-17,MAHABANK,4,-0.00022612950720465267,0.7822923711977688,-0.91543794,0.91543794,0.1062812,0.809156736782837,6
2026-09-17,MAHABANK,5,0.005873537923208023,0.7515591030659488,-0.71281195,-0.71281195,0.1062812,-0.8190931468688964,6
2026-09-17,MAHABANK,6,-0.00942444610693761,0.7077732244150058,-0.54597855,0.54597855,0.10628119999999998,0.43969734614257816,6
2026-09-17,MAHABANK,7,0.004498057583194424,0.7134782513446958,0.32926798,0.32926798,0.1062812,0.22298677866821287,6
2026-09-17,MAZDOCK,15,-0.0044053856136068124,0.7325508796856355,-0.09534359,0.09534359,0.1062812,-0.010937610217285162,6
2026-09-17,MAZDOCK,18,-0.02142696579049284,0.7043777468640215,0.41440725,-0.41440725,0.10628119999999998,-0.5206884532653808,6
2026-09-17,MCX,3,0.04243618791592034,0.7161092518913522,1.6084075,1.6084075,0.10628119999999998,1.502126297406006,6
2026-09-17,MCX,4,-0.005165885945628467,0.7404500021695953,0.86073875,-0.86073875,0.1062812,-0.9670199542724609,6
2026-09-17,MCX,5,0.0008300049526069596,0.7186915921802675,0.71132183,0.71132183,0.10628119999999998,0.6050406307495118,6
2026-09-17,MCX,6,-0.00580789928029065,0.7303737961228516,0.75747967,-0.75747967,0.10628119999999998,-0.8637608676635742,6
2026-09-17,MCX,10,0.009457845563632342,0.702230512116841,0.43827295,0.43827295,0.1062812,0.33199175303344725,6
2026-09-17,MEDANTA,3,0.013960084086097956,0.702904722211022,1.0704994,1.0704994,0.1062812,0.9642182201660157,6
2026-09-17,MEDANTA,4,-0.0033988981050463935,0.759874578091817,0.2863884,-0.2863884,0.1062812,-0.3926695972167969,6
2026-09-17,MEDANTA,5,0.002261631849673519,0.7152994636549452,0.40593147,0.40593147,0.1062812,0.2996502727783203,6
2026-09-17,MEDANTA,7,-0.008110276139148725,0.71006360195631,-0.87890625,0.87890625,0.10628119999999998,0.77262505,6
2026-09-17,MEDANTA,9,0.000251626875377186,0.7009608146781766,-1.2387812,-1.2387812,0.10628119999999998,-1.345062413760376,6
2026-09-17,MFSL,3,0.011393098005458662,0.7475825642562879,2.168262,2.168262,0.1062812,2.0619808048522947,6
2026-09-17,MFSL,4,-0.03231363013377652,0.765354318170726,1.3244987,-1.3244987,0.1062812,-1.4307798534118652,6
2026-09-17,MFSL,5,0.0022043542248969634,0.7282977658344362,1.5723825,1.5723825,0.1062812,1.4661012501037598,6
2026-09-17,MFSL,6,-0.008232263956853305,0.7521880618374119,1.2341619,-1.2341619,0.10628119999999998,-1.3404430537902832,6
2026-09-17,MFSL,7,-0.012540649970998805,0.7340917276335053,0.8199334,-0.8199334,0.1062812,-0.9262146144592285,6
2026-09-17,MFSL,8,-0.005330927952562499,0.7819429504322943,0.0,-0.0,0.1062812,-0.1062812,6
2026-09-17,MFSL,9,-0.005468925985866009,0.7855734142903913,-0.6211996,0.6211996,0.1062812,0.5149184078491211,6
2026-09-17,MFSL,10,0.02065922020996356,0.7486420151503552,-0.62658787,-0.62658787,0.10628120000000002,-0.7328690677368164,6
2026-09-17,MFSL,11,0.004565624741206487,0.7370224359940651,-0.39241314,-0.39241314,0.10628120000000002,-0.49869433934326174,6
2026-09-17,MFSL,12,-0.011513685531749952,0.7030353059830302,0.10493994,-0.10493994,0.10628119999999998,-0.2112211375915527,6
2026-09-17,MOTILALOFS,3,0.033341886225453476,0.7629544503110556,-0.36944747,-0.36944747,0.1062812,-0.47572866971130373,6
2026-09-17,MOTILALOFS,4,-0.008625303701940066,0.7387139724413904,-0.5490124,0.5490124,0.1062812,0.4427312225616455,6
2026-09-17,MOTILALOFS,5,0.002261631849673519,0.722050326330897,-0.6893158,-0.6893158,0.10628119999999998,-0.7955969958984375,6
2026-09-17,M_AND_MFIN,4,-0.001993117347786728,0.72306778854208,-0.31415224,0.31415224,0.1062812,0.2078710407531738,6
2026-09-17,NIACL,3,0.045729197023264424,0.7811780958339095,-0.50827265,-0.50827265,0.1062812,-0.614553847857666,6
2026-09-17,NIACL,4,-0.0015193310724828143,0.7779347660853565,-0.24924278,0.24924278,0.1062812,0.14296158259277342,6
2026-09-17,NIACL,5,-0.002635702853359548,0.750685239632748,-1.2325823,1.2325823,0.1062812,1.1263011307037354,6
2026-09-17,NIACL,6,-0.015243472958967984,0.778142785552343,-1.7959476,1.7959476,0.1062812,1.689666351727295,6
2026-09-17,NIACL,7,-0.015399824250723046,0.7634035161171345,-1.1000395,1.1000395,0.1062812,0.9937582821166993,6
2026-09-17,NIACL,8,0.0023290570559947677,0.7683723424580949,-0.6781101,-0.6781101,0.1062812,-0.784391322680664,6
2026-09-17,NIACL,9,-0.0017045862953952082,0.7716341413385719,-0.40760636,0.40760636,0.1062812,0.30132516329650877,6
2026-09-17,NIACL,10,0.005760721004676995,0.7535501715919222,-0.49034953,-0.49034953,0.1062812,-0.596630731173706,6
2026-09-17,NIACL,11,-0.008371432641746994,0.7511370855989612,-0.5726218,0.5726218,0.1062812,0.4663406223571777,6
2026-09-17,NIACL,12,-0.014590125810602718,0.7784870951125469,-0.23074746,0.23074746,0.1062812,0.12446626131896972,6
2026-09-17,NIACL,13,0.012363670388068794,0.7819974634810082,-0.12617707,-0.12617707,0.10628119999999998,-0.23245827252502438,6
2026-09-17,NIACL,14,-0.004603438452985643,0.7786139350987439,-0.32542944,0.32542944,0.10628119999999995,0.21914823954467777,6
2026-09-17,NIACL,15,-0.006398910661241507,0.7403954261505952,-0.3884852,0.3884852,0.1062812,0.28220399325256346,6
2026-09-17,NIACL,16,-0.025174525776371418,0.7198287529876143,-0.32022595,0.32022595,0.1062812,0.2139447540557861,6
2026-09-17,NIACL,17,-0.019064190668162014,0.7224481630274115,-0.43489933,0.43489933,0.1062812,0.32861813013916014,6
2026-09-17,NIACL,18,-0.017315748802130396,0.7086009911938983,-0.39295554,0.39295554,0.10628119999999998,0.2866743416107178,6
2026-09-17,NIACL,19,-0.01290353923146965,0.7122177875893123,0.131464,-0.131464,0.10628119999999998,-0.23774520451660153,6
2026-09-17,NIACL,31,0.05609363919972552,0.7104791025859037,2.4661899,2.4661899,0.1062812,2.3599086612976072,6
2026-09-17,NIACL,32,0.0003115827013412543,0.7601178941850156,0.21547079,0.21547079,0.1062812,0.1091895908630371,6
2026-09-17,NIACL,33,-0.003483752745894098,0.7722011679290848,-0.8392334,0.8392334,0.1062812,0.7329521984375,6
2026-09-17,NIACL,34,0.016677800761066112,0.7852839726550489,-1.5429497,-1.5429497,0.1062812,-1.6492308765136718,6
2026-09-17,NIACL,35,0.02284187290254218,0.771462703386216,-0.92723966,-0.92723966,0.10628120000000002,-1.0335208564483642,6
2026-09-17,NIACL,36,0.1200454573793459,0.730968722417979,-0.7657647,-0.7657647,0.1062812,-0.8720459132873535,6
2026-09-17,NIACL,37,0.11788537909567004,0.7728105099400312,-1.0872304,-1.0872304,0.1062812,-1.1935116439544677,6
2026-09-17,NIACL,38,0.028599930756144584,0.7317393763696742,-0.35532713,-0.35532713,0.1062812,-0.4616083293640137,6
2026-09-17,NIACL,39,-0.02872540580810498,0.7699079550592836,1.2023568,-1.2023568,0.1062812,-1.3086380153381347,6
2026-09-17,NIACL,40,0.08259452900951517,0.7627148355914523,1.3506651,1.3506651,0.1062812,1.2443838924682618,6
2026-09-17,NIACL,41,0.08649191506386923,0.7207162428852066,1.0209322,1.0209322,0.1062812,0.9146509975708008,6
2026-09-17,NIACL,42,-0.01518818747297335,0.7299488149217429,1.1865258,-1.1865258,0.10628119999999998,-1.292807021685791,6
2026-09-17,NIACL,43,0.02543627768333057,0.7296399304264004,0.65413713,0.65413713,0.1062812,0.547855934552002,6
2026-09-17,NIACL,44,-0.005924838459445743,0.7235725384298407,0.3219366,-0.3219366,0.10628119999999998,-0.4282178073608398,6
2026-09-17,NIACL,45,0.007692414893816791,0.7456481698272268,-0.2446115,-0.2446115,0.10628119999999998,-0.35089270169372555,6
2026-09-17,NIACL,46,0.007804930809900248,0.7841005029805712,-1.5064955,-1.5064955,0.10628119999999998,-1.612776675769043,6
2026-09-17,NIACL,47,-0.001748839057133268,0.7994390665274131,-1.9622624,1.9622624,0.10628119999999998,1.8559811920440674,6
2026-09-17,NIACL,48,0.008829018924647148,0.7409030635781687,-1.2637734,-1.2637734,0.10628119999999998,-1.3700546413146972,6
2026-09-17,NIACL,50,0.0048314922758289905,0.7354648978776593,-0.15743971,-0.15743971,0.1062812,-0.2637209087097168,6
2026-09-17,NIACL,51,-0.0026199731052658983,0.7176303288231515,0.40221214,-0.40221214,0.1062812,-0.5084933429443359,6
2026-09-17,NIACL,52,0.022330145323354547,0.7337454414025492,1.0959744,1.0959744,0.10628119999999998,0.9896932453430176,6
2026-09-17,NIACL,53,-0.011172544038907278,0.7525121097876152,0.5592704,-0.5592704,0.1062812,-0.6655515819274902,6
2026-09-17,NIACL,54,-0.004452964283992187,0.726030130776624,0.4562497,-0.4562497,0.10628119999999998,-0.562530913897705,6
2026-09-17,NIACL,56,0.00818388289156722,0.7200429838152278,0.13256073,0.13256073,0.10628119999999998,0.02627952998046877,6
2026-09-17,NIACL,57,0.02035866368729893,0.7131844631235948,-0.09663105,-0.09663105,0.1062812,-0.2029122501098633,6
2026-09-17,NIACL,58,0.023392628058754496,0.7416560666413266,-0.75508356,-0.75508356,0.1062812,-0.8613647609436035,6
2026-09-17,NIACL,59,0.007728835420547487,0.7322867919273641,0.34954548,0.34954548,0.1062812,0.24326427882080076,6
2026-09-17,NIACL,66,0.046827441800139896,0.7446477480566049,-0.40379167,-0.40379167,0.10628119999999998,-0.5100728660308838,6
2026-09-17,NIACL,67,0.04220742857700301,0.7177651545547159,-0.17250776,-0.17250776,0.1062812,-0.27878896290893557,6
2026-09-17,NLCINDIA,3,0.04166778212183204,0.721154682408808,-0.67256093,-0.67256093,0.1062812,-0.7788421302520752,6
2026-09-17,NLCINDIA,38,0.003464065189715349,0.7364708528141299,-0.19084215,-0.19084215,0.10628120000000002,-0.2971233516418457,6
2026-09-17,NYKAA,4,-0.006439293692412806,0.7026170607283496,0.06148815,-0.06148815,0.1062812,-0.167769351550293,6
2026-09-17,NYKAA,8,0.005494509550743222,0.7094317268002206,-0.7945001,-0.7945001,0.1062812,-0.9007813125335693,6
2026-09-17,PATANJALI,4,0.025609418622543654,0.7005526276417219,0.16778708,0.16778708,0.10628119999999998,0.06150587504272463,6
2026-09-17,PAYTM,3,0.037995408474803906,0.7199252533996122,-1.7757356,-1.7757356,0.10628119999999998,-1.88201681668396,6
2026-09-17,PAYTM,5,0.0177550115180899,0.7527275249169205,-0.54017305,-0.54017305,0.10628119999999998,-0.646454253741455,6
2026-09-17,PAYTM,6,0.015022748272261719,0.7231133435778354,-0.6136656,-0.6136656,0.10628119999999998,-0.7199467807495117,6
2026-09-17,PAYTM,7,0.010966291673477268,0.730285103199821,-0.47374964,-0.47374964,0.1062812,-0.5800308376037597,6
2026-09-17,PAYTM,8,0.018403679582088276,0.7109280608219806,-0.47987103,-0.47987103,0.10628119999999998,-0.5861522346221923,6
2026-09-17,PAYTM,9,0.015661962607473302,0.7151185649191952,-0.29374957,-0.29374957,0.10628119999999998,-0.4000307708465576,6
2026-09-17,PAYTM,13,0.026788580316889826,0.727977927540974,-0.04530549,-0.04530549,0.1062812,-0.15158669049377443,6
2026-09-17,PAYTM,14,0.004610093421495817,0.7014121767360997,-0.27771592,-0.27771592,0.10628119999999998,-0.3839971214019775,6
2026-09-17,PAYTM,15,0.0006794621694453378,0.700395490742401,0.02837181,0.02837181,0.1062812,-0.07790938908691407,6
2026-09-17,PNB,3,0.04174106042018888,0.7494111090485113,-0.3945589,-0.3945589,0.1062812,-0.5008401065551757,6
2026-09-17,PNB,4,-0.00260190704902978,0.7185565897448446,-0.4030168,0.4030168,0.1062812,0.2967356056488037,6
2026-09-17,POLICYBZR,3,0.06108319644937032,0.7831364175945662,1.3864875,1.3864875,0.1062812,1.2802062839782715,6
2026-09-17,POLICYBZR,4,0.015380023027682163,0.7505274197018974,0.48948526,0.48948526,0.1062812,0.38320406382446287,6
2026-09-17,POLICYBZR,5,-0.005701953680749543,0.7792193442756744,-0.5014539,0.5014539,0.1062812,0.3951726764953613,6
2026-09-17,POLICYBZR,6,-0.008171376429555304,0.7805212375349161,-0.38198233,0.38198233,0.10628119999999998,0.2757011265075684,6
2026-09-17,POLICYBZR,7,-0.009893904229838721,0.7749810233915959,-0.63658357,0.63658357,0.10628119999999998,0.5303023666656494,6
2026-09-17,POLICYBZR,8,-0.011251069637225946,0.7671573545452456,-0.9647012,0.9647012,0.10628119999999998,0.8584199756896973,6
2026-09-17,POLICYBZR,9,-0.017382787406771072,0.7726349483052467,-1.3213873,1.3213873,0.10628119999999998,1.2151060909545899,6
2026-09-17,POLICYBZR,10,0.0013004221031078778,0.74275549295381,-0.49530268,-0.49530268,0.10628119999999998,-0.601583877154541,6
2026-09-17,POLICYBZR,11,-0.005088011035220507,0.7656493440990657,0.5730629,-0.5730629,0.10628120000000002,-0.6793440967285156,6
2026-09-17,POLICYBZR,12,-0.021683769069078738,0.7522436848671581,0.7556677,-0.7556677,0.1062812,-0.8619488864624023,6
2026-09-17,POLICYBZR,13,0.010606111003963905,0.7332867139356705,0.76117516,0.76117516,0.1062812,0.6548939556396485,6
2026-09-17,POLICYBZR,14,-0.016862376538198696,0.7378680405702058,0.5318284,-0.5318284,0.1062812,-0.6381096034729004,6
2026-09-17,POLICYBZR,15,-0.0074438621358282175,0.7136060351573338,0.80183744,-0.80183744,0.1062812,-0.9081186443054199,6
2026-09-17,POLICYBZR,16,-0.024503472949612543,0.7013631191095557,1.3103485,-1.3103485,0.1062812,-1.4166297107421875,6
2026-09-17,POLICYBZR,17,-0.02331677311401532,0.7079966544963665,1.0459542,-1.0459542,0.1062812,-1.1522354274475097,6
2026-09-17,POLICYBZR,18,-0.016295236592110286,0.7292963831229623,1.1680245,-1.1680245,0.10628119999999998,-1.2743057399475097,6
2026-09-17,POLICYBZR,19,-0.019307161824445224,0.7347637338768677,0.39772987,-0.39772987,0.10628119999999998,-0.5040110736572265,6
2026-09-17,POLICYBZR,20,-0.02465082777016933,0.7150941285486656,0.26130676,-0.26130676,0.1062812,-0.3675879626953125,6
2026-09-17,POLICYBZR,24,-0.008746690064500991,0.7077633137657753,-0.05657673,0.05657673,0.1062812,-0.049704471179199225,6
2026-09-17,POLICYBZR,25,-0.006954708063383176,0.7249657341783105,-0.46181083,0.46181083,0.10628119999999998,0.35552962725524906,6
2026-09-17,POWERINDIA,3,0.043555216232935436,0.7456161302918196,-0.3555298,-0.3555298,0.1062812,-0.46181098515625,6
2026-09-17,POWERINDIA,4,-0.011832342372475112,0.7387640631672935,-0.91920495,0.91920495,0.1062812,0.8129237503326416,6
2026-09-17,PRESTIGE,3,0.037698104328128784,0.709848927579262,0.020933151,0.020933151,0.1062812,-0.08534804875488282,6
2026-09-17,PRESTIGE,31,0.06143907230710882,0.7236139051409934,-0.08268952,-0.08268952,0.10628120000000002,-0.18897072369689943,6
2026-09-17,PRESTIGE,32,0.023977517163183897,0.7392220450748479,-0.41228533,-0.41228533,0.10628119999999998,-0.5185665279113769,6
2026-09-17,SBICARD,29,-0.017479957687654122,0.7078790360681463,0.101959705,-0.101959705,0.10628119999999998,-0.20824090535278317,6
2026-09-17,SCHAEFFLER,58,0.008461580866713092,0.743533379813616,-0.64267516,-0.64267516,0.10628119999999998,-0.7489563613616943,6
2026-09-17,SCHAEFFLER,59,-0.0062349462158498665,0.7196549828886835,-0.1273632,0.1273632,0.1062812,0.02108200495605468,6
2026-09-17,SCHAEFFLER,60,-0.04727748590109724,0.7347439043279429,0.012493134,-0.012493134,0.10628119999999998,-0.11877433354492185,6
2026-09-17,SHRIRAMFIN,3,0.0375168569929239,0.7184128320946557,-0.43060184,-0.43060184,0.1062812,-0.5368830352508545,6
2026-09-17,SHRIRAMFIN,4,-0.00260190704902978,0.7175665881341279,-0.5702853,0.5702853,0.1062812,0.4640041202819824,6
2026-09-17,SIEMENS,4,-0.0032665250945710677,0.709011537608207,-0.044834614,0.044834614,0.10628119999999998,-0.06144658619995115,6
2026-09-17,SOLARINDS,3,0.04593213858289538,0.7355073969314113,0.026583672,0.026583672,0.1062812,-0.07969752843017579,6
2026-09-17,SOLARINDS,4,-0.0015504722196065261,0.760093794765478,-0.68764687,0.68764687,0.1062812,0.5813656658447266,6
2026-09-17,SOLARINDS,5,0.005886883757204549,0.7138111289614373,-0.6091118,-0.6091118,0.10628119999999998,-0.7153929858886718,6
2026-09-17,TATACOMM,3,0.04593213858289538,0.7013346215881302,-0.5425513,-0.5425513,0.10628119999999998,-0.6488324790679931,6
2026-09-17,TATACOMM,4,0.00010972307992723458,0.7229615497091967,0.27086735,0.27086735,0.1062812,0.16458614771728514,6
2026-09-17,TATACOMM,5,0.005194227619000254,0.703118241545551,0.071680546,0.071680546,0.10628120000000002,-0.034600654193115254,6
2026-09-17,TATAELXSI,3,0.04214633360371204,0.7036308459004618,0.04723072,0.04723072,0.1062812,-0.059050479479980475,6
2026-09-17,TATAINVEST,3,0.049470475892603574,0.7144600196686318,-0.22086501,-0.22086501,0.10628119999999998,-0.3271462112152099,6
2026-09-17,TATAINVEST,4,0.0005037963106324948,0.72342885336402,-0.41194558,-0.41194558,0.1062812,-0.5182267814361572,6
2026-09-17,TATAINVEST,6,0.004363128026380973,0.7050962185473453,-0.8818984,-0.8818984,0.10628120000000002,-0.9881796031677246,6
2026-09-17,TATAINVEST,64,-0.02692235291884834,0.7633032032895984,3.9657712,-3.9657712,0.10628119999999998,-4.072052398272705,6
2026-09-17,TATAINVEST,65,0.023798434365114723,0.7925633457330206,0.93963146,0.93963146,0.1062812,0.833350262097168,6
2026-09-17,TATAINVEST,66,0.031811250218477166,0.8089034112824063,-0.36681294,-0.36681294,0.10628119999999998,-0.4730941444122314,6
2026-09-17,TATAINVEST,67,0.03369571715012311,0.8098285821697189,-1.3786018,-1.3786018,0.10628119999999998,-1.4848829894744873,6
2026-09-17,TATASTEEL,66,-0.006308366270347301,0.7443077764789678,-0.9106815,0.9106815,0.10628120000000002,0.8044002861297608,6
2026-09-17,TATASTEEL,67,-0.01890731060837897,0.7332588862933966,-0.5469501,0.5469501,0.10628120000000002,0.44066890185241697,6
2026-09-17,TCS,64,-0.016305375621697468,0.7162751025179511,-1.5086949,1.5086949,0.10628119999999998,1.402413687161255,6
2026-09-17,TCS,66,0.005943925484637094,0.7568464677001542,-2.4677634,-2.4677634,0.10628119999999995,-2.5740446239196775,6
2026-09-17,TECHM,4,-0.004758820365232613,0.7190415922820947,0.03862381,-0.03862381,0.1062812,-0.14490500981445315,6
2026-09-17,THERMAX,3,0.049470475892603574,0.7128068269418971,0.14358759,0.14358759,0.10628119999999998,0.03730638926391604,6
2026-09-17,TIINDIA,3,0.009769005923391449,0.7713428244492938,-0.69190264,-0.69190264,0.10628119999999998,-0.7981838374816894,6
2026-09-17,TIINDIA,4,-0.00022612950720465267,0.7478421805657622,-1.03876,1.03876,0.10628119999999998,0.9324787468231202,6
2026-09-17,TIINDIA,5,0.005038913507629103,0.720744379802554,-0.7320821,-0.7320821,0.10628119999999998,-0.8383633285247802,6
2026-09-17,TMCV,67,-0.02093454984711658,0.7205110178393315,-0.034356117,0.034356117,0.10628120000000002,-0.07192508275146486,6
2026-09-17,TVSMOTOR,3,0.010213287332578154,0.7825234125672527,-0.8843422,-0.8843422,0.10628119999999998,-0.9906233936035156,6
2026-09-17,TVSMOTOR,4,0.001588026305541905,0.7272690150581448,-0.82350373,-0.82350373,0.1062812,-0.9297849326812744,6
2026-09-17,UNIONBANK,3,0.0433651525022561,0.746316397036988,-0.5936265,-0.5936265,0.1062812,-0.6999076991760254,6
2026-09-17,UNOMINDA,4,-0.0070143118310683344,0.7324919178839523,-0.24929643,0.24929643,0.1062812,0.14301522677307127,6
2026-09-18,3MINDIA,48,-0.023372647111789432,0.7284837385920494,-0.31750798,0.31750798,0.1062812,0.2112267822540283,6
2026-09-18,3MINDIA,49,-0.004378498293037788,0.7053550282018253,-0.2270639,0.2270639,0.10628119999999998,0.12078269427185061,6
2026-09-18,ABB,3,0.02436378361982127,0.700017664865536,-0.5368233,-0.5368233,0.1062812,-0.6431044727050781,6
2026-09-18,ADANIENSOL,3,0.025120803003215928,0.7266447081876333,0.22742748,0.22742748,0.1062812,0.12114628260498046,6
2026-09-18,ADANIENSOL,4,0.04362867437137761,0.7413954123607536,-0.07779598,-0.07779598,0.1062812,-0.18407718236083986,6
2026-09-18,ADANIENSOL,5,0.0054864702973793375,0.7334784388274518,-0.014156103,-0.014156103,0.10628119999999998,-0.12043730313415525,6
2026-09-18,ADANIGREEN,4,0.039404470944112625,0.7243767045296818,-0.3692329,-0.3692329,0.1062812,-0.4755140929901123,6
2026-09-18,ADANIGREEN,48,-0.009703279071622495,0.7336478526628162,-0.9695649,0.9695649,0.1062812,0.8632837147033692,6
2026-09-18,ADANIGREEN,49,0.0030056434928041045,0.7341842447362464,-1.2794614,-1.2794614,0.10628120000000002,-1.38574258381958,6
2026-09-18,ADANIGREEN,50,-0.0037778034436209045,0.720019335254228,-1.2425125,1.2425125,0.1062812,1.1362312645233155,6
2026-09-18,AIAENG,24,-0.003454304285568735,0.7443426312719915,-0.50175786,0.50175786,0.10628119999999998,0.39547666018371586,6
2026-09-18,AIAENG,25,-0.006173575230791198,0.7104183590276276,-0.4370153,0.4370153,0.1062812,0.3307340950286865,6
2026-09-18,AIAENG,29,0.002227452243018666,0.7241449382242356,1.1519551,1.1519551,0.10628119999999998,1.0456739277160645,6
2026-09-18,AJANTPHARM,3,0.02436378361982127,0.7268088981783987,-0.075137615,-0.075137615,0.1062812,-0.18141881520385744,6
2026-09-18,AJANTPHARM,4,0.04086383814857946,0.7087461918524811,0.011134148,0.011134148,0.1062812,-0.09514705235595704,6
2026-09-18,AJANTPHARM,5,0.02233710674879201,0.7172200033414596,0.22295713,0.22295713,0.1062812,0.11667593424682617,6
2026-09-18,AJANTPHARM,6,0.00923989862021156,0.7040830238622002,-0.077819824,-0.077819824,0.10628119999999998,-0.18410102421874996,6
2026-09-18,AMBUJACEM,8,-0.005288433153544766,0.7384096856521353,-0.53544044,0.53544044,0.10628119999999998,0.4291592449462891,6
2026-09-18,AMBUJACEM,9,-0.004958675927346211,0.7418411788967999,-1.4213204,1.4213204,0.1062812,1.3150392383850098,6
2026-09-18,AMBUJACEM,10,-0.008944948228594351,0.71693990583576,-1.0565162,1.0565162,0.1062812,0.950234970501709,6
2026-09-18,APARINDS,3,0.026985862056822685,0.7609298504785063,-0.09290576,-0.09290576,0.1062812,-0.1991869598114014,6
2026-09-18,APARINDS,4,0.04289681766451562,0.7827662846091176,-0.6194949,-0.6194949,0.10628119999999998,-0.7257761150085449,6
2026-09-18,APARINDS,5,0.022166169868295456,0.7519400604048634,-0.48496127,-0.48496127,0.10628120000000002,-0.5912424712860107,6
2026-09-18,APARINDS,6,0.013012902923863855,0.7346768606039527,0.13637543,0.13637543,0.1062812,0.030094227246093744,6
2026-09-18,APARINDS,8,0.009539618914101959,0.7052929605295714,-0.36464334,-0.36464334,0.10628120000000002,-0.47092453534240725,6
2026-09-18,APARINDS,66,0.04428479435056806,0.7093070496345268,0.9455204,0.9455204,0.1062812,0.8392392010009766,6
2026-09-18,APLAPOLLO,12,-0.022220371862474643,0.7302571052481949,0.41190386,-0.41190386,0.10628120000000002,-0.5181850581848144,6
2026-09-18,APLAPOLLO,13,-0.014624715139039436,0.7269504220440788,0.07301569,-0.07301569,0.1062812,-0.17929688984985354,6
2026-09-18,APLAPOLLO,14,-0.03589128135949214,0.7138913034205914,0.004565716,-0.004565716,0.1062812,-0.11084691578979493,6
2026-09-18,ASTRAL,3,0.02588545574241178,0.7048511261467048,-0.042778254,-0.042778254,0.1062812,-0.14905945355529787,6
2026-09-18,ASTRAL,4,0.03835043701205497,0.708689231299178,0.04993677,0.04993677,0.1062812,-0.05634442860717774,6
2026-09-18,ATGL,3,0.04943113149696856,0.7809293363881623,0.96434355,0.96434355,0.1062812,0.858062347821045,6
2026-09-18,ATGL,4,0.06869134496666283,0.7913936423010525,0.71936846,0.71936846,0.10628120000000002,0.6130872577941895,6
2026-09-18,ATGL,5,0.05100024509187848,0.7528683927884801,0.6469846,0.6469846,0.1062812,0.5407033771789551,6
2026-09-18,ATGL,6,0.039287152853460724,0.7300055068533957,1.5709758,1.5709758,0.1062812,1.4646945804870606,6
2026-09-18,ATGL,7,0.039162722985078016,0.7734045563145148,0.6272197,0.6272197,0.1062812,0.5209384769714356,6
2026-09-18,ATGL,8,0.037370578827076534,0.7845785965759065,0.22466183,0.22466183,0.1062812,0.11838062708740234,6
2026-09-18,ATGL,9,0.041193519520668735,0.7580170434934539,0.8048892,0.8048892,0.1062812,0.69860800211792,6
2026-09-18,ATGL,10,0.03257783700408723,0.7600571650801241,0.6337285,0.6337285,0.10628120000000002,0.5274473041809082,6
2026-09-18,ATGL,11,0.0296855582820587,0.7334379449462732,-0.12037754,-0.12037754,0.1062812,-0.22665874058837893,6
2026-09-18,ATGL,12,0.023503360536480986,0.7389649714385176,-0.18489361,-0.18489361,0.1062812,-0.29117480809326174,6
2026-09-18,ATGL,13,0.04513276622422783,0.7780944217058049,-0.8616626,-0.8616626,0.1062812,-0.9679438262664795,6
2026-09-18,ATGL,14,0.030381879820297726,0.7416501431840239,-0.5913377,-0.5913377,0.1062812,-0.6976188808166504,6
2026-09-18,ATGL,15,0.02978749274554989,0.7169018193819868,-0.28817058,-0.28817058,0.1062812,-0.3944517760955811,6
2026-09-18,ATGL,16,0.01011700942235898,0.7019404588997771,-0.5428672,-0.5428672,0.10628119999999998,-0.6491483836853027,6
2026-09-18,ATGL,17,-0.0007639304407070571,0.7203998498532783,-0.6616235,0.6616235,0.1062812,0.555342277935791,6
2026-09-18,ATGL,19,0.0036358255055489713,0.7107441787539371,0.2094388,0.2094388,0.1062812,0.10315760081176757,6
2026-09-18,ATGL,20,0.0031453811195269726,0.7050231833904669,0.2172947,0.2172947,0.1062812,0.11101349299316406,6
2026-09-18,ATGL,30,0.04637232316053262,0.7039413760251084,3.2976627,3.2976627,0.10628119999999998,3.1913815349853514,6
2026-09-18,ATGL,31,0.0472834198480526,0.7071129187133635,3.118527,3.118527,0.1062812,3.0122457355773924,6
2026-09-18,ATGL,32,0.03651232785388802,0.7624203209403823,1.5765905,1.5765905,0.10628119999999998,1.4703093380249024,6
2026-09-18,ATGL,33,0.025284132894933396,0.7741151208901624,0.16921759,0.16921759,0.1062812,0.06293638651733398,6
2026-09-18,ATGL,34,0.019587386858270522,0.7722475946520004,0.26125908,0.26125908,0.1062812,0.15497787897949217,6
2026-09-18,ATGL,35,0.027896662238523467,0.7797665584027446,0.0076651573,0.0076651573,0.10628119999999998,-0.09861604268188474,6
2026-09-18,ATGL,36,-0.02069800945008826,0.72870989250493,0.40673018,-0.40673018,0.10628119999999998,-0.5130113750183105,6
2026-09-18,ATGL,37,0.0035954739183336496,0.7425451327888396,1.468432,1.468432,0.1062812,1.3621507496154786,6
2026-09-18,ATGL,38,-0.008994153641682224,0.7485077615782861,1.5815496,-1.5815496,0.1062812,-1.6878308444702148,6
2026-09-18,ATGL,39,0.014912300113296738,0.7267536809271247,2.146721,2.146721,0.1062812,2.0404396862304686,6
2026-09-18,ATGL,40,0.03619626089017465,0.766401347435286,1.6440034,1.6440034,0.10628119999999998,1.5377221912658692,6
2026-09-18,ATGL,41,0.03985691171285539,0.7515651480560621,1.7166138,1.7166138,0.10628119999999998,1.61033256953125,6
2026-09-18,ATGL,42,0.034712550954437094,0.7571486607942978,3.3404946,3.3404946,0.1062812,3.234213432720947,6
2026-09-18,ATGL,43,0.04632771289151261,0.7539114998041193,1.4980078,1.4980078,0.1062812,1.3917265743530274,6
2026-09-18,ATGL,44,0.029888958299129787,0.7765761647711389,-0.0762105,-0.0762105,0.1062812,-0.18249169880981447,6
2026-09-18,ATGL,45,0.039473728932191955,0.7858613619406399,-0.6079018,-0.6079018,0.10628119999999998,-0.7141830115997314,6
2026-09-18,ATGL,46,0.02371278368867069,0.7882904561940383,-0.85457563,-0.85457563,0.10628119999999998,-0.9608568340026855,6
2026-09-18,ATGL,47,0.02719741442625788,0.7534310933425187,-0.72519183,-0.72519183,0.1062812,-0.8314730315887451,6
2026-09-18,ATGL,48,0.023380466932384436,0.7689305320534497,-0.8211553,-0.8211553,0.10628120000000002,-0.927436509677124,6
2026-09-18,ATGL,49,0.036822048611167495,0.7904112427261285,-1.8100917,-1.8100917,0.1062812,-1.916372933932495,6
2026-09-18,ATGL,50,0.039490516959379815,0.7473250225749272,0.13552904,0.13552904,0.10628120000000002,0.029247841290283183,6
2026-09-18,ATGL,51,0.0070035510746411745,0.7467493646200707,1.3956666,1.3956666,0.1062812,1.2893853992736817,6
2026-09-18,ATGL,52,0.009344567320865155,0.7597678997454791,2.1411657,2.1411657,0.1062812,2.034884533337402,6
2026-09-18,ATGL,53,-0.00025497838072778816,0.7449966994945302,1.0303736,-1.0303736,0.1062812,-1.1366547733032226,6
2026-09-18,ATGL,54,0.039322081684024936,0.7344347903180675,0.5630851,0.5630851,0.1062812,0.4568038791931152,6
2026-09-18,ATGL,55,0.03496338448540117,0.772532716714079,0.6910205,0.6910205,0.10628119999999998,0.5847392887390137,6
2026-09-18,ATGL,56,0.05097562703006604,0.7701730827671368,0.06043911,0.06043911,0.1062812,-0.04584209019775391,6
2026-09-18,ATGL,57,0.04123729444640936,0.7808474566173323,-0.865376,-0.865376,0.10628119999999998,-0.9716571956359863,6
2026-09-18,ATGL,58,0.05540880837399318,0.7794996644906812,-0.4061997,-0.4061997,0.1062812,-0.5124808936798095,6
2026-09-18,ATGL,59,0.03860649468403241,0.7866631966001594,-0.6366551,-0.6366551,0.1062812,-0.7429362922393798,6
2026-09-18,ATGL,60,0.04254859197388901,0.7503235875169277,0.29459,0.29459,0.10628119999999998,0.18830879633789066,6
2026-09-18,ATGL,61,0.04001388834135086,0.7502199819891757,0.854969,0.854969,0.10628119999999998,0.7486878246582032,6
2026-09-18,ATGL,62,0.042951694147644194,0.7558121414943669,0.0,0.0,0.1062812,-0.1062812,6
2026-09-18,ATGL,63,0.056592376097019614,0.7162876102786014,0.24172068,0.24172068,0.1062812,0.13543947642211912,6
2026-09-18,ATGL,64,0.0040144939865941875,0.7247656026687698,0.39453506,0.39453506,0.10628120000000002,0.2882538646972656,6
2026-09-18,ATGL,65,0.012070573958189435,0.7151065934618536,-0.5966306,-0.5966306,0.1062812,-0.702911773272705,6
2026-09-18,ATGL,66,0.07522545057813916,0.7033672717019974,-0.5278647,-0.5278647,0.10628119999999998,-0.6341458945953369,6
2026-09-18,ATGL,67,0.06673857724107492,0.7450445592383836,-0.94894767,-0.94894767,0.1062812,-1.0552288680755615,6
2026-09-18,BALKRISIND,6,0.004459049051930055,0.7199621387262838,0.23608208,0.23608208,0.10628119999999998,0.12980087702636722,6
2026-09-18,BALKRISIND,14,-0.016437274881318773,0.714053125613917,0.49887896,-0.49887896,0.1062812,-0.6051601558410644,6
2026-09-18,BALKRISIND,18,-0.006171683389709824,0.700928913322021,0.23753643,-0.23753643,0.1062812,-0.34381763035888674,6
2026-09-18,BDL,3,0.0264096815856651,0.7127896598597467,1.0193586,1.0193586,0.1062812,0.9130774349487305,6
2026-09-18,BDL,7,0.010442983259770736,0.726230731828847,-0.04273653,-0.04273653,0.1062812,-0.1490177303039551,6
2026-09-18,BDL,8,0.006424535686578996,0.7061886435977436,-0.16254783,-0.16254783,0.1062812,-0.2688290267669678,6
2026-09-18,BHARATFORG,3,0.032758078705440154,0.7109398399929265,0.64053535,0.64053535,0.1062812,0.5342541546142578,6
2026-09-18,BHARATFORG,4,0.04038528666669946,0.7537534118668422,-0.17279983,-0.17279983,0.1062812,-0.279081025668335,6
2026-09-18,BHARATFORG,5,0.02044529966338353,0.7478336680234883,-0.3856659,-0.3856659,0.1062812,-0.4919470935546875,6
2026-09-18,BHARATFORG,6,0.012354837409252821,0.7267703766529876,-0.56729317,-0.56729317,0.1062812,-0.6735743671142578,6
2026-09-18,BHARATFORG,7,0.01400912117242469,0.7089915085694908,-0.28325915,-0.28325915,0.1062812,-0.3895403533660889,6
2026-09-18,BHARATFORG,17,-0.014368738049142217,0.7069122731002255,-0.26688576,0.26688576,0.1062812,0.16060455744628904,6
2026-09-18,BHEL,4,0.04031460899261148,0.7046856099108543,-0.37930608,-0.37930608,0.1062812,-0.48558727795715334,6
2026-09-18,BLUESTARCO,5,0.03500979594332024,0.7101245851506113,0.96502304,0.96502304,0.1062812,0.8587418407714844,6
2026-09-18,BLUESTARCO,8,0.0053598408796954825,0.7023554684187124,-0.21185875,-0.21185875,0.1062812,-0.31813994938964846,6
2026-09-18,BOSCHLTD,3,0.025811575936569575,0.7048690695608746,0.9615421,0.9615421,0.10628120000000002,0.8552609295166016,6
2026-09-18,BOSCHLTD,4,0.04002708592218363,0.7073205371874294,0.6035328,0.6035328,0.1062812,0.4972515911376953,6
2026-09-18,CGPOWER,7,0.008297253227655744,0.7023816930641436,-0.18325448,-0.18325448,0.1062812,-0.2895356803619385,6
2026-09-18,COCHINSHIP,4,0.04362867437137761,0.7410879478675596,-0.10347366,-0.10347366,0.1062812,-0.20975486333007815,6
2026-09-18,COCHINSHIP,5,0.020783779048795078,0.7004963779264962,0.17790794,0.17790794,0.10628119999999998,0.07162674372558596,6
2026-09-18,COCHINSHIP,6,0.006927757195218471,0.7071773077802422,-0.19244552,-0.19244552,0.1062812,-0.29872671658630373,6
2026-09-18,COFORGE,3,0.02686890965752737,0.7481000611875409,0.6370902,0.6370902,0.1062812,0.5308090061462403,6
2026-09-18,COFORGE,7,0.010571324713299145,0.7036498809136287,-0.31501055,-0.31501055,0.1062812,-0.4212917476379395,6
2026-09-18,COROMANDEL,3,0.024303842436988844,0.7369558222273863,0.44562817,0.44562817,0.10628119999999998,0.3393469661987305,6
2026-09-18,COROMANDEL,4,0.032269397220881756,0.7550152492508541,-0.19330978,-0.19330978,0.10628119999999998,-0.29959098393554684,6
2026-09-18,COROMANDEL,5,0.01609354055559061,0.717386112765284,-0.0713408,-0.0713408,0.1062812,-0.17762199933166506,6
2026-09-18,DALBHARAT,9,-0.002732372512155978,0.7175559232248432,0.2507329,-0.2507329,0.1062812,-0.3570140987121582,6
2026-09-18,DALBHARAT,10,-0.008944948228594351,0.7206374058524313,0.023281574,-0.023281574,0.1062812,-0.1295627742492676,6
2026-09-18,DALBHARAT,13,-0.008777113862998027,0.704165909113015,-0.06374717,0.06374717,0.1062812,-0.04253403241271973,6
2026-09-18,DALBHARAT,14,-0.014831895035056724,0.7162605340668295,0.19692183,-0.19692183,0.1062812,-0.30320302540893557,6
2026-09-18,DALBHARAT,21,-0.008521046593735074,0.7128570046950768,0.24285316,-0.24285316,0.1062812,-0.3491343646728516,6
2026-09-18,DLF,6,0.0066429694644838735,0.7065807749736956,-0.03067255,-0.03067255,0.1062812,-0.13695375020141604,6
2026-09-18,EXIDEIND,3,0.027214584149416885,0.7246767048903218,0.5447626,0.5447626,0.1062812,0.43848141138916014,6
2026-09-18,EXIDEIND,4,0.04100778520322015,0.7192033837285579,-0.15297532,-0.15297532,0.10628119999999998,-0.25925652081604,6
2026-09-18,EXIDEIND,5,0.016559575621530088,0.709094378857735,-0.2821207,-0.2821207,0.10628119999999995,-0.38840190465087887,6
2026-09-18,EXIDEIND,7,0.009942621497892348,0.7078460463840925,-0.35153627,-0.35153627,0.1062812,-0.45781747395629885,6
2026-09-18,EXIDEIND,30,-0.025607593638955393,0.7344514129690692,-0.51730275,0.51730275,0.1062812,0.4110215515411377,6
2026-09-18,EXIDEIND,31,-0.0014792816393299135,0.7137983557339784,-0.62025785,0.62025785,0.1062812,0.51397665446167,6
2026-09-18,EXIDEIND,32,-0.0025920608451707678,0.7217707705779529,-0.76729655,0.76729655,0.10628120000000002,0.6610153526580811,6
2026-09-18,FLUOROCHEM,3,0.026506121306098706,0.7510767096213181,0.5470753,0.5470753,0.1062812,0.4407940716064453,6
2026-09-18,FLUOROCHEM,4,0.04004607287909647,0.7443711866081629,0.3685832,0.3685832,0.1062812,0.2623020023620605,6
2026-09-18,FLUOROCHEM,5,0.01980492242828227,0.7392980282737993,0.08548498,0.08548498,0.1062812,-0.020796218463134772,6
2026-09-18,GLAXO,3,0.027097053199997747,0.7250980531633587,-0.43556094,-0.43556094,0.1062812,-0.541842141696167,6
2026-09-18,GODFRYPHLP,3,0.025503568019553866,0.7644027201971353,-0.17094016,-0.17094016,0.10628119999999998,-0.27722136075134274,6
2026-09-18,GODFRYPHLP,4,0.04086403870581218,0.737072854704364,0.0906229,0.0906229,0.1062812,-0.0156582980834961,6
2026-09-18,GODFRYPHLP,5,0.021302377022961394,0.711600503884276,-0.0050365925,-0.0050365925,0.1062812,-0.11131779248352051,6
2026-09-18,GODFRYPHLP,6,0.010483895895260215,0.7030405229939604,-0.02015829,-0.02015829,0.1062812,-0.12643949086303713,6
2026-09-18,GODFRYPHLP,7,0.022227027947022582,0.7025920573628996,0.3890872,0.3890872,0.10628119999999998,0.28280600016479496,6
2026-09-18,HCLTECH,3,0.026390358175647353,0.7471323817979609,0.14451742,0.14451742,0.10628119999999998,0.03823622172241213,6
2026-09-18,HINDZINC,3,0.023092244979402876,0.708679257460597,0.4354596,0.4354596,0.10628119999999998,0.32917841380004886,6
2026-09-18,HINDZINC,4,0.03582186945183149,0.7284129592031416,0.059449673,0.059449673,0.1062812,-0.0468315273010254,6
2026-09-18,HINDZINC,5,0.017907696368337164,0.7063855676816498,-0.10188818,-0.10188818,0.10628119999999998,-0.2081693797790527,6
2026-09-18,HONAUT,3,-0.0007749947371741628,0.7871311194361823,0.9011626,-0.9011626,0.10628119999999998,-1.0074438243591308,6
2026-09-18,HONAUT,4,0.04295940744089335,0.7914989414925063,0.42704344,0.42704344,0.1062812,0.32076223795776365,6
2026-09-18,HONAUT,5,0.022548864707368957,0.7798072241381981,-0.042450428,-0.042450428,0.10628119999999998,-0.14873162800903317,6
2026-09-18,HONAUT,6,0.0050745519164135874,0.7659191431105047,-0.18439889,-0.18439889,0.1062812,-0.290680089541626,6
2026-09-18,HONAUT,7,0.009313679330168561,0.763664320049881,-0.2546668,-0.2546668,0.1062812,-0.360948005267334,6
2026-09-18,HONAUT,8,0.010281377954931439,0.7191411682523318,0.056791306,0.056791306,0.1062812,-0.04948989445800782,6
2026-09-18,HONAUT,67,0.03874965977122621,0.7137449414379481,-2.1642625,-2.1642625,0.10628120000000002,-2.2705437331878664,6
2026-09-18,INDHOTEL,3,0.019246731511095894,0.7123685463423083,0.96167326,0.96167326,0.1062812,0.8553920597351075,6
2026-09-18,INDHOTEL,7,0.005041279502071706,0.7271823942286159,-0.22291541,-0.22291541,0.10628120000000002,-0.3291966109954834,6
2026-09-18,INDHOTEL,8,-0.0002477599951461849,0.7173646150241577,-0.4860878,0.4860878,0.10628119999999998,0.37980659907226566,6
2026-09-18,JSWINFRA,3,0.026506121306098706,0.7416400339492478,0.36156178,0.36156178,0.10628119999999998,0.25528057520751957,6
2026-09-18,JSWINFRA,5,0.01742914488645715,0.746583288932932,0.8396983,0.8396983,0.1062812,0.7334171146667481,6
2026-09-18,JSWINFRA,7,0.009784917745159702,0.7294429485463643,0.508523,0.508523,0.1062812,0.40224178736572264,6
2026-09-18,JSWINFRA,11,-0.007488034362878527,0.7005082402787149,0.16382933,-0.16382933,0.1062812,-0.2701105266296387,6
2026-09-18,JSWINFRA,12,-0.02531237200153132,0.7063413756086991,0.029742718,-0.029742718,0.1062812,-0.13602391774291994,6
2026-09-18,JSWINFRA,13,0.0015357845146046923,0.7067667743172792,0.13388395,0.13388395,0.10628120000000002,0.027602753094482402,6
2026-09-18,JUBLFOOD,3,0.023421702278566315,0.7344728972537324,0.2351284,0.2351284,0.1062812,0.12884720270996092,6
2026-09-18,KPRMILL,3,0.025467979199090593,0.7599657401668521,0.74409246,0.74409246,0.10628119999999998,0.6378112644470215,6
2026-09-18,KPRMILL,4,0.04114712289749716,0.7496292118083118,0.661242,0.661242,0.1062812,0.5549608082092286,6
2026-09-18,KPRMILL,5,0.021151835694491132,0.7257202498802692,0.2440095,0.2440095,0.1062812,0.13772829478149412,6
2026-09-18,KPRMILL,23,-0.006726154668406502,0.7041918351215999,-0.6283641,0.6283641,0.10628119999999998,0.5220828861511231,6
2026-09-18,LLOYDSME,5,0.01742914488645715,0.7021966714969251,-0.5115807,-0.5115807,0.1062812,-0.6178619056427002,6
2026-09-18,LODHA,3,0.02618100302326336,0.7721123824881672,0.49084425,0.49084425,0.1062812,0.3845630497253418,6
2026-09-18,LODHA,4,0.042752870609874934,0.7418407181465269,0.44682026,0.44682026,0.10628119999999998,0.3405390590942383,6
2026-09-18,LODHA,5,0.022131899795602147,0.721239744849907,0.33279657,0.33279657,0.1062812,0.226515373638916,6
2026-09-18,LODHA,6,0.008619678521402364,0.7559093064675201,-0.24401546,-0.24401546,0.10628119999999998,-0.35029665524597164,6
2026-09-18,LODHA,7,0.01400912117242469,0.7245943506460051,-0.19208193,-0.19208193,0.1062812,-0.29836312825317385,6
2026-09-18,LODHA,8,0.00899134225529564,0.7025258556826848,-0.44569373,-0.44569373,0.10628119999999998,-0.5519749313079834,6
2026-09-18,LODHA,9,0.009343870386672585,0.7008010184207287,-0.6277859,-0.6277859,0.10628119999999998,-0.7340671210968017,6
2026-09-18,MAZDOCK,4,0.04362867437137761,0.7488636390048509,0.5178094,0.5178094,0.10628119999999998,0.41152819102172855,6
2026-09-18,MAZDOCK,5,0.02156721834856149,0.7136906652072567,0.5231738,0.5231738,0.1062812,0.41689260905151365,6
2026-09-18,MAZDOCK,6,0.012534351441983843,0.7552375772469726,0.2941966,0.2941966,0.1062812,0.18791540568237303,6
2026-09-18,MAZDOCK,7,0.009139435842842285,0.7574579919384086,-0.6241739,-0.6241739,0.1062812,-0.730455079623413,6
2026-09-18,MAZDOCK,8,0.005878875042627418,0.7326357504712928,-0.26655793,-0.26655793,0.10628119999999998,-0.3728391319000244,6
2026-09-18,MAZDOCK,9,0.0010287173503968985,0.7189800978530336,-0.45725107,-0.45725107,0.10628119999999998,-0.5635322719299316,6
2026-09-18,MCX,3,0.026385708177976395,0.7026553571086126,-1.5622199,-1.5622199,0.1062812,-1.6685010581695556,6
2026-09-18,MCX,4,0.04200691831017831,0.7310422936155602,-0.8755326,-0.8755326,0.1062812,-0.9818138271057129,6
2026-09-18,MCX,5,0.03627452564757465,0.759264343290769,0.48812628,0.48812628,0.1062812,0.38184507792358396,6
2026-09-18,MCX,6,0.019024847247705187,0.7685047607021686,0.4996419,0.4996419,0.1062812,0.39336069529418943,6
2026-09-18,MCX,7,0.017480360978829695,0.7374937771144532,-0.052297115,-0.052297115,0.1062812,-0.15857831532592775,6
2026-09-18,MCX,8,0.007981054385587454,0.7203468750275486,-0.2578616,-0.2578616,0.10628119999999995,-0.3641428142272949,6
2026-09-18,MCX,9,0.008272450890266002,0.7043283080047457,-0.3435552,-0.3435552,0.1062812,-0.44983641202087404,6
2026-09-18,MEDANTA,3,0.026434308248245334,0.7933139015922205,0.6531,0.6531,0.10628119999999998,0.5468188137329102,6
2026-09-18,MEDANTA,4,0.04348472731673692,0.7581805679560438,0.64023733,0.64023733,0.10628119999999998,0.5339561313903809,6
2026-09-18,MEDANTA,5,0.01980492242828227,0.7683309039220209,0.43478012,0.43478012,0.1062812,0.32849892084960935,6
2026-09-18,MEDANTA,6,0.008619678521402364,0.7315868507099537,0.101697445,0.101697445,0.1062812,-0.004583755084228522,6
2026-09-18,MEDANTA,7,0.008124069014745513,0.716272204725469,0.30555725,0.30555725,0.1062812,0.19927605097656248,6
2026-09-18,MEDANTA,8,0.0007172708096545355,0.7132822138195163,-0.16257167,-0.16257167,0.1062812,-0.26885286862487795,6
2026-09-18,MEDANTA,10,-0.0016112255309840885,0.7200389281114024,-0.39223433,0.39223433,0.1062812,0.2859531254089355,6
2026-09-18,MFSL,3,0.022036762930363985,0.7404037400760238,0.34518242,0.34518242,0.1062812,0.23890121882324217,6
2026-09-18,MFSL,4,0.04362867437137761,0.720120028573483,-0.06373525,-0.06373525,0.1062812,-0.17001644665832522,6
2026-09-18,MOTILALOFS,3,0.025575381077407238,0.7038435809715089,-0.27968884,-0.27968884,0.10628119999999998,-0.38597003514404293,6
2026-09-18,MPHASIS,3,0.02686890965752737,0.7334338819410571,-0.056558847,-0.056558847,0.1062812,-0.16284004742736818,6
2026-09-18,MUTHOOTFIN,3,0.027316448406667863,0.73826069740456,0.35049915,0.35049915,0.10628120000000002,0.244217953137207,6
2026-09-18,MUTHOOTFIN,4,0.03878197240759194,0.7220972832060222,0.20503998,0.20503998,0.10628119999999998,0.09875877802734377,6
2026-09-18,MUTHOOTFIN,5,0.01742914488645715,0.7177171767382331,0.120055676,0.120055676,0.1062812,0.01377447550659179,6
2026-09-18,NAM-INDIA,3,0.023717794790368618,0.7062302509851603,0.27284622,0.27284622,0.10628120000000002,0.1665650219238281,6
2026-09-18,NATIONALUM,4,0.03878197240759194,0.7054209185278206,-0.35886765,-0.35886765,0.1062812,-0.4651488452636719,6
2026-09-18,NAUKRI,3,0.020872626168262243,0.7022863143217988,0.10265112,0.10265112,0.10628119999999998,-0.003630080767822244,6
2026-09-18,NESTLEIND,45,0.008873379561173227,0.7340224259756148,-0.24365187,-0.24365187,0.1062812,-0.3499330669128418,6
2026-09-18,NESTLEIND,46,0.005111285962366638,0.7531195022981803,0.43069124,0.43069124,0.1062812,0.32441004221801756,6
2026-09-18,NESTLEIND,47,-0.009853214054157493,0.7704264280309333,1.1844516,-1.1844516,0.10628119999999998,-1.2907327800476074,6
2026-09-18,NESTLEIND,48,-0.010465511407887979,0.7692973689923417,0.90914965,-0.90914965,0.1062812,-1.0154308467590332,6
2026-09-18,NESTLEIND,49,-0.010571242922253062,0.7694331391529461,1.7153621,-1.7153621,0.10628119999999998,-1.8216432719909668,6
2026-09-18,NESTLEIND,50,-0.017270007715747188,0.7540201716639787,1.5332818,-1.5332818,0.1062812,-1.6395630031311035,6
2026-09-18,NESTLEIND,51,-0.004830870603430122,0.7028090103274587,1.2276769,-1.2276769,0.1062812,-1.3339580684387207,6
2026-09-18,NESTLEIND,52,-0.0019867121160968312,0.7431268971498456,0.48834085,-0.48834085,0.1062812,-0.5946220546447754,6
2026-09-18,NESTLEIND,53,-0.008811611642114128,0.7209695405740713,0.17741919,-0.17741919,0.10628119999999998,-0.2837003856384277,6
2026-09-18,NESTLEIND,54,-0.008408957973014858,0.7412326131028484,-0.22823215,0.22823215,0.10628119999999998,0.12195094530944826,6
2026-09-18,NESTLEIND,56,0.00037876589827385345,0.7141828764542508,0.08097887,0.08097887,0.1062812,-0.025302329608154303,6
2026-09-18,NIACL,3,0.04776381880024477,0.7798840065281625,0.85309744,0.85309744,0.1062812,0.7468162388122559,6
2026-09-18,NIACL,4,0.0702240275713257,0.785456327930978,1.4354587,1.4354587,0.1062812,1.3291774601257325,6
2026-09-18,NIACL,5,0.051271578820542466,0.7477014950912865,0.81721544,0.81721544,0.1062812,0.7109342426574707,6
2026-09-18,NIACL,6,-0.01129856963893502,0.7647966990278907,0.5664468,-0.5664468,0.1062812,-0.6727279811584472,6
2026-09-18,NIACL,7,0.0010837851396341368,0.7774853794329657,-0.43998957,-0.43998957,0.10628119999999998,-0.5462707668029785,6
2026-09-18,NIACL,8,0.0035932239830619374,0.7792630880953882,-1.0047615,-1.0047615,0.1062812,-1.1110426574432373,6
2026-09-18,NIACL,9,0.002137941743109588,0.7535299385283667,-0.8987069,-0.8987069,0.10628119999999998,-1.0049881129943847,6
2026-09-18,NIACL,10,-0.021231579902129556,0.7381723866360105,-0.7828593,0.7828593,0.1062812,0.6765781254089356,6
2026-09-18,NIACL,11,-0.008628614834490959,0.7253199856516056,-0.9451926,0.9451926,0.1062812,0.838911375454712,6
2026-09-18,NIACL,12,-0.016921901650018153,0.7238871580967152,-0.38161874,0.38161874,0.1062812,0.27533753817443846,6
2026-09-18,NIACL,13,-0.010197922472756676,0.702182471314399,-0.1913786,0.1913786,0.10628119999999998,0.08509739344482424,6
2026-09-18,NIACL,15,-0.013437462699842652,0.7127847026501268,0.24037361,-0.24037361,0.10628119999999998,-0.3466548114501953,6
2026-09-18,NIACL,67,0.004902249218327506,0.7400826721456881,-2.2172213,-2.2172213,0.1062812,-2.323502460070801,6
2026-09-18,NLCINDIA,7,0.003942768427454302,0.7224076649060498,0.22488832,0.22488832,0.10628119999999998,0.11860712473754885,6
2026-09-18,NLCINDIA,8,0.006245021653847974,0.7001664402095501,0.28158426,0.28158426,0.1062812,0.17530306284790037,6
2026-09-18,OBEROIRLTY,3,0.021243775771825606,0.7342436662453962,0.33032894,0.33032894,0.1062812,0.22404774134521482,6
2026-09-18,OBEROIRLTY,7,0.0033475281777027655,0.7092598243510774,-0.6742239,-0.6742239,0.10628119999999998,-0.7805050998413086,6
2026-09-18,PAGEIND,9,-0.002822381612391897,0.7069638979339768,-0.29515028,0.29515028,0.10628120000000002,0.18886907999877928,6
2026-09-18,PAYTM,3,0.025435316618789172,0.7179833508538424,-0.29628873,-0.29628873,0.1062812,-0.4025699287139893,6
2026-09-18,POLICYBZR,3,0.02478239391886886,0.7366959456099017,-0.45181513,-0.45181513,0.10628119999999998,-0.558096328326416,6
2026-09-18,POWERINDIA,4,0.03878197240759194,0.7369926911202451,0.69117546,0.69117546,0.10628119999999998,0.5848942608154297,6
2026-09-18,POWERINDIA,5,0.017907696368337164,0.7040503657477956,0.7227063,0.7227063,0.10628119999999998,0.6164251179016114,6
2026-09-18,PRESTIGE,6,0.008310148014718853,0.7113974893684764,0.034081936,0.034081936,0.1062812,-0.07219926411743165,6
2026-09-18,RADICO,3,0.023092244979402876,0.7114001769936605,-0.3641963,-0.3641963,0.10628119999999998,-0.47047750050659176,6
2026-09-18,SHREECEM,5,-0.014949770132059496,0.7087436109130388,1.8559933,-1.8559933,0.1062812,-1.9622744708740234,6
2026-09-18,SHREECEM,6,0.003955663214517409,0.7437437470402836,0.6215334,0.6215334,0.10628119999999998,0.5152521938598633,6
2026-09-18,SHREECEM,7,0.0003629228971886409,0.7631129170742067,-0.19850135,-0.19850135,0.1062812,-0.3047825484954834,6
2026-09-18,SHREECEM,8,-0.00701886516695485,0.7497530226145406,-0.63890815,0.63890815,0.1062812,0.5326269478118897,6
2026-09-18,SHREECEM,9,-0.006689107940756297,0.7478950209071841,-1.5317261,1.5317261,0.1062812,1.4254449219024659,6
2026-09-18,SHREECEM,10,-0.009889522144785659,0.7582012360487147,-1.8352628,1.8352628,0.1062812,1.7289815754211426,6
2026-09-18,SHREECEM,11,-0.014792520530863985,0.7406447868548586,-1.5098453,1.5098453,0.1062812,1.40356405680542,6
2026-09-18,SHREECEM,13,0.0019223064830307462,0.7011661681797446,-0.3091216,-0.3091216,0.1062812,-0.4154028087341309,6
2026-09-18,SHREECEM,17,-0.0060763115269420985,0.7093193032581635,0.15590191,-0.15590191,0.1062812,-0.26218310887451174,6
2026-09-18,SOLARINDS,9,0.006269652751100785,0.7111550070235063,-0.68295,-0.68295,0.10628119999999998,-0.7892312198364257,6
2026-09-18,SUNDARMFIN,3,0.02179702506834985,0.7239189416937948,-0.56966543,-0.56966543,0.1062812,-0.6759466319763183,6
2026-09-18,SUNDARMFIN,4,0.04021626341180194,0.7334083429968588,-0.7786989,-0.7786989,0.1062812,-0.8849801212036132,6
2026-09-18,SUNDARMFIN,5,0.025017686808680557,0.7172295861191464,-0.45796037,-0.45796037,0.10628120000000002,-0.5642415672027588,6
2026-09-18,SUPREMEIND,3,0.02588545574241178,0.754228433139294,-0.23969412,-0.23969412,0.1062812,-0.3459753184997559,6
2026-09-18,SUPREMEIND,4,0.04610184234467738,0.7600775693793177,-0.32520294,-0.32520294,0.1062812,-0.43148414189453127,6
2026-09-18,SUPREMEIND,5,0.03067351724567231,0.7543520034772859,-0.13212562,-0.13212562,0.1062812,-0.23840681607360842,6
2026-09-18,SUPREMEIND,6,0.019745730081891757,0.7275978002852007,-0.3107965,-0.3107965,0.1062812,-0.41707769925231936,6
2026-09-18,SUPREMEIND,7,0.020071489331493334,0.7478169366509256,0.055885315,0.055885315,0.1062812,-0.050395885058593756,6
2026-09-18,SUPREMEIND,8,0.016546554424144433,0.7235166523297563,0.109279156,0.109279156,0.1062812,0.0029979557312011657,6
2026-09-18,SUPREMEIND,9,0.01577094521298767,0.7042175738657134,0.47080517,0.47080517,0.10628119999999998,0.3645239681518555,6
2026-09-18,SUPREMEIND,10,-0.001681799814455533,0.7288540716956862,0.8997679,-0.8997679,0.1062812,-1.0060490756713867,6
2026-09-18,SUPREMEIND,17,-0.024099742167996315,0.7201102464746905,0.40667057,-0.40667057,0.1062812,-0.5129517703735351,6
2026-09-18,SUPREMEIND,18,-0.014253325101067069,0.7467685927384508,0.24627447,-0.24627447,0.1062812,-0.352555671282959,6
2026-09-18,SUPREMEIND,19,-0.024383582731532388,0.7322754835065247,0.23177862,-0.23177862,0.1062812,-0.338059821673584,6
2026-09-18,SUPREMEIND,21,-0.03585855540387696,0.7104572941925911,-0.037568808,0.037568808,0.1062812,-0.0687123923980713,6
2026-09-18,SUPREMEIND,22,-0.023215354218271568,0.7000749249198196,-0.3084898,0.3084898,0.10628119999999998,0.20220859949951175,6
2026-09-18,TATACOMM,49,-0.006177099000036273,0.7006627327005441,0.9787679,-0.9787679,0.1062812,-1.0850490718566894,6
2026-09-18,TATACOMM,50,-0.013366308179552394,0.7006463343260251,0.9040952,-0.9040952,0.10628119999999998,-1.01037637288208,6
2026-09-18,TATACOMM,65,-0.02116055142107896,0.7148474435297065,-0.73607564,0.73607564,0.1062812,0.6297944397247315,6
2026-09-18,TATAINVEST,3,0.005087192062940362,0.7292581206775164,0.41924715,0.41924715,0.1062812,0.31296595042114256,6
2026-09-18,TATAINVEST,4,0.033263621857259076,0.7303167292737194,0.8102417,0.8102417,0.1062812,0.70396049921875,6
2026-09-18,TATAINVEST,5,0.01527755402590709,0.7133311217945596,0.55668354,0.55668354,0.1062812,0.45040234034423826,6
2026-09-18,TATAINVEST,6,0.009023068455498126,0.762865198326013,0.07183552,0.07183552,0.1062812,-0.034445682116699225,6
2026-09-18,TATAINVEST,7,0.0009688536350028472,0.7167996828909561,0.38148165,0.38148165,0.1062812,0.27520044749145506,6
2026-09-18,TATAINVEST,8,-0.0038007563245890563,0.7006464826132934,0.25236607,-0.25236607,0.10628119999999998,-0.35864726597900387,6
2026-09-18,TATAINVEST,11,-0.010174320861976645,0.7115916643978848,-0.61036944,0.61036944,0.1062812,0.5040882438934327,6
2026-09-18,TATAINVEST,46,-0.030743734569571267,0.7310127943971828,-0.7247448,0.7247448,0.10628119999999998,0.6184635967529297,6
2026-09-18,TATAINVEST,49,-0.012807295605075089,0.7190741999747284,-1.0062337,1.0062337,0.1062812,0.8999524921691895,6
2026-09-18,TCS,3,0.049497129465552694,0.7551746341060607,0.1545906,0.1545906,0.1062812,0.04830940668945312,6
2026-09-18,TCS,4,0.057593933762253385,0.7224612254736481,0.50296783,0.50296783,0.1062812,0.39668663447265623,6
2026-09-18,TCS,5,0.04278485196225363,0.7099067698343262,0.30517578,0.30517578,0.1062812,0.19889458124999998,6
2026-09-18,TECHM,4,0.04671221368115592,0.7236612687510918,0.24855137,0.24855137,0.1062812,0.1422701687133789,6
2026-09-18,TMCV,5,0.01963920665562772,0.7104011754609163,-0.45998096,-0.45998096,0.10628119999999998,-0.5662621646606445,6
2026-09-18,TMCV,59,-0.017706302215442126,0.7015061350646347,0.17021894,-0.17021894,0.10628119999999998,-0.2765001445495605,6
2026-09-18,ULTRACEMCO,8,0.0010785709564225777,0.705716830095572,-0.3817141,-0.3817141,0.1062812,-0.4879953056060791,6
