day,symbol,bar,side,pred,atr,actual,fee_pct,net_fwd_pct,fold
2026-08-14,360ONE,8,1,0.0438859624324448,0.4839099943637848,-0.53299665,0.1062812,-0.6892778545104981,2
2026-08-14,360ONE,17,1,0.04264150738912903,0.28377100825309753,0.35729408,0.10628120000000002,0.20101288264160155,2
2026-08-14,360ONE,18,1,0.0706080154496596,0.30614107847213745,-0.07623434,0.1062812,-0.23251554066772462,2
2026-08-14,360ONE,20,1,0.06201439908232796,0.30312657356262207,0.11885166,0.1062812,-0.0374295383178711,2
2026-08-14,360ONE,21,1,0.06316045796657621,0.2964586913585663,-0.1273334,0.1062812,-0.283614602633667,2
2026-08-14,360ONE,22,1,0.0711358864671093,0.27974453568458557,0.1019001,0.10628119999999998,-0.05438109929199217,2
2026-08-14,360ONE,47,-1,-0.04296814686620086,0.13130073249340057,-0.11866093,0.10628119999999998,-0.2749421268188476,2
2026-08-14,360ONE,56,-1,-0.04372601875174298,0.1831357181072235,0.70272684,0.1062812,0.5464456409729004,2
2026-08-14,360ONE,57,-1,-0.1641469854608021,0.1878112256526947,0.46649575,0.10628119999999998,0.3102145523345948,2
2026-08-14,360ONE,58,-1,-0.050945749415324225,0.22489118576049805,-0.1536727,0.1062812,-0.3099538951599121,2
2026-08-14,360ONE,67,-1,-0.07279792669130027,0.24206696450710297,-0.47683716,0.1062812,-0.633118358203125,2
2026-08-14,3MINDIA,18,1,0.043291373532856545,0.18491560220718384,-0.04131198,0.1062812,-0.19759317929382325,2
2026-08-14,3MINDIA,20,1,0.045968823295386395,0.17536945641040802,-0.09639263,0.1062812,-0.2526738315307617,2
2026-08-14,3MINDIA,49,1,0.048148637003520685,0.9513909220695496,-0.9433985,0.10628120000000002,-1.0996796756469727,2
2026-08-14,3MINDIA,50,1,0.04138585218016817,1.016068935394287,-1.785469,0.10628119999999995,-1.9417502551757813,2
2026-08-14,3MINDIA,51,1,0.04432188463731304,1.1016396284103394,-1.0944843,0.10628120000000002,-1.2507655292236328,2
2026-08-14,3MINDIA,52,1,0.048017735878993696,1.1169370412826538,-1.3019383,0.1062812,-1.45821949536438,2
2026-08-14,3MINDIA,53,1,0.050309900070003466,1.1265181303024292,-1.2063205,0.10628120000000002,-1.3626017242156983,2
2026-08-14,3MINDIA,54,1,0.055219554596385376,1.1374925374984741,-0.87682605,0.10628120000000002,-1.0331072478973389,2
2026-08-14,3MINDIA,63,1,0.04420814622084162,0.5272037386894226,-0.16887188,0.1062812,-0.3251530795776367,2
2026-08-14,3MINDIA,66,1,0.0460344132620527,0.3571428656578064,-1.7263174,0.1062812,-1.8825986057006836,2
2026-08-14,ABB,3,1,0.04547142935518402,0.6099147796630859,0.5984187,0.10628120000000002,0.4421375126159668,2
2026-08-14,ABB,18,1,0.06538074529444901,0.39319753646850586,-0.42144656,0.1062812,-0.5777277618133545,2
2026-08-14,ABB,20,1,0.06884225715496944,0.3690894544124603,-0.08457303,0.1062812,-0.24085423047180177,2
2026-08-14,ABB,21,1,0.0567490174162453,0.37755101919174194,-0.2012968,0.10628119999999998,-0.35757800633544917,2
2026-08-14,ABB,22,1,0.06468270062296338,0.39147233963012695,0.22155046,0.1062812,0.06526926463012694,2
2026-08-14,ABBOTINDIA,3,1,0.06335175264647873,0.5715069770812988,-0.25612712,0.1062812,-0.41240831906433106,2
2026-08-14,ABBOTINDIA,7,1,0.04215246171601484,0.4344247281551361,-0.23779273,0.1062812,-0.3940739303314209,2
2026-08-14,ABBOTINDIA,10,1,0.045691995702801885,0.365170419216156,-0.18342137,0.10628119999999998,-0.3397025733673095,2
2026-08-14,ABBOTINDIA,11,1,0.04254761481301943,0.35600781440734863,-0.29325485,0.10628119999999998,-0.44953605229492183,2
2026-08-14,ABBOTINDIA,18,1,0.060204975470375725,0.21139705181121826,-0.073474646,0.10628119999999998,-0.22975584561462398,2
2026-08-14,ABBOTINDIA,20,1,0.04339705166976814,0.19447071850299835,0.23914576,0.1062812,0.08286455576782224,2
2026-08-14,ABBOTINDIA,21,1,0.04153850079732105,0.18409425020217896,0.2761364,0.1062812,0.11985519831542966,2
2026-08-14,ABBOTINDIA,47,-1,-0.043632150913009135,0.16938024759292603,0.07352829,0.1062812,-0.08275291020507813,2
2026-08-14,ABCAPITAL,18,1,0.05033073359601599,0.1370401233434677,-0.5199313,0.1062812,-0.6762125163757324,2
2026-08-14,ABCAPITAL,20,1,0.051633899216667466,0.12767790257930756,0.012421608,0.1062812,-0.1438595920288086,2
2026-08-14,ABCAPITAL,21,1,0.051323176953650414,0.13324569165706635,0.1989007,0.10628119999999998,0.042619499615478534,2
2026-08-14,ABCAPITAL,22,1,0.050622749961028425,0.12526684999465942,0.124287605,0.10628119999999998,-0.03199359471435545,2
2026-08-14,ABCAPITAL,47,-1,-0.04955487609846476,0.11807098984718323,-0.049722195,0.10628119999999998,-0.2060033946716308,2
2026-08-14,ABCAPITAL,56,-1,-0.049573511650057515,0.12503303587436676,-0.04966259,0.1062812,-0.20594379002685548,2
2026-08-14,ABCAPITAL,57,-1,-0.21951971140359852,0.13032102584838867,-0.012409687,0.1062812,-0.16869088704223634,2
2026-08-14,ABCAPITAL,58,-1,-0.048209350587838484,0.12951508164405823,0.04966855,0.10628119999999998,-0.10661264950866697,2
2026-08-14,ABCAPITAL,67,-1,-0.07473017904105267,0.13862702250480652,0.2363503,0.10628119999999998,0.08006909792785648,2
2026-08-14,ACC,6,1,0.04342692845347468,0.2789267897605896,0.24206638,0.1062812,0.08578518336181638,2
2026-08-14,ACC,18,1,0.05111174486685139,0.13867045938968658,-0.14352798,0.1062812,-0.29980918461914063,2
2026-08-14,ACC,20,1,0.04345870676823594,0.13016459345817566,-0.10586977,0.10628119999999998,-0.2621509700500488,2
2026-08-14,ACC,47,-1,-0.042263227618675986,0.11618289351463318,0.037825108,0.1062812,-0.11845609242553712,2
2026-08-14,ADANIENSOL,18,1,0.06489271166904267,0.3450338542461395,-0.13090372,0.1062812,-0.2871849208557129,2
2026-08-14,ADANIENSOL,20,1,0.06289885456981056,0.3441533148288727,0.012493134,0.10628119999999998,-0.1437880664550781,2
2026-08-14,ADANIENSOL,21,1,0.04820621774518791,0.3324330747127533,-0.106048584,0.10628119999999998,-0.26232978398437495,2
2026-08-14,ADANIENSOL,22,1,0.06128575956688685,0.3224053680896759,0.043678284,0.1062812,-0.11260291630859376,2
2026-08-14,ADANIENT,18,1,0.06309290438648532,0.3606257438659668,0.09659529,0.1062812,-0.05968591267700196,2
2026-08-14,ADANIENT,20,1,0.06235322054890201,0.33970290422439575,0.18005371,0.1062812,0.02377251093749999,2
2026-08-14,ADANIENT,21,1,0.0480144479731363,0.3338543474674225,-0.016635656,0.1062812,-0.17291685635681153,2
2026-08-14,ADANIENT,22,1,0.05213774729018433,0.343808114528656,0.31335354,0.1062812,0.15707233851318358,2
2026-08-14,ADANIGREEN,18,1,0.05560050548649719,0.42476263642311096,-0.04493594,0.10628119999999998,-0.20121714169616695,2
2026-08-14,ADANIGREEN,20,1,0.06208030725379695,0.41956812143325806,0.13523102,0.1062812,-0.02105018193359376,2
2026-08-14,ADANIGREEN,21,1,0.04689864130843389,0.39831265807151794,-0.14240146,0.1062812,-0.29868265683288575,2
2026-08-14,ADANIGREEN,22,1,0.056368961297398185,0.3988806903362274,0.14263391,0.10628119999999998,-0.013647285052490216,2
2026-08-14,ADANIPORTS,18,1,0.05123058707187909,0.2514525353908539,-0.0059366226,0.10628119999999998,-0.1622178226196289,2
2026-08-14,ADANIPORTS,20,1,0.050547859455586375,0.23905791342258453,-0.01782775,0.10628119999999998,-0.17410894925231932,2
2026-08-14,ADANIPORTS,21,1,0.04168020787481083,0.23563328385353088,0.01783371,0.10628120000000002,-0.13844749028320313,2
2026-08-14,ADANIPOWER,18,1,0.06663647781543164,0.31808972358703613,-0.11135936,0.1062812,-0.2676405578338623,2
2026-08-14,ADANIPOWER,20,1,0.0665666313095427,0.3137351870536804,-0.06787181,0.1062812,-0.2241530090057373,2
2026-08-14,ADANIPOWER,21,1,0.046436444545632886,0.30871134996414185,-0.33351183,0.1062812,-0.4897930293762207,2
2026-08-14,ADANIPOWER,22,1,0.06474408742612174,0.31225892901420593,0.009691715,0.1062812,-0.1465894847595215,2
2026-08-14,ADANIPOWER,47,-1,-0.04987164498252278,0.1720295399427414,0.11190176,0.10628119999999998,-0.04437943989868162,2
2026-08-14,ADANIPOWER,57,-1,-0.04407216642344426,0.12443523854017258,0.05353093,0.1062812,-0.10275026852722169,2
2026-08-14,AIAENG,15,1,0.06865591341030677,0.5207988619804382,-0.660485,0.10628119999999998,-0.8167662292205811,2
2026-08-14,AIAENG,16,1,0.07635397311698829,0.5301031470298767,-0.7810712,0.10628119999999998,-0.9373523860656738,2
2026-08-14,AIAENG,18,1,0.07401292291951056,0.5622713565826416,0.14818907,0.1062812,-0.008092132159423837,2
2026-08-14,AIAENG,19,1,0.045783491383868814,0.5553075075149536,0.13298988,0.1062812,-0.023291316577148446,2
2026-08-14,AIAENG,20,1,0.07264046801656766,0.49476301670074463,-0.0109016895,0.1062812,-0.16718288952941895,2
2026-08-14,AIAENG,21,1,0.07915489212408935,0.5172438025474548,0.34099817,0.10628119999999998,0.1847169727600098,2
2026-08-14,AIAENG,22,1,0.06870858115679901,0.5122831463813782,-0.021803379,0.10628120000000002,-0.1780845790588379,2
2026-08-14,AIAENG,50,1,0.04477890702724629,0.29983633756637573,-0.5016446,0.1062812,-0.6579258113586426,2
2026-08-14,AIAENG,51,1,0.04670511449915182,0.31154435873031616,-0.43005943,0.10628120000000002,-0.5863406329833984,2
2026-08-14,AIAENG,52,1,0.04850113537843614,0.3168477714061737,-0.66624284,0.10628119999999998,-0.8225240379058838,2
2026-08-14,AIAENG,53,1,0.048043263961618406,0.3138224184513092,-0.5447805,0.1062812,-0.7010616927825928,2
2026-08-14,AIAENG,54,1,0.05052228385836432,0.29154640436172485,-1.1519492,0.10628120000000002,-1.308230367251587,2
2026-08-14,AJANTPHARM,18,1,0.06430107468887238,0.4078475832939148,-0.58755875,0.1062812,-0.7438399463378906,2
2026-08-14,AJANTPHARM,20,1,0.060600447414821394,0.41793787479400635,0.08760691,0.1062812,-0.06867429310913087,2
2026-08-14,AJANTPHARM,21,1,0.05859263568977353,0.4099741280078888,0.010955334,0.10628119999999998,-0.14532586629028318,2
2026-08-14,AJANTPHARM,22,1,0.04196268744359687,0.414302796125412,-0.02462864,0.1062812,-0.18090983922119142,2
2026-08-14,AJANTPHARM,47,-1,-0.04326503285695392,0.1671973615884781,0.2268374,0.1062812,0.07055619662170409,2
2026-08-14,ALKEM,18,1,0.06626669285582161,0.26626747846603394,-0.14836788,0.1062812,-0.30464908177490235,2
2026-08-14,ALKEM,20,1,0.05199338262182445,0.2565462291240692,-0.08355975,0.1062812,-0.23984095151062013,2
2026-08-14,ALKEM,21,1,0.04170684537399084,0.2531847059726715,-0.12990832,0.1062812,-0.2861895232879639,2
2026-08-14,ALKEM,22,1,0.04707040469670874,0.24733436107635498,-0.06496906,0.1062812,-0.2212502628051758,2
2026-08-14,ALKEM,47,-1,-0.04144058305474889,0.1542433500289917,-0.4541278,0.1062812,-0.6104089885437012,2
2026-08-14,ALKEM,63,1,0.06057895293800648,0.8978021144866943,0.71361065,0.1062812,0.5573294491088867,2
2026-08-14,ALKEM,64,1,0.0604673162430386,0.9193444848060608,-0.056308508,0.1062812,-0.21258970791931153,2
2026-08-14,ALKEM,66,1,0.05820325110869937,0.9923786520957947,-0.5044818,0.1062812,-0.6607629924499512,2
2026-08-14,AMBUJACEM,18,1,0.06376005619159979,0.25757789611816406,-0.21569729,0.10628119999999998,-0.37197848851318355,2
2026-08-14,AMBUJACEM,20,1,0.060185429591396195,0.26229703426361084,0.0,0.1062812,-0.1562812,2
2026-08-14,AMBUJACEM,21,1,0.04173006411857348,0.25268635153770447,-0.11996031,0.1062812,-0.2762415080749512,2
2026-08-14,AMBUJACEM,22,1,0.05479480680585923,0.2531118094921112,0.06005764,0.10628119999999998,-0.09622355992431639,2
2026-08-14,AMBUJACEM,47,-1,-0.041546593939582925,0.11733480542898178,-0.035977364,0.1062812,-0.1922585635864258,2
2026-08-14,APARINDS,14,1,0.048249064908549515,0.5110247135162354,0.26210546,0.10628119999999998,0.10582426493530277,2
2026-08-14,APARINDS,16,1,0.0510390753419529,0.457820862531662,0.33386946,0.10628119999999998,0.1775882572448731,2
2026-08-14,APARINDS,17,1,0.04116023547506908,0.42129451036453247,0.2681017,0.1062812,0.11182049219970701,2
2026-08-14,APARINDS,18,1,0.06882274386957164,0.4411003887653351,-0.047504902,0.1062812,-0.20378610188598634,2
2026-08-14,APARINDS,20,1,0.06634704192793885,0.4274846613407135,-0.124800205,0.1062812,-0.2810814052307129,2
2026-08-14,APARINDS,21,1,0.06183236740665299,0.4150504469871521,-0.19006729,0.10628119999999998,-0.3463484912597656,2
2026-08-14,APARINDS,22,1,0.07651274108631678,0.41189172863960266,0.21429062,0.1062812,0.058009418896484366,2
2026-08-14,APARINDS,30,-1,-0.04078745936485485,0.22578728199005127,0.4099846,0.10628119999999998,0.2537033886230469,2
2026-08-14,APARINDS,47,-1,-0.0487604540995998,0.2063794732093811,-0.3991604,0.1062812,-0.555441585131836,2
2026-08-14,APARINDS,57,-1,-0.12191057205412496,0.3422972559928894,0.38598776,0.1062812,0.2297065586364746,2
2026-08-14,APARINDS,64,1,0.05101815955001635,0.326591432094574,-0.4889667,0.10628119999999998,-0.645247903414917,2
2026-08-14,APLAPOLLO,8,1,0.0499852847978976,0.45980873703956604,-0.18500686,0.1062812,-0.34128805691833497,2
2026-08-14,APLAPOLLO,10,1,0.04286725890956172,0.430226594209671,-0.29668212,0.1062812,-0.45296331936950684,2
2026-08-14,APLAPOLLO,18,1,0.07680382341291726,0.247832253575325,-0.1073122,0.1062812,-0.2635934024536133,2
2026-08-14,APLAPOLLO,20,1,0.05576902108147958,0.21311531960964203,0.20544529,0.10628120000000002,0.04916408961181638,2
2026-08-14,APLAPOLLO,21,1,0.04502869899911896,0.20946794748306274,0.1075387,0.1062812,-0.04874249989624024,2
2026-08-14,APLAPOLLO,22,1,0.04536908576272892,0.19865480065345764,-0.009769201,0.1062812,-0.16605040127868653,2
2026-08-14,APLAPOLLO,57,-1,-0.21729029029858826,0.23886872828006744,0.21027327,0.1062812,0.05399206583862304,2
2026-08-14,APLAPOLLO,66,1,0.04407930998579825,0.25846830010414124,-0.35859346,0.1062812,-0.5148746638977051,2
2026-08-14,APOLLOHOSP,18,1,0.07127853000699273,0.29212743043899536,-0.44994354,0.1062812,-0.6062247424804688,2
2026-08-14,APOLLOHOSP,20,1,0.06459314744942386,0.2602236568927765,0.16915798,0.10628119999999998,0.012876781872558613,2
2026-08-14,APOLLOHOSP,21,1,0.0530096004568988,0.25596582889556885,0.304842,0.1062812,0.1485607952392578,2
2026-08-14,APOLLOHOSP,22,1,0.06645897998886055,0.26091521978378296,0.24312735,0.1062812,0.08684614603881834,2
2026-08-14,APOLLOTYRE,18,1,0.042346693214069815,0.15887461602687836,0.22573471,0.1062812,0.06945351069335937,2
2026-08-14,APOLLOTYRE,47,-1,-0.041005860951212836,0.13233552873134613,0.06740689,0.10628119999999998,-0.08887430722351072,2
2026-08-14,ASHOKLEY,18,1,0.05847094366388024,0.27552443742752075,-0.35266876,0.1062812,-0.5089499622070313,2
2026-08-14,ASHOKLEY,20,1,0.06068183642144329,0.27083510160446167,0.011229515,0.1062812,-0.14505168492431642,2
2026-08-14,ASHOKLEY,21,1,0.051625655725332835,0.2775115370750427,-0.117743015,0.1062812,-0.27402421528930665,2
2026-08-14,ASHOKLEY,22,1,0.05908297432406078,0.27217987179756165,0.14591217,0.10628119999999998,-0.010369029589843731,2
2026-08-14,ASHOKLEY,62,1,0.04268474000040309,0.9091513156890869,0.017261505,0.1062812,-0.13901969487304688,2
2026-08-14,ASHOKLEY,63,1,0.05248608804691888,0.8109135031700134,-0.13233423,0.1062812,-0.2886154323303223,2
2026-08-14,ASHOKLEY,64,1,0.04609744997499974,0.7657040357589722,-0.36367178,0.1062812,-0.5199529796325684,2
2026-08-14,ASHOKLEY,66,1,0.06013719329418727,0.5564038157463074,-0.27156472,0.1062812,-0.42784592206115724,2
2026-08-14,ASIANPAINT,18,1,0.060544395945295496,0.19135695695877075,-0.14371276,0.1062812,-0.29999395901794434,2
2026-08-14,ASIANPAINT,20,1,0.05610801384365553,0.1808120608329773,-0.19557476,0.10628120000000002,-0.3518559604370117,2
2026-08-14,ASIANPAINT,22,1,0.051443173667206334,0.1806475818157196,-0.31382442,0.1062812,-0.4701056152069092,2
2026-08-14,ASIANPAINT,47,-1,-0.04515877955490948,0.11504891514778137,-0.27834177,0.1062812,-0.43462297017211915,2
2026-08-14,ASIANPAINT,57,-1,-0.09407788027689454,0.12133809924125671,0.2178669,0.1062812,0.061585697583007804,2
2026-08-14,ASTRAL,3,1,0.04478778340253799,0.5960707068443298,0.34348965,0.1062812,0.18720844691162108,2
2026-08-14,ASTRAL,18,1,0.07729776821175849,0.24453771114349365,-0.6417632,0.10628119999999998,-0.7980444102966309,2
2026-08-14,ASTRAL,19,1,0.04932032732702891,0.24773232638835907,-0.4264772,0.1062812,-0.5827583938323975,2
2026-08-14,ASTRAL,20,1,0.07199349911210794,0.2552659511566162,-0.23602843,0.1062812,-0.39230963284606934,2
2026-08-14,ASTRAL,21,1,0.062277312300112825,0.25210753083229065,-0.019145012,0.1062812,-0.17542621190185548,2
2026-08-14,ASTRAL,22,1,0.05053470518464065,0.2145605981349945,-0.32523274,0.10628119999999998,-0.4815139442169189,2
2026-08-14,ASTRAL,47,-1,-0.04126003775793359,0.17148344218730927,0.10884404,0.1062812,-0.04743715817565919,2
2026-08-14,ASTRAL,56,-1,-0.04774935432416191,0.20192769169807434,0.057584047,0.10628119999999998,-0.0986971526824951,2
2026-08-14,ASTRAL,57,-1,-0.20060891834342076,0.2068004161119461,-0.038433075,0.10628119999999998,-0.19471427495117183,2
2026-08-14,ASTRAL,58,-1,-0.05139608217724007,0.19176332652568817,-0.019228458,0.1062812,-0.17550965840454102,2
2026-08-14,ASTRAL,67,-1,-0.07506331426637815,0.18282188475131989,0.2371788,0.10628119999999998,0.08089760249023441,2
2026-08-14,ATGL,18,1,0.06417975971748709,0.2912788689136505,-0.076150894,0.1062812,-0.23243209416503907,2
2026-08-14,ATGL,20,1,0.06459623222219325,0.2894432246685028,0.1450181,0.1062812,-0.011263099261474618,2
2026-08-14,ATGL,21,1,0.05343452134886786,0.29167965054512024,-0.14474988,0.1062812,-0.30103107983703614,2
2026-08-14,ATGL,22,1,0.0620389518700486,0.2925134003162384,0.030493736,0.1062812,-0.12578746373291017,2
2026-08-14,ATGL,47,-1,-0.04237755844068277,0.11047645658254623,0.03809333,0.1062812,-0.11818787152404786,2
2026-08-14,AUBANK,3,1,0.0468809466645064,0.4454405903816223,0.16621351,0.1062812,0.009932312420654288,2
2026-08-14,AUBANK,18,1,0.052971330142525405,0.18510381877422333,-0.45047998,0.10628119999999998,-0.6067611842834473,2
2026-08-14,AUBANK,20,1,0.043894013529810795,0.1800004094839096,-0.5609691,0.10628119999999998,-0.7172503143035889,2
2026-08-14,AUBANK,22,1,0.05061424708336399,0.19308613240718842,-0.19379854,0.1062812,-0.3500797420227051,2
2026-08-14,AUBANK,57,-1,-0.04358675339057773,0.1337510198354721,-0.11072159,0.1062812,-0.26700278813476563,2
2026-08-14,AUROPHARMA,6,1,0.050723632541779334,0.8262199759483337,0.825119,0.1062812,0.6688378185546875,2
2026-08-14,AUROPHARMA,7,1,0.05117087315879743,0.7842283248901367,0.57821274,0.10628119999999998,0.4219315380371094,2
2026-08-14,AUROPHARMA,18,1,0.07183957381236605,0.494428426027298,-0.1830399,0.1062812,-0.3393211036407471,2
2026-08-14,AUROPHARMA,19,1,0.05391936408362258,0.4526427984237671,-0.06715655,0.10628119999999998,-0.22343775326843257,2
2026-08-14,AUROPHARMA,20,1,0.08146895114244888,0.33799222111701965,0.01835823,0.1062812,-0.1379229694091797,2
2026-08-14,AUROPHARMA,21,1,0.0568816209029056,0.3315480351448059,-0.20734668,0.1062812,-0.3636278777801514,2
2026-08-14,AUROPHARMA,22,1,0.06351547501462568,0.3163854777812958,-0.036662817,0.10628119999999998,-0.19294401700134273,2
2026-08-14,AWL,18,1,0.05111174486685139,0.16971348226070404,-0.6877184,0.1062812,-0.843999591418457,2
2026-08-14,AWL,20,1,0.041306165207920444,0.16158443689346313,-0.526458,0.1062812,-0.6827392249786377,2
2026-08-14,AWL,21,1,0.045914651350186145,0.16951659321784973,-0.29785037,0.10628119999999998,-0.45413157040710445,2
2026-08-14,AWL,22,1,0.05041147459665771,0.1729944795370102,-0.27201176,0.1062812,-0.42829295689697267,2
2026-08-14,AWL,47,-1,-0.043632150913009135,0.1624380201101303,0.09409785,0.1062812,-0.06218334729309083,2
2026-08-14,AXISBANK,12,-1,-0.04348768144693966,0.18110761046409607,-0.15697479,0.1062812,-0.31325599248046876,2
2026-08-14,AXISBANK,18,1,0.044991702502019164,0.12378207594156265,0.041258335,0.1062812,-0.11502286488647462,2
2026-08-14,AXISBANK,20,1,0.04477663319322585,0.10611706227064133,0.016510487,0.1062812,-0.1397707133972168,2
2026-08-14,AXISBANK,22,1,0.04086207447878977,0.10379302501678467,-0.06604791,0.10628120000000002,-0.22232910687561036,2
2026-08-14,AXISBANK,47,-1,-0.04912648448392887,0.10171281546354294,-0.13992786,0.10628119999999998,-0.296209064074707,2
2026-08-14,AXISBANK,56,-1,-0.04564007092643484,0.10214855521917343,0.049310923,0.1062812,-0.10697027737731934,2
2026-08-14,AXISBANK,57,-1,-0.20701085334802014,0.10150323063135147,0.13142824,0.1062812,-0.02485295827026368,2
2026-08-14,AXISBANK,58,-1,-0.047098842290957746,0.10744042694568634,-0.01642704,0.1062812,-0.17270824010009767,2
2026-08-14,AXISBANK,67,-1,-0.08235476248967624,0.13447332382202148,-0.082206726,0.1062812,-0.23848792607421876,2
2026-08-14,BAJAJ-AUTO,18,1,0.042346693214069815,0.1980919986963272,-0.17028451,0.10628119999999998,-0.32656570965881343,2
2026-08-14,BAJAJ-AUTO,20,1,0.04306344510256583,0.19695602357387543,-0.03412962,0.10628119999999998,-0.19041081959838863,2
2026-08-14,BAJAJ-AUTO,21,1,0.041874190036835075,0.19007006287574768,-0.042635202,0.1062812,-0.19891640240783692,2
2026-08-14,BAJAJFINSV,18,1,0.04657259641203155,0.1192350685596466,-0.06915331,0.1062812,-0.2254345088684082,2
2026-08-14,BAJAJFINSV,20,1,0.04207368471554774,0.1186649352312088,0.039565563,0.10628119999999998,-0.11671563679809568,2
2026-08-14,BAJAJFINSV,22,1,0.04211984806246018,0.11056962609291077,-0.079125166,0.1062812,-0.23540636593933106,2
2026-08-14,BAJAJFINSV,47,-1,-0.043632150913009135,0.11901845037937164,-0.18785,0.1062812,-0.3441311984741211,2
2026-08-14,BAJAJHLDNG,18,1,0.054623979205126266,0.2240896373987198,0.21793842,0.1062812,0.06165722315673827,2
2026-08-14,BAJAJHLDNG,47,-1,-0.04237755844068277,0.13414694368839264,0.15723109,0.1062812,0.0009498924530029207,2
2026-08-14,BAJFINANCE,18,1,0.05377383547721162,0.13368219137191772,0.03669262,0.1062812,-0.11958858067626954,2
2026-08-14,BAJFINANCE,20,1,0.0440293487451321,0.12584109604358673,0.082576275,0.1062812,-0.07370492512817384,2
2026-08-14,BAJFINANCE,22,1,0.042087417927712846,0.12394354492425919,0.027537346,0.1062812,-0.12874385411376954,2
2026-08-14,BALKRISIND,3,1,0.07735083701506297,0.9704561829566956,-0.5955577,0.1062812,-0.7518388896667481,2
2026-08-14,BALKRISIND,4,1,0.052193764958105474,0.8172354102134705,-0.2855003,0.1062812,-0.44178148800964356,2
2026-08-14,BALKRISIND,6,1,0.06400837330042312,0.6832996606826782,-0.1344502,0.10628119999999998,-0.2907313972198486,2
2026-08-14,BALKRISIND,7,1,0.054087802011135534,0.6193002462387085,-0.7533014,0.1062812,-0.9095825820648193,2
2026-08-14,BALKRISIND,8,1,0.053401698234746754,0.5849184393882751,-0.5307019,0.1062812,-0.6869830756866455,2
2026-08-14,BALKRISIND,10,1,0.04432468914060711,0.5791863203048706,-0.38352013,0.1062812,-0.5398013263427734,2
2026-08-14,BALKRISIND,14,1,0.04669555697717984,0.44372156262397766,-0.072044134,0.10628119999999998,-0.2283253341400146,2
2026-08-14,BALKRISIND,15,1,0.051128735097542975,0.4285833537578583,-0.0042259693,0.10628119999999998,-0.16050716931457518,2
2026-08-14,BALKRISIND,16,1,0.06032046012338679,0.4216802418231964,-0.10166764,0.1062812,-0.2579488425933838,2
2026-08-14,BALKRISIND,18,1,0.07236228830541026,0.38529035449028015,-0.28355718,0.1062812,-0.43983837658996583,2
2026-08-14,BALKRISIND,19,1,0.046047692686868355,0.3803456425666809,-0.35132766,0.1062812,-0.507608857699585,2
2026-08-14,BALKRISIND,20,1,0.07617278099862708,0.3682149648666382,-0.3640592,0.10628119999999998,-0.5203404098236084,2
2026-08-14,BALKRISIND,21,1,0.07234043564006927,0.3762570917606354,-0.27992725,0.1062812,-0.43620845372314454,2
2026-08-14,BALKRISIND,22,1,0.05893882178656177,0.3717668056488037,-0.4320562,0.1062812,-0.588337388583374,2
2026-08-14,BALKRISIND,47,-1,-0.041828263481928696,0.20359745621681213,0.029706955,0.1062812,-0.12657424504394532,2
2026-08-14,BANKBARODA,18,1,0.06911687871096046,0.28129446506500244,0.0,0.10628119999999998,-0.15628119999999998,2
2026-08-14,BANKBARODA,20,1,0.04905170493082149,0.24768294394016266,0.088465214,0.1062812,-0.06781598622436524,2
2026-08-14,BANKBARODA,47,-1,-0.042263227618675986,0.06857414543628693,-0.008034706,0.1062812,-0.16431590611572267,2
2026-08-14,BANKINDIA,18,1,0.07755196930270693,0.2605730891227722,-0.1044631,0.10628119999999998,-0.26074430043334956,2
2026-08-14,BANKINDIA,20,1,0.05447203544156289,0.23472340404987335,0.502336,0.10628119999999998,0.34605482523803716,2
2026-08-14,BANKINDIA,21,1,0.04551301804593157,0.23327723145484924,0.7885456,0.10628120000000002,0.6322644085205078,2
2026-08-14,BANKINDIA,22,1,0.04704649529485867,0.2238682061433792,0.9427428,0.1062812,0.7864616245544434,2
2026-08-14,BANKINDIA,47,-1,-0.050541843219938924,0.14703784883022308,-0.03465414,0.1062812,-0.19093534047241212,2
2026-08-14,BANKINDIA,56,-1,-0.04844050504243547,0.13833187520503998,0.110691786,0.10628120000000002,-0.04558941418762209,2
2026-08-14,BANKINDIA,57,-1,-0.20728010561743015,0.14114956557750702,0.29019713,0.10628119999999998,0.13391593401794438,2
2026-08-14,BANKINDIA,58,-1,-0.051464679600909086,0.14357692003250122,0.41438937,0.1062812,0.25810817187194823,2
2026-08-14,BANKINDIA,67,-1,-0.07798385075840417,0.15653815865516663,0.062417984,0.1062812,-0.09386321599121095,2
2026-08-14,BDL,3,1,0.04735018994024552,0.958244800567627,-0.31341314,0.10628119999999998,-0.46969434315795894,2
2026-08-14,BDL,15,1,0.051233696388334575,0.42916011810302734,-0.27945638,0.10628119999999998,-0.4357375770294189,2
2026-08-14,BDL,16,1,0.04820243018210749,0.4202306866645813,0.22912025,0.1062812,0.07283905451660155,2
2026-08-14,BDL,17,1,0.04589609855979765,0.4307045638561249,-0.43379068,0.1062812,-0.5900718837463379,2
2026-08-14,BDL,18,1,0.07031580523223273,0.41391900181770325,0.5816579,0.10628119999999998,0.425376686505127,2
2026-08-14,BDL,19,1,0.043512633069067094,0.4026074707508087,0.15451908,0.1062812,-0.0017621188842773527,2
2026-08-14,BDL,20,1,0.06953820662487317,0.47682422399520874,0.39123297,0.10628119999999998,0.23495176737670903,2
2026-08-14,BDL,21,1,0.05984765689404101,0.45784300565719604,0.22844076,0.1062812,0.0721595615661621,2
2026-08-14,BDL,22,1,0.06985222837038248,0.447220116853714,0.30972958,0.10628119999999998,0.1534483761108399,2
2026-08-14,BDL,28,1,0.04468615629720121,0.4842091202735901,0.38241148,0.10628119999999998,0.22613027994995122,2
2026-08-14,BDL,63,1,0.04804807816329323,1.3254319429397583,0.43834448,0.1062812,0.2820632786071777,2
2026-08-14,BDL,64,1,0.049680165372886345,1.3378206491470337,-0.22125244,0.10628119999999998,-0.37753364140624995,2
2026-08-14,BDL,66,1,0.06958919865598327,1.3039079904556274,-0.8158922,0.10628119999999998,-0.972173419543457,2
2026-08-14,BDL,67,1,0.058277531272081344,1.2687947750091553,0.0071525574,0.1062812,-0.14912864262695313,2
2026-08-14,BEL,18,1,0.055536996687599496,0.14751751720905304,0.2687812,0.10628119999999998,0.11249998515014652,2
2026-08-14,BEL,20,1,0.047639326367868065,0.13356728851795197,0.15888214,0.1062812,0.002600941113281241,2
2026-08-14,BEL,22,1,0.04203295040415102,0.1439543217420578,-0.06107092,0.10628119999999998,-0.2173521190368652,2
2026-08-14,BEL,47,-1,-0.04829764572939391,0.11713869124650955,0.10929108,0.1062812,-0.04699012333984376,2
2026-08-14,BERGEPAINT,18,1,0.06700459861120017,0.3157501816749573,0.0089764595,0.10628119999999998,-0.14730474049682615,2
2026-08-14,BERGEPAINT,20,1,0.057486319185260204,0.29157236218452454,0.21579266,0.1062812,0.05951145594482421,2
2026-08-14,BERGEPAINT,21,1,0.06193718165374252,0.26126188039779663,0.46846867,0.1062812,0.31218746607666015,2
2026-08-14,BHARATFORG,16,1,0.0418976211054672,0.2986548840999603,0.14030933,0.1062812,-0.015971866198730478,2
2026-08-14,BHARATFORG,17,1,0.04101098322843181,0.2801247835159302,0.2613306,0.1062812,0.10504940455322263,2
2026-08-14,BHARATFORG,18,1,0.07753382208678683,0.28051745891571045,0.23224354,0.1062812,0.07596233790283201,2
2026-08-14,BHARATFORG,20,1,0.05483655870015248,0.2646881639957428,-0.04348159,0.1062812,-0.19976278836364747,2
2026-08-14,BHARATFORG,21,1,0.047185769945560146,0.2631025016307831,-0.04348159,0.1062812,-0.19976278836364747,2
2026-08-14,BHARATFORG,22,1,0.043493594189539415,0.2561596930027008,0.033831596,0.10628119999999998,-0.12244960362548826,2
2026-08-14,BHARATFORG,47,-1,-0.04678186406447834,0.15157005190849304,0.17918944,0.1062812,0.022908243588256827,2
2026-08-14,BHEL,8,1,0.04288071055340481,0.7495061159133911,-0.26029348,0.10628119999999998,-0.4165746837341308,2
2026-08-14,BHEL,16,1,0.04689169162264231,0.3450201153755188,0.023722649,0.1062812,-0.13255855137939454,2
2026-08-14,BHEL,17,1,0.04376328222111627,0.2879501283168793,-0.082969666,0.10628119999999998,-0.2392508655273437,2
2026-08-14,BHEL,18,1,0.0819601146620267,0.267751008272171,0.15423298,0.1062812,-0.0020482211791992277,2
2026-08-14,BHEL,20,1,0.07307631730684216,0.277532696723938,0.08317232,0.1062812,-0.07310887868041993,2
2026-08-14,BHEL,21,1,0.05160742651869477,0.2767767906188965,-0.16589761,0.10628119999999998,-0.3221788078033447,2
2026-08-14,BHEL,22,1,0.07115721738803568,0.2796810269355774,-0.02372861,0.10628119999999998,-0.18000980908508296,2
2026-08-14,BIOCON,3,1,0.045787521937712974,0.4290664494037628,-0.18002987,0.1062812,-0.33631106907958985,2
2026-08-14,BIOCON,6,1,0.04206361187279018,0.3504847288131714,0.32471418,0.1062812,0.16843298380737304,2
2026-08-14,BIOCON,18,1,0.0590608870680155,0.22423481941223145,-0.036096573,0.1062812,-0.19237777287597657,2
2026-08-14,BIOCON,20,1,0.046987372514562434,0.21824702620506287,0.20455122,0.1062812,0.04827001994018554,2
2026-08-14,BIOCON,22,1,0.04857132319935659,0.22192443907260895,0.27700663,0.10628119999999998,0.12072542612915042,2
2026-08-14,BIOCON,47,-1,-0.04982520954084586,0.09343251585960388,0.25194883,0.10628119999999998,0.0956676334655762,2
2026-08-14,BIOCON,56,-1,-0.04153994942653802,0.11795765161514282,-0.14461279,0.10628119999999998,-0.3008939891540527,2
2026-08-14,BIOCON,57,-1,-0.15295207170501565,0.12673570215702057,-0.2776146,0.1062812,-0.4338957935058594,2
2026-08-14,BIOCON,58,-1,-0.044212041005711876,0.13115723431110382,-0.31404495,0.1062812,-0.47032615239257813,2
2026-08-14,BIOCON,67,-1,-0.0768107905312164,0.1540253609418869,-0.44562817,0.10628119999999998,-0.6019093661987305,2
2026-08-14,BLUESTARCO,3,1,0.05111841405651029,0.6964333057403564,0.113236904,0.10628119999999998,-0.04304429585571287,2
2026-08-14,BLUESTARCO,7,1,0.04228590406277233,0.4865371286869049,0.13319254,0.1062812,-0.02308866078491212,2
2026-08-14,BLUESTARCO,18,1,0.06793507529202727,0.26608073711395264,0.046491623,0.10628120000000002,-0.10978957707519534,2
2026-08-14,BLUESTARCO,20,1,0.06441961342185952,0.25936993956565857,0.113260746,0.1062812,-0.04302045399780274,2
2026-08-14,BLUESTARCO,22,1,0.044621643778379946,0.26581597328186035,-0.19252896,0.10628119999999998,-0.3488101630889892,2
2026-08-14,BOSCHLTD,18,1,0.05303079665605551,0.15181255340576172,0.0,0.10628119999999998,-0.15628119999999998,2
2026-08-14,BOSCHLTD,20,1,0.04734942177959974,0.13591547310352325,0.13974905,0.1062812,-0.01653214985961915,2
2026-08-14,BOSCHLTD,47,-1,-0.042296706243335855,0.15039193630218506,-0.021266937,0.1062812,-0.17754813725585938,2
2026-08-14,BPCL,18,1,0.04609888429103535,0.20543698966503143,0.3634572,0.1062812,0.20717600291137694,2
2026-08-14,BPCL,20,1,0.04472700749687446,0.22515054047107697,0.22062063,0.10628119999999998,0.06433943217163088,2
2026-08-14,BPCL,47,-1,-0.04982520954084586,0.08626043796539307,-0.015687943,0.10628119999999998,-0.1719691425048828,2
2026-08-14,BPCL,57,-1,-0.052460372273223185,0.11652688682079315,0.094139576,0.1062812,-0.062141624041748056,2
2026-08-14,BRITANNIA,18,1,0.057853381871527866,0.11315669119358063,-0.56959987,0.10628119999999998,-0.7258810668670654,2
2026-08-14,BRITANNIA,20,1,0.0532565218586575,0.14847762882709503,-0.2676189,0.10628119999999998,-0.4239000945770263,2
2026-08-14,BRITANNIA,21,1,0.046494878122224415,0.14854389429092407,-0.26776195,0.1062812,-0.4240431457244873,2
2026-08-14,BRITANNIA,47,-1,-0.049408154026274645,0.14258858561515808,0.34877658,0.1062812,0.19249537890319823,2
2026-08-14,BRITANNIA,57,-1,-0.04407216642344426,0.14850281178951263,0.11652112,0.1062812,-0.039760079928588876,2
2026-08-14,BSE,18,1,0.07732200807236984,0.253948450088501,-0.10133386,0.10628120000000002,-0.2576150565826416,2
2026-08-14,BSE,19,1,0.047142122419939876,0.25585389137268066,-0.08687377,0.1062812,-0.24315496976013184,2
2026-08-14,BSE,20,1,0.06601528536680454,0.2550562918186188,-0.09557009,0.1062812,-0.25185128743286134,2
2026-08-14,BSE,21,1,0.06425632820834493,0.25740984082221985,0.063836575,0.1062812,-0.09244462544555665,2
2026-08-14,BSE,22,1,0.06262988823696289,0.2506324350833893,0.27592182,0.10628119999999998,0.11964062159423831,2
2026-08-14,BSE,47,-1,-0.04565540153606853,0.13225987553596497,0.1538217,0.10628119999999995,-0.0024594932281493675,2
2026-08-14,CANBK,16,1,0.04352792257504787,0.3841143548488617,0.19973516,0.1062812,0.043453964642333975,2
2026-08-14,CANBK,17,1,0.043493340404945846,0.3838304579257965,0.27673244,0.1062812,0.12045124476318357,2
2026-08-14,CANBK,18,1,0.06423923317289632,0.3853888511657715,0.32287836,0.1062812,0.166597160748291,2
2026-08-14,CANBK,19,1,0.042392564233755876,0.3799278140068054,0.13840199,0.10628119999999998,-0.01787921483154295,2
2026-08-14,CANBK,20,1,0.05822747530070785,0.3817509412765503,0.26915073,0.10628119999999998,0.11286953394775394,2
2026-08-14,CANBK,21,1,0.04403840819215855,0.4025772213935852,0.046002865,0.10628119999999998,-0.1102783351623535,2
2026-08-14,CANBK,22,1,0.05056766528060087,0.39453956484794617,0.33034086,0.1062812,0.1740596622741699,2
2026-08-14,CANBK,47,-1,-0.0502398804419531,0.12673287093639374,-0.16825199,0.10628119999999998,-0.3245331912719726,2
2026-08-14,CANBK,57,-1,-0.04407216642344426,0.13988400995731354,-0.20574331,0.1062812,-0.36202451283569337,2
2026-08-14,CGPOWER,8,1,0.042295476217591596,0.42560842633247375,-0.15277267,0.1062812,-0.3090538650238037,2
2026-08-14,CGPOWER,18,1,0.046237693547440714,0.20895454287528992,-0.028306246,0.10628119999999998,-0.18458744580383296,2
2026-08-14,CGPOWER,20,1,0.05367365298505698,0.21984894573688507,0.06798506,0.1062812,-0.08829614216918946,2
2026-08-14,CGPOWER,22,1,0.04104364340208898,0.22007957100868225,0.25488138,0.10628119999999998,0.09860018198852542,2
2026-08-14,CGPOWER,47,-1,-0.04870942896935765,0.1267310231924057,-0.20270348,0.10628119999999998,-0.3589846759521484,2
2026-08-14,CGPOWER,57,-1,-0.093861719513438,0.13911351561546326,0.13468266,0.10628120000000002,-0.021598544665527367,2
2026-08-14,CHOLAFIN,8,1,0.04495201149684781,0.3158450126647949,0.0052452087,0.10628119999999998,-0.1510359912597656,2
2026-08-14,CHOLAFIN,18,1,0.050987924210392575,0.16696606576442719,-0.25157332,0.1062812,-0.4078545242034912,2
2026-08-14,CHOLAFIN,20,1,0.048672945273819955,0.1600124090909958,-0.16787052,0.1062812,-0.32415172154541017,2
2026-08-14,CHOLAFIN,22,1,0.04467510698750452,0.14535945653915405,-0.16264915,0.10628119999999998,-0.3189303546630859,2
2026-08-14,CHOLAFIN,47,-1,-0.042573589662370945,0.12765783071517944,0.36270022,0.1062812,0.20641902392272948,2
2026-08-14,CHOLAFIN,56,-1,-0.04627820886765293,0.1737278699874878,0.0052809715,0.10628120000000002,-0.1510002284729004,2
2026-08-14,CHOLAFIN,57,-1,-0.21884951316618237,0.16797760128974915,0.09493828,0.1062812,-0.06134292180175782,2
2026-08-14,CHOLAFIN,58,-1,-0.05121612072071076,0.16045384109020233,0.07382631,0.10628119999999998,-0.08245488698120115,2
2026-08-14,CHOLAFIN,67,-1,-0.08033504950625782,0.11391273885965347,-0.047528744,0.1062812,-0.2038099437438965,2
2026-08-14,CIPLA,18,1,0.04654084471882505,0.16319163143634796,-0.25998354,0.1062812,-0.41626473958129884,2
2026-08-14,CIPLA,20,1,0.04491883782105086,0.1516829878091812,-0.13017654,0.10628119999999998,-0.2864577441894531,2
2026-08-14,CIPLA,21,1,0.04193208318172761,0.14586153626441956,-0.13703108,0.10628120000000002,-0.29331227833862306,2
2026-08-14,CIPLA,22,1,0.04561200492371602,0.1414949595928192,-0.13707876,0.10628119999999998,-0.2933599620544433,2
2026-08-14,CIPLA,47,-1,-0.041542359456936635,0.09653870016336441,0.068598986,0.10628119999999998,-0.08768221432800291,2
2026-08-14,COALINDIA,18,1,0.060112849895707504,0.2001679241657257,0.036871433,0.1062812,-0.11940976674194337,2
2026-08-14,COALINDIA,20,1,0.045362423450514035,0.18958602845668793,0.024580956,0.1062812,-0.13170024449462892,2
2026-08-14,COALINDIA,47,-1,-0.04912648448392887,0.07637243717908859,0.2089262,0.1062812,0.05264500086669921,2
2026-08-14,COALINDIA,56,-1,-0.04402990472414707,0.07213348150253296,-0.02462864,0.1062812,-0.18090983922119142,2
2026-08-14,COALINDIA,57,-1,-0.20378799280512183,0.07127105444669724,-0.02462864,0.1062812,-0.18090983922119142,2
2026-08-14,COALINDIA,58,-1,-0.05068123104940423,0.07300340384244919,-0.08620024,0.10628119999999998,-0.24248143727416988,2
2026-08-14,COALINDIA,67,-1,-0.08398916701523233,0.06678992509841919,-0.1722455,0.10628119999999998,-0.3285267024719238,2
2026-08-14,COCHINSHIP,18,1,0.06752468774609492,0.26454979181289673,-0.020056963,0.1062812,-0.17633816296691895,2
2026-08-14,COCHINSHIP,20,1,0.051446585469233884,0.22870121896266937,0.12052059,0.1062812,-0.035760608264160165,2
2026-08-14,COCHINSHIP,22,1,0.053699326218709854,0.26253366470336914,-0.28743744,0.10628119999999998,-0.4437186389648437,2
2026-08-14,COFORGE,18,1,0.07811233915108148,0.2993868887424469,-0.12652874,0.10628119999999998,-0.28280993992919917,2
2026-08-14,COFORGE,19,1,0.045252617887275574,0.26775383949279785,-0.25328994,0.1062812,-0.40957113797302247,2
2026-08-14,COFORGE,20,1,0.04993323835265087,0.28378522396087646,0.16046762,0.1062812,0.004186424664306632,2
2026-08-14,COFORGE,21,1,0.05907535909234535,0.2943631112575531,-0.060766935,0.10628119999999998,-0.2170481353485107,2
2026-08-14,COFORGE,22,1,0.0627076347058342,0.2888871133327484,0.2099514,0.1062812,0.05367020075683593,2
2026-08-14,COLPAL,6,1,0.042790098303777335,0.2676302194595337,0.30363798,0.1062812,0.1473567814147949,2
2026-08-14,COLPAL,12,-1,-0.04662329753006693,0.19599471986293793,-0.025224686,0.10628119999999998,-0.18150588566894527,2
2026-08-14,COLPAL,18,1,0.04732913123746681,0.10409396886825562,-0.20674467,0.10628119999999998,-0.3630258708679199,2
2026-08-14,COLPAL,20,1,0.051486329263834715,0.11563912779092789,0.13654232,0.1062812,-0.019738879748535165,2
2026-08-14,COLPAL,21,1,0.046494878122224415,0.1170906201004982,0.17704964,0.1062812,0.020768436840820304,2
2026-08-14,COLPAL,22,1,0.04927643550813542,0.11673522740602493,0.08093119,0.1062812,-0.07535001332397462,2
2026-08-14,COLPAL,47,-1,-0.04740251111918521,0.08773384988307953,-0.005054474,0.10628120000000002,-0.16133567387695313,2
2026-08-14,COLPAL,56,-1,-0.045334619350097624,0.0797821506857872,0.020211935,0.1062812,-0.13606926495666505,2
2026-08-14,COLPAL,57,-1,-0.21838670479597647,0.08010663092136383,0.045454502,0.10628119999999998,-0.11082669789428709,2
2026-08-14,COLPAL,58,-1,-0.05097926656804255,0.07397250086069107,0.030308962,0.10628120000000002,-0.12597223813171388,2
2026-08-14,COLPAL,67,-1,-0.07672233323621717,0.07042457163333893,-0.15673637,0.1062812,-0.3130175739013672,2
2026-08-14,CONCOR,18,1,0.06314569497264316,0.35291576385498047,0.028181076,0.10628119999999998,-0.1281001239501953,2
2026-08-14,CONCOR,19,1,0.04843220605642884,0.33463194966316223,0.02822876,0.1062812,-0.128052440234375,2
2026-08-14,CONCOR,20,1,0.07735696967813233,0.32522445917129517,0.13170242,0.1062812,-0.024578776904296884,2
2026-08-14,CONCOR,21,1,0.045250411799715874,0.2557723820209503,0.1503706,0.10628119999999998,-0.0059106021606445125,2
2026-08-14,CONCOR,22,1,0.04173887735790061,0.24181115627288818,0.2820611,0.1062812,0.1257799000061035,2
2026-08-14,CONCOR,47,-1,-0.04293342585609214,0.16091108322143555,0.037389994,0.1062812,-0.11889120633239747,2
2026-08-14,COROMANDEL,8,1,0.04144857320085567,0.28099608421325684,-0.4963696,0.1062812,-0.6526508002960205,2
2026-08-14,COROMANDEL,12,-1,-0.04588420199118254,0.23231922090053558,-0.09542704,0.10628119999999998,-0.25170823628540034,2
2026-08-14,COROMANDEL,18,1,0.043648443520820444,0.18635104596614838,0.43503046,0.1062812,0.278749260357666,2
2026-08-14,COROMANDEL,20,1,0.04475504302683473,0.21260997653007507,-0.023794174,0.1062812,-0.18007537419433595,2
2026-08-14,COROMANDEL,22,1,0.04082684445470311,0.2104731947183609,0.18110275,0.1062812,0.024821552685546866,2
2026-08-14,COROMANDEL,47,-1,-0.04917223733956355,0.11578243225812912,-0.009536743,0.10628119999999998,-0.16581794316406248,2
2026-08-14,COROMANDEL,56,-1,-0.04552073019909922,0.11994965374469757,0.1334548,0.10628120000000002,-0.022826400347900414,2
2026-08-14,COROMANDEL,57,-1,-0.21973587216705504,0.1282791644334793,0.08097887,0.10628119999999998,-0.07530232960815428,2
2026-08-14,COROMANDEL,58,-1,-0.048514802164175704,0.1317383050918579,0.119149685,0.10628119999999998,-0.03713151509399412,2
2026-08-14,COROMANDEL,67,-1,-0.0761914707455619,0.11316126585006714,0.028634071,0.1062812,-0.12764712864990235,2
2026-08-14,CRISIL,18,1,0.05825791142945544,0.12137442827224731,-0.15749931,0.10628119999999998,-0.31378051335449214,2
2026-08-14,CRISIL,20,1,0.05348213798601507,0.1257922351360321,-0.049614906,0.1062812,-0.20589610631103517,2
2026-08-14,CRISIL,21,1,0.04932733238276046,0.12380197644233704,0.024831295,0.1062812,-0.13144990498657227,2
2026-08-14,CRISIL,47,-1,-0.050541843219938924,0.06984955072402954,0.022542477,0.1062812,-0.13373872334594727,2
2026-08-14,CRISIL,57,-1,-0.055192996035234684,0.16051286458969116,-0.5146146,0.10628119999999998,-0.6708957820617676,2
2026-08-14,CUMMINSIND,18,1,0.048784384994418284,0.22257065773010254,-0.31625032,0.1062812,-0.4725315242492676,2
2026-08-14,CUMMINSIND,20,1,0.04973560269546182,0.20759864151477814,-0.102466345,0.10628119999999998,-0.258747544833374,2
2026-08-14,CUMMINSIND,21,1,0.04315781058847478,0.2136467695236206,0.18640757,0.1062812,0.03012636607055663,2
2026-08-14,CUMMINSIND,22,1,0.0492363995349174,0.21600575745105743,0.6252885,0.1062812,0.46900728648071294,2
2026-08-14,CUMMINSIND,47,-1,-0.041914067484434644,0.1445201188325882,0.19397736,0.1062812,0.03769615595703124,2
2026-08-14,DABUR,12,-1,-0.04662329753006693,0.165001779794693,0.10969043,0.1062812,-0.04659077221984864,2
2026-08-14,DABUR,18,1,0.043648443520820444,0.10712862759828568,-0.2439022,0.10628119999999998,-0.4001834064208984,2
2026-08-14,DABUR,20,1,0.053352851108168904,0.12232309579849243,0.122356415,0.1062812,-0.033924785205078134,2
2026-08-14,DABUR,21,1,0.04430551284944394,0.12397969514131546,-0.12224913,0.1062812,-0.2785303264343262,2
2026-08-14,DABUR,22,1,0.04857933633904979,0.12227875739336014,-0.0366807,0.1062812,-0.1929618983947754,2
2026-08-14,DABUR,47,-1,-0.04515877955490948,0.08982963114976883,-0.07326603,0.10628119999999998,-0.2295472293579101,2
2026-08-14,DABUR,56,-1,-0.04552863102199086,0.10463116317987442,0.293082,0.10628119999999998,0.1368007988250733,2
2026-08-14,DABUR,57,-1,-0.21686608270102745,0.11070775240659714,0.3173113,0.1062812,0.16103008692626952,2
2026-08-14,DABUR,58,-1,-0.04808683059943285,0.1212281882762909,0.25635362,0.1062812,0.10007241671447752,2
2026-08-14,DABUR,67,-1,-0.08195694614583883,0.11882896721363068,0.9047568,0.10628120000000002,0.7484755844390869,2
2026-08-14,DALBHARAT,18,1,0.04167363247028725,0.22032052278518677,0.0054478645,0.1062812,-0.1508333354675293,2
2026-08-14,DIVISLAB,18,1,0.05765260972825092,0.21883393824100494,-0.15229583,0.1062812,-0.3085770278656006,2
2026-08-14,DIVISLAB,20,1,0.05007881143651765,0.18918420374393463,0.17032623,0.1062812,0.014045032910156241,2
2026-08-14,DIVISLAB,21,1,0.0414715161485814,0.18942569196224213,0.035202503,0.1062812,-0.1210786967956543,2
2026-08-14,DIVISLAB,47,-1,-0.04515877955490948,0.08723588287830353,-0.11742115,0.1062812,-0.27370235020751954,2
2026-08-14,DIXON,8,1,0.04431061308390902,0.4312081038951874,0.13513565,0.1062812,-0.021145549365234384,2
2026-08-14,DIXON,18,1,0.0706080154496596,0.30300265550613403,-0.042569637,0.1062812,-0.198850837298584,2
2026-08-14,DIXON,19,1,0.043957927321895796,0.3016323745250702,-0.0993669,0.1062812,-0.2556481033050537,2
2026-08-14,DIXON,20,1,0.06987008774035663,0.3032273054122925,0.14221668,0.1062812,-0.014064517565917978,2
2026-08-14,DIXON,21,1,0.060149024982989824,0.28825169801712036,0.06394386,0.1062812,-0.09233733708496095,2
2026-08-14,DIXON,22,1,0.051199875203370514,0.24259525537490845,0.1136899,0.1062812,-0.04259130055541993,2
2026-08-14,DIXON,47,-1,-0.048714701243965125,0.17098340392112732,-0.3256917,0.10628119999999998,-0.4819728999816894,2
2026-08-14,DIXON,57,-1,-0.09359246724402803,0.18189696967601776,-0.00705719,0.10628119999999998,-0.16333838994140623,2
2026-08-14,DLF,3,1,0.043744541493461284,0.5151506066322327,0.99977255,0.10628119999999998,0.8434913486755371,2
2026-08-14,DLF,8,1,0.043175173527914515,0.42491400241851807,-0.29246807,0.10628119999999995,-0.44874927098388667,2
2026-08-14,DLF,18,1,0.0666430946663335,0.2496369630098343,0.03759861,0.1062812,-0.1186825900756836,2
2026-08-14,DLF,20,1,0.050574258910821145,0.23375973105430603,0.0677228,0.1062812,-0.08855840260620118,2
2026-08-14,DLF,22,1,0.04181190291219134,0.18975189328193665,0.007522106,0.1062812,-0.1487590938293457,2
2026-08-14,DLF,47,-1,-0.047295406962432895,0.10148034244775772,-0.18039942,0.10628119999999998,-0.3366806178771972,2
2026-08-14,DLF,56,-1,-0.04844050504243547,0.12663541734218597,0.044858456,0.1062812,-0.11142274434204102,2
2026-08-14,DLF,57,-1,-0.1890395107946686,0.13799096643924713,0.09735823,0.1062812,-0.05892297322387696,2
2026-08-14,DLF,58,-1,-0.05168084036436563,0.14797653257846832,0.29153824,0.10628119999999998,0.13525703852539067,2
2026-08-14,DLF,67,-1,-0.07843247123844987,0.21960024535655975,0.26994348,0.10628119999999998,0.11366227572326663,2
2026-08-14,DMART,18,1,0.05960574044888678,0.24847660958766937,-0.4028976,0.1062812,-0.5591787963592529,2
2026-08-14,DMART,20,1,0.05936068237472738,0.2562459111213684,0.09615421,0.1062812,-0.06012698704833985,2
2026-08-14,DMART,21,1,0.04958091597600982,0.2531724274158478,-0.046777725,0.1062812,-0.20305892521972657,2
2026-08-14,DMART,22,1,0.0510475662973095,0.24883529543876648,0.019705296,0.10628120000000002,-0.13657590443725587,2
2026-08-14,DRREDDY,3,1,0.044045947509237286,0.35935303568840027,0.22550821,0.1062812,0.06922701304321288,2
2026-08-14,DRREDDY,18,1,0.05500560770658871,0.19674080610275269,0.10010004,0.1062812,-0.05618115956420899,2
2026-08-14,DRREDDY,20,1,0.04280795570767034,0.1761917769908905,0.16666651,0.1062812,0.010385307720947257,2
2026-08-14,DRREDDY,47,-1,-0.04757242451598495,0.10276895016431808,-0.17564297,0.1062812,-0.3319241672241211,2
2026-08-14,DRREDDY,57,-1,-0.04301566441234398,0.13653868436813354,0.2755463,0.1062812,0.1192651123321533,2
2026-08-14,EICHERMOT,8,1,0.04359854137517451,0.3236512243747711,0.030851364,0.1062812,-0.12542983586425782,2
2026-08-14,EICHERMOT,18,1,0.049660535358599836,0.18719333410263062,0.08631945,0.1062812,-0.0699617534362793,2
2026-08-14,EICHERMOT,20,1,0.046908436961498254,0.17328041791915894,0.11111498,0.1062812,-0.045166221209716806,2
2026-08-14,EICHERMOT,47,-1,-0.049090790019728596,0.07218564301729202,-0.086295605,0.1062812,-0.24257680470581056,2
2026-08-14,EICHERMOT,56,-1,-0.04281545997484602,0.10130462795495987,-0.22199154,0.10628120000000002,-0.37827273900146485,2
2026-08-14,EICHERMOT,57,-1,-0.21875013974341254,0.11037041991949081,-0.0677228,0.10628120000000002,-0.22400399739379884,2
2026-08-14,EICHERMOT,58,-1,-0.04926585259893877,0.11259676516056061,-0.03694296,0.1062812,-0.19322415883178712,2
2026-08-14,EICHERMOT,67,-1,-0.0847766335535403,0.10276228189468384,0.8176565,0.1062812,0.6613753170288086,2
2026-08-14,ENDURANCE,6,1,0.04770717175808818,0.7591848969459534,-0.9067714,0.10628119999999998,-1.0630526214324951,2
2026-08-14,ENDURANCE,8,1,0.04544819874246824,0.6600520610809326,-0.7417023,0.10628119999999998,-0.8979835181915283,2
2026-08-14,ENDURANCE,10,1,0.04384182514250143,0.5846119523048401,-0.7751465,0.10628119999999998,-0.931427684375,2
2026-08-14,ENDURANCE,17,1,0.044511392792127936,0.31504639983177185,0.37435293,0.1062812,0.21807173197631835,2
2026-08-14,ENDURANCE,18,1,0.09113001103798452,0.3174057900905609,0.38852692,0.10628119999999998,0.2322457165039063,2
2026-08-14,ENDURANCE,19,1,0.05400001743575439,0.31178608536720276,0.2875924,0.1062812,0.13131121104125976,2
2026-08-14,ENDURANCE,20,1,0.07451941583161668,0.2980009913444519,0.21136999,0.10628119999999998,0.05508879130249025,2
2026-08-14,ENDURANCE,21,1,0.04996740820487737,0.2889828681945801,0.15592575,0.10628119999999998,-0.00035544926757810624,2
2026-08-14,ENDURANCE,22,1,0.06516987151168517,0.28086942434310913,0.14563799,0.1062812,-0.010643210955810556,2
2026-08-14,ENDURANCE,47,-1,-0.049091385142216636,0.13784673810005188,0.28712153,0.1062812,0.13084033434753417,2
2026-08-14,ENDURANCE,56,-1,-0.048203391798121525,0.19327719509601593,0.034600496,0.10628119999999998,-0.12168070370788572,2
2026-08-14,ENDURANCE,57,-1,-0.20091436991975797,0.20504248142242432,-0.013852119,0.10628119999999998,-0.17013331944580076,2
2026-08-14,ENDURANCE,58,-1,-0.051195427331499094,0.212080717086792,0.19010901,0.1062812,0.03382781451110839,2
2026-08-14,ENDURANCE,67,-1,-0.08072683137164159,0.20673973858356476,-0.512135,0.10628119999999998,-0.6684162288391113,2
2026-08-14,ESCORTS,18,1,0.05229826939874284,0.1341482400894165,-0.15436411,0.10628119999999998,-0.3106453090393066,2
2026-08-14,ESCORTS,20,1,0.04456698232956014,0.10671480745077133,-0.119161606,0.1062812,-0.27544280583496095,2
2026-08-14,ESCORTS,21,1,0.04179327392532224,0.10375496745109558,-0.077331066,0.1062812,-0.2336122661315918,2
2026-08-14,ESCORTS,22,1,0.047020378056172166,0.10687942802906036,-0.09020567,0.1062812,-0.24648686940307618,2
2026-08-14,ESCORTS,47,-1,-0.04795837853459458,0.11800660938024521,0.019288063,0.10628119999999998,-0.13699313695068357,2
2026-08-14,ETERNAL,7,1,0.04340943743063458,0.587325394153595,-0.6646037,0.10628119999999998,-0.8208849101745606,2
2026-08-14,ETERNAL,8,1,0.045857378279490046,0.5481658577919006,-0.5723119,0.1062812,-0.7285930782043457,2
2026-08-14,ETERNAL,17,1,0.04103579154076305,0.35022711753845215,-0.3902614,0.1062812,-0.5465426116668701,2
2026-08-14,ETERNAL,18,1,0.08373349680727951,0.3192959427833557,-0.25007725,0.1062812,-0.4063584476196289,2
2026-08-14,ETERNAL,19,1,0.05272145498170184,0.30423709750175476,-0.093925,0.1062812,-0.25020619923706056,2
2026-08-14,ETERNAL,20,1,0.06461303934465192,0.3062191605567932,0.1570344,0.1062812,0.0007531971252441316,2
2026-08-14,ETERNAL,21,1,0.059493345378963114,0.30822062492370605,-0.015681982,0.10628119999999998,-0.17196318204040525,2
2026-08-14,ETERNAL,22,1,0.0674369012757217,0.3040233850479126,0.23555756,0.1062812,0.07927635615234373,2
2026-08-14,ETERNAL,47,-1,-0.049790792785175855,0.1331470012664795,-0.2663374,0.10628119999999998,-0.4226185947143554,2
2026-08-14,ETERNAL,57,-1,-0.09407788027689454,0.11357391625642776,0.24937391,0.10628120000000002,0.09309271281127927,2
2026-08-14,EXIDEIND,3,1,0.04912715561013928,0.8394345045089722,0.60663223,0.1062812,0.45035103266601567,2
2026-08-14,EXIDEIND,6,1,0.04700062631233312,0.6750804781913757,0.26147366,0.1062812,0.10519245570068357,2
2026-08-14,EXIDEIND,7,1,0.041715432288782474,0.6295157074928284,0.35580397,0.1062812,0.1995227665222168,2
2026-08-14,EXIDEIND,8,1,0.04278494443729288,0.5785583257675171,0.14644861,0.1062812,-0.009832587786865243,2
2026-08-14,EXIDEIND,18,1,0.08309414515567815,0.31477466225624084,-0.041800737,0.1062812,-0.19808193738098145,2
2026-08-14,EXIDEIND,19,1,0.05103917706670608,0.2805503308773041,-0.17758608,0.1062812,-0.33386727864379884,2
2026-08-14,EXIDEIND,20,1,0.07393032288982335,0.2620883285999298,-0.010454655,0.1062812,-0.16673585469360352,2
2026-08-14,EXIDEIND,21,1,0.04948102138433148,0.25462138652801514,0.06272793,0.1062812,-0.09355327183837892,2
2026-08-14,EXIDEIND,22,1,0.06848330686684771,0.2594000995159149,0.2931714,0.10628119999999998,0.13689020579223637,2
2026-08-14,EXIDEIND,47,-1,-0.04770523581174965,0.16012664139270782,-0.11527538,0.10628119999999998,-0.2715565829956054,2
2026-08-14,EXIDEIND,57,-1,-0.05316715723395077,0.17350473999977112,-0.020945072,0.10628119999999998,-0.17722627217407222,2
2026-08-14,FEDERALBNK,18,1,0.056641603480970054,0.13956016302108765,0.014162064,0.1062812,-0.1421191364013672,2
2026-08-14,FEDERALBNK,20,1,0.04767226804344897,0.13956016302108765,-0.08494854,0.10628119999999998,-0.24122973973388667,2
2026-08-14,FEDERALBNK,47,-1,-0.049408154026274645,0.1225593164563179,0.1701653,0.10628119999999998,0.013884100369262714,2
2026-08-14,FEDERALBNK,57,-1,-0.05497683527177814,0.16293667256832123,-0.2267003,0.1062812,-0.3829815059387207,2
2026-08-14,FLUOROCHEM,6,1,0.04299678885023572,1.3043633699417114,0.68376064,0.1062812,0.5274794430053711,2
2026-08-14,FLUOROCHEM,7,1,0.04165392594603233,1.1868926286697388,0.624907,0.10628119999999998,0.46862581675415044,2
2026-08-14,FLUOROCHEM,8,1,0.046759763084595424,1.1085238456726074,0.27427673,0.1062812,0.11799553339843748,2
2026-08-14,FLUOROCHEM,18,1,0.05293847961679984,0.5267307162284851,-0.29998422,0.1062812,-0.4562654166900635,2
2026-08-14,FLUOROCHEM,20,1,0.05893182985417977,0.444845587015152,-0.0020623207,0.1062812,-0.15834352070922852,2
2026-08-14,FLUOROCHEM,21,1,0.058901730712371925,0.4769681394100189,0.31872988,0.1062812,0.16244867747192382,2
2026-08-14,FLUOROCHEM,22,1,0.047091995962345055,0.48170292377471924,-0.098866224,0.1062812,-0.25514742428894044,2
2026-08-14,FORTIS,18,1,0.05756405850218102,0.30669814348220825,0.03834963,0.1062812,-0.11793157155151368,2
2026-08-14,FORTIS,19,1,0.04473914481621675,0.3078175187110901,0.33468008,0.1062812,0.17839888041381835,2
2026-08-14,FORTIS,20,1,0.0686209196087368,0.3044019639492035,0.37338734,0.1062812,0.21710613673095702,2
2026-08-14,FORTIS,21,1,0.05391938559596622,0.29763534665107727,0.2960682,0.1062812,0.1397869915283203,2
2026-08-14,FORTIS,22,1,0.055110070236723596,0.3018660843372345,0.31831264,0.1062812,0.16203144495849608,2
2026-08-14,FORTIS,47,-1,-0.050541843219938924,0.18691281974315643,-0.40972233,0.10628119999999998,-0.5660035281860352,2
2026-08-14,FORTIS,57,-1,-0.05443436665398774,0.16897666454315186,-0.038063526,0.1062812,-0.19434472615356446,2
2026-08-14,GAIL,12,-1,-0.04708519480452412,0.22074103355407715,0.051772594,0.1062812,-0.10450860554809571,2
2026-08-14,GAIL,18,1,0.045431769654271696,0.13029666244983673,0.09782314,0.10628119999999998,-0.05845805699462889,2
2026-08-14,GAIL,20,1,0.045283487897449855,0.11184553802013397,0.13815165,0.10628119999999998,-0.01812955433959959,2
2026-08-14,GAIL,47,-1,-0.050259491091550916,0.12540790438652039,-0.028693676,0.10628119999999998,-0.184974875994873,2
2026-08-14,GAIL,56,-1,-0.04856648627739722,0.1126110702753067,0.05159378,0.1062812,-0.10468741948242188,2
2026-08-14,GAIL,57,-1,-0.21680727873143962,0.11309164762496948,0.011473894,0.10628119999999998,-0.14480730588073729,2
2026-08-14,GAIL,58,-1,-0.04814579815587265,0.10814997553825378,0.22367239,0.1062812,0.06739118998413085,2
2026-08-14,GAIL,67,-1,-0.07187247791386431,0.12499623745679855,-0.69663525,0.1062812,-0.8529164462768555,2
2026-08-14,GICRE,6,1,0.04938234208392859,0.2877283990383148,-0.12931228,0.1062812,-0.28559347684020997,2
2026-08-14,GICRE,18,1,0.05789513910514022,0.17077939212322235,0.25925636,0.1062812,0.10297516291503904,2
2026-08-14,GICRE,20,1,0.04276058313170894,0.16544483602046967,0.18694401,0.10628119999999998,0.030662807873535175,2
2026-08-14,GICRE,47,-1,-0.04221679217699908,0.08756782859563828,-0.14255047,0.1062812,-0.2988316684448242,2
2026-08-14,GICRE,57,-1,-0.04079007489724135,0.12918657064437866,0.24209619,0.1062812,0.08581498568420408,2
2026-08-14,GLAXO,18,1,0.06857852189710925,0.276020348072052,0.041234493,0.1062812,-0.11504670674438477,2
2026-08-14,GLAXO,20,1,0.05710986004871753,0.2800844609737396,0.5253315,0.10628119999999998,0.36905029719238286,2
2026-08-14,GLAXO,21,1,0.04603281718998117,0.27897074818611145,0.33768415,0.10628119999999998,0.1814029545104981,2
2026-08-14,GLAXO,22,1,0.04327838479718123,0.2699706256389618,0.20227432,0.1062812,0.045993122509765616,2
2026-08-14,GLENMARK,18,1,0.04498608472750328,0.23277534544467926,-0.11149645,0.1062812,-0.2677776485168457,2
2026-08-14,GODFRYPHLP,18,1,0.04464039953497744,0.19167928397655487,-0.24101734,0.10628119999999998,-0.3972985416137695,2
2026-08-14,GODFRYPHLP,20,1,0.04699915374946901,0.18282559514045715,-0.13940334,0.1062812,-0.2956845432006836,2
2026-08-14,GODFRYPHLP,21,1,0.04387850596394345,0.16493038833141327,-0.25086403,0.1062812,-0.40714522893066407,2
2026-08-14,GODFRYPHLP,22,1,0.046856689318422004,0.15735521912574768,-0.15801191,0.1062812,-0.31429311329956056,2
2026-08-14,GODFRYPHLP,47,-1,-0.042498461719344856,0.11622582376003265,0.19988418,0.1062812,0.04360297625427245,2
2026-08-14,GODREJCP,6,1,0.04887042833817901,0.43531519174575806,0.096559525,0.1062812,-0.059721675463867196,2
2026-08-14,GODREJCP,18,1,0.049905253283582286,0.24178273975849152,-0.04271865,0.1062812,-0.19899984891052247,2
2026-08-14,GODREJCP,20,1,0.04388808867904406,0.22731563448905945,-0.032031536,0.1062812,-0.18831273610229493,2
2026-08-14,GODREJCP,47,-1,-0.042915517233916074,0.13237439095973969,-0.11715889,0.1062812,-0.2734400897705078,2
2026-08-14,GODREJIND,18,1,0.07656282073240608,0.3431227207183838,0.15954971,0.10628119999999998,0.0032685131347656438,2
2026-08-14,GODREJIND,19,1,0.04101463919782189,0.35182100534439087,-0.581491,0.1062812,-0.7377721934997559,2
2026-08-14,GODREJIND,20,1,0.06763991249392903,0.3446601629257202,-0.8198738,0.10628119999999998,-0.9761550098144531,2
2026-08-14,GODREJIND,21,1,0.052572784036321506,0.3463659882545471,-0.788033,0.10628119999999998,-0.9443142085754395,2
2026-08-14,GODREJIND,22,1,0.04897190684825252,0.3037101626396179,-0.89179873,0.1062812,-1.048079934664917,2
2026-08-14,GODREJPROP,3,1,0.04416895112343087,0.5364932417869568,0.6455779,0.1062812,0.4892967075622559,2
2026-08-14,GODREJPROP,8,1,0.04290771684540738,0.4140835702419281,-0.617224,0.10628119999999998,-0.7735051780426025,2
2026-08-14,GODREJPROP,18,1,0.07522831094222245,0.25037598609924316,-0.08512735,0.1062812,-0.2414085536682129,2
2026-08-14,GODREJPROP,20,1,0.05488115818154462,0.22909791767597198,0.13029575,0.1062812,-0.025985446520996103,2
2026-08-14,GODREJPROP,21,1,0.04693544785397664,0.20591267943382263,0.07015467,0.10628119999999998,-0.08612653309936522,2
2026-08-14,GODREJPROP,47,-1,-0.04445103342398709,0.1120435893535614,-0.14026165,0.1062812,-0.2965428500854492,2
2026-08-14,GODREJPROP,56,-1,-0.047974970721155884,0.10892987996339798,0.09999871,0.1062812,-0.05628248746032716,2
2026-08-14,GODREJPROP,57,-1,-0.21973587216705504,0.10571594536304474,0.069999695,0.1062812,-0.08628150517578126,2
2026-08-14,GODREJPROP,58,-1,-0.05097926656804255,0.11066623032093048,0.3498435,0.1062812,0.19356230204467773,2
2026-08-14,GODREJPROP,67,-1,-0.0765572915051543,0.13894067704677582,0.23562312,0.1062812,0.07934192126159666,2
2026-08-14,GRASIM,6,1,0.041330137161895625,0.4034915566444397,0.3959179,0.10628119999999998,0.23963669245605473,2
2026-08-14,GRASIM,18,1,0.04862756813888403,0.21746361255645752,-0.4775107,0.1062812,-0.6337918906890869,2
2026-08-14,GRASIM,20,1,0.050471539989335415,0.2310471087694168,-0.098860264,0.1062812,-0.2551414638244629,2
2026-08-14,GRASIM,21,1,0.044166069488071356,0.22600755095481873,0.17979145,0.10628119999999998,0.0235102505004883,2
2026-08-14,GRASIM,22,1,0.0482616435950328,0.21652263402938843,0.08049011,0.1062812,-0.07579108769531251,2
2026-08-14,GRASIM,47,-1,-0.043632150913009135,0.15386232733726501,-0.31746626,0.1062812,-0.47374745900268556,2
2026-08-14,HAL,18,1,0.05516010868420999,0.20235198736190796,0.27035475,0.1062812,0.11407354777221677,2
2026-08-14,HAL,20,1,0.053253685540522615,0.1954043209552765,0.16150475,0.1062812,0.0052235454833984285,2
2026-08-14,HAL,47,-1,-0.056134877206557604,0.24713516235351562,0.0059843063,0.10628119999999998,-0.15029689366455076,2
2026-08-14,HAL,57,-1,-0.04186786211730757,0.35720688104629517,0.04184246,0.1062812,-0.11443873936767579,2
2026-08-14,HAVELLS,18,1,0.050673472037353035,0.18852032721042633,0.22134781,0.1062812,0.06506660883789062,2
2026-08-14,HAVELLS,20,1,0.04338756903369341,0.18920493125915527,0.24499893,0.1062812,0.0887177318847656,2
2026-08-14,HCLTECH,18,1,0.050876114609369555,0.16781552135944366,-0.28722882,0.10628119999999998,-0.44351002270812984,2
2026-08-14,HCLTECH,20,1,0.04316653222475554,0.19563207030296326,0.45275688,0.1062812,0.2964756817138672,2
2026-08-14,HCLTECH,21,1,0.04291776087140439,0.20993082225322723,0.18503666,0.10628119999999998,0.028755459240722675,2
2026-08-14,HCLTECH,22,1,0.042011302572560784,0.2117789387702942,0.059127808,0.1062812,-0.09715339238281251,2
2026-08-14,HDFCAMC,18,1,0.05409068818018266,0.21681633591651917,-0.16952157,0.1062812,-0.3258027702056885,2
2026-08-14,HDFCAMC,20,1,0.04652235343300213,0.1893978863954544,0.004041195,0.10628119999999998,-0.1522400050842285,2
2026-08-14,HDFCAMC,22,1,0.05140531990021915,0.17917761206626892,0.14163256,0.10628119999999998,-0.014648643084716778,2
2026-08-14,HDFCAMC,47,-1,-0.04995744898502871,0.12997521460056305,-0.060522556,0.1062812,-0.21680375630493165,2
2026-08-14,HDFCBANK,18,1,0.047759120943922984,0.11200772970914841,-0.03438592,0.10628120000000002,-0.19066711957092286,2
2026-08-14,HDFCBANK,20,1,0.04169188719162667,0.094276063144207,-0.1306057,0.1062812,-0.28688689763183595,2
2026-08-14,HDFCBANK,47,-1,-0.04293342585609214,0.06484996527433395,-0.020635128,0.10628119999999998,-0.1769163280212402,2
2026-08-14,HDFCLIFE,18,1,0.04278367676566985,0.16537174582481384,0.092983246,0.1062812,-0.06329795415039063,2
2026-08-14,HDFCLIFE,20,1,0.0492650901776165,0.16428738832473755,0.19555092,0.10628119999999998,0.03926971857910158,2
2026-08-14,HEROMOTOCO,8,1,0.04579556122405097,0.27870839834213257,-0.3264308,0.1062812,-0.4827119975769043,2
2026-08-14,HEROMOTOCO,18,1,0.055536996687599496,0.23953202366828918,-0.1724124,0.1062812,-0.32869359547729493,2
2026-08-14,HEROMOTOCO,20,1,0.05554241890174089,0.2371072918176651,0.09509325,0.1062812,-0.061187949725341806,2
2026-08-14,HEROMOTOCO,21,1,0.057841509720575814,0.2420470267534256,0.46679974,0.1062812,0.3105185360229492,2
2026-08-14,HEROMOTOCO,22,1,0.04526625276205992,0.23758099973201752,0.6911993,0.1062812,0.5349181026733398,2
2026-08-14,HEROMOTOCO,30,-1,-0.047165568447837834,0.2522445619106293,0.5215883,0.10628120000000002,0.3653071255004883,2
2026-08-14,HEROMOTOCO,47,-1,-0.04607245705063975,0.13384415209293365,0.24924874,0.10628120000000002,0.09296754305725095,2
2026-08-14,HEROMOTOCO,56,-1,-0.04246469609359517,0.17066949605941772,-0.025880337,0.10628119999999995,-0.18216153676147456,2
2026-08-14,HEROMOTOCO,57,-1,-0.18881403839295133,0.16386373341083527,0.017249584,0.10628119999999998,-0.13903161580200193,2
2026-08-14,HEROMOTOCO,58,-1,-0.044212041005711876,0.16650016605854034,-0.1381278,0.10628119999999998,-0.2944090038024902,2
2026-08-14,HEROMOTOCO,67,-1,-0.07587893575528985,0.15040189027786255,0.0690341,0.10628119999999998,-0.08724710042114256,2
2026-08-14,HINDALCO,8,1,0.046340411562114145,0.4457809627056122,-0.33008456,0.1062812,-0.48636576230163575,2
2026-08-14,HINDALCO,10,1,0.04111561719884044,0.4089377820491791,-0.28723478,0.1062812,-0.44351598317260743,2
2026-08-14,HINDALCO,18,1,0.09024091425597437,0.27043551206588745,0.19510984,0.10628120000000002,0.03882864420776365,2
2026-08-14,HINDALCO,19,1,0.0514442308909911,0.26003214716911316,0.23423433,0.1062812,0.07795313303833006,2
2026-08-14,HINDALCO,20,1,0.06758545490923418,0.2646147310733795,-0.00487566,0.10628119999999998,-0.16115685994262693,2
2026-08-14,HINDALCO,21,1,0.05820383067835049,0.26041141152381897,-0.043863058,0.10628119999999998,-0.20014425809020991,2
2026-08-14,HINDALCO,22,1,0.050223199219095536,0.2422836571931839,0.048720837,0.10628120000000002,-0.10756036336059573,2
2026-08-14,HINDALCO,47,-1,-0.04917223733956355,0.13530492782592773,-0.25675297,0.1062812,-0.41303416783447267,2
2026-08-14,HINDALCO,56,-1,-0.04809802401764475,0.11789834499359131,-0.0048160553,0.1062812,-0.16109725529785157,2
2026-08-14,HINDALCO,57,-1,-0.2182285274036188,0.12001919746398926,-0.0,0.1062812,-0.1562812,2
2026-08-14,HINDALCO,58,-1,-0.04948201336239531,0.11722119897603989,0.033783913,0.1062812,-0.1224972873413086,2
2026-08-14,HINDALCO,67,-1,-0.07622415627982883,0.11125774681568146,0.38220882,0.1062812,0.22592762415771483,2
2026-08-14,HINDPETRO,8,1,0.04947334670366105,0.3237839639186859,-0.38764477,0.1062812,-0.5439259677612305,2
2026-08-14,HINDPETRO,18,1,0.05073386914621655,0.1839868724346161,0.080513954,0.1062812,-0.07576724583740235,2
2026-08-14,HINDPETRO,20,1,0.043148194159865746,0.20772039890289307,0.026798248,0.10628119999999998,-0.12948295170898436,2
2026-08-14,HINDPETRO,47,-1,-0.05050850556094376,0.08536655455827713,0.026851892,0.10628119999999998,-0.1294293075286865,2
2026-08-14,HINDPETRO,56,-1,-0.04930132248892266,0.08246704936027527,0.120824575,0.1062812,-0.03545662457580567,2
2026-08-14,HINDPETRO,57,-1,-0.2188446599290669,0.07963322103023529,0.12089014,0.1062812,-0.03539105946655274,2
2026-08-14,HINDPETRO,58,-1,-0.049748188282753875,0.08059182018041611,0.09402633,0.1062812,-0.0622548728668213,2
2026-08-14,HINDPETRO,67,-1,-0.08375836155343229,0.08354733884334564,-0.44372082,0.1062812,-0.600002017565918,2
2026-08-14,HINDUNILVR,18,1,0.049918381264087076,0.15053804218769073,-0.27363896,0.10628119999999998,-0.4299201636993408,2
2026-08-14,HINDUNILVR,20,1,0.053693231600300394,0.15708769857883453,-0.072187185,0.1062812,-0.2284683852874756,2
2026-08-14,HINDUNILVR,21,1,0.04173567841315128,0.13608749210834503,0.03849268,0.1062812,-0.11778852040405274,2
2026-08-14,HINDUNILVR,22,1,0.048176364818074545,0.12823262810707092,0.02888441,0.10628119999999998,-0.12739678914184568,2
2026-08-14,HINDUNILVR,47,-1,-0.042821404835205995,0.06782945245504379,0.17835498,0.1062812,0.022073778561401358,2
2026-08-14,HINDUNILVR,57,-1,-0.05147858298211868,0.12460079044103622,0.014489889,0.1062812,-0.14179131085510255,2
2026-08-14,HINDZINC,3,1,0.09124005472792888,0.8918969631195068,0.66154003,0.1062812,0.5052588314331055,2
2026-08-14,HINDZINC,4,1,0.044151422329530905,0.8887680172920227,-0.106453896,0.1062812,-0.26273509556884767,2
2026-08-14,HINDZINC,6,1,0.07074818226544345,0.743675947189331,-0.28387308,0.10628120000000002,-0.4401542812072754,2
2026-08-14,HINDZINC,7,1,0.05521656219182014,0.7322806119918823,0.017809868,0.10628119999999998,-0.13847133214111326,2
2026-08-14,HINDZINC,8,1,0.05831966190524707,0.6949367523193359,-0.48043132,0.1062812,-0.6367125182830811,2
2026-08-14,HINDZINC,10,1,0.049033683903437084,0.6152103543281555,-0.67519546,0.10628119999999998,-0.8314766555511475,2
2026-08-14,HINDZINC,14,1,0.04578136853868658,0.42611727118492126,-0.080138445,0.10628119999999998,-0.23641964490051265,2
2026-08-14,HINDZINC,16,1,0.04747460033575482,0.40953296422958374,0.35778284,0.1062812,0.20150164072875976,2
2026-08-14,HINDZINC,17,1,0.05592785386698828,0.36417150497436523,0.38461685,0.1062812,0.22833565180664062,2
2026-08-14,HINDZINC,18,1,0.09889338125295187,0.33075955510139465,0.11597872,0.1062812,-0.04030248219604493,2
2026-08-14,HINDZINC,19,1,0.05573113984815028,0.30845484137535095,0.01783371,0.1062812,-0.13844749028320313,2
2026-08-14,HINDZINC,20,1,0.07196430842666637,0.30011609196662903,-0.026762486,0.1062812,-0.1830436855041504,2
2026-08-14,HINDZINC,21,1,0.06524401831220644,0.2781546413898468,-0.2138853,0.1062812,-0.3701665073120117,2
2026-08-14,HINDZINC,22,1,0.06244253071169162,0.26214855909347534,-0.15143156,0.10628119999999998,-0.3077127605163574,2
2026-08-14,HINDZINC,47,-1,-0.04307021164352999,0.18617430329322815,-0.16070604,0.10628119999999998,-0.31698724324340816,2
2026-08-14,HINDZINC,56,-1,-0.047934139528711533,0.16855517029762268,-0.47181845,0.10628119999999998,-0.6280996471130371,2
2026-08-14,HINDZINC,57,-1,-0.22000512443646505,0.1772233247756958,-0.33801794,0.1062812,-0.49429914052124024,2
2026-08-14,HINDZINC,58,-1,-0.047849892725720815,0.17173543572425842,-0.36509037,0.1062812,-0.5213715701782227,2
2026-08-14,HINDZINC,67,-1,-0.08119988237162802,0.20591069757938385,0.33699274,0.1062812,0.1807115406311035,2
2026-08-14,HONAUT,8,1,0.04122684242733543,0.26064029335975647,0.6233096,0.10628119999999998,0.46702841227416997,2
2026-08-14,HONAUT,18,1,0.0562324271688312,0.19822558760643005,0.0,0.1062812,-0.1562812,2
2026-08-14,HONAUT,20,1,0.04794554528590662,0.19450756907463074,0.06740093,0.10628119999999998,-0.08888026768798826,2
2026-08-14,HONAUT,57,-1,-0.07797402536911538,0.15907293558120728,-0.4184127,0.1062812,-0.5746938853942871,2
2026-08-14,HUDCO,3,1,0.05174497025783091,0.49918878078460693,0.42862892,0.1062812,0.27234772150878905,2
2026-08-14,HUDCO,18,1,0.052319250063339026,0.18001067638397217,0.04184246,0.10628119999999998,-0.11443873936767576,2
2026-08-14,HUDCO,20,1,0.04176261996964501,0.1882859766483307,0.005233288,0.10628119999999998,-0.15104791218872068,2
2026-08-14,HUDCO,22,1,0.04343373238060585,0.18432174623012543,0.20930767,0.1062812,0.05302647059326171,2
2026-08-14,ICICIBANK,12,-1,-0.04610168519027317,0.18070131540298462,0.15565753,0.10628119999999998,-0.0006236701690673641,2
2026-08-14,ICICIBANK,18,1,0.04586023210320718,0.17877362668514252,-0.10635257,0.10628119999999998,-0.26263376767272945,2
2026-08-14,ICICIBANK,20,1,0.04707164665662129,0.16912713646888733,-0.18431544,0.10628119999999998,-0.3405966430389404,2
2026-08-14,ICICIBANK,47,-1,-0.046578773283339835,0.09999445825815201,-0.26295185,0.1062812,-0.4192330508911133,2
2026-08-14,ICICIBANK,56,-1,-0.048224344278978926,0.12343193590641022,0.021249056,0.1062812,-0.13503214413757325,2
2026-08-14,ICICIBANK,57,-1,-0.20728010561743015,0.13491426408290863,0.1909852,0.10628119999999998,0.03470400278930666,2
2026-08-14,ICICIBANK,58,-1,-0.05168084036436563,0.13833364844322205,0.24736524,0.1062812,0.09108403628234861,2
2026-08-14,ICICIBANK,67,-1,-0.08420532777868887,0.15161071717739105,-0.26179552,0.10628119999999998,-0.41807672078247066,2
2026-08-14,ICICIGI,18,1,0.045452269535165374,0.23166044056415558,-0.09827614,0.1062812,-0.25455733830566407,2
2026-08-14,ICICIGI,20,1,0.058518944970636894,0.24345222115516663,0.2587676,0.1062812,0.10248640482788084,2
2026-08-14,ICICIGI,21,1,0.049532522974003346,0.2432723045349121,0.19699335,0.10628119999999998,0.040712150982666034,2
2026-08-14,ICICIGI,22,1,0.0476236247831574,0.23153747618198395,0.30196905,0.1062812,0.14568785136108398,2
2026-08-14,ICICIPRULI,18,1,0.04529366528000499,0.16027703881263733,0.18689632,0.1062812,0.030615124157714835,2
2026-08-14,ICICIPRULI,20,1,0.04653528555963348,0.15535616874694824,0.22637844,0.1062812,0.07009724085693358,2
2026-08-14,ICICIPRULI,22,1,0.04472489074001391,0.14219509065151215,0.39416552,0.1062812,0.2378843158996582,2
2026-08-14,ICICIPRULI,57,-1,-0.09066387380841259,0.13766004145145416,0.058978796,0.10628119999999998,-0.09730240399475096,2
2026-08-14,IDEA,18,1,0.06227763934041918,0.7350708246231079,0.0,0.1062812,-0.1562812,2
2026-08-14,IDEA,20,1,0.07095602290176149,0.6747158765792847,-0.07097125,0.1062812,-0.22725245053405763,2
2026-08-14,IDEA,21,1,0.06828365398686667,0.6594968438148499,0.0,0.1062812,-0.1562812,2
2026-08-14,IDEA,22,1,0.07415429551900998,0.6627919673919678,0.42825937,0.10628120000000002,0.27197817271118163,2
2026-08-14,IDEA,63,1,0.0532445363675279,0.2675415277481079,0.07071495,0.1062812,-0.08556624943847657,2
2026-08-14,IDEA,64,1,0.048058328329695484,0.26249346137046814,-0.28288364,0.1062812,-0.4391648441040039,2
2026-08-14,IDEA,65,1,0.044060134770002285,0.26249295473098755,-0.28288364,0.1062812,-0.4391648441040039,2
2026-08-14,IDEA,66,1,0.05692051057482182,0.25780928134918213,-0.14163852,0.10628120000000002,-0.29791971737976075,2
2026-08-14,IDEA,67,1,0.04409171185952561,0.2626781165599823,-0.2121687,0.1062812,-0.3684498935424805,2
2026-08-14,IDFCFIRSTB,12,-1,-0.04517014911802786,0.18327680230140686,0.1162231,0.1062812,-0.04005810315246583,2
2026-08-14,IDFCFIRSTB,18,1,0.051538238792503625,0.13716964423656464,-0.023275614,0.1062812,-0.17955681378479005,2
2026-08-14,IDFCFIRSTB,20,1,0.04886699259274896,0.12897711992263794,0.06990433,0.1062812,-0.08637687260742188,2
2026-08-14,IDFCFIRSTB,47,-1,-0.04648712795174698,0.09928766638040543,-0.1284957,0.1062812,-0.2847768932067871,2
2026-08-14,IDFCFIRSTB,56,-1,-0.047955092009568934,0.11162048578262329,0.10495186,0.1062812,-0.051329341479492196,2
2026-08-14,IDFCFIRSTB,57,-1,-0.20701085334802014,0.11324656009674072,0.1748681,0.1062812,0.018586906842041007,2
2026-08-14,IDFCFIRSTB,58,-1,-0.050673814991705333,0.10245759040117264,0.15156269,0.10628119999999998,-0.0047185092651367,2
2026-08-14,IDFCFIRSTB,67,-1,-0.08235476248967624,0.07419820129871368,-0.0233531,0.1062812,-0.17963429982299806,2
2026-08-14,INDHOTEL,8,1,0.04480396710751412,0.33385029435157776,-0.37471652,0.1062812,-0.5309977203094483,2
2026-08-14,INDHOTEL,18,1,0.053756754154800745,0.1527695208787918,-0.13235211,0.1062812,-0.2886333137237549,2
2026-08-14,INDHOTEL,20,1,0.05080849926476174,0.14658613502979279,0.048863888,0.10628119999999998,-0.10741731221313475,2
2026-08-14,INDHOTEL,21,1,0.044862235398843035,0.1451205015182495,-0.0069856644,0.10628120000000002,-0.1632668643676758,2
2026-08-14,INDHOTEL,22,1,0.049786841535537425,0.14417307078838348,0.06982088,0.10628120000000002,-0.08646031911010744,2
2026-08-14,INDHOTEL,47,-1,-0.04437146695739926,0.14056339859962463,0.020939112,0.1062812,-0.13534208829040528,2
2026-08-14,INDHOTEL,56,-1,-0.04890331341264136,0.15780191123485565,-0.3136158,0.1062812,-0.4698969989501953,2
2026-08-14,INDHOTEL,57,-1,-0.22022128519992157,0.15118344128131866,-0.222826,0.10628119999999998,-0.37910720402832027,2
2026-08-14,INDHOTEL,58,-1,-0.05168084036436563,0.141586571931839,-0.10434389,0.10628119999999998,-0.2606250911437988,2
2026-08-14,INDHOTEL,67,-1,-0.08328265631476414,0.15476347506046295,0.006943941,0.1062812,-0.149337258883667,2
2026-08-14,INDIANB,8,1,0.04144857320085567,0.2896665036678314,-0.6991446,0.1062812,-0.8554258018218994,2
2026-08-14,INDIANB,18,1,0.08136311784608817,0.3743298351764679,-0.039452314,0.10628120000000002,-0.19573351437683106,2
2026-08-14,INDIANB,19,1,0.04280155099276086,0.3697148561477661,-0.20276904,0.10628119999999998,-0.3590502410614013,2
2026-08-14,INDIANB,20,1,0.06480914892978958,0.36634165048599243,0.09583235,0.10628120000000002,-0.060448852130126976,2
2026-08-14,INDIANB,21,1,0.04906932693087371,0.35953813791275024,0.26487112,0.1062812,0.10858992045288084,2
2026-08-14,INDIANB,22,1,0.04326340560994234,0.34703752398490906,0.43963194,0.10628119999999998,0.2833507389343262,2
2026-08-14,INDIANB,47,-1,-0.05167484982756097,0.10123096406459808,-0.1518488,0.1062812,-0.30812999302978517,2
2026-08-14,INDIANB,56,-1,-0.049573511650057515,0.11010570079088211,-0.022423267,0.1062812,-0.17870446736450196,2
2026-08-14,INDIANB,57,-1,-0.21969967286012784,0.11365192383527756,0.044822693,0.1062812,-0.11145850712890626,2
2026-08-14,INDIANB,58,-1,-0.051464679600909086,0.12164194136857986,0.072818995,0.1062812,-0.08346220547790528,2
2026-08-14,INDIANB,67,-1,-0.08402558311877725,0.13810986280441284,-0.3138423,0.1062812,-0.4701234966003418,2
2026-08-14,INDIGO,18,1,0.05263537647757212,0.1558757871389389,-0.03746748,0.1062812,-0.19374867970581056,2
2026-08-14,INDIGO,20,1,0.047768213727732836,0.14657849073410034,0.15927553,0.1062812,0.002994331768798819,2
2026-08-14,INDIGO,22,1,0.046856689318422004,0.14523987472057343,-0.14055371,0.1062812,-0.29683491284484864,2
2026-08-14,INDUSINDBK,12,-1,-0.04104132251814008,0.2420826405286789,-0.13725758,0.10628119999999998,-0.2935387759887695,2
2026-08-14,INDUSINDBK,18,1,0.04744214327223407,0.16295920312404633,-0.34270287,0.10628119999999998,-0.4989840656005859,2
2026-08-14,INDUSINDBK,20,1,0.054900508647167896,0.16547854244709015,-0.088351965,0.1062812,-0.24463316495056153,2
2026-08-14,INDUSINDBK,21,1,0.04430551284944394,0.1605229675769806,-0.18646121,0.10628119999999998,-0.34274241025085445,2
2026-08-14,INDUSINDBK,22,1,0.047164140139957726,0.1570335477590561,-0.264889,0.1062812,-0.4211702018463135,2
2026-08-14,INDUSINDBK,47,-1,-0.050541843219938924,0.15310633182525635,0.34260154,0.10628119999999998,0.18632033770446782,2
2026-08-14,INDUSINDBK,56,-1,-0.04108266753834399,0.19735901057720184,0.16720891,0.10628119999999998,0.010927709988403339,2
2026-08-14,INDUSINDBK,57,-1,-0.15295207170501565,0.2059897929430008,0.108253956,0.10628119999999998,-0.04802724415893553,2
2026-08-14,INDUSINDBK,58,-1,-0.04540508881092563,0.20534755289554596,0.03940463,0.10628119999999998,-0.11687656933898924,2
2026-08-14,INDUSINDBK,67,-1,-0.08104201122214257,0.15693208575248718,-0.6011605,0.1062812,-0.7574417262756348,2
2026-08-14,INDUSTOWER,18,1,0.06689194844134032,0.382004976272583,0.68992376,0.1062812,0.5336425632751465,2
2026-08-14,INDUSTOWER,20,1,0.05717154118395786,0.3680537939071655,0.012946129,0.1062812,-0.14333507115478517,2
2026-08-14,INDUSTOWER,21,1,0.044257569672689505,0.3741881549358368,-0.11640787,0.1062812,-0.2726890712463379,2
2026-08-14,INDUSTOWER,22,1,0.04572055747042789,0.39882466197013855,0.19397736,0.1062812,0.03769615595703124,2
2026-08-14,INDUSTOWER,47,-1,-0.04144058305474889,0.15955597162246704,-0.1429081,0.10628120000000002,-0.29918929631347657,2
2026-08-14,INFY,18,1,0.057339608957847385,0.20399591326713562,-0.32586455,0.10628119999999998,-0.48214575345153804,2
2026-08-14,INFY,20,1,0.04978662861507054,0.21066422760486603,0.1466155,0.1062812,-0.00966569478149415,2
2026-08-14,INFY,21,1,0.04119275822141281,0.2226189821958542,0.14636517,0.10628119999999998,-0.009916034289550762,2
2026-08-14,INFY,47,-1,-0.04404827125802874,0.18516217172145844,-0.4378438,0.1062812,-0.5941249995910645,2
2026-08-14,INFY,56,-1,-0.04599275110583955,0.15768392384052277,0.3849089,0.1062812,0.22862771456604003,2
2026-08-14,INFY,57,-1,-0.2091713412535748,0.13818559050559998,0.20539165,0.1062812,0.049110445431518546,2
2026-08-14,INFY,58,-1,-0.04977501131693587,0.14132747054100037,0.05995035,0.1062812,-0.09633084828491212,2
2026-08-14,INFY,67,-1,-0.08420532777868887,0.15072819590568542,0.10253787,0.1062812,-0.05374332959289552,2
2026-08-14,IOC,6,1,0.04214863735892256,0.30344992876052856,-0.2145648,0.10628119999999998,-0.3708460002624511,2
2026-08-14,IOC,12,-1,-0.04194465934465832,0.24015836417675018,0.31509995,0.1062812,0.15881875460510253,2
2026-08-14,IOC,18,1,0.051538238792503625,0.18062184751033783,0.22271872,0.10628119999999998,0.06643751566772463,2
2026-08-14,IOC,20,1,0.0455012327069194,0.160142719745636,0.28746128,0.1062812,0.1311800808227539,2
2026-08-14,IOC,47,-1,-0.0488382424193717,0.08303678035736084,-0.007176399,0.10628120000000002,-0.16345759923095704,2
2026-08-14,IOC,56,-1,-0.04677307753405689,0.11481751501560211,-0.09328127,0.10628120000000002,-0.24956246907348634,2
2026-08-14,IOC,57,-1,-0.217782928545193,0.1153298169374466,-0.10048151,0.1062812,-0.2567627101623535,2
2026-08-14,IOC,58,-1,-0.050444376896736025,0.11480928212404251,-0.12916327,0.10628120000000002,-0.2854444652282715,2
2026-08-14,IOC,67,-1,-0.08499279431699684,0.07985487580299377,0.10032654,0.1062812,-0.05595466191406251,2
2026-08-14,IPCALAB,3,1,0.08698495440769494,1.249786615371704,-0.7241428,0.10628119999999998,-0.8804239898406983,2
2026-08-14,IPCALAB,4,1,0.059571416534005064,1.085490107536316,-1.1614084,0.1062812,-1.3176896243774414,2
2026-08-14,IPCALAB,5,1,0.04416712895916945,0.9975152611732483,-0.50640106,0.10628119999999998,-0.6626822620117188,2
2026-08-14,IPCALAB,6,1,0.09525556980783088,0.9866875410079956,0.23481846,0.1062812,0.07853725855712888,2
2026-08-14,IPCALAB,7,1,0.07383416173628733,0.9098179936408997,0.25771856,0.10628119999999998,0.10143736307983402,2
2026-08-14,IPCALAB,8,1,0.056301547316653495,0.8484998941421509,-0.18297434,0.1062812,-0.33925553853149415,2
2026-08-14,IPCALAB,15,1,0.054320938165299607,0.4549948573112488,-0.7220626,0.10628120000000002,-0.8783437877380371,2
2026-08-14,IPCALAB,17,1,0.05631204585455331,0.41390570998191833,0.37978888,0.1062812,0.22350767557983398,2
2026-08-14,IPCALAB,18,1,0.08167034688011333,0.40397119522094727,0.5584359,0.1062812,0.40215471690063476,2
2026-08-14,IPCALAB,19,1,0.04260738884005946,0.37518206238746643,0.3913641,0.10628119999999998,0.2350828975952149,2
2026-08-14,IPCALAB,20,1,0.06511820675603486,0.3230498731136322,0.35645962,0.1062812,0.20017841761474608,2
2026-08-14,IPCALAB,21,1,0.05622661461027714,0.3296389579772949,0.29884577,0.1062812,0.1425645679748535,2
2026-08-14,IPCALAB,22,1,0.06535239752231257,0.3413928151130676,0.8087754,0.1062812,0.6524942249572754,2
2026-08-14,IPCALAB,66,1,0.04233438026603847,0.33073413372039795,-0.19558072,0.10628119999999998,-0.3518619209014892,2
2026-08-14,IRCTC,8,1,0.049511195226839055,0.39127498865127563,-0.20112395,0.1062812,-0.3574051528656006,2
2026-08-14,IRCTC,16,1,0.04177241169434071,0.2624451220035553,0.15097857,0.10628119999999998,-0.005302634783935528,2
2026-08-14,IRCTC,18,1,0.045526146954724234,0.1983318030834198,0.19125938,0.1062812,0.03497818415527343,2
2026-08-14,IRCTC,20,1,0.045362423450514035,0.17682725191116333,0.14090538,0.10628119999999998,-0.015375819750976544,2
2026-08-14,IRCTC,30,-1,-0.04104060208769979,0.1162383183836937,-0.10044575,0.1062812,-0.2567269473754883,2
2026-08-14,IRCTC,47,-1,-0.05167484982756097,0.10248095542192459,0.17056465,0.10628120000000002,0.01428345148925779,2
2026-08-14,IRCTC,56,-1,-0.044186668571278044,0.11196670681238174,-0.010049343,0.1062812,-0.16633054310913087,2
2026-08-14,IRCTC,57,-1,-0.21906567392963888,0.11266206204891205,-0.0,0.10628119999999998,-0.15628119999999998,2
2026-08-14,IRCTC,58,-1,-0.05121612072071076,0.11263943463563919,-0.15074015,0.1062812,-0.3070213466369629,2
2026-08-14,IRCTC,67,-1,-0.08512217362285439,0.10892049968242645,0.22079349,0.10628119999999998,0.06451228564147951,2
2026-08-14,IRFC,18,1,0.04774834991531269,0.1442093402147293,0.011408329,0.1062812,-0.14487287098999024,2
2026-08-14,IRFC,20,1,0.044524341452162705,0.14422579109668732,-0.034230947,0.1062812,-0.19051214749450684,2
2026-08-14,IRFC,22,1,0.04572681979520613,0.13209415972232819,0.011408329,0.1062812,-0.14487287098999024,2
2026-08-14,IRFC,47,-1,-0.04179973666242786,0.07243962585926056,-0.045585632,0.1062812,-0.20186683232421876,2
2026-08-14,ITC,12,-1,-0.04534637851714923,0.17324933409690857,-0.16213655,0.1062812,-0.3184177547180176,2
2026-08-14,ITC,18,1,0.044991702502019164,0.12585385143756866,-0.035971403,0.10628119999999998,-0.1922526031219482,2
2026-08-14,ITC,20,1,0.04519202657843476,0.10407879203557968,-0.4137516,0.10628119999999998,-0.5700328021728516,2
2026-08-14,ITC,47,-1,-0.04652492846516293,0.10204034298658371,-0.18080473,0.1062812,-0.33708592946166993,2
2026-08-14,ITC,56,-1,-0.046081522436368975,0.1057247593998909,-0.19853115,0.1062812,-0.3548123508178711,2
2026-08-14,ITC,57,-1,-0.19571360255644507,0.11703323572874069,0.05403161,0.10628119999999998,-0.10224958951110838,2
2026-08-14,ITC,58,-1,-0.051159228024571866,0.11964862793684006,0.09005666,0.10628119999999998,-0.06622454220886229,2
2026-08-14,ITC,67,-1,-0.08408507845585238,0.11062278598546982,-0.198102,0.1062812,-0.3543831973754883,2
2026-08-14,JINDALSTEL,8,1,0.04092986162002382,0.37697482109069824,-0.16471744,0.1062812,-0.320998635836792,2
2026-08-14,JINDALSTEL,18,1,0.057513364609463914,0.19060783088207245,0.15588999,0.10628119999999998,-0.0003912120544433406,2
2026-08-14,JINDALSTEL,20,1,0.04711211108293071,0.1702871471643448,0.09170771,0.1062812,-0.064573493548584,2
2026-08-14,JINDALSTEL,21,1,0.041081309263717246,0.16576284170150757,0.05503893,0.10628119999999998,-0.10124227101440428,2
2026-08-14,JINDALSTEL,47,-1,-0.04912648448392887,0.11566806584596634,-0.21830797,0.1062812,-0.3745891719543457,2
2026-08-14,JINDALSTEL,57,-1,-0.09359246724402803,0.1527344435453415,0.41677952,0.10628119999999998,0.26049831812744145,2
2026-08-14,JIOFIN,7,1,0.04589194848261982,0.41981378197669983,0.039696693,0.10628119999999998,-0.11658450657958982,2
2026-08-14,JIOFIN,18,1,0.06451378777216758,0.20473192632198334,0.079619884,0.10628119999999998,-0.07666131550903318,2
2026-08-14,JIOFIN,20,1,0.045362423450514035,0.19193628430366516,-0.039827824,0.10628119999999998,-0.19610902363891597,2
2026-08-14,JIOFIN,21,1,0.04582736422665018,0.17650778591632843,-0.059753656,0.1062812,-0.2160348563873291,2
2026-08-14,JIOFIN,22,1,0.04883548546392647,0.1766490340232849,0.13964176,0.10628119999999998,-0.016639438220214825,2
2026-08-14,JIOFIN,47,-1,-0.04770523581174965,0.0996408611536026,0.039851665,0.1062812,-0.11642953450317384,2
2026-08-14,JIOFIN,57,-1,-0.059965890262942925,0.14533615112304688,0.2193451,0.1062812,0.06306389277343749,2
2026-08-14,JKCEMENT,18,1,0.0566231802212719,0.15571914613246918,-0.13218522,0.10628119999999998,-0.28846642071838374,2
2026-08-14,JKCEMENT,20,1,0.045769826951309954,0.17215770483016968,-0.12279153,0.10628119999999998,-0.2790727287017822,2
2026-08-14,JKCEMENT,21,1,0.04284138158146807,0.16810694336891174,-0.11335611,0.10628119999999998,-0.26963731343383784,2
2026-08-14,JKCEMENT,22,1,0.04337476326624768,0.1695212870836258,-0.08509755,0.1062812,-0.2413787513458252,2
2026-08-14,JSL,18,1,0.053452236359205506,0.17490127682685852,-0.08811951,0.1062812,-0.2444007068359375,2
2026-08-14,JSL,20,1,0.043172687742115606,0.17192448675632477,-0.006777048,0.1062812,-0.16305824811096192,2
2026-08-14,JSL,22,1,0.04873977755375836,0.16016463935375214,0.5437374,0.1062812,0.38745621149902343,2
2026-08-14,JSL,47,-1,-0.04233112299900586,0.1316496580839157,0.16878247,0.10628119999999998,0.012501272610473652,2
2026-08-14,JSWENERGY,18,1,0.07066793454261301,0.29975515604019165,0.008964539,0.1062812,-0.14731666142578126,2
2026-08-14,JSWENERGY,19,1,0.04180674566574501,0.29983580112457275,-0.035881996,0.1062812,-0.19216319615478517,2
2026-08-14,JSWENERGY,20,1,0.06949730069244263,0.2987710237503052,0.17091036,0.10628120000000002,0.014629158428955055,2
2026-08-14,JSWENERGY,21,1,0.05268765303954883,0.2987951934337616,-0.053858757,0.10628119999999998,-0.21013995701904292,2
2026-08-14,JSWENERGY,22,1,0.06267980673985288,0.28445684909820557,0.28772354,0.1062812,0.13144234125976562,2
2026-08-14,JSWENERGY,47,-1,-0.043632150913009135,0.13816970586776733,-0.017821789,0.10628119999999998,-0.17410298878784178,2
2026-08-14,JSWINFRA,18,1,0.04916470894501823,0.1755235493183136,-0.7210076,0.1062812,-0.8772887855255127,2
2026-08-14,JSWINFRA,20,1,0.04473903980965679,0.1765749752521515,-0.45654774,0.1062812,-0.612828937121582,2
2026-08-14,JSWINFRA,21,1,0.04502794803058657,0.17688730359077454,-0.6629348,0.1062812,-0.8192159801208496,2
2026-08-14,JSWINFRA,22,1,0.04795676000848288,0.17383123934268951,-0.47197938,0.1062812,-0.6282605796539307,2
2026-08-14,JSWINFRA,47,-1,-0.043632150913009135,0.19165509939193726,0.6932199,0.1062812,0.5369387001312256,2
2026-08-14,JSWSTEEL,6,1,0.04208614283903258,0.26239243149757385,0.015830994,0.10628120000000002,-0.14045020634765626,2
2026-08-14,JSWSTEEL,12,-1,-0.04424068514826751,0.2005191594362259,-0.22178888,0.10628119999999998,-0.37807008320922847,2
2026-08-14,JSWSTEEL,18,1,0.05365379408137748,0.15960636734962463,-0.1973629,0.1062812,-0.35364409978027345,2
2026-08-14,JSWSTEEL,20,1,0.05566949755594693,0.1714010089635849,-0.007915497,0.1062812,-0.16419669682617188,2
2026-08-14,JSWSTEEL,21,1,0.04795481498108261,0.18563124537467957,0.039601326,0.10628119999999998,-0.11667987401123045,2
2026-08-14,JSWSTEEL,22,1,0.04826518188411571,0.18499214947223663,0.08711815,0.10628119999999998,-0.06916305119628904,2
2026-08-14,JSWSTEEL,47,-1,-0.050541160633896694,0.1462317258119583,-0.17322302,0.10628119999999998,-0.3295042186462402,2
2026-08-14,JSWSTEEL,56,-1,-0.045944549473629255,0.1414209008216858,-0.10998249,0.10628119999999998,-0.26626369053955073,2
2026-08-14,JSWSTEEL,57,-1,-0.1975399725106851,0.14093735814094543,-0.20433664,0.1062812,-0.36061784321899415,2
2026-08-14,JSWSTEEL,58,-1,-0.048514802164175704,0.138625830411911,-0.16497374,0.10628119999999998,-0.3212549358093261,2
2026-08-14,JSWSTEEL,67,-1,-0.0825316058800011,0.12266997247934341,0.42339563,0.10628120000000002,0.26711443369750976,2
2026-08-14,JUBLFOOD,3,1,0.05094751600563777,1.9855074882507324,-1.4208317,0.1062812,-1.5771128802978516,2
2026-08-14,JUBLFOOD,10,1,0.044834008366531494,1.2648311853408813,-0.6373167,0.10628120000000002,-0.7935979037963867,2
2026-08-14,JUBLFOOD,16,1,0.043673555324028716,0.6935163140296936,-0.1577735,0.1062812,-0.314054694720459,2
2026-08-14,JUBLFOOD,17,1,0.04256235999000481,0.6526833176612854,-0.009870529,0.1062812,-0.1661517291748047,2
2026-08-14,JUBLFOOD,18,1,0.06961621129815386,0.5850883722305298,-0.16750693,0.1062812,-0.3237881332122803,2
2026-08-14,JUBLFOOD,20,1,0.06650280044533707,0.4730885326862335,-0.09867549,0.1062812,-0.2549566894256592,2
2026-08-14,JUBLFOOD,21,1,0.06871538533384439,0.47510650753974915,-0.19795895,0.1062812,-0.35424014622802735,2
2026-08-14,JUBLFOOD,22,1,0.06683992047325131,0.4285004436969757,-0.09870529,0.10628120000000002,-0.2549864917480469,2
2026-08-14,JUBLFOOD,66,1,0.04517570575051945,0.28681284189224243,-0.41456223,0.10628120000000002,-0.5708434253417969,2
2026-08-14,KALYANKJIL,18,1,0.06729802666550778,0.3131376802921295,-0.20326972,0.1062812,-0.35955092007751466,2
2026-08-14,KALYANKJIL,20,1,0.05872690574196329,0.3354871869087219,0.016272068,0.1062812,-0.14000913197631837,2
2026-08-14,KALYANKJIL,21,1,0.0540608308686534,0.3283017575740814,-0.25262833,0.1062812,-0.40890952641601563,2
2026-08-14,KALYANKJIL,22,1,0.046066180392258814,0.31800517439842224,-0.17940998,0.10628119999999998,-0.33569118077392573,2
2026-08-14,KALYANKJIL,47,-1,-0.04296195267559298,0.13727419078350067,0.22092462,0.1062812,0.06464341585998534,2
2026-08-14,KEI,6,1,0.04999658324910801,0.451193630695343,0.09071827,0.1062812,-0.06556293065185548,2
2026-08-14,KEI,18,1,0.07001331253056928,0.32393139600753784,-0.38447976,0.1062812,-0.5407609611236572,2
2026-08-14,KEI,19,1,0.054752504626984784,0.31318843364715576,-0.44621825,0.1062812,-0.6024994521820068,2
2026-08-14,KEI,20,1,0.07173467958081584,0.30912327766418457,-0.21008253,0.1062812,-0.3663637309753418,2
2026-08-14,KEI,21,1,0.06673042802158675,0.30015432834625244,-0.278157,0.10628119999999998,-0.4344381957733154,2
2026-08-14,KEI,22,1,0.0758748261839356,0.29547953605651855,-0.120943785,0.1062812,-0.2772249847137451,2
2026-08-14,KEI,47,-1,-0.0502398804419531,0.1367769092321396,0.14038086,0.1062812,-0.01590034062500001,2
2026-08-14,KEI,56,-1,-0.04602608466645717,0.11614149063825607,0.024580956,0.10628120000000002,-0.13170024449462892,2
2026-08-14,KEI,57,-1,-0.2174110549822231,0.12029500305652618,-0.019323826,0.1062812,-0.17560502583618165,2
2026-08-14,KEI,58,-1,-0.045655684527918086,0.11582586914300919,-0.070273876,0.1062812,-0.22655507619018556,2
2026-08-14,KEI,67,-1,-0.07420062114233245,0.15307573974132538,-0.19863844,0.10628119999999998,-0.35491963917846675,2
2026-08-14,KOTAKBANK,18,1,0.05303079665605551,0.14323988556861877,-0.17882586,0.1062812,-0.33510705525512696,2
2026-08-14,KOTAKBANK,20,1,0.04431613632465705,0.1415054202079773,-0.038319826,0.1062812,-0.19460102612609864,2
2026-08-14,KOTAKBANK,47,-1,-0.043632150913009135,0.1593986600637436,-0.25503635,0.1062812,-0.4113175540649414,2
2026-08-14,KPITTECH,6,1,0.05515707039617708,0.42198213934898376,0.43127537,0.1062812,0.2749941677368164,2
2026-08-14,KPITTECH,7,1,0.048606031631653016,0.4176538586616516,0.53771734,0.1062812,0.381436142376709,2
2026-08-14,KPITTECH,18,1,0.06264213045673322,0.26732203364372253,-0.16239285,0.10628120000000002,-0.31867405469055177,2
2026-08-14,KPITTECH,20,1,0.053890484391787,0.25391775369644165,0.2691269,0.1062812,0.11284569208984373,2
2026-08-14,KPITTECH,22,1,0.04782123428772434,0.2449617087841034,0.10586977,0.10628120000000002,-0.050411429949951195,2
2026-08-14,KPITTECH,47,-1,-0.04296195267559298,0.1565151959657669,-0.09744167,0.10628120000000002,-0.2537228732788086,2
2026-08-14,KPRMILL,18,1,0.047946432719920294,0.19614093005657196,-0.320369,0.10628119999999998,-0.476650205203247,2
2026-08-14,KPRMILL,20,1,0.046092995466268445,0.20756013691425323,-0.19248128,0.10628119999999998,-0.3487624793731689,2
2026-08-14,KPRMILL,21,1,0.04561251685900769,0.20705737173557281,-0.009173155,0.10628119999999998,-0.1654543548309326,2
2026-08-14,KPRMILL,22,1,0.0492363995349174,0.20992887020111084,-0.09177923,0.1062812,-0.2480604320251465,2
2026-08-14,LAURUSLABS,6,1,0.0491494295362493,0.41943350434303284,0.15308857,0.1062812,-0.0031926303588867277,2
2026-08-14,LAURUSLABS,18,1,0.05496425935128838,0.23107001185417175,-0.2572894,0.1062812,-0.4135706096374512,2
2026-08-14,LAURUSLABS,20,1,0.04724204352870056,0.20020738244056702,-0.04387498,0.1062812,-0.20015617901916505,2
2026-08-14,LAURUSLABS,47,-1,-0.04144058305474889,0.14798785746097565,-0.18773079,0.10628119999999998,-0.34401198918457027,2
2026-08-14,LAURUSLABS,57,-1,-0.05272842107883915,0.14165082573890686,-0.093877316,0.1062812,-0.25015851552124024,2
2026-08-14,LICHSGFIN,6,1,0.04183156173810418,0.24896925687789917,-0.030046701,0.1062812,-0.18632790143127442,2
2026-08-14,LICHSGFIN,18,1,0.052062639141261004,0.1325143277645111,0.13036728,0.1062812,-0.025913920947265634,2
2026-08-14,LICHSGFIN,20,1,0.045514101839180796,0.12184327840805054,0.060212612,0.1062812,-0.0960685878479004,2
2026-08-14,LICHSGFIN,47,-1,-0.04196126484069016,0.0629199743270874,-0.010001659,0.1062812,-0.16628285939331056,2
2026-08-14,LICI,6,1,0.04264033403561672,0.4023180603981018,0.71008205,0.1062812,0.5538008541381836,2
2026-08-14,LICI,8,1,0.04365208837663313,0.38248878717422485,0.37851334,0.1062812,0.22223213618164062,2
2026-08-14,LICI,18,1,0.05456212199585338,0.2319582998752594,0.53521395,0.1062812,0.37893274729614257,2
2026-08-14,LICI,20,1,0.04475504302683473,0.20274664461612701,0.084900856,0.10628119999999998,-0.07138034398193357,2
2026-08-14,LICI,47,-1,-0.04678909072973281,0.17398463189601898,-0.121212006,0.1062812,-0.2774932056152344,2
2026-08-14,LICI,56,-1,-0.04290998380848847,0.14354872703552246,-0.41162968,0.1062812,-0.5679108768188477,2
2026-08-14,LICI,57,-1,-0.21634447036123372,0.1400895118713379,-0.6174326,0.1062812,-0.7737137942993164,2
2026-08-14,LICI,58,-1,-0.048209350587838484,0.13663029670715332,-0.30266047,0.1062812,-0.4589416652404785,2
2026-08-14,LICI,67,-1,-0.07669060105448038,0.1872386783361435,-0.3640771,0.1062812,-0.520358291217041,2
2026-08-14,LINDEINDIA,6,1,0.04135912017713114,0.38928866386413574,0.27775764,0.1062812,0.12147644465332029,2
2026-08-14,LINDEINDIA,18,1,0.05044154662943524,0.15295426547527313,0.5690694,0.1062812,0.41278818552856444,2
2026-08-14,LLOYDSME,18,1,0.057071756921946035,0.3324868381023407,0.078082085,0.10628119999999995,-0.07819911534423823,2
2026-08-14,LLOYDSME,20,1,0.05748212837957178,0.3419228494167328,0.08836985,0.1062812,-0.06791135365600587,2
2026-08-14,LLOYDSME,21,1,0.04162586961725446,0.361580491065979,-0.48114657,0.10628119999999998,-0.6374277740203858,2
2026-08-14,LLOYDSME,22,1,0.04613075028880824,0.3337203860282898,-0.046759844,0.1062812,-0.20304104382629395,2
2026-08-14,LODHA,3,1,0.046485718847967296,0.5429492592811584,0.8300781,0.10628119999999998,0.673796925,2
2026-08-14,LODHA,18,1,0.05847094366388024,0.2724444568157196,0.82257986,0.10628119999999998,0.6662986606872559,2
2026-08-14,LODHA,20,1,0.05968093736356659,0.27346062660217285,0.735116,0.10628120000000002,0.5788348049438476,2
2026-08-14,LODHA,21,1,0.04759856853915315,0.2686280310153961,0.82297325,0.1062812,0.6666920513427734,2
2026-08-14,LT,12,-1,-0.04547911308737408,0.18512213230133057,0.1185894,0.1062812,-0.03769179875488282,2
2026-08-14,LT,18,1,0.052313618700831274,0.11821898072957993,-0.118762255,0.1062812,-0.27504345471496583,2
2026-08-14,LT,20,1,0.04961900361177486,0.12307579815387726,-0.04951358,0.10628120000000002,-0.205794778414917,2
2026-08-14,LT,22,1,0.05015993325681877,0.11769326776266098,0.2675891,0.1062812,0.11130789225463865,2
2026-08-14,LT,47,-1,-0.04796560519984905,0.09130314737558365,-0.21221638,0.10628120000000002,-0.3684975772583008,2
2026-08-14,LT,56,-1,-0.04844050504243547,0.10560984909534454,0.17467141,0.1062812,0.018390211514282218,2
2026-08-14,LT,57,-1,-0.18780304732703898,0.10708950459957123,0.09847283,0.1062812,-0.05780836636657716,2
2026-08-14,LT,58,-1,-0.048209350587838484,0.11359807848930359,0.12062788,0.1062812,-0.03565331990356446,2
2026-08-14,LT,67,-1,-0.08420532777868887,0.09629593044519424,0.1918912,0.1062812,0.03560999338989257,2
2026-08-14,LTF,3,1,0.04629022789197348,0.5188209414482117,0.064349174,0.10628119999999998,-0.09193202550048826,2
2026-08-14,LTF,6,1,0.061937374174355,0.42327818274497986,-0.03221035,0.1062812,-0.1884915500366211,2
2026-08-14,LTF,7,1,0.055622309074888986,0.39874064922332764,-0.14507174,0.10628119999999998,-0.3013529449188232,2
2026-08-14,LTF,14,1,0.04120465841856189,0.26519012451171875,-0.3712058,0.10628119999999998,-0.5274870067321777,2
2026-08-14,LTF,18,1,0.05980955529189232,0.1905517727136612,-0.08082986,0.10628120000000002,-0.23711105877990724,2
2026-08-14,LTF,20,1,0.04962647754473574,0.17565293610095978,0.016188622,0.10628119999999998,-0.1400925784790039,2
2026-08-14,LTF,21,1,0.04340339827551589,0.1758805811405182,0.09717941,0.1062812,-0.059101787158203134,2
2026-08-14,LTF,22,1,0.05055028385306307,0.1725771129131317,0.0972867,0.1062812,-0.05899449879760743,2
2026-08-14,LTF,47,-1,-0.0411295384250117,0.149729385972023,0.19492507,0.10628119999999998,0.03864386980895998,2
2026-08-14,LTF,57,-1,-0.042166395174653024,0.18490909039974213,-0.0,0.10628119999999998,-0.15628119999999998,2
2026-08-14,LTTS,3,1,0.07123430581691428,0.920239269733429,-0.26705265,0.1062812,-0.42333385045166017,2
2026-08-14,LTTS,4,1,0.045264957683648695,0.8036845922470093,-0.1791656,0.10628119999999998,-0.33544680173034663,2
2026-08-14,LTTS,6,1,0.07943175214875949,0.6790293455123901,0.24250746,0.10628119999999998,0.08622625773315433,2
2026-08-14,LTTS,7,1,0.058572853609501305,0.6170892715454102,0.21423101,0.1062812,0.057949814251708975,2
2026-08-14,LTTS,8,1,0.05515973003440384,0.5851778984069824,-0.2165258,0.1062812,-0.37280699307556153,2
2026-08-14,LTTS,10,1,0.04915775704434727,0.5143002271652222,0.031340122,0.1062812,-0.12494107777709962,2
2026-08-14,LTTS,14,1,0.05018201224301443,0.32677608728408813,-0.2394557,0.10628119999999998,-0.39573689992065425,2
2026-08-14,LTTS,16,1,0.04647957194701084,0.29586291313171387,-0.16821027,0.1062812,-0.3244914680206299,2
2026-08-14,LTTS,18,1,0.06939434449215807,0.253874808549881,-0.2392292,0.1062812,-0.3955104022705078,2
2026-08-14,LTTS,20,1,0.06031954858465366,0.24684783816337585,0.52039623,0.1062812,0.36411503260498046,2
2026-08-14,LTTS,21,1,0.055920948173607626,0.25513899326324463,0.4344225,0.1062812,0.278141292980957,2
2026-08-14,LTTS,22,1,0.057920723484186865,0.24796845018863678,0.36877394,0.1062812,0.2124927372253418,2
2026-08-14,LTTS,47,-1,-0.04166556807897438,0.18815729022026062,0.28545856,0.1062812,0.12917736475830077,2
2026-08-14,LTTS,56,-1,-0.046942227992558094,0.1887076199054718,0.27480125,0.1062812,0.11852005427246091,2
2026-08-14,LTTS,57,-1,-0.19947288498699234,0.18970490992069244,0.11459589,0.1062812,-0.04168530995483399,2
2026-08-14,LTTS,58,-1,-0.05193096672136004,0.1872931569814682,0.237602,0.10628119999999998,0.08132079546813968,2
2026-08-14,LTTS,67,-1,-0.07707759254061529,0.1646670550107956,0.2009809,0.1062812,0.04469970171813964,2
2026-08-14,LUPIN,6,1,0.04761064659371626,0.3608778119087219,0.23252964,0.1062812,0.07624844019775388,2
2026-08-14,LUPIN,18,1,0.04399118196215748,0.1809191256761551,-0.29432178,0.1062812,-0.4506029754364014,2
2026-08-14,LUPIN,20,1,0.043281189912035375,0.14534281194210052,-0.14725924,0.10628119999999998,-0.30354043538208003,2
2026-08-14,LUPIN,47,-1,-0.041005860951212836,0.08481037616729736,-0.093746185,0.10628119999999998,-0.25002738530273433,2
2026-08-14,MAHABANK,14,1,0.042894618810294334,0.31860753893852234,-0.4858613,0.10628119999999998,-0.6421425014221191,2
2026-08-14,MAHABANK,15,1,0.04666883107784015,0.29687628149986267,-0.31203032,0.10628119999999998,-0.4683115153991699,2
2026-08-14,MAHABANK,16,1,0.04981692133539555,0.28364425897598267,-0.17489195,0.1062812,-0.3311731486999512,2
2026-08-14,MAHABANK,18,1,0.06386181272297278,0.2294069230556488,-0.03748536,0.1062812,-0.19376656109924317,2
2026-08-14,MAHABANK,20,1,0.05091961065987729,0.20374959707260132,0.22524595,0.10628119999999998,0.06896475260620119,2
2026-08-14,MAHABANK,21,1,0.04300077912180988,0.1976177841424942,0.43816566,0.10628120000000002,0.28188446467285155,2
2026-08-14,MAHABANK,22,1,0.04842200723966332,0.18512222170829773,0.7638335,0.10628119999999998,0.6075523227966309,2
2026-08-14,MANKIND,18,1,0.06832286321555116,0.29757046699523926,0.10639429,0.1062812,-0.04988690907592774,2
2026-08-14,MANKIND,20,1,0.04353724763976784,0.23530855774879456,0.016367435,0.10628119999999998,-0.13991376454467772,2
2026-08-14,MARICO,18,1,0.044991702502019164,0.12882418930530548,-0.26096106,0.1062812,-0.41724225575561524,2
2026-08-14,MARICO,20,1,0.04698679861562006,0.16063986718654633,0.18595457,0.10628120000000002,0.02967337077026365,2
2026-08-14,MARICO,21,1,0.04811982718627282,0.15956181287765503,0.24431944,0.10628119999999998,0.0880382389343262,2
2026-08-14,MARICO,22,1,0.04906376664326058,0.15494608879089355,0.2268076,0.1062812,0.0705263942993164,2
2026-08-14,MARICO,47,-1,-0.050541843219938924,0.14191612601280212,0.13861656,0.10628119999999998,-0.017664638110351544,2
2026-08-14,MARICO,57,-1,-0.09292226900661188,0.12633974850177765,-0.046229362,0.1062812,-0.20251056248779298,2
2026-08-14,MARUTI,18,1,0.042346693214069815,0.16595713794231415,0.28140545,0.10628119999999998,0.12512424891357427,2
2026-08-14,MARUTI,20,1,0.04388808867904406,0.18408894538879395,0.15883446,0.1062812,0.0025532573974609285,2
2026-08-14,MARUTI,47,-1,-0.041005860951212836,0.09143678843975067,-0.014388561,0.1062812,-0.1706697612487793,2
2026-08-14,MAXHEALTH,3,1,0.0808641923092012,1.480461835861206,0.38075447,0.1062812,0.2244732708251953,2
2026-08-14,MAXHEALTH,4,1,0.04532014557313479,1.225677728652954,0.010025501,0.10628119999999998,-0.14625569874877928,2
2026-08-14,MAXHEALTH,6,1,0.0739039704812518,1.022666335105896,0.8845091,0.10628119999999998,0.7282278866088867,2
2026-08-14,MAXHEALTH,7,1,0.052519520397299346,0.9302629232406616,0.90625286,0.10628119999999998,0.7499716610229492,2
2026-08-14,MAXHEALTH,8,1,0.05224071770085824,0.9074156284332275,0.21994114,0.10628120000000002,0.06365993922119138,2
2026-08-14,MAXHEALTH,18,1,0.05624641404278072,0.41100797057151794,-0.029873848,0.1062812,-0.1861550479614258,2
2026-08-14,MAXHEALTH,20,1,0.07229609570504429,0.3797342777252197,0.39972067,0.10628119999999998,0.24343946879272466,2
2026-08-14,MAXHEALTH,21,1,0.042743949289602394,0.3888479173183441,-0.16927123,0.10628119999999998,-0.3255524306976318,2
2026-08-14,MAXHEALTH,22,1,0.051008720369745006,0.35792726278305054,-0.019967556,0.1062812,-0.17624875599975587,2
2026-08-14,MAXHEALTH,63,1,0.05457971650611128,0.4201681315898895,0.60611963,0.1062812,0.44983843272094726,2
2026-08-14,MAXHEALTH,64,1,0.04626613469857662,0.40777871012687683,0.3573537,0.1062812,0.20107248728637694,2
2026-08-14,MAXHEALTH,66,1,0.06377272734201139,0.39214637875556946,0.20813942,0.1062812,0.051858219555664054,2
2026-08-14,MAXHEALTH,67,1,0.04705975631518851,0.36096569895744324,-0.07926226,0.10628119999999998,-0.2355434566223144,2
2026-08-14,MAZDOCK,18,1,0.06436915589006756,0.3701269328594208,0.14367104,0.10628119999999998,-0.012610164233398419,2
2026-08-14,MAZDOCK,20,1,0.06447015162726212,0.2806773781776428,0.15558004,0.1062812,-0.0007011562072753996,2
2026-08-14,MAZDOCK,22,1,0.043947480268814974,0.2469738870859146,-0.10101199,0.1062812,-0.2572931915008545,2
2026-08-14,MAZDOCK,47,-1,-0.042498461719344856,0.15232199430465698,-0.15892982,0.1062812,-0.31521102482910157,2
2026-08-14,MCX,6,1,0.041620659053715134,0.4381975531578064,-0.03400445,0.1062812,-0.19028564984436036,2
2026-08-14,MCX,18,1,0.0602847097399048,0.29736411571502686,0.023829937,0.10628119999999998,-0.1324512630187988,2
2026-08-14,MCX,20,1,0.05852391968118524,0.29648318886756897,0.2925992,0.10628119999999998,0.13631800120239262,2
2026-08-14,MCX,21,1,0.0442581838579409,0.28873610496520996,0.12928247,0.1062812,-0.026998725482177743,2
2026-08-14,MCX,22,1,0.048894153987531,0.28143516182899475,0.18713474,0.1062812,0.030853542736816397,2
2026-08-14,MCX,47,-1,-0.04138795342246411,0.1895885020494461,-0.45423508,0.1062812,-0.6105162769042969,2
2026-08-14,MEDANTA,18,1,0.06050931147586307,0.2467234581708908,-1.1618853,0.10628120000000002,-1.3181664615356445,2
2026-08-14,MEDANTA,20,1,0.04475504302683473,0.22998957335948944,-1.2592912,0.1062812,-1.415572372027588,2
2026-08-14,MEDANTA,21,1,0.06591424139960965,0.3173453211784363,0.03582239,0.10628119999999998,-0.12045880848999022,2
2026-08-14,MEDANTA,22,1,0.061933975882047625,0.3099793791770935,0.0071644783,0.1062812,-0.14911672169799806,2
2026-08-14,MEDANTA,47,-1,-0.04398722501201854,0.193381667137146,-0.48673153,0.10628119999999998,-0.6430127292358399,2
2026-08-14,MEDANTA,56,-1,-0.04469401791179357,0.2117016464471817,-1.3394117,0.1062812,-1.495692935534668,2
2026-08-14,MEDANTA,57,-1,-0.20749626638088667,0.21391144394874573,-1.260066,0.10628119999999998,-1.416347232409668,2
2026-08-14,MEDANTA,58,-1,-0.04740637704386939,0.252846360206604,-0.87788105,0.1062812,-1.0341622501098633,2
2026-08-14,MFSL,3,1,0.12068486307142147,1.4759000539779663,0.17729998,0.1062812,0.021018776348876944,2
2026-08-14,MFSL,4,1,0.09539020772560453,1.2694463729858398,0.1377821,0.1062812,-0.01849910313720704,2
2026-08-14,MFSL,5,1,0.08738849753485692,1.1980873346328735,-0.11083484,0.10628119999999998,-0.2671160369598388,2
2026-08-14,MFSL,6,1,0.11492172893689444,1.1401667594909668,0.32701492,0.10628120000000002,0.17073372309570312,2
2026-08-14,MFSL,7,1,0.09896923336966933,1.060268521308899,0.8007884,0.1062812,0.644507202557373,2
2026-08-14,MFSL,8,1,0.09510661882698251,1.028619647026062,-0.019574165,0.10628119999999998,-0.17585536534423823,2
2026-08-14,MFSL,9,1,0.0653060657109496,0.9681010246276855,0.43814182,0.1062812,0.2818606228149414,2
2026-08-14,MFSL,10,1,0.08604043438088277,0.9087936878204346,0.86500645,0.10628119999999998,0.7087252468383789,2
2026-08-14,MFSL,11,1,0.07784101144642182,0.8855842351913452,1.0544896,0.1062812,0.8982084125793457,2
2026-08-14,MFSL,12,1,0.08010401161771658,0.8474493622779846,0.22842884,0.10628119999999998,0.07214764063720705,2
2026-08-14,MFSL,13,1,0.07854620548932438,0.8190539479255676,-0.117343664,0.10628119999999998,-0.2736248641693115,2
2026-08-14,MFSL,14,1,0.07700308998363277,0.5860514044761658,-0.50768256,0.1062812,-0.6639637618743897,2
2026-08-14,MFSL,15,1,0.0820122369631622,0.5573729872703552,-0.4109621,0.10628119999999998,-0.5672433047973633,2
2026-08-14,MFSL,16,1,0.07485686980186373,0.5292385220527649,-0.35176873,0.1062812,-0.5080499320709229,2
2026-08-14,MFSL,17,1,0.06420240895723706,0.5243917107582092,-0.20133257,0.10628119999999998,-0.3576137691223144,2
2026-08-14,MFSL,18,1,0.09196336790345046,0.5138751864433289,-0.31758547,0.1062812,-0.47386666829223634,2
2026-08-14,MFSL,19,1,0.08706136863269057,0.4897727966308594,0.18889904,0.10628119999999998,0.03261784022216799,2
2026-08-14,MFSL,20,1,0.11144484293962775,0.4610557556152344,0.49598217,0.1062812,0.33970097010498046,2
2026-08-14,MFSL,21,1,0.10341341438162686,0.4499923884868622,0.8436918,0.10628120000000002,0.6874106258666992,2
2026-08-14,MFSL,22,1,0.10423829754920132,0.4107835292816162,1.0807633,0.10628119999999998,0.9244821399963379,2
2026-08-14,MFSL,23,1,0.0500511727753776,0.39970535039901733,0.69253445,0.1062812,0.5362532467163086,2
2026-08-14,MFSL,24,1,0.04489945680222366,0.41461795568466187,0.44915676,0.10628119999999998,0.29287556116943364,2
2026-08-14,MFSL,25,1,0.05096793094693948,0.42402029037475586,0.33808947,0.1062812,0.1818082660949707,2
2026-08-14,MFSL,26,1,0.045679816938610236,0.41331198811531067,-0.026005507,0.1062812,-0.18228670651550294,2
2026-08-14,MFSL,27,1,0.049267853228679645,0.40076881647109985,0.07792711,0.1062812,-0.0783540874206543,2
2026-08-14,MFSL,28,1,0.05169756901231571,0.38959455490112305,0.18157959,0.10628119999999998,0.02529838984375002,2
2026-08-14,MFSL,29,1,0.042518176348521744,0.36982589960098267,0.84899664,0.10628120000000002,0.692715439251709,2
2026-08-14,MFSL,30,1,0.0524959994003895,0.35825595259666443,1.5898824,0.10628119999999998,1.4336011738098144,2
2026-08-14,MFSL,31,1,0.04529016213509679,0.3430020213127136,1.4905095,0.10628119999999998,1.3342283100402832,2
2026-08-14,MFSL,32,1,0.05229792051580284,0.3586938977241516,1.5482306,0.1062812,1.3919494480407715,2
2026-08-14,MFSL,33,1,0.05394820158886757,0.35163870453834534,1.4371157,0.10628120000000002,1.2808344692504883,2
2026-08-14,MFSL,34,1,0.05076142819824653,0.34808149933815,1.1226535,0.10628119999999998,0.9663722843444824,2
2026-08-14,MFSL,35,1,0.04949586616250829,0.34354907274246216,1.1975646,0.10628120000000002,1.0412834018981934,2
2026-08-14,MFSL,36,1,0.041786872701129685,0.37685835361480713,0.22492409,0.1062812,0.06864288752441405,2
2026-08-14,MFSL,40,1,0.04717896514335573,0.4281415641307831,-0.25003552,0.10628119999999998,-0.4063167243682861,2
2026-08-14,MFSL,41,1,0.04583731527487533,0.43820691108703613,-0.01282692,0.1062812,-0.16910811955566407,2
2026-08-14,MFSL,43,1,0.04731218238611359,0.45066511631011963,0.0,0.1062812,-0.1562812,2
2026-08-14,MFSL,44,1,0.04220826196973913,0.44579824805259705,-0.089752674,0.10628119999999998,-0.24603387410278316,2
2026-08-14,MFSL,46,1,0.05211685922140777,0.44134223461151123,-0.04505515,0.1062812,-0.20133635098571778,2
2026-08-14,MFSL,48,1,0.0472287735628376,0.44184520840644836,-0.0192523,0.1062812,-0.17553350026245118,2
2026-08-14,MFSL,49,1,0.05453545795699002,0.43459492921829224,-0.20543933,0.1062812,-0.3617205291473389,2
2026-08-14,MFSL,50,1,0.05110960466170507,0.3882184624671936,-0.5196929,0.1062812,-0.6759740977966309,2
2026-08-14,MFSL,51,1,0.05051922686730933,0.3547823131084442,-0.69292784,0.1062812,-0.8492090373718262,2
2026-08-14,MFSL,52,1,0.05844042987013044,0.3392164409160614,-0.19945502,0.1062812,-0.35573622281188966,2
2026-08-14,MFSL,53,1,0.055195285727900986,0.31967782974243164,0.28344393,0.1062812,0.12716272776489257,2
2026-08-14,MFSL,54,1,0.05955261968203161,0.3074263334274292,-0.057810545,0.10628119999999998,-0.21409174496765132,2
2026-08-14,MFSL,55,1,0.04524513982115543,0.2897299528121948,-0.10268688,0.1062812,-0.258968082019043,2
2026-08-14,MFSL,56,1,0.04517559224017383,0.2844460904598236,0.31523705,0.1062812,0.15895584528808593,2
2026-08-14,MFSL,58,1,0.05336309240793554,0.2944267690181732,0.68466663,0.10628119999999998,0.528385433605957,2
2026-08-14,MFSL,59,1,0.053502400370381,0.3011683225631714,0.32875538,0.1062812,0.17247417872314452,2
2026-08-14,MFSL,60,1,0.04733149139639676,0.2932022213935852,0.23137331,0.10628119999999998,0.07509211008911136,2
2026-08-14,MFSL,61,1,0.051462968224051185,0.2855665683746338,0.1285553,0.10628119999999998,-0.02772590214843748,2
2026-08-14,MFSL,62,1,0.05963647965621785,0.26295170187950134,-0.122088194,0.1062812,-0.2783693938934326,2
2026-08-14,MFSL,63,1,0.057026951200391814,0.2734735608100891,-0.43609738,0.1062812,-0.5923785834991455,2
2026-08-14,MFSL,64,1,0.05205690392601595,0.27609801292419434,-0.7820487,0.10628119999999998,-0.9383299022399902,2
2026-08-14,MFSL,65,1,0.04917392119038092,0.28730812668800354,-0.7184088,0.10628119999999998,-0.8746900230133057,2
2026-08-14,MFSL,66,1,0.07675067032708818,0.2877517342567444,-0.5653322,0.1062812,-0.7216133743011475,2
2026-08-14,MFSL,67,1,0.056517554901599334,0.27847719192504883,-1.3595879,0.1062812,-1.5158691077911377,2
2026-08-14,MOTILALOFS,6,1,0.04101055896286829,0.3090873658657074,-0.15054345,0.1062812,-0.3068246513092041,2
2026-08-14,MOTILALOFS,18,1,0.042881137666774885,0.23385223746299744,0.28500557,0.1062812,0.1287243694580078,2
2026-08-14,MOTILALOFS,20,1,0.041656240847986976,0.2162812203168869,0.05583763,0.1062812,-0.10044356877441407,2
2026-08-14,MPHASIS,18,1,0.046771945034817915,0.1915581375360489,-0.42796135,0.1062812,-0.5842425494873047,2
2026-08-14,MPHASIS,20,1,0.047388107707847044,0.22371232509613037,0.17552376,0.10628119999999998,0.01924255793457033,2
2026-08-14,MPHASIS,22,1,0.04874400459655433,0.2340647429227829,0.24347305,0.1062812,0.0871918529785156,2
2026-08-14,MPHASIS,47,-1,-0.04111175054070781,0.23030520975589752,-0.11031628,0.10628120000000002,-0.266597476550293,2
2026-08-14,MPHASIS,57,-1,-0.05515946876796381,0.24449422955513,-0.5256891,0.1062812,-0.6819703250610352,2
2026-08-14,MRF,18,1,0.04353321774596126,0.11308957636356354,-0.05708933,0.07140888791627022,-0.17849821668213933,2
2026-08-14,MRF,20,1,0.04148086024426084,0.10793264210224152,0.0,0.07141572607537115,-0.12141572607537116,2
2026-08-14,MRF,47,-1,-0.041580072564242794,0.08360389620065689,-0.5340934,0.07123877575757574,-0.655332155731941,2
2026-08-14,MUTHOOTFIN,3,1,0.04449928851080064,0.3973963260650635,-0.17499328,0.1062812,-0.33127447659606934,2
2026-08-14,MUTHOOTFIN,6,1,0.05055406914089799,0.3414616882801056,-0.10879636,0.1062812,-0.2650775581085205,2
2026-08-14,MUTHOOTFIN,18,1,0.04406766219866633,0.16337987780570984,0.19325018,0.1062812,0.036968979290771475,2
2026-08-14,MUTHOOTFIN,20,1,0.044524341452162705,0.15162169933319092,0.15814304,0.1062812,0.0018618435180663973,2
2026-08-14,MUTHOOTFIN,47,-1,-0.043632150913009135,0.10320048779249191,0.26937723,0.1062812,0.11309603159790037,2
2026-08-14,MUTHOOTFIN,57,-1,-0.043132715916618124,0.12141572684049606,0.08060932,0.1062812,-0.07567187840576173,2
2026-08-14,M_AND_M,6,1,0.05179554319292244,0.27411702275276184,0.035429,0.10628120000000002,-0.12085219914550784,2
2026-08-14,M_AND_M,18,1,0.044991702502019164,0.1506335586309433,0.20296574,0.10628119999999998,0.046684536389160175,2
2026-08-14,M_AND_M,20,1,0.04593145722166781,0.1459563821554184,0.055861473,0.10628119999999998,-0.10041972691650389,2
2026-08-14,M_AND_M,47,-1,-0.04796560519984905,0.15038622915744781,-0.31926632,0.10628119999999998,-0.4755475192749023,2
2026-08-14,M_AND_M,57,-1,-0.04124411237120096,0.10870532691478729,0.11392832,0.1062812,-0.04235288197631837,2
2026-08-14,M_AND_MFIN,18,1,0.049010728577453325,0.23779374361038208,-0.3670931,0.10628119999999998,-0.5233742862426758,2
2026-08-14,M_AND_MFIN,20,1,0.05118037573568009,0.2464299350976944,-0.17763972,0.1062812,-0.3339209228240967,2
2026-08-14,M_AND_MFIN,21,1,0.04329986981495805,0.22471491992473602,-0.11423826,0.1062812,-0.2705194621765137,2
2026-08-14,M_AND_MFIN,22,1,0.04534371586174094,0.22219401597976685,0.01270771,0.1062812,-0.14357348973388673,2
2026-08-14,NAM-INDIA,8,1,0.043175173527914515,0.4057980477809906,-0.15365481,0.10628119999999998,-0.30993601376647945,2
2026-08-14,NAM-INDIA,18,1,0.04921760569998089,0.1854972094297409,-0.19645095,0.10628119999999998,-0.3527321487152099,2
2026-08-14,NAM-INDIA,20,1,0.04399962478527605,0.19369544088840485,-0.11970401,0.1062812,-0.275985208102417,2
2026-08-14,NAM-INDIA,21,1,0.047981017929867455,0.20675669610500336,-0.33379197,0.1062812,-0.49007317120666505,2
2026-08-14,NAM-INDIA,22,1,0.050468128187307865,0.1947219967842102,-0.20570159,0.10628119999999995,-0.36198278958435054,2
2026-08-14,NAM-INDIA,47,-1,-0.04426575395984661,0.14869177341461182,-0.4474759,0.10628119999999998,-0.6037571101867676,2
2026-08-14,NAM-INDIA,56,-1,-0.04212999126084602,0.21845762431621552,0.085908175,0.10628119999999998,-0.07037302548522947,2
2026-08-14,NAM-INDIA,57,-1,-0.16389314321664214,0.22129258513450623,-0.28437376,0.1062812,-0.4406549602233887,2
2026-08-14,NAM-INDIA,58,-1,-0.044591959089679944,0.23698994517326355,-0.1979351,0.10628119999999998,-0.35421630437011714,2
2026-08-14,NAM-INDIA,67,-1,-0.08398916701523233,0.21526142954826355,-0.30058622,0.10628119999999998,-0.4568674236022949,2
2026-08-14,NATIONALUM,6,1,0.04141243153488321,0.7587645649909973,-0.30089617,0.1062812,-0.45717736775512696,2
2026-08-14,NATIONALUM,8,1,0.04763602812552244,0.6584683060646057,-0.57576895,0.10628120000000002,-0.7320501476013184,2
2026-08-14,NATIONALUM,17,1,0.04133402737016678,0.3741494417190552,0.34390688,0.10628119999999998,0.18762567942504887,2
2026-08-14,NATIONALUM,18,1,0.08509492907961003,0.36100733280181885,0.118768215,0.10628119999999998,-0.03751298482055662,2
2026-08-14,NATIONALUM,19,1,0.05128120308601452,0.3567180633544922,0.1717329,0.1062812,0.01545170252685546,2
2026-08-14,NATIONALUM,20,1,0.061214798843420876,0.3400915265083313,0.026381016,0.1062812,-0.12990018422241212,2
2026-08-14,NATIONALUM,21,1,0.059752054395600204,0.34296292066574097,-0.039559603,0.1062812,-0.19584080273742677,2
2026-08-14,NATIONALUM,22,1,0.06713035387065622,0.329990029335022,0.19799471,0.1062812,0.04171350901489257,2
2026-08-14,NATIONALUM,47,-1,-0.04443739460374112,0.1575966775417328,0.17182231,0.10628119999999998,0.015541109494018573,2
2026-08-14,NATIONALUM,56,-1,-0.04863112425150651,0.14639052748680115,0.1454413,0.1062812,-0.010839906283569345,2
2026-08-14,NATIONALUM,57,-1,-0.2202166961263935,0.15111276507377625,0.15870333,0.1062812,0.002422127178955069,2
2026-08-14,NATIONALUM,58,-1,-0.0475410533728369,0.15414981544017792,0.026482344,0.10628119999999998,-0.12979885632629393,2
2026-08-14,NATIONALUM,67,-1,-0.08048404032623735,0.15721575915813446,0.29169917,0.1062812,0.13541797106628417,2
2026-08-14,NAUKRI,6,1,0.05734291769136034,0.39405179023742676,-0.044620037,0.1062812,-0.20090123707885743,2
2026-08-14,NAUKRI,7,1,0.04531164614634359,0.3598254919052124,0.0818491,0.1062812,-0.0744321017944336,2
2026-08-14,NAUKRI,18,1,0.05435432205017608,0.23738624155521393,-0.066918135,0.1062812,-0.22319933468933106,2
2026-08-14,NAUKRI,20,1,0.04682469814942396,0.2320263683795929,0.044727325,0.1062812,-0.11155387456054688,2
2026-08-14,NAUKRI,47,-1,-0.04149426856173685,0.1210842877626419,0.081813335,0.10628119999999998,-0.07446786458129881,2
2026-08-14,NESTLEIND,6,1,0.04296322120091559,0.27890321612358093,0.12617111,0.1062812,-0.030110087939453134,2
2026-08-14,NESTLEIND,12,-1,-0.04662329753006693,0.2158154845237732,-0.01989603,0.1062812,-0.1761772304260254,2
2026-08-14,NESTLEIND,18,1,0.056574853741617664,0.165836900472641,0.15257597,0.1062812,-0.003705230303955087,2
2026-08-14,NESTLEIND,20,1,0.054900508647167896,0.16332995891571045,0.31905174,0.1062812,0.16277054255371093,2
2026-08-14,NESTLEIND,47,-1,-0.04982520954084586,0.1287051886320114,0.48844814,0.1062812,0.3321669430053711,2
2026-08-14,NESTLEIND,56,-1,-0.044642272021118166,0.16971835494041443,0.16590357,0.10628119999999998,0.009622368267822284,2
2026-08-14,NESTLEIND,57,-1,-0.20634065511060398,0.1605403572320938,0.25194287,0.10628119999999998,0.09566167300109867,2
2026-08-14,NESTLEIND,58,-1,-0.050285573880359334,0.1688152402639389,0.17927885,0.10628119999999998,0.02299765055541994,2
2026-08-14,NESTLEIND,67,-1,-0.07843247123844987,0.18189670145511627,0.325799,0.1062812,0.16951778834228515,2
2026-08-14,NHPC,6,1,0.045398930111872515,0.30257731676101685,0.20670891,0.1062812,0.05042770808105468,2
2026-08-14,NHPC,18,1,0.05441249336654131,0.1938706338405609,-0.2196908,0.1062812,-0.3759719997131348,2
2026-08-14,NHPC,20,1,0.05007549691847774,0.1683262139558792,0.0,0.10628119999999998,-0.15628119999999998,2
2026-08-14,NHPC,21,1,0.048589110522717846,0.17048543691635132,0.16862154,0.1062812,0.012340340069580069,2
2026-08-14,NHPC,22,1,0.049057886083312484,0.1611572504043579,0.19443035,0.10628119999999998,0.03814915125732424,2
2026-08-14,NIACL,6,1,0.05065899709420939,0.4197908341884613,-0.6483376,0.1062812,-0.8046188026153565,2
2026-08-14,NIACL,14,1,0.045341618302319815,0.27893516421318054,-0.19725561,0.10628119999999998,-0.3535368114196777,2
2026-08-14,NIACL,16,1,0.052370402375909154,0.2774866819381714,-0.21457076,0.1062812,-0.3708519607269287,2
2026-08-14,NIACL,17,1,0.04425642043410904,0.2552032768726349,0.04519224,0.1062812,-0.11108895833129884,2
2026-08-14,NIACL,18,1,0.06471147716274694,0.24677859246730804,-0.0790298,0.1062812,-0.23531099850769044,2
2026-08-14,NIACL,20,1,0.04435787714417221,0.22586195170879364,0.0,0.1062812,-0.1562812,2
2026-08-14,NIACL,22,1,0.04923258391955287,0.21942679584026337,0.40733814,0.10628119999999998,0.2510569423950196,2
2026-08-14,NIACL,47,-1,-0.050541843219938924,0.13727642595767975,-0.2641678,0.1062812,-0.42044898564453126,2
2026-08-14,NIACL,57,-1,-0.04407216642344426,0.16725315153598785,0.09482503,0.10628119999999998,-0.061456170626831036,2
2026-08-14,NLCINDIA,3,1,0.04239912203025608,0.5982816219329834,0.29228926,0.10628119999999998,0.1360080570495606,2
2026-08-14,NLCINDIA,18,1,0.06498292575072839,0.25947901606559753,0.0,0.10628120000000002,-0.1562812,2
2026-08-14,NLCINDIA,20,1,0.04946422681233869,0.2517937123775482,0.16429424,0.10628120000000002,0.008013042858886696,2
2026-08-14,NLCINDIA,21,1,0.04224573118697478,0.24522577226161957,0.16435385,0.10628119999999998,0.008072647503662128,2
2026-08-14,NLCINDIA,22,1,0.04998468891114843,0.22325477004051208,0.32901764,0.10628120000000002,0.17273643916015624,2
2026-08-14,NLCINDIA,47,-1,-0.04134124357080175,0.233215793967247,0.10883212,0.1062812,-0.04744907910461427,2
2026-08-14,NMDC,8,1,0.0416620655463941,0.35338371992111206,-0.6553829,0.10628120000000002,-0.8116640716278076,2
2026-08-14,NMDC,11,1,0.04500133320916667,0.35397350788116455,-0.28645992,0.1062812,-0.44274112279052735,2
2026-08-14,NMDC,18,1,0.07508676173502167,0.27446144819259644,-0.0359118,0.1062812,-0.19219299847717286,2
2026-08-14,NMDC,19,1,0.05191448605869225,0.2746587097644806,0.08388758,0.1062812,-0.07239362294311524,2
2026-08-14,NMDC,20,1,0.06470272157745374,0.27386853098869324,0.0,0.1062812,-0.1562812,2
2026-08-14,NMDC,21,1,0.06159262582371306,0.2765359878540039,0.20381212,0.1062812,0.047530922344970694,2
2026-08-14,NMDC,22,1,0.06063360113887611,0.2686377763748169,0.31149387,0.1062812,0.1552126735961914,2
2026-08-14,NTPC,12,-1,-0.04766040585447529,0.19222380220890045,0.5988836,0.10628119999999998,0.4426024288452149,2
2026-08-14,NTPC,18,1,0.06025165915211287,0.17214323580265045,-0.3673792,0.10628120000000002,-0.5236603885375977,2
2026-08-14,NTPC,20,1,0.057127756679772795,0.17778335511684418,-0.19145608,0.1062812,-0.34773727948303224,2
2026-08-14,NTPC,21,1,0.04789670928763216,0.17462757229804993,-0.16199946,0.1062812,-0.3182806640350342,2
2026-08-14,NTPC,22,1,0.04837056294649883,0.17257435619831085,-0.1178503,0.1062812,-0.27413150364990235,2
2026-08-14,NTPC,47,-1,-0.04512782718658849,0.1529858559370041,-0.16241074,0.1062812,-0.3186919360839844,2
2026-08-14,NTPC,56,-1,-0.04327739827169727,0.1421411633491516,-0.08844137,0.1062812,-0.24472257191772462,2
2026-08-14,NTPC,57,-1,-0.21605020325395083,0.14534258842468262,-0.1032114,0.1062812,-0.2594926028930664,2
2026-08-14,NTPC,58,-1,-0.04993394902599658,0.1421411633491516,-0.10317564,0.1062812,-0.2594568401062012,2
2026-08-14,NTPC,67,-1,-0.07843247123844987,0.10420575737953186,-0.17678738,0.1062812,-0.3330685764038086,2
2026-08-14,NYKAA,8,1,0.04758969840559921,0.36791858077049255,-0.33122897,0.1062812,-0.48751017148132325,2
2026-08-14,NYKAA,18,1,0.05814611866471049,0.16960583627223969,-0.12099147,0.10628119999999998,-0.2772726684295654,2
2026-08-14,NYKAA,20,1,0.052972821438746986,0.16442756354808807,-0.09083748,0.1062812,-0.24711867863769532,2
2026-08-14,NYKAA,22,1,0.04583899009837104,0.15997911989688873,-0.1968205,0.1062812,-0.3531016975128174,2
2026-08-14,NYKAA,47,-1,-0.049408154026274645,0.1006651297211647,-0.0,0.10628119999999998,-0.15628119999999998,2
2026-08-14,NYKAA,56,-1,-0.04773893124611239,0.10711066424846649,0.06057024,0.10628119999999998,-0.09571095997924803,2
2026-08-14,NYKAA,57,-1,-0.21597972370015478,0.11475379019975662,-0.075781345,0.1062812,-0.23206254536743165,2
2026-08-14,NYKAA,58,-1,-0.04814579815587265,0.11258915811777115,-0.12125969,0.1062812,-0.2775408893310547,2
2026-08-14,NYKAA,67,-1,-0.08420532777868887,0.13287581503391266,-0.13613701,0.10628120000000002,-0.2924182086669922,2
2026-08-14,OBEROIRLTY,18,1,0.0483528389448303,0.23550893366336823,0.353086,0.1062812,0.19680479472045898,2
2026-08-14,OBEROIRLTY,20,1,0.04724304265794171,0.23106616735458374,0.14138222,0.1062812,-0.014898982592773446,2
2026-08-14,OBEROIRLTY,47,-1,-0.04120267672125521,0.15946780145168304,0.054055452,0.1062812,-0.10222574765319825,2
2026-08-14,OFSS,18,1,0.04173355807240674,0.40975573658943176,-0.16292334,0.10628119999999998,-0.3192045360290527,2
2026-08-14,OFSS,20,1,0.05314305600565726,0.42939576506614685,-0.017213821,0.1062812,-0.17349502141113282,2
2026-08-14,OFSS,22,1,0.04687377914227039,0.4070231318473816,-0.01718402,0.10628119999999998,-0.1734652190887451,2
2026-08-14,OIL,12,-1,-0.048217989598482565,0.25126007199287415,0.16912818,0.10628119999999998,0.012846979550170917,2
2026-08-14,OIL,18,1,0.07117608313910165,0.24583591520786285,-0.010597706,0.1062812,-0.16687890584106446,2
2026-08-14,OIL,20,1,0.05147659359769862,0.23683451116085052,-0.08473396,0.1062812,-0.24101516301269532,2
2026-08-14,OIL,21,1,0.04139358502773554,0.24768586456775665,-0.36978126,0.1062812,-0.5260624557220459,2
2026-08-14,OIL,22,1,0.06148483901914191,0.2655874490737915,-0.09534359,0.1062812,-0.25162478978271485,2
2026-08-14,OIL,56,-1,-0.049539531730718664,0.2342182695865631,-0.07455349,0.1062812,-0.2308346896850586,2
2026-08-14,OIL,57,-1,-0.19930270477323703,0.24126748740673065,0.01065135,0.1062812,-0.1456298499786377,2
2026-08-14,OIL,58,-1,-0.04106851600324363,0.24444134533405304,-0.042653084,0.1062812,-0.19893428380126954,2
2026-08-14,OIL,67,-1,-0.07843247123844987,0.23837532103061676,0.06399155,0.10628119999999998,-0.0922896533691406,2
2026-08-14,ONGC,18,1,0.051538238792503625,0.1670035421848297,0.025320053,0.1062812,-0.13096114689941407,2
2026-08-14,ONGC,20,1,0.046074935939971064,0.15946775674819946,-0.08440614,0.1062812,-0.24068733746643067,2
2026-08-14,ONGC,47,-1,-0.047288180297178434,0.06840269267559052,0.097453594,0.1062812,-0.05882760579223634,2
2026-08-14,ONGC,57,-1,-0.09359246724402803,0.08415915071964264,0.067812204,0.1062812,-0.0884689956390381,2
2026-08-14,PAGEIND,3,1,0.08829366753605171,1.119899034500122,0.17282963,0.10628120000000002,0.016548427990722633,2
2026-08-14,PAGEIND,4,1,0.07663246169405195,1.0170848369598389,0.22684336,0.10628119999999998,0.07056215708618166,2
2026-08-14,PAGEIND,5,1,0.0692584419215333,0.9321053624153137,0.01335144,0.10628120000000002,-0.1429297595703125,2
2026-08-14,PAGEIND,6,1,0.09290585491694178,0.835633397102356,0.053310394,0.1062812,-0.10297080571289063,2
2026-08-14,PAGEIND,7,1,0.0791818752126065,0.7589880228042603,-0.10655522,0.10628119999999998,-0.2628364234649658,2
2026-08-14,PAGEIND,8,1,0.08024761822661142,0.7403458952903748,-0.106579065,0.1062812,-0.262860265322876,2
2026-08-14,PAGEIND,9,1,0.05550439271404927,0.7025948166847229,-0.41245222,0.10628119999999998,-0.5687334209167481,2
2026-08-14,PAGEIND,10,1,0.06430322326384799,0.6925258040428162,-0.86355805,0.10628120000000002,-1.019839253970337,2
2026-08-14,PAGEIND,11,1,0.06159706178266226,0.6889894604682922,-0.62574744,0.1062812,-0.7820286422454834,2
2026-08-14,PAGEIND,12,1,0.058445542215801644,0.6642096638679504,-0.36028624,0.10628119999999998,-0.5165674358093262,2
2026-08-14,PAGEIND,13,1,0.061469486743513234,0.64026939868927,-0.70534945,0.1062812,-0.8616306453430176,2
2026-08-14,PAGEIND,14,1,0.07083280207742851,0.5314285755157471,-0.5465925,0.10628119999999998,-0.7028736739837647,2
2026-08-14,PAGEIND,15,1,0.0721791347133192,0.45726478099823,-0.6537676,0.1062812,-0.8100487857543945,2
2026-08-14,PAGEIND,16,1,0.07312567785295847,0.41893309354782104,-0.7748842,0.10628119999999998,-0.9311654239379883,2
2026-08-14,PAGEIND,17,1,0.08454099914271092,0.39629361033439636,-0.62960386,0.10628120000000002,-0.7858850627624512,2
2026-08-14,PAGEIND,18,1,0.11814945276155091,0.4134129583835602,-0.5360484,0.1062812,-0.6923296123229981,2
2026-08-14,PAGEIND,19,1,0.08703914406949192,0.3931584656238556,-0.49584508,0.1062812,-0.6521262794219971,2
2026-08-14,PAGEIND,20,1,0.10088689720695898,0.39060255885124207,-0.7639706,0.10628119999999998,-0.9202518134796143,2
2026-08-14,PAGEIND,21,1,0.09252432563277259,0.38299500942230225,-0.6970525,0.10628119999999998,-0.8533336787902832,2
2026-08-14,PAGEIND,22,1,0.09739880547369285,0.35781437158584595,-0.805372,0.10628119999999998,-0.9616531997406006,2
2026-08-14,PAGEIND,23,1,0.05751973638173111,0.3577679991722107,-0.7806182,0.10628120000000002,-0.9368993907653809,2
2026-08-14,PAGEIND,24,1,0.0538484101366717,0.3360551595687866,-0.95816255,0.1062812,-1.114443746157837,2
2026-08-14,PAGEIND,25,1,0.04408670346661144,0.3079647421836853,-1.1048257,0.1062812,-1.261106935092163,2
2026-08-14,PAGEIND,27,1,0.04748436407522196,0.3009955883026123,-0.72913766,0.1062812,-0.885418859072876,2
2026-08-14,PAGEIND,28,1,0.04487067288775944,0.3008330762386322,-0.5128205,0.1062812,-0.6691016822540283,2
2026-08-14,PAGEIND,29,1,0.04495771429676634,0.3189638555049896,-0.3653586,0.10628119999999998,-0.5216397910797119,2
2026-08-14,PAGEIND,30,1,0.050915174131579394,0.3255561590194702,-0.14921427,0.1062812,-0.3054954677307129,2
2026-08-14,PAGEIND,32,1,0.042958380435406215,0.2968080937862396,0.7626295,0.10628119999999998,0.606348308972168,2
2026-08-14,PAGEIND,33,1,0.04540001601192358,0.2935287654399872,0.6943464,0.10628119999999998,0.5380652279174805,2
2026-08-14,PAGEIND,36,1,0.04600396080014221,0.3230437934398651,0.108635426,0.10628119999999998,-0.04764577443237303,2
2026-08-14,PAGEIND,43,1,0.04511449618132301,0.28873729705810547,-0.46120286,0.1062812,-0.61748405987854,2
2026-08-14,PATANJALI,6,1,0.07996243019960517,0.41009655594825745,0.4593134,0.1062812,0.30303219263916015,2
2026-08-14,PATANJALI,18,1,0.04406766219866633,0.20680268108844757,-0.04299283,0.1062812,-0.19927403027648927,2
2026-08-14,PATANJALI,20,1,0.04098034059891019,0.19161152839660645,-0.15773177,0.10628119999999998,-0.31401297146911616,2
2026-08-14,PATANJALI,47,-1,-0.04174741128458179,0.12798859179019928,-0.34388304,0.1062812,-0.5001642375671387,2
2026-08-14,PAYTM,3,1,0.05712310510273605,0.8435737490653992,0.88528395,0.1062812,0.7290027469909668,2
2026-08-14,PAYTM,4,1,0.04331234713750945,0.7448802590370178,0.76851845,0.1062812,0.6122372478759766,2
2026-08-14,PAYTM,8,1,0.04261498005222476,0.5967873334884644,0.036621094,0.1062812,-0.11966010625000001,2
2026-08-14,PAYTM,18,1,0.08579166307313667,0.28211674094200134,-0.74608326,0.1062812,-0.9023644595825195,2
2026-08-14,PAYTM,19,1,0.04906418675090627,0.2595026195049286,-0.76452494,0.1062812,-0.9208061366760254,2
2026-08-14,PAYTM,20,1,0.07847351182889926,0.2600674033164978,-0.6570041,0.1062812,-0.8132853179656983,2
2026-08-14,PAYTM,21,1,0.058174644945901285,0.2477114200592041,-0.6200969,0.1062812,-0.7763781219207764,2
2026-08-14,PAYTM,22,1,0.05327437949905906,0.23715831339359283,-0.47329664,0.1062812,-0.6295778423034668,2
2026-08-14,PAYTM,47,-1,-0.048456286246512714,0.22522452473640442,-0.43451786,0.1062812,-0.5907990604125977,2
2026-08-14,PAYTM,56,-1,-0.04448394219810668,0.16774632036685944,0.0679791,0.1062812,-0.088302102633667,2
2026-08-14,PAYTM,57,-1,-0.2190882785922995,0.1674668788909912,0.30232072,0.1062812,0.14603951876525878,2
2026-08-14,PAYTM,58,-1,-0.051464679600909086,0.1635812222957611,0.24068356,0.1062812,0.08440235560302732,2
2026-08-14,PAYTM,67,-1,-0.07420062114233245,0.176225483417511,0.62612295,0.10628119999999998,0.4698417515075684,2
2026-08-14,PERSISTENT,6,1,0.07624183269501308,0.4728287160396576,1.375258,0.1062812,1.2189767689025879,2
2026-08-14,PERSISTENT,7,1,0.060496255636307415,0.432260125875473,1.4500737,0.10628119999999998,1.2937925190246582,2
2026-08-14,PERSISTENT,18,1,0.06441767128670797,0.34683504700660706,-0.29043555,0.10628119999999998,-0.44671675259704585,2
2026-08-14,PERSISTENT,20,1,0.06675482992391667,0.3787235617637634,0.45708418,0.1062812,0.30080297892456054,2
2026-08-14,PERSISTENT,21,1,0.05064291061033202,0.39328038692474365,0.2735257,0.1062812,0.11724451487426756,2
2026-08-14,PERSISTENT,22,1,0.05605861508987193,0.38943248987197876,0.4383564,0.10628119999999998,0.28207519953613286,2
2026-08-14,PETRONET,18,1,0.07888588223727001,0.3330003321170807,1.0758519,0.1062812,0.9195707172668457,2
2026-08-14,PETRONET,20,1,0.06038153929873554,0.29081615805625916,0.71429014,0.1062812,0.5580089420593262,2
2026-08-14,PETRONET,21,1,0.04852844568291919,0.26275479793548584,0.2857089,0.1062812,0.1294277042663574,2
2026-08-14,PETRONET,22,1,0.05060915044388592,0.27936509251594543,-0.24889112,0.1062812,-0.40517231518859864,2
2026-08-14,PETRONET,47,-1,-0.0467426552880559,0.18756955862045288,-0.035488605,0.1062812,-0.1917698054992676,2
2026-08-14,PETRONET,57,-1,-0.09359246724402803,0.15321390330791473,0.070905685,0.10628119999999998,-0.0853755145751953,2
2026-08-14,PFC,18,1,0.05072707367445435,0.19569389522075653,0.026595592,0.1062812,-0.1296856075012207,2
2026-08-14,PFC,20,1,0.05020171033708444,0.1721506118774414,0.11982918,0.10628119999999998,-0.03645202214355467,2
2026-08-14,PFC,47,-1,-0.04842186949084271,0.09894231706857681,-0.3196597,0.1062812,-0.47594090993041993,2
2026-08-14,PFC,56,-1,-0.04773893124611239,0.14031557738780975,0.09287596,0.10628119999999998,-0.06340524251098631,2
2026-08-14,PFC,57,-1,-0.1978034689538381,0.14325536787509918,0.07969737,0.1062812,-0.0765838294708252,2
2026-08-14,PFC,58,-1,-0.048209350587838484,0.14232578873634338,0.013285875,0.10628119999999998,-0.1429953246795654,2
2026-08-14,PFC,67,-1,-0.0821386017262197,0.12997490167617798,0.13279915,0.10628119999999998,-0.02348205144042967,2
2026-08-14,PHOENIXLTD,6,1,0.04198398331691176,0.2991989552974701,0.11134148,0.10628119999999998,-0.044939723559570294,2
2026-08-14,PHOENIXLTD,18,1,0.05897866020392301,0.17973847687244415,0.15919209,0.1062812,0.0029108852661132723,2
2026-08-14,PHOENIXLTD,20,1,0.05402791075056756,0.17676058411598206,0.23896694,0.1062812,0.08268574183349607,2
2026-08-14,PHOENIXLTD,47,-1,-0.050259491091550916,0.12488248944282532,-0.184834,0.1062812,-0.34111520344848634,2
2026-08-14,PHOENIXLTD,56,-1,-0.04775880995769934,0.11182960867881775,0.2318263,0.10628119999999998,0.07554510538940433,2
2026-08-14,PHOENIXLTD,57,-1,-0.22022128519992157,0.11094805598258972,0.42638183,0.10628119999999998,0.2701006264007569,2
2026-08-14,PHOENIXLTD,58,-1,-0.0443785241639727,0.1455715000629425,-0.22753477,0.1062812,-0.3838159709655762,2
2026-08-14,PHOENIXLTD,67,-1,-0.07977325520896969,0.19675467908382416,-0.37537813,0.10628119999999998,-0.5316593318664551,2
2026-08-14,PIDILITIND,12,-1,-0.04588420199118254,0.19470186531543732,-0.25957823,0.1062812,-0.4158594279968262,2
2026-08-14,PIDILITIND,18,1,0.044991702502019164,0.11817190796136856,0.017654896,0.10628119999999998,-0.13862630421752928,2
2026-08-14,PIDILITIND,20,1,0.05076715250216433,0.13056032359600067,0.023579597,0.1062812,-0.13270160252685548,2
2026-08-14,PIDILITIND,22,1,0.04280561538075543,0.12793488800525665,0.029456615,0.1062812,-0.12682458455200196,2
2026-08-14,PIDILITIND,47,-1,-0.04255109135162964,0.13902594149112701,-0.37050247,0.1062812,-0.5267836719238281,2
2026-08-14,PIDILITIND,56,-1,-0.04844050504243547,0.13187149167060852,0.20521879,0.1062812,0.04893759196166991,2
2026-08-14,PIDILITIND,57,-1,-0.2160440637765997,0.12856736779212952,0.15243888,0.1062812,-0.0038423209869384856,2
2026-08-14,PIDILITIND,58,-1,-0.0457242819515871,0.1303037405014038,0.09972453,0.1062812,-0.056556668826293954,2
2026-08-14,PIDILITIND,67,-1,-0.0812581719855991,0.11953695118427277,0.58135986,0.1062812,0.42507866328125,2
2026-08-14,PIIND,6,1,0.043120226074970916,0.34157827496528625,0.77973604,0.1062812,0.6234548420227051,2
2026-08-14,PIIND,8,1,0.046340411562114145,0.34872967004776,-0.15684366,0.10628119999999998,-0.31312486226196284,2
2026-08-14,PIIND,18,1,0.076385302553538,0.3181609809398651,-0.11610389,0.10628120000000002,-0.2723850875579834,2
2026-08-14,PIIND,20,1,0.07329305814070208,0.3680233359336853,0.14871359,0.1062812,-0.0075676112854004,2
2026-08-14,PIIND,21,1,0.06474385881436519,0.36763033270835876,0.04014969,0.10628119999999998,-0.11613151127929686,2
2026-08-14,PIIND,22,1,0.06765461783785878,0.3366544246673584,0.14455318,0.1062812,-0.011728015490722665,2
2026-08-14,PIIND,47,-1,-0.04307021164352999,0.15377911925315857,0.052291155,0.1062812,-0.10399004513854981,2
2026-08-14,PIIND,56,-1,-0.04346411315661445,0.13002096116542816,-0.016093254,0.1062812,-0.17237445408935548,2
2026-08-14,PIIND,57,-1,-0.21732889107123335,0.12016754597425461,0.028181076,0.1062812,-0.12810012395019532,2
2026-08-14,PIIND,58,-1,-0.04896781708030045,0.1106632798910141,-0.0,0.10628119999999998,-0.15628119999999998,2
2026-08-14,PIIND,67,-1,-0.08515667880593006,0.1100892499089241,-0.20523071,0.10628119999999998,-0.36151191289062495,2
2026-08-14,PNB,18,1,0.06355314968523798,0.2590477168560028,-0.10993481,0.1062812,-0.2662160068237305,2
2026-08-14,PNB,20,1,0.0535198657403497,0.24085906147956848,-0.0423491,0.10628119999999998,-0.198630300112915,2
2026-08-14,PNB,21,1,0.04609659512432893,0.2420486956834793,0.04236698,0.10628119999999998,-0.11391421849365232,2
2026-08-14,PNB,47,-1,-0.042915517233916074,0.14461134374141693,-0.10163784,0.10628119999999998,-0.25791904027099605,2
2026-08-14,POLICYBZR,8,1,0.042054045693230194,0.34935420751571655,-0.08031726,0.1062812,-0.23659845883483888,2
2026-08-14,POLICYBZR,18,1,0.05173351468458121,0.16765740513801575,-0.10904074,0.1062812,-0.2653219371520996,2
2026-08-14,POLICYBZR,20,1,0.04794554528590662,0.16598904132843018,-0.16066432,0.10628119999999998,-0.3169455199920654,2
2026-08-14,POLICYBZR,47,-1,-0.04171089653832524,0.13893060386180878,0.017213821,0.10628119999999998,-0.13906737858886717,2
2026-08-14,POLICYBZR,57,-1,-0.09355626793710077,0.13829077780246735,-0.19469261,0.10628119999999998,-0.3509738116943359,2
2026-08-14,POLYCAB,18,1,0.05657863468616253,0.22507540881633759,0.1136899,0.1062812,-0.04259130055541993,2
2026-08-14,POLYCAB,20,1,0.04859773140624843,0.19138866662979126,-0.0054121017,0.1062812,-0.16169330174560548,2
2026-08-14,POLYCAB,22,1,0.04315821736508434,0.1868399679660797,0.1136899,0.1062812,-0.04259130055541993,2
2026-08-14,POLYCAB,47,-1,-0.04984311816302193,0.12990517914295197,0.021594763,0.1062812,-0.13468643719787599,2
2026-08-14,POLYCAB,57,-1,-0.04407216642344426,0.11891933530569077,0.14009476,0.1062812,-0.016186442919921884,2
2026-08-14,POWERGRID,18,1,0.05303079665605551,0.13545460999011993,0.28163195,0.10628119999999998,0.12535074656372075,2
2026-08-14,POWERGRID,47,-1,-0.042263227618675986,0.09239621460437775,-0.16876459,0.10628119999999998,-0.32504579121704097,2
2026-08-14,POWERINDIA,18,1,0.07690319720447784,0.2741844654083252,-0.46406984,0.1062812,-0.6203510432922363,2
2026-08-14,POWERINDIA,19,1,0.04583791338655376,0.2683848738670349,-0.47860146,0.1062812,-0.6348826556884766,2
2026-08-14,POWERINDIA,20,1,0.07109056673431213,0.277363121509552,-0.2822876,0.1062812,-0.43856879765625,2
2026-08-14,POWERINDIA,21,1,0.0605828887897738,0.26992183923721313,-0.042283535,0.1062812,-0.19856473500366212,2
2026-08-14,POWERINDIA,22,1,0.06606867336153201,0.2701122760772705,0.5502224,0.10628120000000002,0.39394119685058593,2
2026-08-14,POWERINDIA,47,-1,-0.04138795342246411,0.2014600932598114,0.013953447,0.1062812,-0.14232775265808106,2
2026-08-14,PRESTIGE,18,1,0.05446227518666701,0.2456907331943512,0.26797056,0.10628120000000002,0.11168936198120115,2
2026-08-14,PRESTIGE,20,1,0.05616747936777481,0.24326282739639282,0.15593767,0.1062812,-0.0003435283386230559,2
2026-08-14,PRESTIGE,47,-1,-0.04255109135162964,0.15186196565628052,0.26950836,0.1062812,0.11322716181640623,2
2026-08-14,PRESTIGE,57,-1,-0.043401968186028116,0.18781723082065582,0.3136754,0.10628119999999998,0.15739420359497075,2
2026-08-14,RADICO,3,1,0.05113648082760329,0.761288046836853,0.33317804,0.1062812,0.1768968433654785,2
2026-08-14,RADICO,18,1,0.07473834767824358,0.2576511800289154,-0.0780344,0.10628119999999998,-0.23431560093994136,2
2026-08-14,RADICO,20,1,0.044293727510431764,0.2130112200975418,0.13238192,0.10628119999999998,-0.023899283953857403,2
2026-08-14,RADICO,47,-1,-0.04625428971499831,0.1827017217874527,-0.20918846,0.1062812,-0.36546966130371095,2
2026-08-14,RADICO,56,-1,-0.04342969715842681,0.16801384091377258,0.062465668,0.1062812,-0.09381553227539063,2
2026-08-14,RADICO,57,-1,-0.1932752459017165,0.16436557471752167,0.14849901,0.10628119999999998,-0.007782188006591778,2
2026-08-14,RADICO,58,-1,-0.05168084036436563,0.16137483716011047,0.14846325,0.10628119999999998,-0.007817950793457012,2
2026-08-14,RADICO,67,-1,-0.08126730196862016,0.12943299114704132,-0.18097162,0.1062812,-0.337252822467041,2
2026-08-14,RECLTD,6,1,0.0486471911393864,0.34873896837234497,-1.0441124,0.1062812,-1.2003936439239502,2
2026-08-14,RECLTD,10,1,0.0450268569187723,0.35001105070114136,-0.796926,0.1062812,-0.9532072215759277,2
2026-08-14,RECLTD,18,1,0.09603253298317238,0.29243430495262146,-0.07444024,0.1062812,-0.23072144085998536,2
2026-08-14,RECLTD,19,1,0.06774460324946785,0.2682558000087738,-0.17878413,0.1062812,-0.3350653320037842,2
2026-08-14,RECLTD,20,1,0.08096414516768846,0.27534085512161255,0.20923615,0.1062812,0.05295494501953124,2
2026-08-14,RECLTD,21,1,0.05767586824430633,0.29208773374557495,0.014877319,0.10628120000000002,-0.1414038806640625,2
2026-08-14,RECLTD,22,1,0.06295072873074438,0.264669269323349,0.11906624,0.1062812,-0.037214961596679696,2
2026-08-14,RECLTD,47,-1,-0.04501160170023252,0.1290162056684494,-0.37318468,0.10628119999999998,-0.5294658809387207,2
2026-08-14,RECLTD,56,-1,-0.047934139528711533,0.1985904723405838,0.08920431,0.10628119999999998,-0.06707688862915037,2
2026-08-14,RECLTD,57,-1,-0.217782928545193,0.1912418007850647,0.26765466,0.1062812,0.11137345736389158,2
2026-08-14,RECLTD,58,-1,-0.04875165631684391,0.19448688626289368,0.14878511,0.10628119999999998,-0.007496085711669903,2
2026-08-14,RECLTD,67,-1,-0.0834877690972983,0.18064415454864502,0.32728314,0.10628120000000002,0.17100194399719237,2
2026-08-14,RELIANCE,18,1,0.05065249137275683,0.08634916692972183,-0.24483204,0.1062812,-0.40111323887939454,2
2026-08-14,RELIANCE,20,1,0.04735076986017207,0.08532756567001343,-0.19907951,0.1062812,-0.3553607135498047,2
2026-08-14,RELIANCE,21,1,0.04648303096052658,0.09036111831665039,-0.0536561,0.1062812,-0.20993730122680665,2
2026-08-14,RELIANCE,22,1,0.04819569874208063,0.09095047414302826,0.06902218,0.1062812,-0.08725902135009767,2
2026-08-14,RELIANCE,47,-1,-0.043632150913009135,0.0622931607067585,-0.19124746,0.1062812,-0.34752866322631837,2
2026-08-14,RVNL,18,1,0.04977957200768171,0.19755344092845917,0.11045933,0.10628119999999998,-0.045821872302246075,2
2026-08-14,RVNL,20,1,0.045765081398751066,0.18294790387153625,0.17251968,0.10628119999999998,0.016238483837890644,2
2026-08-14,RVNL,22,1,0.04315516189339006,0.17497169971466064,0.101697445,0.1062812,-0.054583755084228525,2
2026-08-14,RVNL,47,-1,-0.04912648448392887,0.08389369398355484,-0.60932636,0.1062812,-0.7656075626098633,2
2026-08-14,RVNL,57,-1,-0.04283570295581467,0.15481629967689514,0.0965476,0.10628119999999998,-0.05973359639282225,2
2026-08-14,SAIL,7,1,0.04088676026238609,0.41497474908828735,-0.43581724,0.1062812,-0.5920984416687012,2
2026-08-14,SAIL,8,1,0.04838506962948726,0.3819761574268341,-3.7003875,0.1062812,-3.856668677874756,2
2026-08-14,SAIL,10,1,0.04099110965094088,0.3610956370830536,-2.4846137,0.10628119999999998,-2.6408948569976807,2
2026-08-14,SAIL,20,1,0.0830740734737237,0.8126758337020874,0.9697676,0.10628119999999998,0.8134863704956055,2
2026-08-14,SAIL,21,1,0.04651176057147437,0.827858567237854,0.5468726,0.1062812,0.390591415814209,2
2026-08-14,SAIL,22,1,0.049156659346511866,0.86031574010849,0.63055754,0.1062812,0.47427633707885747,2
2026-08-14,SAIL,47,-1,-0.045990676273722414,0.2422025054693222,-0.029540062,0.1062812,-0.1858212619506836,2
2026-08-14,SAIL,56,-1,-0.04672505837048236,0.22731296718120575,-0.2419591,0.10628119999999998,-0.39824029500122066,2
2026-08-14,SAIL,57,-1,-0.21897557075312454,0.24517205357551575,-0.10021925,0.1062812,-0.2565004497253418,2
2026-08-14,SAIL,67,-1,-0.0714285570444553,0.211656391620636,0.14138818,0.1062812,-0.014893022128295907,2
2026-08-14,SBICARD,18,1,0.05289198739965014,0.1998034566640854,0.16548634,0.10628119999999998,0.00920513575439455,2
2026-08-14,SBICARD,20,1,0.04392087465898694,0.22090771794319153,0.51282644,0.1062812,0.35654524271850585,2
2026-08-14,SBICARD,21,1,0.04525425652816926,0.22168098390102386,0.5604625,0.1062812,0.40418127482299804,2
2026-08-14,SBILIFE,6,1,0.049509396193341916,0.4204026460647583,-0.0947237,0.10628120000000002,-0.2510049014770508,2
2026-08-14,SBILIFE,18,1,0.04834206791622,0.15169602632522583,0.044596195,0.1062812,-0.11168500477905274,2
2026-08-14,SBILIFE,20,1,0.0421243303585903,0.13404321670532227,-0.16148686,0.10628119999999998,-0.3177680640899658,2
2026-08-14,SBILIFE,22,1,0.04263253191350877,0.13856501877307892,0.0,0.1062812,-0.1562812,2
2026-08-14,SBIN,12,-1,-0.04305976664105895,0.2524407207965851,0.13054013,0.1062812,-0.025741067477417,2
2026-08-14,SBIN,18,1,0.0577145726151225,0.15744104981422424,-0.16812086,0.1062812,-0.3244020610534668,2
2026-08-14,SBIN,20,1,0.05351906591503835,0.1589679718017578,-0.2150774,0.1062812,-0.37135860020751954,2
2026-08-14,SBIN,21,1,0.048685749926189556,0.15844836831092834,-0.09357333,0.10628119999999998,-0.2498545318328857,2
2026-08-14,SBIN,22,1,0.04297316534745964,0.1562814712524414,0.018692017,0.10628120000000002,-0.1375891833984375,2
2026-08-14,SBIN,47,-1,-0.04842186949084271,0.11025857925415039,0.009351969,0.10628119999999998,-0.1469292312347412,2
2026-08-14,SBIN,56,-1,-0.04844050504243547,0.11476580798625946,0.19621849,0.10628119999999998,0.039937290600585956,2
2026-08-14,SBIN,57,-1,-0.20728010561743015,0.11409872025251389,0.24285316,0.1062812,0.08657196467285154,2
2026-08-14,SBIN,58,-1,-0.05097926656804255,0.11610078066587448,0.2522111,0.1062812,0.09592989390258787,2
2026-08-14,SBIN,67,-1,-0.07861196844666471,0.109066903591156,-0.01872778,0.1062812,-0.17500897938842774,2
2026-08-14,SCHAEFFLER,18,1,0.0738061476541976,0.4049197733402252,-1.0876238,0.10628119999999998,-1.2439050346099854,2
2026-08-14,SCHAEFFLER,19,1,0.04290593181845953,0.38864704966545105,-0.9852469,0.1062812,-1.1415280967437744,2
2026-08-14,SCHAEFFLER,20,1,0.06811855364463233,0.395478755235672,-0.40528774,0.1062812,-0.5615689426147461,2
2026-08-14,SCHAEFFLER,21,1,0.07621917069713366,0.4344962239265442,-0.27146935,0.10628119999999998,-0.42775055462951656,2
2026-08-14,SCHAEFFLER,22,1,0.048506239738051155,0.44159018993377686,-0.039565563,0.1062812,-0.1958467632019043,2
2026-08-14,SCHAEFFLER,47,-1,-0.041828263481928696,0.16366127133369446,0.18290877,0.1062812,0.026627573422241202,2
2026-08-14,SHREECEM,17,1,0.04651849655071272,0.2470027506351471,-0.44471622,0.10628119999999998,-0.600997415133667,2
2026-08-14,SHREECEM,18,1,0.08153740474330075,0.24695280194282532,-0.42441487,0.1062812,-0.580696073123169,2
2026-08-14,SHREECEM,19,1,0.058517859580985265,0.25437936186790466,-0.26305318,0.1062812,-0.41933437878723145,2
2026-08-14,SHREECEM,20,1,0.06535952560639233,0.2459561973810196,-0.040525198,0.1062812,-0.1968063979827881,2
2026-08-14,SHREECEM,21,1,0.04706695208114763,0.23717930912971497,-0.040525198,0.1062812,-0.1968063979827881,2
2026-08-14,SHREECEM,22,1,0.05193392258301653,0.2361634373664856,0.16237497,0.10628119999999998,0.006093773297119159,2
2026-08-14,SHRIRAMFIN,18,1,0.05814611866471049,0.17975759506225586,-0.106322765,0.10628119999999998,-0.26260396535034175,2
2026-08-14,SHRIRAMFIN,20,1,0.05333398691166119,0.19185106456279755,-0.035446882,0.1062812,-0.1917280822479248,2
2026-08-14,SHRIRAMFIN,21,1,0.04608421294191619,0.18885181844234467,0.0,0.1062812,-0.1562812,2
2026-08-14,SHRIRAMFIN,22,1,0.049131727333479897,0.1812955141067505,0.09760857,0.1062812,-0.05867263371582032,2
2026-08-14,SHRIRAMFIN,47,-1,-0.04123753944719229,0.1460345983505249,0.035709143,0.1062812,-0.12057205731506349,2
2026-08-14,SIEMENS,18,1,0.07552390063584112,0.38351574540138245,-0.37502646,0.10628119999999998,-0.5313076644622803,2
2026-08-14,SIEMENS,19,1,0.04205658697786427,0.3755611181259155,-0.61124563,0.10628119999999998,-0.7675268321716309,2
2026-08-14,SIEMENS,20,1,0.06161812432358899,0.3861050009727478,-0.17162561,0.1062812,-0.3279068141662598,2
2026-08-14,SIEMENS,21,1,0.04738518552285338,0.3983440399169922,-0.38022995,0.1062812,-0.5365111499511719,2
2026-08-14,SIEMENS,22,1,0.07144120875599513,0.4127618372440338,0.04298687,0.1062812,-0.11329433018798829,2
2026-08-14,SJVN,18,1,0.04389680466170494,0.16994385421276093,-0.074356794,0.10628120000000002,-0.2306379943572998,2
2026-08-14,SJVN,20,1,0.042180063837205774,0.13916254043579102,-0.13375282,0.1062812,-0.29003402287597657,2
2026-08-14,SJVN,21,1,0.045040281379023966,0.13519476354122162,0.14897585,0.10628119999999998,-0.007305350848388653,2
2026-08-14,SJVN,22,1,0.04547211327736412,0.12764810025691986,0.05954504,0.1062812,-0.09673615986938477,2
2026-08-14,SJVN,47,-1,-0.04151217718391292,0.15631911158561707,-0.07445812,0.1062812,-0.23073932225341798,2
2026-08-14,SOLARINDS,3,1,0.07035975676416432,1.5365129709243774,1.4738202,0.1062812,1.3175390095031738,2
2026-08-14,SOLARINDS,4,1,0.04826797367881051,1.370423436164856,1.1657,0.10628119999999998,1.0094187588012695,2
2026-08-14,SOLARINDS,6,1,0.07798537523910465,1.2384792566299438,0.02015829,0.1062812,-0.1361229091369629,2
2026-08-14,SOLARINDS,7,1,0.06404321468637957,1.2192211151123047,-0.45728683,0.1062812,-0.6135680347167969,2
2026-08-14,SOLARINDS,8,1,0.053251923168698395,1.2342572212219238,-0.74029565,0.10628119999999998,-0.8965768485748291,2
2026-08-14,SOLARINDS,14,1,0.04617195621217489,0.6898018717765808,0.43401718,0.10628119999999998,0.2777359813964844,2
2026-08-14,SOLARINDS,16,1,0.04791185593679548,0.6499754190444946,1.2104273,0.1062812,1.0541460842407226,2
2026-08-14,SOLARINDS,17,1,0.055996380143913366,0.6382978558540344,1.7278075,0.10628120000000002,1.5715263218200684,2
2026-08-14,SOLARINDS,18,1,0.08390941263735188,0.6110259294509888,1.8987298,0.1062812,1.7424486011779785,2
2026-08-14,SOLARINDS,19,1,0.051136220806037636,0.6344482898712158,1.4523506,0.1062812,1.2960694164550781,2
2026-08-14,SOLARINDS,20,1,0.08146510523843398,0.5803325176239014,1.1147976,0.1062812,0.9585163921630859,2
2026-08-14,SOLARINDS,21,1,0.07458025201850196,0.5322776436805725,1.1761785,0.10628120000000002,1.0198972553527832,2
2026-08-14,SOLARINDS,22,1,0.05722815317697713,0.46604910492897034,1.0447025,0.10628119999999998,0.8884213299072266,2
2026-08-14,SOLARINDS,57,-1,-0.05214731699014187,0.2636241614818573,-0.19503832,0.10628119999999998,-0.35131951863403316,2
2026-08-14,SRF,18,1,0.05263537647757212,0.18861684203147888,0.3395915,0.1062812,0.18331030314331054,2
2026-08-14,SRF,47,-1,-0.04105591289291927,0.11703256517648697,0.17692447,0.1062812,0.020643267086791983,2
2026-08-14,SUNDARMFIN,3,1,0.04256671711303057,0.443731427192688,0.013375282,0.10628119999999998,-0.14290591771240232,2
2026-08-14,SUNDARMFIN,8,1,0.04233522334705498,0.30452021956443787,0.04464388,0.10628120000000002,-0.11163732106323244,2
2026-08-14,SUNDARMFIN,18,1,0.05673457786170007,0.22248652577400208,0.40162802,0.1062812,0.2453468174255371,2
2026-08-14,SUNDARMFIN,20,1,0.05442003480480955,0.2158830463886261,0.6584406,0.10628120000000002,0.5021593899047851,2
2026-08-14,SUNDARMFIN,21,1,0.05258984635351141,0.21239735186100006,0.5172491,0.1062812,0.36096790736083983,2
2026-08-14,SUNDARMFIN,22,1,0.050767164901229817,0.21890762448310852,0.47482252,0.1062812,0.3185413212097168,2
2026-08-14,SUNDARMFIN,47,-1,-0.0490986118074711,0.16280709207057953,-0.06916523,0.1062812,-0.2254464297973633,2
2026-08-14,SUNDARMFIN,56,-1,-0.04311394185015392,0.15278148651123047,0.22973418,0.1062812,0.07345298235778808,2
2026-08-14,SUNDARMFIN,57,-1,-0.20434989000873158,0.1547108292579651,0.0022232533,0.10628119999999998,-0.1540579467498779,2
2026-08-14,SUNDARMFIN,58,-1,-0.04812510476666099,0.15169045329093933,0.055783987,0.1062812,-0.10049721295471192,2
2026-08-14,SUNDARMFIN,67,-1,-0.08512217362285439,0.15448319911956787,0.74041486,0.1062812,0.5841336578643799,2
2026-08-14,SUNPHARMA,18,1,0.05113665748918501,0.17998461425304413,-0.06764531,0.1062812,-0.22392651135559083,2
2026-08-14,SUNPHARMA,20,1,0.05022556531736104,0.15293355286121368,0.046885014,0.1062812,-0.10939618641967774,2
2026-08-14,SUNPHARMA,22,1,0.042251148598576614,0.1574149876832962,0.0677228,0.10628119999999998,-0.08855840260620115,2
2026-08-14,SUNPHARMA,47,-1,-0.047288180297178434,0.08444088697433472,-0.19789934,0.10628120000000002,-0.35418054158325196,2
2026-08-14,SUNPHARMA,56,-1,-0.04755266789287796,0.0768570825457573,0.06238222,0.1062812,-0.09389897877807618,2
2026-08-14,SUNPHARMA,57,-1,-0.1933496685880505,0.07652566581964493,0.046795607,0.1062812,-0.10948559338684083,2
2026-08-14,SUNPHARMA,58,-1,-0.05010777100517476,0.08210598677396774,0.052011013,0.1062812,-0.10427018696899415,2
2026-08-14,SUNPHARMA,67,-1,-0.0823482955974469,0.10736867040395737,-0.40055513,0.10628119999999998,-0.5568363338195801,2
2026-08-14,SUPREMEIND,18,1,0.06252489917365256,0.24730344116687775,-0.02284646,0.10628119999999998,-0.17912766034240718,2
2026-08-14,SUPREMEIND,20,1,0.04307967669889865,0.23673419654369354,-0.15714169,0.1062812,-0.31342288548583985,2
2026-08-14,SUPREMEIND,47,-1,-0.04148598762026065,0.14812114834785461,-0.15147924,0.1062812,-0.30776044423217774,2
2026-08-14,SUPREMEIND,57,-1,-0.045356817540549994,0.28404513001441956,-0.45807362,0.1062812,-0.614354816027832,2
2026-08-14,SUPREMEIND,66,1,0.056497973540322065,0.4589111804962158,-0.31654835,0.1062812,-0.47282954747314454,2
2026-08-14,SUZLON,12,-1,-0.04187570858085364,0.24634996056556702,0.12725592,0.1062812,-0.029025283404541025,2
2026-08-14,SUZLON,18,1,0.04608896026864828,0.17732253670692444,0.042438507,0.1062812,-0.11384269291992188,2
2026-08-14,SUZLON,20,1,0.04370354763261691,0.17136923968791962,0.10616779,0.10628120000000002,-0.05011340672607424,2
2026-08-14,SUZLON,47,-1,-0.050003963755242006,0.12083427608013153,-0.021147728,0.1062812,-0.1774289279663086,2
2026-08-14,SUZLON,56,-1,-0.048419552561578066,0.10865917056798935,0.06341934,0.1062812,-0.09286185795898438,2
2026-08-14,SUZLON,57,-1,-0.22022128519992157,0.1070818156003952,0.10557175,0.1062812,-0.050709453173828134,2
2026-08-14,SUZLON,58,-1,-0.051195427331499094,0.10255738347768784,0.10557175,0.1062812,-0.050709453173828134,2
2026-08-14,SUZLON,67,-1,-0.08499279431699684,0.11469825357198715,0.4649222,0.10628119999999998,0.30864098971252446,2
2026-08-14,TATACOMM,18,1,0.07727830753603787,0.31078964471817017,0.64139366,0.1062812,0.4851124614990235,2
2026-08-14,TATACOMM,20,1,0.05495792341366908,0.34368687868118286,-0.30623078,0.1062812,-0.4625119834625244,2
2026-08-14,TATACOMM,21,1,0.044012569809997265,0.35831794142723083,-0.25536418,0.10628119999999998,-0.411645379611206,2
2026-08-14,TATACOMM,22,1,0.0558074688541201,0.31981661915779114,0.11951923,0.1062812,-0.03676196629638673,2
2026-08-14,TATACOMM,47,-1,-0.04758253007374656,0.24115289747714996,0.40137768,0.1062812,0.24509647791748046,2
2026-08-14,TATACONSUM,18,1,0.04353321774596126,0.14153258502483368,-0.5502045,0.10628119999999998,-0.7064857154571533,2
2026-08-14,TATACONSUM,20,1,0.05208288769440215,0.1607046127319336,0.018441677,0.1062812,-0.13783952290649415,2
2026-08-14,TATACONSUM,21,1,0.04345047680228786,0.17235368490219116,-0.009202957,0.10628119999999998,-0.1654841571533203,2
2026-08-14,TATACONSUM,22,1,0.04795676000848288,0.17376507818698883,-0.13823509,0.1062812,-0.29451629216308595,2
2026-08-14,TATACONSUM,47,-1,-0.049408154026274645,0.07814671099185944,-0.02758503,0.10628119999999998,-0.18386622960205073,2
2026-08-14,TATACONSUM,57,-1,-0.04155570342488932,0.12936994433403015,0.14705658,0.1062812,-0.009224620410156259,2
2026-08-14,TATAELXSI,18,1,0.0483528389448303,0.20807206630706787,-0.16447902,0.10628119999999998,-0.3207602172576904,2
2026-08-14,TATAELXSI,20,1,0.042402029183164165,0.2022600769996643,0.35157204,0.10628119999999998,0.1952908367431641,2
2026-08-14,TATAELXSI,22,1,0.041219628139244666,0.18793952465057373,0.27154684,0.10628120000000002,0.11526564066772459,2
2026-08-14,TATAELXSI,47,-1,-0.042915517233916074,0.11261765658855438,-0.09275675,0.10628119999999998,-0.24903794819946284,2
2026-08-14,TATAINVEST,18,1,0.044991702502019164,0.19861935079097748,-0.49070716,0.1062812,-0.6469883590423584,2
2026-08-14,TATAINVEST,20,1,0.05433491370525326,0.1942446529865265,-0.3202319,0.1062812,-0.4765131145202637,2
2026-08-14,TATAINVEST,21,1,0.04143937646379798,0.19256241619586945,-0.2606511,0.1062812,-0.4169323116027832,2
2026-08-14,TATAINVEST,22,1,0.054133912416317154,0.1994064301252365,0.14193058,0.1062812,-0.014350619860839853,2
2026-08-14,TATAINVEST,47,-1,-0.047295406962432895,0.09184116870164871,-0.0074863434,0.10628119999999998,-0.16376754338378904,2
2026-08-14,TATAINVEST,56,-1,-0.046081522436368975,0.08594392985105515,0.15695095,0.1062812,0.0006697506225585848,2
2026-08-14,TATAINVEST,57,-1,-0.19501202876012202,0.08537834882736206,0.15687943,0.10628119999999998,0.0005982250488281438,2
2026-08-14,TATAINVEST,58,-1,-0.0427931863859408,0.11406878381967545,-0.18732548,0.1062812,-0.34360667760009767,2
2026-08-14,TATAINVEST,67,-1,-0.08443061852516646,0.1553032249212265,0.50830245,0.10628119999999998,0.35202125018005376,2
2026-08-14,TATAPOWER,6,1,0.040886396789910295,0.30067503452301025,1.4338255,0.1062812,1.2775442928588867,2
2026-08-14,TATAPOWER,18,1,0.07385119558734972,0.29542040824890137,1.0890722,0.10628119999999998,0.9327910274780273,2
2026-08-14,TATAPOWER,20,1,0.06055377506033571,0.29950714111328125,0.6859064,0.10628119999999998,0.5296252102172851,2
2026-08-14,TATAPOWER,21,1,0.047546488841015484,0.3030083477497101,0.5172014,0.1062812,0.3609202236450195,2
2026-08-14,TATAPOWER,22,1,0.05118449580854167,0.28601008653640747,0.80103874,0.10628120000000002,0.6447575420654297,2
2026-08-14,TATASTEEL,3,1,0.046254317733474805,0.44740810990333557,-0.2469778,0.10628119999999998,-0.40325900609130855,2
2026-08-14,TATASTEEL,6,1,0.0529941742194533,0.3569052815437317,-0.0495255,0.10628119999999998,-0.20580669934387202,2
2026-08-14,TATASTEEL,8,1,0.04228321288004715,0.32273343205451965,-0.7371545,0.10628119999999998,-0.893435683795166,2
2026-08-14,TATASTEEL,18,1,0.0649703276670004,0.248436838388443,0.31417608,0.1062812,0.15789488261108398,2
2026-08-14,TATASTEEL,20,1,0.047015891196854634,0.23475351929664612,0.2532363,0.10628120000000002,0.09695509379272459,2
2026-08-14,TATASTEEL,47,-1,-0.04924537563580703,0.09958010911941528,-0.05466938,0.1062812,-0.2109505801879883,2
2026-08-14,TATASTEEL,56,-1,-0.04809802401764475,0.10529939830303192,-0.09828806,0.1062812,-0.25456925923461915,2
2026-08-14,TATASTEEL,57,-1,-0.21853397897995602,0.10215143114328384,-0.19102097,0.1062812,-0.3473021655761719,2
2026-08-14,TATASTEEL,58,-1,-0.04896040102260155,0.09864252805709839,-0.14190674,0.1062812,-0.29818793828125,2
2026-08-14,TATASTEEL,67,-1,-0.0842417438822338,0.11867570877075195,0.054466724,0.10628119999999998,-0.10181447560424803,2
2026-08-14,TCS,6,1,0.04589731630257732,0.33167871832847595,0.1737237,0.10628119999999998,0.017442497662353534,2
2026-08-14,TCS,18,1,0.054024401432481876,0.18008248507976532,-0.80372095,0.1062812,-0.9600021510803223,2
2026-08-14,TCS,21,1,0.06039417723756313,0.26875969767570496,0.12797117,0.10628119999999998,-0.02831002766723631,2
2026-08-14,TCS,22,1,0.07284511145082324,0.27503082156181335,0.34188032,0.1062812,0.18559912150268554,2
2026-08-14,TECHM,18,1,0.055370349752349945,0.1459428369998932,-0.3938496,0.1062812,-0.5501308112823486,2
2026-08-14,TECHM,20,1,0.04525775349313489,0.1457635760307312,0.012362003,0.1062812,-0.143919196673584,2
2026-08-14,TECHM,22,1,0.04800655888008413,0.16752079129219055,0.10519028,0.1062812,-0.051090922900390634,2
2026-08-14,TECHM,47,-1,-0.04149426856173685,0.205265074968338,-0.49943924,0.10628119999999998,-0.6557204395019531,2
2026-08-14,THERMAX,6,1,0.05074477814872261,0.46719738841056824,0.64047575,0.1062812,0.48419454996948247,2
2026-08-14,THERMAX,7,1,0.049356111939200434,0.4570527970790863,0.959146,0.10628120000000002,0.8028648227966309,2
2026-08-14,THERMAX,8,1,0.041000387083091915,0.42275625467300415,0.8542776,0.10628119999999998,0.6979964107788086,2
2026-08-14,THERMAX,18,1,0.07821627158846522,0.2945541739463806,-0.22405386,0.1062812,-0.38033505971069337,2
2026-08-14,THERMAX,19,1,0.04613307085271661,0.30813923478126526,-0.11102557,0.1062812,-0.2673067718231201,2
2026-08-14,THERMAX,20,1,0.061082572206083756,0.315268874168396,-0.27958155,0.10628119999999998,-0.4358627467834472,2
2026-08-14,THERMAX,21,1,0.06143472115421931,0.30666548013687134,-0.15134811,0.1062812,-0.3076293140136719,2
2026-08-14,THERMAX,22,1,0.05695324595568654,0.30971214175224304,-0.15389323,0.1062812,-0.31017443234558106,2
2026-08-14,THERMAX,47,-1,-0.04220751851948431,0.18844810128211975,-0.19356012,0.10628119999999998,-0.34984132344360347,2
2026-08-14,THERMAX,57,-1,-0.05470758300236815,0.14916731417179108,-0.8573532,0.1062812,-1.0136344104492188,2
2026-08-14,TIINDIA,18,1,0.04921760569998089,0.22709904611110687,-0.11963844,0.1062812,-0.27591964299316407,2
2026-08-14,TIINDIA,20,1,0.05259617018638968,0.2391427755355835,0.18539429,0.1062812,0.02911308710937499,2
2026-08-14,TIINDIA,21,1,0.0414715161485814,0.22997134923934937,0.07623434,0.1062812,-0.0800468593322754,2
2026-08-14,TIINDIA,47,-1,-0.049122486638178225,0.16243237257003784,-0.04352331,0.1062812,-0.19980451161499024,2
2026-08-14,TIINDIA,56,-1,-0.04856648627739722,0.14084327220916748,1.7022789,0.10628119999999998,1.5459976524627685,2
2026-08-14,TIINDIA,57,-1,-0.22022128519992157,0.13974732160568237,1.5401363,0.1062812,1.3838551372802734,2
2026-08-14,TIINDIA,58,-1,-0.051464679600909086,0.1555546224117279,1.5951693,0.10628119999999998,1.4388881058013916,2
2026-08-14,TIINDIA,60,-1,-0.050597339292582914,0.3051111698150635,-1.5422702,0.10628119999999998,-1.6985513835632324,2
2026-08-14,TIINDIA,61,-1,-0.04195948321954094,0.3815077543258667,-2.0976424,0.1062812,-2.253923621722412,2
2026-08-14,TIINDIA,66,1,0.07422468078915838,0.6601588129997253,0.14243126,0.10628119999999998,-0.013849940844726544,2
2026-08-14,TITAN,18,1,0.04713456271973236,0.17287582159042358,0.04527569,0.10628119999999998,-0.11100551182861326,2
2026-08-14,TITAN,20,1,0.042180063837205774,0.170508474111557,0.0019669533,0.1062812,-0.15431424672241212,2
2026-08-14,TITAN,22,1,0.04900964343124996,0.17195327579975128,0.041389465,0.1062812,-0.11489173466796876,2
2026-08-14,TMCV,16,1,0.04367051965059769,0.3270967900753021,0.5988002,0.1062812,0.4425189823425293,2
2026-08-14,TMCV,18,1,0.05713603560775178,0.31578513979911804,0.22993088,0.1062812,0.07364967768554687,2
2026-08-14,TMCV,20,1,0.0539850575896666,0.2908759117126465,0.34450293,0.1062812,0.18822172587280273,2
2026-08-14,TMCV,21,1,0.04084638207769796,0.28869879245758057,0.37593842,0.10628119999999998,0.2196572155273438,2
2026-08-14,TMCV,22,1,0.06084706277387288,0.2911495268344879,0.37617683,0.1062812,0.2198956341064453,2
2026-08-14,TMCV,47,-1,-0.04296195267559298,0.17558278143405914,0.7636845,0.10628119999999998,0.6074033111846924,2
2026-08-14,TORNTPHARM,18,1,0.054125138444253346,0.20264458656311035,-0.1327455,0.1062812,-0.28902670437927247,2
2026-08-14,TORNTPHARM,20,1,0.054297059938266064,0.19293168187141418,0.10231733,0.1062812,-0.05396386677856446,2
2026-08-14,TORNTPHARM,21,1,0.04105608889455454,0.1898142695426941,-0.010222197,0.10628119999999998,-0.16650339657897947,2
2026-08-14,TORNTPHARM,47,-1,-0.0487379557888585,0.0986582487821579,0.081801414,0.10628119999999998,-0.07447978551025389,2
2026-08-14,TORNTPHARM,56,-1,-0.04562800444476062,0.08922172337770462,0.5119264,0.1062812,0.35564521258239745,2
2026-08-14,TORNTPHARM,57,-1,-0.19056599976973432,0.0878400132060051,0.43036938,0.1062812,0.27408817713623046,2
2026-08-14,TORNTPHARM,58,-1,-0.04744773861516917,0.09895184636116028,0.35923123,0.10628119999999998,0.2029500335968018,2
2026-08-14,TORNTPHARM,67,-1,-0.07509114967220677,0.1605301946401596,0.35051703,0.1062812,0.19423583453063964,2
2026-08-14,TORNTPOWER,18,1,0.05303079665605551,0.16391931474208832,0.33192635,0.10628119999999998,0.17564514582519536,2
2026-08-14,TORNTPOWER,20,1,0.04392087465898694,0.16615217924118042,0.27925968,0.1062812,0.12297848170166013,2
2026-08-14,TORNTPOWER,22,1,0.041878246060631355,0.17095571756362915,0.27167797,0.10628120000000002,0.11539677088623045,2
2026-08-14,TRENT,8,1,0.04946986468342582,0.5022147297859192,-0.63145757,0.1062812,-0.7877387672149658,2
2026-08-14,TRENT,18,1,0.08129613052793176,0.2687230706214905,0.46100616,0.1062812,0.30472496455078124,2
2026-08-14,TRENT,20,1,0.06345659673253025,0.2601667046546936,0.4443884,0.1062812,0.28810718958740233,2
2026-08-14,TRENT,21,1,0.05282328776778265,0.2876739203929901,-0.11650324,0.10628119999999998,-0.27278443867797847,2
2026-08-14,TRENT,22,1,0.05869473995734883,0.27787306904792786,0.043284893,0.10628119999999998,-0.11299630696411131,2
2026-08-14,TRENT,47,-1,-0.042573589662370945,0.19655902683734894,-0.25013685,0.10628119999999998,-0.40641805226440425,2
2026-08-14,TRENT,56,-1,-0.04494739682426521,0.16705137491226196,0.16633272,0.1062812,0.010051521710205069,2
2026-08-14,TRENT,57,-1,-0.2151290561251772,0.15973250567913055,0.089854,0.10628120000000002,-0.06642719800109866,2
2026-08-14,TRENT,58,-1,-0.04381494255008548,0.1712689995765686,-0.070011616,0.1062812,-0.22629281575317384,2
2026-08-14,TRENT,67,-1,-0.06773426834534586,0.15443149209022522,0.7961571,0.10628119999999998,0.6398759216583252,2
2026-08-14,TVSMOTOR,18,1,0.046771945034817915,0.2236357480287552,0.13184547,0.1062812,-0.024435725756835946,2
2026-08-14,TVSMOTOR,20,1,0.049288804267105336,0.2240804135799408,0.1920104,0.1062812,0.03572920267944335,2
2026-08-14,TVSMOTOR,47,-1,-0.048107456327628764,0.13768133521080017,0.043857098,0.1062812,-0.11242410237426759,2
2026-08-14,TVSMOTOR,56,-1,-0.04485843278457471,0.1284920573234558,0.09928942,0.1062812,-0.056991782733154306,2
2026-08-14,TVSMOTOR,57,-1,-0.2032676317466385,0.1270274668931961,-0.02310276,0.10628120000000002,-0.17938396031494142,2
2026-08-14,TVSMOTOR,58,-1,-0.0443785241639727,0.15106870234012604,-0.26640892,0.1062812,-0.42269012028808595,2
2026-08-14,TVSMOTOR,67,-1,-0.07318123512051004,0.19964511692523956,0.34475327,0.1062812,0.18847206538085937,2
2026-08-14,UBL,6,1,0.05046888137255749,0.2795845866203308,-0.20932555,0.10628119999999998,-0.3656067519866943,2
2026-08-14,UBL,18,1,0.052319250063339026,0.16049101948738098,0.10153055,0.1062812,-0.05475064808959962,2
2026-08-14,UBL,20,1,0.04151743159158161,0.16479890048503876,0.40630102,0.1062812,0.2500198215759277,2
2026-08-14,UBL,47,-1,-0.041588794898613536,0.10005687177181244,0.03629923,0.1062812,-0.11998197133178712,2
2026-08-14,ULTRACEMCO,18,1,0.05782636537986745,0.13347111642360687,0.06892681,0.1062812,-0.08735438878173829,2
2026-08-14,ULTRACEMCO,20,1,0.043087188210684677,0.15130826830863953,0.043058395,0.1062812,-0.11322280461425782,2
2026-08-14,ULTRACEMCO,47,-1,-0.04796492261380682,0.0863758847117424,0.034302473,0.1062812,-0.1219787269317627,2
2026-08-14,ULTRACEMCO,56,-1,-0.0481388552100891,0.09987867623567581,0.042897463,0.10628119999999998,-0.11338373715515135,2
2026-08-14,ULTRACEMCO,57,-1,-0.217782928545193,0.09499295055866241,0.05147457,0.1062812,-0.10480662877197267,2
2026-08-14,ULTRACEMCO,58,-1,-0.047239982078563836,0.09380748122930527,-0.08584261,0.1062812,-0.2421238094055176,2
2026-08-14,ULTRACEMCO,67,-1,-0.07703629775912216,0.10855033248662949,0.24040341,0.10628119999999998,0.08412221377258304,2
2026-08-14,UNIONBANK,18,1,0.06944178521538004,0.32611632347106934,0.053453445,0.10628119999999998,-0.10282775456542967,2
2026-08-14,UNIONBANK,20,1,0.06084277436532718,0.2942282557487488,0.30485392,0.10628119999999998,0.14857271616821294,2
2026-08-14,UNIONBANK,21,1,0.044502892474482074,0.2953113615512848,0.315547,0.10628119999999998,0.15926578944091802,2
2026-08-14,UNIONBANK,22,1,0.046692426234601264,0.287683367729187,0.37386417,0.10628119999999998,0.2175829738891602,2
2026-08-14,UNIONBANK,47,-1,-0.0411295384250117,0.16111484169960022,-0.101566315,0.10628119999999998,-0.2578475146972656,2
2026-08-14,UNITDSPR,12,-1,-0.04321986861706022,0.23200872540473938,-0.34236908,0.10628119999999998,-0.4986502795898437,2
2026-08-14,UNITDSPR,18,1,0.044991702502019164,0.16452078521251678,0.3942132,0.10628120000000002,0.2379319996154785,2
2026-08-14,UNITDSPR,20,1,0.048299043880087246,0.1745132952928543,0.6767392,0.10628120000000002,0.5204580158508301,2
2026-08-14,UNITDSPR,22,1,0.046512050842153596,0.16473756730556488,1.1043906,0.10628119999999998,0.9481094211853027,2
2026-08-14,UNITDSPR,47,-1,-0.041654594961763505,0.16462008655071259,-0.12369156,0.10628119999999998,-0.2799727588378906,2
2026-08-14,UNITDSPR,56,-1,-0.04449206625527713,0.16938242316246033,-0.038981438,0.10628119999999998,-0.19526263768310542,2
2026-08-14,UNITDSPR,57,-1,-0.19473881241174162,0.17300578951835632,0.08441806,0.1062812,-0.07186314160461427,2
2026-08-14,UNITDSPR,58,-1,-0.04361390404370527,0.18181851506233215,0.10385513,0.1062812,-0.052426066943359384,2
2026-08-14,UNITDSPR,67,-1,-0.0724962982897383,0.12160063534975052,0.19493103,0.10628119999999998,0.03864983027343752,2
2026-08-14,UNOMINDA,18,1,0.05332353344923813,0.1877870410680771,0.2111435,0.1062812,0.05486229365234374,2
2026-08-14,UPL,12,-1,-0.04288239416662284,0.18977496027946472,1.1318445,0.1062812,0.9755633205688476,2
2026-08-14,UPL,18,1,0.059916498161164816,0.21778857707977295,-0.035756826,0.1062812,-0.19203802640075684,2
2026-08-14,UPL,20,1,0.044852649905021906,0.20957927405834198,0.22370815,0.1062812,0.06742695277099608,2
2026-08-14,UPL,47,-1,-0.04263501164087538,0.1484919637441635,0.017851591,0.1062812,-0.13842960888977052,2
2026-08-14,UPL,56,-1,-0.04755414604156277,0.16301926970481873,0.026744604,0.1062812,-0.12953659588928224,2
2026-08-14,UPL,57,-1,-0.2174110549822231,0.15986305475234985,0.044566393,0.1062812,-0.11171480710144044,2
2026-08-14,UPL,58,-1,-0.048514802164175704,0.1592121124267578,-0.044596195,0.1062812,-0.20087739522094727,2
2026-08-14,UPL,67,-1,-0.08398916701523233,0.1514352560043335,-0.24929047,0.1062812,-0.40557166630859376,2
2026-08-14,VBL,18,1,0.045526146954724234,0.13981685042381287,-0.26330948,0.10628119999999995,-0.4195906787597656,2
2026-08-14,VBL,20,1,0.05080849926476174,0.14413650333881378,-0.12612343,0.10628119999999998,-0.2824046283447265,2
2026-08-14,VBL,21,1,0.044459263877867784,0.1384355127811432,-0.2752304,0.10628119999999998,-0.4315116077148437,2
2026-08-14,VBL,22,1,0.04704649529485867,0.13429364562034607,-0.3439188,0.10628119999999998,-0.5002000003540039,2
2026-08-14,VBL,47,-1,-0.04515877955490948,0.14081571996212006,-0.06918907,0.1062812,-0.22547027165527345,2
2026-08-14,VBL,56,-1,-0.043278952710133586,0.13184784352779388,-0.10383129,0.1062812,-0.2601124911987305,2
2026-08-14,VBL,57,-1,-0.1789395494112498,0.1268598586320877,0.023061037,0.1062812,-0.13322016293640138,2
2026-08-14,VBL,58,-1,-0.05046507028594769,0.12606535851955414,-0.0,0.1062812,-0.1562812,2
2026-08-14,VBL,67,-1,-0.08443061852516646,0.16297359764575958,-0.27662516,0.1062812,-0.4329063564025879,2
2026-08-14,VEDL,8,1,0.044391183915517524,0.4294932186603546,-0.4274249,0.10628119999999998,-0.5837061076843262,2
2026-08-14,VEDL,17,1,0.04406066370876548,0.3330644965171814,0.28090477,0.10628119999999998,0.12462356989746097,2
2026-08-14,VEDL,18,1,0.08546016328966467,0.31351643800735474,0.35500526,0.10628120000000002,0.19872406428222655,2
2026-08-14,VEDL,19,1,0.045166074746036004,0.32601097226142883,0.48617125,0.1062812,0.32989004557495116,2
2026-08-14,VEDL,20,1,0.06484812242873847,0.32497912645339966,0.5429745,0.10628119999999998,0.3866932720458985,2
2026-08-14,VEDL,21,1,0.055262179008812196,0.3307996392250061,0.280118,0.1062812,0.12383678858642576,2
2026-08-14,VEDL,22,1,0.054487896476962144,0.3175194263458252,0.72829723,0.1062812,0.572016033581543,2
2026-08-14,VEDL,47,-1,-0.04558507008189249,0.22783726453781128,0.13056397,0.10628119999999998,-0.025717225619506817,2
2026-08-14,VEDL,56,-1,-0.0445164277898494,0.18656635284423828,-0.22388697,0.1062812,-0.3801681667053223,2
2026-08-14,VEDL,57,-1,-0.21786378074253987,0.18390175700187683,-0.20521879,0.1062812,-0.36149999196166993,2
2026-08-14,VEDL,58,-1,-0.05135931182043231,0.1798369437456131,-0.14916658,0.1062812,-0.3054477840148926,2
2026-08-14,VEDL,67,-1,-0.08512217362285439,0.17007030546665192,0.50213933,0.10628119999999998,0.34585812991027837,2
2026-08-14,VOLTAS,18,1,0.05459257010804513,0.4401121437549591,0.3272295,0.1062812,0.17094829981689452,2
2026-08-14,VOLTAS,20,1,0.05751263650253486,0.43035757541656494,0.3889203,0.1062812,0.23263910715942382,2
2026-08-14,VOLTAS,22,1,0.04353784151798725,0.4137554168701172,0.0151872635,0.10628119999999998,-0.14109393651123045,2
2026-08-14,VOLTAS,63,1,0.04433946385785072,0.3475271761417389,-0.66912174,0.1062812,-0.8254029422485352,2
2026-08-14,VOLTAS,64,1,0.041572280417143864,0.33877822756767273,-0.46679378,0.1062812,-0.6230749755584717,2
2026-08-14,VOLTAS,66,1,0.04376169641683967,0.30833664536476135,-0.4443109,0.1062812,-0.6005921035491943,2
2026-08-14,VOLTAS,67,1,0.04908899274804549,0.32111823558807373,-0.25681853,0.10628119999999998,-0.41309973294372554,2
2026-08-14,WIPRO,18,1,0.05190653696952658,0.2099820226430893,-0.16846657,0.10628119999999998,-0.324747767993164,2
2026-08-14,WIPRO,20,1,0.04092857266265957,0.18558035790920258,0.22387505,0.1062812,0.06759384577636718,2
2026-08-14,WIPRO,22,1,0.044665101750406756,0.17418815195560455,0.218153,0.1062812,0.06187179987792968,2
2026-08-14,YESBANK,18,1,0.056504334004432506,0.13122884929180145,-0.04374385,0.1062812,-0.2000250488006592,2
2026-08-14,YESBANK,20,1,0.04826316425478329,0.1313437670469284,0.0,0.10628119999999998,-0.15628119999999998,2
2026-08-14,YESBANK,21,1,0.04267902134506903,0.1314018964767456,0.0,0.10628119999999998,-0.15628119999999998,2
2026-08-14,YESBANK,22,1,0.04988049199572123,0.1220695972442627,0.0,0.10628119999999998,-0.15628119999999998,2
2026-08-14,YESBANK,47,-1,-0.04987164498252278,0.12223386764526367,0.04389882,0.1062812,-0.11238237912292481,2
2026-08-14,YESBANK,57,-1,-0.04358675339057773,0.1128835529088974,-0.04390478,0.1062812,-0.20018598134155274,2
2026-08-14,ZYDUSLIFE,18,1,0.07372872098721897,0.29967576265335083,-0.43177605,0.1062812,-0.5880572467529297,2
2026-08-14,ZYDUSLIFE,19,1,0.046502959441064286,0.30623847246170044,-0.4149437,0.1062812,-0.5712248950683594,2
2026-08-14,ZYDUSLIFE,20,1,0.06719744971379801,0.3099685609340668,-0.19926429,0.10628119999999998,-0.35554548794860835,2
2026-08-14,ZYDUSLIFE,21,1,0.05553534880771429,0.2922144830226898,-0.42397976,0.10628119999999998,-0.5802609592163086,2
2026-08-14,ZYDUSLIFE,22,1,0.05492839899573136,0.2658109962940216,-0.2942741,0.10628119999999998,-0.450555291720581,2
2026-08-17,360ONE,4,1,0.07206133583336051,0.8424288630485535,-0.3440857,0.1062812,-0.500366893359375,2
2026-08-17,360ONE,5,1,0.057959910647405584,0.7741600871086121,-0.9101033,0.1062812,-1.0663845210754395,2
2026-08-17,360ONE,12,1,0.04359022918501099,0.52521812915802,-0.043326616,0.1062812,-0.19960781628723145,2
2026-08-17,360ONE,14,1,0.06592765950540275,0.3704712986946106,-0.12986064,0.1062812,-0.28614183957214356,2
2026-08-17,360ONE,17,1,0.05603402359870349,0.36306098103523254,0.13012886,0.1062812,-0.026152339526367196,2
2026-08-17,360ONE,18,1,0.05157370023989333,0.31107211112976074,0.09539127,0.1062812,-0.06088992650146485,2
2026-08-17,360ONE,19,1,0.0538127540035588,0.3089723587036133,0.13870001,0.1062812,-0.017581191607666025,2
2026-08-17,360ONE,20,1,0.07177850183029941,0.31857606768608093,-0.017309189,0.1062812,-0.17359038884277345,2
2026-08-17,360ONE,21,1,0.054403218084491604,0.3194996118545532,-0.11262894,0.10628119999999998,-0.2689101367675781,2
2026-08-17,360ONE,39,-1,-0.08789188715521078,0.271962970495224,0.085902214,0.1062812,-0.07037898594970704,2
2026-08-17,360ONE,50,-1,-0.04718300593319943,0.36287569999694824,0.24767518,0.10628119999999998,0.0913939804351807,2
2026-08-17,3MINDIA,4,1,0.05878782376946436,0.5211166739463806,0.788188,0.10628119999999998,0.6319067806518555,2
2026-08-17,3MINDIA,5,1,0.042100283627057034,0.4510955214500427,0.7160187,0.1062812,0.5597374767578125,2
2026-08-17,3MINDIA,13,1,0.04656363788307791,0.3162176012992859,-0.19928813,0.1062812,-0.35556932980651856,2
2026-08-17,3MINDIA,39,-1,-0.08755078644739923,0.11238940060138702,-0.3008604,0.10628119999999998,-0.45714160496826167,2
2026-08-17,3MINDIA,50,-1,-0.055401310224109004,0.2189616709947586,-0.114536285,0.1062812,-0.27081748540039063,2
2026-08-17,3MINDIA,52,-1,-0.049224619404705613,0.1902035027742386,0.10007024,0.10628119999999998,-0.05621096188659666,2
2026-08-17,ABB,4,1,0.05265989733373687,0.4753885865211487,0.03886223,0.1062812,-0.11741897160644532,2
2026-08-17,ABB,39,-1,-0.09384504833495369,0.1406220942735672,-0.1760006,0.1062812,-0.33228179509277345,2
2026-08-17,ABB,50,-1,-0.06157949989258465,0.13092529773712158,0.058496,0.1062812,-0.09778520161743165,2
2026-08-17,ABB,51,-1,-0.04089446489265139,0.12541106343269348,-0.0390172,0.1062812,-0.1952984004699707,2
2026-08-17,ABB,52,-1,-0.04690639766288953,0.12404181063175201,-0.006508827,0.1062812,-0.16279002720947267,2
2026-08-17,ABBOTINDIA,4,1,0.08131415905375694,0.553892195224762,-0.2057612,0.1062812,-0.362042394229126,2
2026-08-17,ABBOTINDIA,5,1,0.059259490831415546,0.4833177328109741,-0.20560622,0.10628119999999998,-0.3618874221527099,2
2026-08-17,ABBOTINDIA,12,1,0.044130809445664665,0.31553012132644653,0.07497072,0.10628119999999998,-0.08131047780151365,2
2026-08-17,ABBOTINDIA,13,1,0.054426100757867565,0.3027542531490326,0.0187397,0.1062812,-0.1375414996826172,2
2026-08-17,ABBOTINDIA,14,1,0.05712799556951323,0.19547462463378906,0.0,0.1062812,-0.1562812,2
2026-08-17,ABBOTINDIA,15,1,0.04466326262420749,0.17555615305900574,-0.09363294,0.10628119999999998,-0.2499141364776611,2
2026-08-17,ABBOTINDIA,39,-1,-0.098757292201815,0.10413885116577148,-0.5794406,0.10628119999999998,-0.7357217937194824,2
2026-08-17,ABBOTINDIA,50,-1,-0.05398666892723087,0.11727079004049301,0.09326339,0.1062812,-0.0630178123199463,2
2026-08-17,ABCAPITAL,4,1,0.062277143444629236,0.4734947979450226,-0.13853312,0.1062812,-0.2948143153869629,2
2026-08-17,ABCAPITAL,5,1,0.05414313718720882,0.44551074504852295,-0.15132427,0.10628119999999998,-0.30760547215576167,2
2026-08-17,ABCAPITAL,14,1,0.057462012062462695,0.2220861315727234,0.2527833,0.1062812,0.09650209849243162,2
2026-08-17,ABCAPITAL,39,-1,-0.11480902767580865,0.17139355838298798,-0.2891302,0.1062812,-0.44541141087646485,2
2026-08-17,ABCAPITAL,50,-1,-0.07739835093565017,0.13684651255607605,0.012516975,0.1062812,-0.14376422459716798,2
2026-08-17,ABCAPITAL,51,-1,-0.056397956735287115,0.1368807852268219,-0.050091743,0.1062812,-0.2063729434692383,2
2026-08-17,ABCAPITAL,52,-1,-0.06604399213904383,0.1341628134250641,0.012516975,0.1062812,-0.14376422459716798,2
2026-08-17,ABCAPITAL,53,-1,-0.04664849446365719,0.13055221736431122,-0.02503395,0.10628119999999998,-0.18131515080566402,2
2026-08-17,ACC,4,1,0.05141010267819162,0.28258851170539856,-0.35708547,0.10628120000000002,-0.5133666663848877,2
2026-08-17,ACC,14,1,0.04407509966613229,0.16961275041103363,-0.16809702,0.10628119999999998,-0.3243782191955566,2
2026-08-17,ACC,39,-1,-0.09999375566944459,0.14137259125709534,-0.22163391,0.1062812,-0.3779151111328125,2
2026-08-17,ACC,50,-1,-0.060788635283380896,0.1701459437608719,-0.038051605,0.10628119999999998,-0.19433280522460933,2
2026-08-17,ACC,52,-1,-0.048352902598154945,0.16961538791656494,-0.060927868,0.1062812,-0.2172090678894043,2
2026-08-17,ADANIENSOL,4,1,0.053580961200230155,0.4422200918197632,-0.19146204,0.10628119999999998,-0.3477432399475097,2
2026-08-17,ADANIENSOL,14,1,0.05007909754200746,0.2694076895713806,-0.3782928,0.1062812,-0.5345739989959717,2
2026-08-17,ADANIENSOL,17,1,0.046030097952800705,0.2704378664493561,0.006210804,0.10628119999999998,-0.15007039601440428,2
2026-08-17,ADANIENSOL,20,1,0.04827894079841706,0.2550545632839203,-0.22426248,0.1062812,-0.38054367596740724,2
2026-08-17,ADANIENSOL,39,-1,-0.0651499476301148,0.2809043526649475,-0.25755167,0.1062812,-0.4138328700744629,2
2026-08-17,ADANIENSOL,50,-1,-0.055617470987565545,0.18635421991348267,-0.14430285,0.10628119999999998,-0.30058404500122066,2
2026-08-17,ADANIENSOL,52,-1,-0.04571458708567962,0.18604637682437897,0.018829107,0.10628119999999998,-0.13745209271545408,2
2026-08-17,ADANIENT,4,1,0.07015743468010442,0.3445329964160919,-0.19470453,0.10628119999999998,-0.35098573262329097,2
2026-08-17,ADANIENT,5,1,0.048973492482034045,0.3119337260723114,-0.3301084,0.1062812,-0.4863896041595459,2
2026-08-17,ADANIENT,39,-1,-0.09831653205936816,0.14417991042137146,-0.2122879,0.10628119999999998,-0.3685691028320312,2
2026-08-17,ADANIENT,50,-1,-0.058307566553923995,0.1316131204366684,-0.10919571,0.1062812,-0.26547690922851563,2
2026-08-17,ADANIENT,52,-1,-0.04850739688189348,0.14154720306396484,0.08932352,0.10628119999999998,-0.06695767933959959,2
2026-08-17,ADANIGREEN,4,1,0.060782326246203014,0.37668269872665405,-0.14952421,0.1062812,-0.30580541188354493,2
2026-08-17,ADANIGREEN,5,1,0.048794015386398104,0.3416391909122467,-0.27694106,0.1062812,-0.43322226101989747,2
2026-08-17,ADANIGREEN,12,1,0.0509426521561071,0.2696331739425659,-0.3227532,0.10628119999999998,-0.47903439099426265,2
2026-08-17,ADANIGREEN,13,1,0.04905165910257149,0.26201093196868896,-0.4425347,0.1062812,-0.5988158851348877,2
2026-08-17,ADANIGREEN,14,1,0.05845612935799334,0.21981385350227356,-0.33783913,0.1062812,-0.49412032658691407,2
2026-08-17,ADANIGREEN,20,1,0.041949860873378875,0.19158236682415009,0.07531643,0.1062812,-0.08096477086181642,2
2026-08-17,ADANIGREEN,39,-1,-0.09688520077729985,0.14289015531539917,-0.5056977,0.1062812,-0.6619789272033691,2
2026-08-17,ADANIGREEN,50,-1,-0.06648315707169895,0.14322295784950256,0.045073032,0.1062812,-0.11120816762084962,2
2026-08-17,ADANIGREEN,52,-1,-0.04669023689943299,0.14007824659347534,0.18785596,0.1062812,0.031574758938598624,2
2026-08-17,ADANIPORTS,4,1,0.05713929691010513,0.377092570066452,0.07094145,0.1062812,-0.08533975178833009,2
2026-08-17,ADANIPORTS,5,1,0.043770772291792666,0.33183854818344116,-0.064992905,0.1062812,-0.22127410466308595,2
2026-08-17,ADANIPORTS,20,1,0.04276129815418043,0.16282926499843597,-0.041550398,0.1062812,-0.1978315978729248,2
2026-08-17,ADANIPORTS,39,-1,-0.09999375566944459,0.11331836879253387,-0.23766756,0.10628119999999998,-0.39394876057739253,2
2026-08-17,ADANIPORTS,50,-1,-0.055617470987565545,0.1552051305770874,-0.083088875,0.1062812,-0.23937007481689454,2
2026-08-17,ADANIPORTS,52,-1,-0.048919167828368394,0.14874710142612457,0.005930662,0.1062812,-0.15035053784484864,2
2026-08-17,ADANIPOWER,4,1,0.054708353187090004,0.32338404655456543,-0.4933834,0.10628119999999998,-0.6496646075927734,2
2026-08-17,ADANIPOWER,5,1,0.04680347884242641,0.3034605383872986,-0.54816604,0.1062812,-0.704447236605835,2
2026-08-17,ADANIPOWER,14,1,0.060758443615954345,0.21890419721603394,-0.14781356,0.1062812,-0.3040947585784912,2
2026-08-17,ADANIPOWER,39,-1,-0.09766774608738193,0.13433228433132172,-0.4491806,0.10628119999999998,-0.6054618030273438,2
2026-08-17,ADANIPOWER,50,-1,-0.05548869794613652,0.14910276234149933,-0.8419514,0.1062812,-0.9982325702392578,2
2026-08-17,ADANIPOWER,52,-1,-0.05011097840557831,0.15425589680671692,-0.3345132,0.1062812,-0.4907943874084473,2
2026-08-17,AIAENG,4,1,0.06626439458164347,0.8088818192481995,-0.41006207,0.10628119999999998,-0.5663432746612549,2
2026-08-17,AIAENG,5,1,0.05702788048740654,0.7783971428871155,-0.22711158,0.1062812,-0.3833927779876709,2
2026-08-17,AIAENG,19,1,0.049211312535782835,0.26164138317108154,-0.37187934,0.1062812,-0.5281605392181397,2
2026-08-17,AIAENG,20,1,0.0564333371855627,0.24780617654323578,-0.2903223,0.10628119999999998,-0.4466035037719726,2
2026-08-17,AIAENG,21,1,0.0411744037457438,0.24760890007019043,0.04322529,0.1062812,-0.11305591160888673,2
2026-08-17,AIAENG,39,-1,-0.11536275350242783,0.15594668686389923,-0.45348406,0.10628119999999998,-0.609765258380127,2
2026-08-17,AIAENG,50,-1,-0.06998102493819643,0.2516411244869232,0.44939518,0.10628120000000002,0.29311397974853515,2
2026-08-17,AIAENG,51,-1,-0.05330217442084498,0.25182628631591797,0.59500337,0.1062812,0.4387221664703369,2
2026-08-17,AIAENG,52,-1,-0.04131065614623149,0.2591376304626465,0.57855844,0.10628119999999998,0.4222772449768067,2
2026-08-17,AJANTPHARM,4,1,0.057258271466786845,0.8856726288795471,0.11616945,0.1062812,-0.04011174733276368,2
2026-08-17,AJANTPHARM,5,1,0.04565477167143045,0.7973376512527466,0.14053583,0.10628119999999998,-0.015745368548583966,2
2026-08-17,AJANTPHARM,20,1,0.04544911566199318,0.2791197597980499,-0.3205359,0.1062812,-0.4768170982086182,2
2026-08-17,AJANTPHARM,21,1,0.04501824469038404,0.29291847348213196,-0.043201447,0.1062812,-0.19948264653320313,2
2026-08-17,AJANTPHARM,39,-1,-0.09756548162460506,0.10279860347509384,0.010800362,0.10628119999999998,-0.1454808383666992,2
2026-08-17,AJANTPHARM,50,-1,-0.056402317560081225,0.10511812567710876,-0.00269413,0.10628119999999998,-0.15897532994384764,2
2026-08-17,AJANTPHARM,52,-1,-0.04669697193709634,0.10802588611841202,-0.09453297,0.1062812,-0.25081416661376954,2
2026-08-17,ALKEM,4,1,0.06602838647306401,1.1074074506759644,0.444448,0.1062812,0.2881667942321777,2
2026-08-17,ALKEM,5,1,0.06443631187661923,1.0539395809173584,-0.06445646,0.10628119999999998,-0.22073766286010738,2
2026-08-17,ALKEM,7,1,0.042368019240635366,0.8940821290016174,-0.6495297,0.1062812,-0.8058108955108643,2
2026-08-17,ALKEM,14,1,0.04126575098132383,0.47684818506240845,-0.018417835,0.1062812,-0.1746990352355957,2
2026-08-17,ALKEM,15,1,0.04556298937398682,0.4263213872909546,-0.14724731,0.1062812,-0.303528514453125,2
2026-08-17,ALKEM,19,1,0.051326551602600134,0.32853588461875916,-0.009214878,0.10628119999999998,-0.16549607808227537,2
2026-08-17,ALKEM,20,1,0.06795158309590729,0.3130466938018799,-0.33143163,0.1062812,-0.4877128272735596,2
2026-08-17,ALKEM,21,1,0.04731393951331462,0.29739972949028015,-0.276345,0.10628119999999998,-0.4326262145721435,2
2026-08-17,ALKEM,39,-1,-0.1177425843784504,0.18437835574150085,0.073474646,0.10628119999999998,-0.08280655438537596,2
2026-08-17,ALKEM,50,-1,-0.08037359172210272,0.1370222270488739,0.22028685,0.10628119999999998,0.06400564616088869,2
2026-08-17,ALKEM,51,-1,-0.055696045006873834,0.13310079276561737,0.17443895,0.1062812,0.018157753399658194,2
2026-08-17,ALKEM,52,-1,-0.06871111533437271,0.14086537063121796,0.29352307,0.1062812,0.13724187319641112,2
2026-08-17,ALKEM,53,-1,-0.04996130031327236,0.13886159658432007,0.24755001,0.1062812,0.09126881068115232,2
2026-08-17,AMBUJACEM,4,1,0.05544491369504237,0.3183012008666992,-0.27737617,0.1062812,-0.4336573749267578,2
2026-08-17,AMBUJACEM,5,1,0.047619126871854336,0.2876322865486145,-0.27757287,0.1062812,-0.4338540702545166,2
2026-08-17,AMBUJACEM,14,1,0.04298238061782731,0.17294947803020477,-0.12103319,0.10628119999999998,-0.27731439168090816,2
2026-08-17,AMBUJACEM,20,1,0.042086094226359325,0.18537041544914246,-0.582248,0.10628119999999998,-0.7385291724884033,2
2026-08-17,AMBUJACEM,39,-1,-0.11069499050818488,0.21789035201072693,-0.10894537,0.1062812,-0.265226569720459,2
2026-08-17,AMBUJACEM,50,-1,-0.06915760290977623,0.1782706379890442,-0.31347275,0.1062812,-0.4697539478027344,2
2026-08-17,AMBUJACEM,51,-1,-0.04253370166864623,0.17633549869060516,-0.19267797,0.1062812,-0.34895917470092774,2
2026-08-17,AMBUJACEM,52,-1,-0.050743189808912854,0.187540203332901,0.06020665,0.1062812,-0.09607454831237794,2
2026-08-17,APARINDS,4,1,0.054096123410682956,1.2110997438430786,-0.31898618,0.1062812,-0.475267377444458,2
2026-08-17,APARINDS,5,1,0.05472564368262866,1.1616524457931519,-0.7073939,0.10628119999999998,-0.8636750846588135,2
2026-08-17,APARINDS,14,1,0.04969443501045545,0.5598934888839722,0.6232977,0.10628120000000002,0.4670164913452149,2
2026-08-17,APARINDS,15,1,0.048150260218594906,0.5496838092803955,1.0066748,0.10628119999999998,0.8503935665405273,2
2026-08-17,APARINDS,19,1,0.04616074967873783,0.36936187744140625,-0.22247434,0.10628119999999998,-0.37875553662414546,2
2026-08-17,APARINDS,20,1,0.057632535122471094,0.3630504906177521,-0.37293434,0.1062812,-0.5292155414306641,2
2026-08-17,APARINDS,21,1,0.04427672373318321,0.35267534852027893,-0.48134923,0.1062812,-0.6376304298126221,2
2026-08-17,APARINDS,39,-1,-0.08568245016197078,0.21283788979053497,-0.53423643,0.1062812,-0.6905176311218262,2
2026-08-17,APLAPOLLO,4,1,0.053060050778673956,0.6646319627761841,-0.88149905,0.1062812,-1.0377802520477295,2
2026-08-17,APLAPOLLO,12,1,0.05357904440990654,0.4439570903778076,0.2892971,0.10628120000000002,0.13301590388183593,2
2026-08-17,APLAPOLLO,13,1,0.04342934190837029,0.41992372274398804,0.3520608,0.1062812,0.19577959483032226,2
2026-08-17,APLAPOLLO,14,1,0.0459696931879336,0.3576417565345764,0.54006577,0.1062812,0.38378456538085937,2
2026-08-17,APLAPOLLO,15,1,0.04122567490466789,0.31392616033554077,0.53493977,0.1062812,0.3786585659301758,2
2026-08-17,APLAPOLLO,39,-1,-0.09573241467179862,0.1311732530593872,-0.17223358,0.10628119999999998,-0.3285147815429687,2
2026-08-17,APLAPOLLO,50,-1,-0.055469708412561804,0.1311168223619461,0.066918135,0.10628119999999998,-0.08936306531066893,2
2026-08-17,APLAPOLLO,52,-1,-0.04895536713529562,0.138536736369133,0.08119345,0.10628119999999998,-0.07508775288696287,2
2026-08-17,APOLLOHOSP,4,1,0.05846195412732041,0.5030114054679871,-0.6915033,0.1062812,-0.8477844863616943,2
2026-08-17,APOLLOHOSP,5,1,0.04882975279667382,0.4879186451435089,-0.40861964,0.10628119999999998,-0.5649008422576904,2
2026-08-17,APOLLOHOSP,12,1,0.047828095578018134,0.3406889736652374,0.044965744,0.10628119999999998,-0.1113154559814453,2
2026-08-17,APOLLOHOSP,14,1,0.060140466962511484,0.2866295874118805,0.033724308,0.10628119999999998,-0.12255689198608397,2
2026-08-17,APOLLOHOSP,15,1,0.044830512526800495,0.262067973613739,0.0,0.10628119999999998,-0.15628119999999998,2
2026-08-17,APOLLOHOSP,39,-1,-0.08755078644739923,0.1395670622587204,0.04504919,0.10628119999999998,-0.11123200947875975,2
2026-08-17,APOLLOHOSP,50,-1,-0.06370936958549757,0.11272051185369492,0.09581447,0.1062812,-0.06046673352355958,2
2026-08-17,APOLLOHOSP,52,-1,-0.049625565372711775,0.10453353822231293,0.35458803,0.1062812,0.19830683176879882,2
2026-08-17,APOLLOTYRE,4,1,0.05704059638371047,0.28552088141441345,0.0113248825,0.1062812,-0.1449563174926758,2
2026-08-17,APOLLOTYRE,39,-1,-0.09929218187312154,0.15340977907180786,0.0341177,0.1062812,-0.12216350133056642,2
2026-08-17,APOLLOTYRE,50,-1,-0.05401522558235006,0.13016745448112488,0.09111762,0.10628120000000002,-0.06516357953186037,2
2026-08-17,APOLLOTYRE,52,-1,-0.04571458708567962,0.123630590736866,0.30744672,0.1062812,0.15116551821594237,2
2026-08-17,ASHOKLEY,4,1,0.07476059967147022,0.9681678414344788,-0.77164173,0.1062812,-0.927922931262207,2
2026-08-17,ASHOKLEY,5,1,0.0553187421950397,0.870676577091217,-1.228857,0.10628119999999998,-1.3851382404052734,2
2026-08-17,ASHOKLEY,12,1,0.057980532950722835,0.6040430068969727,1.2841225,0.1062812,1.1278412670410156,2
2026-08-17,ASHOKLEY,13,1,0.05582616525194265,0.5730651021003723,1.3074875,0.10628119999999998,1.1512062877929687,2
2026-08-17,ASHOKLEY,14,1,0.05768435769755436,0.3993496894836426,1.1794567,0.1062812,1.0231755108154297,2
2026-08-17,ASHOKLEY,39,-1,-0.08720585264251367,0.2229292243719101,0.15520453,0.1062812,-0.0010766654693603606,2
2026-08-17,ASHOKLEY,50,-1,-0.061024390077142374,0.1869523972272873,-1.8710375,0.1062812,-2.027318683215332,2
2026-08-17,ASHOKLEY,51,-1,-0.04815453874873008,0.23585030436515808,-0.99999905,0.1062812,-1.1562802463256836,2
2026-08-17,ASHOKLEY,52,-1,-0.054929629815730845,0.2419513463973999,-0.52438974,0.1062812,-0.6806709438049316,2
2026-08-17,ASIANPAINT,4,1,0.04884329951927598,0.31376320123672485,-0.033289194,0.1062812,-0.18957039410705567,2
2026-08-17,ASIANPAINT,14,1,0.05594430007137731,0.1623377948999405,0.13352633,0.1062812,-0.02275487477416993,2
2026-08-17,ASIANPAINT,39,-1,-0.09950834263657808,0.12182321399450302,-0.11098385,0.1062812,-0.26726504857177735,2
2026-08-17,ASIANPAINT,50,-1,-0.05957346476476914,0.1156754195690155,-0.08510351,0.1062812,-0.24138471181030274,2
2026-08-17,ASIANPAINT,52,-1,-0.04798815593707601,0.1191743016242981,-0.025892258,0.10628119999999998,-0.18217345769042964,2
2026-08-17,ASTRAL,4,1,0.057924850273969375,0.49092593789100647,0.15490055,0.10628119999999998,-0.001380649157714825,2
2026-08-17,ASTRAL,5,1,0.0454868196610033,0.4437858760356903,0.058162212,0.1062812,-0.09811898762817384,2
2026-08-17,ASTRAL,12,1,0.04783221946637912,0.3731391429901123,-0.10334253,0.10628119999999998,-0.2596237331115722,2
2026-08-17,ASTRAL,14,1,0.06351383412535702,0.31376948952674866,-0.3616631,0.1062812,-0.5179443031036377,2
2026-08-17,ASTRAL,15,1,0.04963416194954282,0.2904057800769806,-0.32305717,0.1062812,-0.4793383746826172,2
2026-08-17,ASTRAL,17,1,0.045863167210713304,0.25820404291152954,-0.36208034,0.1062812,-0.5183615356170654,2
2026-08-17,ASTRAL,20,1,0.04217241908871938,0.2258557379245758,-0.43947697,0.1062812,-0.5957581668579102,2
2026-08-17,ASTRAL,39,-1,-0.1120972852660818,0.17547982931137085,0.18140674,0.1062812,0.025125536373901358,2
2026-08-17,ASTRAL,50,-1,-0.07683160955824155,0.19816799461841583,0.07785559,0.1062812,-0.07842561299438477,2
2026-08-17,ASTRAL,51,-1,-0.051319277213733236,0.19646866619586945,0.16217828,0.10628119999999998,0.00589707796936037,2
2026-08-17,ASTRAL,52,-1,-0.06434615507448237,0.20447850227355957,0.3756523,0.1062812,0.21937111323242187,2
2026-08-17,ASTRAL,53,-1,-0.041626525354023225,0.2148340344429016,0.09094477,0.10628120000000002,-0.06533643300170901,2
2026-08-17,ATGL,4,1,0.06125732190759571,0.3896605968475342,-0.23761988,0.1062812,-0.3939010768615723,2
2026-08-17,ATGL,5,1,0.04848980430182286,0.3570060729980469,-0.1151979,0.10628119999999998,-0.2714790969573974,2
2026-08-17,ATGL,14,1,0.0455943723943914,0.19229289889335632,-0.29227734,0.1062812,-0.4485585361206055,2
2026-08-17,ATGL,20,1,0.04307524783087705,0.14704370498657227,-0.061666965,0.10628119999999998,-0.2179481654846191,2
2026-08-17,ATGL,39,-1,-0.09989028966368636,0.1301715224981308,-0.20834208,0.10628119999999998,-0.36462327534790034,2
2026-08-17,ATGL,50,-1,-0.07680023399933464,0.12647996842861176,-0.0,0.1062812,-0.1562812,2
2026-08-17,ATGL,51,-1,-0.053036883796379254,0.12092428654432297,0.092339516,0.1062812,-0.06394168431396485,2
2026-08-17,ATGL,52,-1,-0.05759455054285035,0.11939448118209839,0.16946197,0.1062812,0.013180765560913077,2
2026-08-17,ATGL,53,-1,-0.04551548785603514,0.11653569340705872,0.15390515,0.1062812,-0.002376046725463876,2
2026-08-17,AUBANK,4,1,0.05903716517727158,0.5470385551452637,-0.3397584,0.1062812,-0.49603959614868165,2
2026-08-17,AUBANK,5,1,0.047285265433213194,0.48916012048721313,-1.1097968,0.1062812,-1.2660779624664307,2
2026-08-17,AUBANK,12,1,0.044285010951989064,0.3852575123310089,0.21332502,0.10628120000000002,0.057043823651123024,2
2026-08-17,AUBANK,14,1,0.062047246607165096,0.29401353001594543,-0.32374263,0.10628119999999998,-0.48002382809753413,2
2026-08-17,AUBANK,17,1,0.04658148357531268,0.2562383711338043,-0.11125207,0.1062812,-0.2675332694732666,2
2026-08-17,AUBANK,20,1,0.055271031462554805,0.24772487580776215,-0.074225664,0.10628119999999998,-0.2305068641387939,2
2026-08-17,AUBANK,39,-1,-0.09852261021293562,0.1889493614435196,-0.27844906,0.10628120000000002,-0.43473025853271485,2
2026-08-17,AUBANK,50,-1,-0.06725272873188484,0.17126555740833282,0.22224784,0.10628119999999998,0.06596663897399904,2
2026-08-17,AUBANK,52,-1,-0.044708543980400445,0.17882059514522552,0.12982488,0.1062812,-0.02645632321472169,2
2026-08-17,AUROPHARMA,4,1,0.05281035002451003,0.6360973715782166,0.27974844,0.10628120000000002,0.12346723978881834,2
2026-08-17,AUROPHARMA,14,1,0.04476555561751788,0.29555925726890564,-0.30941367,0.1062812,-0.4656948714935303,2
2026-08-17,AUROPHARMA,39,-1,-0.09708498852140615,0.24208597838878632,0.098609924,0.1062812,-0.05767127568359376,2
2026-08-17,AUROPHARMA,50,-1,-0.06179566065604119,0.17880131304264069,0.030750036,0.1062812,-0.12553116376037599,2
2026-08-17,AUROPHARMA,51,-1,-0.0410744263491807,0.16612231731414795,-0.10458231,0.10628119999999998,-0.26086350972290034,2
2026-08-17,AUROPHARMA,52,-1,-0.04958936606578455,0.16219736635684967,-0.043058395,0.1062812,-0.1993395953857422,2
2026-08-17,AWL,4,1,0.056518622754412884,0.47250667214393616,-0.22867918,0.10628119999999998,-0.3849603801452636,2
2026-08-17,AWL,12,1,0.04959106126218419,0.30905747413635254,0.01565218,0.10628119999999998,-0.1406290202819824,2
2026-08-17,AWL,13,1,0.05391408022113032,0.29994794726371765,-0.010436773,0.1062812,-0.1667179733001709,2
2026-08-17,AWL,14,1,0.05614482968962281,0.24184617400169373,-0.13041496,0.1062812,-0.2866961627685547,2
2026-08-17,AWL,39,-1,-0.09811926870150474,0.11422234773635864,-0.06774664,0.10628119999999998,-0.22402783925170894,2
2026-08-17,AWL,50,-1,-0.06179566065604119,0.13903100788593292,-0.16088486,0.1062812,-0.3171660571777344,2
2026-08-17,AWL,51,-1,-0.04159603868897446,0.1520938128232956,0.04143715,0.1062812,-0.11484405095214845,2
2026-08-17,AWL,52,-1,-0.05011097840557831,0.14282016456127167,0.05698204,0.10628119999999998,-0.09929915959472654,2
2026-08-17,AXISBANK,4,1,0.05091478398761599,0.319002628326416,0.3618121,0.1062812,0.20553091471557616,2
2026-08-17,AXISBANK,12,1,0.04560989592958599,0.3522104322910309,-0.032889843,0.10628120000000002,-0.18917104298706056,2
2026-08-17,AXISBANK,13,1,0.050363520939728054,0.3410341739654541,0.23055077,0.1062812,0.07426956599121093,2
2026-08-17,AXISBANK,14,1,0.05838376675323614,0.3086441159248352,0.26336908,0.1062812,0.10708788340454099,2
2026-08-17,AXISBANK,15,1,0.048252237343427117,0.2915951907634735,0.22220612,0.10628119999999998,0.06592491572265627,2
2026-08-17,AXISBANK,39,-1,-0.09999375566944459,0.15609116852283478,-0.35197735,0.1062812,-0.5082585483276367,2
2026-08-17,AXISBANK,50,-1,-0.060559197188411594,0.17973418533802032,-0.08956194,0.10628119999999998,-0.2458431392395019,2
2026-08-17,AXISBANK,51,-1,-0.04159603868897446,0.1818973571062088,0.008136034,0.1062812,-0.1481451659881592,2
2026-08-17,AXISBANK,52,-1,-0.05011097840557831,0.18295586109161377,0.016266108,0.1062812,-0.1400150924407959,2
2026-08-17,BAJAJ-AUTO,4,1,0.05299524624741921,0.28031793236732483,-0.008547306,0.10628119999999998,-0.164828506060791,2
2026-08-17,BAJAJ-AUTO,14,1,0.05920236128424005,0.1627269685268402,-0.05993247,0.1062812,-0.21621367032165528,2
2026-08-17,BAJAJ-AUTO,39,-1,-0.09263684667662954,0.18905775249004364,-0.02553463,0.1062812,-0.18181582982177735,2
2026-08-17,BAJAJ-AUTO,50,-1,-0.05869045333612218,0.11805369704961777,0.20437837,0.10628119999999998,0.04809716647033693,2
2026-08-17,BAJAJ-AUTO,52,-1,-0.04571458708567962,0.09985752403736115,0.09377003,0.1062812,-0.06251117283935548,2
2026-08-17,BAJAJFINSV,4,1,0.059205315797139405,0.260775089263916,0.009953976,0.10628120000000002,-0.14632722432250977,2
2026-08-17,BAJAJFINSV,20,1,0.04139269470635623,0.1422058492898941,-0.02977252,0.10628119999999998,-0.18605372006530757,2
2026-08-17,BAJAJFINSV,39,-1,-0.09617091247335155,0.13118933141231537,-0.2523899,0.1062812,-0.40867110783691407,2
2026-08-17,BAJAJFINSV,50,-1,-0.06200555095470157,0.12852486968040466,-0.03964901,0.1062812,-0.19593020970458985,2
2026-08-17,BAJAJFINSV,52,-1,-0.04515716446044615,0.15233749151229858,-0.079357624,0.1062812,-0.2356388240539551,2
2026-08-17,BAJAJHLDNG,4,1,0.06195964926515691,0.7249541282653809,-0.21839738,0.10628119999999998,-0.37467857892150874,2
2026-08-17,BAJAJHLDNG,5,1,0.042175996057051114,0.6745927929878235,0.2806306,0.1062812,0.12434938853149412,2
2026-08-17,BAJAJHLDNG,39,-1,-0.08817342534474822,0.2403816431760788,0.11250377,0.10628119999999998,-0.04377743298645018,2
2026-08-17,BAJAJHLDNG,50,-1,-0.05398666892723087,0.1867576390504837,0.37450194,0.1062812,0.21822074358825683,2
2026-08-17,BAJFINANCE,4,1,0.06458665892975182,0.3325327932834625,0.2124548,0.10628120000000002,0.05617359583740232,2
2026-08-17,BAJFINANCE,5,1,0.04648508223401964,0.3015752136707306,0.027692318,0.1062812,-0.12858888203735352,2
2026-08-17,BAJFINANCE,39,-1,-0.11020957747531836,0.14594639837741852,-0.200665,0.10628119999999998,-0.35694619710083003,2
2026-08-17,BAJFINANCE,50,-1,-0.06840655247501316,0.13721399009227753,0.25495887,0.1062812,0.09867766802673338,2
2026-08-17,BALKRISIND,4,1,0.061631160756338906,0.5292540788650513,-0.008404255,0.10628119999999998,-0.16468545491333006,2
2026-08-17,BALKRISIND,17,1,0.04186888015831712,0.3228147327899933,0.54250956,0.10628119999999998,0.38622835581665044,2
2026-08-17,BALKRISIND,20,1,0.0444346399935307,0.32060879468917847,-0.20448565,0.10628119999999998,-0.36076685483093257,2
2026-08-17,BALKRISIND,39,-1,-0.0971013615407564,0.22376927733421326,-0.6400347,0.10628119999999998,-0.7963158755981445,2
2026-08-17,BALKRISIND,52,-1,-0.04100414213517661,0.2461080551147461,0.07143021,0.1062812,-0.08485099370117188,2
2026-08-17,BANKBARODA,4,1,0.06803111040290123,0.4183831512928009,0.028550625,0.1062812,-0.1277305751525879,2
2026-08-17,BANKBARODA,5,1,0.04945194623486098,0.4073844254016876,-0.036776066,0.10628119999999998,-0.19305726582641597,2
2026-08-17,BANKBARODA,13,1,0.06145857255285604,0.26119139790534973,0.24170876,0.10628119999999998,0.0854275554931641,2
2026-08-17,BANKBARODA,14,1,0.06288370326869937,0.19530954957008362,0.07779598,0.10628119999999998,-0.07848521763916014,2
2026-08-17,BANKBARODA,39,-1,-0.0989546168099589,0.13751445710659027,-1.1018753,0.1062812,-1.2581565051757813,2
2026-08-17,BANKBARODA,50,-1,-0.05853843273127199,0.23953303694725037,0.008112192,0.1062812,-0.14816900784606934,2
2026-08-17,BANKBARODA,52,-1,-0.04447895685526857,0.24132952094078064,0.06892681,0.1062812,-0.08735438878173829,2
2026-08-17,BANKINDIA,4,1,0.06796207215751572,0.37987199425697327,0.007009506,0.10628119999999998,-0.14927169377441404,2
2026-08-17,BANKINDIA,5,1,0.04860226491439406,0.359981507062912,-0.44189095,0.1062812,-0.5981721549713135,2
2026-08-17,BANKINDIA,12,1,0.05158728034334189,0.30131810903549194,0.06343126,0.10628119999999998,-0.09284993703002928,2
2026-08-17,BANKINDIA,13,1,0.061279670998305905,0.30814260244369507,0.3394723,0.1062812,0.18319109385375976,2
2026-08-17,BANKINDIA,14,1,0.06779723359517628,0.25582170486450195,0.19778013,0.10628119999999998,0.04149893229370119,2
2026-08-17,BANKINDIA,15,1,0.045396305957933106,0.2523130774497986,0.007045269,0.10628120000000002,-0.14923593098754884,2
2026-08-17,BANKINDIA,39,-1,-0.09596678895725384,0.1654568910598755,-0.9859085,0.1062812,-1.1421897083007813,2
2026-08-17,BANKINDIA,50,-1,-0.05393969027731339,0.25730982422828674,0.09770393,0.1062812,-0.058577266284179696,2
2026-08-17,BDL,3,1,0.07096023931802774,1.335932970046997,1.2779713,0.1062812,1.1216900677001953,2
2026-08-17,BDL,4,1,0.08724832847228929,1.2169532775878906,0.15809536,0.1062812,0.0018141598022460848,2
2026-08-17,BDL,5,1,0.06836789985401834,1.0705229043960571,-0.10047555,0.10628119999999998,-0.25675674969787593,2
2026-08-17,BDL,6,1,0.04841982393906499,1.0540496110916138,0.16548634,0.1062812,0.009205135754394522,2
2026-08-17,BDL,7,1,0.04702601899570044,0.9550297260284424,0.043201447,0.10628119999999998,-0.11307975346679686,2
2026-08-17,BDL,12,1,0.06264058347562437,0.8482537865638733,-0.028723478,0.10628119999999998,-0.1850046783172607,2
2026-08-17,BDL,13,1,0.059881375326620995,0.8050531148910522,-0.043082237,0.10628119999999998,-0.1993634372436523,2
2026-08-17,BDL,14,1,0.06406753667419444,0.7054423689842224,0.14398098,0.1062812,-0.012300220080566415,2
2026-08-17,BDL,15,1,0.05606077103462156,0.672135591506958,0.11527538,0.10628119999999998,-0.04100581700439451,2
2026-08-17,BDL,19,1,0.04367133862142089,0.5044850707054138,-0.05030036,0.1062812,-0.20658155972595216,2
2026-08-17,BDL,20,1,0.062253546133392984,0.4530664384365082,-0.28015375,0.1062812,-0.436434951373291,2
2026-08-17,BDL,21,1,0.050656284397361154,0.4497980773448944,-0.2803564,0.1062812,-0.43663760716552735,2
2026-08-17,BDL,39,-1,-0.09945606636205474,0.2372719943523407,0.28039813,0.10628119999999998,0.12411693041687015,2
2026-08-17,BEL,4,1,0.057764246516358045,0.36919966340065,0.31576157,0.10628119999999998,0.15948036616210942,2
2026-08-17,BEL,13,1,0.042193364424341406,0.265898197889328,0.04850626,0.1062812,-0.10777494008178712,2
2026-08-17,BEL,14,1,0.04369376123484521,0.22169961035251617,0.07276535,0.1062812,-0.08351584965820313,2
2026-08-17,BEL,39,-1,-0.09808709396439882,0.1049535721540451,-0.0,0.1062812,-0.1562812,2
2026-08-17,BEL,50,-1,-0.05581761156489624,0.15031181275844574,-0.072968006,0.1062812,-0.2292492061340332,2
2026-08-17,BEL,52,-1,-0.05011097840557831,0.15876860916614532,0.21871328,0.10628119999999998,0.06243208353881838,2
2026-08-17,BERGEPAINT,4,1,0.05868065561945455,0.650909960269928,-0.5179405,0.10628119999999998,-0.6742217212402344,2
2026-08-17,BERGEPAINT,39,-1,-0.09950834263657808,0.15826985239982605,0.14529228,0.1062812,-0.010988917895507821,2
2026-08-17,BERGEPAINT,50,-1,-0.06011843704596475,0.2067749947309494,-0.10920763,0.10628119999999998,-0.26548883015747066,2
2026-08-17,BERGEPAINT,52,-1,-0.04798815593707601,0.2106003612279892,-0.109148026,0.1062812,-0.2654292255126953,2
2026-08-17,BHARATFORG,4,1,0.06323787634330104,0.5618664026260376,0.03834963,0.1062812,-0.11793157155151368,2
2026-08-17,BHARATFORG,5,1,0.04529685341134954,0.4963778853416443,0.10071993,0.1062812,-0.05556127125854493,2
2026-08-17,BHARATFORG,14,1,0.06334467740308608,0.30897974967956543,-0.11999011,0.10628119999999998,-0.2762713103973388,2
2026-08-17,BHARATFORG,15,1,0.051490627140955855,0.2720644772052765,-0.21107793,0.1062812,-0.36735912854309083,2
2026-08-17,BHARATFORG,17,1,0.04283971052643086,0.2636382281780243,-0.24478436,0.10628119999999998,-0.40106555516357417,2
2026-08-17,BHARATFORG,19,1,0.04176624410528964,0.24682845175266266,-0.07688999,0.1062812,-0.23317119176025392,2
2026-08-17,BHARATFORG,20,1,0.055167860254708115,0.2428491860628128,-0.07209182,0.10628119999999995,-0.22837301785583491,2
2026-08-17,BHARATFORG,39,-1,-0.10701429994581294,0.11552705615758896,-0.3696561,0.10628119999999998,-0.5259372859680176,2
2026-08-17,BHARATFORG,50,-1,-0.06661609324104018,0.15579231083393097,-0.15786886,0.1062812,-0.3141500621520996,2
2026-08-17,BHARATFORG,51,-1,-0.04242833388816945,0.15977048873901367,-0.0047802925,0.10628119999999998,-0.1610614925109863,2
2026-08-17,BHARATFORG,52,-1,-0.04893879256664395,0.15781234204769135,-0.0047922134,0.10628119999999998,-0.1610734134399414,2
2026-08-17,BHARTIARTL,4,1,0.06550552217489523,0.3350430130958557,-0.02515316,0.1062812,-0.18143436009521485,2
2026-08-17,BHARTIARTL,5,1,0.04818079114297517,0.2926616668701172,-0.18111467,0.1062812,-0.33739587361450196,2
2026-08-17,BHARTIARTL,14,1,0.0455943723943914,0.17274923622608185,0.11588335,0.1062812,-0.040397849627685556,2
2026-08-17,BHARTIARTL,39,-1,-0.09512125452986274,0.09895557910203934,0.09572506,0.1062812,-0.060556140490722665,2
2026-08-17,BHARTIARTL,50,-1,-0.06744866935120565,0.09467148035764694,0.0957489,0.1062812,-0.06053229863281251,2
2026-08-17,BHARTIARTL,52,-1,-0.044132929314433356,0.10053729265928268,-0.010097027,0.1062812,-0.16637822682495118,2
2026-08-17,BHEL,4,1,0.055548160857387736,0.5901656746864319,0.5503535,0.10628119999999998,0.39407232706909184,2
2026-08-17,BHEL,20,1,0.04444278149123751,0.24276411533355713,-0.74219704,0.10628119999999998,-0.8984782367431641,2
2026-08-17,BHEL,39,-1,-0.0926721351633369,0.21195507049560547,-1.1492848,0.10628119999999998,-1.305566039630127,2
2026-08-17,BIOCON,4,1,0.08169089342176718,0.6315277814865112,-0.49787164,0.1062812,-0.6541528373443604,2
2026-08-17,BIOCON,5,1,0.056511811219446796,0.5749225616455078,-0.46166778,0.10628120000000002,-0.6179489761077881,2
2026-08-17,BIOCON,12,1,0.06280777281835867,0.4516053795814514,0.292933,0.1062812,0.13665178721313476,2
2026-08-17,BIOCON,13,1,0.04449962226881759,0.44044461846351624,0.12186766,0.1062812,-0.03441354329223634,2
2026-08-17,BIOCON,20,1,0.060450920951911645,0.2834188938140869,-0.2069056,0.1062812,-0.3631868034088135,2
2026-08-17,BIOCON,21,1,0.04945414992449336,0.2832386791706085,0.28065443,0.10628119999999998,0.12437323038940433,2
2026-08-17,BIOCON,39,-1,-0.09947214332965082,0.2001282423734665,-0.21914244,0.1062812,-0.3754236369812012,2
2026-08-17,BIOCON,50,-1,-0.06257527870582251,0.21939480304718018,-0.1942277,0.1062812,-0.3505088954650879,2
2026-08-17,BIOCON,51,-1,-0.04159603868897446,0.20717932283878326,-0.33980608,0.1062812,-0.49608727986450196,2
2026-08-17,BIOCON,52,-1,-0.045827362697862306,0.2019784301519394,-0.3883481,0.1062812,-0.5446293025695801,2
2026-08-17,BLUESTARCO,4,1,0.06940073774951278,0.8556721806526184,0.6483197,0.10628119999999998,0.4920385212219239,2
2026-08-17,BLUESTARCO,5,1,0.04682004069776949,0.7897942662239075,0.17305613,0.10628119999999998,0.01677492564086916,2
2026-08-17,BLUESTARCO,14,1,0.0510771236184271,0.457424134016037,0.27964115,0.1062812,0.12335995142822263,2
2026-08-17,BLUESTARCO,20,1,0.058368583905921645,0.26637572050094604,-0.5575478,0.1062812,-0.7138290076934815,2
2026-08-17,BLUESTARCO,39,-1,-0.09962015709796047,0.2271467000246048,0.18472672,0.1062812,0.028445515087890616,2
2026-08-17,BLUESTARCO,50,-1,-0.05871901164571519,0.16635335981845856,-0.039684772,0.10628119999999998,-0.19596597249145503,2
2026-08-17,BLUESTARCO,52,-1,-0.04355919016561853,0.17349974811077118,0.07942915,0.1062812,-0.07685205037231446,2
2026-08-17,BOSCHLTD,4,1,0.06250139421258588,0.48734375834465027,-0.28367043,0.1062812,-0.43995162541503907,2
2026-08-17,BOSCHLTD,14,1,0.05488351441011837,0.22785918414592743,0.06337166,0.10628119999999998,-0.09290954167480467,2
2026-08-17,BOSCHLTD,39,-1,-0.09932355743202845,0.13858596980571747,0.2757728,0.1062812,0.11949160998229978,2
2026-08-17,BOSCHLTD,50,-1,-0.0588543378250554,0.13067129254341125,0.09572506,0.1062812,-0.060556140490722665,2
2026-08-17,BOSCHLTD,52,-1,-0.043411176397308904,0.12091071158647537,0.07452369,0.10628119999999998,-0.08175751263732908,2
2026-08-17,BPCL,4,1,0.06138690785371207,0.6330307722091675,-0.8617997,0.1062812,-1.018080916949463,2
2026-08-17,BPCL,5,1,0.04733089788950453,0.567587673664093,-0.83176494,0.10628119999999998,-0.9880461364471436,2
2026-08-17,BPCL,12,1,0.04743068795174244,0.3810226023197174,-0.015830994,0.1062812,-0.17211219365234376,2
2026-08-17,BPCL,14,1,0.044751142665669895,0.28666117787361145,-0.28449297,0.1062812,-0.44077416951293946,2
2026-08-17,BPCL,15,1,0.04655797900301283,0.2824142873287201,-0.47423244,0.1062812,-0.6305136352264404,2
2026-08-17,BPCL,20,1,0.04087489434559109,0.1787976175546646,-0.26932955,0.1062812,-0.4256107478820801,2
2026-08-17,BPCL,39,-1,-0.11429616888143848,0.17595089972019196,-0.20530224,0.10628119999999998,-0.3615834384643554,2
2026-08-17,BPCL,50,-1,-0.06851944885128905,0.17004024982452393,0.047296286,0.10628119999999998,-0.10898491437072752,2
2026-08-17,BPCL,51,-1,-0.05312520158011713,0.18998046219348907,0.20460486,0.1062812,0.04832366412048339,2
2026-08-17,BPCL,52,-1,-0.05552840221386196,0.20157025754451752,0.18908978,0.10628119999999998,0.03280857508544924,2
2026-08-17,BPCL,53,-1,-0.044891491461115915,0.20379045605659485,0.15765429,0.1062812,0.0013730854309081941,2
2026-08-17,BRITANNIA,4,1,0.06378137887176472,0.2948091924190521,-0.25309324,0.1062812,-0.4093744426452637,2
2026-08-17,BRITANNIA,14,1,0.045120569857189395,0.1450720876455307,-0.21750927,0.10628120000000002,-0.3737904697143555,2
2026-08-17,BRITANNIA,20,1,0.04399921937592695,0.1200862005352974,0.19084215,0.10628119999999998,0.03456095164184572,2
2026-08-17,BRITANNIA,39,-1,-0.1106603760341998,0.12584541738033295,-0.081300735,0.1062812,-0.23758193547363282,2
2026-08-17,BRITANNIA,50,-1,-0.07132361812718208,0.12199530005455017,0.15362501,0.1062812,-0.002656188555908212,2
2026-08-17,BRITANNIA,51,-1,-0.04817157082668166,0.12339776754379272,0.12657046,0.10628119999999998,-0.02971073681945799,2
2026-08-17,BRITANNIA,52,-1,-0.061141574331793576,0.12466733902692795,0.15366673,0.1062812,-0.0026144653045654387,2
2026-08-17,BRITANNIA,53,-1,-0.041024409137119376,0.11565548926591873,0.08140206,0.1062812,-0.07487913663024903,2
2026-08-17,BSE,3,1,0.04386755389673374,1.1701608896255493,0.24205446,0.1062812,0.0857732624328613,2
2026-08-17,BSE,4,1,0.09494147282701972,1.002477765083313,0.0,0.1062812,-0.1562812,2
2026-08-17,BSE,5,1,0.08859254713648995,0.8893566131591797,-0.3044963,0.10628119999999998,-0.4607774882995605,2
2026-08-17,BSE,6,1,0.05229964182655076,0.7958492636680603,-0.37979484,0.1062812,-0.5360760360443115,2
2026-08-17,BSE,7,1,0.04961141678999069,0.7542897462844849,-0.22658706,0.10628119999999998,-0.3828682571136474,2
2026-08-17,BSE,12,1,0.05324880106061451,0.5510614514350891,-0.14817119,0.10628119999999998,-0.3044523864471435,2
2026-08-17,BSE,13,1,0.04974426217751054,0.5212874412536621,0.16640425,0.10628119999999998,0.010123047283935566,2
2026-08-17,BSE,14,1,0.07290389924326059,0.33589228987693787,0.13929605,0.10628119999999998,-0.01698514515991209,2
2026-08-17,BSE,15,1,0.06807097361580457,0.30334436893463135,-0.015121698,0.1062812,-0.1714028983795166,2
2026-08-17,BSE,16,1,0.05265913875640549,0.2978532016277313,0.3214717,0.1062812,0.1651904911315918,2
2026-08-17,BSE,17,1,0.057489873306525024,0.2554572522640228,0.3913045,0.1062812,0.23502329295043944,2
2026-08-17,BSE,18,1,0.05905868574266167,0.26222261786460876,0.39453506,0.1062812,0.23825386469726562,2
2026-08-17,BSE,19,1,0.05298540460477098,0.2613135874271393,0.27256012,0.10628119999999998,0.11627891962890628,2
2026-08-17,BSE,20,1,0.07046984291823494,0.26797083020210266,-0.1177907,0.10628119999999998,-0.2740718990051269,2
2026-08-17,BSE,39,-1,-0.11452560697640779,0.20837469398975372,-0.80161095,0.1062812,-0.9578921466552734,2
2026-08-17,BSE,50,-1,-0.08119656981813188,0.2039717137813568,0.8466482,0.1062812,0.6903670162475586,2
2026-08-17,BSE,51,-1,-0.0553446779500435,0.20782709121704102,0.7758856,0.1062812,0.6196043819702148,2
2026-08-17,BSE,52,-1,-0.060335916912123845,0.20447739958763123,0.686568,0.10628119999999998,0.530286821774292,2
2026-08-17,BSE,53,-1,-0.04433432777301608,0.22207985818386078,0.45749545,0.10628120000000002,0.30121425097351073,2
2026-08-17,CANBK,4,1,0.06766524058795027,0.46763086318969727,0.12345314,0.1062812,-0.032828059741210946,2
2026-08-17,CANBK,5,1,0.05363696387756756,0.4192076027393341,-0.053983927,0.1062812,-0.2102651267730713,2
2026-08-17,CANBK,12,1,0.041766543946903226,0.27603939175605774,0.16977787,0.1062812,0.013496670178222647,2
2026-08-17,CANBK,13,1,0.041255425172744074,0.28095802664756775,0.37162304,0.10628119999999998,0.21534183924560552,2
2026-08-17,CANBK,14,1,0.05878607971410285,0.22309310734272003,0.12369156,0.10628119999999998,-0.032589641162109356,2
2026-08-17,CANBK,20,1,0.04438613664545351,0.17796428501605988,-0.100302696,0.1062812,-0.25658389622802735,2
2026-08-17,CANBK,39,-1,-0.11630220400925398,0.1362844705581665,-0.6079316,0.10628119999999998,-0.7642128139221191,2
2026-08-17,CANBK,50,-1,-0.07841865363982321,0.1914706826210022,0.022912025,0.1062812,-0.13336917454833985,2
2026-08-17,CANBK,51,-1,-0.05763442020291672,0.1978502720594406,0.061035156,0.1062812,-0.09524604375000001,2
2026-08-17,CANBK,52,-1,-0.06566394688665407,0.19785110652446747,0.14498234,0.1062812,-0.011298862048339853,2
2026-08-17,CANBK,53,-1,-0.048147823622263684,0.19116494059562683,0.015240908,0.10628119999999998,-0.1410402923309326,2
2026-08-17,CGPOWER,4,1,0.04674889671406409,0.4854602515697479,0.0279665,0.1062812,-0.12831470067138673,2
2026-08-17,CGPOWER,12,1,0.04342055697527223,0.39176231622695923,0.37528276,0.1062812,0.21900156443481444,2
2026-08-17,CGPOWER,13,1,0.04338904359094579,0.3792850375175476,-0.04476905,0.1062812,-0.2010502486907959,2
2026-08-17,CGPOWER,14,1,0.046653205869035874,0.34110915660858154,0.16255379,0.10628119999999995,0.006272587231445359,2
2026-08-17,CGPOWER,20,1,0.05328977889133281,0.26272836327552795,-0.09508729,0.1062812,-0.2513684898101807,2
2026-08-17,CGPOWER,39,-1,-0.0956428668696565,0.17244112491607666,-0.51209927,0.10628120000000002,-0.6683804660522461,2
2026-08-17,CGPOWER,50,-1,-0.06157949989258465,0.17505106329917908,0.0055909157,0.10628119999999998,-0.15069028432006834,2
2026-08-17,CGPOWER,52,-1,-0.048874514937948706,0.17302833497524261,0.061428547,0.10628119999999998,-0.0948526530944824,2
2026-08-17,CHOLAFIN,4,1,0.06401144787980065,0.38533392548561096,-0.095796585,0.1062812,-0.2520777850830078,2
2026-08-17,CHOLAFIN,5,1,0.049524937897219054,0.3566882610321045,-0.047916174,0.1062812,-0.20419737393493653,2
2026-08-17,CHOLAFIN,14,1,0.0410238249865766,0.1879308968782425,0.59131384,0.1062812,0.4350326389587402,2
2026-08-17,CHOLAFIN,39,-1,-0.11504721931620156,0.1950727105140686,-0.19587278,0.1062812,-0.3521539836608887,2
2026-08-17,CHOLAFIN,50,-1,-0.07831328585934645,0.12684980034828186,0.19027591,0.10628119999999998,0.03399470751647951,2
2026-08-17,CHOLAFIN,51,-1,-0.0573128916589834,0.12346545606851578,0.17972589,0.10628119999999998,0.02344468539123537,2
2026-08-17,CHOLAFIN,52,-1,-0.05783181290223268,0.12699121236801147,0.24870634,0.1062812,0.0924251407897949,2
2026-08-17,CHOLAFIN,53,-1,-0.04296549012729768,0.1182544082403183,0.25917888,0.10628119999999998,0.10289767687683109,2
2026-08-17,CIPLA,4,1,0.06354891915517553,0.3025490343570709,-0.32607913,0.10628119999999998,-0.48236033017272945,2
2026-08-17,CIPLA,5,1,0.0466733998522766,0.26730796694755554,-0.24995208,0.1062812,-0.4062332778656006,2
2026-08-17,CIPLA,14,1,0.059213738732824685,0.16487456858158112,-0.4743278,0.10628119999999998,-0.6306090026580811,2
2026-08-17,CIPLA,20,1,0.04163729596535697,0.14555932581424713,0.06304979,0.10628119999999998,-0.09323140675659178,2
2026-08-17,CIPLA,39,-1,-0.11020957747531836,0.09643203765153885,0.1608789,0.10628119999999998,0.004597696713256855,2
2026-08-17,CIPLA,50,-1,-0.06828695890810767,0.08351806551218033,-0.11202097,0.1062812,-0.26830216939086915,2
2026-08-17,CIPLA,52,-1,-0.04979365669219763,0.08101131021976471,-0.14001131,0.1062812,-0.2962925105773926,2
2026-08-17,COALINDIA,14,1,0.05658543749143317,0.133414626121521,0.061440468,0.1062812,-0.09484073216552735,2
2026-08-17,COALINDIA,39,-1,-0.09542670610619997,0.06327345222234726,-0.17225742,0.1062812,-0.3285386234008789,2
2026-08-17,COALINDIA,50,-1,-0.051680295104050485,0.09741595387458801,-0.024569035,0.1062812,-0.18085023457641602,2
2026-08-17,COALINDIA,52,-1,-0.044431428604554665,0.09828181564807892,-0.07375479,0.1062812,-0.23003598744506837,2
2026-08-17,COCHINSHIP,4,1,0.08163908471321682,1.5591663122177124,0.50315857,0.1062812,0.3468773693359375,2
2026-08-17,COCHINSHIP,5,1,0.06275012121413003,1.3562357425689697,-0.9284973,0.10628119999999998,-1.084778514453125,2
2026-08-17,COCHINSHIP,6,1,0.04413329107118862,1.2658478021621704,-0.108772516,0.10628119999999998,-0.2650537162506103,2
2026-08-17,COCHINSHIP,7,1,0.04161452999822524,1.1404556035995483,-0.23113489,0.10628120000000002,-0.3874160915100098,2
2026-08-17,COCHINSHIP,12,1,0.05448818891288112,0.9819287657737732,0.69776773,0.1062812,0.5414865345275879,2
2026-08-17,COCHINSHIP,14,1,0.06759210477113575,0.709125816822052,0.1839757,0.1062812,0.027694496563720694,2
2026-08-17,COCHINSHIP,15,1,0.041467975395832135,0.6334906220436096,0.09549856,0.1062812,-0.06078263814086915,2
2026-08-17,COCHINSHIP,19,1,0.041301038539775355,0.5095096826553345,0.19021034,0.1062812,0.033929142407226554,2
2026-08-17,COCHINSHIP,20,1,0.07103508552954235,0.4766750633716583,0.22426844,0.1062812,0.06798723643188476,2
2026-08-17,COCHINSHIP,21,1,0.06308946615565926,0.4746350347995758,0.20421743,0.10628119999999998,0.04793623392944338,2
2026-08-17,COCHINSHIP,39,-1,-0.08599039201864651,0.31794288754463196,0.59459805,0.1062812,0.43831685488586425,2
2026-08-17,COCHINSHIP,50,-1,-0.054773968192325086,0.30169492959976196,0.34062266,0.1062812,0.1843414634979248,2
2026-08-17,COFORGE,4,1,0.05890515632092101,0.5082592368125916,-0.22646785,0.1062812,-0.3827490478240967,2
2026-08-17,COFORGE,13,1,0.046531299993359636,0.3560958802700043,0.3651619,0.10628119999999998,0.20888069575195317,2
2026-08-17,COFORGE,14,1,0.04473033879964543,0.30918407440185547,0.43728352,0.1062812,0.2810023159301758,2
2026-08-17,COFORGE,20,1,0.04325936595118645,0.25082719326019287,-0.23155212,0.10628119999999998,-0.38783332402343745,2
2026-08-17,COFORGE,39,-1,-0.08572748789455964,0.11968639492988586,0.088489056,0.10628120000000002,-0.0677921443664551,2
2026-08-17,COFORGE,50,-1,-0.06064004938575851,0.08973021805286407,-0.08300543,0.1062812,-0.239286628314209,2
2026-08-17,COFORGE,52,-1,-0.04895536713529562,0.08061211556196213,0.0774622,0.1062812,-0.07881900364990235,2
2026-08-17,COLPAL,4,1,0.06345602067977058,0.3692030906677246,0.08136034,0.10628120000000002,-0.07492085988159182,2
2026-08-17,COLPAL,5,1,0.04139609809847292,0.32282745838165283,-0.15755296,0.1062812,-0.31383415753479005,2
2026-08-17,COLPAL,14,1,0.0536069253516738,0.13013599812984467,0.34600496,0.10628119999999998,0.18972376292114262,2
2026-08-17,COLPAL,39,-1,-0.0986196122407291,0.11914554983377457,-0.15764236,0.1062812,-0.31392356450195313,2
2026-08-17,COLPAL,50,-1,-0.06725272873188484,0.1278880536556244,0.1064837,0.10628119999999998,-0.04979750210876463,2
2026-08-17,COLPAL,52,-1,-0.04540767136504574,0.12404138594865799,0.08123517,0.10628119999999998,-0.0750460296356201,2
2026-08-17,CONCOR,4,1,0.05943616188674871,0.5140898823738098,-0.18095374,0.1062812,-0.3372349410736084,2
2026-08-17,CONCOR,14,1,0.045916045333308515,0.21225175261497498,-0.48710108,0.10628120000000002,-0.6433822780334473,2
2026-08-17,CONCOR,39,-1,-0.09999375566944459,0.14592672884464264,-0.22060871,0.1062812,-0.3768899112426758,2
2026-08-17,CONCOR,50,-1,-0.060559197188411594,0.1209946870803833,0.15312433,0.1062812,-0.0031568675720214934,2
2026-08-17,CONCOR,52,-1,-0.05011097840557831,0.1244126483798027,0.16272068,0.1062812,0.006439480236816397,2
2026-08-17,COROMANDEL,4,1,0.0560294447396102,0.4883626103401184,0.028538704,0.1062812,-0.12774249608154298,2
2026-08-17,COROMANDEL,17,1,0.04774813579764611,0.30366936326026917,-0.3427744,0.1062812,-0.4990555911743164,2
2026-08-17,COROMANDEL,19,1,0.04254810951381302,0.26381900906562805,-0.10486245,0.10628119999999998,-0.2611436515533447,2
2026-08-17,COROMANDEL,39,-1,-0.09932355743202845,0.23931987583637238,0.09073615,0.10628119999999998,-0.06554504925842283,2
2026-08-17,COROMANDEL,50,-1,-0.06870535296297098,0.14313660562038422,0.20034909,0.10628119999999998,0.04406789248352053,2
2026-08-17,COROMANDEL,51,-1,-0.04159603868897446,0.14973115921020508,0.12863278,0.10628119999999998,-0.027648416110229473,2
2026-08-17,COROMANDEL,52,-1,-0.049894817642121767,0.1456538736820221,0.12385249,0.10628119999999998,-0.0324287086212158,2
2026-08-17,CRISIL,4,1,0.052447808360730805,0.2973994314670563,0.049197674,0.1062812,-0.10708352620239259,2
2026-08-17,CRISIL,5,1,0.04101148505113537,0.27218493819236755,-0.23044944,0.1062812,-0.3867306380950928,2
2026-08-17,CRISIL,14,1,0.05506541010773171,0.2130623608827591,-0.3336668,0.10628119999999998,-0.48994800145263667,2
2026-08-17,CRISIL,39,-1,-0.08398792465056021,0.14818212389945984,-0.62372684,0.1062812,-0.7800080447875977,2
2026-08-17,CRISIL,50,-1,-0.06528790709678306,0.24452842772006989,-0.0022411346,0.1062812,-0.1585223346435547,2
2026-08-17,CRISIL,52,-1,-0.05011097840557831,0.211434006690979,-0.21580458,0.10628119999999998,-0.37208577687377925,2
2026-08-17,CUMMINSIND,4,1,0.05710361308493547,0.4596203863620758,1.3397813,0.1062812,1.1835000843322754,2
2026-08-17,CUMMINSIND,5,1,0.04078890771766015,0.414030522108078,1.2559295,0.10628119999999998,1.0996482700622559,2
2026-08-17,CUMMINSIND,19,1,0.04421870309593712,0.30887675285339355,0.11935234,0.1062812,-0.03692885930175782,2
2026-08-17,CUMMINSIND,20,1,0.059458474404079704,0.29384756088256836,0.0,0.10628120000000002,-0.1562812,2
2026-08-17,CUMMINSIND,39,-1,-0.09374161285309945,0.12868830561637878,0.036770105,0.1062812,-0.11951109463806153,2
2026-08-17,CUMMINSIND,50,-1,-0.0682306820500042,0.10156342387199402,-0.064218044,0.10628119999999998,-0.2204992442810058,2
2026-08-17,CUMMINSIND,51,-1,-0.04122244011749033,0.09893335402011871,-0.045871735,0.10628119999999998,-0.20215293461914058,2
2026-08-17,CUMMINSIND,52,-1,-0.04384198756582508,0.10230313241481781,-0.4406929,0.1062812,-0.5969741016113281,2
2026-08-17,DABUR,4,1,0.052218152641675473,0.36817604303359985,0.061774254,0.1062812,-0.09450694615478517,2
2026-08-17,DABUR,39,-1,-0.09898673029678431,0.0941239669919014,0.0492692,0.1062812,-0.10701200062866212,2
2026-08-17,DABUR,50,-1,-0.061094086859718115,0.09321994334459305,-0.049245358,0.10628119999999998,-0.2055265575134277,2
2026-08-17,DABUR,51,-1,-0.04137987792551792,0.09754565358161926,-0.012302399,0.1062812,-0.16858359868164063,2
2026-08-17,DABUR,52,-1,-0.049409404609255234,0.09671466052532196,0.01231432,0.1062812,-0.1439668803894043,2
2026-08-17,DALBHARAT,4,1,0.05077223864140708,0.5705967545509338,-0.09728074,0.1062812,-0.25356194073791505,2
2026-08-17,DALBHARAT,13,1,0.04754006766972818,0.3091139495372772,-0.07041097,0.10628119999999998,-0.2266921668731689,2
2026-08-17,DALBHARAT,14,1,0.04485717538906616,0.22640863060951233,0.1734376,0.1062812,0.01715639536743163,2
2026-08-17,DALBHARAT,39,-1,-0.09854113143835846,0.08802679181098938,-0.04324913,0.10628119999999998,-0.1995303302490234,2
2026-08-17,DALBHARAT,50,-1,-0.05792088167593626,0.0938023030757904,0.075662136,0.1062812,-0.08061906392211915,2
2026-08-17,DALBHARAT,52,-1,-0.049409404609255234,0.10535480827093124,0.16208291,0.1062812,0.0058017105377197176,2
2026-08-17,DIVISLAB,4,1,0.04872784058516197,0.28489360213279724,-0.4983604,0.1062812,-0.6546415954315186,2
2026-08-17,DIVISLAB,13,1,0.04745127129793614,0.2632730007171631,0.08833408,0.1062812,-0.0679471164428711,2
2026-08-17,DIVISLAB,14,1,0.04185928030092215,0.2359919250011444,0.011777878,0.10628119999999998,-0.1445033221923828,2
2026-08-17,DIVISLAB,39,-1,-0.09947214332965082,0.0841325893998146,0.10601282,0.1062812,-0.05026837880249024,2
2026-08-17,DIVISLAB,50,-1,-0.058278269036285385,0.09721894562244415,-0.33584833,0.1062812,-0.492129531451416,2
2026-08-17,DIVISLAB,52,-1,-0.047367170174512495,0.0896170437335968,-0.4712224,0.1062812,-0.6275036006652832,2
2026-08-17,DIXON,4,1,0.052218152641675473,0.42868223786354065,0.021147728,0.1062812,-0.13513347203369142,2
2026-08-17,DIXON,13,1,0.04117206584736558,0.34277257323265076,0.0,0.1062812,-0.1562812,2
2026-08-17,DIXON,14,1,0.04719453113401257,0.3023431599140167,0.014102459,0.1062812,-0.1421787410461426,2
2026-08-17,DIXON,15,1,0.043891728143401726,0.28662100434303284,0.028216839,0.1062812,-0.1280643611633301,2
2026-08-17,DIXON,39,-1,-0.09724994743837878,0.12682019174098969,-0.021219254,0.10628119999999998,-0.17750045354003902,2
2026-08-17,DIXON,50,-1,-0.06157949989258465,0.10878981649875641,0.09871721,0.1062812,-0.057563987322998056,2
2026-08-17,DLF,4,1,0.05852074606559873,0.38123980164527893,0.20422935,0.1062812,0.04794815485839843,2
2026-08-17,DLF,14,1,0.04651877092447807,0.2565888464450836,0.037825108,0.1062812,-0.11845609242553712,2
2026-08-17,DLF,39,-1,-0.08395062853242928,0.31166744232177734,0.059491396,0.10628120000000002,-0.09678980404968264,2
2026-08-17,DLF,52,-1,-0.046020038662016836,0.19306418299674988,0.29050708,0.1062812,0.13422587817077636,2
2026-08-17,DMART,4,1,0.05593261407416661,0.2871306836605072,0.0,0.1062812,-0.1562812,2
2026-08-17,DMART,5,1,0.04219076150482639,0.2578209936618805,0.0,0.1062812,-0.1562812,2
2026-08-17,DMART,14,1,0.05945334084381032,0.19046488404273987,-0.08452535,0.10628119999999998,-0.2408065467559814,2
2026-08-17,DMART,20,1,0.044148616159312,0.22902552783489227,0.102198124,0.10628119999999998,-0.054083076068115216,2
2026-08-17,DMART,39,-1,-0.09773040894634577,0.14515063166618347,0.09723306,0.1062812,-0.05904814297790528,2
2026-08-17,DMART,50,-1,-0.06763698081482726,0.1414942443370819,-0.08969307,0.1062812,-0.24597426945800782,2
2026-08-17,DMART,52,-1,-0.04487045171677442,0.14646019041538239,-0.20712614,0.1062812,-0.36340734059448243,2
2026-08-17,DRREDDY,4,1,0.06752453727660807,0.6707705855369568,0.83452463,0.10628120000000002,0.6782434315002441,2
2026-08-17,DRREDDY,5,1,0.04930990225942036,0.5805315375328064,0.7421851,0.1062812,0.585903915814209,2
2026-08-17,DRREDDY,14,1,0.04615806703329226,0.3357013761997223,-0.40977,0.1062812,-0.5660512119018555,2
2026-08-17,DRREDDY,39,-1,-0.09586444462702695,0.13735124468803406,-0.15114546,0.1062812,-0.30742665822143556,2
2026-08-17,DRREDDY,50,-1,-0.06671259516666825,0.10719090700149536,-0.0502944,0.1062812,-0.20657559926147462,2
2026-08-17,DRREDDY,52,-1,-0.047888782514306255,0.10477787256240845,-0.0,0.1062812,-0.1562812,2
2026-08-17,EICHERMOT,4,1,0.06067701371220181,0.4609885513782501,-0.12940764,0.1062812,-0.2856888442718506,2
2026-08-17,EICHERMOT,5,1,0.04589381194200071,0.4125005006790161,-0.12956858,0.10628119999999998,-0.2858497768127441,2
2026-08-17,EICHERMOT,12,1,0.04435314774776029,0.2789512872695923,-0.26566386,0.10628120000000002,-0.42194506222839356,2
2026-08-17,EICHERMOT,13,1,0.052157996114814587,0.27076688408851624,-0.16078353,0.1062812,-0.3170647292816162,2
2026-08-17,EICHERMOT,14,1,0.059592150100215686,0.1912003606557846,-0.2349317,0.10628119999999998,-0.3912129073822021,2
2026-08-17,EICHERMOT,39,-1,-0.09512125452986274,0.14496083557605743,0.068080425,0.1062812,-0.08820077473754884,2
2026-08-17,EICHERMOT,50,-1,-0.05997447395234473,0.07842963188886642,-0.1303196,0.10628120000000002,-0.28660079533691407,2
2026-08-17,EICHERMOT,52,-1,-0.04820431670053255,0.08676251769065857,-0.01859665,0.1062812,-0.17487784916992188,2
2026-08-17,ENDURANCE,4,1,0.05727708114246042,0.9383570551872253,0.14088154,0.1062812,-0.015399661608886728,2
2026-08-17,ENDURANCE,5,1,0.04475659232250908,0.840766429901123,0.24495125,0.1062812,0.08867004816894529,2
2026-08-17,ENDURANCE,20,1,0.04869915720813624,0.30963921546936035,-0.21982193,0.1062812,-0.37610312993164063,2
2026-08-17,ENDURANCE,39,-1,-0.06741434955508188,0.38778820633888245,0.45259,0.1062812,0.2963087887084961,2
2026-08-17,ESCORTS,4,1,0.0580622221246708,0.46186766028404236,0.29450655,0.10628120000000002,0.13822534983520507,2
2026-08-17,ESCORTS,39,-1,-0.098757292201815,0.06733424216508865,-0.083076954,0.10628119999999998,-0.2393581538879394,2
2026-08-17,ESCORTS,50,-1,-0.06104461022127813,0.08326226472854614,-0.012791157,0.1062812,-0.16907235676879884,2
2026-08-17,ESCORTS,52,-1,-0.04843375479550186,0.08352261036634445,0.09267926,0.1062812,-0.06360193783874513,2
2026-08-17,ETERNAL,4,1,0.06055975482323918,0.8832826614379883,0.520432,0.1062812,0.3641507953918457,2
2026-08-17,ETERNAL,5,1,0.0483239473835346,0.7567409873008728,0.2995491,0.1062812,0.14326790278320312,2
2026-08-17,ETERNAL,12,1,0.04111496795244114,0.5138691067695618,0.25148392,0.1062812,0.0952027172363281,2
2026-08-17,ETERNAL,14,1,0.053138115815925646,0.41541430354118347,0.047147274,0.1062812,-0.10913392598266602,2
2026-08-17,ETERNAL,39,-1,-0.11228207047063145,0.15969926118850708,0.015628338,0.10628119999999998,-0.14065286213989256,2
2026-08-17,ETERNAL,50,-1,-0.07604918356457158,0.1529264897108078,0.015616417,0.1062812,-0.14066478306884767,2
2026-08-17,ETERNAL,51,-1,-0.0567175743587512,0.15617679059505463,0.15615225,0.10628119999999998,-0.00012895161743162187,2
2026-08-17,ETERNAL,52,-1,-0.06501635331189852,0.15498889982700348,0.21851659,0.10628120000000002,0.06223538821105955,2
2026-08-17,ETERNAL,53,-1,-0.046798656251185095,0.15498889982700348,0.14048815,0.1062812,-0.015793052264404306,2
2026-08-17,EXIDEIND,4,1,0.05171891737526099,0.8594006896018982,-0.41074753,0.1062812,-0.5670287280761719,2
2026-08-17,EXIDEIND,5,1,0.04224614406757922,0.7473690509796143,-0.12631416,0.1062812,-0.2825953632080078,2
2026-08-17,EXIDEIND,13,1,0.040795363022701224,0.47744888067245483,-0.15845895,0.1062812,-0.314740148135376,2
2026-08-17,EXIDEIND,15,1,0.0454613145913136,0.3297173082828522,-0.21130443,0.1062812,-0.3675856261932373,2
2026-08-17,EXIDEIND,20,1,0.04301301737908474,0.2441171109676361,0.095295906,0.10628119999999998,-0.06098529393310545,2
2026-08-17,EXIDEIND,39,-1,-0.08156886815011426,0.3092861771583557,0.44122338,0.1062812,0.2849421829498291,2
2026-08-17,EXIDEIND,50,-1,-0.05818783052990314,0.22934414446353912,0.010561943,0.10628119999999998,-0.14571925694580076,2
2026-08-17,EXIDEIND,52,-1,-0.044125977028217446,0.19321365654468536,0.0105679035,0.10628120000000002,-0.14571329648132325,2
2026-08-17,FEDERALBNK,4,1,0.05077223864140708,0.40938234329223633,0.4549265,0.10628119999999998,0.29864529078369145,2
2026-08-17,FEDERALBNK,13,1,0.047155420833339734,0.32785874605178833,0.35526752,0.10628119999999998,0.19898632471923833,2
2026-08-17,FEDERALBNK,14,1,0.05301189013702982,0.26684239506721497,0.05682707,0.1062812,-0.09945413167114259,2
2026-08-17,FEDERALBNK,39,-1,-0.09642141937795114,0.14385004341602325,-0.53869486,0.10628119999999998,-0.6949760585510254,2
2026-08-17,FEDERALBNK,50,-1,-0.05837491914989588,0.16520021855831146,0.042307377,0.1062812,-0.11397382313842774,2
2026-08-17,FEDERALBNK,52,-1,-0.049409404609255234,0.16822265088558197,0.08460879,0.1062812,-0.07167240674133302,2
2026-08-17,FLUOROCHEM,4,1,0.06376093367216977,1.0497276782989502,-0.7220566,0.1062812,-0.8783378272735596,2
2026-08-17,FLUOROCHEM,5,1,0.06278149839308196,1.0288017988204956,-0.048720837,0.10628119999999998,-0.20500203663940425,2
2026-08-17,FLUOROCHEM,12,1,0.04745954160134755,0.7052886486053467,-0.5425453,0.1062812,-0.6988265186035156,2
2026-08-17,FLUOROCHEM,13,1,0.0445245870320894,0.7382521033287048,0.28867722,0.1062812,0.13239601557617187,2
2026-08-17,FLUOROCHEM,14,1,0.054284303411625,0.6156554818153381,-0.13018847,0.10628120000000002,-0.2864696651184082,2
2026-08-17,FLUOROCHEM,15,1,0.061220810167389776,0.5224285125732422,0.4548669,0.1062812,0.298585686138916,2
2026-08-17,FLUOROCHEM,17,1,0.049104720203269565,0.49946916103363037,0.16208887,0.10628119999999998,0.005807671002197284,2
2026-08-17,FLUOROCHEM,18,1,0.04891762493617786,0.49457040429115295,0.06186962,0.1062812,-0.09441157872314454,2
2026-08-17,FLUOROCHEM,19,1,0.05016017414515799,0.44809243083000183,-0.09379983,0.1062812,-0.25008102948303224,2
2026-08-17,FLUOROCHEM,20,1,0.06103311759537109,0.43572890758514404,-0.47543645,0.1062812,-0.6317176490509033,2
2026-08-17,FLUOROCHEM,21,1,0.05139267010229553,0.4429934620857239,-0.2714157,0.10628119999999998,-0.4276969104492187,2
2026-08-17,FLUOROCHEM,39,-1,-0.09453210508979128,0.24970348179340363,-0.28914213,0.1062812,-0.44542333180541993,2
2026-08-17,FLUOROCHEM,50,-1,-0.05837491914989588,0.20682285726070404,-0.1644969,0.1062812,-0.32077809865112306,2
2026-08-17,FLUOROCHEM,52,-1,-0.04805294955312251,0.19927625358104706,-0.35449266,0.1062812,-0.5107738643371582,2
2026-08-17,FORTIS,4,1,0.05917870021244075,0.4621233344078064,-0.6006479,0.1062812,-0.7569291263305664,2
2026-08-17,FORTIS,5,1,0.05136758273504896,0.4137832224369049,-0.6226003,0.10628119999999998,-0.7788815170013428,2
2026-08-17,FORTIS,12,1,0.053718847999659064,0.32225900888442993,-0.027239323,0.1062812,-0.18352052266235352,2
2026-08-17,FORTIS,14,1,0.050903631908721186,0.23449231684207916,-0.16336441,0.1062812,-0.31964561040039063,2
2026-08-17,FORTIS,39,-1,-0.08072653277013363,0.2927395701408386,-0.61205626,0.10628120000000002,-0.7683374553405762,2
2026-08-17,FORTIS,50,-1,-0.07511742278352396,0.21723933517932892,-0.065267086,0.10628119999999998,-0.2215482860290527,2
2026-08-17,FORTIS,51,-1,-0.05752905242243994,0.2053019255399704,0.08149743,0.1062812,-0.07478376919860841,2
2026-08-17,FORTIS,52,-1,-0.06636552068297713,0.19402651488780975,0.054353476,0.1062812,-0.1019277244293213,2
2026-08-17,FORTIS,53,-1,-0.04781554712383695,0.18096095323562622,0.0054359436,0.1062812,-0.15084525639648438,2
2026-08-17,GAIL,4,1,0.057364506768438954,0.3134025037288666,-0.18507242,0.1062812,-0.3413536220275879,2
2026-08-17,GAIL,5,1,0.04876394178985744,0.27936670184135437,-0.37004948,0.1062812,-0.5263306766235352,2
2026-08-17,GAIL,14,1,0.047695484910372336,0.17859266698360443,-0.09280443,0.1062812,-0.2490856319152832,2
2026-08-17,GAIL,20,1,0.040857731434967265,0.12966759502887726,-0.15081167,0.10628119999999998,-0.3070928722106933,2
2026-08-17,GAIL,39,-1,-0.116032951739844,0.07840047031641006,-0.4413724,0.10628119999999998,-0.5976535945617676,2
2026-08-17,GAIL,50,-1,-0.0779332406069567,0.10895545035600662,0.07510185,0.1062812,-0.08117934758300782,2
2026-08-17,GAIL,51,-1,-0.055106772735307445,0.11270881444215775,0.034677982,0.1062812,-0.12160321766967774,2
2026-08-17,GAIL,52,-1,-0.06479149215218488,0.11848880350589752,0.092458725,0.1062812,-0.06382247502441407,2
2026-08-17,GAIL,53,-1,-0.04664849446365719,0.11798751354217529,0.14438629,0.1062812,-0.011894908496093759,2
2026-08-17,GICRE,4,1,0.055367799933361016,0.38178905844688416,-0.12705326,0.1062812,-0.28333446080322267,2
2026-08-17,GICRE,39,-1,-0.09950834263657808,0.08661584556102753,0.12690425,0.10628119999999998,-0.0293769508087158,2
2026-08-17,GICRE,50,-1,-0.06679869125792524,0.08367890119552612,-0.19760132,0.10628119999999998,-0.35388251835937495,2
2026-08-17,GICRE,51,-1,-0.04159603868897446,0.09264802932739258,-0.15509129,0.10628120000000002,-0.3113724857055664,2
2026-08-17,GICRE,52,-1,-0.05011097840557831,0.0986766517162323,-0.14096498,0.1062812,-0.29724618489379884,2
2026-08-17,GLAXO,4,1,0.0459307922608006,0.6349412798881531,0.074124336,0.10628119999999998,-0.0821568637573242,2
2026-08-17,GLAXO,14,1,0.046568360417727224,0.29761776328086853,-0.055521727,0.10628119999999998,-0.21180292660827632,2
2026-08-17,GLAXO,39,-1,-0.098757292201815,0.07220031321048737,-0.007402897,0.1062812,-0.16368409688110352,2
2026-08-17,GLAXO,50,-1,-0.061422062084557055,0.06483947485685349,0.15497804,0.10628119999999998,-0.0013031631195068172,2
2026-08-17,GLAXO,51,-1,-0.04149496634749179,0.07568193227052689,0.09967685,0.1062812,-0.05660435254211427,2
2026-08-17,GLAXO,52,-1,-0.05011097840557831,0.08493340015411377,-0.011098385,0.1062812,-0.16737958485717774,2
2026-08-17,GLENMARK,4,1,0.05286765651502412,0.3261837661266327,0.44869184,0.10628119999999998,0.2924106449401856,2
2026-08-17,GLENMARK,13,1,0.053104351376139385,0.30268558859825134,-0.6380439,0.1062812,-0.7943250804626465,2
2026-08-17,GLENMARK,14,1,0.05324286584023447,0.2854422628879547,-0.86563826,0.10628120000000002,-1.021919456072998,2
2026-08-17,GLENMARK,15,1,0.04507286698487497,0.2622119188308716,-0.8997321,0.1062812,-1.0560133128845215,2
2026-08-17,GLENMARK,17,1,0.04926042075559415,0.2777656614780426,-0.3677249,0.10628119999999998,-0.5240060954772949,2
2026-08-17,GLENMARK,18,1,0.042038958117918024,0.2882619798183441,-0.1602292,0.1062812,-0.3165104060852051,2
2026-08-17,GLENMARK,19,1,0.04269557820649153,0.29960623383522034,-0.06506443,0.10628119999999998,-0.22134563023681636,2
2026-08-17,GLENMARK,20,1,0.053603290532896496,0.286668062210083,0.05209446,0.10628119999999998,-0.10418674046630857,2
2026-08-17,GLENMARK,21,1,0.044757761608254225,0.2733761966228485,0.31712055,0.10628120000000002,0.16083935206298827,2
2026-08-17,GLENMARK,39,-1,-0.09947214332965082,0.11529581993818283,0.012952089,0.1062812,-0.14332911069030763,2
2026-08-17,GLENMARK,50,-1,-0.06179566065604119,0.11677862703800201,-0.043022633,0.1062812,-0.19930383259887696,2
2026-08-17,GLENMARK,51,-1,-0.04137987792551792,0.11407125741243362,-0.08609295,0.10628119999999998,-0.24237414891357417,2
2026-08-17,GLENMARK,52,-1,-0.049625565372711775,0.1075538918375969,-0.0043034554,0.1062812,-0.1605846553527832,2
2026-08-17,GODFRYPHLP,4,1,0.053856746808162145,0.32278934121131897,0.0,0.10628119999999998,-0.15628119999999998,2
2026-08-17,GODFRYPHLP,39,-1,-0.09977759490598805,0.13707228004932404,-0.32852888,0.1062812,-0.48481008107299806,2
2026-08-17,GODFRYPHLP,50,-1,-0.061310247623174656,0.13391347229480743,0.19637942,0.1062812,0.04009822314147948,2
2026-08-17,GODFRYPHLP,52,-1,-0.04747951724717842,0.11191953718662262,0.2572477,0.10628119999999998,0.10096648638610843,2
2026-08-17,GODREJCP,4,1,0.05728255926836045,0.3770725727081299,0.11847019,0.1062812,-0.0378110080444336,2
2026-08-17,GODREJCP,12,1,0.04551975445978061,0.2598586976528168,-0.15059114,0.10628119999999998,-0.30687233502502437,2
2026-08-17,GODREJCP,14,1,0.0410238249865766,0.195105642080307,-0.05376935,0.1062812,-0.2100505500518799,2
2026-08-17,GODREJCP,20,1,0.04217241908871938,0.15163233876228333,-0.23691058,0.10628119999999998,-0.39319178158874507,2
2026-08-17,GODREJCP,39,-1,-0.09716330683520179,0.14052267372608185,0.0752151,0.1062812,-0.08106609875793458,2
2026-08-17,GODREJCP,50,-1,-0.0676983275903107,0.12352337688207626,-0.612247,0.1062812,-0.7685281902038574,2
2026-08-17,GODREJCP,52,-1,-0.049625565372711775,0.13420750200748444,-0.5260825,0.1062812,-0.6823637157165527,2
2026-08-17,GODREJIND,3,1,0.04155451105240245,1.1389024257659912,1.3988972,0.1062812,1.2426159710205078,2
2026-08-17,GODREJIND,4,1,0.10293786502869541,1.0148675441741943,1.6846538,0.1062812,1.5283725590026855,2
2026-08-17,GODREJIND,5,1,0.09264942132058981,0.9053928256034851,3.6713958,0.1062812,3.515114578656006,2
2026-08-17,GODREJIND,15,1,0.04982622996026486,0.8899375796318054,-0.32703876,0.10628119999999998,-0.48331996495361323,2
2026-08-17,GODREJIND,20,1,0.07479656080067884,0.8777577877044678,-0.20521879,0.10628120000000002,-0.36149999196166993,2
2026-08-17,GODREJIND,21,1,0.061268929060496066,0.8764521479606628,-0.18027425,0.1062812,-0.33655544812316895,2
2026-08-17,GODREJIND,22,1,0.04286017950603865,0.8607046604156494,-0.08208752,0.10628120000000002,-0.23836871678466798,2
2026-08-17,GODREJIND,39,-1,-0.06398253406075448,0.27597230672836304,-0.14022589,0.10628119999999998,-0.29650708729858394,2
2026-08-17,GODREJIND,50,-1,-0.04984412603242678,0.30828186869621277,-2.1181822,0.1062812,-2.2744633823120117,2
2026-08-17,GODREJIND,57,-1,-0.04567356113361653,0.4335304796695709,1.5170991,0.1062812,1.360817942074585,2
2026-08-17,GODREJIND,65,1,0.046251998295485174,0.55404132604599,-0.114530325,0.1062812,-0.2708115249359131,2
2026-08-17,GODREJIND,66,1,0.044466272180804095,0.5500799417495728,-0.08183718,0.1062812,-0.23811837727661134,2
2026-08-17,GODREJIND,67,1,0.04849012847696667,0.5508479475975037,0.24610758,0.10628119999999998,0.08982637827758792,2
2026-08-17,GODREJPROP,4,1,0.05744760540522847,0.5294473767280579,0.2016902,0.1062812,0.04540899699096679,2
2026-08-17,GODREJPROP,13,1,0.04941436285396085,0.34601256251335144,-0.293082,0.10628119999999998,-0.4493631988250732,2
2026-08-17,GODREJPROP,14,1,0.05641256701073211,0.28212130069732666,-0.3333509,0.10628119999999998,-0.4896320968353271,2
2026-08-17,GODREJPROP,15,1,0.05172698784337301,0.27282166481018066,-0.16188622,0.1062812,-0.31816741520996095,2
2026-08-17,GODREJPROP,20,1,0.04185353486138819,0.1846180558204651,0.035476685,0.10628119999999998,-0.12080451542968748,2
2026-08-17,GODREJPROP,39,-1,-0.08045954547841874,0.31523585319519043,-0.05466938,0.1062812,-0.2109505801879883,2
2026-08-17,GRASIM,4,1,0.05784728466184695,0.3949948251247406,0.1733303,0.10628119999999998,0.017049107006835956,2
2026-08-17,GRASIM,5,1,0.045567201516171385,0.3446296155452728,0.30950308,0.10628120000000002,0.15322187846069335,2
2026-08-17,GRASIM,20,1,0.042615818135041825,0.20281822979450226,0.0,0.10628119999999998,-0.15628119999999998,2
2026-08-17,GRASIM,39,-1,-0.1029494505034562,0.1556044965982437,-0.20923615,0.1062812,-0.36551734501953126,2
2026-08-17,GRASIM,50,-1,-0.06933756436630553,0.18392300605773926,0.41590333,0.1062812,0.25962212984924316,2
2026-08-17,GRASIM,52,-1,-0.04387635041820739,0.19392748177051544,-0.3040552,0.1062812,-0.46033641392822267,2
2026-08-17,HAL,4,1,0.048623658887388066,0.6809836030006409,-0.4996717,0.1062812,-0.6559528976165772,2
2026-08-17,HAL,13,1,0.04780740129877393,0.44962355494499207,0.4523158,0.10628119999999998,0.29603460734252934,2
2026-08-17,HAL,14,1,0.0509841384279644,0.36162763833999634,0.58659315,0.10628119999999998,0.43031195109252934,2
2026-08-17,HAL,39,-1,-0.08572748789455964,0.14561931788921356,0.13779402,0.1062812,-0.018487182208251962,2
2026-08-17,HAL,50,-1,-0.058802194185870314,0.16523492336273193,-0.06304979,0.1062812,-0.2193309932434082,2
2026-08-17,HAL,52,-1,-0.049440780168162154,0.16551339626312256,0.24411678,0.10628119999999998,0.08783558314208988,2
2026-08-17,HAVELLS,4,1,0.0598852035466458,0.6819251179695129,0.66491365,0.1062812,0.5086324543273926,2
2026-08-17,HAVELLS,14,1,0.047711717199422105,0.3153854310512543,-0.23850799,0.1062812,-0.3947891860687256,2
2026-08-17,HAVELLS,15,1,0.044005479905329006,0.3092912435531616,-0.069344044,0.10628119999999998,-0.2256252437316894,2
2026-08-17,HAVELLS,17,1,0.04239650252189814,0.2650405764579773,0.100302696,0.1062812,-0.055978503771972665,2
2026-08-17,HAVELLS,39,-1,-0.09424494102417798,0.22501933574676514,0.24408698,0.1062812,0.08780578081970213,2
2026-08-17,HAVELLS,50,-1,-0.060266450814274376,0.202053964138031,0.07648468,0.1062812,-0.07979651982421876,2
2026-08-17,HAVELLS,52,-1,-0.04906718159667802,0.1948949247598648,0.13757348,0.10628119999999998,-0.01870771939392088,2
2026-08-17,HCLTECH,4,1,0.06287878826159721,0.4394822120666504,-0.2159357,0.1062812,-0.37221690709228517,2
2026-08-17,HCLTECH,5,1,0.06393503810501834,0.4139356017112732,0.0,0.1062812,-0.1562812,2
2026-08-17,HCLTECH,12,1,0.04525766856032997,0.28910771012306213,-0.48482418,0.10628119999999998,-0.6411053806030274,2
2026-08-17,HCLTECH,13,1,0.04850202316812173,0.27593499422073364,-0.52203536,0.1062812,-0.6783165603363037,2
2026-08-17,HCLTECH,14,1,0.05433448056663057,0.21268734335899353,-0.507468,0.10628119999999998,-0.6637491851531983,2
2026-08-17,HCLTECH,17,1,0.04396134231726578,0.19081152975559235,-0.29933453,0.1062812,-0.4556157260620117,2
2026-08-17,HCLTECH,18,1,0.04195947166353105,0.19319535791873932,-0.26972294,0.10628119999999998,-0.4260041385375976,2
2026-08-17,HCLTECH,19,1,0.04139425532597507,0.18041883409023285,-0.28467178,0.1062812,-0.44095298344726563,2
2026-08-17,HCLTECH,20,1,0.042890030936325936,0.16760824620723724,-0.19490123,0.1062812,-0.3511824279510498,2
2026-08-17,HCLTECH,39,-1,-0.09945606636205474,0.11877290159463882,0.27710795,0.10628119999999998,0.12082675402526859,2
2026-08-17,HCLTECH,50,-1,-0.06679869125792524,0.11689410358667374,0.022512674,0.10628119999999998,-0.13376852566833494,2
2026-08-17,HCLTECH,52,-1,-0.04786582102086256,0.12066543102264404,0.037556887,0.1062812,-0.11872431332702638,2
2026-08-17,HDFCAMC,4,1,0.05846195412732041,0.415578693151474,-0.040113926,0.10628119999999998,-0.19639512593383784,2
2026-08-17,HDFCAMC,5,1,0.04529685341134954,0.4028739035129547,0.056052208,0.1062812,-0.10022899205322267,2
2026-08-17,HDFCAMC,14,1,0.04439419497705799,0.3224407732486725,1.2278557,0.10628120000000002,1.0715744823730469,2
2026-08-17,HDFCAMC,20,1,0.050102762490149666,0.24934589862823486,0.27786493,0.10628120000000002,0.12158373301391599,2
2026-08-17,HDFCAMC,39,-1,-0.11468374694627996,0.16471682488918304,0.023651123,0.10628119999999998,-0.13263007695312498,2
2026-08-17,HDFCAMC,50,-1,-0.07388537354203419,0.14786791801452637,-0.090909004,0.10628119999999998,-0.24719020421142573,2
2026-08-17,HDFCAMC,51,-1,-0.04816190708491032,0.1569751650094986,-0.28119087,0.1062812,-0.4374720721923828,2
2026-08-17,HDFCAMC,52,-1,-0.06391949051010223,0.16033102571964264,-0.20190477,0.1062812,-0.3581859737121582,2
2026-08-17,HDFCAMC,53,-1,-0.048891400852046636,0.16807276010513306,0.003951788,0.1062812,-0.1523294120513916,2
2026-08-17,HDFCBANK,14,1,0.04399707838192813,0.11226192116737366,-0.006890297,0.10628120000000002,-0.16317149693603517,2
2026-08-17,HDFCBANK,39,-1,-0.08835648943497922,0.05761018767952919,-0.42057037,0.1062812,-0.5768515735351563,2
2026-08-17,HDFCBANK,50,-1,-0.060559197188411594,0.0960877314209938,0.013720989,0.1062812,-0.1425602107727051,2
2026-08-17,HDFCBANK,52,-1,-0.049625565372711775,0.10440073907375336,0.123518705,0.10628119999999998,-0.03276249463195799,2
2026-08-17,HDFCLIFE,4,1,0.05077223864140708,0.44255948066711426,-0.16593337,0.1062812,-0.32221457059020997,2
2026-08-17,HDFCLIFE,12,1,0.04129898331201918,0.3247870206832886,0.30546188,0.1062812,0.14918068354492187,2
2026-08-17,HDFCLIFE,13,1,0.05055217791826796,0.31139323115348816,0.50930977,0.10628119999999998,0.35302856867675786,2
2026-08-17,HDFCLIFE,39,-1,-0.09501786937858889,0.12300334870815277,0.101298094,0.1062812,-0.05498310620422364,2
2026-08-17,HDFCLIFE,50,-1,-0.06179566065604119,0.1262357383966446,0.06443858,0.1062812,-0.0918426185333252,2
2026-08-17,HDFCLIFE,52,-1,-0.05011097840557831,0.13474608957767487,0.16567111,0.1062812,0.009389910153198233,2
2026-08-17,HEROMOTOCO,4,1,0.06294206134166574,0.38305580615997314,-0.53498745,0.1062812,-0.6912686496459961,2
2026-08-17,HEROMOTOCO,5,1,0.05404518328708495,0.35234561562538147,-0.7160723,0.1062812,-0.8723535209381104,2
2026-08-17,HEROMOTOCO,12,1,0.04843005817716672,0.310152143239975,-0.112986565,0.1062812,-0.2692677646362305,2
2026-08-17,HEROMOTOCO,14,1,0.05357373413268838,0.23639927804470062,-0.11290312,0.1062812,-0.26918431813354493,2
2026-08-17,HEROMOTOCO,20,1,0.04337592690245645,0.20882275700569153,0.4089117,0.10628119999999998,0.2526305050170899,2
2026-08-17,HEROMOTOCO,39,-1,-0.10225209699782557,0.14540639519691467,-0.06929636,0.1062812,-0.22557756001586915,2
2026-08-17,HEROMOTOCO,50,-1,-0.06901221824783813,0.14692389965057373,0.08675456,0.1062812,-0.06952663952941895,2
2026-08-17,HEROMOTOCO,51,-1,-0.0486536367345174,0.15024523437023163,-0.052154064,0.1062812,-0.2084352641784668,2
2026-08-17,HEROMOTOCO,52,-1,-0.05441921249332105,0.1565898209810257,-0.104391575,0.10628119999999998,-0.2606727748596191,2
2026-08-17,HEROMOTOCO,53,-1,-0.04242106339405226,0.1516319066286087,-0.16528368,0.10628119999999998,-0.32156487996215816,2
2026-08-17,HINDALCO,4,1,0.05332731651387829,0.4484737515449524,0.15913248,0.10628119999999998,0.0028512806213379094,2
2026-08-17,HINDALCO,12,1,0.04138710938431358,0.2842537760734558,0.12543201,0.1062812,-0.030849185534667978,2
2026-08-17,HINDALCO,13,1,0.04250950742486779,0.27484384179115295,-0.019288063,0.10628119999999998,-0.17556926304931636,2
2026-08-17,HINDALCO,14,1,0.051942929807869825,0.22149042785167694,-0.20256639,0.1062812,-0.35884758526916505,2
2026-08-17,HINDALCO,39,-1,-0.09929218187312154,0.18643556535243988,-0.4605651,0.1062812,-0.6168462901794434,2
2026-08-17,HINDALCO,50,-1,-0.061422062084557055,0.19405700266361237,0.2754748,0.1062812,0.11919358675842283,2
2026-08-17,HINDALCO,52,-1,-0.049215767494300414,0.1850121021270752,0.31360388,0.1062812,0.15732267802124023,2
2026-08-17,HINDPETRO,4,1,0.06274840797786667,0.6560433506965637,-0.65605044,0.1062812,-0.812331643649292,2
2026-08-17,HINDPETRO,5,1,0.050369711392135905,0.6063448190689087,-0.5371988,0.1062812,-0.6934799819671631,2
2026-08-17,HINDPETRO,14,1,0.05390860674173681,0.25740906596183777,-0.17547011,0.10628119999999998,-0.3317513137542724,2
2026-08-17,HINDPETRO,20,1,0.04196764956269186,0.1419297754764557,-0.054079294,0.1062812,-0.21036049420471192,2
2026-08-17,HINDPETRO,39,-1,-0.116032951739844,0.129013791680336,-0.2965808,0.1062812,-0.4528619914733887,2
2026-08-17,HINDPETRO,50,-1,-0.07814940137041324,0.12000767886638641,0.17473102,0.1062812,0.018449816159057608,2
2026-08-17,HINDPETRO,51,-1,-0.05521911980797337,0.12196070700883865,0.12099743,0.1062812,-0.03528377110595704,2
2026-08-17,HINDPETRO,52,-1,-0.05625015513098641,0.12688171863555908,0.17484426,0.10628119999999998,0.018563064984130878,2
2026-08-17,HINDPETRO,53,-1,-0.04360134222357079,0.11816685646772385,0.17484426,0.10628119999999998,0.018563064984130878,2
2026-08-17,HINDUNILVR,4,1,0.05762763008334843,0.2859334945678711,-0.17931461,0.10628119999999998,-0.3355958133422851,2
2026-08-17,HINDUNILVR,39,-1,-0.10622257996829615,0.10523002594709396,-0.03876686,0.1062812,-0.19504806096191407,2
2026-08-17,HINDUNILVR,50,-1,-0.06828514817530705,0.10376444458961487,-0.05327463,0.1062812,-0.20955583150024415,2
2026-08-17,HINDUNILVR,52,-1,-0.04788840769835487,0.11249956488609314,0.01937747,0.1062812,-0.13690372998352052,2
2026-08-17,HINDZINC,4,1,0.05851563389310808,0.4832412600517273,0.7848382,0.10628119999999998,0.6285569996154785,2
2026-08-17,HINDZINC,20,1,0.049958240396862016,0.2690482437610626,0.7531285,0.10628119999999998,0.5968473285949707,2
2026-08-17,HINDZINC,39,-1,-0.08063791582743603,0.28536489605903625,0.2966225,0.1062812,0.14034131472473144,2
2026-08-17,HINDZINC,50,-1,-0.057637368316507835,0.19168300926685333,0.13109446,0.1062812,-0.02518674428100587,2
2026-08-17,HINDZINC,52,-1,-0.04358785493221709,0.21525652706623077,0.026279688,0.1062812,-0.13000151211853028,2
2026-08-17,HONAUT,4,1,0.05954330323299725,0.3420659601688385,-0.5565345,0.1062812,-0.7128157287322998,2
2026-08-17,HONAUT,12,1,0.05612912924897324,0.297475129365921,0.02733469,0.1062812,-0.12894650990600587,2
2026-08-17,HONAUT,13,1,0.04503054190024705,0.2865329384803772,0.0,0.10628119999999998,-0.15628119999999998,2
2026-08-17,HONAUT,14,1,0.04691817087261481,0.2439500391483307,-0.06830692,0.10628119999999998,-0.2245881229125976,2
2026-08-17,HONAUT,39,-1,-0.10701429994581294,0.03029533103108406,-0.027370453,0.10628119999999998,-0.18365165288085933,2
2026-08-17,HONAUT,50,-1,-0.06915760290977623,0.04885675385594368,0.17789006,0.10628119999999998,0.02160886233215334,2
2026-08-17,HONAUT,52,-1,-0.042363958910389445,0.051851995289325714,0.13694763,0.1062812,-0.01933356816406251,2
2026-08-17,HUDCO,4,1,0.07127593693206863,0.5928856730461121,-0.15479326,0.1062812,-0.31107446248168946,2
2026-08-17,HUDCO,5,1,0.04922828304553054,0.5183882713317871,-0.44814348,0.1062812,-0.604424682208252,2
2026-08-17,HUDCO,12,1,0.06254710844537052,0.36565297842025757,-0.053596497,0.1062812,-0.20987769658203126,2
2026-08-17,HUDCO,13,1,0.06914334540258626,0.3526252210140228,0.085771084,0.1062812,-0.0705101161682129,2
2026-08-17,HUDCO,14,1,0.06894140446574172,0.23336954414844513,0.26831627,0.1062812,0.11203506892089841,2
2026-08-17,HUDCO,15,1,0.041510563155181965,0.2201867252588272,0.07506609,0.10628119999999998,-0.08121511036987303,2
2026-08-17,HUDCO,39,-1,-0.08720585264251367,0.13734042644500732,-0.24101734,0.10628119999999998,-0.3972985416137695,2
2026-08-17,HUDCO,50,-1,-0.06157949989258465,0.18284709751605988,0.23522973,0.10628119999999998,0.07894853060607913,2
2026-08-17,HUDCO,52,-1,-0.046020038662016836,0.17881111800670624,0.17651916,0.1062812,0.020237955502319327,2
2026-08-17,ICICIBANK,4,1,0.05336657599318698,0.2616488039493561,-0.16258359,0.1062812,-0.318864789553833,2
2026-08-17,ICICIBANK,39,-1,-0.09501786937858889,0.13716842234134674,-0.11296272,0.1062812,-0.2692439227783203,2
2026-08-17,ICICIBANK,50,-1,-0.06179566065604119,0.11619890481233597,0.07042289,0.1062812,-0.08585831219787599,2
2026-08-17,ICICIBANK,51,-1,-0.04159603868897446,0.11813560873270035,0.15483499,0.10628119999999998,-0.0014462142669677547,2
2026-08-17,ICICIBANK,52,-1,-0.049894817642121767,0.12214823812246323,0.1337111,0.1062812,-0.02257010037536622,2
2026-08-17,ICICIGI,4,1,0.05760474838681129,0.393261581659317,-0.32448173,0.10628119999999998,-0.480762925692749,2
2026-08-17,ICICIGI,5,1,0.042771195353392875,0.3923735022544861,-0.3370285,0.1062812,-0.49330970341796876,2
2026-08-17,ICICIGI,12,1,0.0420924698998503,0.27621185779571533,-0.18444657,0.1062812,-0.3407277732574463,2
2026-08-17,ICICIGI,13,1,0.040878435562188405,0.2654114067554474,-0.018441677,0.1062812,-0.17472287709350587,2
2026-08-17,ICICIGI,14,1,0.046931080642507714,0.23408424854278564,-0.06147623,0.1062812,-0.2177574306213379,2
2026-08-17,ICICIGI,39,-1,-0.09501786937858889,0.11511503905057907,-0.06767511,0.10628119999999998,-0.22395631367797847,2
2026-08-17,ICICIGI,50,-1,-0.06694727715554763,0.1158362627029419,0.018423796,0.1062812,-0.13785740429992677,2
2026-08-17,ICICIGI,52,-1,-0.05011097840557831,0.12006968259811401,0.22696257,0.10628119999999998,0.07068136637573244,2
2026-08-17,ICICIPRULI,4,1,0.058721779367549624,0.4819281995296478,-0.15800595,0.1062812,-0.314287152835083,2
2026-08-17,ICICIPRULI,5,1,0.042513454534063466,0.4347400665283203,-0.50351024,0.10628119999999998,-0.6597914367401123,2
2026-08-17,ICICIPRULI,12,1,0.04923256276928827,0.3480546772480011,0.63517094,0.1062812,0.4788897365844727,2
2026-08-17,ICICIPRULI,13,1,0.04763444259224712,0.33845055103302,0.40650368,0.10628120000000002,0.25022247736816405,2
2026-08-17,ICICIPRULI,14,1,0.04587151630335965,0.2821504473686218,0.24750233,0.1062812,0.09122112696533201,2
2026-08-17,ICICIPRULI,39,-1,-0.08820199515124066,0.08533738553524017,-0.069117546,0.10628119999999998,-0.22539874608154292,2
2026-08-17,ICICIPRULI,50,-1,-0.06125797134865133,0.07822944223880768,-0.009858608,0.1062812,-0.16613980824584962,2
2026-08-17,ICICIPRULI,52,-1,-0.049103953032918014,0.07328149676322937,0.118380785,0.1062812,-0.03790041501159669,2
2026-08-17,IDEA,4,1,0.0558467642026595,0.6134125590324402,-0.4282713,0.10628120000000002,-0.5845524936401367,2
2026-08-17,IDEA,5,1,0.04575301032349241,0.5480139255523682,-0.42857528,0.10628119999999998,-0.5848564773284912,2
2026-08-17,IDEA,13,1,0.056090486453930444,0.3802690804004669,-0.43165088,0.1062812,-0.5879320769989014,2
2026-08-17,IDEA,14,1,0.07114527799065781,0.298263281583786,-0.21598935,0.10628119999999998,-0.37227055127258296,2
2026-08-17,IDEA,15,1,0.061833041650360895,0.2830398678779602,-0.072050095,0.1062812,-0.2283312946044922,2
2026-08-17,IDEA,17,1,0.049233206783346854,0.2523440420627594,0.07215738,0.10628119999999998,-0.08412381703491209,2
2026-08-17,IDEA,18,1,0.044359403854772245,0.24737194180488586,-0.3607452,0.10628119999999998,-0.5170263915740967,2
2026-08-17,IDEA,20,1,0.04857634624317326,0.25289005041122437,0.0,0.1062812,-0.1562812,2
2026-08-17,IDEA,39,-1,-0.09681144963682585,0.23207877576351166,-0.07225275,0.1062812,-0.22853395039672852,2
2026-08-17,IDEA,50,-1,-0.052051070345958274,0.19192658364772797,-0.072681904,0.1062812,-0.22896310383911134,2
2026-08-17,IDEA,52,-1,-0.04486874491939695,0.18673920631408691,-0.0,0.10628119999999998,-0.15628119999999998,2
2026-08-17,IDFCFIRSTB,4,1,0.05896809218304608,0.42648208141326904,-0.22394657,0.10628119999999998,-0.3802277713500976,2
2026-08-17,IDFCFIRSTB,5,1,0.04749553332777507,0.37896496057510376,-0.27096868,0.1062812,-0.42724987561340333,2
2026-08-17,IDFCFIRSTB,14,1,0.041162634242981964,0.1915227472782135,-0.08265376,0.1062812,-0.2389349609100342,2
2026-08-17,IDFCFIRSTB,39,-1,-0.11047882974472834,0.12068141251802444,-0.1994133,0.10628120000000002,-0.3556944995605469,2
2026-08-17,IDFCFIRSTB,50,-1,-0.07429722705296896,0.11626211553812027,0.117093325,0.1062812,-0.039187875338745126,2
2026-08-17,IDFCFIRSTB,51,-1,-0.05195742029183527,0.11884079873561859,0.12882352,0.1062812,-0.02745768124694825,2
2026-08-17,IDFCFIRSTB,52,-1,-0.06225347934348984,0.10121874511241913,0.15229583,0.1062812,-0.003985372134399423,2
2026-08-17,IDFCFIRSTB,53,-1,-0.04235556000376605,0.09289740771055222,0.10544658,0.1062812,-0.050834622927856454,2
2026-08-17,INDHOTEL,4,1,0.04884068558206279,0.3250246047973633,-0.05556345,0.10628119999999998,-0.2118446498596191,2
2026-08-17,INDHOTEL,14,1,0.049579838165494106,0.1540694236755371,-0.30623674,0.1062812,-0.46251794392700196,2
2026-08-17,INDHOTEL,39,-1,-0.09999375566944459,0.1394519805908203,0.10420084,0.10628120000000002,-0.05208036000366213,2
2026-08-17,INDHOTEL,50,-1,-0.06179566065604119,0.10697929561138153,0.02079606,0.1062812,-0.13548513943786622,2
2026-08-17,INDHOTEL,52,-1,-0.048352902598154945,0.10499078780412674,0.07625818,0.10628119999999998,-0.08002301747436522,2
2026-08-17,INDIANB,3,1,0.04803833351020317,0.6469182968139648,0.1314044,0.10628119999999998,-0.02487680012817381,2
2026-08-17,INDIANB,4,1,0.10137585305053856,0.6059552431106567,0.07425547,0.1062812,-0.08202573353881837,2
2026-08-17,INDIANB,5,1,0.07831444974471473,0.5525122284889221,-0.22819042,0.1062812,-0.3844716220581055,2
2026-08-17,INDIANB,7,1,0.04414660896753893,0.49894067645072937,-0.20586848,0.1062812,-0.3621496825897217,2
2026-08-17,INDIANB,12,1,0.061300399023900366,0.399810791015625,0.08004904,0.1062812,-0.0762321620666504,2
2026-08-17,INDIANB,13,1,0.05872368980078059,0.40952247381210327,0.3101349,0.10628120000000002,0.1538536876953125,2
2026-08-17,INDIANB,14,1,0.08253746266468649,0.3618290424346924,0.0859499,0.1062812,-0.07033130223388673,2
2026-08-17,INDIANB,15,1,0.0719323491231755,0.3166884481906891,-0.08585453,0.1062812,-0.24213573033447267,2
2026-08-17,INDIANB,16,1,0.04189133040149079,0.29280394315719604,-0.22870302,0.1062812,-0.38498422200317384,2
2026-08-17,INDIANB,17,1,0.05692910743837374,0.29133743047714233,-0.13162494,0.10628119999999995,-0.28790613705749507,2
2026-08-17,INDIANB,18,1,0.04677443478928849,0.27591875195503235,-0.257349,0.10628119999999998,-0.4136302142822265,2
2026-08-17,INDIANB,19,1,0.05890542776336049,0.2746469974517822,-0.25148988,0.1062812,-0.4077710777008057,2
2026-08-17,INDIANB,20,1,0.07732182913282322,0.28299960494041443,-0.16030669,0.10628119999999998,-0.31658789212341304,2
2026-08-17,INDIANB,21,1,0.043014799347815366,0.2486475557088852,-0.14885664,0.10628119999999998,-0.3051378398620605,2
2026-08-17,INDIANB,39,-1,-0.11630220400925398,0.15640410780906677,-0.7470727,0.1062812,-0.903353896685791,2
2026-08-17,INDIANB,50,-1,-0.06561819057740588,0.25751346349716187,0.005656481,0.1062812,-0.15062471921081544,2
2026-08-17,INDIANB,51,-1,-0.042068105067943014,0.25812214612960815,-0.10762215,0.10628119999999998,-0.26390334660644527,2
2026-08-17,INDIANB,52,-1,-0.06022258761735997,0.2428029179573059,-0.03966093,0.1062812,-0.19594213063354493,2
2026-08-17,INDIANB,53,-1,-0.04307972988377703,0.2225310206413269,-0.34550428,0.10628119999999998,-0.5017854839050293,2
2026-08-17,INDIGO,4,1,0.0624081085194141,0.5338112115859985,0.16969442,0.1062812,0.0134132236755371,2
2026-08-17,INDIGO,5,1,0.0534960893777167,0.4696826934814453,0.13195276,0.10628119999999998,-0.024328437396240216,2
2026-08-17,INDIGO,20,1,0.044048659833679865,0.1821163147687912,-0.1693666,0.1062812,-0.32564779812927247,2
2026-08-17,INDIGO,39,-1,-0.11651836477271052,0.13288411498069763,0.04696846,0.10628119999999998,-0.10931273991699217,2
2026-08-17,INDIGO,50,-1,-0.07672815269823402,0.1338444948196411,0.16009212,0.10628119999999998,0.0038109154022216984,2
2026-08-17,INDIGO,51,-1,-0.0529780798267914,0.1345677673816681,0.16009212,0.10628119999999998,0.0038109154022216984,2
2026-08-17,INDIGO,52,-1,-0.0631014733052913,0.1325242817401886,0.1507163,0.1062812,-0.005564895220947275,2
2026-08-17,INDIGO,53,-1,-0.04348745100069174,0.12864552438259125,0.028288364,0.1062812,-0.12799283558959962,2
2026-08-17,INDUSINDBK,4,1,0.062300563816672413,0.3742579221725464,0.0,0.1062812,-0.1562812,2
2026-08-17,INDUSINDBK,5,1,0.048228504743347285,0.33475229144096375,-0.25727153,0.1062812,-0.41355272824401856,2
2026-08-17,INDUSINDBK,14,1,0.05807715222193335,0.1602434664964676,-0.049626827,0.10628119999999998,-0.2059080272399902,2
2026-08-17,INDUSINDBK,39,-1,-0.11298364426695451,0.12381313741207123,-0.5448222,0.10628119999999998,-0.7011034160339356,2
2026-08-17,INDUSINDBK,50,-1,-0.07327299190695616,0.1894901692867279,0.1479268,0.1062812,-0.008354392596435556,2
2026-08-17,INDUSINDBK,51,-1,-0.05042403859290429,0.1782367080450058,0.13813972,0.1062812,-0.018141475268554696,2
2026-08-17,INDUSINDBK,52,-1,-0.06083612275545636,0.16634225845336914,0.18749237,0.1062812,0.03121117060546874,2
2026-08-17,INDUSINDBK,53,-1,-0.04551548785603514,0.16409829258918762,0.11832118,0.1062812,-0.03796001965637208,2
2026-08-17,INDUSTOWER,4,1,0.058721779367549624,0.35849669575691223,-0.117748976,0.10628119999999998,-0.27403017575378413,2
2026-08-17,INDUSTOWER,5,1,0.04390543462381942,0.32718098163604736,-0.1963079,0.10628119999999998,-0.352589097567749,2
2026-08-17,INDUSTOWER,14,1,0.06089725287235971,0.21326179802417755,0.02629757,0.10628119999999998,-0.12998363072509764,2
2026-08-17,INDUSTOWER,39,-1,-0.09947214332965082,0.1550343930721283,-0.31570196,0.1062812,-0.471983161517334,2
2026-08-17,INDUSTOWER,50,-1,-0.060037584848617834,0.13205115497112274,0.10488629,0.10628119999999998,-0.0513949065887451,2
2026-08-17,INDUSTOWER,51,-1,-0.041274510145041146,0.12730121612548828,0.14414787,0.10628119999999998,-0.012133327075195294,2
2026-08-17,INDUSTOWER,52,-1,-0.05011097840557831,0.11421150714159012,0.18356442,0.10628119999999998,0.027283224514770527,2
2026-08-17,INFY,4,1,0.06372961185084361,0.3539212942123413,-0.190866,0.1062812,-0.34714719349975587,2
2026-08-17,INFY,5,1,0.05190653145726318,0.35390302538871765,-0.10402799,0.1062812,-0.26030918652648927,2
2026-08-17,INFY,14,1,0.04965094050437942,0.24127936363220215,-0.6513238,0.10628119999999998,-0.8076049953186035,2
2026-08-17,INFY,15,1,0.05199290459913465,0.24277329444885254,-0.9214163,0.1062812,-1.0776974826538086,2
2026-08-17,INFY,17,1,0.04426567109251572,0.23830440640449524,-0.3580749,0.10628119999999998,-0.5143561034881592,2
2026-08-17,INFY,18,1,0.050497933368287895,0.24652214348316193,-0.3933549,0.10628119999999998,-0.5496360927307129,2
2026-08-17,INFY,19,1,0.044063000770320625,0.23372246325016022,-0.3062129,0.1062812,-0.4624941020690918,2
2026-08-17,INFY,20,1,0.04100710965530603,0.22427015006542206,-0.3061056,0.10628120000000002,-0.4623868137084961,2
2026-08-17,INFY,39,-1,-0.1136072458705245,0.1405344158411026,0.05246401,0.1062812,-0.10381719166870118,2
2026-08-17,INFY,50,-1,-0.07841865363982321,0.10853562504053116,-0.01746416,0.1062812,-0.17374536091918946,2
2026-08-17,INFY,51,-1,-0.049914754185228165,0.11049334704875946,-0.052416325,0.10628119999999998,-0.20869752461547847,2
2026-08-17,INFY,52,-1,-0.06016834148092673,0.11301107704639435,-0.017476082,0.10628119999999998,-0.1737572818481445,2
2026-08-17,INFY,53,-1,-0.04250848831162408,0.11671636253595352,0.061148405,0.1062812,-0.09513279492492677,2
2026-08-17,IOC,4,1,0.05633004154843587,0.41669920086860657,-0.6084919,0.10628119999999998,-0.7647730975830078,2
2026-08-17,IOC,5,1,0.0410502371668258,0.37371590733528137,-0.68793297,0.10628119999999998,-0.8442141681396484,2
2026-08-17,IOC,12,1,0.045222242734616516,0.2686411440372467,0.072181225,0.10628119999999998,-0.08409997517700193,2
2026-08-17,IOC,13,1,0.051456348489013023,0.26027533411979675,-0.0072181225,0.1062812,-0.1634993224822998,2
2026-08-17,IOC,14,1,0.05536737288571753,0.21345123648643494,0.0,0.1062812,-0.1562812,2
2026-08-17,IOC,39,-1,-0.09950834263657808,0.1057094931602478,-0.34663677,0.1062812,-0.5029179721557617,2
2026-08-17,IOC,50,-1,-0.05786823449385583,0.14414508640766144,-0.10089874,0.1062812,-0.25717994267578126,2
2026-08-17,IOC,51,-1,-0.04111062565610793,0.15465529263019562,0.09353161,0.1062812,-0.06274959141845704,2
2026-08-17,IOC,52,-1,-0.049625565372711775,0.14794448018074036,0.23732781,0.1062812,0.08104661410217283,2
2026-08-17,IPCALAB,3,1,0.08279726333957073,2.7999794483184814,-3.856206,0.1062812,-4.0124871402465825,2
2026-08-17,IPCALAB,4,1,0.11114295554213274,2.572911500930786,-5.0807834,0.1062812,-5.237064567156982,2
2026-08-17,IPCALAB,5,1,0.0985534883631025,2.702988386154175,-3.2904863,0.10628119999999998,-3.4467675357543945,2
2026-08-17,IPCALAB,6,1,0.06886507482264827,2.4411187171936035,-2.3999572,0.10628119999999998,-2.5562383800231934,2
2026-08-17,IPCALAB,7,1,0.07367868607680512,2.24208664894104,-2.0888805,0.1062812,-2.2451617389404297,2
2026-08-17,IPCALAB,8,1,0.07174494561989622,2.084486246109009,-0.894624,0.1062812,-1.0509051948272705,2
2026-08-17,IPCALAB,10,1,0.04690255151276975,1.9392292499542236,0.01630783,0.1062812,-0.13997336918945313,2
2026-08-17,IPCALAB,11,1,0.0560821901057429,1.8668019771575928,0.60755014,0.1062812,0.4512689441955567,2
2026-08-17,IPCALAB,12,1,0.056083093147691845,1.777381420135498,0.55282116,0.1062812,0.39653995936279296,2
2026-08-17,IPCALAB,13,1,0.061477763457192275,1.7384939193725586,0.48525333,0.10628119999999998,0.3289721340454102,2
2026-08-17,IPCALAB,14,1,0.08514023047911953,1.3637279272079468,0.19593239,0.10628119999999998,0.03965118830566408,2
2026-08-17,IPCALAB,15,1,0.07453056496223262,1.3073358535766602,-0.14054179,0.1062812,-0.29682299191589356,2
2026-08-17,IPCALAB,16,1,0.07147401221313521,1.3197996616363525,0.42452812,0.10628119999999998,0.26824692194824223,2
2026-08-17,IPCALAB,17,1,0.07386105369684012,1.1050214767456055,0.08150339,0.1062812,-0.07477780873413087,2
2026-08-17,IPCALAB,18,1,0.07402621905629751,1.025515079498291,0.6259918,0.10628119999999998,0.46971062128906255,2
2026-08-17,IPCALAB,19,1,0.0798227485418864,0.8219472765922546,1.230061,0.10628119999999998,1.0737798542297363,2
2026-08-17,IPCALAB,20,1,0.11445785784881124,0.811177134513855,0.77604055,0.10628119999999998,0.6197593540466309,2
2026-08-17,IPCALAB,21,1,0.09416448186207362,0.7872270345687866,1.325655,0.1062812,1.1693737835205078,2
2026-08-17,IPCALAB,22,1,0.08434789211643733,0.766714334487915,1.1421442,0.10628119999999998,0.9858630031860351,2
2026-08-17,IPCALAB,23,1,0.07011605483908215,0.7320547103881836,0.50429106,0.1062812,0.3480098575866699,2
2026-08-17,IPCALAB,24,1,0.07486702506424321,0.6844640374183655,0.5103469,0.1062812,0.3540656894958496,2
2026-08-17,IPCALAB,25,1,0.06754909198970152,0.6615042686462402,-0.14064312,0.10628119999999998,-0.29692431981201167,2
2026-08-17,IPCALAB,26,1,0.06318505854012191,0.6559489369392395,-1.0114074,0.10628119999999998,-1.1676885753356934,2
2026-08-17,IPCALAB,27,1,0.064751750564993,0.6073540449142456,-0.8293867,0.10628119999999998,-0.9856679111206055,2
2026-08-17,IPCALAB,28,1,0.06645012728381287,0.6648792624473572,-0.46122074,0.1062812,-0.6175019412719727,2
2026-08-17,IPCALAB,29,1,0.05718026650546948,0.6632516384124756,-0.98983645,0.10628119999999998,-1.1461176543914795,2
2026-08-17,IPCALAB,30,1,0.07747091259958483,0.6821072101593018,-0.15650392,0.10628120000000002,-0.3127851157867432,2
2026-08-17,IPCALAB,31,1,0.08682515980651559,0.6786737442016602,-0.021600723,0.10628119999999998,-0.17788192326660152,2
2026-08-17,IPCALAB,32,1,0.06777840893327106,0.6624364256858826,0.21127462,0.10628119999999998,0.05499342387084963,2
2026-08-17,IPCALAB,33,1,0.07811280787408732,0.6774073243141174,0.6250024,0.1062812,0.46872118418579106,2
2026-08-17,IPCALAB,34,1,0.06898787854140467,0.677280068397522,0.5649686,0.10628119999999998,0.4086873859680176,2
2026-08-17,IPCALAB,35,1,0.05617478145167424,0.6985072493553162,-0.3825009,0.1062812,-0.5387820869171143,2
2026-08-17,IPCALAB,36,1,0.04913335874314911,0.6959515810012817,-0.05403161,0.10628119999999998,-0.21031281048889156,2
2026-08-17,IPCALAB,37,1,0.051333906267477906,0.6578795909881592,0.021612644,0.10628119999999998,-0.13466855580444334,2
2026-08-17,IPCALAB,38,1,0.045055035303049815,0.6572449207305908,0.34036636,0.1062812,0.18408516352539062,2
2026-08-17,IPCALAB,40,1,0.04348954507635006,0.5948847532272339,0.8370638,0.1062812,0.6807825893676758,2
2026-08-17,IPCALAB,41,1,0.04711382094123351,0.5633416175842285,0.85885525,0.10628120000000002,0.7025740474975586,2
2026-08-17,IPCALAB,42,1,0.04191549736000654,0.48981425166130066,0.9629488,0.1062812,0.8066675991333008,2
2026-08-17,IPCALAB,43,1,0.055880223493046256,0.4437018632888794,1.1138082,0.10628119999999998,0.9575269550598144,2
2026-08-17,IPCALAB,44,1,0.05741344153760634,0.3781540095806122,1.058948,0.1062812,0.9026668400085449,2
2026-08-17,IPCALAB,54,1,0.053600024948482525,0.405621200799942,-0.04772544,0.1062812,-0.20400663907165528,2
2026-08-17,IPCALAB,58,1,0.05259767741018875,0.4407639801502228,-0.5816698,0.1062812,-0.737951007434082,2
2026-08-17,IPCALAB,59,1,0.04570961066809043,0.4241984486579895,-1.0964692,0.1062812,-1.2527503638946533,2
2026-08-17,IPCALAB,60,1,0.05689929884063945,0.4306708872318268,-0.8402467,0.1062812,-0.9965278773986816,2
2026-08-17,IPCALAB,61,1,0.05692013671487309,0.46646541357040405,-0.31830072,0.10628119999999998,-0.47458192402954097,2
2026-08-17,IPCALAB,62,1,0.05466378966549246,0.46078142523765564,-0.13267994,0.1062812,-0.28896113927001954,2
2026-08-17,IPCALAB,63,1,0.06252335593127388,0.44692710041999817,0.14324188,0.10628119999999998,-0.013039317675781231,2
2026-08-17,IPCALAB,64,1,0.06193277933024891,0.44154566526412964,0.05310774,0.10628119999999998,-0.10317346150512693,2
2026-08-17,IPCALAB,65,1,0.0727985188256525,0.45134443044662476,0.20743608,0.10628120000000002,0.05115488474731443,2
2026-08-17,IPCALAB,66,1,0.08281797016037319,0.4587544798851013,0.60231686,0.1062812,0.44603565638427733,2
2026-08-17,IPCALAB,67,1,0.06901025834840283,0.414167582988739,-0.042647123,0.10628119999999998,-0.19892832333679195,2
2026-08-17,IRCTC,4,1,0.05077223864140708,0.4942473769187927,-0.11000037,0.1062812,-0.2662815719329834,2
2026-08-17,IRCTC,12,1,0.043250294164460246,0.3075084686279297,0.09018183,0.1062812,-0.066099372454834,2
2026-08-17,IRCTC,13,1,0.04864513134232516,0.296367347240448,0.020051003,0.1062812,-0.1362301974975586,2
2026-08-17,IRCTC,14,1,0.042473258267535785,0.25543519854545593,-0.030052662,0.10628119999999998,-0.1863338618957519,2
2026-08-17,IRCTC,39,-1,-0.09631306510707266,0.14443066716194153,-0.0,0.1062812,-0.1562812,2
2026-08-17,IRCTC,50,-1,-0.056287669224981705,0.15164096653461456,-0.100147724,0.1062812,-0.25642892415161134,2
2026-08-17,IRCTC,52,-1,-0.048658354174492165,0.14012637734413147,0.22004247,0.10628119999999998,0.06376126711730959,2
2026-08-17,IRFC,4,1,0.06291651067189447,0.4501360356807709,0.26552677,0.10628119999999998,0.10924557154541019,2
2026-08-17,IRFC,5,1,0.047872549767041285,0.3980600833892822,-0.046151876,0.10628119999999998,-0.20243307644958491,2
2026-08-17,IRFC,12,1,0.04883609064878839,0.290359228849411,-0.13853908,0.10628119999999998,-0.2948202758514404,2
2026-08-17,IRFC,13,1,0.04810160512730178,0.28208497166633606,-0.04618764,0.1062812,-0.2024688392364502,2
2026-08-17,IRFC,14,1,0.06148136765725546,0.21957670152187347,-0.011557341,0.1062812,-0.16783854062194825,2
2026-08-17,IRFC,39,-1,-0.09755539901471601,0.13197015225887299,-0.507915,0.1062812,-0.6641962199890137,2
2026-08-17,IRFC,50,-1,-0.0608418434196427,0.14843283593654633,-0.09185076,0.10628120000000002,-0.24813195759887696,2
2026-08-17,IRFC,51,-1,-0.04137987792551792,0.15323056280612946,0.011479855,0.1062812,-0.14480134541625977,2
2026-08-17,IRFC,52,-1,-0.041168433897222814,0.15171320736408234,0.05738139,0.1062812,-0.09889980847473145,2
2026-08-17,ITC,4,1,0.05850006132392055,0.34015145897865295,-0.03620982,0.1062812,-0.1924910217010498,2
2026-08-17,ITC,5,1,0.04695363508957352,0.3014972507953644,-0.14471412,0.1062812,-0.3009953170501709,2
2026-08-17,ITC,14,1,0.04498176060078403,0.11260055750608444,-0.27179122,0.1062812,-0.4280724197113037,2
2026-08-17,ITC,20,1,0.042402682793622,0.10519766062498093,-0.32721162,0.10628119999999998,-0.48349281842346187,2
2026-08-17,ITC,39,-1,-0.10043960270342649,0.11624069511890411,-0.0,0.1062812,-0.1562812,2
2026-08-17,ITC,50,-1,-0.07412541334530598,0.09013672918081284,0.054860115,0.10628119999999998,-0.10142108494873045,2
2026-08-17,ITC,51,-1,-0.054594751890248906,0.08620141446590424,0.12799501,0.1062812,-0.02828618580932618,2
2026-08-17,ITC,52,-1,-0.06234011994666684,0.08623295277357101,0.054883957,0.10628119999999998,-0.1013972430908203,2
2026-08-17,ITC,53,-1,-0.04551548785603514,0.09012024104595184,0.10971427,0.1062812,-0.046566930361938486,2
2026-08-17,JINDALSTEL,4,1,0.04557614362199388,0.27485111355781555,0.24747849,0.10628119999999998,0.09119728510742191,2
2026-08-17,JINDALSTEL,14,1,0.04107283507451122,0.18494346737861633,0.512588,0.10628119999999998,0.35630682413940434,2
2026-08-17,JINDALSTEL,39,-1,-0.09404221956483551,0.16460759937763214,-0.108885765,0.1062812,-0.2651669650756836,2
2026-08-17,JINDALSTEL,50,-1,-0.06147413211210787,0.11876807361841202,-0.25303364,0.1062812,-0.4093148380004883,2
2026-08-17,JINDALSTEL,51,-1,-0.041274510145041146,0.11679965257644653,-0.15357733,0.10628119999999998,-0.30985852772827144,2
2026-08-17,JINDALSTEL,52,-1,-0.05011097840557831,0.13590091466903687,0.018030405,0.10628119999999998,-0.13825079495544432,2
2026-08-17,JIOFIN,4,1,0.06374401439902672,0.5425111055374146,-0.16193986,0.10628119999999998,-0.31822105939025874,2
2026-08-17,JIOFIN,5,1,0.0450401638708949,0.48979970812797546,-0.18233061,0.1062812,-0.33861180836791993,2
2026-08-17,JIOFIN,14,1,0.0421951039949382,0.2474527508020401,-0.020259619,0.1062812,-0.17654081875915528,2
2026-08-17,JIOFIN,39,-1,-0.0879695354346515,0.1499193012714386,-0.60532093,0.1062812,-0.761602130480957,2
2026-08-17,JIOFIN,50,-1,-0.06746888949534138,0.1332571804523468,0.100302696,0.10628119999999998,-0.05597850377197264,2
2026-08-17,JIOFIN,52,-1,-0.04255292043858726,0.13912811875343323,0.04016757,0.1062812,-0.11611362988586427,2
2026-08-17,JKCEMENT,3,1,0.04316970983444359,0.5858624577522278,-0.20165443,0.1062812,-0.35793563420410157,2
2026-08-17,JKCEMENT,4,1,0.08832164231905279,0.5069611072540283,-0.096058846,0.10628120000000002,-0.25234004552001954,2
2026-08-17,JKCEMENT,5,1,0.05024665389492471,0.44785669445991516,-0.3262937,0.10628119999999998,-0.48257490689392085,2
2026-08-17,JKCEMENT,12,1,0.05901445640287891,0.3162541389465332,0.4907608,0.10628119999999998,0.3344796032226563,2
2026-08-17,JKCEMENT,13,1,0.052846526548571686,0.30288460850715637,0.74067116,0.10628119999999998,0.584389957836914,2
2026-08-17,JKCEMENT,14,1,0.055547538306788206,0.2633533179759979,0.95283985,0.1062812,0.7965586513793945,2
2026-08-17,JKCEMENT,17,1,0.04496469809290052,0.20506800711154938,1.6529679,0.1062812,1.4966867298400879,2
2026-08-17,JKCEMENT,39,-1,-0.09542670610619997,0.22978436946868896,0.12250543,0.10628119999999998,-0.03377577359313963,2
2026-08-17,JKCEMENT,50,-1,-0.0708431694491947,0.22169099748134613,-0.18696785,0.10628119999999998,-0.34324904973144527,2
2026-08-17,JKCEMENT,51,-1,-0.05247043183882949,0.22933945059776306,-0.08405447,0.10628119999999998,-0.2403356700622558,2
2026-08-17,JKCEMENT,52,-1,-0.052816147902432706,0.23067282140254974,0.018662214,0.1062812,-0.1376189857208252,2
2026-08-17,JSL,4,1,0.06718087970429536,0.4447464346885681,0.38659573,0.10628120000000002,0.23031452601318358,2
2026-08-17,JSL,5,1,0.05094340644477214,0.43325239419937134,0.14894009,0.1062812,-0.007341113635253915,2
2026-08-17,JSL,12,1,0.04252438416759017,0.3197762072086334,-0.10139942,0.1062812,-0.25768062169189454,2
2026-08-17,JSL,14,1,0.04777432639780729,0.24934925138950348,-0.28364658,0.10628119999999998,-0.43992778355712886,2
2026-08-17,JSL,39,-1,-0.11385540873899162,0.16043125092983246,-0.020360947,0.1062812,-0.17664214665527345,2
2026-08-17,JSL,50,-1,-0.07259801478300497,0.09599701315164566,-0.5022645,0.1062812,-0.6585456996643066,2
2026-08-17,JSL,51,-1,-0.05208064354026333,0.09064506739377975,-0.46824217,0.10628119999999998,-0.6245233684265137,2
2026-08-17,JSL,52,-1,-0.06547916168210444,0.0940001979470253,-0.28477907,0.1062812,-0.44106027180786134,2
2026-08-17,JSL,53,-1,-0.04793166285880714,0.0847659632563591,-0.27791262,0.1062812,-0.43419381672973634,2
2026-08-17,JSWENERGY,4,1,0.06901107022104273,0.41384562849998474,0.0,0.1062812,-0.1562812,2
2026-08-17,JSWENERGY,5,1,0.04761413710400356,0.3820030689239502,-0.35201907,0.10628119999999998,-0.5083002715789795,2
2026-08-17,JSWENERGY,12,1,0.04867748185936651,0.2821923494338989,0.44395924,0.1062812,0.2876780361450195,2
2026-08-17,JSWENERGY,13,1,0.05677884535844426,0.2735581398010254,0.24447441,0.1062812,0.08819321101074216,2
2026-08-17,JSWENERGY,14,1,0.062085424144841264,0.22394384443759918,0.40779114,0.1062812,0.2515099376953125,2
2026-08-17,JSWENERGY,39,-1,-0.09850057933599927,0.15994013845920563,-0.5892992,0.1062812,-0.745580401965332,2
2026-08-17,JSWENERGY,50,-1,-0.06838382441903768,0.17493808269500732,0.05403161,0.10628119999999998,-0.10224958951110838,2
2026-08-17,JSWENERGY,52,-1,-0.048658354174492165,0.1698843240737915,0.16216636,0.1062812,0.0058851570404052644,2
2026-08-17,JSWINFRA,4,1,0.07241726060434935,0.6853199005126953,0.3142357,0.1062812,0.15795448725585937,2
2026-08-17,JSWINFRA,5,1,0.04658436877289604,0.6301052570343018,0.14952421,0.1062812,-0.006756988116455087,2
2026-08-17,JSWINFRA,14,1,0.04448274838974973,0.32249876856803894,-0.41722655,0.10628119999999998,-0.5735077529632568,2
2026-08-17,JSWINFRA,17,1,0.05001963962614671,0.2718157470226288,-0.5670786,0.1062812,-0.7233597903930664,2
2026-08-17,JSWINFRA,20,1,0.041111048746460856,0.2240825593471527,-0.5826175,0.10628119999999998,-0.7388987212860108,2
2026-08-17,JSWINFRA,39,-1,-0.08495965161035204,0.249502494931221,-0.059723854,0.1062812,-0.21600505406494142,2
2026-08-17,JSWINFRA,50,-1,-0.06870535296297098,0.17551259696483612,-0.119137764,0.10628119999999998,-0.27541896397705073,2
2026-08-17,JSWINFRA,51,-1,-0.04159603868897446,0.1885545551776886,0.385648,0.1062812,0.22936681216125487,2
2026-08-17,JSWINFRA,52,-1,-0.051426165857318046,0.18604953587055206,0.93236566,0.1062812,0.7760844558990478,2
2026-08-17,JSWSTEEL,4,1,0.0643216223300087,0.5586869716644287,0.50793886,0.10628119999999998,0.3516576618469239,2
2026-08-17,JSWSTEEL,5,1,0.0410502371668258,0.5211235284805298,0.0,0.10628120000000002,-0.1562812,2
2026-08-17,JSWSTEEL,12,1,0.04176881537469246,0.3499568700790405,-0.38769245,0.10628120000000002,-0.5439736514770508,2
2026-08-17,JSWSTEEL,13,1,0.04898051266794966,0.36103394627571106,0.06356239,0.10628119999999998,-0.09271880681152342,2
2026-08-17,JSWSTEEL,14,1,0.057165677220423254,0.26742762327194214,-0.007939339,0.10628119999999998,-0.164220538684082,2
2026-08-17,JSWSTEEL,15,1,0.044121470135896304,0.2574692964553833,-0.15050769,0.10628119999999998,-0.3067888885223388,2
2026-08-17,JSWSTEEL,17,1,0.043693378677502115,0.24415448307991028,0.11917353,0.10628119999999998,-0.037107673236083966,2
2026-08-17,JSWSTEEL,20,1,0.0439337606197563,0.24386371672153473,0.23025274,0.10628119999999998,0.073971542767334,2
2026-08-17,JSWSTEEL,39,-1,-0.09471241780225166,0.16137641668319702,-0.4422307,0.1062812,-0.5985119014465332,2
2026-08-17,JSWSTEEL,50,-1,-0.06833175439148687,0.16965503990650177,-0.148952,0.10628119999999998,-0.3052332072937011,2
2026-08-17,JSWSTEEL,52,-1,-0.044386826211062276,0.18241620063781738,-0.7465005,0.1062812,-0.9027816920959473,2
2026-08-17,JUBLFOOD,4,1,0.05723300527361197,0.4793042838573456,0.06933212,0.10628119999999998,-0.0869490771972656,2
2026-08-17,JUBLFOOD,13,1,0.04196238804164585,0.2821233868598938,0.7524729,0.1062812,0.5961916775024414,2
2026-08-17,JUBLFOOD,14,1,0.04199808955732751,0.23908631503582,0.6631732,0.1062812,0.5068919986999512,2
2026-08-17,JUBLFOOD,20,1,0.045188790037558955,0.2772630453109741,0.12782812,0.10628119999999998,-0.028453078814697247,2
2026-08-17,JUBLFOOD,39,-1,-0.09808709396439882,0.18837594985961914,-0.1470685,0.10628120000000002,-0.30334970051879884,2
2026-08-17,JUBLFOOD,50,-1,-0.06157949989258465,0.19350382685661316,0.14672875,0.10628119999999998,-0.00955244595642088,2
2026-08-17,JUBLFOOD,52,-1,-0.05011097840557831,0.18723484873771667,0.0684917,0.10628119999999998,-0.08778950268859861,2
2026-08-17,KALYANKJIL,4,1,0.056994074857656125,0.5064764618873596,1.8396378,0.10628119999999998,1.6833565563476562,2
2026-08-17,KALYANKJIL,14,1,0.05025285340145546,0.5468085408210754,0.47285557,0.1062812,0.3165743679321289,2
2026-08-17,KALYANKJIL,20,1,0.0578295008123762,0.5025056600570679,0.20281076,0.1062812,0.04652956431274413,2
2026-08-17,KALYANKJIL,21,1,0.04859884471953263,0.4961303174495697,0.27588606,0.1062812,0.11960485880737302,2
2026-08-17,KALYANKJIL,39,-1,-0.0828543897264157,0.23973244428634644,0.23736358,0.1062812,0.08108237688903806,2
2026-08-17,KALYANKJIL,50,-1,-0.055810659278680334,0.22328738868236542,0.049203634,0.1062812,-0.10707756573791505,2
2026-08-17,KALYANKJIL,52,-1,-0.048658354174492165,0.2161131650209427,0.07382631,0.1062812,-0.08245488698120118,2
2026-08-17,KEI,4,1,0.060314018458801646,0.6771293878555298,0.2846837,0.10628120000000002,0.1284025043762207,2
2026-08-17,KEI,20,1,0.05097778551369129,0.29947295784950256,0.3852725,0.1062812,0.2289913028991699,2
2026-08-17,KEI,39,-1,-0.0952692682981724,0.2214207798242569,0.12822747,0.1062812,-0.028053727694702157,2
2026-08-17,KEI,50,-1,-0.05798452215929442,0.18676519393920898,0.1369834,0.1062812,-0.019297805377197275,2
2026-08-17,KOTAKBANK,4,1,0.06258301380011665,0.3080834150314331,-0.22909641,0.1062812,-0.3853776126586914,2
2026-08-17,KOTAKBANK,5,1,0.04919189535696157,0.2930680513381958,-0.17838478,0.1062812,-0.33466598088378907,2
2026-08-17,KOTAKBANK,14,1,0.05684565264053046,0.18076348304748535,0.21727085,0.10628119999999998,0.060989651135253925,2
2026-08-17,KOTAKBANK,39,-1,-0.10709095828525207,0.11903225630521774,-0.4198432,0.10628119999999998,-0.5761243968688965,2
2026-08-17,KOTAKBANK,50,-1,-0.06963829825232944,0.14475707709789276,0.063323975,0.1062812,-0.09295722539062501,2
2026-08-17,KOTAKBANK,51,-1,-0.05282072303292271,0.14381612837314606,0.11399984,0.10628119999999998,-0.04228135640258787,2
2026-08-17,KOTAKBANK,52,-1,-0.059924663221626255,0.1466037929058075,0.13936162,0.1062812,-0.01691958005065919,2
2026-08-17,KOTAKBANK,53,-1,-0.0430257582411822,0.1466037929058075,0.0760138,0.1062812,-0.08026739651794434,2
2026-08-17,KPITTECH,3,1,0.05571271237267369,0.7696778774261475,0.7447839,0.1062812,0.588502678326416,2
2026-08-17,KPITTECH,4,1,0.08745186313534045,0.6963708400726318,0.39604902,0.10628119999999995,0.2397678226745606,2
2026-08-17,KPITTECH,5,1,0.051553047228011475,0.6848958730697632,0.18939972,0.1062812,0.03311851923828124,2
2026-08-17,KPITTECH,17,1,0.052932169200523044,0.28976672887802124,-0.2060175,0.10628119999999998,-0.3622986942016601,2
2026-08-17,KPITTECH,18,1,0.052377417863738514,0.2781710922718048,-0.123763084,0.10628119999999995,-0.28004428441162105,2
2026-08-17,KPITTECH,39,-1,-0.09854113143835846,0.19298839569091797,0.1719296,0.10628120000000002,0.015648397854614235,2
2026-08-17,KPITTECH,50,-1,-0.060788635283380896,0.14046987891197205,-0.04094839,0.1062812,-0.19722959096069337,2
2026-08-17,KPITTECH,51,-1,-0.04111062565610793,0.12696634232997894,0.008189678,0.10628119999999998,-0.1480915218078613,2
2026-08-17,KPITTECH,52,-1,-0.045305750358068546,0.12118487805128098,0.20490289,0.1062812,0.04862168734436034,2
2026-08-17,KPRMILL,4,1,0.055548160857387736,0.5654954314231873,0.9670973,0.1062812,0.810816082409668,2
2026-08-17,KPRMILL,13,1,0.04471315014549009,0.5321081876754761,0.009024143,0.10628119999999998,-0.14725705678100584,2
2026-08-17,KPRMILL,14,1,0.045666381050516125,0.4936605393886566,0.29879808,0.1062812,0.1425168842590332,2
2026-08-17,KPRMILL,20,1,0.04759556365268169,0.48341020941734314,1.1279583,0.10628120000000002,0.9716770977294922,2
2026-08-17,KPRMILL,39,-1,-0.07861364175291038,0.45591455698013306,0.34373403,0.10628119999999998,0.18745282595520024,2
2026-08-17,KPRMILL,52,-1,-0.04609338098953014,0.25580286979675293,-0.31844378,0.1062812,-0.47472497517700196,2
2026-08-17,LAURUSLABS,4,1,0.06595792343370749,0.8882781863212585,-1.1391759,0.10628119999999998,-1.2954570918762207,2
2026-08-17,LAURUSLABS,5,1,0.06153836167980329,0.7783963084220886,-0.9747803,0.1062812,-1.1310615211212158,2
2026-08-17,LAURUSLABS,15,1,0.04550192033288172,0.3207246959209442,-0.7556796,0.10628119999999998,-0.9119608073913574,2
2026-08-17,LAURUSLABS,20,1,0.07601624787424051,0.27573755383491516,-0.2566576,0.1062812,-0.41293880040283204,2
2026-08-17,LAURUSLABS,21,1,0.060051578902361215,0.27140989899635315,-0.25703907,0.1062812,-0.41332027012939454,2
2026-08-17,LAURUSLABS,39,-1,-0.1129171775562542,0.18320144712924957,0.011181831,0.1062812,-0.14509936864013673,2
2026-08-17,LAURUSLABS,50,-1,-0.07428133717897747,0.1605946123600006,-0.15023947,0.1062812,-0.3065206676208496,2
2026-08-17,LAURUSLABS,51,-1,-0.05763442020291672,0.14948078989982605,-0.26159286,0.10628119999999998,-0.41787406499023433,2
2026-08-17,LAURUSLABS,52,-1,-0.0611439912946801,0.15498626232147217,-0.17802715,0.10628120000000002,-0.3343083530151367,2
2026-08-17,LAURUSLABS,53,-1,-0.04739954489842026,0.15523673593997955,-0.13898611,0.1062812,-0.29526731068725587,2
2026-08-17,LICHSGFIN,4,1,0.060566436539635,0.33269816637039185,-0.08015633,0.1062812,-0.23643752629394532,2
2026-08-17,LICHSGFIN,5,1,0.04250986590422723,0.3431066870689392,0.14059544,0.1062812,-0.015685763903808603,2
2026-08-17,LICHSGFIN,39,-1,-0.08729933719723534,0.18611732125282288,-0.43268204,0.10628119999999998,-0.5889632373535156,2
2026-08-17,LICHSGFIN,50,-1,-0.06157949989258465,0.20305994153022766,0.1601398,0.10628119999999998,0.003858599118042011,2
2026-08-17,LICHSGFIN,52,-1,-0.048874514937948706,0.20167110860347748,0.18021464,0.1062812,0.023933443478393546,2
2026-08-17,LICI,4,1,0.06351957723659046,0.34662437438964844,0.072705746,0.10628119999999998,-0.0835754543029785,2
2026-08-17,LICI,5,1,0.04254678120174869,0.3251744210720062,-0.23025274,0.10628119999999998,-0.38653394276733394,2
2026-08-17,LICI,39,-1,-0.0879695354346515,0.10088199377059937,0.084513426,0.10628119999999998,-0.07176777417297361,2
2026-08-17,LICI,50,-1,-0.06461441321940953,0.09759826213121414,0.060480833,0.10628119999999998,-0.09580036694641111,2
2026-08-17,LICI,52,-1,-0.04494100369698961,0.10901141911745071,0.14528036,0.1062812,-0.0110008388244629,2
2026-08-17,LINDEINDIA,4,1,0.07702140002143835,0.44507932662963867,0.28592348,0.1062812,0.12964228098754882,2
2026-08-17,LINDEINDIA,13,1,0.054081799139341726,0.3095095157623291,-0.67598224,0.1062812,-0.8322634368621826,2
2026-08-17,LINDEINDIA,15,1,0.04858761919421864,0.28154483437538147,-0.4061997,0.10628120000000002,-0.5624808936798096,2
2026-08-17,LINDEINDIA,17,1,0.052068339038366045,0.2590841054916382,-0.18099546,0.1062812,-0.3372766643249512,2
2026-08-17,LINDEINDIA,20,1,0.049864005221521804,0.24414484202861786,0.11334419,0.1062812,-0.042937007495117196,2
2026-08-17,LINDEINDIA,39,-1,-0.09999375566944459,0.22916239500045776,-0.9949446,0.1062812,-1.1512257724487305,2
2026-08-17,LINDEINDIA,50,-1,-0.05149996738291315,0.2314690798521042,-0.21722317,0.1062812,-0.3735043674194336,2
2026-08-17,LINDEINDIA,52,-1,-0.05011097840557831,0.21351513266563416,-0.104892254,0.1062812,-0.26117345387573243,2
2026-08-17,LLOYDSME,4,1,0.05205744398887389,0.34628838300704956,0.60710907,0.10628119999999998,0.4508278698242188,2
2026-08-17,LLOYDSME,12,1,0.044229690097224536,0.31954482197761536,0.41644573,0.1062812,0.2601645321166992,2
2026-08-17,LLOYDSME,13,1,0.05065940913836108,0.3120482265949249,0.4428506,0.10628119999999998,0.2865693897521973,2
2026-08-17,LLOYDSME,14,1,0.051595177810236335,0.2691692113876343,0.52164793,0.10628119999999998,0.3653667301452637,2
2026-08-17,LLOYDSME,15,1,0.04553453032016092,0.26119673252105713,0.41731596,0.10628119999999998,0.26103475993041997,2
2026-08-17,LLOYDSME,20,1,0.04630686970990689,0.2649065852165222,-0.03631115,0.10628119999999998,-0.19259234959716792,2
2026-08-17,LLOYDSME,39,-1,-0.09862198363570539,0.16613855957984924,-0.15057325,0.1062812,-0.3068544536315918,2
2026-08-17,LLOYDSME,50,-1,-0.06179566065604119,0.17008595168590546,0.09814501,0.1062812,-0.058136191912841806,2
2026-08-17,LLOYDSME,52,-1,-0.05011097840557831,0.17516249418258667,0.04656315,0.10628119999999998,-0.10971805150146482,2
2026-08-17,LODHA,4,1,0.06819453187410489,0.582050621509552,0.57879686,0.10628119999999998,0.42251566355590825,2
2026-08-17,LODHA,5,1,0.04645934879512881,0.5223613381385803,0.17902851,0.10628119999999998,0.0227473110473633,2
2026-08-17,LODHA,12,1,0.04411621643063536,0.4380442500114441,-0.28443933,0.1062812,-0.4407205253326416,2
2026-08-17,LODHA,13,1,0.043382627260623974,0.425199031829834,-0.16291738,0.1062812,-0.3191985755645752,2
2026-08-17,LODHA,14,1,0.056314357147689335,0.35714441537857056,-0.2035141,0.10628120000000002,-0.35979529912109376,2
2026-08-17,LODHA,15,1,0.04977201468697417,0.3358966112136841,-0.01629591,0.1062812,-0.1725771098815918,2
2026-08-17,LODHA,17,1,0.04391768208745396,0.3043121099472046,-0.06520152,0.1062812,-0.2214827209197998,2
2026-08-17,LODHA,19,1,0.046007292098817376,0.2770991921424866,0.01629591,0.10628119999999998,-0.13998529011840818,2
2026-08-17,LODHA,20,1,0.06421858188698586,0.2599315643310547,0.08978844,0.10628119999999998,-0.06649276311035154,2
2026-08-17,LODHA,39,-1,-0.0754998943140234,0.3880994915962219,-0.10433197,0.1062812,-0.26061317021484376,2
2026-08-17,LODHA,50,-1,-0.06187677791327253,0.23054467141628265,0.024074316,0.1062812,-0.13220688397521974,2
2026-08-17,LODHA,52,-1,-0.04911925162422884,0.2207423895597458,0.09632707,0.1062812,-0.05995413357849122,2
2026-08-17,LT,39,-1,-0.09947214332965082,0.18510520458221436,0.21899343,0.1062812,0.06271222536926269,2
2026-08-17,LT,50,-1,-0.0643089616430723,0.11920306831598282,-0.115811825,0.10628119999999998,-0.27209302479858394,2
2026-08-17,LT,52,-1,-0.046020038662016836,0.11605121195316315,-0.07148981,0.1062812,-0.22777101094360352,2
2026-08-17,LTF,4,1,0.0575692859076073,0.41829827427864075,0.4086256,0.1062812,0.25234440272216796,2
2026-08-17,LTF,20,1,0.04644567896631226,0.2608740031719208,0.38784742,0.1062812,0.2315662235534668,2
2026-08-17,LTF,39,-1,-0.09988098399651484,0.1609615981578827,-0.23976564,0.10628120000000002,-0.39604684407348634,2
2026-08-17,LTF,50,-1,-0.053558552541228786,0.16749025881290436,-0.0,0.1062812,-0.1562812,2
2026-08-17,LTF,52,-1,-0.04345811782413586,0.16303783655166626,0.20750165,0.1062812,0.051220449856567374,2
2026-08-17,LTTS,4,1,0.05752802767990778,0.5564174056053162,-0.17775893,0.1062812,-0.33404013211364747,2
2026-08-17,LTTS,20,1,0.04562304143121539,0.2610485553741455,0.5341053,0.1062812,0.3778241009033203,2
2026-08-17,LTTS,39,-1,-0.09555899305068973,0.2139606922864914,-0.33884048,0.10628119999999998,-0.4951216846191406,2
2026-08-17,LTTS,50,-1,-0.06179566065604119,0.18425652384757996,-0.06519556,0.1062812,-0.22147676045532227,2
2026-08-17,LTTS,51,-1,-0.04122244011749033,0.1939578801393509,0.12175441,0.10628119999999998,-0.03452679211730955,2
2026-08-17,LTTS,52,-1,-0.0490358060377711,0.19647377729415894,-0.025498867,0.1062812,-0.18178006703491212,2
2026-08-17,LUPIN,4,1,0.06467447828744508,0.37685060501098633,0.022435188,0.1062812,-0.13384601170654298,2
2026-08-17,LUPIN,5,1,0.04393105291653266,0.336791068315506,0.17969608,0.10628119999999998,0.023414883068847675,2
2026-08-17,LUPIN,14,1,0.060022882901197554,0.18728454411029816,-0.031477213,0.1062812,-0.1877584129058838,2
2026-08-17,LUPIN,39,-1,-0.09394834135824594,0.12775832414627075,-0.080895424,0.1062812,-0.23717662388916017,2
2026-08-17,LUPIN,50,-1,-0.06949892807491696,0.15135042369365692,-0.25430918,0.1062812,-0.41059037739868165,2
2026-08-17,LUPIN,51,-1,-0.04159603868897446,0.14678427577018738,-0.35219193,0.10628119999999998,-0.5084731250488281,2
2026-08-17,LUPIN,52,-1,-0.049103953032918014,0.14685051143169403,-0.3523469,0.1062812,-0.5086280971252441,2
2026-08-17,MAHABANK,4,1,0.060566436539635,0.4919855296611786,0.049722195,0.1062812,-0.10655900532836915,2
2026-08-17,MAHABANK,13,1,0.04613742175196285,0.33491766452789307,-0.049883127,0.1062812,-0.20616432721252442,2
2026-08-17,MAHABANK,14,1,0.05180047363655593,0.29624632000923157,-0.21172762,0.1062812,-0.3680088191711426,2
2026-08-17,MAHABANK,17,1,0.04692654562697274,0.2630302309989929,0.024962425,0.1062812,-0.13131877476806642,2
2026-08-17,MAHABANK,20,1,0.04575166094826249,0.2415093183517456,0.07485151,0.10628119999999998,-0.08142968709106443,2
2026-08-17,MAHABANK,39,-1,-0.09977759490598805,0.16112424433231354,-0.5109668,0.1062812,-0.6672479778015137,2
2026-08-17,MAHABANK,50,-1,-0.06480390677511953,0.24172653257846832,-0.16111135,0.1062812,-0.31739255482788087,2
2026-08-17,MAHABANK,52,-1,-0.049625565372711775,0.23281452059745789,-0.2230525,0.1062812,-0.3793337016784668,2
2026-08-17,MANKIND,4,1,0.06369940457354137,0.44207048416137695,-0.85300803,0.1062812,-1.0092892318450928,2
2026-08-17,MANKIND,5,1,0.044188954513263254,0.38939452171325684,-0.7497668,0.1062812,-0.9060480266296387,2
2026-08-17,MANKIND,12,1,0.04934827185124581,0.3021056056022644,-0.0625968,0.10628119999999998,-0.2188779979431152,2
2026-08-17,MANKIND,13,1,0.044937123395840245,0.2903638780117035,0.29640198,0.1062812,0.1401207775390625,2
2026-08-17,MANKIND,14,1,0.042753457601699796,0.244352325797081,0.02503395,0.1062812,-0.13124724919433595,2
2026-08-17,MANKIND,39,-1,-0.08054137040292247,0.15425565838813782,-0.11763573,0.1062812,-0.27391692692871095,2
2026-08-17,MANKIND,50,-1,-0.0641607568497535,0.20927289128303528,-0.2640605,0.1062812,-0.42034169728393556,2
2026-08-17,MANKIND,52,-1,-0.049625565372711775,0.20248277485370636,-0.24704933,0.10628119999999998,-0.403330531665039,2
2026-08-17,MARICO,4,1,0.05566712373295706,0.31231746077537537,-0.12770891,0.1062812,-0.28399011189575196,2
2026-08-17,MARICO,5,1,0.04096590129323091,0.2916991710662842,0.058174133,0.10628119999999998,-0.09810706669921873,2
2026-08-17,MARICO,39,-1,-0.09947214332965082,0.13494260609149933,0.278157,0.1062812,0.1218757957733154,2
2026-08-17,MARICO,50,-1,-0.05792088167593626,0.15369966626167297,0.16291142,0.1062812,0.006630215100097647,2
2026-08-17,MARICO,52,-1,-0.0451915106015892,0.1493474841117859,0.09319186,0.1062812,-0.06308933789367677,2
2026-08-17,MARUTI,14,1,0.043246027947165054,0.13760049641132355,0.014424324,0.10628119999999998,-0.14185687596435545,2
2026-08-17,MARUTI,39,-1,-0.09777155977817255,0.11041948944330215,0.086307526,0.1062812,-0.06997367436523438,2
2026-08-17,MARUTI,50,-1,-0.06112546241862504,0.09044843912124634,0.23033023,0.1062812,0.07404902880554198,2
2026-08-17,MARUTI,52,-1,-0.04768270436073879,0.0863930881023407,0.27351975,0.1062812,0.11723855440979002,2
2026-08-17,MAXHEALTH,4,1,0.06369893130170182,0.6646333336830139,-0.67873,0.10628119999999998,-0.8350112109863281,2
2026-08-17,MAXHEALTH,5,1,0.043643204704111094,0.64805668592453,-1.2340844,0.1062812,-1.3903655677520752,2
2026-08-17,MAXHEALTH,13,1,0.04766830696912265,0.5104572772979736,-0.545907,0.10628119999999998,-0.7021882205688477,2
2026-08-17,MAXHEALTH,14,1,0.0519235336510451,0.4508214294910431,-0.4870236,0.1062812,-0.6433047919952393,2
2026-08-17,MAXHEALTH,15,1,0.04177192532702961,0.4243847131729126,-0.37747025,0.1062812,-0.5337514548980713,2
2026-08-17,MAXHEALTH,20,1,0.05621321406439151,0.30581754446029663,-0.18959641,0.10628119999999998,-0.34587761456604,2
2026-08-17,MAXHEALTH,39,-1,-0.0956428668696565,0.17310000956058502,0.21029115,0.1062812,0.054009947232055655,2
2026-08-17,MAXHEALTH,50,-1,-0.06870535296297098,0.1573312133550644,0.100159645,0.10628120000000002,-0.05612155491943362,2
2026-08-17,MAZDOCK,4,1,0.06505422999962174,0.541832447052002,-0.1773119,0.1062812,-0.33359309727783204,2
2026-08-17,MAZDOCK,12,1,0.04425575231368096,0.38543349504470825,-0.23228526,0.1062812,-0.3885664611541748,2
2026-08-17,MAZDOCK,13,1,0.050363520939728054,0.37043067812919617,-0.015515089,0.1062812,-0.1717962890350342,2
2026-08-17,MAZDOCK,14,1,0.060169359949628305,0.31220948696136475,0.12423992,0.1062812,-0.03204127843017579,2
2026-08-17,MAZDOCK,15,1,0.05322651889231862,0.3038739562034607,0.15156269,0.1062812,-0.004718509265136728,2
2026-08-17,MAZDOCK,17,1,0.0446320629493941,0.2587500810623169,0.16714334,0.10628119999999998,0.01086214487915041,2
2026-08-17,MAZDOCK,39,-1,-0.09950834263657808,0.1312360167503357,-0.06604195,0.10628119999999998,-0.22232314641113277,2
2026-08-17,MAZDOCK,50,-1,-0.060559197188411594,0.15065284073352814,0.18259883,0.10628119999999998,0.0263176292694092,2
2026-08-17,MAZDOCK,51,-1,-0.04159603868897446,0.14899946749210358,0.24483204,0.1062812,0.08855083887939451,2
2026-08-17,MAZDOCK,52,-1,-0.04873920637183908,0.1446334272623062,0.37698746,0.1062812,0.22070625727539062,2
2026-08-17,MCX,4,1,0.06077312473326548,0.6858122944831848,0.6461859,0.10628120000000002,0.4899046749389649,2
2026-08-17,MCX,20,1,0.04683444704637355,0.267345130443573,-0.016975403,0.1062812,-0.17325660283203126,2
2026-08-17,MCX,39,-1,-0.09687634886689467,0.19054138660430908,-0.775218,0.10628119999999998,-0.9314992099487305,2
2026-08-17,MCX,50,-1,-0.059727093423530025,0.2008921504020691,0.4336059,0.1062812,0.27732470934753417,2
2026-08-17,MEDANTA,4,1,0.06598770464768107,0.4702414274215698,-0.20352602,0.1062812,-0.35980722005004884,2
2026-08-17,MEDANTA,5,1,0.04850998475681391,0.4086175560951233,0.19675493,0.10628119999999998,0.04047373240356447,2
2026-08-17,MEDANTA,14,1,0.04360216228739591,0.27646195888519287,0.091362,0.1062812,-0.06491920048828126,2
2026-08-17,MEDANTA,15,1,0.04871804622292722,0.24791492521762848,0.049173832,0.1062812,-0.10710736806030274,2
2026-08-17,MEDANTA,39,-1,-0.1117188554928767,0.21509204804897308,0.16220212,0.10628119999999998,0.005920919827270527,2
2026-08-17,MEDANTA,50,-1,-0.07804832902893057,0.16824759542942047,0.19026995,0.10628119999999998,0.03398874705200197,2
2026-08-17,MEDANTA,51,-1,-0.055857823170070514,0.16472113132476807,0.20451546,0.10628119999999998,0.04823425715332033,2
2026-08-17,MEDANTA,52,-1,-0.06370256464925823,0.1527177095413208,0.15528202,0.10628119999999998,-0.000999179431152325,2
2026-08-17,MEDANTA,53,-1,-0.042714983222698094,0.14413957297801971,0.06353259,0.1062812,-0.09274860913391114,2
2026-08-17,MFSL,4,1,0.06441696321061043,0.5434840321540833,0.37629604,0.10628119999999998,0.22001484339599614,2
2026-08-17,MFSL,5,1,0.04647594027865892,0.5990992188453674,0.33091307,0.1062812,0.17463186686401366,2
2026-08-17,MFSL,17,1,0.04425233465004652,0.35283106565475464,0.32293797,0.1062812,0.1666567653930664,2
2026-08-17,MFSL,18,1,0.04655199854421931,0.3221378028392792,0.251925,0.10628120000000002,0.09564379160766599,2
2026-08-17,MFSL,19,1,0.04495397425952822,0.2791736423969269,0.0,0.10628119999999998,-0.15628119999999998,2
2026-08-17,MFSL,20,1,0.058460350298680734,0.25421419739723206,0.36098957,0.1062812,0.20470837061767577,2
2026-08-17,MFSL,39,-1,-0.10467097700398145,0.19502614438533783,0.06394386,0.1062812,-0.09233733708496095,2
2026-08-17,MFSL,50,-1,-0.06916404959068187,0.1443554013967514,0.23022294,0.1062812,0.07394174044494628,2
2026-08-17,MFSL,51,-1,-0.04118445328340872,0.14122110605239868,0.21753311,0.10628119999999998,0.061251911572265644,2
2026-08-17,MFSL,52,-1,-0.04266294737281528,0.14589403569698334,0.24977922,0.1062812,0.09349802439575193,2
2026-08-17,MOTILALOFS,4,1,0.07234531772382052,1.0736143589019775,1.2994051,0.1062812,1.1431238979614258,2
2026-08-17,MOTILALOFS,5,1,0.053180429498467074,1.005957007408142,0.706923,0.1062812,0.5506418079650879,2
2026-08-17,MOTILALOFS,7,1,0.05663777772247709,0.9132976531982422,-0.58323145,0.10628119999999998,-0.7395126491271973,2
2026-08-17,MOTILALOFS,8,1,0.05506907797639327,0.8964494466781616,-0.99226236,0.10628120000000002,-1.148543563433838,2
2026-08-17,MOTILALOFS,10,1,0.04351923845252913,0.8731194734573364,-1.5251696,0.10628119999999998,-1.6814508109771729,2
2026-08-17,MOTILALOFS,12,1,0.0454530785027054,0.8173754215240479,-0.6537318,0.1062812,-0.8100130229675293,2
2026-08-17,MOTILALOFS,14,1,0.04964881274007328,0.7558058500289917,0.059199333,0.1062812,-0.09708186680908204,2
2026-08-17,MOTILALOFS,15,1,0.043564471829982694,0.6785321235656738,0.30709505,0.1062812,0.15081385081176757,2
2026-08-17,MOTILALOFS,19,1,0.04145981937010689,0.5559414625167847,-0.2641678,0.1062812,-0.42044898564453126,2
2026-08-17,MOTILALOFS,20,1,0.0693606906169475,0.5185794830322266,0.63495636,0.10628119999999998,0.4786751598632813,2
2026-08-17,MOTILALOFS,21,1,0.06284932478018564,0.49791085720062256,0.7637739,0.10628119999999998,0.6074927181518555,2
2026-08-17,MOTILALOFS,27,1,0.045247524316297236,0.46557292342185974,0.14438629,0.1062812,-0.011894908496093759,2
2026-08-17,MOTILALOFS,28,1,0.04883160667112329,0.4804099500179291,0.26700497,0.10628119999999998,0.11072376673583988,2
2026-08-17,MOTILALOFS,30,1,0.06461673843972948,0.5242115259170532,1.4049172,0.1062812,1.2486360401428223,2
2026-08-17,MOTILALOFS,31,1,0.04949726977234083,0.5162271857261658,1.5323758,0.10628119999999998,1.3760946125305176,2
2026-08-17,MOTILALOFS,32,1,0.05354699373147283,0.5081882476806641,1.9647598,0.1062812,1.8084786266601562,2
2026-08-17,MOTILALOFS,33,1,0.06931792623608396,0.4918361306190491,1.5734196,0.10628119999999998,1.4171383709228516,2
2026-08-17,MOTILALOFS,34,1,0.0660066037527106,0.4885997474193573,1.6879439,0.1062812,1.531662735394287,2
2026-08-17,MOTILALOFS,35,1,0.0767578539587702,0.4949331283569336,1.2995362,0.1062812,1.1432550281799316,2
2026-08-17,MOTILALOFS,36,1,0.05438113010226268,0.508662223815918,0.8165479,0.10628119999999998,0.6602666706359863,2
2026-08-17,MOTILALOFS,37,1,0.04925573744702305,0.5181330442428589,0.38992167,0.1062812,0.23364046519165038,2
2026-08-17,MOTILALOFS,38,1,0.043656681245689194,0.5416494011878967,0.18918514,0.10628119999999998,0.03290394251708986,2
2026-08-17,MOTILALOFS,40,1,0.05050312640590719,0.5318512320518494,0.0052452087,0.1062812,-0.15103599125976563,2
2026-08-17,MOTILALOFS,41,1,0.047473200115099465,0.4682612419128418,-0.026243925,0.10628119999999998,-0.18252512509460445,2
2026-08-17,MOTILALOFS,43,1,0.050485875329507726,0.40984874963760376,0.30497313,0.1062812,0.14869192545776366,2
2026-08-17,MOTILALOFS,44,1,0.05373625581815387,0.38653647899627686,0.16272068,0.1062812,0.006439480236816397,2
2026-08-17,MOTILALOFS,45,1,0.04511763979747483,0.3855237662792206,0.6450176,0.1062812,0.48873642390136723,2
2026-08-17,MOTILALOFS,46,1,0.04830054439272559,0.38132214546203613,0.6292939,0.1062812,0.4730127186096192,2
2026-08-17,MOTILALOFS,47,1,0.04148034011495911,0.3642328381538391,0.7874012,0.10628119999999998,0.6311199993408203,2
2026-08-17,MOTILALOFS,49,1,0.05115039563581153,0.37741488218307495,0.22482872,0.1062812,0.06854752009277343,2
2026-08-17,MOTILALOFS,53,1,0.044862969780914606,0.34431973099708557,0.3647685,0.1062812,0.20848730509643554,2
2026-08-17,MOTILALOFS,54,1,0.061608454947923386,0.33221790194511414,0.10416508,0.10628119999999998,-0.052116122790527325,2
2026-08-17,MOTILALOFS,55,1,0.05327367953929418,0.31781697273254395,0.20343065,0.1062812,0.047149452618408194,2
2026-08-17,MOTILALOFS,56,1,0.046810268073489356,0.31337881088256836,0.2399683,0.1062812,0.08368709986572263,2
2026-08-17,MOTILALOFS,58,1,0.0615185946709633,0.3192867636680603,-0.6870687,0.1062812,-0.8433499007904053,2
2026-08-17,MOTILALOFS,59,1,0.04972554707063377,0.3177911341190338,-0.4365921,0.1062812,-0.5928733020507813,2
2026-08-17,MOTILALOFS,60,1,0.052612109561953724,0.31931546330451965,-0.9655893,0.1062812,-1.1218704848968506,2
2026-08-17,MOTILALOFS,61,1,0.0562318528181842,0.3288993835449219,-0.44236183,0.1062812,-0.5986430316650391,2
2026-08-17,MOTILALOFS,62,1,0.055526994880950926,0.3257244825363159,-0.40603876,0.10628119999999998,-0.562319961138916,2
2026-08-17,MOTILALOFS,63,1,0.04306251075117702,0.3089112639427185,-0.27585626,0.1062812,-0.43213745648498536,2
2026-08-17,MOTILALOFS,64,1,0.056866401343875383,0.2946932017803192,-0.6708622,0.10628119999999998,-0.8271433978759766,2
2026-08-17,MOTILALOFS,65,1,0.07899705410196685,0.361261785030365,0.10482073,0.1062812,-0.051460471697998056,2
2026-08-17,MOTILALOFS,66,1,0.08265551603524653,0.33372655510902405,-0.33395886,0.10628119999999998,-0.4902400642120361,2
2026-08-17,MOTILALOFS,67,1,0.08218677663086595,0.35682523250579834,0.15206337,0.10628119999999998,-0.004217830249023419,2
2026-08-17,MPHASIS,4,1,0.07474437149198453,0.5444286465644836,-0.31181574,0.10628119999999998,-0.46809693867797847,2
2026-08-17,MPHASIS,5,1,0.05399030035181111,0.5201456546783447,-0.2801478,0.1062812,-0.4364289909088135,2
2026-08-17,MPHASIS,12,1,0.04616616624178833,0.3574954867362976,0.060212612,0.1062812,-0.0960685878479004,2
2026-08-17,MPHASIS,13,1,0.04851828046405017,0.33860790729522705,0.41365623,0.1062812,0.25737503474121093,2
2026-08-17,MPHASIS,14,1,0.07678968688456084,0.2793416678905487,0.5627036,0.1062812,0.4064224094665527,2
2026-08-17,MPHASIS,15,1,0.05858547667670134,0.2583526372909546,0.6713033,0.10628119999999998,0.5150220722473144,2
2026-08-17,MPHASIS,39,-1,-0.11315320839656487,0.18436382710933685,0.21572113,0.10628119999999998,0.05943993037109377,2
2026-08-17,MPHASIS,50,-1,-0.0745438746597183,0.1103212982416153,-0.3800869,0.10628119999999998,-0.536368098803711,2
2026-08-17,MPHASIS,51,-1,-0.05785058096637326,0.1369638741016388,-0.06381273,0.10628119999999998,-0.22009393269653316,2
2026-08-17,MPHASIS,52,-1,-0.060437247647304015,0.15158118307590485,-0.29562712,0.10628119999999998,-0.4519083171569824,2
2026-08-17,MPHASIS,53,-1,-0.04793166285880714,0.15770365297794342,-0.28345585,0.1062812,-0.43973704869384767,2
2026-08-17,MRF,4,1,0.05111039630591283,0.2955998480319977,-0.030088425,0.0709832684467845,-0.1510716931294017,2
2026-08-17,MRF,39,-1,-0.09631306510707266,0.04774601384997368,-0.015032291,0.07096191863489437,-0.13599421004724788,2
2026-08-17,MRF,50,-1,-0.06157949989258465,0.06812939047813416,0.082618,0.07093127322843516,-0.03831327510526622,2
2026-08-17,MRF,52,-1,-0.044403092404063225,0.06659506261348724,-0.0,0.07096992180451127,-0.12096992180451127,2
2026-08-17,MUTHOOTFIN,4,1,0.06323787634330104,0.5366357564926147,0.56176186,0.10628119999999998,0.4054806560791016,2
2026-08-17,MUTHOOTFIN,5,1,0.045568926800834485,0.4895959496498108,0.44692755,0.1062812,0.290646347454834,2
2026-08-17,MUTHOOTFIN,12,1,0.0451421565816301,0.35215267539024353,-0.24332404,0.1062812,-0.39960524136657716,2
2026-08-17,MUTHOOTFIN,14,1,0.05856050276372136,0.30931556224823,-0.14956594,0.1062812,-0.3058471351348877,2
2026-08-17,MUTHOOTFIN,15,1,0.05467025789106491,0.27858972549438477,0.11845827,0.10628119999999998,-0.03782292897338865,2
2026-08-17,MUTHOOTFIN,39,-1,-0.09650442944374188,0.09663838893175125,-0.6156087,0.10628119999999998,-0.7718898921691895,2
2026-08-17,MUTHOOTFIN,50,-1,-0.06933252451755496,0.13260304927825928,-0.47706366,0.1062812,-0.6333448558532715,2
2026-08-17,MUTHOOTFIN,51,-1,-0.04282979857683171,0.1703588217496872,0.037801266,0.10628119999999998,-0.11847993428344725,2
2026-08-17,MUTHOOTFIN,52,-1,-0.05479075666323154,0.19161838293075562,0.04118085,0.1062812,-0.11510035092468263,2
2026-08-17,M_AND_M,4,1,0.0575692859076073,0.3604069948196411,-0.91994405,0.1062812,-1.0762252479278565,2
2026-08-17,M_AND_M,5,1,0.0410506205421831,0.35420629382133484,-0.9156108,0.1062812,-1.0718919902526856,2
2026-08-17,M_AND_M,12,1,0.04849710620847977,0.29587528109550476,-0.014716387,0.1062812,-0.17099758679504395,2
2026-08-17,M_AND_M,13,1,0.05761848130321584,0.2833915054798126,0.005888939,0.1062812,-0.15039226109619142,2
2026-08-17,M_AND_M,14,1,0.05912556363994435,0.24356858432292938,0.20335913,0.1062812,0.047077927044677725,2
2026-08-17,M_AND_M,39,-1,-0.09303688182441583,0.1078212559223175,-0.0,0.1062812,-0.1562812,2
2026-08-17,M_AND_M,50,-1,-0.06179566065604119,0.10151506215333939,0.07619262,0.1062812,-0.08008858258361817,2
2026-08-17,M_AND_M,51,-1,-0.04137987792551792,0.10027715563774109,-0.026369095,0.1062812,-0.18265029484863282,2
2026-08-17,M_AND_M,52,-1,-0.05000990606409564,0.10171861946582794,0.01757741,0.10628119999999998,-0.13870379025573729,2
2026-08-17,M_AND_MFIN,4,1,0.055548160857387736,0.5677011013031006,0.33265352,0.1062812,0.17637232249145507,2
2026-08-17,M_AND_MFIN,14,1,0.050140557960616394,0.352247416973114,0.38461685,0.1062812,0.22833565180664062,2
2026-08-17,M_AND_MFIN,17,1,0.04223479424505529,0.2619045376777649,0.42307377,0.1062812,0.26679256861572265,2
2026-08-17,M_AND_MFIN,39,-1,-0.09900202888809514,0.21931512653827667,-0.05145073,0.1062812,-0.2077319293701172,2
2026-08-17,M_AND_MFIN,50,-1,-0.05418465534836817,0.19017063081264496,0.06430149,0.1062812,-0.0919797092163086,2
2026-08-17,M_AND_MFIN,52,-1,-0.042823599016561756,0.19200868904590607,0.28296113,0.1062812,0.1266799301422119,2
2026-08-17,NAM-INDIA,4,1,0.06369893130170182,0.6821100115776062,0.58134794,0.10628120000000002,0.4250667423522949,2
2026-08-17,NAM-INDIA,5,1,0.04121094096976269,0.6175477504730225,0.37561655,0.1062812,0.21933535044555663,2
2026-08-17,NAM-INDIA,17,1,0.044978324896912704,0.2704211473464966,0.7876754,0.1062812,0.6313941807067871,2
2026-08-17,NAM-INDIA,20,1,0.044411602669671396,0.2462647706270218,0.4046917,0.1062812,0.24841049616699218,2
2026-08-17,NAM-INDIA,39,-1,-0.10093021641988972,0.22014708817005157,0.2831936,0.10628119999999998,0.12691238825683598,2
2026-08-17,NATIONALUM,4,1,0.06209246136810147,0.6368408203125,0.8023143,0.1062812,0.646033081463623,2
2026-08-17,NATIONALUM,20,1,0.0527207561598211,0.28742489218711853,1.0938883,0.1062812,0.9376070827758789,2
2026-08-17,NATIONALUM,39,-1,-0.06888967206844358,0.3775847256183624,-0.038588047,0.1062812,-0.1948692470275879,2
2026-08-17,NATIONALUM,50,-1,-0.05779406816403765,0.19168594479560852,0.14122725,0.10628120000000002,-0.015053954669189476,2
2026-08-17,NAUKRI,4,1,0.06258165186477817,0.7156673669815063,0.40088892,0.1062812,0.24460771983032226,2
2026-08-17,NAUKRI,5,1,0.04804478913683411,0.6268765330314636,0.7581353,0.1062812,0.6018541187561035,2
2026-08-17,NAUKRI,15,1,0.04476311982327678,0.40813326835632324,0.80502033,0.1062812,0.6487391323364258,2
2026-08-17,NAUKRI,19,1,0.04344406941103806,0.3659359812736511,0.24256706,0.1062812,0.08628586237792966,2
2026-08-17,NAUKRI,20,1,0.061227777790575526,0.35727325081825256,0.1762867,0.1062812,0.020005497387695304,2
2026-08-17,NAUKRI,39,-1,-0.09695280964824651,0.21621251106262207,-0.50560236,0.10628120000000002,-0.6618835597717285,2
2026-08-17,NESTLEIND,4,1,0.06560937191854872,0.4055078327655792,0.10741949,0.1062812,-0.048861709185791025,2
2026-08-17,NESTLEIND,5,1,0.05130346845191033,0.3618093729019165,0.14113188,0.10628120000000002,-0.015149322100830101,2
2026-08-17,NESTLEIND,14,1,0.04174303331192737,0.17923106253147125,-0.7311523,0.1062812,-0.8874334960662842,2
2026-08-17,NESTLEIND,39,-1,-0.08639768613197579,0.20332543551921844,0.39789677,0.1062812,0.24161556666259765,2
2026-08-17,NESTLEIND,50,-1,-0.05789765386589569,0.1524505317211151,0.09486079,0.1062812,-0.06142040783996583,2
2026-08-17,NESTLEIND,52,-1,-0.04463555212065239,0.13903053104877472,-0.108504295,0.1062812,-0.2647854953491211,2
2026-08-17,NHPC,4,1,0.06502018969603433,0.28609028458595276,0.1312375,0.10628119999999998,-0.025043693133544903,2
2026-08-17,NHPC,5,1,0.04743501613330238,0.2643420100212097,0.039327145,0.1062812,-0.11695405537719727,2
2026-08-17,NHPC,14,1,0.054029361679894014,0.1369282454252243,0.1312375,0.10628119999999998,-0.025043693133544903,2
2026-08-17,NHPC,39,-1,-0.11069499050818488,0.11048214137554169,-0.07864237,0.1062812,-0.2349235683166504,2
2026-08-17,NHPC,50,-1,-0.06852164089698703,0.0935310423374176,0.104767084,0.1062812,-0.05151411587829591,2
2026-08-17,NHPC,51,-1,-0.04226444939923624,0.09258343279361725,0.07855296,0.10628119999999998,-0.07772823865051268,2
2026-08-17,NHPC,52,-1,-0.04950672634128325,0.08604779094457626,0.0654757,0.1062812,-0.09080549771423341,2
2026-08-17,NIACL,4,1,0.061890089505900935,0.3930833041667938,0.20292997,0.10628119999999998,0.04664877360229494,2
2026-08-17,NIACL,13,1,0.05045852745808416,0.2849082946777344,-0.18015504,0.1062812,-0.3364362388336182,2
2026-08-17,NIACL,14,1,0.05910948358572643,0.2474297285079956,-0.11267662,0.1062812,-0.26895782048339845,2
2026-08-17,NIACL,39,-1,-0.0664271437605094,0.5741170644760132,-0.3025174,0.10628119999999998,-0.45879861409301753,2
2026-08-17,NIACL,50,-1,-0.05731482338786296,0.22921060025691986,-0.09357929,0.1062812,-0.2498604922973633,2
2026-08-17,NIACL,52,-1,-0.04662882494194943,0.2009924054145813,-1.2610078,0.10628119999999998,-1.4172889857971191,2
2026-08-17,NLCINDIA,4,1,0.07889828047388786,0.5174325108528137,-0.2568841,0.10628120000000002,-0.4131652980529785,2
2026-08-17,NLCINDIA,5,1,0.05254576173690373,0.4798585772514343,-0.44028163,0.1062812,-0.5965628295623779,2
2026-08-17,NLCINDIA,12,1,0.060127041674851986,0.32883942127227783,0.0,0.10628119999999998,-0.15628119999999998,2
2026-08-17,NLCINDIA,13,1,0.052829116122703634,0.3206723928451538,-0.14722943,0.1062812,-0.3035106330596924,2
2026-08-17,NLCINDIA,14,1,0.04857205586093483,0.26547524333000183,-0.2575338,0.1062812,-0.4138149886810303,2
2026-08-17,NLCINDIA,17,1,0.04147292598288365,0.1947922557592392,0.05530119,0.1062812,-0.10098001057739259,2
2026-08-17,NLCINDIA,39,-1,-0.09999375566944459,0.21419459581375122,-0.60340166,0.1062812,-0.7596828609191895,2
2026-08-17,NLCINDIA,50,-1,-0.06504561315037581,0.2346571981906891,0.43321848,0.1062812,0.27693727915649413,2
2026-08-17,NLCINDIA,51,-1,-0.050089303791324945,0.23191092908382416,0.48701763,0.10628120000000002,0.3307364315307617,2
2026-08-17,NLCINDIA,52,-1,-0.05471498210281203,0.2305397093296051,0.6676316,0.10628119999999998,0.5113504261291504,2
2026-08-17,NMDC,3,1,0.06200125738135858,1.0569013357162476,0.5776048,0.10628119999999998,0.42132357066040044,2
2026-08-17,NMDC,4,1,0.10773277634385156,0.9672656059265137,0.79990625,0.1062812,0.6436250538146973,2
2026-08-17,NMDC,5,1,0.09266841041976533,0.8746065497398376,0.6393671,0.1062812,0.4830859035766602,2
2026-08-17,NMDC,6,1,0.05461671617762965,0.7879967093467712,0.35643578,0.1062812,0.20015457575683593,2
2026-08-17,NMDC,7,1,0.043952403666614764,0.7515925168991089,-0.11019111,0.1062812,-0.26647230679626466,2
2026-08-17,NMDC,12,1,0.05417365905010229,0.6024149656295776,-0.36652088,0.1062812,-0.522802081652832,2
2026-08-17,NMDC,13,1,0.04467871529123738,0.5826258063316345,-0.22053719,0.10628119999999998,-0.37681838566894527,2
2026-08-17,NMDC,14,1,0.07636041478165041,0.42722368240356445,-0.36782026,0.1062812,-0.5241014629089356,2
2026-08-17,NMDC,15,1,0.07133619642816852,0.3893880546092987,-0.47788024,0.1062812,-0.6341614394866943,2
2026-08-17,NMDC,16,1,0.05296568873498051,0.35622382164001465,-0.44112206,0.1062812,-0.597403255053711,2
2026-08-17,NMDC,17,1,0.06153734659589141,0.34339025616645813,-0.3679216,0.10628119999999998,-0.5242027908050537,2
2026-08-17,NMDC,18,1,0.06356974982891946,0.3174612522125244,-0.19640923,0.1062812,-0.3526904254638672,2
2026-08-17,NMDC,19,1,0.06255472582196378,0.3030574321746826,-0.122630596,0.1062812,-0.2789117961608887,2
2026-08-17,NMDC,20,1,0.08211888254815825,0.29557278752326965,0.15962124,0.10628119999999998,0.0033400387084961125,2
2026-08-17,NMDC,21,1,0.06167139557610806,0.29710671305656433,0.36917925,0.1062812,0.21289804880981444,2
2026-08-17,NMDC,39,-1,-0.08324930548118223,0.27576541900634766,-1.9181371,0.1062812,-2.0744182735168457,2
2026-08-17,NMDC,50,-1,-0.07185414970042357,0.3600786626338959,-0.90562105,0.10628120000000002,-1.06190225178833,2
2026-08-17,NMDC,51,-1,-0.05482214776820571,0.39314430952072144,-0.5706787,0.10628119999999998,-0.7269599109375,2
2026-08-17,NTPC,39,-1,-0.09999375566944459,0.1673920899629593,-0.47477484,0.1062812,-0.6310560374938965,2
2026-08-17,NTPC,50,-1,-0.051029594426724736,0.1489633470773697,0.14781952,0.1062812,-0.008461680957031259,2
2026-08-17,NTPC,52,-1,-0.04358785493221709,0.14372344315052032,0.2071023,0.1062812,0.05082109873657226,2
2026-08-17,NYKAA,4,1,0.06323787634330104,0.48839420080184937,-0.7128775,0.10628119999999998,-0.8691587119781494,2
2026-08-17,NYKAA,5,1,0.04530759735166884,0.4632423520088196,-0.6378174,0.1062812,-0.7940985828125,2
2026-08-17,NYKAA,12,1,0.04677891033483035,0.3632761240005493,0.3363371,0.1062812,0.1800558895385742,2
2026-08-17,NYKAA,14,1,0.0628748841378875,0.30376458168029785,0.07647276,0.10628119999999998,-0.07980844075317381,2
2026-08-17,NYKAA,15,1,0.05112359247048209,0.2882910370826721,0.16818047,0.1062812,0.011899265698242179,2
2026-08-17,NYKAA,20,1,0.06993552183551456,0.280905157327652,0.19898415,0.10628119999999998,0.04270294611816408,2
2026-08-17,NYKAA,21,1,0.04918801259019487,0.2783788740634918,-0.06110072,0.1062812,-0.21738192135925294,2
2026-08-17,NYKAA,39,-1,-0.11228207047063145,0.20461013913154602,0.2133131,0.1062812,0.05703190272216796,2
2026-08-17,NYKAA,50,-1,-0.0775018077956577,0.17748111486434937,-0.030481815,0.10628119999999998,-0.18676301533813472,2
2026-08-17,NYKAA,51,-1,-0.05619596201895744,0.1764194220304489,-0.0,0.10628119999999998,-0.15628119999999998,2
2026-08-17,NYKAA,52,-1,-0.06501635331189852,0.17198443412780762,0.15236735,0.1062812,-0.003913846560668954,2
2026-08-17,NYKAA,53,-1,-0.04499387551624138,0.16545291244983673,0.045722723,0.1062812,-0.11055847699279786,2
2026-08-17,OBEROIRLTY,4,1,0.06066224743392748,0.4270583987236023,0.2174139,0.1062812,0.061132702282714835,2
2026-08-17,OBEROIRLTY,12,1,0.04262657817942935,0.31941545009613037,0.6254792,0.10628119999999998,0.4691980213439942,2
2026-08-17,OBEROIRLTY,13,1,0.05353769086927274,0.3135702610015869,0.7679701,0.10628119999999998,0.611688885144043,2
2026-08-17,OBEROIRLTY,14,1,0.04533665955582482,0.27251628041267395,0.5380392,0.1062812,0.3817580074584961,2
2026-08-17,OBEROIRLTY,20,1,0.045130745153921265,0.24554742872714996,-0.32432675,0.1062812,-0.480607953616333,2
2026-08-17,OBEROIRLTY,35,1,0.0482553793638057,0.6831753253936768,-0.26900768,0.10628119999999998,-0.4252888828002929,2
2026-08-17,OBEROIRLTY,39,-1,-0.05300907658343063,0.8203861713409424,0.3925383,0.1062812,0.23625710909729003,2
2026-08-17,OBEROIRLTY,63,1,0.04605127231267982,0.3943772614002228,-0.05708337,0.1062812,-0.2133645683013916,2
2026-08-17,OBEROIRLTY,64,1,0.057829094915180956,0.41153809428215027,0.40578842,0.1062812,0.24950722163085937,2
2026-08-17,OBEROIRLTY,65,1,0.05220489066469921,0.43079209327697754,0.0,0.1062812,-0.1562812,2
2026-08-17,OBEROIRLTY,66,1,0.05981231921118735,0.4324857294559479,-0.015544891,0.1062812,-0.17182609135742188,2
2026-08-17,OBEROIRLTY,67,1,0.057549500846607655,0.42317092418670654,-0.03105998,0.1062812,-0.18734118039245606,2
2026-08-17,OFSS,4,1,0.0637646527887278,0.6526885628700256,-0.27043223,0.10628119999999998,-0.42671343381042476,2
2026-08-17,OFSS,13,1,0.04918805435637816,0.36002182960510254,0.8824825,0.1062812,0.7262013286865234,2
2026-08-17,OFSS,14,1,0.053537596149021136,0.307792991399765,0.80577135,0.1062812,0.6494901508605957,2
2026-08-17,OFSS,15,1,0.05080422858762421,0.26295700669288635,0.9417176,0.1062812,0.7854364246643066,2
2026-08-17,OFSS,39,-1,-0.09999375566944459,0.11638789623975754,0.27717352,0.10628119999999998,0.12089231913452152,2
2026-08-17,OFSS,50,-1,-0.05810681183055335,0.1705576330423355,-0.34725666,0.1062812,-0.5035378604614258,2
2026-08-17,OFSS,52,-1,-0.04478185136752266,0.18720711767673492,0.016903877,0.1062812,-0.13937732274169923,2
2026-08-17,OIL,4,1,0.06011386083884744,0.7789750099182129,-0.76423883,0.10628119999999998,-0.9205200343811035,2
2026-08-17,OIL,20,1,0.04405918256824742,0.26519012451171875,-0.26307702,0.10628120000000002,-0.4193582206451416,2
2026-08-17,OIL,39,-1,-0.09294229825296677,0.21330948173999786,-0.21030903,0.1062812,-0.3665902286254883,2
2026-08-17,OIL,50,-1,-0.05770472091247972,0.17331960797309875,0.38865805,0.1062812,0.2323768467224121,2
2026-08-17,OIL,52,-1,-0.04358785493221709,0.1811646819114685,0.13687015,0.10628119999999998,-0.01941105420227049,2
2026-08-17,ONGC,4,1,0.06139223034038306,0.40881386399269104,-0.41131377,0.1062812,-0.5675949722015381,2
2026-08-17,ONGC,39,-1,-0.09411521142458357,0.16120165586471558,-0.6440759,0.10628119999999998,-0.800357070513916,2
2026-08-17,ONGC,50,-1,-0.05837491914989588,0.1900772601366043,-0.079500675,0.1062812,-0.23578187520141602,2
2026-08-17,ONGC,52,-1,-0.04480312755184951,0.19023646414279938,-0.15074015,0.1062812,-0.3070213466369629,2
2026-08-17,PAGEIND,4,1,0.058005236488624386,0.7555257678031921,-0.10712147,0.10628119999999998,-0.263402667590332,2
2026-08-17,PAGEIND,5,1,0.047113290326512944,0.6812293529510498,-0.22788048,0.10628119999999998,-0.3841616779052734,2
2026-08-17,PAGEIND,12,1,0.041092633845987346,0.46507301926612854,-0.604105,0.10628119999999998,-0.7603861957275391,2
2026-08-17,PAGEIND,14,1,0.054214521515926144,0.4227679669857025,-0.2824843,0.1062812,-0.4387654929840088,2
2026-08-17,PAGEIND,15,1,0.044653168858062135,0.37538403272628784,-0.06720424,0.1062812,-0.22348543698425294,2
2026-08-17,PAGEIND,17,1,0.05314448471538283,0.29268479347229004,0.02695322,0.1062812,-0.12932797963256837,2
2026-08-17,PAGEIND,18,1,0.04802560218950584,0.2635135054588318,0.108110905,0.1062812,-0.04817029530639649,2
2026-08-17,PAGEIND,19,1,0.04782415456474246,0.25854751467704773,0.081038475,0.10628119999999995,-0.07524272496337886,2
2026-08-17,PAGEIND,20,1,0.052940686492354096,0.24570734798908234,-0.08098483,0.1062812,-0.23726603085632325,2
2026-08-17,PAGEIND,39,-1,-0.08071925066971003,0.3092392385005951,0.55776834,0.10628119999999998,0.40148714487915044,2
2026-08-17,PAGEIND,50,-1,-0.06388722434020698,0.2233932912349701,0.040090084,0.10628119999999998,-0.11619111592407225,2
2026-08-17,PAGEIND,51,-1,-0.04217412138206401,0.2148299515247345,-0.053465366,0.10628119999999998,-0.20974656636352534,2
2026-08-17,PAGEIND,52,-1,-0.04943016624366003,0.19098548591136932,0.040107965,0.1062812,-0.11617323453063966,2
2026-08-17,PATANJALI,4,1,0.07504478947369454,1.47400963306427,-0.82668066,0.10628120000000002,-0.9829618602478027,2
2026-08-17,PATANJALI,5,1,0.05206057143887587,1.3695757389068604,-0.5901396,0.1062812,-0.746420827456665,2
2026-08-17,PATANJALI,12,1,0.04482802572659079,0.8795884251594543,-0.3816247,0.1062812,-0.537905898638916,2
2026-08-17,PATANJALI,13,1,0.045593524941317666,0.8443225026130676,-0.25482178,0.1062812,-0.41110297734375,2
2026-08-17,PATANJALI,14,1,0.04561470999582626,0.6623131632804871,-0.22650361,0.1062812,-0.3827848106109619,2
2026-08-17,PATANJALI,20,1,0.05000324684586576,0.3385915458202362,-0.056803226,0.10628120000000002,-0.21308442647094727,2
2026-08-17,PATANJALI,39,-1,-0.09829923015803403,0.19086630642414093,-0.2686262,0.1062812,-0.4249074130737305,2
2026-08-17,PATANJALI,50,-1,-0.05234191967689375,0.2537350654602051,0.1268804,0.10628120000000002,-0.029400792666626,2
2026-08-17,PATANJALI,52,-1,-0.04328240335587987,0.23607772588729858,-0.16949177,0.1062812,-0.3257729678833008,2
2026-08-17,PAYTM,4,1,0.056390058994386226,0.6563685536384583,-0.3846109,0.10628119999999998,-0.5408920913421631,2
2026-08-17,PAYTM,13,1,0.045561600163037355,0.43890973925590515,-0.024944544,0.1062812,-0.18122574383850099,2
2026-08-17,PAYTM,17,1,0.043666775462174595,0.31026923656463623,0.47428608,0.1062812,0.3180048794067383,2
2026-08-17,PAYTM,20,1,0.04781378478497373,0.28781765699386597,0.11228323,0.1062812,-0.04399797017211915,2
2026-08-17,PAYTM,39,-1,-0.09777155977817255,0.1490505188703537,-0.13082027,0.1062812,-0.28710147435302735,2
2026-08-17,PERSISTENT,4,1,0.05818059938954755,0.44025155901908875,-0.3595531,0.10628119999999998,-0.5158342986785889,2
2026-08-17,PERSISTENT,13,1,0.04120569538635091,0.3055802285671234,-0.072067976,0.1062812,-0.2283491759979248,2
2026-08-17,PERSISTENT,39,-1,-0.0977971820604683,0.172347754240036,0.13405085,0.1062812,-0.022230353900146493,2
2026-08-17,PERSISTENT,50,-1,-0.05581761156489624,0.10805074125528336,0.21480322,0.1062812,0.058522018841552725,2
2026-08-17,PERSISTENT,51,-1,-0.04159603868897446,0.1179952323436737,0.52683353,0.1062812,0.37055233424072265,2
2026-08-17,PERSISTENT,52,-1,-0.049894817642121767,0.13187400996685028,0.6510854,0.10628119999999998,0.494804176739502,2
2026-08-17,PETRONET,4,1,0.059868071793090644,0.5769252181053162,-0.97935796,0.1062812,-1.1356391578399658,2
2026-08-17,PETRONET,5,1,0.04132231055631074,0.5497090220451355,-0.9649098,0.1062812,-1.1211909919464111,2
2026-08-17,PETRONET,12,1,0.043043550298807944,0.4197058081626892,0.2657175,0.10628119999999998,0.10943630640869144,2
2026-08-17,PETRONET,13,1,0.046706164197777844,0.40230897068977356,0.24796724,0.10628119999999998,0.09168604319458011,2
2026-08-17,PETRONET,14,1,0.04886363649138984,0.33519771695137024,0.23020506,0.1062812,0.07392385905151366,2
2026-08-17,PETRONET,39,-1,-0.09400004578357943,0.1514386683702469,-0.33569336,0.1062812,-0.491974559375,2
2026-08-17,PETRONET,50,-1,-0.06848919219951444,0.16356803476810455,0.15853643,0.1062812,0.0022552341735839754,2
2026-08-17,PETRONET,51,-1,-0.04089446489265139,0.15727698802947998,0.1409173,0.1062812,-0.015363898822021493,2
2026-08-17,PFC,4,1,0.06056004002934755,0.4064174294471741,0.2272129,0.10628119999999998,0.07093170588378908,2
2026-08-17,PFC,12,1,0.043013167242249115,0.2745044529438019,0.25393963,0.10628119999999998,0.09765842860107425,2
2026-08-17,PFC,13,1,0.0433024165338741,0.26242902874946594,0.1603365,0.1062812,0.004055294445800772,2
2026-08-17,PFC,14,1,0.057539318560025324,0.2224973887205124,0.24073124,0.10628119999999998,0.08445003931884769,2
2026-08-17,PFC,39,-1,-0.09484605567092591,0.10033620148897171,-0.26755333,0.1062812,-0.42383452946777345,2
2026-08-17,PFC,50,-1,-0.06034303642495505,0.11340916901826859,-0.0133395195,0.1062812,-0.16962071950073243,2
2026-08-17,PFC,52,-1,-0.04829123611843694,0.11054965853691101,-0.05337,0.1062812,-0.20965119893188477,2
2026-08-17,PHOENIXLTD,4,1,0.06574173775673262,0.44959399104118347,0.19129515,0.10628120000000002,0.03501394694213865,2
2026-08-17,PHOENIXLTD,5,1,0.04529685341134954,0.44389185309410095,-0.39733052,0.1062812,-0.5536117225372315,2
2026-08-17,PHOENIXLTD,12,1,0.048334992666544646,0.33468011021614075,0.2235055,0.10628119999999998,0.06722429697875978,2
2026-08-17,PHOENIXLTD,14,1,0.05880060422894026,0.2904376685619354,0.21262169,0.1062812,0.05634048884277343,2
2026-08-17,PHOENIXLTD,39,-1,-0.11249823123408799,0.19733485579490662,-0.05272627,0.1062812,-0.20900746876831056,2
2026-08-17,PHOENIXLTD,50,-1,-0.08014149241218428,0.2499072104692459,0.07832646,0.1062812,-0.07795473630065919,2
2026-08-17,PHOENIXLTD,51,-1,-0.054446489700385986,0.24211233854293823,-0.3238201,0.10628120000000002,-0.4801013141357422,2
2026-08-17,PHOENIXLTD,52,-1,-0.06775565637016658,0.24446816742420197,-0.34435987,0.10628119999999998,-0.5006410747253418,2
2026-08-17,PHOENIXLTD,53,-1,-0.04576459887589571,0.25217562913894653,-0.34418106,0.1062812,-0.5004622607910156,2
2026-08-17,PIDILITIND,4,1,0.06147445592882665,0.26751747727394104,-0.24158955,0.1062812,-0.3978707462036133,2
2026-08-17,PIDILITIND,14,1,0.05633507796165083,0.19696299731731415,-0.005942583,0.1062812,-0.16222378308410645,2
2026-08-17,PIDILITIND,39,-1,-0.08742201340597021,0.12880320847034454,-0.053572655,0.1062812,-0.2098538547241211,2
2026-08-17,PIDILITIND,50,-1,-0.06252716329449533,0.15200214087963104,0.20864606,0.1062812,0.052364859036254874,2
2026-08-17,PIIND,4,1,0.06441271554534704,0.3913450539112091,0.7214904,0.10628119999999998,0.5652091831481934,2
2026-08-17,PIIND,39,-1,-0.09659528887336931,0.12329612672328949,0.008040667,0.10628119999999998,-0.14824053341979979,2
2026-08-17,PIIND,50,-1,-0.05985451406919372,0.11492861807346344,0.10056496,0.10628119999999998,-0.05571624333496092,2
2026-08-17,PIIND,52,-1,-0.04623619942547338,0.11412229388952255,0.15696287,0.1062812,0.0006816715515136629,2
2026-08-17,PNB,4,1,0.0682304451211325,0.4025094509124756,-0.13754964,0.1062812,-0.29383083874816895,2
2026-08-17,PNB,5,1,0.05363696387756756,0.36992236971855164,-0.3699243,0.1062812,-0.5262055068695068,2
2026-08-17,PNB,12,1,0.04446269197463769,0.28295546770095825,0.3108859,0.1062812,0.1546047062194824,2
2026-08-17,PNB,13,1,0.049845126531863584,0.2952963709831238,0.77142715,0.1062812,0.6151459545410156,2
2026-08-17,PNB,14,1,0.059058774933683916,0.2386709749698639,0.48463345,0.10628119999999998,0.32835224573974614,2
2026-08-17,PNB,39,-1,-0.11630220400925398,0.1880173236131668,-0.7714629,0.1062812,-0.9277441173278809,2
2026-08-17,PNB,50,-1,-0.07709554956901662,0.20762036740779877,-0.03398657,0.10628120000000002,-0.19026776845092774,2
2026-08-17,PNB,51,-1,-0.05763442020291672,0.21472248435020447,0.033968687,0.1062812,-0.12231251294250489,2
2026-08-17,PNB,52,-1,-0.058502011139648834,0.2125493437051773,-0.0,0.10628119999999998,-0.15628119999999998,2
2026-08-17,PNB,53,-1,-0.047183384134963716,0.19836241006851196,-0.084888935,0.1062812,-0.24117013508911134,2
2026-08-17,POLICYBZR,4,1,0.06393810737101946,0.6220751404762268,0.30248165,0.10628119999999998,0.1462004513061524,2
2026-08-17,POLICYBZR,5,1,0.04587206446130072,0.5402427911758423,0.15414953,0.10628119999999998,-0.002131667681884747,2
2026-08-17,POLICYBZR,12,1,0.05073316879324333,0.37446460127830505,-0.09119511,0.1062812,-0.24747630650634767,2
2026-08-17,POLICYBZR,14,1,0.048007779211194465,0.27886900305747986,-0.17639399,0.1062812,-0.332675185748291,2
2026-08-17,POLICYBZR,17,1,0.046119464027094034,0.24965356290340424,0.062811375,0.10628119999999998,-0.09346982533569334,2
2026-08-17,POLICYBZR,20,1,0.052903025815884824,0.24066005647182465,-0.10829568,0.10628119999999998,-0.2645768790924072,2
2026-08-17,POLICYBZR,39,-1,-0.09989028966368636,0.2317674607038498,-0.5234122,0.10628119999999998,-0.6796934276306152,2
2026-08-17,POLICYBZR,50,-1,-0.04190438986429506,0.28465959429740906,0.10379553,0.1062812,-0.052485671588134775,2
2026-08-17,POLYCAB,4,1,0.056734685389279164,0.4134006202220917,0.47240257,0.1062812,0.31612137263183593,2
2026-08-17,POLYCAB,12,1,0.041177783178081205,0.3344302475452423,0.21409988,0.1062812,0.057818684033203116,2
2026-08-17,POLYCAB,13,1,0.044524824921939724,0.323406845331192,0.17656088,0.10628119999999998,0.020279678753662128,2
2026-08-17,POLYCAB,39,-1,-0.0926721351633369,0.1450713872909546,0.05878806,0.1062812,-0.09749313885803224,2
2026-08-17,POLYCAB,50,-1,-0.05988899895099545,0.11446886509656906,0.037395954,0.1062812,-0.11888524586791993,2
2026-08-17,POLYCAB,52,-1,-0.04798815593707601,0.11451780050992966,0.12825727,0.10628119999999998,-0.028023925372314434,2
2026-08-17,POWERGRID,4,1,0.05286580238617743,0.2664678692817688,0.1313448,0.1062812,-0.024936404772949228,2
2026-08-17,POWERGRID,14,1,0.05849147806891146,0.1907270848751068,0.094008446,0.10628119999999998,-0.06227275426025389,2
2026-08-17,POWERGRID,39,-1,-0.08690040106617644,0.1380317211151123,-0.20626783,0.10628119999999998,-0.36254903370971675,2
2026-08-17,POWERGRID,50,-1,-0.06179566065604119,0.10684821009635925,0.14961362,0.1062812,-0.006667581149292001,2
2026-08-17,POWERGRID,51,-1,-0.04089446489265139,0.1068681851029396,0.07478595,0.1062812,-0.08149525220031739,2
2026-08-17,POWERGRID,52,-1,-0.048352902598154945,0.10018887370824814,0.14961362,0.1062812,-0.006667581149292001,2
2026-08-17,POWERINDIA,4,1,0.0575692859076073,0.550561785697937,0.1966238,0.10628119999999998,0.04034260218505861,2
2026-08-17,POWERINDIA,14,1,0.04930284005408378,0.29695025086402893,0.3229022,0.1062812,0.16662100260620116,2
2026-08-17,POWERINDIA,39,-1,-0.0956428668696565,0.18611669540405273,-0.15494823,0.1062812,-0.3112294345581055,2
2026-08-17,POWERINDIA,50,-1,-0.05856785210331185,0.17247949540615082,0.014030933,0.1062812,-0.14225026661987306,2
2026-08-17,POWERINDIA,52,-1,-0.043411176397308904,0.15966740250587463,-0.08435249,0.1062812,-0.24063369328613282,2
2026-08-17,PRESTIGE,4,1,0.061676087293115224,0.46086013317108154,0.14523268,0.1062812,-0.011048522540283212,2
2026-08-17,PRESTIGE,12,1,0.0501941276344406,0.3664883077144623,-0.08915067,0.1062812,-0.24543186719055177,2
2026-08-17,PRESTIGE,13,1,0.044452726099563765,0.4003182053565979,0.10200739,0.1062812,-0.05427381093139649,2
2026-08-17,PRESTIGE,14,1,0.06993594730896657,0.34873291850090027,-0.35009384,0.1062812,-0.5063750415527344,2
2026-08-17,PRESTIGE,15,1,0.05899076499583119,0.33667081594467163,-0.19744039,0.1062812,-0.35372158581848145,2
2026-08-17,PRESTIGE,17,1,0.04689401509927075,0.3076750338077545,-0.33720732,0.1062812,-0.49348851735229493,2
2026-08-17,PRESTIGE,18,1,0.05093335764517849,0.3097080588340759,-0.19120574,0.1062812,-0.3474869399749756,2
2026-08-17,PRESTIGE,19,1,0.05165936112568083,0.30865904688835144,-0.14660358,0.1062812,-0.3028847842895508,2
2026-08-17,PRESTIGE,20,1,0.0533283816039823,0.29799818992614746,-0.26114583,0.1062812,-0.41742703015441895,2
2026-08-17,PRESTIGE,21,1,0.04568490062143129,0.31436794996261597,-0.0063836575,0.1062812,-0.16266485745544434,2
2026-08-17,PRESTIGE,39,-1,-0.08082270103198566,0.2786864936351776,-0.37943125,0.1062812,-0.5357124477111816,2
2026-08-17,PRESTIGE,50,-1,-0.056287669224981705,0.23964159190654755,0.056779385,0.1062812,-0.0995018153869629,2
2026-08-17,PRESTIGE,52,-1,-0.05011097840557831,0.22525566816329956,0.08203387,0.1062812,-0.07424732739562989,2
2026-08-17,RADICO,4,1,0.055548160857387736,0.3693031072616577,-0.1955986,0.10628119999999998,-0.35187980229492183,2
2026-08-17,RADICO,12,1,0.04897426139165734,0.2792264521121979,0.0064849854,0.10628120000000002,-0.1497962146484375,2
2026-08-17,RADICO,13,1,0.05177406684912994,0.280804306268692,0.0885725,0.1062812,-0.06770869786376954,2
2026-08-17,RADICO,14,1,0.06124523182943489,0.24702978134155273,0.24658442,0.10628119999999998,0.09030321543579105,2
2026-08-17,RADICO,39,-1,-0.09243272316053182,0.16132813692092896,-0.010764599,0.1062812,-0.16704579884643556,2
2026-08-17,RADICO,50,-1,-0.06125797134865133,0.1347377896308899,0.00860095,0.1062812,-0.14768024975891114,2
2026-08-17,RADICO,51,-1,-0.04100955331462526,0.13364766538143158,-0.24092197,0.1062812,-0.3972031741821289,2
2026-08-17,RADICO,52,-1,-0.047672621750849714,0.13062304258346558,-0.3979802,0.10628119999999998,-0.5542614131652832,2
2026-08-17,RECLTD,4,1,0.045302982713795695,0.4049437642097473,0.04467964,0.1062812,-0.1116015582763672,2
2026-08-17,RECLTD,12,1,0.04423316846101007,0.3223775327205658,0.25351048,0.1062812,0.09722927515869138,2
2026-08-17,RECLTD,13,1,0.05184995197966722,0.31454652547836304,0.4030347,0.10628119999999998,0.24675348704223637,2
2026-08-17,RECLTD,14,1,0.055099443110803274,0.2752181589603424,0.47796965,0.10628120000000002,0.3216884464538574,2
2026-08-17,RECLTD,15,1,0.04377586263892112,0.2645508050918579,0.43315887,0.10628120000000002,0.27687767451171874,2
2026-08-17,RECLTD,39,-1,-0.09999375566944459,0.11546391248703003,-0.3113866,0.1062812,-0.4676677852355957,2
2026-08-17,RECLTD,50,-1,-0.06147413211210787,0.12881439924240112,-0.29563904,0.1062812,-0.4519202380859375,2
2026-08-17,RECLTD,51,-1,-0.04159603868897446,0.12564632296562195,-0.32520294,0.1062812,-0.48148414189453126,2
2026-08-17,RECLTD,52,-1,-0.05011097840557831,0.12871862947940826,-0.22156239,0.1062812,-0.37784358555908204,2
2026-08-17,RELIANCE,14,1,0.0461325900964921,0.10849037021398544,-0.260818,0.1062812,-0.4170992046081543,2
2026-08-17,RELIANCE,39,-1,-0.09950834263657808,0.12158427387475967,-0.82809925,0.1062812,-0.984380450793457,2
2026-08-17,RELIANCE,50,-1,-0.06157949989258465,0.20659126341342926,0.083488226,0.1062812,-0.07279297406311036,2
2026-08-17,RELIANCE,51,-1,-0.04159603868897446,0.20855453610420227,0.14407635,0.10628119999999998,-0.012204852648925762,2
2026-08-17,RELIANCE,52,-1,-0.045452049604938816,0.219112828373909,0.14426708,0.10628119999999998,-0.012014117785644512,2
2026-08-17,RVNL,4,1,0.06119789746859131,0.39269503951072693,0.39004087,0.1062812,0.23375967448120116,2
2026-08-17,RVNL,13,1,0.04520045857108417,0.34608080983161926,0.05749464,0.1062812,-0.09878655964965821,2
2026-08-17,RVNL,14,1,0.05071982299819498,0.28480374813079834,0.092959404,0.1062812,-0.06332179600830079,2
2026-08-17,RVNL,17,1,0.046940065059536865,0.2603050470352173,0.19946098,0.1062812,0.04317978327636718,2
2026-08-17,RVNL,39,-1,-0.09555899305068973,0.1490848958492279,-0.6341934,0.1062812,-0.7904746204101563,2
2026-08-17,RVNL,50,-1,-0.056287669224981705,0.17658989131450653,0.026208162,0.1062812,-0.13007303769226075,2
2026-08-17,RVNL,52,-1,-0.048874514937948706,0.17945213615894318,0.13551116,0.1062812,-0.020770040103149423,2
2026-08-17,SAIL,4,1,0.06512061175200345,0.4093913435935974,0.1180172,0.1062812,-0.03826400334472657,2
2026-08-17,SAIL,5,1,0.04941661353744361,0.3844175934791565,0.35398006,0.1062812,0.19769886439208983,2
2026-08-17,SAIL,14,1,0.04575218977980468,0.3084939420223236,-0.61201453,0.1062812,-0.7682957320892334,2
2026-08-17,SAIL,15,1,0.055396356204443685,0.2830393314361572,-0.559324,0.10628119999999998,-0.7156052261077881,2
2026-08-17,SAIL,17,1,0.0471025395738872,0.27758875489234924,-0.6246686,0.1062812,-0.7809497981750488,2
2026-08-17,SAIL,18,1,0.04440871489899791,0.27898865938186646,-0.5015075,0.10628119999999998,-0.6577887206756592,2
2026-08-17,SAIL,19,1,0.046160174735494074,0.27164873480796814,-0.5777359,0.1062812,-0.7340171008789063,2
2026-08-17,SAIL,20,1,0.06675540668984478,0.259013831615448,-0.47733784,0.1062812,-0.6336190372192383,2
2026-08-17,SAIL,21,1,0.054739324358492075,0.28547874093055725,0.21320581,0.10628119999999998,0.056924614361572284,2
2026-08-17,SAIL,39,-1,-0.11249823123408799,0.19778069853782654,-0.6720543,0.1062812,-0.8283354907714844,2
2026-08-17,SAIL,50,-1,-0.07698019545586393,0.1805521547794342,-0.14594793,0.1062812,-0.3022291331970215,2
2026-08-17,SAIL,51,-1,-0.05619596201895744,0.19438126683235168,-0.040876865,0.1062812,-0.1971580653869629,2
2026-08-17,SAIL,52,-1,-0.06312266525674894,0.1984478384256363,0.011664629,0.1062812,-0.14461657101745606,2
2026-08-17,SAIL,53,-1,-0.046798656251185095,0.20491454005241394,0.13409853,0.1062812,-0.02218267018432618,2
2026-08-17,SBICARD,4,1,0.06595573996951833,0.4540766477584839,0.85190535,0.1062812,0.695624145916748,2
2026-08-17,SBICARD,5,1,0.048885271036069045,0.3983127772808075,0.4941821,0.10628119999999998,0.3379009098327637,2
2026-08-17,SBICARD,14,1,0.05882928152606808,0.3418361246585846,0.25349855,0.1062812,0.0972173542297363,2
2026-08-17,SBICARD,15,1,0.04394565121275817,0.3006875514984131,0.41217804,0.1062812,0.25589683955078124,2
2026-08-17,SBICARD,19,1,0.043021435677290075,0.32285788655281067,-0.2366662,0.10628119999999998,-0.39294740254516597,2
2026-08-17,SBICARD,20,1,0.06905826333913535,0.3227776288986206,-0.031596422,0.1062812,-0.18787762219543458,2
2026-08-17,SBICARD,21,1,0.04723678224690798,0.32116129994392395,-0.05531311,0.1062812,-0.2115943103515625,2
2026-08-17,SBICARD,39,-1,-0.11429616888143848,0.15221525728702545,-0.07863045,0.1062812,-0.23491164738769532,2
2026-08-17,SBICARD,50,-1,-0.08119656981813188,0.1388603001832962,0.16461611,0.1062812,0.008334907940673819,2
2026-08-17,SBICARD,51,-1,-0.05395372964054477,0.1389249563217163,0.0862658,0.10628119999999998,-0.07001539761657713,2
2026-08-17,SBICARD,52,-1,-0.06384052342507153,0.14115406572818756,0.2745092,0.10628119999999998,0.11822799151306156,2
2026-08-17,SBICARD,53,-1,-0.044962600954894655,0.13496094942092896,0.2195239,0.10628120000000002,0.06324270670776365,2
2026-08-17,SBILIFE,4,1,0.062488317852673655,0.2945609390735626,-0.1506269,0.1062812,-0.30690809781188966,2
2026-08-17,SBILIFE,5,1,0.047652433288009666,0.2798071503639221,-0.37925243,0.10628119999999998,-0.5355336337768555,2
2026-08-17,SBILIFE,12,1,0.045440352126304796,0.25365525484085083,-0.050377846,0.1062812,-0.20665904576416017,2
2026-08-17,SBILIFE,14,1,0.05786498358343794,0.21163831651210785,0.14001131,0.1062812,-0.01626988942260743,2
2026-08-17,SBILIFE,39,-1,-0.11408000811798194,0.1317143738269806,0.05028248,0.1062812,-0.10599872166748048,2
2026-08-17,SBILIFE,50,-1,-0.07651199193477748,0.11626312881708145,-0.072705746,0.10628119999999998,-0.22898694569702144,2
2026-08-17,SBILIFE,51,-1,-0.053090426899457324,0.11632217466831207,-0.15109777,0.10628119999999998,-0.3073789745056152,2
2026-08-17,SBILIFE,52,-1,-0.06626444834149446,0.12576858699321747,0.044733286,0.10628119999999998,-0.11154791409606932,2
2026-08-17,SBILIFE,53,-1,-0.04793166285880714,0.12809963524341583,0.06145239,0.1062812,-0.09482881123657227,2
2026-08-17,SBIN,4,1,0.0665112814994708,0.3403312861919403,-0.23622513,0.1062812,-0.39250632817382813,2
2026-08-17,SBIN,5,1,0.04648508223401964,0.31645724177360535,-0.36836863,0.1062812,-0.5246498256408691,2
2026-08-17,SBIN,14,1,0.04797965568892804,0.19176852703094482,-0.056916475,0.1062812,-0.21319767529602052,2
2026-08-17,SBIN,39,-1,-0.11298364426695451,0.12868258357048035,-0.54712296,0.1062812,-0.7034041553222656,2
2026-08-17,SBIN,50,-1,-0.07419341336217834,0.20854470133781433,0.18774271,0.10628119999999998,0.03146151011352541,2
2026-08-17,SBIN,51,-1,-0.04884176906409781,0.21954232454299927,0.056380033,0.1062812,-0.09990116650695802,2
2026-08-17,SBIN,52,-1,-0.05853271206708565,0.22096866369247437,0.03759861,0.1062812,-0.1186825900756836,2
2026-08-17,SBIN,53,-1,-0.043547370580975964,0.20122694969177246,0.10326505,0.10628119999999998,-0.05301615292663572,2
2026-08-17,SCHAEFFLER,4,1,0.06034284331465683,0.3120974004268646,0.5321741,0.1062812,0.37589291041259765,2
2026-08-17,SCHAEFFLER,5,1,0.043391243180359994,0.3044949173927307,0.41151047,0.1062812,0.25522926752929687,2
2026-08-17,SCHAEFFLER,12,1,0.04152117317413,0.3017594814300537,0.20494461,0.1062812,0.048663410595703116,2
2026-08-17,SCHAEFFLER,13,1,0.04179375803881816,0.3032362461090088,-0.16507506,0.1062812,-0.32135626370544434,2
2026-08-17,SCHAEFFLER,14,1,0.05030618076893266,0.27964600920677185,-0.24627447,0.10628119999999998,-0.40255567128295894,2
2026-08-17,SCHAEFFLER,20,1,0.04945667360385815,0.2527850568294525,-0.52527785,0.10628119999999998,-0.681559053012085,2
2026-08-17,SCHAEFFLER,39,-1,-0.09681144963682585,0.21450507640838623,-0.10149479,0.10628119999999998,-0.2577759891235351,2
2026-08-17,SCHAEFFLER,50,-1,-0.059614678257482866,0.24262061715126038,0.28642416,0.1062812,0.1301429600036621,2
2026-08-17,SHREECEM,4,1,0.06431922544897788,0.41123777627944946,0.10173321,0.1062812,-0.05454799229736329,2
2026-08-17,SHREECEM,5,1,0.04749553332777507,0.3660024404525757,-0.16266704,0.10628119999999998,-0.3189482360565185,2
2026-08-17,SHREECEM,12,1,0.051606065140467436,0.2663324475288391,-0.2647102,0.1062812,-0.4209913879119873,2
2026-08-17,SHREECEM,14,1,0.05748108387809487,0.18199288845062256,-0.18337369,0.1062812,-0.33965488965148927,2
2026-08-17,SHREECEM,20,1,0.04337992428520702,0.17948344349861145,-0.20428896,0.10628120000000002,-0.36057015950317384,2
2026-08-17,SHREECEM,39,-1,-0.11059391816670221,0.1643875539302826,-0.0,0.1062812,-0.1562812,2
2026-08-17,SHREECEM,50,-1,-0.07537898532715542,0.15559563040733337,0.101685524,0.1062812,-0.0545956760131836,2
2026-08-17,SHREECEM,51,-1,-0.05028463454464669,0.15708176791667938,-0.081431866,0.10628119999999998,-0.23771306569213863,2
2026-08-17,SHREECEM,52,-1,-0.06310969160685277,0.15411008894443512,0.10176897,0.1062812,-0.054512229510498056,2
2026-08-17,SHREECEM,53,-1,-0.045074727713588295,0.14245013892650604,0.04069805,0.1062812,-0.11558314854736329,2
2026-08-17,SHRIRAMFIN,4,1,0.06323787634330104,0.354155957698822,-0.13340712,0.1062812,-0.2896883159362793,2
2026-08-17,SHRIRAMFIN,5,1,0.048967378175900224,0.331047922372818,-0.053423643,0.1062812,-0.20970484311218263,2
2026-08-17,SHRIRAMFIN,12,1,0.05103890994228248,0.28647270798683167,0.14258623,0.1062812,-0.013694968768310556,2
2026-08-17,SHRIRAMFIN,13,1,0.04390073607056438,0.2969522774219513,0.54517984,0.1062812,0.3888986439025879,2
2026-08-17,SHRIRAMFIN,14,1,0.06030670305513825,0.2640284299850464,0.67887306,0.10628120000000002,0.522591862133789,2
2026-08-17,SHRIRAMFIN,15,1,0.053145509461230325,0.2607473134994507,0.5980015,0.1062812,0.44172028010253905,2
2026-08-17,SHRIRAMFIN,19,1,0.042084719804035324,0.2586875259876251,0.30260086,0.10628119999999998,0.14631966059570317,2
2026-08-17,SHRIRAMFIN,20,1,0.06230165348477816,0.27428463101387024,0.22232533,0.1062812,0.06604412501220702,2
2026-08-17,SHRIRAMFIN,39,-1,-0.1092238450516759,0.1489407867193222,-0.044369698,0.1062812,-0.2006508975708008,2
2026-08-17,SHRIRAMFIN,50,-1,-0.0775018077956577,0.10575804114341736,0.026595592,0.10628120000000002,-0.1296856075012207,2
2026-08-17,SHRIRAMFIN,51,-1,-0.05650141359529466,0.11394990980625153,0.11522174,0.10628119999999998,-0.041059461184692364,2
2026-08-17,SHRIRAMFIN,52,-1,-0.06474710104248854,0.1145625114440918,0.19494295,0.1062812,0.03866175120239257,2
2026-08-17,SHRIRAMFIN,53,-1,-0.04605037752734167,0.11138788610696793,0.265795,0.1062812,0.10951379244689939,2
2026-08-17,SIEMENS,4,1,0.06439183543178051,0.34868645668029785,-0.26646256,0.1062812,-0.4227437644683838,2
2026-08-17,SIEMENS,5,1,0.047652433288009666,0.3137073814868927,-0.5681813,0.1062812,-0.7244624763214111,2
2026-08-17,SIEMENS,12,1,0.052652834317682334,0.2874803841114044,0.35464764,0.1062812,0.1983664364135742,2
2026-08-17,SIEMENS,14,1,0.06708958613540414,0.2524525225162506,0.30890703,0.1062812,0.15262583201293944,2
2026-08-17,SIEMENS,17,1,0.05035120248867341,0.25531652569770813,0.37549734,0.1062812,0.21921614115600585,2
2026-08-17,SIEMENS,19,1,0.041207796998110814,0.26567986607551575,0.030517578,0.10628119999999998,-0.12576362187499998,2
2026-08-17,SIEMENS,20,1,0.0660525074549853,0.263217955827713,-0.3433287,0.10628119999999998,-0.4996099143707275,2
2026-08-17,SIEMENS,21,1,0.04507404716873655,0.26669129729270935,-0.22396445,0.1062812,-0.3802456527435303,2
2026-08-17,SIEMENS,39,-1,-0.11399336751480495,0.16207696497440338,-0.18064976,0.10628120000000002,-0.3369309573852539,2
2026-08-17,SIEMENS,50,-1,-0.07863481440327975,0.1609218418598175,0.24595857,0.1062812,0.08967736666564939,2
2026-08-17,SIEMENS,51,-1,-0.0573128916589834,0.16227109730243683,0.18513799,0.10628119999999998,0.02885678713684084,2
2026-08-17,SIEMENS,52,-1,-0.064912896451891,0.1600058674812317,0.26383996,0.10628119999999998,0.10755876009826663,2
2026-08-17,SIEMENS,53,-1,-0.04288255865389521,0.151330828666687,0.093859434,0.1062812,-0.06242176587219239,2
2026-08-17,SJVN,4,1,0.06296386372467963,0.3923933804035187,0.029957294,0.1062812,-0.12632390553588868,2
2026-08-17,SJVN,14,1,0.05791058753301986,0.17476734519004822,-0.22506118,0.10628119999999998,-0.3813423782073974,2
2026-08-17,SJVN,39,-1,-0.09548453704664502,0.09006264805793762,-0.15010834,0.1062812,-0.30638953740234376,2
2026-08-17,SJVN,50,-1,-0.061094086859718115,0.10910233855247498,0.04492402,0.1062812,-0.1113571792327881,2
2026-08-17,SJVN,51,-1,-0.04089446489265139,0.11124119907617569,-0.07491112,0.1062812,-0.23119231755371095,2
2026-08-17,SJVN,52,-1,-0.049409404609255234,0.1144498959183693,0.07485747,0.1062812,-0.08142372662658692,2
2026-08-17,SOLARINDS,4,1,0.05801613099109597,0.833871066570282,-0.4666388,0.10628119999999998,-0.6229200034820557,2
2026-08-17,SOLARINDS,12,1,0.049966182867102325,0.5253846049308777,0.82479715,0.1062812,0.6685159534729004,2
2026-08-17,SOLARINDS,13,1,0.05366631320425737,0.5066311955451965,1.1654615,0.1062812,1.009180340222168,2
2026-08-17,SOLARINDS,14,1,0.06565933167999066,0.3823968172073364,1.4909625,0.10628119999999998,1.3346813053405762,2
2026-08-17,SOLARINDS,15,1,0.046916311590922036,0.35698172450065613,1.1625528,0.1062812,1.006271633557129,2
2026-08-17,SOLARINDS,39,-1,-0.05661283089246269,0.2683536112308502,-0.165236,0.1062812,-0.3215171962463379,2
2026-08-17,SOLARINDS,50,-1,-0.05837491914989588,0.20162440836429596,0.32473803,0.10628119999999998,0.16845682566528325,2
2026-08-17,SOLARINDS,52,-1,-0.044132929314433356,0.169608935713768,0.39979815,0.1062812,0.2435169548309326,2
2026-08-17,SRF,4,1,0.062170794650139714,0.40685319900512695,0.015258789,0.10628119999999998,-0.14102241093749998,2
2026-08-17,SRF,5,1,0.04490744030523324,0.3764561712741852,0.20649433,0.1062812,0.05021313135986327,2
2026-08-17,SRF,39,-1,-0.09999375566944459,0.16448266804218292,-0.026583672,0.10628119999999998,-0.18286487156982417,2
2026-08-17,SRF,50,-1,-0.06550077222028222,0.11691773682832718,-0.057005882,0.10628119999999998,-0.21328708226318355,2
2026-08-17,SRF,52,-1,-0.04623619942547338,0.10613202303647995,-0.0,0.10628119999999998,-0.15628119999999998,2
2026-08-17,SUNDARMFIN,4,1,0.056994074857656125,0.5923882126808167,0.7724643,0.10628119999999998,0.6161830753601074,2
2026-08-17,SUNDARMFIN,17,1,0.05037025792014986,0.26395183801651,0.49943924,0.1062812,0.3431580395019531,2
2026-08-17,SUNDARMFIN,39,-1,-0.08690040106617644,0.19043581187725067,-0.30333996,0.1062812,-0.459621158190918,2
2026-08-17,SUNDARMFIN,50,-1,-0.05676313328391757,0.20316556096076965,-0.3444314,0.1062812,-0.5007126002990723,2
2026-08-17,SUNDARMFIN,51,-1,-0.04122244011749033,0.22435612976551056,-0.03322363,0.1062812,-0.18950482899780274,2
2026-08-17,SUNDARMFIN,52,-1,-0.049737379834094174,0.22459909319877625,-0.12640953,0.10628119999999998,-0.2826907306396484,2
2026-08-17,SUNPHARMA,3,1,0.04437957662492722,0.5816392302513123,-0.07824898,0.10628119999999998,-0.23453017766113277,2
2026-08-17,SUNPHARMA,4,1,0.07661894979821811,0.525138258934021,-0.27083158,0.10628119999999998,-0.4271127849304199,2
2026-08-17,SUNPHARMA,5,1,0.07683976848396218,0.48551440238952637,-0.07829666,0.1062812,-0.23457786137695313,2
2026-08-17,SUNPHARMA,6,1,0.0424550078362396,0.45179688930511475,0.03658533,0.10628119999999998,-0.11969586903686522,2
2026-08-17,SUNPHARMA,7,1,0.0432507018828027,0.40548014640808105,-0.047016144,0.1062812,-0.20329734379882813,2
2026-08-17,SUNPHARMA,12,1,0.049131607487692075,0.295749694108963,-0.17760992,0.10628119999999998,-0.33389112050170894,2
2026-08-17,SUNPHARMA,13,1,0.058007489181052786,0.28217580914497375,-0.18289089,0.10628119999999998,-0.33917209202880855,2
2026-08-17,SUNPHARMA,14,1,0.05826136736356332,0.1743246465921402,-0.59054494,0.1062812,-0.7468261390411377,2
2026-08-17,SUNPHARMA,39,-1,-0.09185710849456473,0.17247889935970306,0.20997524,0.10628119999999998,0.05369404261474611,2
2026-08-17,SUNPHARMA,50,-1,-0.05770643535730166,0.1644066721200943,-0.07901192,0.1062812,-0.23529311711425782,2
2026-08-17,SUNPHARMA,52,-1,-0.04873920637183908,0.17944544553756714,-0.068473816,0.10628119999999998,-0.2247550159179687,2
2026-08-17,SUPREMEIND,3,1,0.057309840915099504,0.8378044366836548,0.71982145,0.10628119999999998,0.5635402530944824,2
2026-08-17,SUPREMEIND,4,1,0.10028280083562117,0.7545369863510132,1.0493636,0.1062812,0.8930824131286621,2
2026-08-17,SUPREMEIND,5,1,0.07602186422472854,0.7145804166793823,0.71504116,0.1062812,0.5587599605834961,2
2026-08-17,SUPREMEIND,6,1,0.05544886129910907,0.6673396825790405,0.88073015,0.1062812,0.7244489521301269,2
2026-08-17,SUPREMEIND,7,1,0.052000828393591006,0.6128175258636475,0.59797764,0.10628119999999998,0.44169643824462895,2
2026-08-17,SUPREMEIND,8,1,0.05757922557162253,0.5810192823410034,0.70859194,0.1062812,0.5523107380187988,2
2026-08-17,SUPREMEIND,10,1,0.04478108973122202,0.5612452626228333,-0.19791126,0.1062812,-0.35419246251220704,2
2026-08-17,SUPREMEIND,11,1,0.05362414418747319,0.54441237449646,-0.3296733,0.1062812,-0.48595449025268556,2
2026-08-17,SUPREMEIND,12,1,0.06281324649999702,0.5344804525375366,-0.0027537346,0.1062812,-0.15903493458862306,2
2026-08-17,SUPREMEIND,13,1,0.061312136852369165,0.5320257544517517,-0.3268838,0.10628120000000002,-0.4831649928771973,2
2026-08-17,SUPREMEIND,14,1,0.07393865119719545,0.4481711685657501,-0.03578067,0.1062812,-0.192061868258667,2
2026-08-17,SUPREMEIND,15,1,0.06222707374190184,0.41874584555625916,-0.20613074,0.1062812,-0.3624119430267334,2
2026-08-17,SUPREMEIND,16,1,0.06627689661669729,0.40979933738708496,-0.47534704,0.1062812,-0.6316282420837402,2
2026-08-17,SUPREMEIND,17,1,0.07188197375347784,0.37004706263542175,-0.5619824,0.1062812,-0.7182635932647705,2
2026-08-17,SUPREMEIND,18,1,0.07190235099154187,0.35930711030960083,-0.41620135,0.1062812,-0.5724825530731201,2
2026-08-17,SUPREMEIND,19,1,0.07378943547222455,0.3444770872592926,-0.40169954,0.1062812,-0.5579807429992676,2
2026-08-17,SUPREMEIND,20,1,0.08596801791758758,0.3417387306690216,-0.56497455,0.1062812,-0.7212557464324951,2
2026-08-17,SUPREMEIND,21,1,0.07100406749108508,0.34434041380882263,-0.6473124,0.1062812,-0.8035936027252197,2
2026-08-17,SUPREMEIND,22,1,0.060474651086994236,0.328520268201828,-0.70238113,0.10628119999999998,-0.8586623340332031,2
2026-08-17,SUPREMEIND,23,1,0.0440012041400801,0.30053627490997314,-0.38684607,0.10628119999999998,-0.5431272655212402,2
2026-08-17,SUPREMEIND,24,1,0.042511085735113995,0.31938716769218445,-0.01385808,0.1062812,-0.17013927991027833,2
2026-08-17,SUPREMEIND,25,1,0.04092827824920243,0.31196925044059753,-0.107848644,0.1062812,-0.2641298442565918,2
2026-08-17,SUPREMEIND,27,1,0.04285746881333633,0.29834580421447754,-0.14967918,0.10628119999999998,-0.3059603839599609,2
2026-08-17,SUPREMEIND,28,1,0.045556878077578605,0.28437674045562744,-0.121968985,0.10628119999999998,-0.2782501846038818,2
2026-08-17,SUPREMEIND,29,1,0.04619930636158383,0.289480060338974,-0.083220005,0.1062812,-0.2395012050354004,2
2026-08-17,SUPREMEIND,30,1,0.04615989710777038,0.2865079939365387,-0.16080737,0.10628119999999998,-0.3170885711395263,2
2026-08-17,SUPREMEIND,31,1,0.048019505733717494,0.2621898651123047,-0.16634464,0.1062812,-0.32262584263916017,2
2026-08-17,SUPREMEIND,32,1,0.04110524327272443,0.26241299510002136,-0.5148828,0.10628119999999998,-0.6711640029632568,2
2026-08-17,SUPREMEIND,33,1,0.04178414143842263,0.25731563568115234,0.13588667,0.10628119999999995,-0.020394530841064407,2
2026-08-17,SUPREMEIND,34,1,0.046227623729597926,0.260152131319046,0.122094154,0.1062812,-0.03418704564208985,2
2026-08-17,SUPREMEIND,39,-1,-0.058952817118230805,0.20192916691303253,-0.35059452,0.1062812,-0.5068757205688477,2
2026-08-17,SUZLON,4,1,0.055548160857387736,0.3893364369869232,0.10584593,0.10628119999999998,-0.05043527180786131,2
2026-08-17,SUZLON,13,1,0.04378880298266216,0.287166029214859,0.4654169,0.1062812,0.30913570826416015,2
2026-08-17,SUZLON,39,-1,-0.05833043132538316,0.33519139885902405,-1.1210322,0.10628119999999998,-1.2773134380065918,2
2026-08-17,TATACOMM,4,1,0.06358121844967159,0.7048501372337341,-0.2747357,0.1062812,-0.431016889163208,2
2026-08-17,TATACOMM,12,1,0.06021585876208701,0.4234342575073242,-0.65163374,0.10628119999999998,-0.8079149394714356,2
2026-08-17,TATACOMM,13,1,0.06001608089962513,0.40622109174728394,-0.2937734,0.10628119999999998,-0.4500546127044677,2
2026-08-17,TATACOMM,14,1,0.054822654667233225,0.29323187470436096,-0.51681995,0.1062812,-0.673101153918457,2
2026-08-17,TATACOMM,16,1,0.04215374426981681,0.2628864347934723,-0.587821,0.1062812,-0.7441022067749024,2
2026-08-17,TATACOMM,19,1,0.054253285116481316,0.268865168094635,-0.065004826,0.1062812,-0.22128602559204102,2
2026-08-17,TATACOMM,20,1,0.05452678241790706,0.2790646255016327,-0.24157166,0.1062812,-0.3978528648101807,2
2026-08-17,TATACOMM,21,1,0.046897684501349526,0.2901173532009125,-0.22419095,0.10628119999999998,-0.3804721503936767,2
2026-08-17,TATACOMM,39,-1,-0.09947214332965082,0.232063889503479,-0.87976456,0.1062812,-1.0360457568847656,2
2026-08-17,TATACONSUM,4,1,0.058651905822506616,0.33227959275245667,0.09281635,0.10628120000000002,-0.06346484715576174,2
2026-08-17,TATACONSUM,14,1,0.051360080698292856,0.1889987587928772,-0.16710758,0.10628120000000002,-0.32338878209228517,2
2026-08-17,TATACONSUM,39,-1,-0.09829923015803403,0.13631407916545868,0.037246943,0.1062812,-0.11903425747985841,2
2026-08-17,TATACONSUM,50,-1,-0.05195045819368036,0.18123798072338104,-0.12127161,0.10628119999999998,-0.2775528102600097,2
2026-08-17,TATACONSUM,52,-1,-0.043932788737102664,0.14392389357089996,-0.0,0.10628119999999998,-0.15628119999999998,2
2026-08-17,TATAELXSI,4,1,0.0683937413020793,0.44569510221481323,-0.27077794,0.1062812,-0.4270591407501221,2
2026-08-17,TATAELXSI,5,1,0.04995222655003382,0.41362857818603516,-0.34291744,0.10628119999999998,-0.4991986423217773,2
2026-08-17,TATAELXSI,12,1,0.0452341813582493,0.29446595907211304,-0.061827898,0.10628119999999998,-0.21810909802551265,2
2026-08-17,TATAELXSI,13,1,0.04130351626337171,0.2817273736000061,0.18820763,0.1062812,0.03192642634277343,2
2026-08-17,TATAELXSI,14,1,0.05591405906182129,0.23405934870243073,0.30936003,0.1062812,0.1530788273132324,2
2026-08-17,TATAELXSI,17,1,0.046182462954375315,0.2156611829996109,0.85651875,0.1062812,0.7002375454223633,2
2026-08-17,TATAELXSI,39,-1,-0.10900046499677431,0.1569795161485672,0.13015866,0.1062812,-0.0261225372039795,2
2026-08-17,TATAELXSI,50,-1,-0.0775018077956577,0.13728269934654236,0.071674585,0.1062812,-0.08460661465759278,2
2026-08-17,TATAELXSI,51,-1,-0.05198947545114939,0.13682998716831207,-0.07702112,0.1062812,-0.23330232197875977,2
2026-08-17,TATAELXSI,52,-1,-0.06474710104248854,0.1310252547264099,0.2017498,0.10628119999999998,0.045468601635742206,2
2026-08-17,TATAELXSI,53,-1,-0.04400814309259893,0.13024276494979858,0.15128255,0.10628119999999998,-0.004998651095581036,2
2026-08-17,TATAINVEST,4,1,0.06376092668036737,0.47319626808166504,-0.121217966,0.1062812,-0.2774991660797119,2
2026-08-17,TATAINVEST,5,1,0.04111787841517178,0.41414356231689453,-0.37853122,0.1062812,-0.5348124175750733,2
2026-08-17,TATAINVEST,12,1,0.0433780455224432,0.3419727087020874,-0.23555756,0.10628119999999998,-0.3918387561523437,2
2026-08-17,TATAINVEST,14,1,0.04130957236964513,0.2609349191188812,-0.3419459,0.10628119999999998,-0.49822708661193843,2
2026-08-17,TATAINVEST,39,-1,-0.09688520077729985,0.186619833111763,-0.022900105,0.10628119999999998,-0.17918130452270503,2
2026-08-17,TATAINVEST,50,-1,-0.060559197188411594,0.164454385638237,0.030487776,0.1062812,-0.1257934241973877,2
2026-08-17,TATAINVEST,52,-1,-0.04354538789989306,0.17115899920463562,0.16771555,0.10628119999999998,0.01143434946899416,2
2026-08-17,TATAPOWER,4,1,0.05438781593606317,0.27591803669929504,-0.24967194,0.10628120000000002,-0.40595313603515626,2
2026-08-17,TATAPOWER,39,-1,-0.09724994743837878,0.13542824983596802,-0.43449402,0.1062812,-0.5907752185546875,2
2026-08-17,TATAPOWER,50,-1,-0.06179566065604119,0.1281183511018753,-0.02617836,0.1062812,-0.18245955998535157,2
2026-08-17,TATAPOWER,52,-1,-0.04255292043858726,0.1348412185907364,-0.06554127,0.10628119999999998,-0.22182246739501948,2
2026-08-17,TATASTEEL,4,1,0.06337618897843009,0.33115729689598083,0.58687925,0.1062812,0.43059805338745116,2
2026-08-17,TATASTEEL,5,1,0.04078890771766015,0.33632171154022217,0.20781755,0.1062812,0.051536354473876944,2
2026-08-17,TATASTEEL,39,-1,-0.09777155977817255,0.16267365217208862,-0.28806925,0.1062812,-0.4443504481994629,2
2026-08-17,TATASTEEL,50,-1,-0.06848919219951444,0.16829021275043488,-0.47459602,0.10628119999999998,-0.6308772235595703,2
2026-08-17,TATASTEEL,52,-1,-0.049625565372711775,0.18208397924900055,-0.28569698,0.1062812,-0.44197818333740235,2
2026-08-17,TCS,4,1,0.06539401448504606,0.4502573013305664,-0.36874413,0.1062812,-0.5250253349029541,2
2026-08-17,TCS,5,1,0.04802742016911072,0.43789952993392944,-0.39004087,0.10628119999999998,-0.5463220744812012,2
2026-08-17,TCS,12,1,0.0443081858688686,0.2978924512863159,-0.34864545,0.1062812,-0.5049266486846924,2
2026-08-17,TCS,13,1,0.040990176058693734,0.28226837515830994,-0.27979612,0.10628119999999998,-0.4360773235046386,2
2026-08-17,TCS,14,1,0.044409023264472915,0.2258041948080063,-0.29677153,0.1062812,-0.45305272633666993,2
2026-08-17,TCS,17,1,0.06110576675363979,0.2559279203414917,0.16856194,0.1062812,0.012280735424804679,2
2026-08-17,TCS,18,1,0.04224906027973354,0.24585700035095215,-0.030237436,0.1062812,-0.18651863629455567,2
2026-08-17,TCS,39,-1,-0.107608428193172,0.15107394754886627,0.2320826,0.1062812,0.07580140536193845,2
2026-08-17,TCS,50,-1,-0.07310541647575902,0.12920454144477844,0.10764003,0.10628119999999998,-0.04864117200012205,2
2026-08-17,TCS,51,-1,-0.05055479763427656,0.12679249048233032,0.06030798,0.1062812,-0.09597322041625977,2
2026-08-17,TCS,52,-1,-0.054266622564810886,0.13311953842639923,-0.02156496,0.10628119999999998,-0.17784616047973628,2
2026-08-17,TCS,53,-1,-0.04159350836276743,0.13374145328998566,-0.060391426,0.10628119999999998,-0.21667262608642573,2
2026-08-17,TECHM,4,1,0.06653866321381018,0.5088927149772644,-0.30868053,0.1062812,-0.464961734362793,2
2026-08-17,TECHM,5,1,0.04728838934460926,0.4612475037574768,-0.22855401,0.10628120000000002,-0.38483521039123536,2
2026-08-17,TECHM,12,1,0.04520689944974958,0.31813183426856995,-0.23516417,0.10628120000000002,-0.3914453654968262,2
2026-08-17,TECHM,14,1,0.04320151806798528,0.23427899181842804,-0.40828586,0.10628119999999998,-0.5645670562469483,2
2026-08-17,TECHM,20,1,0.043648135283451225,0.20538784563541412,-0.22969246,0.1062812,-0.3859736591064453,2
2026-08-17,TECHM,39,-1,-0.10281530946989477,0.1643415242433548,0.30997992,0.10628120000000002,0.15369871561889648,2
2026-08-17,TECHM,50,-1,-0.06598439772599438,0.13495635986328125,0.062149763,0.1062812,-0.0941314368927002,2
2026-08-17,TECHM,52,-1,-0.04603988276838029,0.1287972331047058,0.19897819,0.10628119999999998,0.04269698565368654,2
2026-08-17,THERMAX,4,1,0.06391897289360576,0.7801732420921326,1.0513663,0.1062812,0.8950851291931152,2
2026-08-17,THERMAX,20,1,0.04096939096533606,0.4996495842933655,-0.059348345,0.10628119999999998,-0.2156295448028564,2
2026-08-17,THERMAX,22,1,0.06457604650175379,0.49672484397888184,-0.9522259,0.1062812,-1.108507123538208,2
2026-08-17,THERMAX,29,1,0.043522947225183774,0.5028927326202393,-0.3587067,0.1062812,-0.5149879127227783,2
2026-08-17,THERMAX,39,-1,-0.06541567342211338,0.32002052664756775,0.19720793,0.1062812,0.04092672770385741,2
2026-08-17,THERMAX,52,-1,-0.047971510387670474,0.2500917613506317,0.103628635,0.1062812,-0.05265256459350587,2
2026-08-17,TIINDIA,4,1,0.058510417073769076,0.8703010678291321,-0.2763033,0.1062812,-0.4325844913208008,2
2026-08-17,TIINDIA,5,1,0.05524008962045225,0.8194708824157715,-0.7740855,0.1062812,-0.9303667216979981,2
2026-08-17,TIINDIA,12,1,0.044175150688890594,0.6566927433013916,0.110948086,0.1062812,-0.0453331142150879,2
2026-08-17,TIINDIA,14,1,0.04815852477061712,0.5742304921150208,0.04811287,0.10628119999999998,-0.10816833073730467,2
2026-08-17,TIINDIA,15,1,0.04474346749186276,0.5571265816688538,0.0703454,0.10628119999999998,-0.08593579823608397,2
2026-08-17,TIINDIA,20,1,0.06203651263217421,0.3958885371685028,-0.3474474,0.10628119999999998,-0.503728595324707,2
2026-08-17,TIINDIA,21,1,0.04729400275124064,0.36221635341644287,-0.36645532,0.10628119999999998,-0.5227365165435791,2
2026-08-17,TIINDIA,39,-1,-0.09977759490598805,0.2238304764032364,-1.4959574,0.1062812,-1.652238574572754,2
2026-08-17,TIINDIA,50,-1,-0.0445502844104159,0.29687270522117615,0.07264018,0.10628120000000002,-0.08364101941223147,2
2026-08-17,TITAN,4,1,0.06080536695559084,0.41799283027648926,-0.05710721,0.1062812,-0.21338841015930177,2
2026-08-17,TITAN,5,1,0.0453435407768999,0.3755389451980591,0.12407303,0.10628119999999998,-0.032208171435546856,2
2026-08-17,TITAN,39,-1,-0.09736821826674166,0.14458541572093964,0.10969639,0.1062812,-0.0465848117553711,2
2026-08-17,TITAN,50,-1,-0.06702812935289455,0.1190166026353836,0.09997487,0.10628119999999998,-0.056306329318237286,2
2026-08-17,TITAN,52,-1,-0.04571458708567962,0.1096392571926117,0.1901567,0.10628119999999998,0.03387549822692873,2
2026-08-17,TMCV,4,1,0.0635193570000215,0.6584108471870422,-0.07408261,0.10628119999999998,-0.23036381299133296,2
2026-08-17,TMCV,5,1,0.04090860121408018,0.5717920064926147,-0.44468045,0.10628119999999998,-0.6009616523468018,2
2026-08-17,TMCV,12,1,0.05959354942428211,0.4024903178215027,-0.010639429,0.1062812,-0.16692062909240724,2
2026-08-17,TMCV,13,1,0.05982916939307811,0.3949691653251648,-0.23391843,0.1062812,-0.3901996284210205,2
2026-08-17,TMCV,14,1,0.05522560105034856,0.29591232538223267,-0.39294362,0.1062812,-0.5492248206817627,2
2026-08-17,TMCV,39,-1,-0.08690040106617644,0.17794129252433777,-0.10693073,0.1062812,-0.2632119327270508,2
2026-08-17,TMCV,50,-1,-0.055095858647771785,0.10923145711421967,-0.22457838,0.10628119999999998,-0.38085958058471675,2
2026-08-17,TMCV,52,-1,-0.0489030908607723,0.10230275988578796,-0.4061103,0.10628119999999998,-0.5623914867126465,2
2026-08-17,TORNTPHARM,4,1,0.06521400551222659,0.3995032012462616,-0.14489889,0.10628119999999998,-0.30118009144897456,2
2026-08-17,TORNTPHARM,5,1,0.04589381194200071,0.36269429326057434,-0.031089783,0.10628119999999998,-0.1873709827148437,2
2026-08-17,TORNTPHARM,14,1,0.05529474943045964,0.17931239306926727,0.6432891,0.1062812,0.4870078892028809,2
2026-08-17,TORNTPHARM,39,-1,-0.09880194509223468,0.19233593344688416,-0.041091442,0.1062812,-0.1973726421081543,2
2026-08-17,TORNTPHARM,50,-1,-0.06488250976687795,0.1385752409696579,-0.29752254,0.1062812,-0.45380374486083985,2
2026-08-17,TORNTPHARM,51,-1,-0.04159603868897446,0.148550346493721,-0.12294054,0.1062812,-0.2792217403137207,2
2026-08-17,TORNTPHARM,52,-1,-0.04926783752185123,0.1398550122976303,-0.25627613,0.1062812,-0.41255733067626954,2
2026-08-17,TORNTPOWER,4,1,0.06112273835891688,0.28385117650032043,-0.13809204,0.1062812,-0.294373241015625,2
2026-08-17,TORNTPOWER,5,1,0.05128380338233704,0.26111698150634766,-0.24577379,0.10628119999999998,-0.40205499226684566,2
2026-08-17,TORNTPOWER,14,1,0.05956747903822811,0.1529822051525116,0.4466772,0.1062812,0.29039600794677733,2
2026-08-17,TORNTPOWER,20,1,0.04181213681911601,0.1649024486541748,0.046014786,0.1062812,-0.11026641423339845,2
2026-08-17,TORNTPOWER,39,-1,-0.1052389481832187,0.1507987380027771,-0.37970543,0.1062812,-0.5359866290771484,2
2026-08-17,TORNTPOWER,50,-1,-0.055942735420096125,0.21695899963378906,0.20458102,0.10628119999999998,0.04829982226257326,2
2026-08-17,TORNTPOWER,52,-1,-0.049224619404705613,0.16011303663253784,1.173532,0.10628119999999998,1.0172508091247559,2
2026-08-17,TRENT,4,1,0.05802269767604458,0.3335244953632355,-0.17150044,0.1062812,-0.32778164441223145,2
2026-08-17,TRENT,13,1,0.04354581557409246,0.2823408842086792,-0.11806488,0.1062812,-0.27434608037109376,2
2026-08-17,TRENT,17,1,0.04476594699821276,0.2693415582180023,-0.5791247,0.1062812,-0.7354058891021729,2
2026-08-17,TRENT,20,1,0.05452751763244353,0.2660770118236542,-0.30725002,0.1062812,-0.4635312228881836,2
2026-08-17,TRENT,21,1,0.04130501026817722,0.25905880331993103,-0.04056096,0.1062812,-0.19684216076965333,2
2026-08-17,TRENT,39,-1,-0.09977759490598805,0.19382457435131073,-0.09436607,0.1062812,-0.25064727360839845,2
2026-08-17,TRENT,50,-1,-0.05890326652735298,0.1306125670671463,0.19868612,0.1062812,0.0424049228942871,2
2026-08-17,TRENT,52,-1,-0.04798815593707601,0.11620359867811203,0.276196,0.10628119999999998,0.11991480296020511,2
2026-08-17,TVSMOTOR,4,1,0.06175400001681391,0.5474668145179749,0.66137314,0.1062812,0.5050919384277344,2
2026-08-17,TVSMOTOR,5,1,0.04192280264114721,0.4848185181617737,0.8825183,0.1062812,0.7262370914733887,2
2026-08-17,TVSMOTOR,20,1,0.04363659108151663,0.24396373331546783,-0.13704896,0.10628120000000002,-0.2933301597320557,2
2026-08-17,TVSMOTOR,39,-1,-0.0956428668696565,0.1315370798110962,0.08455515,0.10628120000000002,-0.07172605092163088,2
2026-08-17,TVSMOTOR,50,-1,-0.05720209810626069,0.08361666649580002,-0.24741888,0.1062812,-0.4037000804626465,2
2026-08-17,TVSMOTOR,52,-1,-0.04820431670053255,0.08518475294113159,-0.12589693,0.10628119999999998,-0.28217813069458003,2
2026-08-17,UBL,4,1,0.056994074857656125,0.3699140250682831,-0.5824506,0.1062812,-0.7387318282806397,2
2026-08-17,UBL,14,1,0.040911654683411694,0.19457733631134033,-0.17576218,0.1062812,-0.3320433765136719,2
2026-08-17,UBL,39,-1,-0.09947214332965082,0.18200285732746124,0.16005635,0.1062812,0.0037751526153564363,2
2026-08-17,UBL,50,-1,-0.05770472091247972,0.13062889873981476,0.14572144,0.1062812,-0.010559764453125009,2
2026-08-17,UBL,52,-1,-0.04798815593707601,0.13536153733730316,0.08017421,0.10628119999999998,-0.07610699231262205,2
2026-08-17,ULTRACEMCO,4,1,0.060274257230963094,0.2605245113372803,0.32781363,0.10628119999999998,0.1715324253356934,2
2026-08-17,ULTRACEMCO,14,1,0.05017340035563561,0.17415599524974823,0.1379013,0.10628119999999998,-0.01837989384765623,2
2026-08-17,ULTRACEMCO,39,-1,-0.09950834263657808,0.131606325507164,-0.32564402,0.1062812,-0.48192521626586915,2
2026-08-17,ULTRACEMCO,50,-1,-0.0665825304944687,0.1358213573694229,0.102740526,0.1062812,-0.05354067380065919,2
2026-08-17,ULTRACEMCO,52,-1,-0.044654541654227116,0.14698496460914612,-0.0600338,0.1062812,-0.21631499821777345,2
2026-08-17,UNIONBANK,4,1,0.0723758167264013,0.48323220014572144,0.43878555,0.10628120000000002,0.2825043529785156,2
2026-08-17,UNIONBANK,5,1,0.04864034562059452,0.4384540915489197,0.1840353,0.1062812,0.027754101208496085,2
2026-08-17,UNIONBANK,13,1,0.05062625586341643,0.32430610060691833,0.5038738,0.1062812,0.3475926250732422,2
2026-08-17,UNIONBANK,14,1,0.05197553390619756,0.2693965435028076,0.2323389,0.1062812,0.07605770533447263,2
2026-08-17,UNIONBANK,39,-1,-0.09846470030250823,0.25504612922668457,-0.86055994,0.1062812,-1.0168411403381348,2
2026-08-17,UNIONBANK,50,-1,-0.05580626365015642,0.254899263381958,0.38526058,0.1062812,0.22897938197021483,2
2026-08-17,UNIONBANK,52,-1,-0.04270444753548227,0.2498784214258194,0.29023886,0.1062812,0.1339576572692871,2
2026-08-17,UNITDSPR,4,1,0.061105963764416515,0.365956574678421,0.26055574,0.10628119999999998,0.10427454417114261,2
2026-08-17,UNITDSPR,5,1,0.042429408447597565,0.3380505442619324,0.21526814,0.10628119999999998,0.0589869350708008,2
2026-08-17,UNITDSPR,13,1,0.04300519390789855,0.26680561900138855,-0.05853772,0.1062812,-0.21481892163391114,2
2026-08-17,UNITDSPR,14,1,0.04230580543924785,0.22324317693710327,-0.22742152,0.10628119999999998,-0.3837027221405029,2
2026-08-17,UNITDSPR,39,-1,-0.09841972713865235,0.11660033464431763,0.039047003,0.10628119999999998,-0.11723419720764158,2
2026-08-17,UNITDSPR,50,-1,-0.06821993993010446,0.0757310539484024,-0.24075508,0.1062812,-0.3970362811767578,2
2026-08-17,UNITDSPR,51,-1,-0.04159603868897446,0.07799827307462692,-0.39662123,0.1062812,-0.5529024272644043,2
2026-08-17,UNITDSPR,52,-1,-0.05011097840557831,0.07889070361852646,-0.18838644,0.10628120000000002,-0.3446676402770996,2
2026-08-17,UNOMINDA,4,1,0.059893348288290606,0.670505702495575,-0.50400496,0.1062812,-0.6602861552917481,2
2026-08-17,UNOMINDA,39,-1,-0.0996832642443568,0.20364807546138763,0.1259625,0.10628119999999998,-0.030318704196166973,2
2026-08-17,UNOMINDA,50,-1,-0.05456271132732259,0.22639800608158112,-0.22187233,0.1062812,-0.37815352971191407,2
2026-08-17,UNOMINDA,52,-1,-0.04906718159667802,0.23828387260437012,0.015813112,0.1062812,-0.14046808774108888,2
2026-08-17,UPL,4,1,0.055548160857387736,0.48690304160118103,-0.37029982,0.1062812,-0.5265810161315918,2
2026-08-17,UPL,12,1,0.04138342663930203,0.2977963387966156,0.23033619,0.1062812,0.07405498927001952,2
2026-08-17,UPL,13,1,0.04687933491899397,0.28862494230270386,0.32795668,0.10628119999999998,0.17167547648315434,2
2026-08-17,UPL,39,-1,-0.0944799580856625,0.15100792050361633,-0.044226646,0.1062812,-0.20050784642333985,2
2026-08-17,UPL,50,-1,-0.061310247623174656,0.10652683675289154,-0.14121532,0.1062812,-0.2974965244018555,2
2026-08-17,UPL,51,-1,-0.04149496634749179,0.10333872586488724,-0.114643574,0.10628119999999998,-0.2709247737609863,2
2026-08-17,UPL,52,-1,-0.049894817642121767,0.12024514377117157,0.061690807,0.10628119999999998,-0.09459039265747068,2
2026-08-17,VBL,4,1,0.06187953530091611,0.3342939615249634,0.11527538,0.10628119999999998,-0.04100581700439451,2
2026-08-17,VBL,5,1,0.04109600276707841,0.2979623079299927,0.08074045,0.1062812,-0.07554074818725587,2
2026-08-17,VBL,12,1,0.04506139936040317,0.25974881649017334,0.59963465,0.1062812,0.44335344736938476,2
2026-08-17,VBL,13,1,0.041086142118694435,0.2699905037879944,0.2297759,0.10628119999999998,0.07349470560913088,2
2026-08-17,VBL,39,-1,-0.08652645917340483,0.23570306599140167,0.05711913,0.1062812,-0.09916206891174317,2
2026-08-17,VBL,50,-1,-0.06559679807082625,0.13876014947891235,0.13706684,0.1062812,-0.019214358874511728,2
2026-08-17,VBL,52,-1,-0.05000990606409564,0.14114423096179962,0.20564198,0.1062812,0.049360784939575186,2
2026-08-17,VEDL,4,1,0.056994074857656125,0.45564937591552734,0.5600095,0.1062812,0.40372827952270507,2
2026-08-17,VEDL,14,1,0.04937571274322608,0.2789148986339569,0.111579895,0.10628119999999998,-0.04470130498046873,2
2026-08-17,VEDL,39,-1,-0.09404221956483551,0.22267645597457886,-0.03709793,0.10628119999999998,-0.19337913090820308,2
2026-08-17,VEDL,50,-1,-0.05902931947104845,0.2365521639585495,-0.055480003,0.1062812,-0.2117612033569336,2
2026-08-17,VOLTAS,3,1,0.0802112483054419,2.085437297821045,0.33445358,0.1062812,0.17817238276367187,2
2026-08-17,VOLTAS,4,1,0.11180741796039928,1.8332144021987915,0.7256031,0.1062812,0.5693219036376953,2
2026-08-17,VOLTAS,5,1,0.09159788228978409,1.6255391836166382,0.5060673,0.10628119999999998,0.3497860760009766,2
2026-08-17,VOLTAS,6,1,0.051881052945994204,1.5302937030792236,-0.20092726,0.10628119999999998,-0.35720845753784175,2
2026-08-17,VOLTAS,7,1,0.052710458016021346,1.4084758758544922,-0.38729906,0.10628119999999998,-0.5435802608215332,2
2026-08-17,VOLTAS,11,1,0.048088017530487144,1.1018579006195068,-0.48799515,0.10628119999999998,-0.6442763477050781,2
2026-08-17,VOLTAS,12,1,0.07119543363807584,1.0499521493911743,-0.47271848,0.1062812,-0.6289996772491455,2
2026-08-17,VOLTAS,13,1,0.07096390332147176,1.017167329788208,-0.6582022,0.10628119999999998,-0.8144833713256836,2
2026-08-17,VOLTAS,14,1,0.06970648971758478,0.7359462380409241,-0.7076204,0.1062812,-0.86390158230896,2
2026-08-17,VOLTAS,15,1,0.06587301288918096,0.6457087397575378,-0.59194565,0.10628119999999998,-0.7482268481933594,2
2026-08-17,VOLTAS,16,1,0.04962502974938511,0.5878679156303406,-0.646168,0.10628119999999998,-0.8024491935455322,2
2026-08-17,VOLTAS,17,1,0.058255542003689036,0.5231367349624634,-0.7796645,0.1062812,-0.9359457164489746,2
2026-08-17,VOLTAS,18,1,0.047421445769048796,0.49483415484428406,-0.9733677,0.1062812,-1.129648891040039,2
2026-08-17,VOLTAS,19,1,0.051966154238179886,0.46273094415664673,-0.89535713,0.10628119999999998,-1.0516383319580078,2
2026-08-17,VOLTAS,20,1,0.06049432782863317,0.4075591564178467,-0.9899497,0.10628119999999998,-1.1462309032165527,2
2026-08-17,VOLTAS,21,1,0.05276083397436674,0.4173051714897156,-0.15671253,0.10628119999999998,-0.312993732043457,2
2026-08-17,VOLTAS,39,-1,-0.0853283906853726,0.26454946398735046,0.20446777,0.10628119999999998,0.04818657343750002,2
2026-08-17,VOLTAS,50,-1,-0.059777477497350004,0.21484924852848053,0.078737736,0.10628119999999998,-0.07754346425170897,2
2026-08-17,VOLTAS,52,-1,-0.04854141572693283,0.22126233577728271,0.17348528,0.1062812,0.017204079083251944,2
2026-08-17,WIPRO,4,1,0.06620168525158636,0.3487188518047333,-0.10450482,0.10628119999999998,-0.26078602368469234,2
2026-08-17,WIPRO,5,1,0.04955473516282924,0.32067418098449707,-0.1704216,0.1062812,-0.3267028003417969,2
2026-08-17,WIPRO,14,1,0.050287272486788936,0.17973192036151886,-0.0055015087,0.1062812,-0.16178270871276856,2
2026-08-17,WIPRO,39,-1,-0.10924236627709874,0.13420192897319794,0.07690787,0.10628119999999998,-0.07937332684631346,2
2026-08-17,WIPRO,50,-1,-0.06795251500105357,0.11034977436065674,-0.18142462,0.10628120000000002,-0.337705817767334,2
2026-08-17,WIPRO,52,-1,-0.05077938911584008,0.12046047300100327,0.098866224,0.1062812,-0.05741497571105958,2
2026-08-17,YESBANK,4,1,0.060566436539635,0.4677869379520416,-0.17651916,0.1062812,-0.33280035550231934,2
2026-08-17,YESBANK,13,1,0.04805226518925435,0.2750909924507141,0.5312085,0.10628119999999998,0.3749273151672364,2
2026-08-17,YESBANK,14,1,0.04427432627948919,0.21501366794109344,0.44248104,0.1062812,0.28619984095458983,2
2026-08-17,YESBANK,39,-1,-0.09950834263657808,0.14731048047542572,-0.7459283,0.1062812,-0.9022094875061035,2
2026-08-17,YESBANK,50,-1,-0.06811559362803032,0.20203833281993866,0.17391443,0.1062812,0.017633232525634757,2
2026-08-17,YESBANK,51,-1,-0.04100627935403379,0.19573642313480377,0.13049245,0.1062812,-0.025788751193237314,2
2026-08-17,YESBANK,52,-1,-0.0490358060377711,0.20203833281993866,0.13059974,0.10628119999999998,-0.025681462832641583,2
2026-08-17,ZYDUSLIFE,4,1,0.060566436539635,0.36010420322418213,0.617671,0.1062812,0.461389812878418,2
2026-08-17,ZYDUSLIFE,5,1,0.04393105291653266,0.3702043294906616,0.97328424,0.10628119999999998,0.8170030445373535,2
2026-08-17,ZYDUSLIFE,17,1,0.04746114704882508,0.29159533977508545,0.5784869,0.1062812,0.42220571940307616,2
2026-08-17,ZYDUSLIFE,19,1,0.04313340179435358,0.25995662808418274,0.9562969,0.10628119999999998,0.8000157207763672,2
2026-08-17,ZYDUSLIFE,20,1,0.05001266550444347,0.2543857991695404,0.54382086,0.1062812,0.387539658001709,2
2026-08-17,ZYDUSLIFE,39,-1,-0.09541040715306734,0.23170031607151031,1.1333942,0.1062812,0.9771130413330078,2
2026-08-17,ZYDUSLIFE,50,-1,-0.0591327046223223,0.21681170165538788,-0.3881812,0.10628119999999998,-0.544462409564209,2
2026-08-17,ZYDUSLIFE,52,-1,-0.04700242351343356,0.21935231983661652,-0.34415722,0.1062812,-0.5004384189331055,2
2026-08-18,360ONE,3,1,0.09182950738130922,0.5958544015884399,0.6738663,0.1062812,0.5175850719726562,2
2026-08-18,360ONE,8,1,0.0677666894179024,0.4652725160121918,0.65375566,0.1062812,0.4974744648254395,2
2026-08-18,360ONE,14,1,0.044256606841726824,0.3468962609767914,0.12848377,0.1062812,-0.027797427722167978,2
2026-08-18,360ONE,19,1,0.04218426513007946,0.271371990442276,0.1791954,0.1062812,0.022914204052734366,2
2026-08-18,360ONE,20,1,0.04847064820488306,0.2574116885662079,0.119555,0.1062812,-0.03672620350952149,2
2026-08-18,3MINDIA,3,1,0.08981458476492375,0.4684838056564331,-0.11358857,0.1062812,-0.2698697715484619,2
2026-08-18,3MINDIA,8,1,0.06197025527876842,0.35383692383766174,-0.18481612,0.1062812,-0.3410973220550537,2
2026-08-18,3MINDIA,20,1,0.04854602965094967,0.12317025661468506,0.0,0.1062812,-0.1562812,2
2026-08-18,ABB,3,1,0.10047436692079902,0.5678876638412476,-0.71840286,0.1062812,-0.8746840625488281,2
2026-08-18,ABB,7,1,0.04289471793538381,0.4488636255264282,-0.40254593,0.10628119999999998,-0.5588271289550781,2
2026-08-18,ABB,8,1,0.058722712680578056,0.40975919365882874,-0.33112764,0.10628119999999998,-0.48740884358520503,2
2026-08-18,ABB,20,1,0.04123173269774362,0.16267666220664978,-0.6917238,0.1062812,-0.8480050235473633,2
2026-08-18,ABBOTINDIA,3,1,0.09743656642115327,0.2658582031726837,-0.5593896,0.10628119999999998,-0.715670791217041,2
2026-08-18,ABBOTINDIA,8,1,0.049903151283838265,0.1950409859418869,-0.5793333,0.10628119999999998,-0.7356145053588867,2
2026-08-18,ABBOTINDIA,22,1,0.04426786801495692,0.18839487433433533,-0.018835068,0.10628119999999998,-0.1751162677490234,2
2026-08-18,ABCAPITAL,3,1,0.11219742904835832,0.4177747666835785,0.1393199,0.10628119999999998,-0.016961303302001934,2
2026-08-18,ABCAPITAL,8,1,0.053570887368894586,0.30086976289749146,0.31633377,0.1062812,0.16005257075195312,2
2026-08-18,ABCAPITAL,22,1,0.04467393528324436,0.23160676658153534,-0.4541993,0.10628119999999998,-0.6104805141174316,2
2026-08-18,ACC,3,1,0.1016620374859777,0.29975467920303345,0.40470362,0.10628119999999998,0.2484224170959473,2
2026-08-18,ACC,8,1,0.04548841539927859,0.22710366547107697,0.25154352,0.1062812,0.09526232188110349,2
2026-08-18,ACC,22,1,0.041883568994572365,0.16187013685703278,-0.15981793,0.10628119999999998,-0.31609913403625484,2
2026-08-18,ADANIENSOL,3,1,0.0884000246908062,0.5800119042396545,0.77751875,0.1062812,0.6212375492370605,2
2026-08-18,ADANIENSOL,7,1,0.04196588804885623,0.4707401990890503,1.447463,0.1062812,1.291181835583496,2
2026-08-18,ADANIENSOL,8,1,0.06737485473091728,0.45370110869407654,1.7190695,0.1062812,1.562788280895996,2
2026-08-18,ADANIENSOL,19,1,0.05847593849726363,0.3534805178642273,-0.92672706,0.1062812,-1.083008256503296,2
2026-08-18,ADANIENSOL,20,1,0.06548822839695648,0.35178038477897644,-1.1555374,0.1062812,-1.3118185668670654,2
2026-08-18,ADANIENSOL,22,1,0.0701331020347731,0.31808915734291077,-0.63788295,0.1062812,-0.7941641479217529,2
2026-08-18,ADANIENSOL,23,1,0.054311802522334314,0.32445403933525085,-0.45920014,0.1062812,-0.6154813438140869,2
2026-08-18,ADANIENT,3,1,0.09231503771853997,0.2625907063484192,0.33134222,0.10628119999999998,0.17506102030639653,2
2026-08-18,ADANIENT,8,1,0.05063316574055738,0.24943484365940094,0.17522573,0.1062812,0.01894453471069335,2
2026-08-18,ADANIGREEN,3,1,0.09858165725451662,0.4731264114379883,0.37082434,0.1062812,0.21454313700561523,2
2026-08-18,ADANIGREEN,7,1,0.0477167463166525,0.4436652660369873,0.51351786,0.1062812,0.3572366565979004,2
2026-08-18,ADANIGREEN,8,1,0.0642900261116321,0.4328901767730713,0.36166906,0.1062812,0.20538786356811523,2
2026-08-18,ADANIGREEN,19,1,0.058874324533632845,0.29909825325012207,-0.42165518,0.1062812,-0.5779363780700684,2
2026-08-18,ADANIGREEN,20,1,0.06464189844108172,0.29141324758529663,-0.5420089,0.1062812,-0.6982900768005371,2
2026-08-18,ADANIGREEN,22,1,0.048068827218032975,0.2538921535015106,-0.2636552,0.1062812,-0.4199363856994629,2
2026-08-18,ADANIGREEN,23,1,0.04197523646304966,0.25616201758384705,-0.04529953,0.10628119999999998,-0.20158073002929683,2
2026-08-18,ADANIPORTS,3,1,0.10267249150234416,0.40097421407699585,-0.07722974,0.1062812,-0.23351093823547364,2
2026-08-18,ADANIPORTS,8,1,0.05511052622602591,0.2647709846496582,-0.16639233,0.10628119999999998,-0.3226735263549804,2
2026-08-18,ADANIPORTS,20,1,0.048883103453430166,0.1986273229122162,-0.28694868,0.1062812,-0.44322988087768556,2
2026-08-18,ADANIPORTS,22,1,0.04453818149853328,0.1840599775314331,-0.18534064,0.1062812,-0.34162184292907716,2
2026-08-18,ADANIPOWER,3,1,0.10118687941025603,0.4300449788570404,1.0071874,0.10628119999999998,0.8509061664855957,2
2026-08-18,ADANIPOWER,8,1,0.049773098877415774,0.47947007417678833,0.3674388,0.10628119999999998,0.2111575931823731,2
2026-08-18,ADANIPOWER,20,1,0.050371664958148696,0.33703309297561646,-0.14971495,0.10628120000000002,-0.3059961467468262,2
2026-08-18,AIAENG,3,1,0.10366832302842206,0.3605157434940338,-0.35536885,0.1062812,-0.5116500526153565,2
2026-08-18,AIAENG,8,1,0.05995931754515817,0.3732404112815857,0.41211843,0.10628119999999998,0.2558372349060059,2
2026-08-18,AIAENG,20,1,0.043896514670691555,0.21773996949195862,-0.2875209,0.1062812,-0.4438020854675293,2
2026-08-18,AIAENG,22,1,0.04578749905181939,0.20314547419548035,-0.103759766,0.10628119999999998,-0.26004096562499995,2
2026-08-18,AIAENG,65,1,0.05236276885017876,0.3244365155696869,-0.2201736,0.10628119999999998,-0.3764547973358154,2
2026-08-18,AIAENG,66,1,0.07050243228428874,0.32628974318504333,-0.80325603,0.10628119999999998,-0.9595372348510742,2
2026-08-18,AIAENG,67,1,0.1039937431643914,0.4107048511505127,0.343287,0.1062812,0.18700579111938476,2
2026-08-18,AJANTPHARM,3,1,0.11831744607772565,0.8168067932128906,0.354743,0.1062812,0.19846180384521483,2
2026-08-18,AJANTPHARM,7,1,0.041367066171512784,0.5494717955589294,-0.5435407,0.10628119999999998,-0.6998219161712647,2
2026-08-18,AJANTPHARM,8,1,0.06023074727388376,0.5062617659568787,-0.936085,0.10628119999999998,-1.0923661857330322,2
2026-08-18,AJANTPHARM,14,1,0.04238974415782762,0.3716006577014923,-1.0026515,0.10628119999999998,-1.1589326530181885,2
2026-08-18,AJANTPHARM,19,1,0.04969270052661383,0.27975255250930786,-0.66773295,0.10628119999999998,-0.8240141540252686,2
2026-08-18,AJANTPHARM,20,1,0.06158361948872147,0.2715807855129242,-0.5884707,0.1062812,-0.7447518974029541,2
2026-08-18,AJANTPHARM,22,1,0.051967605114474166,0.2868831157684326,-0.54293275,0.10628120000000002,-0.6992139487945557,2
2026-08-18,ALKEM,3,1,0.10047436692079902,0.5986787676811218,0.7426381,0.1062812,0.5863569111145019,2
2026-08-18,ALKEM,8,1,0.06054477298222997,0.3994322717189789,0.4744053,0.10628119999999998,0.3181240886962891,2
2026-08-18,ALKEM,20,1,0.04756295597294776,0.22299081087112427,-0.4004717,0.10628119999999998,-0.5567528873168945,2
2026-08-18,AMBUJACEM,3,1,0.09264910211372934,0.3904328942298889,0.55656433,0.1062812,0.4002831310546875,2
2026-08-18,AMBUJACEM,8,1,0.06783102643417051,0.2905288338661194,0.012052059,0.1062812,-0.14422914082641602,2
2026-08-18,AMBUJACEM,19,1,0.04124334655156757,0.21694651246070862,-0.31337142,0.1062812,-0.4696526199066162,2
2026-08-18,AMBUJACEM,20,1,0.04936518217282495,0.2196349948644638,-0.2410531,0.1062812,-0.3973343044006348,2
2026-08-18,AMBUJACEM,22,1,0.04402222559336814,0.1912810057401657,-0.14480948,0.1062812,-0.30109068448181153,2
2026-08-18,APARINDS,3,1,0.16106773171903446,1.9462735652923584,0.9292841,0.1062812,0.7730028957641601,2
2026-08-18,APARINDS,4,1,0.056596719864768226,1.7415215969085693,0.36674738,0.1062812,0.2104661793029785,2
2026-08-18,APARINDS,5,1,0.06709288807793744,1.589391827583313,0.5755186,0.10628119999999998,0.41923740809326177,2
2026-08-18,APARINDS,6,1,0.06656580258372112,1.4087458848953247,0.7465482,0.1062812,0.5902669758117676,2
2026-08-18,APARINDS,7,1,0.05976912303144078,1.2954157590866089,0.4997611,0.1062812,0.3434799045837402,2
2026-08-18,APARINDS,8,1,0.07755902215699936,1.181254506111145,-0.048834085,0.1062812,-0.20511528546447755,2
2026-08-18,APARINDS,13,1,0.041482882762751166,0.8494724631309509,-0.66185,0.1062812,-0.8181311755859375,2
2026-08-18,APARINDS,14,1,0.04082896180236161,0.7251147627830505,-0.6727278,0.10628119999999998,-0.8290090232574463,2
2026-08-18,APARINDS,15,1,0.049118455001055,0.6281735897064209,1.7043352,0.1062812,1.5480540127075195,2
2026-08-18,APARINDS,16,1,0.04924812103007998,0.4910169243812561,1.8676758,0.1062812,1.71139458125,2
2026-08-18,APARINDS,17,1,0.04097640611895399,0.4529190957546234,2.0097733,0.1062812,1.8534920543945312,2
2026-08-18,APARINDS,18,1,0.043636213030051725,0.4007543623447418,1.7112851,0.1062812,1.55500391428833,2
2026-08-18,APARINDS,19,1,0.05433394310790927,0.3577973544597626,1.9919395,0.10628120000000002,1.8356583446777344,2
2026-08-18,APARINDS,20,1,0.05404738228574833,0.3510303795337677,2.3109317,0.1062812,2.15465048258667,2
2026-08-18,APARINDS,56,1,0.0505356107428709,0.2929973602294922,0.8498907,0.10628120000000002,0.6936095089233398,2
2026-08-18,APARINDS,57,1,0.04870677477948317,0.29182717204093933,1.1078596,0.1062812,0.9515784115112305,2
2026-08-18,APARINDS,58,1,0.04164652153238009,0.28876540064811707,0.9734869,0.10628119999999998,0.8172057003295898,2
2026-08-18,APARINDS,62,1,0.050048010697684275,0.3478246331214905,0.23825169,0.10628120000000002,0.08197048609619138,2
2026-08-18,APARINDS,63,1,0.06948936043802782,0.33169493079185486,0.052297115,0.1062812,-0.10398408467407227,2
2026-08-18,APARINDS,64,1,0.0787570613476139,0.3499167561531067,-0.2782762,0.1062812,-0.4345574050628662,2
2026-08-18,APARINDS,65,1,0.1016745580810897,0.35054677724838257,-0.034868717,0.1062812,-0.19114991719360352,2
2026-08-18,APARINDS,66,1,0.09309355021052036,0.31463226675987244,-0.15667677,0.10628119999999998,-0.31295796925659175,2
2026-08-18,APARINDS,67,1,0.0983614192212128,0.2928592264652252,0.29069185,0.1062812,0.13441065256958007,2
2026-08-18,APLAPOLLO,3,1,0.1019705330547226,0.5783898234367371,0.01912117,0.10628119999999998,-0.13716002995605467,2
2026-08-18,APLAPOLLO,8,1,0.0627410948692034,0.36838477849960327,-0.41119456,0.1062812,-0.5674757629119873,2
2026-08-18,APLAPOLLO,22,1,0.044050164380045005,0.25877365469932556,0.042903423,0.1062812,-0.11337777669067384,2
2026-08-18,APOLLOHOSP,3,1,0.10215101600248025,0.4048926830291748,0.70821047,0.1062812,0.5519292682922363,2
2026-08-18,APOLLOHOSP,8,1,0.06575165078885652,0.30916455388069153,0.45710802,0.1062812,0.3008268207824707,2
2026-08-18,APOLLOTYRE,3,1,0.08244273050010047,0.4681423604488373,-0.33112168,0.10628119999999998,-0.4874028831207275,2
2026-08-18,APOLLOTYRE,6,1,0.042322786469829544,0.3483510911464691,0.0,0.10628120000000002,-0.1562812,2
2026-08-18,APOLLOTYRE,7,1,0.04456656002196252,0.32480472326278687,0.0,0.10628119999999995,-0.15628119999999995,2
2026-08-18,APOLLOTYRE,8,1,0.07450902729189657,0.30397796630859375,-0.06866455,0.10628119999999998,-0.22494575078124995,2
2026-08-18,APOLLOTYRE,20,1,0.045065816430179886,0.11544587463140488,0.16056299,0.1062812,0.004281792095947257,2
2026-08-18,ASHOKLEY,3,1,0.0847859023032911,0.532126247882843,-0.596118,0.1062812,-0.7523991733276367,2
2026-08-18,ASHOKLEY,7,1,0.04080284517940754,0.3742728531360626,-0.08557439,0.1062812,-0.24185558850402833,2
2026-08-18,ASHOKLEY,8,1,0.065639191343529,0.3556058406829834,-0.22211075,0.10628119999999998,-0.3783919482910156,2
2026-08-18,ASHOKLEY,19,1,0.04326153713890754,0.20360377430915833,0.72102547,0.10628119999999998,0.5647442669189453,2
2026-08-18,ASHOKLEY,20,1,0.05132785604765019,0.19958366453647614,0.5380273,0.1062812,0.381746086529541,2
2026-08-18,ASIANPAINT,3,1,0.08585676602172064,0.43783891201019287,-0.05273223,0.10628119999999998,-0.20901342923278804,2
2026-08-18,ASIANPAINT,8,1,0.06927422426804723,0.27275052666664124,-0.003772974,0.10628119999999998,-0.1600541740142822,2
2026-08-18,ASIANPAINT,19,1,0.04219284119882527,0.12674285471439362,-0.003784895,0.10628119999999998,-0.16006609494323729,2
2026-08-18,ASIANPAINT,20,1,0.05012035085116255,0.12780974805355072,-0.030261278,0.1062812,-0.18654247815246583,2
2026-08-18,ASTRAL,3,1,0.10765253327525175,0.4755539298057556,-0.24856329,0.1062812,-0.404844489642334,2
2026-08-18,ASTRAL,8,1,0.05591182050251223,0.3323158323764801,-0.06549358,0.1062812,-0.22177478367919923,2
2026-08-18,ASTRAL,20,1,0.04690766473293222,0.14857551455497742,0.006556511,0.10628119999999998,-0.149724689074707,2
2026-08-18,ASTRAL,22,1,0.04226131698457548,0.14059877395629883,-0.1508832,0.1062812,-0.30716439778442384,2
2026-08-18,ATGL,3,1,0.1052300162040658,0.4761735200881958,0.66337585,0.1062812,0.5070946544921875,2
2026-08-18,ATGL,8,1,0.057832447047071876,0.3974034786224365,0.13791323,0.1062812,-0.01836797291870118,2
2026-08-18,ATGL,22,1,0.04119370343443975,0.22158610820770264,-0.28411746,0.1062812,-0.4403986602508545,2
2026-08-18,AUBANK,3,1,0.09784311874556752,0.4930822253227234,-0.20575523,0.10628119999999998,-0.3620364337646484,2
2026-08-18,AUBANK,8,1,0.05977112849013431,0.3341450095176697,0.48716068,0.1062812,0.33087948267822265,2
2026-08-18,AUBANK,20,1,0.04224619468496517,0.16873449087142944,-0.07470846,0.1062812,-0.23098966176147462,2
2026-08-18,AUROPHARMA,3,1,0.10122657750207578,0.3698844015598297,-0.018274784,0.1062812,-0.17455598408813477,2
2026-08-18,AUROPHARMA,8,1,0.06020396997152843,0.2894773483276367,-0.21291971,0.1062812,-0.3692009120666504,2
2026-08-18,AWL,3,1,0.10659020334559156,0.5036715269088745,0.19263029,0.1062812,0.03634909098510741,2
2026-08-18,AWL,8,1,0.0624195505284462,0.3731783330440521,-0.33749342,0.1062812,-0.4937746196472168,2
2026-08-18,AWL,20,1,0.04807269671256893,0.20167523622512817,0.041747093,0.1062812,-0.11453410679931642,2
2026-08-18,AXISBANK,3,1,0.09328770331968325,0.3731323480606079,0.08111,0.1062812,-0.07517119938964845,2
2026-08-18,AXISBANK,7,1,0.04192989184279923,0.2843654453754425,0.12955666,0.1062812,-0.026724544116210946,2
2026-08-18,AXISBANK,8,1,0.07179886391595133,0.27205583453178406,0.38108826,0.1062812,0.2248070568359375,2
2026-08-18,BAJAJ-AUTO,3,1,0.09376095171880834,0.2705581486225128,-0.093746185,0.10628120000000002,-0.2500273853027344,2
2026-08-18,BAJAJ-AUTO,8,1,0.04907541209310722,0.22783781588077545,-0.18718839,0.1062812,-0.34346958691711427,2
2026-08-18,BAJAJFINSV,3,1,0.10442838265016562,0.33942389488220215,-0.05491376,0.10628119999999998,-0.21119495923156734,2
2026-08-18,BAJAJFINSV,8,1,0.047745698537851544,0.2481965571641922,0.25986433,0.10628119999999998,0.10358313029174808,2
2026-08-18,BAJAJFINSV,20,1,0.044608061263408036,0.13760893046855927,-0.04490018,0.1062812,-0.20118137890930177,2
2026-08-18,BAJAJHLDNG,3,1,0.10691693439113167,0.4359312951564789,-1.0127723,0.10628119999999998,-1.1690535217010498,2
2026-08-18,BAJAJHLDNG,8,1,0.06314824218601811,0.27002081274986267,-0.8925438,0.10628120000000002,-1.0488249927246094,2
2026-08-18,BAJAJHLDNG,12,1,0.04988424453898625,0.274431973695755,0.33823252,0.1062812,0.18195131724243163,2
2026-08-18,BAJAJHLDNG,20,1,0.04208130185346438,0.22781500220298767,0.30189753,0.1062812,0.1456163257873535,2
2026-08-18,BAJAJHLDNG,22,1,0.043472316769376254,0.22773407399654388,0.36389828,0.1062812,0.20761707728271483,2
2026-08-18,BAJFINANCE,3,1,0.09054307429317138,0.30663952231407166,-0.009149313,0.10628119999999998,-0.16543051297302244,2
2026-08-18,BAJFINANCE,8,1,0.05578949453422485,0.22507482767105103,0.5774975,0.1062812,0.4212162822998047,2
2026-08-18,BAJFINANCE,20,1,0.04347729599284568,0.14997783303260803,-0.17352104,0.1062812,-0.3298022418701172,2
2026-08-18,BALKRISIND,3,1,0.09043245964016974,0.3125520646572113,0.11250973,0.10628119999999998,-0.04377147252197264,2
2026-08-18,BALKRISIND,8,1,0.05752557156099055,0.2546428442001343,-0.21589994,0.1062812,-0.37218114430541993,2
2026-08-18,BALKRISIND,20,1,0.0503115166352316,0.21448682248592377,0.029218197,0.1062812,-0.12706300313110352,2
2026-08-18,BALKRISIND,22,1,0.04334205375063027,0.1943618506193161,-0.045901537,0.1062812,-0.20218273694152833,2
2026-08-18,BANKBARODA,3,1,0.10665621804559722,0.37557730078697205,0.06107092,0.10628119999999998,-0.09521028096313475,2
2026-08-18,BANKBARODA,8,1,0.04840826061248631,0.247334286570549,-0.016278028,0.1062812,-0.1725592284881592,2
2026-08-18,BANKBARODA,20,1,0.05177712480743862,0.1287783682346344,-0.016313791,0.1062812,-0.17259499127502442,2
2026-08-18,BANKBARODA,22,1,0.04078349830451148,0.13590702414512634,-0.10185838,0.10628119999999998,-0.258139577456665,2
2026-08-18,BANKINDIA,3,1,0.09011174975213034,0.5373883247375488,-0.056022406,0.1062812,-0.21230360562438966,2
2026-08-18,BANKINDIA,8,1,0.06325897896004894,0.33346569538116455,0.035059452,0.10628119999999998,-0.12122174794311522,2
2026-08-18,BANKINDIA,12,1,0.04187423783568935,0.2779828608036041,-0.007009506,0.1062812,-0.16329070622558595,2
2026-08-18,BANKINDIA,22,1,0.04149321839832807,0.13242372870445251,0.07724762,0.10628119999999998,-0.07903358037109373,2
2026-08-18,BDL,3,1,0.0924116917218486,1.1825900077819824,-0.5385339,0.10628119999999998,-0.6948151260101318,2
2026-08-18,BDL,6,1,0.04288109809934957,0.900424063205719,-0.91304183,0.1062812,-1.0693230300628662,2
2026-08-18,BDL,7,1,0.041681794741393746,0.8510359525680542,-0.7615864,0.10628119999999998,-0.9178676276885986,2
2026-08-18,BDL,8,1,0.06652358608583224,0.8128895163536072,-0.7184863,0.1062812,-0.8747675090515137,2
2026-08-18,BDL,14,1,0.041832514514804985,0.5653931498527527,-0.080382824,0.1062812,-0.2366640239440918,2
2026-08-18,BDL,15,1,0.04499294526757256,0.5002084970474243,-0.07305741,0.1062812,-0.2293386131011963,2
2026-08-18,BDL,19,1,0.05026559455407968,0.43260008096694946,-0.06574988,0.1062812,-0.2220310836517334,2
2026-08-18,BDL,20,1,0.07206732968847265,0.403592973947525,-0.50501823,0.10628120000000002,-0.6612994342529297,2
2026-08-18,BDL,22,1,0.06910454819398135,0.3488398790359497,-0.7530391,0.1062812,-0.9093203216278076,2
2026-08-18,BDL,23,1,0.04743528709970186,0.3213743269443512,-0.6291568,0.1062812,-0.7854380279266358,2
2026-08-18,BDL,65,1,0.04539439141937677,0.25675320625305176,0.14377832,0.1062812,-0.012502875872802743,2
2026-08-18,BDL,66,1,0.0704208620435994,0.2627672553062439,-0.14336705,0.10628120000000002,-0.2996482520782471,2
2026-08-18,BDL,67,1,0.055457550690905626,0.24862104654312134,-0.028705597,0.10628119999999998,-0.18498679692382808,2
2026-08-18,BEL,3,1,0.10057663054753455,0.44799575209617615,-0.27844906,0.1062812,-0.43473025853271485,2
2026-08-18,BEL,8,1,0.060503458339379625,0.3483152389526367,-0.3752172,0.10628119999999998,-0.5314983993255615,2
2026-08-18,BERGEPAINT,3,1,0.12488496491893374,0.5168412923812866,0.09226799,0.1062812,-0.06401320988769532,2
2026-08-18,BERGEPAINT,8,1,0.0564179654453172,0.43085339665412903,-0.082957745,0.1062812,-0.23923894459838868,2
2026-08-18,BHARATFORG,3,1,0.09751278880224588,0.4215518832206726,-0.8068025,0.10628119999999998,-0.96308371121521,2
2026-08-18,BHARATFORG,7,1,0.04305707978490243,0.3817998170852661,-0.3276348,0.10628119999999998,-0.48391601140136714,2
2026-08-18,BHARATFORG,8,1,0.060949998297179564,0.35436612367630005,-0.28426647,0.10628119999999998,-0.4405476718627929,2
2026-08-18,BHARATFORG,12,1,0.04726088180569299,0.31550663709640503,0.44982433,0.10628119999999998,0.293543133190918,2
2026-08-18,BHARTIARTL,3,1,0.09571615118816987,0.7909259796142578,0.07225275,0.1062812,-0.0840284496032715,2
2026-08-18,BHARTIARTL,7,1,0.042129447828245986,0.5006191730499268,0.13418198,0.10628119999999998,-0.022099223681640606,2
2026-08-18,BHARTIARTL,8,1,0.06987721788137621,0.4666609466075897,0.082457066,0.1062812,-0.07382413441772462,2
2026-08-18,BHEL,3,1,0.0899301547990024,0.6307849287986755,-0.60185194,0.1062812,-0.7581331401550293,2
2026-08-18,BHEL,8,1,0.05671948824804369,0.507928192615509,-0.38377047,0.1062812,-0.5400516658508301,2
2026-08-18,BHEL,14,1,0.052208680721434586,0.33001580834388733,-0.23334622,0.10628119999999998,-0.3896274238311767,2
2026-08-18,BHEL,15,1,0.04185003010165074,0.2951861321926117,-0.12837648,0.1062812,-0.28465768391723634,2
2026-08-18,BHEL,20,1,0.04713524195954821,0.23124969005584717,-0.31571984,0.1062812,-0.4720010429107666,2
2026-08-18,BHEL,22,1,0.042309422122751586,0.19780950248241425,-0.6429732,0.1062812,-0.7992543845855713,2
2026-08-18,BIOCON,3,1,0.10798860812540625,0.4716973900794983,1.4755726,0.10628119999999998,1.3192913860595703,2
2026-08-18,BIOCON,8,1,0.05710796566532706,0.45656582713127136,-0.0952363,0.1062812,-0.25151750142211915,2
2026-08-18,BIOCON,20,1,0.04966272714393501,0.25315386056900024,-0.3461063,0.1062812,-0.5023874908172608,2
2026-08-18,BIOCON,22,1,0.0596516391664435,0.26325276494026184,-0.011962652,0.1062812,-0.1682438522064209,2
2026-08-18,BLUESTARCO,3,1,0.13199642111979024,1.0195952653884888,-0.21920204,0.1062812,-0.37548324162597657,2
2026-08-18,BLUESTARCO,4,1,0.04453700511193853,0.8849796652793884,0.06662607,0.1062812,-0.08965512807006837,2
2026-08-18,BLUESTARCO,5,1,0.05263607602641762,0.7894734144210815,0.07323027,0.1062812,-0.08305093342895509,2
2026-08-18,BLUESTARCO,6,1,0.043131507934974396,0.7217404842376709,-0.27240515,0.10628119999999998,-0.4286863475524902,2
2026-08-18,BLUESTARCO,7,1,0.042139193497195054,0.663011372089386,-0.18619895,0.1062812,-0.3424801498138428,2
2026-08-18,BLUESTARCO,8,1,0.06263700100903007,0.6103551387786865,-0.22597313,0.1062812,-0.38225432927246095,2
2026-08-18,BLUESTARCO,14,1,0.045704233251939105,0.4130587875843048,0.07325411,0.10628119999999998,-0.0830270915710449,2
2026-08-18,BOSCHLTD,3,1,0.09980305901103495,0.4989440441131592,-0.010561943,0.10628119999999995,-0.16684314305419917,2
2026-08-18,BOSCHLTD,8,1,0.06296447831531495,0.32080551981925964,0.6116867,0.1062812,0.4554055065429688,2
2026-08-18,BOSCHLTD,20,1,0.0636593441956206,0.30072832107543945,0.020897388,0.10628119999999998,-0.13538381154174803,2
2026-08-18,BOSCHLTD,22,1,0.06163681715785123,0.3066245913505554,0.46073198,0.1062812,0.30445078318481444,2
2026-08-18,BOSCHLTD,62,1,0.04567255870466539,0.19609564542770386,-0.05120635,0.10628119999999998,-0.20748755032653804,2
2026-08-18,BOSCHLTD,66,1,0.05493818583968579,0.2202417552471161,0.020492077,0.1062812,-0.1357891231262207,2
2026-08-18,BOSCHLTD,67,1,0.055527568006702666,0.20347517728805542,-0.13321042,0.10628119999999998,-0.28949162060852046,2
2026-08-18,BPCL,3,1,0.089229923771284,0.4464986324310303,-0.22130013,0.1062812,-0.3775813251220703,2
2026-08-18,BPCL,6,1,0.04629960632265372,0.3414843678474426,-0.14247894,0.1062812,-0.29876014287109376,2
2026-08-18,BPCL,7,1,0.0456940295492895,0.3127979040145874,0.110816956,0.1062812,-0.04546424443359376,2
2026-08-18,BPCL,8,1,0.0773077446860841,0.3044389486312866,0.12668371,0.10628119999999998,-0.029597487994384747,2
2026-08-18,BPCL,20,1,0.044147494230261826,0.20262511074543,0.23790598,0.10628120000000002,0.08162477915649412,2
2026-08-18,BRITANNIA,3,1,0.09671887526035819,0.33016735315322876,-0.19906163,0.10628119999999998,-0.355342832156372,2
2026-08-18,BRITANNIA,8,1,0.05342407213398854,0.22013147175312042,-0.3168881,0.1062812,-0.47316929394836427,2
2026-08-18,BSE,3,1,0.0937838532459141,0.9616551399230957,-0.082695484,0.1062812,-0.23897668416137696,2
2026-08-18,BSE,8,1,0.08197074288968133,0.5794146060943604,0.1932025,0.10628119999999998,0.03692129557495119,2
2026-08-18,BSE,14,1,0.04596592846075356,0.39740896224975586,0.17139912,0.1062812,0.015117916516113272,2
2026-08-18,BSE,15,1,0.04683310119681215,0.3191904127597809,0.04593134,0.1062812,-0.110349860736084,2
2026-08-18,BSE,16,1,0.04704067953680812,0.28881028294563293,0.10100603,0.1062812,-0.055275168963623056,2
2026-08-18,BSE,20,1,0.04892382219547154,0.2542295753955841,0.19850731,0.10628119999999998,0.042226108959960956,2
2026-08-18,BSE,22,1,0.0589800383992902,0.2450457364320755,0.21731853,0.1062812,0.06103733485107421,2
2026-08-18,CANBK,3,1,0.09406427910061489,0.39804479479789734,-0.2383709,0.1062812,-0.3946520953857422,2
2026-08-18,CANBK,7,1,0.04103098001590585,0.2881433069705963,0.06937981,0.10628119999999998,-0.0869013934814453,2
2026-08-18,CANBK,8,1,0.0685570129965029,0.2756166160106659,0.05391836,0.1062812,-0.10236283833618165,2
2026-08-18,CANBK,20,1,0.041741629090485476,0.138932004570961,-0.038588047,0.10628119999999998,-0.19486924702758784,2
2026-08-18,CGPOWER,3,1,0.10296192733012849,0.5452344417572021,-0.33467412,0.10628119999999998,-0.4909553199493408,2
2026-08-18,CGPOWER,7,1,0.04488262399558178,0.4314914643764496,0.022375584,0.10628119999999998,-0.13390561635131834,2
2026-08-18,CGPOWER,8,1,0.058146582631903275,0.4194033443927765,-0.31838417,0.1062812,-0.47466537053222657,2
2026-08-18,CHOLAFIN,3,1,0.0958171660040043,0.3799999952316284,-0.20267963,0.1062812,-0.3589608340942383,2
2026-08-18,CHOLAFIN,8,1,0.05751100609947793,0.24348239600658417,0.101554394,0.1062812,-0.05472680623168946,2
2026-08-18,CIPLA,3,1,0.09415401775461972,0.2635453939437866,0.14653206,0.1062812,-0.009749141284179696,2
2026-08-18,CIPLA,8,1,0.05220800332903456,0.22431251406669617,-0.20884275,0.1062812,-0.3651239543640137,2
2026-08-18,CIPLA,20,1,0.0451940564814955,0.18751107156276703,0.21641254,0.1062812,0.06013134425048827,2
2026-08-18,CIPLA,22,1,0.043663811527371116,0.17025811970233917,0.3774643,0.1062812,0.22118309443359374,2
2026-08-18,COALINDIA,3,1,0.10055526959231172,0.365766316652298,0.2194047,0.1062812,0.06312349741821288,2
2026-08-18,COALINDIA,7,1,0.0472062812540989,0.34215420484542847,-0.0608325,0.10628119999999998,-0.21711370045776363,2
2026-08-18,COALINDIA,8,1,0.06749879319734292,0.32429447770118713,-0.10942817,0.1062812,-0.26570936734313966,2
2026-08-18,COALINDIA,20,1,0.04997838140990612,0.131693497300148,-0.3784597,0.10628119999999998,-0.5347408920013428,2
2026-08-18,COALINDIA,22,1,0.0430089185253048,0.11951298266649246,-0.23204088,0.10628119999999998,-0.38832208211059566,2
2026-08-18,COCHINSHIP,3,1,0.11095539731649837,0.9443507790565491,0.067448616,0.1062812,-0.08883258397216798,2
2026-08-18,COCHINSHIP,6,1,0.042365431139616695,0.7113906741142273,0.3986478,0.1062812,0.24236658518676757,2
2026-08-18,COCHINSHIP,8,1,0.059371901354533164,0.7210246324539185,-0.04044175,0.1062812,-0.19672295148010255,2
2026-08-18,COCHINSHIP,20,1,0.05350094674137451,0.3331662118434906,0.45827627,0.10628119999999998,0.3019950718200684,2
2026-08-18,COCHINSHIP,22,1,0.04133241973655059,0.32037803530693054,-0.20714998,0.10628119999999998,-0.36343118245239253,2
2026-08-18,COFORGE,3,1,0.08665038208391825,0.5241311192512512,-0.22423863,0.1062812,-0.3805198341094971,2
2026-08-18,COFORGE,8,1,0.0705461637786028,0.378042608499527,0.47154427,0.1062812,0.3152630657470703,2
2026-08-18,COFORGE,12,1,0.04585558312908695,0.3066193759441376,0.36541224,0.10628119999999998,0.2091310352600098,2
2026-08-18,COFORGE,20,1,0.047692272906010795,0.19649821519851685,-0.4828453,0.10628119999999998,-0.6391265063964844,2
2026-08-18,COFORGE,22,1,0.04698797325864737,0.1896524280309677,-0.2643764,0.1062812,-0.4206576019012451,2
2026-08-18,COLPAL,3,1,0.13761463268995247,1.0614303350448608,0.16772747,0.10628119999999998,0.011446270397949238,2
2026-08-18,COLPAL,4,1,0.054626068197234645,0.9329127669334412,0.11006594,0.1062812,-0.04621526295776368,2
2026-08-18,COLPAL,5,1,0.050201123829865905,0.8421653509140015,0.16790628,0.1062812,0.011625084332275382,2
2026-08-18,COLPAL,6,1,0.06567496521662687,0.7614337205886841,0.36245584,0.10628119999999998,0.20617464487915044,2
2026-08-18,COLPAL,7,1,0.052140067641259086,0.7099802494049072,0.3459692,0.1062812,0.18968800013427733,2
2026-08-18,COLPAL,8,1,0.07769287847466841,0.6754940152168274,0.19347668,0.10628119999999998,0.03719547694091799,2
2026-08-18,COLPAL,11,1,0.043237191972120864,0.5636990666389465,0.3821969,0.1062812,0.22591570322875976,2
2026-08-18,COLPAL,12,1,0.06169373963334395,0.5367281436920166,0.4241705,0.1062812,0.26788929407958983,2
2026-08-18,COLPAL,14,1,0.06188028208219854,0.35783278942108154,0.15678406,0.1062812,0.000502857617187491,2
2026-08-18,COLPAL,15,1,0.05001026450552834,0.33291101455688477,-0.026094913,0.1062812,-0.18237611348266602,2
2026-08-18,COLPAL,16,1,0.04145497551078176,0.3047039210796356,-0.15105009,0.1062812,-0.30733129078979493,2
2026-08-18,COLPAL,19,1,0.04176970116755829,0.23987077176570892,-0.13555884,0.1062812,-0.2918400436126709,2
2026-08-18,COLPAL,20,1,0.05097224403057676,0.2348647564649582,-0.14615655,0.1062812,-0.30243774945373536,2
2026-08-18,COLPAL,22,1,0.04297453166670521,0.19390776753425598,-0.14096498,0.1062812,-0.29724618489379884,2
2026-08-18,CONCOR,3,1,0.11210143873647406,0.3920919895172119,-0.105917454,0.10628119999999998,-0.2621986537658691,2
2026-08-18,CONCOR,8,1,0.05549145692070807,0.3756525218486786,0.13484955,0.10628119999999998,-0.02143165166015623,2
2026-08-18,CONCOR,20,1,0.045676757203490306,0.17552807927131653,-0.048172474,0.10628119999999998,-0.20445367390747066,2
2026-08-18,CONCOR,22,1,0.042493776701164644,0.15014681220054626,0.038576126,0.1062812,-0.1177050739013672,2
2026-08-18,COROMANDEL,3,1,0.11055291925973969,0.522515594959259,0.26487112,0.1062812,0.10858992045288084,2
2026-08-18,COROMANDEL,8,1,0.05461267309864218,0.3421998620033264,0.028824806,0.1062812,-0.1274563937866211,2
2026-08-18,COROMANDEL,22,1,0.04381305839059634,0.1794392466545105,-0.30803084,0.10628119999999998,-0.46431204373474116,2
2026-08-18,CRISIL,3,1,0.10733402549288737,0.4166589677333832,-0.08981228,0.1062812,-0.2460934787475586,2
2026-08-18,CRISIL,8,1,0.0505619490117483,0.41912785172462463,-0.26935935,0.1062812,-0.4256405502044678,2
2026-08-18,CRISIL,19,1,0.04372379438664528,0.28591978549957275,-0.2816379,0.1062812,-0.43791910702819825,2
2026-08-18,CRISIL,22,1,0.04275793896573453,0.20563732087612152,-0.23726225,0.1062812,-0.39354344899291993,2
2026-08-18,CUMMINSIND,3,1,0.1048881678937134,0.3499862849712372,-0.3201604,0.1062812,-0.4764415889465332,2
2026-08-18,CUMMINSIND,8,1,0.051678275826058405,0.2554863393306732,0.07330179,0.1062812,-0.08297940785522462,2
2026-08-18,CUMMINSIND,20,1,0.041700920419779984,0.1272815614938736,-0.744009,0.1062812,-0.900290217944336,2
2026-08-18,CUMMINSIND,22,1,0.04362813361076063,0.11890528351068497,-0.6529927,0.10628119999999998,-0.8092739253723145,2
2026-08-18,DABUR,3,1,0.08783039351052843,0.29346349835395813,-0.14820695,0.1062812,-0.3044881492340088,2
2026-08-18,DABUR,6,1,0.0425171720049078,0.2618319094181061,-0.09906888,0.1062812,-0.25535008008117677,2
2026-08-18,DABUR,8,1,0.06050880535328394,0.24486605823040009,0.11149645,0.1062812,-0.044784751483154306,2
2026-08-18,DALBHARAT,3,1,0.10484660956366826,0.39947688579559326,0.3478408,0.1062812,0.1915595859802246,2
2026-08-18,DALBHARAT,8,1,0.05152482406500113,0.2337581366300583,0.6141305,0.1062812,0.4578492969787598,2
2026-08-18,DALBHARAT,19,1,0.04897641852824673,0.2749929428100586,-0.3196299,0.10628119999999998,-0.4759111076080322,2
2026-08-18,DALBHARAT,20,1,0.0589868356693281,0.27971017360687256,-0.26539564,0.10628119999999998,-0.42167684132690425,2
2026-08-18,DALBHARAT,22,1,0.05253081688898159,0.27950459718704224,-0.37934184,0.10628119999999998,-0.5356230407440186,2
2026-08-18,DALBHARAT,23,1,0.04264342532658701,0.26485106348991394,-0.42827725,0.1062812,-0.5845584541046143,2
2026-08-18,DIVISLAB,3,1,0.10047436692079902,0.4406375288963318,0.20358562,0.10628119999999998,0.04730442469482424,2
2026-08-18,DIVISLAB,7,1,0.04196963519545013,0.34766578674316406,-0.07548928,0.1062812,-0.23177048260803224,2
2026-08-18,DIVISLAB,8,1,0.06345191600128329,0.3243508040904999,-0.20312071,0.10628120000000002,-0.3594019084655762,2
2026-08-18,DIXON,3,1,0.11829605304995568,0.8705512881278992,-0.67694783,0.10628119999999998,-0.833229032107544,2
2026-08-18,DIXON,6,1,0.041744905292324906,0.6371727585792542,-0.028085709,0.1062812,-0.18436690861816407,2
2026-08-18,DIXON,7,1,0.04282835698618295,0.5866647958755493,-0.20372272,0.10628119999999998,-0.36000391537780757,2
2026-08-18,DIXON,8,1,0.06130831419093883,0.5537227988243103,-0.23161173,0.10628120000000002,-0.3878929286682129,2
2026-08-18,DIXON,20,1,0.043061570170079715,0.17524775862693787,0.070512295,0.1062812,-0.0857689052307129,2
2026-08-18,DLF,3,1,0.13108210684608854,0.6038011908531189,0.287807,0.10628119999999998,0.13152578776245122,2
2026-08-18,DLF,4,1,0.05079472558462156,0.5337369441986084,0.34885406,0.1062812,0.19257286494140624,2
2026-08-18,DLF,5,1,0.058583406005395335,0.4728299081325531,0.4095912,0.1062812,0.2533099979675293,2
2026-08-18,DLF,6,1,0.046041322354062324,0.4829607903957367,0.30257702,0.1062812,0.14629581873779296,2
2026-08-18,DLF,8,1,0.05827173515043404,0.4570680260658264,0.23362637,0.1062812,0.07734516566162107,2
2026-08-18,DMART,3,1,0.08585676602172064,0.49215617775917053,0.71593523,0.10628119999999998,0.5596540302551269,2
2026-08-18,DMART,8,1,0.0711014010772408,0.4007595479488373,0.105428696,0.1062812,-0.05085250432128907,2
2026-08-18,DMART,20,1,0.044202777628286394,0.22717759013175964,0.43307543,0.10628119999999998,0.27679422800903325,2
2026-08-18,DRREDDY,3,1,0.08606490694237987,0.32519689202308655,0.067567825,0.10628119999999998,-0.08871337468261717,2
2026-08-18,DRREDDY,7,1,0.04254432531488003,0.26701462268829346,0.016880035,0.1062812,-0.13940116459960938,2
2026-08-18,DRREDDY,8,1,0.06266832509451824,0.25141817331314087,-0.016891956,0.10628119999999998,-0.17317315632934568,2
2026-08-18,EICHERMOT,3,1,0.0955115666601108,0.3733655512332916,-0.14256239,0.10628119999999998,-0.29884358937377925,2
2026-08-18,EICHERMOT,6,1,0.04239676452858707,0.27571409940719604,-0.13033748,0.1062812,-0.2866186767303467,2
2026-08-18,EICHERMOT,8,1,0.05753486126177442,0.24401845037937164,-0.074476,0.1062812,-0.2307572036468506,2
2026-08-18,ENDURANCE,3,1,0.10340255580162527,0.43572375178337097,0.3338933,0.1062812,0.1776120991027832,2
2026-08-18,ENDURANCE,8,1,0.061341180935116306,0.3969693183898926,0.03658533,0.10628119999999998,-0.11969586903686522,2
2026-08-18,ESCORTS,3,1,0.11200652766181429,0.513660192489624,-0.54867864,0.10628119999999998,-0.7049598365509033,2
2026-08-18,ESCORTS,8,1,0.05995931754515817,0.34152358770370483,-0.35709143,0.10628119999999998,-0.5133726268493652,2
2026-08-18,ESCORTS,12,1,0.05068041134244122,0.28895917534828186,0.04196167,0.1062812,-0.11431953007812501,2
2026-08-18,ESCORTS,20,1,0.04799491613495078,0.15317849814891815,-0.21055937,0.1062812,-0.36684056813354493,2
2026-08-18,ESCORTS,22,1,0.04119008396624748,0.14332221448421478,0.0032544136,0.1062812,-0.15302678639526368,2
2026-08-18,ETERNAL,3,1,0.10572663818522486,0.5369208455085754,-0.09403825,0.1062812,-0.2503194480621338,2
2026-08-18,ETERNAL,8,1,0.059720551884431906,0.3671253025531769,-0.36010742,0.1062812,-0.516388621875,2
2026-08-18,EXIDEIND,3,1,0.08752431455613469,0.5409541726112366,-0.85523725,0.10628119999999998,-1.0115184455596924,2
2026-08-18,EXIDEIND,7,1,0.04707382226299718,0.4378524422645569,-0.45652986,0.1062812,-0.6128110557281494,2
2026-08-18,EXIDEIND,8,1,0.06829038951388647,0.40221866965293884,-0.6900966,0.1062812,-0.8463778167449951,2
2026-08-18,EXIDEIND,12,1,0.0480995762158317,0.3439193665981293,-0.34071803,0.10628119999999998,-0.4969992309295654,2
2026-08-18,EXIDEIND,14,1,0.04999655697093925,0.28873175382614136,-0.2772987,0.10628119999999998,-0.43357988888854976,2
2026-08-18,EXIDEIND,15,1,0.04920283362580925,0.288646936416626,0.0,0.1062812,-0.1562812,2
2026-08-18,EXIDEIND,16,1,0.04432938114215637,0.27229100465774536,-0.08544326,0.10628119999999998,-0.24172445828552241,2
2026-08-18,EXIDEIND,20,1,0.04487191309382228,0.20019617676734924,-0.16046166,0.1062812,-0.3167428641998291,2
2026-08-18,EXIDEIND,22,1,0.042892356070152286,0.19777652621269226,-0.26735067,0.10628119999999998,-0.42363187367553706,2
2026-08-18,FEDERALBNK,3,1,0.12070889305648085,0.37567248940467834,-0.0141739845,0.1062812,-0.1704551845275879,2
2026-08-18,FEDERALBNK,8,1,0.047263068980690555,0.2313832938671112,-0.0141739845,0.10628119999999998,-0.17045518452758787,2
2026-08-18,FLUOROCHEM,3,1,0.0935156197576631,0.9819520711898804,1.3937712,0.1062812,1.2374899715698242,2
2026-08-18,FLUOROCHEM,6,1,0.04524563316178452,0.7620956897735596,0.5212307,0.10628119999999998,0.364949497631836,2
2026-08-18,FLUOROCHEM,7,1,0.0408160208905891,0.7182098031044006,0.8350253,0.1062812,0.6787441105163574,2
2026-08-18,FLUOROCHEM,8,1,0.070449832591423,0.6606770753860474,0.9697795,0.10628119999999998,0.8134982914245605,2
2026-08-18,FLUOROCHEM,16,1,0.04194795875832662,0.3760104775428772,-0.21638274,0.1062812,-0.3726639419281006,2
2026-08-18,FLUOROCHEM,19,1,0.05576330997213834,0.2799054980278015,-0.077962875,0.1062812,-0.23424407536621095,2
2026-08-18,FLUOROCHEM,20,1,0.05033899240006317,0.26696541905403137,-0.31788945,0.10628119999999998,-0.4741706519805908,2
2026-08-18,FLUOROCHEM,22,1,0.04557621994703353,0.25765877962112427,0.065124035,0.1062812,-0.09115716511840821,2
2026-08-18,FLUOROCHEM,23,1,0.04116550055826104,0.25279805064201355,0.19997358,0.1062812,0.04369238322143554,2
2026-08-18,FORTIS,3,1,0.0979860451674245,0.44221416115760803,-0.10384917,0.10628119999999998,-0.26013037259216304,2
2026-08-18,FORTIS,8,1,0.062226576747273034,0.3726377487182617,-0.35495758,0.1062812,-0.5112387805664063,2
2026-08-18,FORTIS,20,1,0.04099929700772773,0.2148696631193161,0.13730526,0.1062812,-0.018975940295410165,2
2026-08-18,GAIL,3,1,0.10344404158819173,0.39618420600891113,-0.02321601,0.1062812,-0.17949720914001466,2
2026-08-18,GAIL,8,1,0.04461242833023345,0.23986683785915375,0.10445118,0.10628119999999995,-0.05183002049560542,2
2026-08-18,GICRE,3,1,0.1006399064317243,0.3881153166294098,0.04196167,0.1062812,-0.11431953007812501,2
2026-08-18,GICRE,8,1,0.05869694413016278,0.2643670439720154,-0.16778708,0.10628119999999998,-0.32406827504272456,2
2026-08-18,GLAXO,3,1,0.10066916083651997,0.4115622341632843,-0.28124452,0.10628119999999998,-0.4375257163726806,2
2026-08-18,GLAXO,8,1,0.06016384091835617,0.30601567029953003,-0.25140643,0.1062812,-0.4076876311981201,2
2026-08-18,GLAXO,65,1,0.059950448627850914,0.4418855905532837,2.5285482,0.1062812,2.372267040661621,2
2026-08-18,GLAXO,66,1,0.08374716552539889,0.4754948318004608,2.5358677,0.10628119999999998,2.379586491040039,2
2026-08-18,GLAXO,67,1,0.12517247755379024,0.5475900769233704,2.2931457,0.1062812,2.1368644565856934,2
2026-08-18,GLENMARK,3,1,0.08794747639351894,0.41203850507736206,0.012898445,0.10628119999999998,-0.14338275487060545,2
2026-08-18,GLENMARK,7,1,0.043944772317161235,0.30976858735084534,-0.1893282,0.10628120000000002,-0.3456093936645508,2
2026-08-18,GLENMARK,8,1,0.07716869346074347,0.2863819897174835,-0.27108788,0.1062812,-0.4273690849029541,2
2026-08-18,GODFRYPHLP,3,1,0.1016748906599191,0.5389827489852905,-0.018936396,0.1062812,-0.1752175956451416,2
2026-08-18,GODFRYPHLP,8,1,0.05708323808517339,0.3786073327064514,0.17991066,0.1062812,0.023629459790039054,2
2026-08-18,GODFRYPHLP,20,1,0.04263411107091922,0.20742987096309662,-0.09460449,0.1062812,-0.2508856921875,2
2026-08-18,GODFRYPHLP,22,1,0.04501012598026412,0.1992950439453125,-0.03787279,0.1062812,-0.1941539912902832,2
2026-08-18,GODREJCP,3,1,0.12065565571928837,0.531800389289856,0.4015565,0.10628119999999998,0.2452752918518067,2
2026-08-18,GODREJCP,8,1,0.05328919674495292,0.34605804085731506,0.64885616,0.1062812,0.4925749630249024,2
2026-08-18,GODREJIND,3,1,0.11192478368635304,0.5173252820968628,-0.1973033,0.1062812,-0.35358449513549806,2
2026-08-18,GODREJIND,7,1,0.04692363392910876,0.4219629466533661,-0.14825463,0.10628119999999998,-0.30453583294982906,2
2026-08-18,GODREJIND,8,1,0.05470125654883082,0.4016948342323303,-0.21407604,0.1062812,-0.370357242175293,2
2026-08-18,GODREJIND,12,1,0.042669084499662134,0.3328464925289154,-0.966382,0.1062812,-1.1226632266723633,2
2026-08-18,GODREJIND,16,1,0.04412897481139541,0.25898870825767517,-0.16610026,0.1062812,-0.32238146359558106,2
2026-08-18,GODREJIND,19,1,0.05948444093079149,0.30382534861564636,0.00834465,0.1062812,-0.14793654973144532,2
2026-08-18,GODREJIND,20,1,0.044247347553545355,0.3214885890483856,-0.28253198,0.1062812,-0.4388131766998291,2
2026-08-18,GODREJIND,22,1,0.045983665450590766,0.31135931611061096,-0.42372942,0.1062812,-0.580010619708252,2
2026-08-18,GODREJIND,23,1,0.04220123299337864,0.3101711869239807,-0.52374005,0.1062812,-0.6800212531768799,2
2026-08-18,GODREJPROP,3,1,0.11920798138565186,0.790458619594574,-0.045001507,0.1062812,-0.20128270680541993,2
2026-08-18,GODREJPROP,4,1,0.0457660707985914,0.7033509612083435,-0.15506148,0.10628119999999998,-0.31134268338317866,2
2026-08-18,GODREJPROP,6,1,0.04362843200877415,0.5943465828895569,-0.40917993,0.1062812,-0.5654611259185791,2
2026-08-18,GODREJPROP,7,1,0.0529716625128655,0.5540145635604858,-0.22972226,0.1062812,-0.386003461428833,2
2026-08-18,GODREJPROP,8,1,0.0789238734206297,0.528704822063446,-0.26435256,0.10628120000000002,-0.42063376004333497,2
2026-08-18,GODREJPROP,9,1,0.042634655841254025,0.5206619501113892,0.014984608,0.10628119999999998,-0.14129659230346678,2
2026-08-18,GODREJPROP,11,1,0.049682334905278895,0.46964335441589355,0.50616264,0.1062812,0.3498814434326172,2
2026-08-18,GODREJPROP,12,1,0.04531267989186516,0.45930078625679016,0.79277754,0.10628120000000002,0.6364963382995605,2
2026-08-18,GODREJPROP,13,1,0.04393995492870187,0.44056883454322815,0.48100948,0.10628119999999998,0.3247282833374024,2
2026-08-18,GODREJPROP,14,1,0.06386992051147437,0.3453806936740875,0.7858634,0.1062812,0.6295821995056152,2
2026-08-18,GODREJPROP,15,1,0.04463630605389578,0.2932737171649933,0.88016987,0.10628119999999998,0.7238886684692383,2
2026-08-18,GODREJPROP,16,1,0.04282228207297654,0.2808053493499756,0.7293105,0.10628119999999998,0.5730293125427246,2
2026-08-18,GODREJPROP,19,1,0.053730961879570355,0.2734406590461731,0.4482031,0.1062812,0.29192188685302733,2
2026-08-18,GODREJPROP,20,1,0.045755130728361564,0.25217729806900024,0.43849945,0.10628120000000002,0.28221825068359374,2
2026-08-18,GODREJPROP,22,1,0.05251679707032191,0.26911506056785583,0.019836426,0.1062812,-0.13644477421875,2
2026-08-18,GRASIM,3,1,0.09842423004035505,0.34263187646865845,0.76481104,0.1062812,0.6085298389709473,2
2026-08-18,GRASIM,8,1,0.060215574424595956,0.2920125126838684,0.10061264,0.10628119999999998,-0.055668559619140606,2
2026-08-18,GRASIM,20,1,0.04446925200700267,0.2167840301990509,0.04566908,0.10628119999999998,-0.11061212117309568,2
2026-08-18,HAL,3,1,0.09555884610983897,0.5539764165878296,0.041222572,0.10628120000000002,-0.11505862767333987,2
2026-08-18,HAL,8,1,0.06161452737019362,0.5289968848228455,0.31206608,0.1062812,0.15578487818603515,2
2026-08-18,HAL,19,1,0.05049837912659809,0.27969077229499817,-0.04118085,0.10628119999999998,-0.19746204907531734,2
2026-08-18,HAL,20,1,0.05607477121734058,0.24643081426620483,-0.019621849,0.1062812,-0.1759030490600586,2
2026-08-18,HAVELLS,3,1,0.10572663818522486,0.5281960964202881,0.007688999,0.1062812,-0.14859220082397462,2
2026-08-18,HAVELLS,8,1,0.053530200031895764,0.33980435132980347,-0.3379941,0.1062812,-0.4942752986633301,2
2026-08-18,HCLTECH,3,1,0.08824760415996213,0.49931296706199646,-0.045728683,0.10628119999999998,-0.20200988347167964,2
2026-08-18,HCLTECH,8,1,0.06582802690725205,0.360116571187973,0.1829505,0.10628119999999998,0.026669296673584003,2
2026-08-18,HCLTECH,12,1,0.04687184910295126,0.290907084941864,-0.48896074,0.10628120000000002,-0.6452419429504395,2
2026-08-18,HCLTECH,19,1,0.05685241668976974,0.2511669397354126,-0.43774843,0.1062812,-0.5940296321594238,2
2026-08-18,HCLTECH,20,1,0.06017009333829073,0.24975158274173737,-0.2766013,0.1062812,-0.43288251454467774,2
2026-08-18,HCLTECH,22,1,0.06059626789554732,0.24864095449447632,0.02310276,0.1062812,-0.1331784396850586,2
2026-08-18,HCLTECH,23,1,0.04374800325457762,0.2448849231004715,0.01540184,0.10628119999999998,-0.14087935979003904,2
2026-08-18,HDFCAMC,3,1,0.10754150436531086,0.39527368545532227,0.24704933,0.1062812,0.09076813166503904,2
2026-08-18,HDFCAMC,8,1,0.05977228539067169,0.3451961278915405,-0.14284253,0.1062812,-0.29912373120422364,2
2026-08-18,HDFCBANK,8,1,0.049522216297310837,0.12857545912265778,-0.04132986,0.1062812,-0.19761106068725587,2
2026-08-18,HDFCLIFE,3,1,0.09406127485618285,0.37780287861824036,0.12979507,0.1062812,-0.026486125537109384,2
2026-08-18,HDFCLIFE,8,1,0.060068459254847405,0.25493207573890686,0.30528307,0.1062812,0.1490018696105957,2
2026-08-18,HDFCLIFE,19,1,0.041576481776893034,0.15591126680374146,-0.00924468,0.10628119999999998,-0.16552588040466307,2
2026-08-18,HDFCLIFE,20,1,0.04876173346392312,0.15398597717285156,0.0,0.1062812,-0.1562812,2
2026-08-18,HDFCLIFE,22,1,0.0430089185253048,0.15082189440727234,0.018513203,0.1062812,-0.13776799733276368,2
2026-08-18,HEROMOTOCO,3,1,0.1076682965299598,0.5303360819816589,-0.07858276,0.1062812,-0.234863963671875,2
2026-08-18,HEROMOTOCO,8,1,0.05894245068335986,0.3728626072406769,-0.19222498,0.10628119999999998,-0.3485061794006347,2
2026-08-18,HEROMOTOCO,20,1,0.043584521219868375,0.2119968980550766,0.24511814,0.10628119999999998,0.08883694117431644,2
2026-08-18,HINDALCO,3,1,0.09688603445627504,0.3991384208202362,-0.3106177,0.1062812,-0.4668988853179932,2
2026-08-18,HINDALCO,7,1,0.04381626985838365,0.30641525983810425,0.028860569,0.1062812,-0.12742063099975587,2
2026-08-18,HINDALCO,8,1,0.06794469950279357,0.28614383935928345,-0.07687807,0.1062812,-0.23315927083129884,2
2026-08-18,HINDALCO,12,1,0.045207546269538997,0.27475008368492126,-0.14902353,0.1062812,-0.30530473286743165,2
2026-08-18,HINDPETRO,3,1,0.08914397827805234,0.38451242446899414,0.33729076,0.10628119999999998,0.18100956385498052,2
2026-08-18,HINDPETRO,8,1,0.07278255650594151,0.2978332042694092,0.4443884,0.1062812,0.28810718958740233,2
2026-08-18,HINDPETRO,20,1,0.04937809288585535,0.18149888515472412,-0.16131401,0.10628119999999998,-0.31759521062011714,2
2026-08-18,HINDPETRO,22,1,0.04513520699645943,0.1835930049419403,-0.121074915,0.10628119999999998,-0.27735611493225093,2
2026-08-18,HINDUNILVR,3,1,0.09707801595765621,0.30416032671928406,-0.26873946,0.10628120000000002,-0.4250206618988037,2
2026-08-18,HINDUNILVR,8,1,0.04807577451392143,0.20699870586395264,-0.2396226,0.1062812,-0.3959037929260254,2
2026-08-18,HINDUNILVR,20,1,0.04247774270079288,0.12193344533443451,-0.029420853,0.1062812,-0.18570205266113282,2
2026-08-18,HINDUNILVR,22,1,0.040989746623099045,0.11560940742492676,-0.039231777,0.10628119999999998,-0.19551297719116206,2
2026-08-18,HINDZINC,3,1,0.10661074466536032,0.3803615868091583,-0.11501908,0.1062812,-0.2713002830230713,2
2026-08-18,HINDZINC,8,1,0.05603312683749232,0.2759545147418976,0.07982254,0.1062812,-0.07645865971679688,2
2026-08-18,HINDZINC,22,1,0.04318831208639717,0.1510055810213089,0.13321638,0.1062812,-0.023064818927001962,2
2026-08-18,HONAUT,3,1,0.14464306024184473,0.7574714422225952,0.41356087,0.10628119999999998,0.25727966730957036,2
2026-08-18,HONAUT,4,1,0.05082140967713415,0.6343078017234802,0.3720522,0.1062812,0.21577099268798827,2
2026-08-18,HONAUT,5,1,0.041874600866282634,0.5778756141662598,0.17864704,0.1062812,0.022365841320800772,2
2026-08-18,HONAUT,6,1,0.04710774803370497,0.5325943827629089,0.2613783,0.1062812,0.10509708826904295,2
2026-08-18,HONAUT,8,1,0.06023246443456609,0.46398046612739563,-0.02746582,0.10628119999999995,-0.18374702031249995,2
2026-08-18,HONAUT,22,1,0.04621054755506088,0.18454189598560333,0.20718575,0.1062812,0.050904545239257804,2
2026-08-18,HUDCO,8,1,0.04624097977255953,0.20823290944099426,-0.13881922,0.1062812,-0.2951004176818848,2
2026-08-18,HUDCO,20,1,0.044608061263408036,0.14290320873260498,-0.17654896,0.1062812,-0.33283015782470704,2
2026-08-18,HUDCO,22,1,0.04551718556824303,0.12202560156583786,-0.06424785,0.1062812,-0.22052904660339356,2
2026-08-18,ICICIBANK,3,1,0.0883987546017515,0.26190853118896484,-0.028312206,0.1062812,-0.18459340626831056,2
2026-08-18,ICICIBANK,8,1,0.054818780411138156,0.20529501140117645,-0.04247427,0.1062812,-0.19875546986694337,2
2026-08-18,ICICIBANK,20,1,0.04592773676306058,0.09175818413496017,-0.07097125,0.1062812,-0.22725245053405763,2
2026-08-18,ICICIGI,3,1,0.09992104282863712,0.31485217809677124,-0.23459792,0.1062812,-0.39087912137145997,2
2026-08-18,ICICIGI,8,1,0.04985792150935695,0.2288890779018402,-0.03092885,0.1062812,-0.1872100501739502,2
2026-08-18,ICICIGI,20,1,0.04744051552394407,0.16260956227779388,0.35243034,0.1062812,0.19614914362792968,2
2026-08-18,ICICIPRULI,3,1,0.08803629800906933,0.3216562867164612,0.2078414,0.10628119999999998,0.05156019633178713,2
2026-08-18,ICICIPRULI,8,1,0.0698536173768776,0.2645519971847534,0.5924225,0.10628119999999998,0.43614128535156255,2
2026-08-18,ICICIPRULI,19,1,0.04221487745345438,0.2541670799255371,-0.34691095,0.1062812,-0.5031921535217285,2
2026-08-18,ICICIPRULI,20,1,0.049554277481484915,0.2538110613822937,-0.24818778,0.10628119999999998,-0.404468980380249,2
2026-08-18,IDEA,3,1,0.09619917187134043,0.9685667157173157,1.096487,0.1062812,0.9402058452880859,2
2026-08-18,IDEA,6,1,0.04619198377971239,0.7567899227142334,-0.29027462,0.1062812,-0.44655582005615235,2
2026-08-18,IDEA,7,1,0.04610486210468505,0.7090906500816345,0.07272959,0.1062812,-0.08355161244506837,2
2026-08-18,IDEA,8,1,0.07446590449769806,0.7225430607795715,-0.5057752,0.1062812,-0.6620564132415772,2
2026-08-18,IDEA,14,1,0.04930590482536576,0.49833789467811584,0.072681904,0.1062812,-0.08359929616088868,2
2026-08-18,IDEA,15,1,0.043189930111958694,0.4046056270599365,0.29069185,0.1062812,0.13441065256958007,2
2026-08-18,IDEA,16,1,0.041282522348721845,0.37375378608703613,0.072681904,0.1062812,-0.08359929616088868,2
2026-08-18,IDEA,19,1,0.046542159054256745,0.31123578548431396,0.43541193,0.1062812,0.2791307300842285,2
2026-08-18,IDEA,20,1,0.05979403909852662,0.3159637749195099,0.58054924,0.1062812,0.4242680401123047,2
2026-08-18,IDEA,22,1,0.05701578341439289,0.26915037631988525,0.14503002,0.10628119999999998,-0.011251178332519512,2
2026-08-18,IDEA,23,1,0.043883211874913446,0.2541751265525818,0.21771193,0.1062812,0.06143072550659179,2
2026-08-18,IDEA,51,1,0.06185036263412048,0.4546380639076233,-0.63649416,0.1062812,-0.7927753596984863,2
2026-08-18,IDEA,53,1,0.0452593943430876,0.5040223598480225,0.28510094,0.10628119999999998,0.12881973688964848,2
2026-08-18,IDEA,56,1,0.06542659025936906,0.5482794642448425,1.0661006,0.1062812,0.9098193973815918,2
2026-08-18,IDEA,60,1,0.05106929410372948,0.5025899410247803,0.99573135,0.10628119999999998,0.8394501537597656,2
2026-08-18,IDEA,61,1,0.05576236411711652,0.5116520524024963,0.42552948,0.10628119999999998,0.2692482799804688,2
2026-08-18,IDEA,62,1,0.08957772551097958,0.524475634098053,-1.0482192,0.1062812,-1.2045004039489746,2
2026-08-18,IDEA,63,1,0.12366822567195217,0.5274267196655273,-0.5625844,0.10628119999999998,-0.718865600177002,2
2026-08-18,IDEA,64,1,0.12424187932756793,0.5016056299209595,-0.8432865,0.10628119999999998,-0.9995677142822266,2
2026-08-18,IDEA,65,1,0.1286241119667127,0.49191921949386597,-0.773561,0.10628119999999998,-0.9298422008239746,2
2026-08-18,IDEA,66,1,0.1533820540612988,0.47719547152519226,-0.773561,0.10628119999999998,-0.9298422008239746,2
2026-08-18,IDEA,67,1,0.14613237076084493,0.47283729910850525,-0.56337714,0.10628119999999998,-0.7196583419525147,2
2026-08-18,IDFCFIRSTB,3,1,0.09261039937382742,0.31786972284317017,-0.0942111,0.10628119999999998,-0.2504923015319824,2
2026-08-18,IDFCFIRSTB,8,1,0.04861600386028411,0.21077896654605865,-0.08248091,0.1062812,-0.23876210744018556,2
2026-08-18,INDHOTEL,3,1,0.09438531054441213,0.3107767403125763,-0.14667511,0.1062812,-0.30295630986328126,2
2026-08-18,INDHOTEL,6,1,0.0410103412578054,0.27615129947662354,0.09803772,0.1062812,-0.05824348027343751,2
2026-08-18,INDHOTEL,8,1,0.048059722344419124,0.2493666261434555,-0.06292462,0.1062812,-0.2192058234893799,2
2026-08-18,INDHOTEL,20,1,0.042662377903001314,0.11550626158714294,0.08403063,0.10628119999999998,-0.07225057179565428,2
2026-08-18,INDHOTEL,22,1,0.04453818149853328,0.10409349203109741,-0.1259327,0.1062812,-0.2822138934814453,2
2026-08-18,INDIANB,3,1,0.09797775483137128,0.6224355101585388,0.108230114,0.1062812,-0.04805108601684571,2
2026-08-18,INDIANB,8,1,0.06437099745957169,0.3920452892780304,-0.17611384,0.1062812,-0.3323950439178467,2
2026-08-18,INDIANB,20,1,0.044557243983244704,0.16920602321624756,0.2619028,0.1062812,0.10562160914306638,2
2026-08-18,INDIGO,3,1,0.0945804522377888,0.7082493305206299,0.32666922,0.1062812,0.17038801615600585,2
2026-08-18,INDIGO,8,1,0.07041368354656038,0.5085322856903076,-0.1914978,0.10628119999999998,-0.34777900273437495,2
2026-08-18,INDIGO,14,1,0.04833111314436936,0.2940773367881775,-0.24954677,0.10628119999999998,-0.4058279662811279,2
2026-08-18,INDIGO,15,1,0.04259839766820222,0.2761484384536743,-0.182271,0.1062812,-0.33855220372314454,2
2026-08-18,INDIGO,16,1,0.043949163689539404,0.27210885286331177,0.12511015,0.1062812,-0.031171050616455087,2
2026-08-18,INDUSINDBK,3,1,0.08922691952685195,0.47471287846565247,-0.27545094,0.1062812,-0.4317321449005127,2
2026-08-18,INDUSINDBK,7,1,0.04163492099627776,0.30025550723075867,-0.16729236,0.1062812,-0.3235735564910889,2
2026-08-18,INDUSINDBK,8,1,0.07501767486586074,0.27567142248153687,-0.11814833,0.10628119999999998,-0.27442952687377925,2
2026-08-18,INDUSINDBK,20,1,0.04336191771084459,0.11555986106395721,-0.06905794,0.1062812,-0.2253391414367676,2
2026-08-18,INDUSTOWER,3,1,0.11106697361177587,0.5945219993591309,0.01335144,0.1062812,-0.1429297595703125,2
2026-08-18,INDUSTOWER,7,1,0.04378021391854307,0.4108222424983978,-0.040078163,0.1062812,-0.19635936314697267,2
2026-08-18,INDUSTOWER,8,1,0.06293619022731228,0.39317014813423157,-0.14689565,0.10628120000000002,-0.3031768470489502,2
2026-08-18,INFY,3,1,0.08696906387033612,0.5226953625679016,-0.02681613,0.10628119999999998,-0.1830973296844482,2
2026-08-18,INFY,8,1,0.06923526668078224,0.3831769526004791,0.2143979,0.1062812,0.05811670725708007,2
2026-08-18,INFY,20,1,0.042503720649817736,0.1757451295852661,-0.286299,0.10628119999999998,-0.44258019024963374,2
2026-08-18,IOC,3,1,0.09611246291977545,0.36502891778945923,-0.10069609,0.1062812,-0.25697728688354493,2
2026-08-18,IOC,8,1,0.05869872994587729,0.22390417754650116,0.06480217,0.1062812,-0.09147903020019532,2
2026-08-18,IOC,20,1,0.044147494230261826,0.13389670848846436,0.07209778,0.1062812,-0.08418342167968751,2
2026-08-18,IPCALAB,3,1,0.10919950616867691,1.220119595527649,0.22593737,0.1062812,0.0696561664855957,2
2026-08-18,IPCALAB,7,1,0.043501505638079585,0.8052065372467041,-1.998949,0.1062812,-2.1552302509033203,2
2026-08-18,IPCALAB,8,1,0.06129502495309639,0.7648785710334778,-1.6649246,0.1062812,-1.8212058215820313,2
2026-08-18,IPCALAB,19,1,0.045724632951811846,0.5238915681838989,0.9496689,0.1062812,0.7933876842773437,2
2026-08-18,IPCALAB,20,1,0.06000687023881971,0.5249453186988831,0.6434679,0.10628120000000002,0.4871867031372071,2
2026-08-18,IPCALAB,22,1,0.05047254787444912,0.5080546140670776,0.17062426,0.10628119999999998,0.014343056134033222,2
2026-08-18,IPCALAB,23,1,0.0618229751004966,0.5034796595573425,0.5445838,0.1062812,0.388302597454834,2
2026-08-18,IRCTC,3,1,0.08808719165671577,0.567040741443634,0.060212612,0.10628119999999998,-0.09606858784790037,2
2026-08-18,IRCTC,7,1,0.04721134642841625,0.3715229332447052,0.05017519,0.10628119999999998,-0.10610601002807615,2
2026-08-18,IRCTC,8,1,0.07206933153482849,0.34548020362854004,-0.06017685,0.10628119999999998,-0.21645804936523433,2
2026-08-18,IRCTC,19,1,0.04113338084827002,0.13953395187854767,-0.2114594,0.10628119999999998,-0.3677405982696533,2
2026-08-18,IRCTC,20,1,0.04678860790807322,0.1337122917175293,-0.32203197,0.10628119999999998,-0.4783131747924804,2
2026-08-18,IRFC,3,1,0.09000049106335155,0.4816005527973175,-0.19610524,0.1062812,-0.3523864417755127,2
2026-08-18,IRFC,8,1,0.06173257709804773,0.2862151563167572,0.03465414,0.1062812,-0.1216270595275879,2
2026-08-18,IRFC,20,1,0.04727405121595358,0.12481912225484848,-0.08097887,0.10628119999999998,-0.23726007039184566,2
2026-08-18,IRFC,22,1,0.042892356070152286,0.12564592063426971,-0.06944537,0.1062812,-0.22572657162780763,2
2026-08-18,ITC,8,1,0.045819933526721084,0.17733775079250336,-0.07337332,0.1062812,-0.22965451771850587,2
2026-08-18,ITC,20,1,0.04220680220421537,0.09579865634441376,-0.1837194,0.1062812,-0.34000059659118653,2
2026-08-18,JINDALSTEL,3,1,0.09987014404062343,0.4105331599712372,-0.4308343,0.10628119999999998,-0.5871154933654785,2
2026-08-18,JINDALSTEL,8,1,0.05939357656341081,0.2721492052078247,-0.1801014,0.1062812,-0.3363825946533203,2
2026-08-18,JINDALSTEL,20,1,0.043896514670691555,0.1349537968635559,0.29832125,0.1062812,0.14204004710083007,2
2026-08-18,JIOFIN,3,1,0.09510752100969158,0.39505454897880554,-0.2836287,0.1062812,-0.4399099021636963,2
2026-08-18,JIOFIN,8,1,0.05798864548154702,0.24330803751945496,0.12167692,0.1062812,-0.03460427815551759,2
2026-08-18,JIOFIN,20,1,0.04951535970193423,0.15811759233474731,0.1826644,0.1062812,0.0263831943786621,2
2026-08-18,JKCEMENT,3,1,0.10055526959231172,0.3890959918498993,-0.06521344,0.10628119999999998,-0.22149464184875484,2
2026-08-18,JKCEMENT,7,1,0.04153443540985209,0.3165735602378845,0.08380413,0.1062812,-0.07247706944580079,2
2026-08-18,JKCEMENT,8,1,0.06868509721769374,0.29920899868011475,0.0,0.1062812,-0.1562812,2
2026-08-18,JSL,3,1,0.09584710372784201,0.3110080063343048,0.13450384,0.10628119999999998,-0.021777358599853497,2
2026-08-18,JSL,8,1,0.050581432234317596,0.243315190076828,0.026857853,0.10628119999999998,-0.12942334706420897,2
2026-08-18,JSL,20,1,0.04268900947420392,0.14635153114795685,0.38291216,0.1062812,0.22663095896606444,2
2026-08-18,JSL,22,1,0.0440833718741727,0.13646641373634338,1.1166453,0.10628119999999998,0.960364136151123,2
2026-08-18,JSWENERGY,3,1,0.11065239325456518,0.33924371004104614,0.117599964,0.10628119999999998,-0.03868123585815428,2
2026-08-18,JSWENERGY,6,1,0.041158888248411574,0.2781350910663605,0.18113852,0.1062812,0.0248573154724121,2
2026-08-18,JSWENERGY,8,1,0.06825030594250628,0.2887708842754364,0.3260374,0.10628120000000002,0.1697562069213867,2
2026-08-18,JSWENERGY,20,1,0.04876019102359661,0.17386779189109802,-0.16287565,0.10628119999999998,-0.3191568523132324,2
2026-08-18,JSWINFRA,3,1,0.09031464689377144,0.5325514674186707,-0.6900668,0.1062812,-0.8463480144226074,2
2026-08-18,JSWINFRA,7,1,0.05022105545987512,0.3919769823551178,0.03015995,0.1062812,-0.12612124974365235,2
2026-08-18,JSWINFRA,8,1,0.07099025019111706,0.3928825855255127,-0.16544461,0.10628119999999998,-0.3217258125030517,2
2026-08-18,JSWINFRA,14,1,0.04157678924254904,0.3154260516166687,-0.045204163,0.1062812,-0.20148536259765626,2
2026-08-18,JSWINFRA,15,1,0.0435754968884739,0.28407764434814453,-0.24100542,0.1062812,-0.39728662068481446,2
2026-08-18,JSWINFRA,19,1,0.061953767631641926,0.26610657572746277,-0.256294,0.1062812,-0.41257521206970216,2
2026-08-18,JSWINFRA,20,1,0.04657307290738562,0.24143746495246887,-0.3166914,0.1062812,-0.4729725986206055,2
2026-08-18,JSWINFRA,22,1,0.046749361826718246,0.2243276685476303,0.030171871,0.10628119999999998,-0.12610932881469725,2
2026-08-18,JSWINFRA,67,1,0.045185099772856,0.24231502413749695,-0.34811497,0.1062812,-0.5043961673461914,2
2026-08-18,JSWSTEEL,3,1,0.10399484941832046,0.35491323471069336,0.07799864,0.10628119999999998,-0.07828256184692381,2
2026-08-18,JSWSTEEL,8,1,0.05679106162570525,0.27446451783180237,-0.3584206,0.1062812,-0.5147018104278565,2
2026-08-18,JSWSTEEL,20,1,0.04446925200700267,0.17177297174930573,0.046992302,0.1062812,-0.10928889805908204,2
2026-08-18,JUBLFOOD,3,1,0.09406427910061489,0.41194063425064087,-1.1150658,0.1062812,-1.2713470130645752,2
2026-08-18,JUBLFOOD,6,1,0.04170612678517659,0.4916835129261017,-0.50594807,0.1062812,-0.6622292667114258,2
2026-08-18,JUBLFOOD,7,1,0.04686475983557683,0.4615851640701294,-0.49642324,0.1062812,-0.6527044444763184,2
2026-08-18,JUBLFOOD,8,1,0.07260089171820758,0.4526142477989197,-0.44731498,0.10628119999999998,-0.603596177645874,2
2026-08-18,JUBLFOOD,11,1,0.0441354404347009,0.39745932817459106,-0.3092885,0.10628119999999998,-0.4655697017395019,2
2026-08-18,JUBLFOOD,12,1,0.04527864817172182,0.3752534091472626,-0.32924414,0.10628119999999998,-0.4855253368103027,2
2026-08-18,JUBLFOOD,14,1,0.06035948933840698,0.3086071312427521,-0.2194941,0.10628119999999998,-0.37577530438537593,2
2026-08-18,JUBLFOOD,15,1,0.05534884804126702,0.3066832721233368,-0.16966462,0.10628120000000002,-0.3259458213531494,2
2026-08-18,JUBLFOOD,16,1,0.054917301991679025,0.30454370379447937,-0.30941367,0.1062812,-0.4656948714935303,2
2026-08-18,JUBLFOOD,17,1,0.045475057063755875,0.3116469979286194,-0.10010004,0.1062812,-0.256381240435791,2
2026-08-18,JUBLFOOD,18,1,0.05010235955856996,0.2630675137042999,-0.48038363,0.10628119999999998,-0.6366648345672608,2
2026-08-18,JUBLFOOD,19,1,0.0499074874726128,0.23809514939785004,-0.4503131,0.10628119999999998,-0.6065942912780762,2
2026-08-18,JUBLFOOD,20,1,0.05053100852159305,0.24142847955226898,-0.3000021,0.1062812,-0.4562832980834961,2
2026-08-18,KALYANKJIL,3,1,0.10438868455834587,0.4181361198425293,-1.2215137,0.10628119999999998,-1.3777949481689453,2
2026-08-18,KALYANKJIL,7,1,0.04681934444678406,0.4185231924057007,-0.41233897,0.10628120000000002,-0.5686201720916748,2
2026-08-18,KALYANKJIL,8,1,0.06271170992796038,0.40294256806373596,-0.33783317,0.1062812,-0.49411436612243653,2
2026-08-18,KALYANKJIL,19,1,0.04393354252940859,0.3066543638706207,-0.066155195,0.1062812,-0.22243639523620606,2
2026-08-18,KALYANKJIL,20,1,0.046777105928522106,0.25305408239364624,0.18209219,0.1062812,0.02581098978881835,2
2026-08-18,KALYANKJIL,22,1,0.040902482333083606,0.21526683866977692,0.057947636,0.1062812,-0.09833356434936524,2
2026-08-18,KEI,3,1,0.11137618914436893,0.5353044271469116,-0.33740997,0.10628120000000002,-0.49369117314453126,2
2026-08-18,KEI,5,1,0.05516199877775302,0.49496927857398987,0.5498409,0.1062812,0.39355972712402343,2
2026-08-18,KEI,8,1,0.05292343753036693,0.4139255881309509,0.048065186,0.10628119999999998,-0.10821601445312498,2
2026-08-18,KEI,65,1,0.04120429868671753,0.31939858198165894,-0.022512674,0.1062812,-0.17879387433166505,2
2026-08-18,KEI,66,1,0.06963177641030581,0.33139467239379883,-0.10730028,0.1062812,-0.2635814815246582,2
2026-08-18,KEI,67,1,0.0813181013211154,0.32923585176467896,0.27884245,0.1062812,0.1225612491882324,2
2026-08-18,KOTAKBANK,8,1,0.05407689282989454,0.18943510949611664,0.16665459,0.1062812,0.010373386791992179,2
2026-08-18,KPITTECH,3,1,0.0884062732317397,0.5377911925315857,-0.18268824,0.1062812,-0.3389694362365723,2
2026-08-18,KPITTECH,8,1,0.0628135502493284,0.375631719827652,0.23257732,0.10628120000000002,0.0762961239135742,2
2026-08-18,KPITTECH,19,1,0.04410189170728857,0.2020602971315384,-0.10816455,0.10628119999999998,-0.2644457488739013,2
2026-08-18,KPITTECH,20,1,0.052197636433360985,0.1992553174495697,0.0,0.10628119999999998,-0.15628119999999998,2
2026-08-18,KPRMILL,3,1,0.10538451608442377,0.4711122214794159,0.09726286,0.1062812,-0.05901834065551759,2
2026-08-18,KPRMILL,8,1,0.057832447047071876,0.4103982746601105,-0.37020445,0.1062812,-0.5264856486999512,2
2026-08-18,KPRMILL,19,1,0.047916641384635014,0.30898937582969666,-0.044316053,0.1062812,-0.20059725339050294,2
2026-08-18,KPRMILL,20,1,0.06304033347903475,0.26677897572517395,0.07091761,0.1062812,-0.08536359364624024,2
2026-08-18,LAURUSLABS,3,1,0.09392546668112506,0.34958505630493164,-0.049746037,0.1062812,-0.20602723652954102,2
2026-08-18,LAURUSLABS,8,1,0.06443277444825368,0.25779786705970764,0.3378868,0.1062812,0.18160561030273437,2
2026-08-18,LICHSGFIN,3,1,0.09901705331524402,0.3017486035823822,-0.010055304,0.10628119999999998,-0.16633650357360838,2
2026-08-18,LICHSGFIN,8,1,0.047263068980690555,0.2159566879272461,0.21147728,0.10628119999999998,0.055196079663085956,2
2026-08-18,LICHSGFIN,20,1,0.045676757203490306,0.13314053416252136,0.010073185,0.1062812,-0.146208015032959,2
2026-08-18,LICI,3,1,0.0947498855516075,0.40195804834365845,-0.1571536,0.1062812,-0.31343480641479493,2
2026-08-18,LICI,8,1,0.05895052671941981,0.3266802430152893,-0.060504675,0.10628119999999998,-0.21678587491149898,2
2026-08-18,LICI,22,1,0.04649258927587043,0.15562044084072113,-0.55987835,0.1062812,-0.7161595493041992,2
2026-08-18,LINDEINDIA,3,1,0.08860848869562,0.5005190372467041,-0.022232533,0.10628119999999998,-0.17851373250122066,2
2026-08-18,LINDEINDIA,8,1,0.07465503453932404,0.3160727918148041,1.1561513,0.10628119999999998,0.9998700947082519,2
2026-08-18,LINDEINDIA,20,1,0.07383622735697747,0.29471299052238464,-0.14683008,0.10628119999999998,-0.3031112819396972,2
2026-08-18,LINDEINDIA,22,1,0.06939104223237026,0.28577721118927,0.044047832,0.1062812,-0.11223336751098634,2
2026-08-18,LINDEINDIA,23,1,0.05036297257593496,0.2939663529396057,0.30869246,0.1062812,0.15241125529174804,2
2026-08-18,LINDEINDIA,65,1,0.055761552335859825,0.2954030930995941,-0.75249076,0.1062812,-0.908771958895874,2
2026-08-18,LINDEINDIA,66,1,0.0778159387778977,0.33975744247436523,-0.08904934,0.10628119999999998,-0.24533053929443355,2
2026-08-18,LINDEINDIA,67,1,0.07127722607337829,0.3429333567619324,-0.54090023,0.1062812,-0.6971814304077149,2
2026-08-18,LLOYDSME,3,1,0.10223025806862047,0.4217187762260437,-1.0837615,0.10628119999999998,-1.24004265362854,2
2026-08-18,LLOYDSME,6,1,0.04211767042983606,0.5102850794792175,0.26631355,0.10628119999999998,0.11003235285644535,2
2026-08-18,LLOYDSME,7,1,0.04682729318142036,0.5016379356384277,0.072836876,0.1062812,-0.08344432408447267,2
2026-08-18,LLOYDSME,8,1,0.053691513079972386,0.4794166386127472,0.18234253,0.1062812,0.02606132929687499,2
2026-08-18,LODHA,3,1,0.1496786107232261,0.7326628565788269,-1.0089517,0.1062812,-1.1652328639709473,2
2026-08-18,LODHA,4,1,0.05560124295925063,0.6657447218894958,-0.85421205,0.1062812,-1.0104932456695557,2
2026-08-18,LODHA,5,1,0.05909246970350637,0.5875335335731506,-0.6919563,0.10628120000000002,-0.8482374816619873,2
2026-08-18,LODHA,6,1,0.04741932355915685,0.5576903820037842,-0.4889965,0.1062812,-0.6452777057373047,2
2026-08-18,LODHA,7,1,0.056551585997766676,0.5571489334106445,0.22121668,0.10628119999999998,0.06493547861938478,2
2026-08-18,LODHA,8,1,0.08226434630176706,0.5491011142730713,0.17170906,0.10628119999999998,0.015427860668945331,2
2026-08-18,LODHA,9,1,0.04766082431331999,0.5519513487815857,0.53379536,0.1062812,0.3775141567504883,2
2026-08-18,LODHA,10,1,0.041595002534371955,0.5215731859207153,0.6412864,0.10628120000000002,0.4850051731384278,2
2026-08-18,LODHA,11,1,0.04137211071196408,0.499165803194046,0.4101038,0.10628119999999998,0.2538225979125977,2
2026-08-18,LODHA,14,1,0.05518296963563567,0.3929975926876068,0.26961565,0.1062812,0.11333445017700193,2
2026-08-18,LODHA,18,1,0.04473152255272407,0.31157389283180237,0.8252263,0.10628119999999998,0.6689451069152832,2
2026-08-18,LODHA,19,1,0.05607607161716197,0.305105984210968,0.17960072,0.10628119999999998,0.02331951563720705,2
2026-08-18,LODHA,20,1,0.058519231084225215,0.2834750711917877,0.09800196,0.1062812,-0.05827924306030274,2
2026-08-18,LODHA,22,1,0.04089372285688356,0.24865524470806122,0.06520748,0.1062812,-0.09107371861572267,2
2026-08-18,LT,8,1,0.057832244052470026,0.18322597444057465,-0.02707839,0.1062812,-0.18335959012145997,2
2026-08-18,LTF,3,1,0.11705953006442811,0.5743436813354492,-0.06476045,0.10628119999999998,-0.22104164654846187,2
2026-08-18,LTF,4,1,0.04196058714609222,0.5148991346359253,0.08094311,0.10628119999999998,-0.07533809239501951,2
2026-08-18,LTF,5,1,0.046138095616696344,0.49703094363212585,0.24306774,0.1062812,0.08678654139404295,2
2026-08-18,LTF,7,1,0.06417230303549931,0.4119340479373932,0.35703182,0.1062812,0.20075062220458983,2
2026-08-18,LTF,8,1,0.08805239861870232,0.3947039246559143,0.34062862,0.10628119999999998,0.1843474239624024,2
2026-08-18,LTF,14,1,0.04932312240801854,0.27490493655204773,1.9896507,0.1062812,1.8333695263183594,2
2026-08-18,LTF,53,1,0.06509562041833741,0.43413957953453064,0.12367964,0.1062812,-0.03260156209106446,2
2026-08-18,LTF,54,1,0.06746412846566092,0.4477357268333435,-0.3388822,0.10628119999999998,-0.49516340787048335,2
2026-08-18,LTF,55,1,0.051604155848521856,0.4724295735359192,0.55788755,0.1062812,0.40160635416870116,2
2026-08-18,LTF,56,1,0.08181206941221625,0.5008482336997986,-0.15420318,0.1062812,-0.3104843764984131,2
2026-08-18,LTF,57,1,0.07197543960334185,0.49564996361732483,-0.35449862,0.1062812,-0.5107798248016358,2
2026-08-18,LTF,58,1,0.08383093669794434,0.48899540305137634,0.13910532,0.10628119999999998,-0.01717588002319334,2
2026-08-18,LTF,59,1,0.06538227902318963,0.5046170353889465,0.030863285,0.1062812,-0.12541791493530274,2
2026-08-18,LTF,60,1,0.04833925089590899,0.43457257747650146,0.21618605,0.1062812,0.05990484660034179,2
2026-08-18,LTF,61,1,0.05737347375302326,0.4184156060218811,0.60305595,0.1062812,0.4467747539794922,2
2026-08-18,LTF,62,1,0.08052194781695927,0.4138883054256439,0.27753115,0.10628119999999998,0.12124994700317386,2
2026-08-18,LTF,63,1,0.10045330082477408,0.40485531091690063,0.5405426,0.1062812,0.3842614025390625,2
2026-08-18,LTF,64,1,0.1105107393080549,0.40879595279693604,0.55692196,0.10628119999999998,0.4006407589233399,2
2026-08-18,LTF,65,1,0.11561946324361957,0.4068097472190857,0.32411814,0.10628119999999998,0.1678369373596192,2
2026-08-18,LTF,66,1,0.14949106898082457,0.3834215998649597,0.24676323,0.1062812,0.09048202937011716,2
2026-08-18,LTF,67,1,0.1503071042400262,0.36870044469833374,0.20033121,0.1062812,0.04405001109008788,2
2026-08-18,LTTS,3,1,0.09429619700080547,0.6625190377235413,-0.1779139,0.10628119999999998,-0.33419510419006343,2
2026-08-18,LTTS,7,1,0.04509977172437797,0.4650430679321289,0.45198202,0.1062812,0.2957008213317871,2
2026-08-18,LTTS,8,1,0.07271188186789328,0.42664971947669983,0.46060085,0.1062812,0.3043196529663086,2
2026-08-18,LTTS,15,1,0.042776522442497474,0.27223607897758484,-0.84621906,0.1062812,-1.0025002628051758,2
2026-08-18,LTTS,16,1,0.0419546499472885,0.25935494899749756,-0.4338026,0.1062812,-0.590083804675293,2
2026-08-18,LTTS,22,1,0.0691196565285396,0.27320465445518494,0.23254156,0.1062812,0.07626036112670896,2
2026-08-18,LTTS,23,1,0.05174644390638465,0.2863512933254242,0.09621382,0.10628119999999998,-0.060067382403564434,2
2026-08-18,LUPIN,3,1,0.08497219318442152,0.4566379487514496,0.16077757,0.1062812,0.004496368817138663,2
2026-08-18,LUPIN,8,1,0.07171349041505483,0.28617173433303833,0.05801916,0.1062812,-0.09826203877563477,2
2026-08-18,LUPIN,20,1,0.04915178438827266,0.14756643772125244,-0.3389895,0.10628119999999998,-0.49527069623107906,2
2026-08-18,LUPIN,22,1,0.04698797325864737,0.16393329203128815,-0.008946657,0.1062812,-0.16522785718078614,2
2026-08-18,MAHABANK,3,1,0.09175638221117301,0.604366660118103,-0.2822399,0.1062812,-0.4385211139404297,2
2026-08-18,MAHABANK,8,1,0.0664218517496682,0.40939879417419434,-0.024545193,0.1062812,-0.18082639271850587,2
2026-08-18,MAHABANK,19,1,0.04415999740073902,0.23289042711257935,-0.40761232,0.1062812,-0.5638935237609863,2
2026-08-18,MAHABANK,20,1,0.06452252943002593,0.24810217320919037,-0.27194023,0.10628119999999998,-0.42822143132324214,2
2026-08-18,MAHABANK,21,1,0.04309036006039703,0.2630414664745331,0.099122524,0.1062812,-0.0571586757385254,2
2026-08-18,MAHABANK,22,1,0.07504282291222078,0.27227669954299927,-0.02475977,0.10628119999999998,-0.18104096943969722,2
2026-08-18,MAHABANK,23,1,0.056050708326928045,0.268940269947052,0.04954338,0.1062812,-0.10673781926269532,2
2026-08-18,MANKIND,3,1,0.09599297194147755,0.3879871666431427,-0.071686506,0.1062812,-0.2279677062713623,2
2026-08-18,MANKIND,8,1,0.06684878627094214,0.29413464665412903,-0.18962026,0.1062812,-0.3459014564239502,2
2026-08-18,MANKIND,20,1,0.04423802429658439,0.1364395022392273,-0.05494356,0.10628119999999998,-0.21122476155395503,2
2026-08-18,MANKIND,22,1,0.04303116532655765,0.1208086833357811,-0.021141768,0.10628119999999998,-0.177422967501831,2
2026-08-18,MARICO,3,1,0.10132884112881131,0.3968217968940735,-0.26461482,0.10628119999999998,-0.42089602048034663,2
2026-08-18,MARICO,8,1,0.051628954609621774,0.23519568145275116,-0.20573735,0.1062812,-0.36201855237121583,2
2026-08-18,MARICO,22,1,0.041112113537353535,0.12811502814292908,-0.14750361,0.1062812,-0.3037848144256592,2
2026-08-18,MARUTI,3,1,0.0918335009322876,0.3028554916381836,-0.4039228,0.10628119999999998,-0.5602039962493897,2
2026-08-18,MARUTI,8,1,0.05165106961840505,0.22611691057682037,-0.0072419643,0.10628119999999998,-0.16352316434020994,2
2026-08-18,MARUTI,20,1,0.04933732051189534,0.1271340399980545,0.25430918,0.1062812,0.09802797739868162,2
2026-08-18,MAXHEALTH,3,1,0.10004753213297282,0.9221205711364746,1.4425874,0.1062812,1.2863061756408691,2
2026-08-18,MAXHEALTH,8,1,0.05742537335188327,0.7222546935081482,-1.0848105,0.1062812,-1.241091695376587,2
2026-08-18,MAXHEALTH,14,1,0.04508095788627702,0.45872148871421814,0.0,0.10628119999999998,-0.15628119999999998,2
2026-08-18,MAXHEALTH,15,1,0.04242767484979193,0.4322742521762848,0.09969473,0.1062812,-0.05658647114868165,2
2026-08-18,MAXHEALTH,19,1,0.04871171303039743,0.37134283781051636,-0.14910698,0.1062812,-0.3053881793701172,2
2026-08-18,MAXHEALTH,20,1,0.06311502630954188,0.36737456917762756,-0.089508295,0.10628119999999998,-0.24578949505920406,2
2026-08-18,MAXHEALTH,22,1,0.07197096617671626,0.2710310220718384,-0.009953976,0.10628119999999998,-0.16623517567749022,2
2026-08-18,MAXHEALTH,23,1,0.05064207623548501,0.2653665840625763,0.059759617,0.1062812,-0.09652158314819337,2
2026-08-18,MAZDOCK,3,1,0.10371939702542037,0.6402503252029419,0.55241585,0.10628120000000002,0.3961346477783203,2
2026-08-18,MAZDOCK,8,1,0.06239718254254658,0.5655611157417297,-0.17001033,0.10628119999999998,-0.32629152829284663,2
2026-08-18,MAZDOCK,19,1,0.052975638288293714,0.28599193692207336,-0.14743209,0.10628119999999998,-0.30371328885192866,2
2026-08-18,MAZDOCK,20,1,0.05523024046833604,0.2558744251728058,-0.12809038,0.1062812,-0.28437158162231446,2
2026-08-18,MCX,3,1,0.11960510589032144,0.8528281450271606,-0.2204895,0.1062812,-0.376770701953125,2
2026-08-18,MCX,8,1,0.0586365010110736,0.5597020983695984,0.11202097,0.1062812,-0.04426023060913087,2
2026-08-18,MCX,48,1,0.049867289208408286,0.2672095000743866,0.032770634,0.10628119999999998,-0.12351056630249022,2
2026-08-18,MCX,51,1,0.04693227190043328,0.29334786534309387,-0.19315481,0.1062812,-0.34943601185913087,2
2026-08-18,MCX,52,1,0.0422728744394632,0.27590298652648926,-0.10483265,0.10628119999999998,-0.261113849230957,2
2026-08-18,MCX,53,1,0.04655376946775429,0.262885719537735,-0.16372204,0.10628119999999998,-0.3200032382690429,2
2026-08-18,MCX,54,1,0.043713691921293235,0.2617162764072418,-0.2620399,0.1062812,-0.4183210998260498,2
2026-08-18,MCX,55,1,0.043631181176692624,0.25688856840133667,-0.23583174,0.1062812,-0.39211293751831056,2
2026-08-18,MCX,66,1,0.05561157984268693,0.21126572787761688,0.032901764,0.1062812,-0.12337943608398438,2
2026-08-18,MCX,67,1,0.05496718138845666,0.23197348415851593,0.33334494,0.10628119999999998,0.17706373637084966,2
2026-08-18,MEDANTA,3,1,0.11187763551836051,0.5165734887123108,0.04233122,0.10628119999999998,-0.11394998128051756,2
2026-08-18,MEDANTA,8,1,0.05809073808225764,0.3546852767467499,0.18318892,0.1062812,0.026907715252685538,2
2026-08-18,MFSL,3,1,0.10745994691758809,0.4760828912258148,0.82638264,0.10628119999999998,0.6701014370239258,2
2026-08-18,MFSL,8,1,0.06080281068573538,0.3576650023460388,0.54519176,0.1062812,0.38891056483154296,2
2026-08-18,MFSL,20,1,0.044147494230261826,0.20731686055660248,-0.07032752,0.1062812,-0.2266087203704834,2
2026-08-18,MOTILALOFS,3,1,0.10262945031255298,0.8360713124275208,-0.49307942,0.10628120000000002,-0.649360623904419,2
2026-08-18,MOTILALOFS,5,1,0.0408906525553743,0.7262616157531738,0.09071827,0.10628119999999998,-0.06556293065185545,2
2026-08-18,MOTILALOFS,7,1,0.05702306976116564,0.6129737496376038,-0.026661158,0.1062812,-0.18294235760803224,2
2026-08-18,MOTILALOFS,8,1,0.08878328511520328,0.6046581864356995,0.22423267,0.1062812,0.06795147364501952,2
2026-08-18,MOTILALOFS,14,1,0.052339909141904714,0.4163811504840851,-0.090676546,0.1062812,-0.24695774609680177,2
2026-08-18,MOTILALOFS,15,1,0.049329179285728816,0.3531096875667572,0.0053286552,0.1062812,-0.1509525447570801,2
2026-08-18,MOTILALOFS,16,1,0.041573398734391025,0.33166009187698364,0.10654926,0.1062812,-0.04973193699951173,2
2026-08-18,MOTILALOFS,19,1,0.059578338199986265,0.26696255803108215,0.96502304,0.1062812,0.8087418407714844,2
2026-08-18,MOTILALOFS,20,1,0.04572930742247688,0.24906371533870697,0.9929538,0.1062812,0.8366725773132324,2
2026-08-18,MOTILALOFS,22,1,0.040846572277145346,0.25112098455429077,0.83657503,0.1062812,0.6802938312805176,2
2026-08-18,MPHASIS,3,1,0.08944076273630773,0.48163920640945435,-0.60459375,0.1062812,-0.7608749538146973,2
2026-08-18,MPHASIS,7,1,0.04577482555133258,0.39937591552734375,-0.0808835,0.1062812,-0.2371647029602051,2
2026-08-18,MPHASIS,8,1,0.06990600431276617,0.37030893564224243,0.08087158,0.1062812,-0.07540961796875001,2
2026-08-18,MPHASIS,20,1,0.045768716276665185,0.20311757922172546,0.14533997,0.1062812,-0.010941234179687509,2
2026-08-18,MPHASIS,65,1,0.05065192119500971,0.2828437089920044,0.22134781,0.10628120000000002,0.0650666088378906,2
2026-08-18,MPHASIS,66,1,0.0689664304575922,0.27020886540412903,0.25422573,0.10628119999999998,0.09794453089599613,2
2026-08-18,MPHASIS,67,1,0.060423005625121075,0.26317158341407776,-0.32786727,0.10628119999999998,-0.48414846951599116,2
2026-08-18,MRF,8,1,0.05826177893149317,0.16693100333213806,-0.029975176,0.0708489269491589,-0.15082410280670283,2
2026-08-18,MRF,22,1,0.041823660130070016,0.0722527876496315,0.026214123,0.07083700524344567,-0.09462288247122888,2
2026-08-18,MUTHOOTFIN,3,1,0.10509359747491802,0.4249761998653412,-0.027751923,0.10628119999999998,-0.18403312260742183,2
2026-08-18,MUTHOOTFIN,8,1,0.058170391463316706,0.26209506392478943,0.18410683,0.10628119999999998,0.02782562678222658,2
2026-08-18,M_AND_M,3,1,0.10298246864989724,0.3665807247161865,-0.22828579,0.10628119999999998,-0.38456698948974605,2
2026-08-18,M_AND_M,8,1,0.05795174375913013,0.3082875609397888,0.07325411,0.1062812,-0.08302709157104493,2
2026-08-18,M_AND_MFIN,3,1,0.10932351216904494,0.45190444588661194,-0.49063563,0.10628119999999998,-0.6469168334686279,2
2026-08-18,M_AND_MFIN,6,1,0.04172704813112066,0.3816435933113098,-0.23337007,0.10628119999999998,-0.38965126568908687,2
2026-08-18,M_AND_MFIN,7,1,0.045567776447613,0.36673983931541443,0.012969971,0.1062812,-0.143311229296875,2
2026-08-18,M_AND_MFIN,8,1,0.06169104280292704,0.33617550134658813,0.012981892,0.1062812,-0.14329930836791993,2
2026-08-18,NAM-INDIA,3,1,0.13863146035935905,0.7487491369247437,-0.6551564,0.1062812,-0.8114375739776611,2
2026-08-18,NAM-INDIA,4,1,0.046802363697565304,0.653709888458252,-1.0104358,0.10628119999999998,-1.1667170196258545,2
2026-08-18,NAM-INDIA,5,1,0.0513462941233428,0.7084037661552429,-0.23086667,0.10628120000000002,-0.3871478706085205,2
2026-08-18,NAM-INDIA,6,1,0.051025493979238876,0.6862255334854126,0.1201272,0.10628119999999998,-0.036153998919677716,2
2026-08-18,NAM-INDIA,8,1,0.0869219464335115,0.6168079972267151,0.20594597,0.10628119999999998,0.049664768627929706,2
2026-08-18,NAM-INDIA,9,1,0.04638551394301367,0.5866168737411499,0.9201884,0.1062812,0.7639072269714355,2
2026-08-18,NAM-INDIA,14,1,0.06411186849141372,0.4395796060562134,0.18000603,0.10628119999999995,0.023724827221679734,2
2026-08-18,NAM-INDIA,15,1,0.052952592173856346,0.38965535163879395,0.10281801,0.10628119999999998,-0.05346318776245115,2
2026-08-18,NAM-INDIA,16,1,0.04791580835256151,0.3925984501838684,-0.17902851,0.1062812,-0.3353097110473633,2
2026-08-18,NAM-INDIA,18,1,0.046962863770727434,0.3651275336742401,-0.28162003,0.1062812,-0.43790122563476563,2
2026-08-18,NAM-INDIA,19,1,0.07694601275497556,0.31695759296417236,-0.17098188,0.10628120000000002,-0.32726308400268556,2
2026-08-18,NAM-INDIA,20,1,0.07848029861431692,0.2845904231071472,-0.16245246,0.1062812,-0.31873365933532716,2
2026-08-18,NAM-INDIA,22,1,0.0727417824786426,0.25863996148109436,-0.16261935,0.1062812,-0.31890055234069825,2
2026-08-18,NATIONALUM,3,1,0.089229923771284,0.559124767780304,-0.15416145,0.10628119999999998,-0.31044265324707027,2
2026-08-18,NATIONALUM,7,1,0.047596511993227536,0.3958534300327301,0.07727146,0.10628119999999998,-0.07900973851318357,2
2026-08-18,NATIONALUM,8,1,0.07207140203244196,0.3686537742614746,-0.2314806,0.1062812,-0.38776179844970704,2
2026-08-18,NAUKRI,3,1,0.09476758938912012,0.8312971591949463,0.22957325,0.10628119999999998,0.07329204981689455,2
2026-08-18,NAUKRI,8,1,0.06977012145268373,0.48921623826026917,0.3335595,0.1062812,0.177278313092041,2
2026-08-18,NAUKRI,14,1,0.04326964490898222,0.2575966715812683,0.4369378,0.10628119999999998,0.28065660899047856,2
2026-08-18,NAUKRI,67,1,0.050112837105664665,0.16541540622711182,-0.1105845,0.10628119999999998,-0.2668656974517822,2
2026-08-18,NESTLEIND,3,1,0.10909449837149121,0.3804868757724762,0.09509325,0.10628119999999998,-0.06118794972534178,2
2026-08-18,NESTLEIND,8,1,0.05767637548289859,0.27278605103492737,-0.16950369,0.1062812,-0.32578488881225587,2
2026-08-18,NESTLEIND,12,1,0.04487557333715589,0.27173420786857605,0.13612509,0.1062812,-0.0201561122619629,2
2026-08-18,NHPC,3,1,0.10442838265016562,0.36008602380752563,0.3404379,0.1062812,0.18415668909912108,2
2026-08-18,NHPC,8,1,0.04466416183647323,0.23535382747650146,0.065374374,0.10628119999999998,-0.09090682561035154,2
2026-08-18,NIACL,3,1,0.09245661323889141,0.6164069175720215,-0.08187294,0.10628119999999998,-0.23815414006347652,2
2026-08-18,NIACL,8,1,0.06272554446554916,0.411836713552475,0.91707706,0.1062812,0.7607958645141601,2
2026-08-18,NIACL,19,1,0.05536952994414589,0.3339449167251587,-0.24396777,0.10628120000000002,-0.4002489715301514,2
2026-08-18,NIACL,20,1,0.06676597095474501,0.33790335059165955,-0.29820204,0.10628119999999998,-0.45448323781127925,2
2026-08-18,NIACL,22,1,0.06181124233414255,0.34633392095565796,-0.2549529,0.1062812,-0.41123410756225587,2
2026-08-18,NIACL,23,1,0.05205916313720767,0.3454221785068512,-0.28779507,0.10628119999999998,-0.44407626683349605,2
2026-08-18,NLCINDIA,3,1,0.09985459849350668,0.33049288392066956,0.32584667,0.1062812,0.16956547205810546,2
2026-08-18,NLCINDIA,8,1,0.06957740070553083,0.25909537076950073,0.36153793,0.1062812,0.20525673334960937,2
2026-08-18,NMDC,3,1,0.0884062732317397,0.5568689703941345,-0.5807817,0.1062812,-0.7370628982269287,2
2026-08-18,NMDC,6,1,0.05315801606036478,0.4376987814903259,-0.16692281,0.10628119999999998,-0.3232040076934814,2
2026-08-18,NMDC,7,1,0.05775857328807164,0.4148261547088623,0.01193285,0.1062812,-0.1443483501159668,2
2026-08-18,NMDC,8,1,0.0803981572147726,0.3946972191333771,-0.17878413,0.10628119999999998,-0.33506533200378413,2
2026-08-18,NMDC,12,1,0.0678806188009902,0.34224915504455566,-0.16738176,0.10628119999999998,-0.3236629634582519,2
2026-08-18,NMDC,19,1,0.049165229507305605,0.20787130296230316,-0.28731823,0.10628119999999998,-0.4435994296752929,2
2026-08-18,NMDC,20,1,0.04535499942674946,0.1906709372997284,-0.1676619,0.10628119999999998,-0.32394310528869624,2
2026-08-18,NTPC,3,1,0.09051237995933079,0.2779402434825897,0.32596588,0.10628119999999998,0.1696846813476563,2
2026-08-18,NTPC,8,1,0.05076375103909348,0.23308894038200378,0.1625061,0.10628119999999998,0.006224903515625019,2
2026-08-18,NYKAA,3,1,0.0896732224528969,0.4289267063140869,-0.35228133,0.10628119999999998,-0.5085625320159912,2
2026-08-18,NYKAA,8,1,0.06868400242762507,0.26268458366394043,-0.15351772,0.10628119999999998,-0.30979892308349605,2
2026-08-18,NYKAA,22,1,0.04492797031450892,0.1537981629371643,0.30745268,0.10628119999999998,0.15117147868041997,2
2026-08-18,OBEROIRLTY,3,1,0.1506795423499949,1.4517654180526733,0.925529,0.1062812,0.7692478031433105,2
2026-08-18,OBEROIRLTY,4,1,0.06034151458045244,1.3369253873825073,0.7558465,0.10628119999999998,0.5995653003967285,2
2026-08-18,OBEROIRLTY,5,1,0.0678959095658713,1.1600404977798462,0.84700584,0.1062812,0.6907246441162109,2
2026-08-18,OBEROIRLTY,6,1,0.05693229944106055,1.0265182256698608,0.99618435,0.1062812,0.8399031490600586,2
2026-08-18,OBEROIRLTY,7,1,0.0643970334237465,1.0668798685073853,1.0993123,0.10628120000000002,0.9430311054504394,2
2026-08-18,OBEROIRLTY,8,1,0.08523923482788481,1.1084460020065308,-0.1460433,0.1062812,-0.3023245006286621,2
2026-08-18,OBEROIRLTY,11,1,0.044117996667992335,0.9643973112106323,0.2518177,0.1062812,0.09553650324707029,2
2026-08-18,OBEROIRLTY,12,1,0.050268664512617564,0.9020796418190002,0.24677515,0.1062812,0.09049395029907224,2
2026-08-18,OBEROIRLTY,14,1,0.05424971916761935,0.681463897228241,-0.24573803,0.1062812,-0.4020192294799805,2
2026-08-18,OBEROIRLTY,16,1,0.04362410182822538,0.569667398929596,-0.2873242,0.10628119999999998,-0.44360539013977046,2
2026-08-18,OBEROIRLTY,18,1,0.049514289454930145,0.5053457021713257,0.11512041,0.1062812,-0.041160789080810556,2
2026-08-18,OBEROIRLTY,19,1,0.06672207505508362,0.5087887048721313,-0.15189052,0.1062812,-0.30817171628112794,2
2026-08-18,OBEROIRLTY,20,1,0.0757431706467724,0.5093222260475159,0.18879175,0.1062812,0.03251055186157226,2
2026-08-18,OBEROIRLTY,22,1,0.06365532040936979,0.3264795243740082,-0.0995934,0.10628119999999998,-0.25587460095520015,2
2026-08-18,OBEROIRLTY,65,1,0.07799000178196912,0.3448961079120636,-0.101447105,0.1062812,-0.25772830540771485,2
2026-08-18,OBEROIRLTY,66,1,0.08779185137388298,0.34118813276290894,-0.2877891,0.1062812,-0.44407030636901856,2
2026-08-18,OBEROIRLTY,67,1,0.09982311977736151,0.3494640588760376,-0.90666413,0.1062812,-1.0629453330718994,2
2026-08-18,OFSS,3,1,0.08994243626074101,0.4634747803211212,0.51020384,0.1062812,0.35392263834838866,2
2026-08-18,OFSS,8,1,0.07248507145870198,0.2888700067996979,0.5268097,0.1062812,0.3705284923828125,2
2026-08-18,OIL,3,1,0.11120512715552867,0.6443314552307129,0.18560886,0.1062812,0.029327663830566397,2
2026-08-18,OIL,7,1,0.044641796895518934,0.5358076095581055,0.6122947,0.10628120000000002,0.4560134739196778,2
2026-08-18,OIL,8,1,0.06201581517310634,0.5191575884819031,0.58145523,0.1062812,0.4251740307128906,2
2026-08-18,OIL,20,1,0.04154480362587087,0.2815687656402588,-0.44266582,0.1062812,-0.5989470153533936,2
2026-08-18,ONGC,3,1,0.10298246864989724,0.39124321937561035,-0.19507408,0.10628119999999998,-0.3513552814208984,2
2026-08-18,ONGC,8,1,0.06235494737567634,0.33259332180023193,-0.13737082,0.1062812,-0.2936520248138428,2
2026-08-18,ONGC,12,1,0.04147903343794876,0.2855413556098938,-0.041657686,0.1062812,-0.19793888623352052,2
2026-08-18,PAGEIND,3,1,0.10550518257971832,0.6203889846801758,-1.1668444,0.10628119999999998,-1.323125567980957,2
2026-08-18,PAGEIND,8,1,0.05758980022019092,0.399874210357666,-0.7010937,0.1062812,-0.8573748737060547,2
2026-08-18,PAGEIND,10,1,0.04331793844759743,0.39847517013549805,-0.05428791,0.1062812,-0.2105691104614258,2
2026-08-18,PAGEIND,11,1,0.04520842438331376,0.38218000531196594,-0.05428195,0.1062812,-0.21056314999694825,2
2026-08-18,PAGEIND,12,1,0.05664351582181724,0.37200674414634705,-0.48767328,0.1062812,-0.643954482623291,2
2026-08-18,PAGEIND,14,1,0.04231909403713447,0.27010804414749146,-0.74525476,0.10628119999999998,-0.9015359550201416,2
2026-08-18,PAGEIND,15,1,0.04373190656833451,0.2657356262207031,-0.65137744,0.1062812,-0.8076586394989014,2
2026-08-18,PAGEIND,19,1,0.04793217630165735,0.20224806666374207,-0.4494667,0.1062812,-0.6057479053222656,2
2026-08-18,PAGEIND,20,1,0.043967112588581526,0.20235824584960938,-0.44971108,0.1062812,-0.6059922843658447,2
2026-08-18,PAGEIND,22,1,0.046089105299616545,0.206841379404068,-0.24576783,0.10628119999999998,-0.4020490318023681,2
2026-08-18,PATANJALI,3,1,0.09175638221117301,0.5898250937461853,0.11378527,0.1062812,-0.042495933123779306,2
2026-08-18,PATANJALI,8,1,0.06256583677612562,0.48144063353538513,0.35663843,0.1062812,0.20035723154907226,2
2026-08-18,PATANJALI,14,1,0.04491099094016078,0.3219529986381531,-0.639838,0.1062812,-0.7961191802703858,2
2026-08-18,PATANJALI,16,1,0.04222454181332909,0.2712876796722412,-0.6258905,0.10628119999999998,-0.7821716933929443,2
2026-08-18,PATANJALI,19,1,0.053759619880516765,0.2512008249759674,-0.5433321,0.1062812,-0.6996132999145508,2
2026-08-18,PATANJALI,20,1,0.05954075997309356,0.24609515070915222,-0.50035715,0.1062812,-0.6566383510314941,2
2026-08-18,PATANJALI,22,1,0.04485223510060899,0.22388604283332825,-0.5581856,0.1062812,-0.7144667773925781,2
2026-08-18,PAYTM,3,1,0.12150214081535803,0.8911461234092712,0.05121231,0.1062812,-0.10506888920898438,2
2026-08-18,PAYTM,4,1,0.05115077479045719,0.8633673191070557,1.2467027,0.1062812,1.0904214710510254,2
2026-08-18,PAYTM,5,1,0.050764901018144175,0.9106557965278625,0.19094944,0.10628119999999998,0.034668240002441425,2
2026-08-18,PAYTM,6,1,0.04690460121929205,0.847366213798523,0.02554655,0.1062812,-0.1307346492492676,2
2026-08-18,PAYTM,7,1,0.04215059032908991,0.7807518243789673,0.4353404,0.10628119999999998,0.2790592045104981,2
2026-08-18,PAYTM,8,1,0.06801539142940616,0.7443478107452393,0.28179884,0.1062812,0.1255176395690918,2
2026-08-18,PAYTM,14,1,0.047305637682992493,0.5686808228492737,-0.114774704,0.1062812,-0.2710559039794922,2
2026-08-18,PAYTM,15,1,0.045458957031330925,0.5200461745262146,0.070261955,0.1062812,-0.08601924473876954,2
2026-08-18,PAYTM,16,1,0.040788513756537026,0.49289557337760925,-0.10840893,0.10628119999999998,-0.2646901279174804,2
2026-08-18,PAYTM,19,1,0.054814835445714236,0.40202343463897705,-0.0063836575,0.1062812,-0.16266485745544434,2
2026-08-18,PAYTM,20,1,0.06721784098834853,0.37694963812828064,-0.019162893,0.1062812,-0.1754440932952881,2
2026-08-18,PAYTM,22,1,0.046787763892178216,0.34647563099861145,-0.33192635,0.1062812,-0.4882075458251953,2
2026-08-18,PAYTM,23,1,0.04786638995500231,0.3511241376399994,-0.3958404,0.1062812,-0.5521216064178467,2
2026-08-18,PERSISTENT,3,1,0.0899301547990024,0.6230319142341614,-0.6387174,0.1062812,-0.7949986129486084,2
2026-08-18,PERSISTENT,7,1,0.04185913434466962,0.45050132274627686,0.009024143,0.1062812,-0.14725705678100587,2
2026-08-18,PERSISTENT,8,1,0.06358297914810182,0.43279609084129333,0.10842085,0.1062812,-0.04786035115356446,2
2026-08-18,PERSISTENT,14,1,0.04323399466506398,0.28623002767562866,-0.32497048,0.10628119999999998,-0.4812516837799072,2
2026-08-18,PERSISTENT,19,1,0.040834223811585836,0.21778185665607452,-0.090545416,0.1062812,-0.2468266158782959,2
2026-08-18,PERSISTENT,20,1,0.046269065275469284,0.20694561302661896,-0.20833611,0.1062812,-0.36461731488342286,2
2026-08-18,PERSISTENT,22,1,0.04331844333544387,0.18329964578151703,0.036263466,0.1062812,-0.12001773411865235,2
2026-08-18,PETRONET,3,1,0.10725006961645715,0.5202843546867371,-0.052928925,0.1062812,-0.20921012456054688,2
2026-08-18,PETRONET,7,1,0.042276416388794355,0.359475314617157,0.4940033,0.1062812,0.3377220958984375,2
2026-08-18,PETRONET,8,1,0.06216669092614534,0.3395562171936035,0.58294535,0.10628119999999998,0.42666414683227544,2
2026-08-18,PFC,3,1,0.10298246864989724,0.3624642491340637,-0.026595592,0.1062812,-0.1828767924987793,2
2026-08-18,PFC,8,1,0.05665727146827033,0.29886096715927124,0.18641949,0.1062812,0.03013828699951171,2
2026-08-18,PFC,20,1,0.046233010327456435,0.17129096388816833,-0.039958954,0.10628119999999998,-0.19624015385742183,2
2026-08-18,PHOENIXLTD,3,1,0.11135097788842985,0.6610573530197144,0.14113188,0.10628119999999998,-0.01514932210083006,2
2026-08-18,PHOENIXLTD,8,1,0.06013050252479487,0.4517175555229187,-0.40640235,0.10628119999999998,-0.5626835494720459,2
2026-08-18,PIDILITIND,8,1,0.053214407069983934,0.1982233077287674,0.15617609,0.10628119999999998,-0.00010510975952146562,2
2026-08-18,PIDILITIND,22,1,0.04183275171440904,0.1806318163871765,-0.09611249,0.10628119999999998,-0.25239368970031734,2
2026-08-18,PIIND,3,1,0.12270182872214429,0.37655648589134216,0.08524656,0.10628119999999998,-0.07103463704223631,2
2026-08-18,PIIND,8,1,0.04824303804469555,0.2542368173599243,0.5192876,0.1062812,0.3630063862121582,2
2026-08-18,PIIND,20,1,0.04286616283558204,0.22500257194042206,0.80055,0.1062812,0.6442687839782715,2
2026-08-18,PIIND,22,1,0.04380262078377648,0.21738000214099884,0.9712696,0.10628119999999998,0.8149884075439453,2
2026-08-18,PNB,3,1,0.09320056396213804,0.45520704984664917,-0.034195185,0.1062812,-0.1904763847076416,2
2026-08-18,PNB,8,1,0.0658643617891874,0.29850172996520996,0.03424883,0.10628120000000002,-0.12203237111206057,2
2026-08-18,PNB,20,1,0.04606654601946594,0.14024728536605835,0.102865696,0.10628120000000002,-0.05341550404663088,2
2026-08-18,POLICYBZR,3,1,0.10223025806862047,0.5042646527290344,-0.62755346,0.10628119999999998,-0.7838346629821777,2
2026-08-18,POLICYBZR,7,1,0.04473378971592491,0.4603031575679779,-0.9249151,0.1062812,-1.081196275302124,2
2026-08-18,POLICYBZR,8,1,0.06677094923720735,0.43615588545799255,-0.48952103,0.10628120000000002,-0.6458022266113281,2
2026-08-18,POLICYBZR,20,1,0.050410266009517694,0.22965793311595917,0.9756923,0.1062812,0.8194110721862793,2
2026-08-18,POLYCAB,3,1,0.0944049932615508,0.38306450843811035,-0.37646294,0.1062812,-0.5327441364013672,2
2026-08-18,POLYCAB,7,1,0.04287351327533348,0.3098002076148987,-0.026994944,0.1062812,-0.18327614361877442,2
2026-08-18,POLYCAB,8,1,0.0672219285302855,0.2991822063922882,-0.13484955,0.10628120000000002,-0.29113074833984376,2
2026-08-18,POLYCAB,66,1,0.06227078292061634,0.2918417751789093,0.5607486,0.1062812,0.4044673771179199,2
2026-08-18,POLYCAB,67,1,0.06889325260458515,0.30541491508483887,0.5777836,0.1062812,0.42150238459472655,2
2026-08-18,POWERGRID,8,1,0.04807577451392143,0.1689831167459488,0.31907558,0.1062812,0.16279438441162108,2
2026-08-18,POWERINDIA,3,1,0.09980305901103495,0.5524278879165649,-0.23930073,0.1062812,-0.3955819278442383,2
2026-08-18,POWERINDIA,7,1,0.046188282446669796,0.4287831783294678,0.04234314,0.1062812,-0.11393806035156251,2
2026-08-18,POWERINDIA,8,1,0.06320427555527486,0.395256906747818,-0.07058978,0.1062812,-0.22687098080749513,2
2026-08-18,POWERINDIA,22,1,0.0442925390769445,0.12913639843463898,-0.21189451,0.1062812,-0.3681757121765137,2
2026-08-18,PRESTIGE,3,1,0.09247393606661582,0.553253710269928,0.22332668,0.1062812,0.06704548304443358,2
2026-08-18,PRESTIGE,8,1,0.0677666894179024,0.4437136948108673,0.16480684,0.1062812,0.008525642803955069,2
2026-08-18,PRESTIGE,14,1,0.044506836113472864,0.33675283193588257,1.2161136,0.1062812,1.059832367352295,2
2026-08-18,PRESTIGE,20,1,0.0531705855293951,0.26860329508781433,0.5084753,0.1062812,0.35219410364990233,2
2026-08-18,PRESTIGE,22,1,0.05205860076023231,0.27402162551879883,-0.07497072,0.10628119999999998,-0.23125192219848628,2
2026-08-18,PRESTIGE,23,1,0.04261227539781743,0.27259400486946106,-0.1375854,0.10628119999999998,-0.29386660153503413,2
2026-08-18,RADICO,3,1,0.11230881040756115,0.5603753924369812,-0.012898445,0.1062812,-0.16917964512939454,2
2026-08-18,RADICO,6,1,0.04410496007689572,0.4433109760284424,0.46104193,0.1062812,0.3047607273376465,2
2026-08-18,RADICO,7,1,0.0447292125262108,0.42001858353614807,0.7057071,0.1062812,0.5494258732116699,2
2026-08-18,RADICO,8,1,0.06683276436940644,0.4027184844017029,0.5025029,0.1062812,0.3462217182434082,2
2026-08-18,RECLTD,3,1,0.10055526959231172,0.34487906098365784,0.14675856,0.1062812,-0.009522643634033212,2
2026-08-18,RECLTD,8,1,0.06109575670678271,0.3104128837585449,0.47051907,0.1062812,0.3142378658569336,2
2026-08-18,RECLTD,20,1,0.04769149508351434,0.20576170086860657,0.1322627,0.10628120000000002,-0.024018493243408226,2
2026-08-18,RECLTD,22,1,0.04478916105810355,0.17954303324222565,0.02939701,0.1062812,-0.12688418919677735,2
2026-08-18,RELIANCE,3,1,0.09429138388622794,0.4609344005584717,0.045335293,0.10628119999999998,-0.11094590718383787,2
2026-08-18,RELIANCE,7,1,0.047308952439488836,0.34263545274734497,-0.18877983,0.1062812,-0.3450610309326172,2
2026-08-18,RELIANCE,8,1,0.07366742101193177,0.32141801714897156,-0.09816885,0.1062812,-0.25445004994506837,2
2026-08-18,RVNL,3,1,0.08860848869562,0.5034682750701904,-0.18102527,0.1062812,-0.3373064666473389,2
2026-08-18,RVNL,8,1,0.06669347386233507,0.3560159206390381,-0.030940771,0.10628119999999998,-0.18722197110290523,2
2026-08-18,RVNL,20,1,0.04937809288585535,0.14152304828166962,-0.07979274,0.1062812,-0.23607393796081544,2
2026-08-18,RVNL,22,1,0.04588790256858649,0.14092767238616943,0.017726421,0.1062812,-0.13855477864379884,2
2026-08-18,SAIL,3,1,0.10512152632064112,0.518036961555481,-0.3233254,0.1062812,-0.47960659558410645,2
2026-08-18,SAIL,8,1,0.057061433301959646,0.34937217831611633,-0.21425486,0.10628120000000002,-0.37053605610961915,2
2026-08-18,SAIL,19,1,0.04172452662282542,0.16023671627044678,-0.09906292,0.10628119999999998,-0.25534411961669917,2
2026-08-18,SAIL,20,1,0.048792444836513835,0.15762874484062195,-0.3553331,0.1062812,-0.5116142898284912,2
2026-08-18,SBICARD,3,1,0.1539525317707295,0.6681002378463745,-0.31014085,0.1062812,-0.46642204815979005,2
2026-08-18,SBICARD,4,1,0.05256406082453207,0.5828040838241577,-0.2388537,0.1062812,-0.39513489300842286,2
2026-08-18,SBICARD,5,1,0.06037979216202908,0.5360100269317627,-0.16718507,0.10628120000000002,-0.3234662681304932,2
2026-08-18,SBICARD,6,1,0.05900865451321459,0.48908236622810364,-0.0716269,0.1062812,-0.22790810162658692,2
2026-08-18,SBICARD,7,1,0.059444238913498086,0.4592374861240387,-0.039845705,0.10628119999999998,-0.1961269050323486,2
2026-08-18,SBICARD,8,1,0.05774633411902838,0.5184600353240967,1.0136724,0.10628119999999998,0.8573911518371582,2
2026-08-18,SBICARD,9,1,0.04687842575236884,0.5205337405204773,0.61752796,0.1062812,0.4612467617309571,2
2026-08-18,SBICARD,14,1,0.04925574248021645,0.40261539816856384,-0.10360479,0.1062812,-0.259885993548584,2
2026-08-18,SBICARD,16,1,0.04952525647253388,0.3455851078033447,0.11162758,0.1062812,-0.044653621264648446,2
2026-08-18,SBICARD,17,1,0.04583017487149853,0.356399804353714,0.30390024,0.1062812,0.14761904185180663,2
2026-08-18,SBICARD,18,1,0.0511598560435588,0.35306409001350403,0.11975765,0.1062812,-0.036523547717285165,2
2026-08-18,SBICARD,19,1,0.06674222128534639,0.3518386483192444,0.27157068,0.1062812,0.11528948252563474,2
2026-08-18,SBICARD,20,1,0.05926200445434032,0.3488071858882904,0.38363934,0.10628120000000002,0.2273581356323242,2
2026-08-18,SBICARD,22,1,0.04675345011639863,0.2865106165409088,-0.11164546,0.1062812,-0.2679266601287842,2
2026-08-18,SBILIFE,3,1,0.10204135361826833,0.3451932668685913,-0.1963973,0.1062812,-0.3526785045349121,2
2026-08-18,SBILIFE,8,1,0.05892803883549825,0.26688072085380554,0.24136305,0.1062812,0.08508184855346677,2
2026-08-18,SBIN,3,1,0.09492129820720296,0.3935326337814331,-0.0659883,0.1062812,-0.22226950223083497,2
2026-08-18,SBIN,8,1,0.06330072471266766,0.29562613368034363,0.018882751,0.1062812,-0.13739844853515626,2
2026-08-18,SBIN,19,1,0.041576481776893034,0.158805251121521,-0.085151196,0.1062812,-0.24143239552612306,2
2026-08-18,SBIN,20,1,0.05023955214398711,0.14603541791439056,0.0,0.10628119999999998,-0.15628119999999998,2
2026-08-18,SCHAEFFLER,3,1,0.09098281067467341,0.5031685829162598,-0.004929304,0.10628119999999998,-0.16121050412292479,2
2026-08-18,SCHAEFFLER,6,1,0.04131765502356336,0.38175538182258606,0.14567375,0.10628119999999998,-0.010607448168945294,2
2026-08-18,SCHAEFFLER,8,1,0.0754690547974571,0.35989341139793396,0.41267872,0.1062812,0.2563975185668945,2
2026-08-18,SCHAEFFLER,12,1,0.043753781108036544,0.37384000420570374,-0.1208365,0.10628119999999998,-0.27711769635314937,2
2026-08-18,SCHAEFFLER,14,1,0.04502144845039878,0.32655614614486694,-0.0908792,0.1062812,-0.2471604018890381,2
2026-08-18,SCHAEFFLER,19,1,0.056289096278882365,0.327328085899353,0.059258938,0.1062812,-0.09702226216430665,2
2026-08-18,SCHAEFFLER,20,1,0.048237573862128125,0.34198400378227234,-0.46146512,0.1062812,-0.6177463203155518,2
2026-08-18,SCHAEFFLER,22,1,0.0474324552847725,0.4163433015346527,0.23920536,0.10628119999999998,0.08292416041259769,2
2026-08-18,SCHAEFFLER,23,1,0.05163053570405295,0.38025376200675964,0.30350685,0.10628119999999998,0.1472256511962891,2
2026-08-18,SHREECEM,3,1,0.10901761788182218,0.422005295753479,0.3254056,0.1062812,0.16912439768676757,2
2026-08-18,SHREECEM,8,1,0.05750175958293253,0.2993270754814148,0.040483475,0.10628119999999998,-0.11579772526855467,2
2026-08-18,SHREECEM,20,1,0.04286616283558204,0.12879139184951782,-0.040519238,0.1062812,-0.19680043751831056,2
2026-08-18,SHREECEM,22,1,0.04380262078377648,0.11009068042039871,0.06084442,0.1062812,-0.09543677861328126,2
2026-08-18,SHRIRAMFIN,3,1,0.0872823843146554,0.6012753844261169,-0.14362335,0.10628119999999998,-0.2999045520507812,2
2026-08-18,SHRIRAMFIN,8,1,0.0646911225723352,0.37060442566871643,-0.46762228,0.10628119999999995,-0.6239034801208496,2
2026-08-18,SHRIRAMFIN,14,1,0.042933561880294395,0.24566204845905304,-0.3610134,0.10628119999999998,-0.517294612475586,2
2026-08-18,SHRIRAMFIN,20,1,0.06150256571755363,0.2469998300075531,0.045359135,0.1062812,-0.11092206532592774,2
2026-08-18,SHRIRAMFIN,22,1,0.05541385421659824,0.2592597007751465,0.06335974,0.10628119999999998,-0.09292146260375975,2
2026-08-18,SHRIRAMFIN,23,1,0.04621177709578389,0.26041102409362793,0.027143955,0.1062812,-0.12913724476928712,2
2026-08-18,SIEMENS,3,1,0.1063495349228273,0.8623953461647034,-0.58523417,0.1062812,-0.7415153651916504,2
2026-08-18,SIEMENS,8,1,0.061899601442919734,0.579001247882843,0.1213789,0.10628119999999998,-0.03490230137939451,2
2026-08-18,SIEMENS,20,1,0.04192711176062032,0.21676097810268402,-0.17459989,0.10628119999999998,-0.3308810859405517,2
2026-08-18,SJVN,3,1,0.1052068581262934,0.43504199385643005,-0.07505417,0.1062812,-0.23133536870117188,2
2026-08-18,SJVN,8,1,0.06080074390231733,0.30697304010391235,-0.09008646,0.10628119999999998,-0.24636766011352534,2
2026-08-18,SJVN,20,1,0.044608061263408036,0.17426961660385132,-0.0903666,0.10628119999999998,-0.24664780194396968,2
2026-08-18,SOLARINDS,3,1,0.12182078228169069,0.8845850825309753,-0.35478473,0.10628119999999998,-0.5110659270965576,2
2026-08-18,SOLARINDS,7,1,0.04088669291091325,0.6107351183891296,-0.32119155,0.10628120000000002,-0.47747274930114747,2
2026-08-18,SOLARINDS,8,1,0.058146582631903275,0.5799530148506165,-0.6362498,0.1062812,-0.7925309806549072,2
2026-08-18,SOLARINDS,19,1,0.05218195369831941,0.27521824836730957,0.62309504,0.1062812,0.46681383555297856,2
2026-08-18,SOLARINDS,20,1,0.05935194702573163,0.2637198269367218,-0.08968711,0.1062812,-0.24596830899353028,2
2026-08-18,SRF,3,1,0.09148223251665558,0.49320486187934875,0.55720806,0.1062812,0.4009268612182617,2
2026-08-18,SRF,8,1,0.06968583635765332,0.38832008838653564,-0.35971403,0.10628119999999998,-0.5159952312194824,2
2026-08-18,SUNDARMFIN,3,1,0.0899301547990024,0.6168391704559326,-0.28603077,0.1062812,-0.44231196934814454,2
2026-08-18,SUNDARMFIN,6,1,0.04452905602862326,0.4791116416454315,0.02412796,0.1062812,-0.13215323979492188,2
2026-08-18,SUNDARMFIN,7,1,0.04252042800217762,0.4385470747947693,0.05043745,0.1062812,-0.10584374959106446,2
2026-08-18,SUNDARMFIN,8,1,0.07287426135963081,0.4040965437889099,0.092065334,0.1062812,-0.06421586567993165,2
2026-08-18,SUNDARMFIN,14,1,0.041529490494956155,0.26144662499427795,0.12490749,0.1062812,-0.031373706408691415,2
2026-08-18,SUNDARMFIN,22,1,0.04291504380435196,0.20347760617733002,0.17081499,0.10628120000000002,0.01453379099731443,2
2026-08-18,SUNDARMFIN,67,1,0.09102376235572346,0.2653844356536865,0.08227825,0.10628119999999998,-0.07400294835205076,2
2026-08-18,SUNPHARMA,3,1,0.10667331344633053,0.3371961712837219,-0.14280677,0.10628119999999998,-0.29908796841735835,2
2026-08-18,SUNPHARMA,8,1,0.05284391572703514,0.2430105209350586,-0.46904087,0.1062812,-0.6253220706665039,2
2026-08-18,SUNPHARMA,22,1,0.04346948555845101,0.19655033946037292,-0.1802504,0.10628119999999998,-0.33653160626525874,2
2026-08-18,SUPREMEIND,3,1,0.10223025806862047,0.43765851855278015,0.07213354,0.1062812,-0.08414765889282227,2
2026-08-18,SUPREMEIND,8,1,0.05895052671941981,0.35684677958488464,-0.21852851,0.1062812,-0.37480970914001466,2
2026-08-18,SUPREMEIND,20,1,0.047573562191441564,0.20893575251102448,-0.033301115,0.1062812,-0.18958231503601075,2
2026-08-18,SUZLON,3,1,0.10057663054753455,0.5544176697731018,-0.5955994,0.1062812,-0.7518806129180908,2
2026-08-18,SUZLON,7,1,0.04158817944527197,0.4066300690174103,-0.28830767,0.10628119999999998,-0.4445888667785644,2
2026-08-18,SUZLON,8,1,0.06034922618155182,0.3825892210006714,-0.20618439,0.1062812,-0.36246558720703126,2
2026-08-18,SUZLON,20,1,0.04095411855304339,0.2475680708885193,-0.26660562,0.1062812,-0.42288681561584474,2
2026-08-18,SUZLON,22,1,0.05214781228527226,0.27078375220298767,-0.45073032,0.1062812,-0.6070115237915039,2
2026-08-18,TATACOMM,3,1,0.10857656272855663,0.6758766174316406,0.14793873,0.1062812,-0.008342471667480478,2
2026-08-18,TATACOMM,8,1,0.05906544025523075,0.47309285402297974,-0.14190674,0.1062812,-0.29818793828125,2
2026-08-18,TATACOMM,14,1,0.04348661368066582,0.3839520514011383,0.5324125,0.10628119999999998,0.37613132899169927,2
2026-08-18,TATACOMM,19,1,0.04100426372117683,0.3209797739982605,0.15921593,0.10628119999999998,0.0029347271240234563,2
2026-08-18,TATACOMM,20,1,0.050019068650696365,0.3144255578517914,0.13571978,0.10628119999999998,-0.020561423846435528,2
2026-08-18,TATACOMM,22,1,0.044012593068358384,0.3390766382217407,-0.3583789,0.10628119999999998,-0.5146600871765137,2
2026-08-18,TATACONSUM,3,1,0.1105035714766566,0.3310657739639282,0.22380352,0.1062812,0.06752232020263671,2
2026-08-18,TATACONSUM,8,1,0.04624097977255953,0.2266334444284439,0.102460384,0.10628119999999998,-0.0538208156311035,2
2026-08-18,TATAELXSI,3,1,0.09308877654797162,0.5800464153289795,-0.08633733,0.1062812,-0.24261852795715333,2
2026-08-18,TATAELXSI,8,1,0.060852720396599266,0.3575819134712219,0.19148588,0.10628119999999998,0.03520468180541994,2
2026-08-18,TATAELXSI,20,1,0.05112192337609284,0.13574494421482086,-0.1543045,0.1062812,-0.31058570439453126,2
2026-08-18,TATAELXSI,22,1,0.04449948634819208,0.14500638842582703,0.029826164,0.10628119999999998,-0.1264550357543945,2
2026-08-18,TATAINVEST,3,1,0.0964411150679713,0.5349637269973755,-0.47357082,0.1062812,-0.6298520236694336,2
2026-08-18,TATAINVEST,8,1,0.06272554446554916,0.376185804605484,-0.015318394,0.10628119999999998,-0.17159959370727537,2
2026-08-18,TATAINVEST,12,1,0.04080587731346713,0.32410356402397156,-0.0076830387,0.10628119999999998,-0.16396423871154783,2
2026-08-18,TATAINVEST,20,1,0.04465971840668284,0.1928412914276123,-0.06136298,0.1062812,-0.21764418179626466,2
2026-08-18,TATAPOWER,3,1,0.08704992459806624,0.434268057346344,-0.02630949,0.1062812,-0.18259069020385743,2
2026-08-18,TATAPOWER,8,1,0.06882125730652616,0.2718239724636078,0.09204149,0.1062812,-0.0642397075378418,2
2026-08-18,TATAPOWER,20,1,0.04654409618499281,0.1334599107503891,0.05259514,0.10628119999999998,-0.1036860614501953,2
2026-08-18,TATAPOWER,22,1,0.043550527848883,0.1278541088104248,0.15794039,0.10628119999999998,0.0016591877258300969,2
2026-08-18,TATASTEEL,3,1,0.10365481111366602,0.350681334733963,-0.2088666,0.10628119999999998,-0.3651477962219238,2
2026-08-18,TATASTEEL,8,1,0.05573194119740147,0.24061419069766998,-0.5735159,0.10628119999999998,-0.7297970920288086,2
2026-08-18,TATASTEEL,20,1,0.0487810673879292,0.1754404604434967,-0.18393993,0.10628119999999998,-0.3402211337768554,2
2026-08-18,TATASTEEL,22,1,0.044180368773779594,0.17706316709518433,-0.16236305,0.1062812,-0.31864425236816407,2
2026-08-18,TCS,3,1,0.09477679159007191,0.39577025175094604,-0.26164055,0.1062812,-0.4179217487060547,2
2026-08-18,TCS,7,1,0.040783462498617556,0.34567388892173767,0.24020672,0.1062812,0.0839255184448242,2
2026-08-18,TCS,8,1,0.07183115799595544,0.32073140144348145,0.2619028,0.1062812,0.10562160914306638,2
2026-08-18,TCS,12,1,0.04129205696982996,0.26741698384284973,0.07861853,0.1062812,-0.07766267354125977,2
2026-08-18,TECHM,3,1,0.0946281838734744,0.5891799330711365,-0.28890967,0.10628119999999998,-0.44519087369079585,2
2026-08-18,TECHM,8,1,0.06388769088893163,0.38845229148864746,0.5669236,0.1062812,0.4106424183166504,2
2026-08-18,TECHM,12,1,0.04322411445218523,0.307363361120224,0.30249357,0.1062812,0.1462123722351074,2
2026-08-18,TECHM,20,1,0.0481881170646734,0.19547925889492035,-0.15723109,0.1062812,-0.31351229245300294,2
2026-08-18,TECHM,22,1,0.045605000475197666,0.18534158170223236,-0.24555326,0.10628119999999998,-0.4018344550811767,2
2026-08-18,THERMAX,3,1,0.11256806978216369,0.6711118817329407,-0.44780374,0.10628119999999998,-0.6040849357330322,2
2026-08-18,THERMAX,8,1,0.06457532022118335,0.49285733699798584,-0.356704,0.1062812,-0.5129851966583252,2
2026-08-18,THERMAX,12,1,0.05946556546353475,0.3934214115142822,-0.18996,0.10628119999999998,-0.3462412028991699,2
2026-08-18,THERMAX,14,1,0.04986422400554561,0.28195294737815857,-0.2701342,0.10628119999999998,-0.4264154105865478,2
2026-08-18,THERMAX,19,1,0.046733906694696736,0.19660164415836334,-0.065886974,0.1062812,-0.2221681743347168,2
2026-08-18,THERMAX,20,1,0.04555302915246017,0.18912962079048157,-0.053685904,0.10628119999999998,-0.2099671035491943,2
2026-08-18,THERMAX,22,1,0.04502056358708398,0.16535641252994537,0.043952465,0.1062812,-0.11232873494262696,2
2026-08-18,TIINDIA,3,1,0.12141750266342181,1.1199150085449219,2.3364067,0.1062812,2.180125507763672,2
2026-08-18,TIINDIA,4,1,0.041953058032370635,1.1444296836853027,1.5699506,0.1062812,1.4136693805969238,2
2026-08-18,TIINDIA,5,1,0.0749876118154418,1.0787806510925293,0.75742006,0.1062812,0.6011388630187988,2
2026-08-18,TIINDIA,6,1,0.08542474754779535,1.0017271041870117,0.5662918,0.10628119999999998,0.4100106090820313,2
2026-08-18,TIINDIA,7,1,0.08344027635548572,0.9938010573387146,0.24722815,0.10628119999999998,0.09094694559936527,2
2026-08-18,TIINDIA,8,1,0.10021252243909058,0.9505159258842468,0.3366232,0.1062812,0.18034199183349608,2
2026-08-18,TIINDIA,9,1,0.06260429238699755,0.9801076054573059,0.6168127,0.1062812,0.4605315059936524,2
2026-08-18,TIINDIA,10,1,0.04876839373058764,0.921299159526825,0.5198598,0.10628119999999998,0.363578590802002,2
2026-08-18,TIINDIA,11,1,0.05934284264171073,0.9165007472038269,0.55520535,0.10628120000000002,0.3989241451538086,2
2026-08-18,TIINDIA,12,1,0.06791402638644324,0.8943062424659729,0.6762028,0.10628119999999998,0.5199215740478516,2
2026-08-18,TIINDIA,13,1,0.05069415624871238,0.8601146936416626,0.88917017,0.10628119999999998,0.7328889698303223,2
2026-08-18,TIINDIA,14,1,0.06280014553355964,0.7413455247879028,1.2199283,0.10628119999999998,1.06364706461792,2
2026-08-18,TIINDIA,15,1,0.05745603007009912,0.7093703746795654,0.97498894,0.1062812,0.8187077373779297,2
2026-08-18,TIINDIA,16,1,0.05745603007009912,0.6558440327644348,1.1951566,0.10628120000000002,1.0388753742492676,2
2026-08-18,TIINDIA,17,1,0.049503883839493126,0.6346051096916199,1.3669014,0.10628120000000002,1.2106201977050781,2
2026-08-18,TIINDIA,18,1,0.05448088583908578,0.6035146117210388,0.9402752,0.1062812,0.7839939922607422,2
2026-08-18,TIINDIA,19,1,0.07033780922479033,0.5883775949478149,1.0324717,0.1062812,0.8761904567993164,2
2026-08-18,TIINDIA,20,1,0.0892817911186646,0.5947715044021606,0.84410906,0.10628119999999998,0.6878278583801269,2
2026-08-18,TIINDIA,21,1,0.057648980310886236,0.5900383591651917,0.08798838,0.1062812,-0.06829282338256837,2
2026-08-18,TIINDIA,22,1,0.08782650733857027,0.5815243124961853,0.3422737,0.1062812,0.18599251215820312,2
2026-08-18,TIINDIA,23,1,0.08920163482041756,0.5134152770042419,0.32122135,0.1062812,0.16494015162353515,2
2026-08-18,TIINDIA,24,1,0.062224854606812055,0.5248087048530579,0.13856888,0.10628119999999998,-0.017712321826171856,2
2026-08-18,TIINDIA,27,1,0.04328820770594007,0.46384668350219727,0.53328276,0.10628120000000002,0.3770015568054199,2
2026-08-18,TIINDIA,31,1,0.051872706208633344,0.4650207459926605,0.2396226,0.10628119999999998,0.08334139292602542,2
2026-08-18,TIINDIA,32,1,0.04769545338135286,0.4151788353919983,0.17540455,0.1062812,0.019123348645019522,2
2026-08-18,TIINDIA,33,1,0.041685364351800314,0.38606178760528564,0.24635792,0.1062812,0.09007671778564451,2
2026-08-18,TIINDIA,34,1,0.04157581270071514,0.37673521041870117,-0.39952397,0.10628119999999998,-0.5558051734649658,2
2026-08-18,TIINDIA,35,1,0.04518768095091856,0.3373083770275116,-0.16829371,0.10628119999999998,-0.3245749145233154,2
2026-08-18,TIINDIA,48,1,0.047627531712797946,0.3334128260612488,-0.12483001,0.10628119999999998,-0.28111120755310054,2
2026-08-18,TIINDIA,49,1,0.04641539849622522,0.3256934881210327,0.06412268,0.1062812,-0.09215852315063477,2
2026-08-18,TIINDIA,53,1,0.04895539743805701,0.33358216285705566,0.060737133,0.1062812,-0.09554406697387696,2
2026-08-18,TIINDIA,54,1,0.042468789005188315,0.34940075874328613,-0.053954124,0.10628119999999998,-0.21023532445068355,2
2026-08-18,TIINDIA,58,1,0.04324626519617408,0.28102850914001465,0.05736351,0.1062812,-0.09891768986816407,2
2026-08-18,TIINDIA,61,1,0.04172786265625597,0.24123527109622955,0.0944376,0.1062812,-0.0618436008178711,2
2026-08-18,TIINDIA,62,1,0.053618928003554826,0.21811994910240173,-0.023573637,0.1062812,-0.179854837008667,2
2026-08-18,TIINDIA,63,1,0.05375133355912774,0.2173382192850113,-0.03029108,0.10628119999999998,-0.18657228047485347,2
2026-08-18,TIINDIA,64,1,0.04994549580472492,0.21839037537574768,0.0,0.1062812,-0.1562812,2
2026-08-18,TIINDIA,65,1,0.0512179726958041,0.21847933530807495,-0.020229816,0.10628119999999998,-0.17651101643676753,2
2026-08-18,TIINDIA,66,1,0.057634299091834464,0.2033105492591858,0.06747246,0.10628119999999998,-0.0888087421142578,2
2026-08-18,TIINDIA,67,1,0.06296539812151714,0.2006746530532837,-0.22591352,0.10628120000000002,-0.38219472462768556,2
2026-08-18,TITAN,3,1,0.1038208387888128,0.40252503752708435,-0.45722127,0.10628120000000002,-0.613502469607544,2
2026-08-18,TITAN,8,1,0.06126280825955213,0.2688254714012146,-0.26087165,0.1062812,-0.41715284878845216,2
2026-08-18,TMCV,3,1,0.08753931666076091,0.6320370435714722,0.32957792,0.1062812,0.1732967228210449,2
2026-08-18,TMCV,8,1,0.06910128278955029,0.5115721225738525,0.052917004,0.10628119999999998,-0.10336419636840818,2
2026-08-18,TMCV,14,1,0.0428600752012144,0.3212735950946808,-0.83615184,0.10628119999999998,-0.9924330383026123,2
2026-08-18,TMCV,15,1,0.040973527972098425,0.3135814964771271,-0.8145571,0.1062812,-0.9708382755004883,2
2026-08-18,TMCV,19,1,0.05836068019309383,0.29406416416168213,-0.5868554,0.1062812,-0.743136611529541,2
2026-08-18,TMCV,20,1,0.048206235726809855,0.24025674164295197,-0.7475436,0.1062812,-0.9038247733795166,2
2026-08-18,TMCV,22,1,0.04874594451448571,0.24149908125400543,-0.8431196,0.1062812,-0.9994008212768555,2
2026-08-18,TORNTPHARM,3,1,0.10223025806862047,0.42106330394744873,0.98457336,0.1062812,0.8282921642578125,2
2026-08-18,TORNTPHARM,8,1,0.05255386967211736,0.3856012523174286,-0.2106309,0.10628119999999998,-0.36691209370727534,2
2026-08-18,TORNTPHARM,20,1,0.05059616360991519,0.2882671058177948,-0.010037422,0.10628119999999998,-0.16631862218017576,2
2026-08-18,TORNTPHARM,22,1,0.04696501989675969,0.25043773651123047,0.3114581,0.1062812,0.15517691080932616,2
2026-08-18,TORNTPOWER,3,1,0.10108975898361484,0.38904616236686707,-0.076276064,0.1062812,-0.2325572639190674,2
2026-08-18,TORNTPOWER,8,1,0.06655893500340278,0.29043272137641907,0.13760328,0.1062812,-0.018677917071533212,2
2026-08-18,TORNTPOWER,22,1,0.04303116532655765,0.1319795548915863,-0.93530416,0.1062812,-1.0915853648864746,2
2026-08-18,TORNTPOWER,64,1,0.05171277983488587,0.39434608817100525,-0.18973947,0.1062812,-0.346020665713501,2
2026-08-18,TORNTPOWER,65,1,0.061599264680855276,0.3889543116092682,-0.15810132,0.1062812,-0.31438252026672364,2
2026-08-18,TORNTPOWER,66,1,0.0928550018544597,0.3603348731994629,-0.13441443,0.10628119999999998,-0.29069563443298335,2
2026-08-18,TORNTPOWER,67,1,0.08936902659532525,0.35640981793403625,-0.039559603,0.1062812,-0.19584080273742677,2
2026-08-18,TRENT,3,1,0.10823473991432309,0.3734127879142761,0.2312541,0.1062812,0.07497290079956054,2
2026-08-18,TRENT,8,1,0.05895052671941981,0.3282564580440521,-0.12522936,0.1062812,-0.2815105586730957,2
2026-08-18,TVSMOTOR,3,1,0.089229923771284,0.5255084037780762,-0.1707673,0.10628119999999998,-0.3270485072814941,2
2026-08-18,TVSMOTOR,6,1,0.04338826679148506,0.4045637845993042,-0.1208663,0.1062812,-0.2771474986755371,2
2026-08-18,TVSMOTOR,8,1,0.06992601123607908,0.3544648289680481,-0.27322173,0.10628119999999998,-0.42950293118591304,2
2026-08-18,TVSMOTOR,12,1,0.04473403629704785,0.29662078619003296,-0.066155195,0.1062812,-0.22243639523620606,2
2026-08-18,TVSMOTOR,22,1,0.04224198306056939,0.12633542716503143,-0.07541776,0.10628120000000002,-0.23169895703430177,2
2026-08-18,UBL,3,1,0.10055526959231172,0.37939679622650146,-0.25419593,0.1062812,-0.4104771285736084,2
2026-08-18,UBL,7,1,0.040786790126095734,0.34337833523750305,0.12387037,0.1062812,-0.03241082722778321,2
2026-08-18,UBL,8,1,0.06295799868249168,0.34057533740997314,0.10920763,0.1062812,-0.047073569842529306,2
2026-08-18,UBL,22,1,0.04420230399553717,0.2183966338634491,-0.051254034,0.1062812,-0.2075352340423584,2
2026-08-18,ULTRACEMCO,3,1,0.0960483179289979,0.28916701674461365,0.03453493,0.1062812,-0.12174626881713868,2
2026-08-18,ULTRACEMCO,8,1,0.049072691259617204,0.20402298867702484,-0.120681524,0.1062812,-0.2769627242767334,2
2026-08-18,UNIONBANK,3,1,0.09170686104386153,0.6782682538032532,-0.25046468,0.1062812,-0.40674587781066895,2
2026-08-18,UNIONBANK,7,1,0.042618516589785785,0.45436230301856995,-0.11740923,0.1062812,-0.27369042927856446,2
2026-08-18,UNIONBANK,8,1,0.0657169922394149,0.4297240376472473,0.032043457,0.10628119999999998,-0.12423774296874998,2
2026-08-18,UNIONBANK,20,1,0.05173299698086452,0.12969504296779633,-0.40160418,0.10628119999999998,-0.557885375567627,2
2026-08-18,UNITDSPR,3,1,0.10442838265016562,0.3653091490268707,-0.42204857,0.10628119999999998,-0.578329768725586,2
2026-08-18,UNITDSPR,8,1,0.050561662954588756,0.24574196338653564,-0.24719834,0.10628119999999998,-0.4034795432769775,2
2026-08-18,UNITDSPR,20,1,0.041037428838952915,0.12775038182735443,0.4699707,0.10628119999999998,0.31368950312500005,2
2026-08-18,UNITDSPR,22,1,0.041433871314094387,0.13196392357349396,0.40472746,0.1062812,0.2484462589538574,2
2026-08-18,UNOMINDA,3,1,0.1061628182006569,0.6819819211959839,-0.37629008,0.10628119999999998,-0.5325712829315186,2
2026-08-18,UNOMINDA,7,1,0.04276956541685305,0.5023555159568787,0.015699863,0.1062812,-0.14058133656616212,2
2026-08-18,UNOMINDA,8,1,0.058146582631903275,0.47379758954048157,0.109922886,0.1062812,-0.04635831410522462,2
2026-08-18,UPL,3,1,0.09386065598725542,0.2843392491340637,0.06172657,0.1062812,-0.09455462987060548,2
2026-08-18,UPL,8,1,0.04515420414596403,0.1930743157863617,0.13231039,0.1062812,-0.0239708095275879,2
2026-08-18,VBL,3,1,0.09809388051052823,0.6858978271484375,-0.56446195,0.10628119999999998,-0.7207431464874268,2
2026-08-18,VBL,8,1,0.06194610386339037,0.539422333240509,-0.3289461,0.1062812,-0.4852273135864258,2
2026-08-18,VEDL,3,1,0.09092948737512725,0.4193096160888672,-0.46598315,0.10628119999999998,-0.6222643523895264,2
2026-08-18,VEDL,7,1,0.04365746327467692,0.31841254234313965,0.13110638,0.1062812,-0.02517482335205079,2
2026-08-18,VEDL,8,1,0.06822038974518886,0.29945775866508484,0.09357929,0.1062812,-0.06270190770263673,2
2026-08-18,VEDL,19,1,0.04201315750266244,0.17991521954536438,0.18796921,0.10628119999999998,0.031688007763671894,2
2026-08-18,VEDL,20,1,0.04811549209014347,0.17588745057582855,0.18796921,0.10628119999999998,0.031688007763671894,2
2026-08-18,VOLTAS,3,1,0.09106543660298698,0.787260115146637,-0.5156696,0.1062812,-0.671950784274292,2
2026-08-18,VOLTAS,8,1,0.05822087961516146,0.5205300450325012,-0.25422573,0.10628119999999998,-0.41050693089599605,2
2026-08-18,VOLTAS,14,1,0.04948183540295339,0.3783096373081207,-0.1196146,0.10628119999999998,-0.27589580113525386,2
2026-08-18,VOLTAS,19,1,0.05380875055654693,0.24392911791801453,-0.03989935,0.1062812,-0.1961805492126465,2
2026-08-18,VOLTAS,20,1,0.04132791224056977,0.222699373960495,-0.2153337,0.1062812,-0.3716149001800537,2
2026-08-18,VOLTAS,22,1,0.042892356070152286,0.20760223269462585,-0.055885315,0.10628119999999998,-0.2121665149414062,2
2026-08-18,WIPRO,3,1,0.11868917580743618,0.5774422287940979,0.10598898,0.10628119999999998,-0.05029222066040037,2
2026-08-18,WIPRO,5,1,0.046647077535842525,0.4719123840332031,0.16191006,0.1062812,0.005628857067871085,2
2026-08-18,WIPRO,8,1,0.055893146682873526,0.36913397908210754,0.26198626,0.10628119999999998,0.10570505564575199,2
2026-08-18,YESBANK,3,1,0.10491462808655848,0.40731048583984375,-0.2641976,0.10628120000000002,-0.42047878796691895,2
2026-08-18,YESBANK,7,1,0.04295365232500471,0.3363489806652069,-0.04413128,0.1062812,-0.20041247899169923,2
2026-08-18,YESBANK,8,1,0.059736364091179966,0.3087795674800873,-0.13233423,0.1062812,-0.2886154323303223,2
2026-08-18,YESBANK,12,1,0.04836499585229806,0.25856631994247437,-0.08841753,0.1062812,-0.24469873005981446,2
2026-08-18,YESBANK,20,1,0.04713524195954821,0.14228762686252594,-0.17707348,0.10628119999999998,-0.3333546786987304,2
2026-08-18,ZYDUSLIFE,3,1,0.1096704996186566,0.7412501573562622,0.026392937,0.1062812,-0.12988826329345704,2
2026-08-18,ZYDUSLIFE,7,1,0.041072097029148255,0.47041693329811096,0.2726078,0.10628119999999998,0.1163266033447266,2
2026-08-18,ZYDUSLIFE,8,1,0.061882230458713654,0.43812528252601624,0.12296438,0.10628119999999998,-0.03331681782836912,2
2026-08-18,ZYDUSLIFE,22,1,0.04638920685563604,0.15217529237270355,-0.31701326,0.1062812,-0.4732944637023926,2
2026-08-19,360ONE,3,1,0.04875601079084198,0.5541221499443054,1.5549779,0.10628119999999998,1.3986966938293457,2
2026-08-19,360ONE,15,1,0.04694155252226352,0.3566882014274597,-0.46725273,0.10628119999999998,-0.6235339313232422,2
2026-08-19,360ONE,16,1,0.04552580051744275,0.32395848631858826,-0.5435705,0.1062812,-0.6998517184936524,2
2026-08-19,360ONE,18,1,0.04797258598390281,0.31462615728378296,-0.18706918,0.1062812,-0.3433503776275635,2
2026-08-19,360ONE,19,1,0.042343613942582854,0.2599179744720459,0.10204315,0.10628119999999998,-0.05423804814453123,2
2026-08-19,360ONE,21,1,0.04304444839600238,0.23527882993221283,0.3404498,0.1062812,0.18416861002807616,2
2026-08-19,360ONE,22,1,0.051023902295963854,0.24935390055179596,0.55470467,0.1062812,0.3984234661376953,2
2026-08-19,360ONE,66,1,0.045766556453916335,0.19691553711891174,-0.025451183,0.1062812,-0.1817323833190918,2
2026-08-19,3MINDIA,3,1,0.08816644278539616,0.7060707807540894,-0.14545321,0.10628119999999998,-0.3017344146453857,2
2026-08-19,3MINDIA,5,1,0.04846759892599358,0.5367725491523743,0.17492771,0.1062812,0.018646511486816397,2
2026-08-19,3MINDIA,6,1,0.04932238308903165,0.5044214725494385,-0.07273555,0.1062812,-0.2290167480194092,2
2026-08-19,3MINDIA,8,1,0.04746924593323279,0.4203854501247406,-0.319767,0.10628119999999998,-0.4760481982910156,2
2026-08-19,3MINDIA,9,1,0.042002596340390344,0.4003494083881378,-1.1646509,0.10628119999999998,-1.3209321170532227,2
2026-08-19,3MINDIA,15,1,0.06395528534220783,0.22288881242275238,-1.7789423,0.10628119999999998,-1.935223546572876,2
2026-08-19,3MINDIA,16,1,0.05097515393714222,0.24409233033657074,-0.98543763,0.10628119999999998,-1.1417188316070557,2
2026-08-19,3MINDIA,22,1,0.043741235592573306,0.331905335187912,-0.5338073,0.1062812,-0.6900884776794434,2
2026-08-19,3MINDIA,66,1,0.07358214432573786,0.2469266653060913,-0.72754025,0.10628119999999998,-0.8838214545928955,2
2026-08-19,3MINDIA,67,1,0.05458722945809972,0.24926809966564178,-0.44576526,0.1062812,-0.6020464568817139,2
2026-08-19,ABB,3,1,0.0483942593232958,0.6885985732078552,0.57896376,0.10628119999999998,0.42268255656127934,2
2026-08-19,ABB,15,1,0.04365002382221627,0.34577682614326477,0.16111135,0.1062812,0.00483015482788085,2
2026-08-19,ABB,16,1,0.04124589468343893,0.3127068281173706,0.24849176,0.1062812,0.09221056406860349,2
2026-08-19,ABB,17,1,0.04079615176425987,0.2962828278541565,-0.073713064,0.1062812,-0.2299942641937256,2
2026-08-19,ABB,18,1,0.042094444253089884,0.2873040437698364,-0.26134253,0.1062812,-0.41762372548217774,2
2026-08-19,ABB,20,1,0.04654715269840476,0.2540767192840576,-0.25457144,0.10628119999999998,-0.4108526378356933,2
2026-08-19,ABB,21,1,0.04316639878694529,0.24453972280025482,-0.19429326,0.10628119999999998,-0.3505744605743408,2
2026-08-19,ABBOTINDIA,18,1,0.05358738834835177,0.2640487551689148,0.3222704,0.1062812,0.16598919337158202,2
2026-08-19,ABBOTINDIA,20,1,0.05731746150751326,0.2741539180278778,0.18906593,0.1062812,0.032784733227539054,2
2026-08-19,ABBOTINDIA,22,1,0.04220029515057071,0.2822036147117615,0.20802021,0.10628119999999998,0.0517390102661133,2
2026-08-19,ABCAPITAL,3,1,0.06444636992954807,0.5737708806991577,-0.012600422,0.10628119999999998,-0.16888162190551756,2
2026-08-19,ABCAPITAL,15,1,0.0674343882937661,0.20790451765060425,-0.12651682,0.1062812,-0.28279801900024415,2
2026-08-19,ABCAPITAL,16,1,0.050346017200863416,0.20798292756080627,-0.06330609,0.1062812,-0.2195872932159424,2
2026-08-19,ABCAPITAL,17,1,0.04615175821667077,0.18444813787937164,-0.050634146,0.10628119999999998,-0.2069153457366943,2
2026-08-19,ABCAPITAL,18,1,0.0419459167057123,0.17820914089679718,-0.025326014,0.1062812,-0.18160721356506349,2
2026-08-19,ABCAPITAL,19,1,0.04411202511204651,0.1728692352771759,-0.076031685,0.1062812,-0.2323128848754883,2
2026-08-19,ABCAPITAL,20,1,0.043029897678955126,0.17639979720115662,-0.11399984,0.10628119999999998,-0.27028104359741206,2
2026-08-19,ABCAPITAL,21,1,0.042863420038401226,0.1728692352771759,-0.17732978,0.10628119999999998,-0.3336109786712646,2
2026-08-19,ACC,3,1,0.05935486094679013,0.411359041929245,0.030899048,0.10628119999999998,-0.12538215214843748,2
2026-08-19,ACC,15,1,0.06365394387941961,0.20115287601947784,-0.11641383,0.10628119999999998,-0.2726950317108154,2
2026-08-19,ACC,16,1,0.046769533463706076,0.20056776702404022,-0.05429387,0.1062812,-0.21057507092590333,2
2026-08-19,ACC,18,1,0.04141019120540321,0.17355363070964813,0.10864735,0.1062812,-0.04763385350341798,2
2026-08-19,ACC,22,1,0.04189418567507945,0.1492973119020462,0.09317398,0.10628119999999998,-0.06310721928710936,2
2026-08-19,ADANIENSOL,3,1,0.08293450097036653,1.1793694496154785,0.6179571,0.1062812,0.4616759151733399,2
2026-08-19,ADANIENSOL,5,1,0.0513469507139686,0.9901437163352966,-0.26940107,0.10628119999999998,-0.4256822734558105,2
2026-08-19,ADANIENSOL,6,1,0.05863313168518952,0.8973854780197144,-0.17322898,0.1062812,-0.3295101791107178,2
2026-08-19,ADANIENSOL,7,1,0.049911102547557526,0.8537504076957703,-0.32055378,0.10628119999999998,-0.47683497960205073,2
2026-08-19,ADANIENSOL,8,1,0.05659878006370807,0.7911649346351624,-0.4798472,0.10628119999999998,-0.6361283927642822,2
2026-08-19,ADANIENSOL,9,1,0.05378073623170314,0.7822712659835815,-0.35175085,0.10628119999999998,-0.5080320506774902,2
2026-08-19,ADANIENSOL,13,1,0.05856080738366549,0.6578664183616638,-0.10282993,0.10628119999999998,-0.25911113316650386,2
2026-08-19,ADANIENSOL,14,1,0.05384307846963271,0.47778475284576416,-0.14793277,0.1062812,-0.304213967868042,2
2026-08-19,ADANIENSOL,15,1,0.062238959125523206,0.45920175313949585,-0.1542449,0.10628119999999998,-0.3105260997497558,2
2026-08-19,ADANIENSOL,16,1,0.060678272814971984,0.43963927030563354,-0.29522777,0.1062812,-0.4515089660369873,2
2026-08-19,ADANIENSOL,17,1,0.05637544772854628,0.39959853887557983,-0.49984455,0.1062812,-0.6561257510864258,2
2026-08-19,ADANIENSOL,18,1,0.07580183606105127,0.4180002212524414,0.077450275,0.1062812,-0.07883092457885743,2
2026-08-19,ADANIENSOL,19,1,0.07401188549508704,0.3820137679576874,-0.21244287,0.1062812,-0.3687240749084473,2
2026-08-19,ADANIENSOL,20,1,0.08095499131590121,0.37591642141342163,-0.32168627,0.1062812,-0.4779674678527832,2
2026-08-19,ADANIENSOL,21,1,0.0637622710937663,0.34828707575798035,-0.22545457,0.1062812,-0.38173576886291505,2
2026-08-19,ADANIENSOL,22,1,0.06887528745313438,0.3365458846092224,-0.3090024,0.1062812,-0.4652835994445801,2
2026-08-19,ADANIENSOL,66,1,0.06792883985362151,0.22741156816482544,-0.15560389,0.10628119999999998,-0.3118850856506347,2
2026-08-19,ADANIENT,3,1,0.06556397742723352,0.395699143409729,0.78303814,0.1062812,0.6267569393432617,2
2026-08-19,ADANIENT,15,1,0.06169784470019723,0.3007976710796356,0.24843216,0.10628119999999998,0.09215095942382816,2
2026-08-19,ADANIENT,16,1,0.04805631113857693,0.3123164176940918,0.030136108,0.1062812,-0.1261450916015625,2
2026-08-19,ADANIENT,20,1,0.06325029293908477,0.2768952548503876,-0.25438666,0.10628119999999998,-0.4106678634368896,2
2026-08-19,ADANIENT,21,1,0.04982669891644361,0.26291969418525696,-0.20430088,0.1062812,-0.3605820804321289,2
2026-08-19,ADANIENT,22,1,0.04508889551203083,0.25284650921821594,-0.15405416,0.1062812,-0.3103353648864746,2
2026-08-19,ADANIENT,66,1,0.05468099385211532,0.13755017518997192,-0.036895275,0.10628119999999998,-0.19317647511596675,2
2026-08-19,ADANIENT,67,1,0.04294242855933489,0.14754819869995117,0.44338703,0.1062812,0.2871058315551758,2
2026-08-19,ADANIGREEN,3,1,0.09904167948906528,0.8234293460845947,0.4739046,0.10628119999999998,0.31762340968017583,2
2026-08-19,ADANIGREEN,5,1,0.054984264895383723,0.7132498621940613,0.2800703,0.10628119999999998,0.1237891048706055,2
2026-08-19,ADANIGREEN,6,1,0.053037247386571666,0.6572373509407043,0.41258335,0.1062812,0.2563021511352539,2
2026-08-19,ADANIGREEN,14,1,0.047705564165943466,0.4268191456794739,0.023281574,0.1062812,-0.13299962575073243,2
2026-08-19,ADANIGREEN,15,1,0.07121821659015128,0.4143200218677521,0.24882555,0.1062812,0.09254435007934568,2
2026-08-19,ADANIGREEN,16,1,0.06144503520590324,0.403538316488266,0.09316206,0.1062812,-0.06311914021606446,2
2026-08-19,ADANIGREEN,18,1,0.05629204864750974,0.3638809621334076,0.046622753,0.1062812,-0.10965844685668946,2
2026-08-19,ADANIGREEN,19,1,0.056260034653059954,0.3397120535373688,-0.062078238,0.10628120000000002,-0.21835943753356934,2
2026-08-19,ADANIGREEN,20,1,0.05604898240900646,0.32779461145401,-0.0775218,0.1062812,-0.23380300099487306,2
2026-08-19,ADANIGREEN,21,1,0.04823400933292555,0.3075692057609558,0.0,0.1062812,-0.1562812,2
2026-08-19,ADANIGREEN,22,1,0.049557786587660434,0.28032779693603516,-0.05425811,0.1062812,-0.2105393081390381,2
2026-08-19,ADANIGREEN,66,1,0.04741361140300718,0.2001330852508545,-0.17797947,0.1062812,-0.3342606692993164,2
2026-08-19,ADANIPORTS,15,1,0.05376585550174111,0.2122960239648819,0.0059723854,0.1062812,-0.15030881459350587,2
2026-08-19,ADANIPORTS,20,1,0.04918519238206653,0.17125867307186127,-0.22115707,0.1062812,-0.3774382739746094,2
2026-08-19,ADANIPOWER,3,1,0.049822243887264785,0.6213992834091187,0.37888288,0.10628119999999998,0.2226016849792481,2
2026-08-19,ADANIPOWER,15,1,0.0617145775724166,0.27870914340019226,0.25641918,0.10628119999999998,0.1001379818237305,2
2026-08-19,ADANIPOWER,66,1,0.04661614789627426,0.11954385042190552,-0.28455257,0.1062812,-0.44083377415771485,2
2026-08-19,AIAENG,4,-1,-0.045912485833451616,0.4376392960548401,0.17620921,0.1062812,0.019928011349487296,2
2026-08-19,AIAENG,11,-1,-0.055970246424037015,0.3166312575340271,-0.074744225,0.1062812,-0.23102542454833985,2
2026-08-19,AIAENG,15,1,0.04222209459353722,0.23043416440486908,-0.14691949,0.10628119999999998,-0.3032006889068603,2
2026-08-19,AIAENG,19,1,0.04603367815214086,0.24490413069725037,-0.5409777,0.1062812,-0.6972589164459229,2
2026-08-19,AIAENG,20,1,0.04302621228099177,0.24130524694919586,-0.17681122,0.10628119999999998,-0.3330924182617187,2
2026-08-19,AIAENG,21,1,0.045777082863049434,0.23501263558864594,-0.22220016,0.10628119999999998,-0.37848135525817866,2
2026-08-19,AIAENG,66,1,0.05953058796208016,0.20504531264305115,0.08672476,0.1062812,-0.06955644185180665,2
2026-08-19,AJANTPHARM,3,1,0.04109102400637011,0.5917041301727295,0.098872185,0.10628119999999998,-0.05740901524658201,2
2026-08-19,AJANTPHARM,15,1,0.04656622888253371,0.4294571280479431,0.06451607,0.1062812,-0.0917651324951172,2
2026-08-19,AJANTPHARM,19,1,0.04281153744588038,0.3125572204589844,0.29331446,0.1062812,0.13703325693969726,2
2026-08-19,AJANTPHARM,20,1,0.05096146825244426,0.2888420820236206,-0.44912696,0.1062812,-0.6054081588470459,2
2026-08-19,AJANTPHARM,21,1,0.04144475963893476,0.2720077335834503,-0.87332726,0.1062812,-1.0296084552490234,2
2026-08-19,AJANTPHARM,22,1,0.04530093950335077,0.2607617974281311,-1.0345578,0.1062812,-1.190839019366455,2
2026-08-19,AJANTPHARM,66,1,0.05953058796208016,0.17916841804981232,0.4241228,0.1062812,0.2678416103637695,2
2026-08-19,ALKEM,3,1,0.04359505919540439,0.44962379336357117,0.45871735,0.1062812,0.30243614619140624,2
2026-08-19,ALKEM,15,1,0.05973427990435809,0.28354522585868835,-0.3201902,0.1062812,-0.4764713912689209,2
2026-08-19,ALKEM,16,1,0.040839085863233975,0.2748759388923645,-0.43875575,0.10628119999999998,-0.5950369506561279,2
2026-08-19,ALKEM,20,1,0.04745660994668696,0.1911570280790329,-0.19248128,0.1062812,-0.34876247937316895,2
2026-08-19,ALKEM,21,1,0.0460095425796386,0.1645577847957611,-0.09178519,0.10628119999999998,-0.24806639248962398,2
2026-08-19,ALKEM,22,1,0.04311468502128278,0.15405391156673431,-0.1101315,0.10628119999999998,-0.2664127021514892,2
2026-08-19,ALKEM,66,1,0.04670212879633365,0.1514245867729187,0.055789948,0.1062812,-0.10049125249023438,2
2026-08-19,AMBUJACEM,4,-1,-0.0464726962703593,0.3720462918281555,0.110179186,0.1062812,-0.04610201413269044,2
2026-08-19,AMBUJACEM,15,1,0.04813858583899535,0.2213740199804306,0.012302399,0.1062812,-0.14397880131835938,2
2026-08-19,APARINDS,3,1,0.10732028340212824,1.2417021989822388,-1.428318,0.1062812,-1.5845992236816406,2
2026-08-19,APARINDS,5,1,0.06497624590351603,0.9794571995735168,-0.75689554,0.1062812,-0.9131767421447754,2
2026-08-19,APARINDS,6,1,0.044428434940120234,0.932123601436615,-0.16177297,0.1062812,-0.3180541663848877,2
2026-08-19,APARINDS,15,1,0.04650218831199307,0.4466991126537323,0.41211843,0.10628119999999998,0.2558372349060059,2
2026-08-19,APARINDS,16,1,0.043568974473009295,0.4330316483974457,0.4061818,0.1062812,0.24990061228637694,2
2026-08-19,APARINDS,17,1,0.045105481889907637,0.39617663621902466,0.48502684,0.10628119999999998,0.3287456363952637,2
2026-08-19,APARINDS,18,1,0.05455099461374297,0.3999515175819397,0.75712204,0.1062812,0.6008408397949219,2
2026-08-19,APARINDS,19,1,0.04839168359416297,0.3911883234977722,0.7013321,0.10628119999999998,0.5450508922851562,2
2026-08-19,APARINDS,20,1,0.050374827697263556,0.37076637148857117,0.65209866,0.10628120000000002,0.49581745570068364,2
2026-08-19,APARINDS,21,1,0.043544062809723276,0.35513874888420105,0.6579757,0.1062812,0.5016944736755371,2
2026-08-19,APARINDS,22,1,0.047932577226130625,0.34144994616508484,0.5311489,0.10628119999999998,0.374867710522461,2
2026-08-19,APARINDS,66,1,0.040994836248618736,0.2145092487335205,-0.4091978,0.1062812,-0.5654790073120117,2
2026-08-19,APLAPOLLO,4,-1,-0.0439804979427276,0.3329528272151947,-0.12840033,0.1062812,-0.2846815257751465,2
2026-08-19,APLAPOLLO,11,-1,-0.06547793306340802,0.26833224296569824,-0.465405,0.1062812,-0.6216861873352051,2
2026-08-19,APLAPOLLO,15,1,0.05760550606882464,0.24870233237743378,-0.113385916,0.1062812,-0.2696671157562256,2
2026-08-19,APLAPOLLO,20,1,0.04231277514085793,0.22157853841781616,-0.15609264,0.10628119999999998,-0.3123738437377929,2
2026-08-19,APLAPOLLO,21,1,0.04634267780496407,0.21859362721443176,-0.07106066,0.1062812,-0.2273418575012207,2
2026-08-19,APOLLOHOSP,3,1,0.04222962702718705,0.4054054021835327,0.14221668,0.1062812,-0.014064517565917978,2
2026-08-19,APOLLOHOSP,11,-1,-0.07222820546166106,0.23179620504379272,-0.096309185,0.1062812,-0.2525903850280762,2
2026-08-19,APOLLOHOSP,20,1,0.0436930183075748,0.18999110162258148,-0.51496625,0.1062812,-0.6712474494659424,2
2026-08-19,APOLLOHOSP,21,1,0.043566493115395975,0.2020799219608307,-0.36848187,0.1062812,-0.5247630744659424,2
2026-08-19,APOLLOHOSP,22,1,0.040838902897271524,0.1979741007089615,-0.39108992,0.1062812,-0.5473711162292481,2
2026-08-19,APOLLOHOSP,66,1,0.04418784363279994,0.11814822256565094,-0.21190047,0.1062812,-0.3681816726409912,2
2026-08-19,APOLLOTYRE,11,-1,-0.043220374463453386,0.37504372000694275,-0.29072762,0.1062812,-0.4470088153564453,2
2026-08-19,APOLLOTYRE,15,1,0.04340984894379051,0.374677836894989,0.069487095,0.1062812,-0.08679410512084962,2
2026-08-19,APOLLOTYRE,17,1,0.047702397892738925,0.3589206039905548,-0.04631281,0.1062812,-0.20259400899047852,2
2026-08-19,APOLLOTYRE,18,1,0.04822659803205288,0.371057391166687,0.06958246,0.1062812,-0.086698737689209,2
2026-08-19,APOLLOTYRE,19,1,0.04820928362514703,0.3654290437698364,0.069606304,0.1062812,-0.08667489583129884,2
2026-08-19,APOLLOTYRE,20,1,0.04856081580719697,0.3664698600769043,-0.38123727,0.1062812,-0.537518468447876,2
2026-08-19,APOLLOTYRE,21,1,0.04751477985144625,0.3505293130874634,-0.25463104,0.1062812,-0.41091224248046876,2
2026-08-19,APOLLOTYRE,22,1,0.04946323265160968,0.3223838210105896,-0.17371178,0.1062812,-0.32999297673339845,2
2026-08-19,APOLLOTYRE,66,1,0.06694842317450964,0.1664438247680664,0.15214682,0.10628119999999998,-0.004134383746337872,2
2026-08-19,ASHOKLEY,6,1,0.04258671655447331,0.2920781373977661,0.3369689,0.1062812,0.18068769877319335,2
2026-08-19,ASHOKLEY,11,-1,-0.07485902054055968,0.2616753578186035,0.43789148,0.1062812,0.28161028330688476,2
2026-08-19,ASHOKLEY,15,1,0.04160362986236085,0.21492066979408264,-0.63269734,0.1062812,-0.788978543826294,2
2026-08-19,ASHOKLEY,20,1,0.05050471365416936,0.19090671837329865,-0.50932765,0.10628119999999998,-0.6656088500701904,2
2026-08-19,ASHOKLEY,21,1,0.04620386854855871,0.18408434092998505,-0.48112273,0.1062812,-0.6374039321624756,2
2026-08-19,ASHOKLEY,22,1,0.04712833102026345,0.1909358650445938,-0.26384592,0.1062812,-0.42012712056274415,2
2026-08-19,ASHOKLEY,66,1,0.05692289975880031,0.18693150579929352,-0.2128005,0.1062812,-0.3690817027770996,2
2026-08-19,ASIANPAINT,3,1,0.04184323458764687,0.35952651500701904,-0.1449585,0.1062812,-0.30123969609375,2
2026-08-19,ASIANPAINT,15,1,0.041162634242981964,0.209213986992836,-0.15698075,0.1062812,-0.3132619529449463,2
2026-08-19,ASIANPAINT,22,1,0.04201598446643037,0.14188562333583832,0.103509426,0.1062812,-0.05277177388305665,2
2026-08-19,ASIANPAINT,66,1,0.04233727834378731,0.16882164776325226,0.04582405,0.10628119999999998,-0.11045714909667967,2
2026-08-19,ASTRAL,3,1,0.04776558742551541,0.6974585652351379,0.41447878,0.1062812,0.2581975788391113,2
2026-08-19,ATGL,3,1,0.07816662564837588,1.773621916770935,-0.20306706,0.1062812,-0.35934826428527833,2
2026-08-19,ATGL,5,1,0.04605372193288353,1.4030189514160156,-0.2712369,0.1062812,-0.4275180965148926,2
2026-08-19,ATGL,6,1,0.05698989743642592,1.265617847442627,-0.49601793,0.1062812,-0.6522991328918457,2
2026-08-19,ATGL,8,1,0.04803063738977309,1.0738956928253174,-0.728935,0.10628119999999998,-0.8852162032806397,2
2026-08-19,ATGL,9,1,0.042386008525663106,0.999999463558197,-0.42918324,0.1062812,-0.5854644447052002,2
2026-08-19,ATGL,15,1,0.05758664404073446,0.42824608087539673,0.30280352,0.1062812,0.14652231638793944,2
2026-08-19,ATGL,16,1,0.05074075826010904,0.3851218819618225,0.35520792,0.1062812,0.19892672007446288,2
2026-08-19,ATGL,17,1,0.055970130772581124,0.3469555079936981,0.20428896,0.10628119999999998,0.04800775950317385,2
2026-08-19,ATGL,18,1,0.050292013941734215,0.3207898437976837,0.37864447,0.1062812,0.22236326640014648,2
2026-08-19,ATGL,19,1,0.05211724967930196,0.2773665189743042,0.33295155,0.10628119999999998,0.17667034571533208,2
2026-08-19,ATGL,20,1,0.05218781576593204,0.352720707654953,-0.5323529,0.1062812,-0.6886341243469238,2
2026-08-19,ATGL,21,1,0.0507127584024321,0.35493794083595276,-0.15813112,0.10628119999999998,-0.3144123225891113,2
2026-08-19,ATGL,22,1,0.05534611178308566,0.36927223205566406,0.3548503,0.1062812,0.19856909220581054,2
2026-08-19,ATGL,36,1,0.051351040612329216,0.5103533864021301,-1.1038005,0.1062812,-1.2600817352020264,2
2026-08-19,ATGL,41,1,0.043428027147381656,0.6783425211906433,0.64235926,0.10628119999999998,0.4860780567443848,2
2026-08-19,ATGL,45,1,0.04951087627790551,0.796409010887146,-0.68761706,0.1062812,-0.8438982635223389,2
2026-08-19,ATGL,52,1,0.04259501686276916,0.5355019569396973,-0.5810082,0.1062812,-0.7372893958770752,2
2026-08-19,ATGL,53,1,0.04628497758147197,0.5041213035583496,-0.5067885,0.1062812,-0.6630696922027588,2
2026-08-19,ATGL,65,1,0.04844701664766222,0.2916873097419739,-0.35341382,0.1062812,-0.5096950202667236,2
2026-08-19,ATGL,66,1,0.08172053985696189,0.28264686465263367,-0.6911516,0.10628120000000002,-0.8474328189575195,2
2026-08-19,ATGL,67,1,0.0718509303203848,0.2844926118850708,-0.8550763,0.1062812,-1.0113575130187988,2
2026-08-19,AUBANK,3,1,0.04770552241169244,0.3804291784763336,0.26295185,0.10628119999999998,0.10667065089111331,2
2026-08-19,AUBANK,4,-1,-0.04746353331620779,0.35094672441482544,-0.12193918,0.10628119999999998,-0.2782203822814941,2
2026-08-19,AUBANK,11,-1,-0.1280656743551734,0.23343440890312195,-0.32771826,0.10628119999999998,-0.4839994579040527,2
2026-08-19,AUBANK,20,1,0.0500987950785995,0.190059095621109,0.13065338,0.1062812,-0.02562781865234376,2
2026-08-19,AUBANK,21,1,0.0467173703232729,0.19821007549762726,0.233531,0.1062812,0.07724979822998045,2
2026-08-19,AUBANK,66,1,0.059384440894133375,0.18933193385601044,-0.4743278,0.1062812,-0.6306090026580811,2
2026-08-19,AUROPHARMA,11,-1,-0.04240809791399959,0.24053707718849182,0.40885806,0.1062812,0.252576860836792,2
2026-08-19,AUROPHARMA,15,1,0.06188133878525551,0.20220620930194855,0.067424774,0.1062812,-0.08885642583007813,2
2026-08-19,AUROPHARMA,16,1,0.04190284120197873,0.20062750577926636,0.10424852,0.1062812,-0.052032676287841806,2
2026-08-19,AUROPHARMA,22,1,0.042053485124290794,0.18025511503219604,-0.13475418,0.1062812,-0.29103538090820313,2
2026-08-19,AUROPHARMA,66,1,0.04099492999997517,0.14738523960113525,-0.16679764,0.1062812,-0.32307883793945313,2
2026-08-19,AWL,3,1,0.04147741644591029,0.5194123983383179,0.32082796,0.1062812,0.16454676096801757,2
2026-08-19,AWL,15,1,0.06341205011473158,0.2540948688983917,-0.36890507,0.1062812,-0.5251862674438477,2
2026-08-19,AWL,16,1,0.04201501150514363,0.23823429644107819,-0.15304685,0.1062812,-0.3093280463897705,2
2026-08-19,AWL,22,1,0.04436508496451542,0.1942046582698822,0.05815029,0.10628119999999998,-0.09813090855712889,2
2026-08-19,AWL,66,1,0.08723673496958273,0.2617238759994507,-0.29619932,0.1062812,-0.4524805217468262,2
2026-08-19,AWL,67,1,0.0643973152006571,0.2639758586883545,-0.29606223,0.1062812,-0.4523434310638428,2
2026-08-19,AXISBANK,3,1,0.06691248440759036,0.4040449857711792,0.3816247,0.10628119999999998,0.22534349863891606,2
2026-08-19,AXISBANK,21,1,0.043854855136863644,0.13210444152355194,-0.089251995,0.1062812,-0.24553319508666993,2
2026-08-19,AXISBANK,22,1,0.04394627279190636,0.12123335897922516,-0.05683899,0.1062812,-0.2131201892578125,2
2026-08-19,BAJAJ-AUTO,11,-1,-0.05664387723524961,0.2881205677986145,-0.07721186,0.1062812,-0.23349305684204102,2
2026-08-19,BAJAJ-AUTO,15,1,0.049920650017452085,0.24436251819133759,-0.025713444,0.1062812,-0.18199464375610352,2
2026-08-19,BAJAJ-AUTO,66,1,0.055691460909147346,0.1176920011639595,0.1898408,0.10628119999999998,0.03355959360961916,2
2026-08-19,BAJAJFINSV,4,-1,-0.04840419125334304,0.4166654348373413,-0.47681332,0.10628119999999998,-0.6330945163452149,2
2026-08-19,BAJAJFINSV,6,1,0.043869312732433496,0.36197134852409363,0.3203869,0.1062812,0.16410568659667968,2
2026-08-19,BAJAJFINSV,8,1,0.0413884473612639,0.31574103236198425,0.34569502,0.1062812,0.18941381876831054,2
2026-08-19,BAJAJFINSV,11,-1,-0.07377554733541807,0.29388687014579773,0.07991791,0.10628119999999998,-0.07636329228515623,2
2026-08-19,BAJAJFINSV,22,1,0.0456476231262086,0.18157443404197693,-0.28022528,0.1062812,-0.4365064769470215,2
2026-08-19,BAJAJFINSV,66,1,0.04569085506703334,0.15499234199523926,0.64496994,0.1062812,0.4886887401855469,2
2026-08-19,BAJAJHLDNG,3,1,0.04790599368250498,0.39024388790130615,0.19503832,0.1062812,0.038757118634033194,2
2026-08-19,BAJAJHLDNG,66,1,0.05068574697170936,0.1931525468826294,-0.42410493,0.10628119999999998,-0.5803861289703369,2
2026-08-19,BAJFINANCE,3,1,0.0446447517866115,0.5801048278808594,0.32351017,0.1062812,0.16722896998291015,2
2026-08-19,BAJFINANCE,11,-1,-0.041401695656818,0.3200420141220093,-0.0828743,0.1062812,-0.23915549809570313,2
2026-08-19,BAJFINANCE,15,1,0.04160362986236085,0.20314422249794006,-0.33127666,0.1062812,-0.48755785519714356,2
2026-08-19,BAJFINANCE,20,1,0.047655465407339906,0.1894257664680481,-0.3590405,0.10628119999999998,-0.5153216987335205,2
2026-08-19,BAJFINANCE,21,1,0.04369020938025615,0.18090756237506866,-0.4236579,0.1062812,-0.5799390941345215,2
2026-08-19,BAJFINANCE,22,1,0.047349629769706275,0.18927201628684998,-0.20307302,0.1062812,-0.35935422474975587,2
2026-08-19,BAJFINANCE,66,1,0.05309173357339966,0.15623076260089874,0.09266138,0.10628119999999998,-0.06361981923217772,2
2026-08-19,BALKRISIND,3,1,0.0416236961063594,0.49618372321128845,0.3180623,0.10628119999999998,0.1617811054504395,2
2026-08-19,BALKRISIND,8,1,0.04271655644654035,0.37354984879493713,-0.14801025,0.1062812,-0.30429145390625,2
2026-08-19,BALKRISIND,11,-1,-0.05475461208695186,0.31386858224868774,0.33798218,0.10628119999999998,0.18170097773437505,2
2026-08-19,BALKRISIND,15,1,0.0565574300725788,0.21810974180698395,0.19477606,0.10628119999999998,0.0384948581970215,2
2026-08-19,BALKRISIND,66,1,0.05309173357339966,0.21064263582229614,-0.008451939,0.1062812,-0.1647331386291504,2
2026-08-19,BALKRISIND,67,1,0.049760561526488216,0.20791469514369965,0.11845827,0.1062812,-0.03782292897338868,2
2026-08-19,BANKBARODA,15,1,0.058922812211136676,0.21491557359695435,-0.008195639,0.10628119999999998,-0.1644768386566162,2
2026-08-19,BANKINDIA,3,1,0.04932341908853413,0.3730546534061432,0.6403804,0.10628119999999998,0.48409918253784184,2
2026-08-19,BANKINDIA,15,1,0.05697819770324219,0.25497668981552124,-0.021123886,0.1062812,-0.17740508610839845,2
2026-08-19,BANKINDIA,16,1,0.04318517017725242,0.2429928332567215,-0.11973381,0.10628119999999998,-0.27601501042480464,2
2026-08-19,BANKINDIA,20,1,0.043235323628877456,0.2084263563156128,-0.0140964985,0.1062812,-0.1703776984893799,2
2026-08-19,BANKINDIA,66,1,0.053140983185014146,0.1023375615477562,-0.19056201,0.1062812,-0.3468432098114014,2
2026-08-19,BDL,3,1,0.10026370444697436,0.7776635885238647,-0.09468794,0.10628119999999998,-0.2509691386901855,2
2026-08-19,BDL,5,1,0.057919666948362175,0.6939345002174377,0.27132034,0.1062812,0.1150391430175781,2
2026-08-19,BDL,6,1,0.041499716943225254,0.6609491109848022,0.1390934,0.10628119999999998,-0.01718780095214842,2
2026-08-19,BDL,7,1,0.04305693858703107,0.6291998624801636,-0.27012825,0.1062812,-0.4264094501220703,2
2026-08-19,BDL,13,1,0.045551815618164807,0.4579494595527649,-0.5849242,0.1062812,-0.7412054210388184,2
2026-08-19,BDL,14,1,0.04795316500484269,0.4073423147201538,-0.5270064,0.10628119999999998,-0.6832875877105713,2
2026-08-19,BDL,15,1,0.06875090583944214,0.34686341881752014,-0.32950044,0.1062812,-0.4857816367828369,2
2026-08-19,BDL,16,1,0.06351480974316931,0.311310350894928,-0.051271915,0.1062812,-0.20755311543579102,2
2026-08-19,BDL,17,1,0.05255954851906876,0.28230634331703186,-0.321877,0.10628119999999998,-0.4781582027160644,2
2026-08-19,BDL,18,1,0.06669759683591191,0.2828860580921173,-0.10268092,0.1062812,-0.25896212155456544,2
2026-08-19,BDL,19,1,0.051158338418436235,0.2489263266324997,-0.13202429,0.1062812,-0.28830548817749024,2
2026-08-19,BDL,20,1,0.05767062609958452,0.24585281312465668,0.05146265,0.1062812,-0.10481854970092774,2
2026-08-19,BDL,21,1,0.04384441753004377,0.22758355736732483,0.13254881,0.10628119999999998,-0.02373239094848631,2
2026-08-19,BDL,66,1,0.07014302355725183,0.19573821127414703,-0.08146763,0.10628119999999998,-0.23774882847900386,2
2026-08-19,BEL,3,1,0.06265511169278232,0.41676807403564453,0.061273575,0.1062812,-0.09500762517089845,2
2026-08-19,BEL,15,1,0.04565180275061331,0.19186541438102722,0.67459345,0.10628119999999998,0.518312248638916,2
2026-08-19,BEL,66,1,0.04661614789627426,0.136874720454216,0.23329258,0.10628120000000002,0.07701137965087888,2
2026-08-19,BERGEPAINT,3,1,0.04217109748380025,0.37737494707107544,0.20514727,0.1062812,0.048866066387939444,2
2026-08-19,BERGEPAINT,15,1,0.049063830919908055,0.20785166323184967,-0.5594909,0.1062812,-0.7157721191131592,2
2026-08-19,BERGEPAINT,19,1,0.04889716269472112,0.25053516030311584,0.065636635,0.10628120000000002,-0.09064456517333987,2
2026-08-19,BERGEPAINT,20,1,0.05421665148479387,0.2463073879480362,0.14994144,0.1062812,-0.006339755603027353,2
2026-08-19,BERGEPAINT,21,1,0.045697416739263766,0.23905634880065918,0.21559,0.10628119999999998,0.05930880015258791,2
2026-08-19,BERGEPAINT,64,1,0.05755061511199846,0.3625386953353882,-0.27070045,0.10628119999999998,-0.426981654711914,2
2026-08-19,BERGEPAINT,65,1,0.06116163777640117,0.36576852202415466,-0.41970015,0.10628119999999998,-0.5759813457214356,2
2026-08-19,BERGEPAINT,66,1,0.10006099309320647,0.3542773723602295,-0.5965173,0.10628120000000002,-0.7527985244476318,2
2026-08-19,BERGEPAINT,67,1,0.08567576654918134,0.35357865691185,-1.0067165,0.10628119999999998,-1.1629976897918701,2
2026-08-19,BHARATFORG,3,1,0.05296368431054394,0.5538045167922974,0.85338354,0.10628119999999998,0.6971023411071777,2
2026-08-19,BHARATFORG,4,-1,-0.04472506959754827,0.5524163842201233,-0.39590597,0.1062812,-0.5521871715270996,2
2026-08-19,BHARATFORG,6,1,0.04293966353791151,0.4975470304489136,0.14933348,0.1062812,-0.006947722979736337,2
2026-08-19,BHARATFORG,8,1,0.04505760997924205,0.43204498291015625,0.028908253,0.10628119999999998,-0.12737294728393553,2
2026-08-19,BHARATFORG,11,-1,-0.06946065228678266,0.3747074604034424,0.4520476,0.1062812,0.29576638644104003,2
2026-08-19,BHARATFORG,15,1,0.05045887155213477,0.2415241003036499,-0.24091601,0.1062812,-0.3971972137176514,2
2026-08-19,BHARATFORG,20,1,0.049299835791441975,0.15792492032051086,-0.27522445,0.1062812,-0.4315056472503662,2
2026-08-19,BHARTIARTL,4,-1,-0.04264983294200992,0.32854557037353516,-0.12913942,0.1062812,-0.28542062337036134,2
2026-08-19,BHARTIARTL,11,-1,-0.13973189288842278,0.2196822613477707,-0.061905384,0.1062812,-0.2181865840637207,2
2026-08-19,BHARTIARTL,15,1,0.05144807267453489,0.14754921197891235,-0.13425946,0.10628119999999998,-0.29054066235656734,2
2026-08-19,BHARTIARTL,21,1,0.04673977626059046,0.13324609398841858,-0.44439435,0.1062812,-0.6006755500518799,2
2026-08-19,BHARTIARTL,22,1,0.046338571076287756,0.13111965358257294,-0.35677552,0.1062812,-0.5130567222320557,2
2026-08-19,BHEL,3,1,0.08263164070322128,0.9025252461433411,0.4331708,0.1062812,0.2768895954406738,2
2026-08-19,BHEL,5,1,0.05068104193834849,0.7240267992019653,0.2527356,0.1062812,0.0964544147766113,2
2026-08-19,BHEL,6,1,0.04691175205215166,0.6623762249946594,0.07209778,0.10628120000000002,-0.08418342167968752,2
2026-08-19,BHEL,7,1,0.04255115128598683,0.6191394329071045,0.49278736,0.1062812,0.3365061611450195,2
2026-08-19,BHEL,8,1,0.043140904935505375,0.5898525714874268,0.0600338,0.1062812,-0.09624740178222657,2
2026-08-19,BHEL,13,1,0.04237923567860706,0.46738535165786743,0.14406443,0.10628119999999998,-0.01221677357788084,2
2026-08-19,BHEL,15,1,0.056542995007836126,0.35572850704193115,0.13201237,0.1062812,-0.024268832751464853,2
2026-08-19,BHEL,16,1,0.052036755302327556,0.3368300795555115,0.083982944,0.10628119999999998,-0.07229825551147459,2
2026-08-19,BHEL,17,1,0.058199306277584656,0.31736505031585693,-0.1317203,0.10628119999999998,-0.2880015044891357,2
2026-08-19,BHEL,18,1,0.054769418819142386,0.3085837662220001,-0.036001205,0.10628119999999998,-0.1922824054443359,2
2026-08-19,BHEL,19,1,0.0521227281916839,0.2989392578601837,0.023972988,0.10628119999999998,-0.13230821187133787,2
2026-08-19,BHEL,20,1,0.06472069297591576,0.28687840700149536,0.09588003,0.1062812,-0.06040116841430665,2
2026-08-19,BHEL,21,1,0.046775558840440636,0.27992644906044006,0.03595352,0.1062812,-0.12032767827148438,2
2026-08-19,BHEL,22,1,0.04801998870304261,0.27054259181022644,0.03595352,0.1062812,-0.12032767827148438,2
2026-08-19,BHEL,66,1,0.053852465791687676,0.20510268211364746,-0.25020838,0.10628120000000002,-0.4064895778381348,2
2026-08-19,BIOCON,3,1,0.055573525224270996,0.35873517394065857,0.24119616,0.1062812,0.08491495554809568,2
2026-08-19,BIOCON,11,-1,-0.10914577701460577,0.23949779570102692,0.420928,0.1062812,0.2646468014038086,2
2026-08-19,BIOCON,15,1,0.06235573762841762,0.19740720093250275,-0.14483929,0.1062812,-0.3011204868041992,2
2026-08-19,BIOCON,20,1,0.04507409976031954,0.1629447638988495,-0.4343629,0.10628119999999998,-0.5906440883361816,2
2026-08-19,BIOCON,21,1,0.04477399831188361,0.17191895842552185,-0.20561218,0.10628119999999998,-0.36189338261718745,2
2026-08-19,BIOCON,22,1,0.04432219021777042,0.17440512776374817,-0.25383234,0.10628119999999998,-0.41011354024047847,2
2026-08-19,BLUESTARCO,4,-1,-0.04220447455719725,0.6107490062713623,0.006723404,0.1062812,-0.14955779606933595,2
2026-08-19,BLUESTARCO,11,-1,-0.07121117714724076,0.4076114594936371,-0.16157627,0.10628119999999998,-0.31785747105712886,2
2026-08-19,BLUESTARCO,15,1,0.04279827002816705,0.326619029045105,0.2690196,0.1062812,0.11273840372924802,2
2026-08-19,BLUESTARCO,16,1,0.04323384377274371,0.31154006719589233,0.17473698,0.10628120000000002,0.018455776623535133,2
2026-08-19,BLUESTARCO,18,1,0.04152933887688073,0.2693520188331604,0.11422634,0.1062812,-0.042054858752441415,2
2026-08-19,BLUESTARCO,66,1,0.046106466345320875,0.18140099942684174,0.1737833,0.10628119999999998,0.017502102307128925,2
2026-08-19,BOSCHLTD,3,1,0.041845365596603026,0.4756060242652893,0.04091263,0.1062812,-0.11536857182617188,2
2026-08-19,BOSCHLTD,20,1,0.05122543313507446,0.19400352239608765,-0.34979582,0.10628119999999998,-0.5060770183288574,2
2026-08-19,BOSCHLTD,21,1,0.043278822588129144,0.184526264667511,-0.17505884,0.1062812,-0.3313400417053223,2
2026-08-19,BOSCHLTD,22,1,0.04674025530079311,0.1924324631690979,0.07225275,0.10628119999999998,-0.08402844960327147,2
2026-08-19,BPCL,3,1,0.06008201597713938,0.45786258578300476,0.04864931,0.1062812,-0.10763188893432618,2
2026-08-19,BPCL,15,1,0.056733482337365554,0.1952163279056549,-0.24414062,0.10628119999999998,-0.40042182499999995,2
2026-08-19,BPCL,20,1,0.05093621375969773,0.15976476669311523,0.39190054,0.1062812,0.23561933939819335,2
2026-08-19,BPCL,21,1,0.04592136001146012,0.15971261262893677,0.16323328,0.1062812,0.006952080181884757,2
2026-08-19,BPCL,22,1,0.04273365696702866,0.16665343940258026,0.09789467,0.1062812,-0.058386531420898446,2
2026-08-19,BPCL,66,1,0.05408492550827684,0.12116226553916931,-0.2772689,0.1062812,-0.4335500865661621,2
2026-08-19,BRITANNIA,11,-1,-0.10731396533762208,0.2431935966014862,0.32502413,0.1062812,0.16874292796020507,2
2026-08-19,BRITANNIA,15,1,0.05981845859779838,0.18873535096645355,-0.35284758,0.1062812,-0.5091287761413574,2
2026-08-19,BRITANNIA,21,1,0.04640664103526499,0.17003712058067322,0.34526587,0.10628119999999998,0.18898466532592778,2
2026-08-19,BRITANNIA,22,1,0.04462461407050517,0.1699136197566986,0.3722191,0.1062812,0.21593788569335937,2
2026-08-19,BSE,3,1,0.04877573201433681,0.48848649859428406,1.6661644,0.1062812,1.5098831981933594,2
2026-08-19,BSE,16,1,0.04341311588635533,0.3728295564651489,0.55036545,0.10628119999999998,0.3940842479980469,2
2026-08-19,CANBK,3,1,0.04535531594453798,0.3520026206970215,0.54445267,0.10628119999999998,0.38817146723632817,2
2026-08-19,CANBK,15,1,0.04498176060078403,0.19574613869190216,-0.17855167,0.1062812,-0.33483287388916017,2
2026-08-19,CANBK,66,1,0.053140983185014146,0.14782561361789703,-0.21004081,0.10628119999999998,-0.366322007723999,2
2026-08-19,CGPOWER,3,1,0.06068485807906348,1.0272401571273804,0.06924868,0.1062812,-0.08703252369995118,2
2026-08-19,CGPOWER,5,1,0.047111604638612685,0.8271992802619934,-0.3507316,0.1062812,-0.5070128112518311,2
2026-08-19,CGPOWER,6,1,0.05120449395253783,0.7521397471427917,-0.17281175,0.1062812,-0.32909294659729005,2
2026-08-19,CGPOWER,7,1,0.054329679656452676,0.6932428479194641,-0.028860569,0.1062812,-0.18514176900024415,2
2026-08-19,CGPOWER,8,1,0.06090074436552748,0.6385113000869751,-0.21924376,0.10628119999999998,-0.3755249648773193,2
2026-08-19,CGPOWER,9,1,0.05331055073149985,0.6084205508232117,-0.27107,0.1062812,-0.4273512035095215,2
2026-08-19,CGPOWER,14,1,0.0435124813345112,0.3831254839897156,0.0,0.10628119999999998,-0.15628119999999998,2
2026-08-19,CGPOWER,15,1,0.08054148689499922,0.31100913882255554,0.19659996,0.1062812,0.04031876032714843,2
2026-08-19,CGPOWER,16,1,0.06853965119370807,0.2606499493122101,0.046265125,0.10628119999999998,-0.11001607472534178,2
2026-08-19,CGPOWER,17,1,0.04450685827405157,0.2316276580095291,-0.15028715,0.1062812,-0.30656835133666993,2
2026-08-19,CGPOWER,18,1,0.04370133557680237,0.24972516298294067,-0.87537766,0.10628120000000002,-1.0316588550292969,2
2026-08-19,CGPOWER,19,1,0.04320009960430571,0.24627771973609924,-0.31713247,0.1062812,-0.47341367299194337,2
2026-08-19,CGPOWER,21,1,0.047052978654808925,0.23054838180541992,-0.02886653,0.1062812,-0.1851477294647217,2
2026-08-19,CGPOWER,22,1,0.0429110102881899,0.22795546054840088,0.0057697296,0.1062812,-0.1505114703857422,2
2026-08-19,CGPOWER,66,1,0.05262102694203472,0.1618318110704422,-0.4218936,0.1062812,-0.5781747966491699,2
2026-08-19,CHOLAFIN,3,1,0.04083518841979003,0.33693215250968933,0.29001236,0.1062812,0.13373115961914062,2
2026-08-19,CHOLAFIN,11,-1,-0.0516610875682055,0.27407407760620117,0.1285553,0.10628119999999998,-0.02772590214843748,2
2026-08-19,CHOLAFIN,20,1,0.04182239248246749,0.15512961149215698,-0.08584261,0.1062812,-0.2421238094055176,2
2026-08-19,CHOLAFIN,21,1,0.042183489191393635,0.1521630585193634,-0.17166138,0.10628119999999998,-0.32794257695312495,2
2026-08-19,CHOLAFIN,22,1,0.04550881386980323,0.14882522821426392,-0.03221631,0.10628119999999998,-0.1884975105010986,2
2026-08-19,CHOLAFIN,66,1,0.04123945702844343,0.1618672013282776,0.15575886,0.10628119999999998,-0.0005223422729492,2
2026-08-19,CIPLA,3,1,0.04222962702718705,0.345346599817276,0.21027327,0.1062812,0.05399206583862304,2
2026-08-19,CIPLA,11,-1,-0.06318972256366408,0.2093254178762436,0.29380322,0.10628120000000002,0.13752201502685546,2
2026-08-19,CIPLA,15,1,0.06038129696719458,0.14061640202999115,-0.12611747,0.1062812,-0.28239866788024903,2
2026-08-19,CIPLA,22,1,0.04095139188505894,0.12476837635040283,0.028049946,0.10628120000000002,-0.12823125416870118,2
2026-08-19,COALINDIA,3,1,0.061198063240907055,0.457543283700943,-0.29876232,0.1062812,-0.455043521472168,2
2026-08-19,COALINDIA,15,1,0.06941334894747257,0.20115631818771362,0.46516657,0.10628119999999998,0.30888536875610356,2
2026-08-19,COALINDIA,16,1,0.04922066767013099,0.1992354691028595,0.38944483,0.1062812,0.23316362803344726,2
2026-08-19,COCHINSHIP,3,1,0.08621047853299267,0.6411128044128418,0.37212372,0.1062812,0.21584251826171874,2
2026-08-19,COCHINSHIP,5,1,0.052581104186664146,0.5051540732383728,0.35258532,0.1062812,0.1963041157043457,2
2026-08-19,COCHINSHIP,6,1,0.04638851202176349,0.4877825081348419,0.04734993,0.1062812,-0.1089312701904297,2
2026-08-19,COCHINSHIP,15,1,0.05781548953940107,0.24712301790714264,-0.115048885,0.1062812,-0.271330085345459,2
2026-08-19,COCHINSHIP,20,1,0.04641194062528608,0.18094158172607422,0.17610788,0.1062812,0.01982668345336913,2
2026-08-19,COCHINSHIP,66,1,0.04286283703809582,0.15064409375190735,0.06737709,0.10628119999999998,-0.08890410954589842,2
2026-08-19,COFORGE,3,1,0.061955879061465054,0.8970293998718262,0.3895402,0.1062812,0.23325899546508788,2
2026-08-19,COFORGE,20,1,0.06017714722013749,0.33312878012657166,0.10544062,0.1062812,-0.05084058339233399,2
2026-08-19,COFORGE,21,1,0.055642229893189524,0.33310171961784363,0.41131973,0.1062812,0.2550385326660156,2
2026-08-19,COFORGE,22,1,0.05385520248873009,0.322256863117218,0.67225695,0.10628119999999998,0.5159757465637207,2
2026-08-19,COLPAL,3,1,0.05123639932944267,0.5154755711555481,0.084376335,0.10628119999999998,-0.07190486485595701,2
2026-08-19,COLPAL,15,1,0.045787432687992735,0.17952179908752441,-0.74484944,0.1062812,-0.901130643435669,2
2026-08-19,COLPAL,20,1,0.047017456221129704,0.17475251853466034,-0.06913543,0.1062812,-0.2254166274749756,2
2026-08-19,COLPAL,21,1,0.041687118975926835,0.18903248012065887,0.21338463,0.10628119999999998,0.057103428295898456,2
2026-08-19,COLPAL,66,1,0.05828173527854706,0.17554821074008942,0.10706186,0.10628120000000002,-0.04921933705444338,2
2026-08-19,CONCOR,3,1,0.04359973350775696,0.48668813705444336,0.27133226,0.1062812,0.11505106394653318,2
2026-08-19,CONCOR,22,1,0.043474328310175524,0.16299889981746674,-0.4271865,0.1062812,-0.5834676891052246,2
2026-08-19,CONCOR,66,1,0.06493560801822429,0.1963229477405548,-0.11692047,0.1062812,-0.27320167119140626,2
2026-08-19,COROMANDEL,3,1,0.05897055351462452,0.4054951071739197,0.034201145,0.1062812,-0.12208005482788087,2
2026-08-19,CRISIL,3,1,0.042597576177879785,0.40284571051597595,0.19273758,0.1062812,0.036456379345703116,2
2026-08-19,CRISIL,15,1,0.04168569163492901,0.24389007687568665,-0.011223555,0.1062812,-0.16750475461120606,2
2026-08-19,CRISIL,20,1,0.05243931348740495,0.24332770705223083,0.29815435,0.1062812,0.14187315409545898,2
2026-08-19,CRISIL,22,1,0.04669487677006557,0.20575302839279175,0.2511263,0.1062812,0.09484508936767576,2
2026-08-19,CRISIL,65,1,0.04632763731407904,0.30865922570228577,-0.45650005,0.10628119999999998,-0.6127812534057617,2
2026-08-19,CRISIL,66,1,0.07184454799447484,0.2824784517288208,-0.4322648,0.1062812,-0.5885460048400879,2
2026-08-19,CRISIL,67,1,0.08236928279957989,0.27218830585479736,-0.15764236,0.10628120000000002,-0.31392356450195313,2
2026-08-19,CUMMINSIND,3,1,0.04210256026429889,0.4607638120651245,0.104510784,0.10628119999999998,-0.05177041585083006,2
2026-08-19,CUMMINSIND,8,1,0.04150191164161086,0.3326680064201355,-0.30412674,0.1062812,-0.46040793950195313,2
2026-08-19,CUMMINSIND,13,1,0.05201794655011504,0.2871021628379822,0.17145872,0.1062812,0.015177521160888663,2
2026-08-19,CUMMINSIND,15,1,0.06671264508996003,0.21857550740242004,0.15251637,0.10628119999999998,-0.00376483494873045,2
2026-08-19,CUMMINSIND,66,1,0.04551039800148241,0.1440863162279129,-0.16257167,0.10628119999999998,-0.3188528686248779,2
2026-08-19,DABUR,3,1,0.047350340840095276,0.32751092314720154,0.3119111,0.1062812,0.15562990610961913,2
2026-08-19,DABUR,11,-1,-0.05604811147841786,0.20105382800102234,0.38557053,0.10628119999999998,0.22928932612304692,2
2026-08-19,DABUR,15,1,0.04824381795349792,0.15677030384540558,-0.14964342,0.1062812,-0.3059246211730957,2
2026-08-19,DABUR,20,1,0.04104701257413984,0.11771011352539062,-0.012481213,0.10628119999999998,-0.16876241261596678,2
2026-08-19,DABUR,21,1,0.04560052546046456,0.12686456739902496,0.18765926,0.10628119999999998,0.03137806361083986,2
2026-08-19,DABUR,66,1,0.047119184310904866,0.10736992955207825,-0.112736225,0.10628120000000002,-0.26901742512817384,2
2026-08-19,DALBHARAT,4,-1,-0.0419431451080316,0.48513078689575195,-0.0813961,0.10628119999999998,-0.2376773029052734,2
2026-08-19,DALBHARAT,8,1,0.04109706029830877,0.4100283980369568,-0.032520294,0.1062812,-0.18880149418945313,2
2026-08-19,DALBHARAT,11,-1,-0.05260968918599149,0.35785913467407227,0.037956238,0.1062812,-0.11832496220703126,2
2026-08-19,DALBHARAT,66,1,0.04375125168751947,0.20122964680194855,0.40160418,0.1062812,0.24532297556762694,2
2026-08-19,DIVISLAB,3,1,0.04217109748380025,0.3598385155200958,0.05850792,0.1062812,-0.09777328068847657,2
2026-08-19,DIVISLAB,11,-1,-0.05831002851182812,0.24220848083496094,0.4962027,0.1062812,0.3399215072906494,2
2026-08-19,DIVISLAB,15,1,0.05971109872977842,0.16828830540180206,-0.356704,0.10628119999999998,-0.5129851966583252,2
2026-08-19,DIVISLAB,16,1,0.042153820761549,0.16898250579833984,-0.22839308,0.1062812,-0.3846742778503418,2
2026-08-19,DIVISLAB,66,1,0.04301973768346565,0.09336794167757034,0.0,0.1062812,-0.1562812,2
2026-08-19,DIXON,3,1,0.04248546261376712,0.4803261160850525,0.57446957,0.1062812,0.41818836634521483,2
2026-08-19,DIXON,66,1,0.07114562470554339,0.24795424938201904,0.020694733,0.10628120000000002,-0.13558646733398438,2
2026-08-19,DIXON,67,1,0.065184995632414,0.2489454448223114,-0.006914139,0.1062812,-0.16319533879394532,2
2026-08-19,DLF,3,1,0.06526797461897174,0.5608203411102295,1.212585,0.1062812,1.0563037723815918,2
2026-08-19,DLF,15,1,0.04559568321868908,0.4235312342643738,0.12711287,0.1062812,-0.029168334552001962,2
2026-08-19,DLF,18,1,0.043995287881234385,0.3784773051738739,0.38975477,0.10628120000000002,0.2334735721862793,2
2026-08-19,DLF,20,1,0.04181246876512499,0.3585836589336395,-0.11936426,0.1062812,-0.2756454616271973,2
2026-08-19,DLF,22,1,0.04979659855267124,0.324846476316452,0.03732443,0.10628120000000002,-0.11895677144165041,2
2026-08-19,DLF,66,1,0.05775142781922794,0.16300339996814728,-0.35797358,0.1062812,-0.514254775592041,2
2026-08-19,DMART,3,1,0.04730869619260962,0.3594338595867157,0.12527704,0.10628119999999998,-0.031004157611083966,2
2026-08-19,DMART,15,1,0.04137585101583702,0.1777748465538025,-0.14286637,0.1062812,-0.2991475730621338,2
2026-08-19,DMART,22,1,0.04213531888651689,0.15096089243888855,0.1556158,0.10628119999999998,-0.0006653934204101375,2
2026-08-19,DMART,66,1,0.07014302355725183,0.18904933333396912,0.2318263,0.1062812,0.07554510538940427,2
2026-08-19,DRREDDY,6,1,0.048643191042388845,0.33535048365592957,0.44071674,0.10628119999999998,0.28443554346923833,2
2026-08-19,DRREDDY,8,1,0.043829627032952304,0.3093986213207245,0.3047228,0.1062812,0.14844158594970702,2
2026-08-19,DRREDDY,11,-1,-0.07276279557821025,0.2923966348171234,0.21929741,0.1062812,0.06301620905761718,2
2026-08-19,DRREDDY,15,1,0.04590067700093946,0.2224225550889969,-0.3712356,0.10628119999999998,-0.5275168090545654,2
2026-08-19,DRREDDY,21,1,0.04441531225391737,0.17242901027202606,0.04234314,0.1062812,-0.11393806035156251,2
2026-08-19,DRREDDY,22,1,0.04373104444321503,0.16393154859542847,-0.06774068,0.1062812,-0.22402187878723145,2
2026-08-19,DRREDDY,66,1,0.0458650974615112,0.17415715754032135,0.059854984,0.1062812,-0.09642621571655274,2
2026-08-19,EICHERMOT,15,1,0.04547259588644981,0.21411655843257904,0.14332533,0.1062812,-0.012955871173095712,2
2026-08-19,EICHERMOT,66,1,0.056937044484146195,0.15359051525592804,0.08170605,0.1062812,-0.07457515294189454,2
2026-08-19,ENDURANCE,3,1,0.05733424869585393,0.7384223341941833,-0.29904246,0.1062812,-0.4553236633026123,2
2026-08-19,ENDURANCE,15,1,0.056282118283193724,0.2948715090751648,0.006687641,0.1062812,-0.14959355885620118,2
2026-08-19,ENDURANCE,16,1,0.04981554564825401,0.2866855263710022,-0.030070543,0.1062812,-0.18635174328918458,2
2026-08-19,ENDURANCE,20,1,0.04380806096518857,0.21597839891910553,-0.036782026,0.1062812,-0.19306322629089356,2
2026-08-19,ENDURANCE,21,1,0.04250854068397064,0.21091842651367188,-0.19711256,0.1062812,-0.3533937602722168,2
2026-08-19,ESCORTS,4,-1,-0.0423206126753055,0.3673079311847687,-0.13397932,0.1062812,-0.29026052052612306,2
2026-08-19,ESCORTS,11,-1,-0.08885274868188593,0.23714780807495117,0.39464235,0.1062812,0.23836115305786132,2
2026-08-19,ESCORTS,15,1,0.05105084954013464,0.17961756885051727,-0.28449893,0.1062812,-0.440780129977417,2
2026-08-19,ESCORTS,22,1,0.04784952426821799,0.16748082637786865,-0.049120188,0.1062812,-0.20540138775939942,2
2026-08-19,ETERNAL,3,1,0.04084516023668086,0.48114728927612305,-0.15639663,0.10628119999999998,-0.3126778274261474,2
2026-08-19,ETERNAL,20,1,0.04653403290266082,0.19610781967639923,-0.3137231,0.10628119999999998,-0.47000428731079097,2
2026-08-19,ETERNAL,66,1,0.040882582927309244,0.15242423117160797,0.0,0.1062812,-0.1562812,2
2026-08-19,EXIDEIND,3,1,0.048322544843231605,1.0430161952972412,0.48491955,0.1062812,0.32863834803466796,2
2026-08-19,EXIDEIND,15,1,0.051837532411487974,0.47270604968070984,-0.1936078,0.1062812,-0.34988900715942384,2
2026-08-19,EXIDEIND,16,1,0.047222048456935777,0.3940463066101074,-0.03231764,0.1062812,-0.1885988383972168,2
2026-08-19,EXIDEIND,17,1,0.04590703692666598,0.3460071384906769,0.086236,0.1062812,-0.07004519993896485,2
2026-08-19,EXIDEIND,18,1,0.05330071180767608,0.3378221094608307,-0.043189526,0.10628119999999998,-0.199470725604248,2
2026-08-19,EXIDEIND,20,1,0.046673200776348525,0.2980046272277832,-0.42043328,0.1062812,-0.5767144828521729,2
2026-08-19,EXIDEIND,21,1,0.044853357897843976,0.29816535115242004,-0.34515858,0.1062812,-0.501439776965332,2
2026-08-19,EXIDEIND,22,1,0.04144924471580763,0.2940593361854553,-0.40970445,0.1062812,-0.5659856467926025,2
2026-08-19,FEDERALBNK,11,-1,-0.04401278519949703,0.2561432123184204,0.40333867,0.1062812,0.2470574707305908,2
2026-08-19,FEDERALBNK,15,1,0.04262756321598869,0.21292224526405334,-0.12537837,0.10628119999999998,-0.28165957028503413,2
2026-08-19,FLUOROCHEM,18,1,0.04956962345856044,0.3665663003921509,-0.33006668,0.1062812,-0.48634788090820313,2
2026-08-19,FLUOROCHEM,19,1,0.05190120358263635,0.31842735409736633,-0.35532713,0.10628119999999998,-0.5116083293640137,2
2026-08-19,FLUOROCHEM,20,1,0.06130484645518106,0.34799882769584656,-0.24484992,0.1062812,-0.40113112027282716,2
2026-08-19,FLUOROCHEM,22,1,0.04981195296387005,0.4049362540245056,0.109136105,0.10628119999999998,-0.04714509541625975,2
2026-08-19,FORTIS,3,1,0.07654106362596376,0.69615638256073,0.75650215,0.1062812,0.6002209514892578,2
2026-08-19,FORTIS,15,1,0.0412028402934213,0.26503849029541016,-0.09791851,0.1062812,-0.2541997104370117,2
2026-08-19,GAIL,11,-1,-0.1409739422688718,0.19864362478256226,0.23776889,0.10628119999999998,0.08148768847351077,2
2026-08-19,GAIL,15,1,0.061456396923373124,0.1447887420654297,0.26797056,0.1062812,0.11168936198120115,2
2026-08-19,GAIL,20,1,0.04090963670486439,0.13404378294944763,-0.12781024,0.10628119999999998,-0.28409143979187007,2
2026-08-19,GICRE,3,1,0.0408618044274027,0.40188175439834595,0.47143698,0.10628119999999998,0.31515577738647466,2
2026-08-19,GICRE,20,1,0.045482602847640274,0.20662467181682587,-0.30465722,0.1062812,-0.4609384208404541,2
2026-08-19,GICRE,21,1,0.04522349840541569,0.2061784863471985,-0.124806166,0.1062812,-0.28108736569519044,2
2026-08-19,GICRE,22,1,0.040798502092053476,0.20023129880428314,-0.09711385,0.1062812,-0.25339504773254395,2
2026-08-19,GICRE,66,1,0.04569085506703334,0.1550643891096115,-0.09735823,0.1062812,-0.25363942677612306,2
2026-08-19,GLAXO,7,1,0.07934571179622313,0.9002994894981384,0.30546188,0.1062812,0.14918068354492187,2
2026-08-19,GLAXO,8,1,0.09103295527531809,0.8922385573387146,0.25562048,0.1062812,0.09933927958374021,2
2026-08-19,GLAXO,9,1,0.08290337928379818,0.8531265258789062,-0.28772354,0.1062812,-0.44400474125976563,2
2026-08-19,GLAXO,10,1,0.05805577392940022,0.8036896586418152,-0.14238358,0.1062812,-0.29866477543945313,2
2026-08-19,GLAXO,13,1,0.0775128611180392,0.7749262452125549,-1.0498166,0.10628119999999998,-1.206097808428955,2
2026-08-19,GLAXO,14,1,0.07405342172695953,0.6748005747795105,-0.72852373,0.1062812,-0.8848049312316895,2
2026-08-19,GLAXO,15,1,0.0922935254757861,0.6438036561012268,-0.52344203,0.10628119999999998,-0.6797232299530029,2
2026-08-19,GLAXO,16,1,0.08939424903744883,0.6230756640434265,-0.43118,0.1062812,-0.5874612003051758,2
2026-08-19,GLAXO,17,1,0.08776338252933778,0.5878763198852539,-0.53347945,0.10628119999999998,-0.6897606521331787,2
2026-08-19,GLAXO,18,1,0.08435913590880753,0.5241270065307617,-0.454396,0.1062812,-0.6106772094451904,2
2026-08-19,GLAXO,20,1,0.10040211970084165,0.6017125248908997,0.34139156,0.1062812,0.18511036341552733,2
2026-08-19,GLAXO,21,1,0.10363467496107043,0.5384901165962219,0.07004738,0.10628119999999998,-0.08623382145996092,2
2026-08-19,GLAXO,22,1,0.10964220485514252,0.516440212726593,-0.06993413,0.1062812,-0.22621532971496583,2
2026-08-19,GLAXO,23,1,0.0780415539762341,0.4894360899925232,-0.06662011,0.1062812,-0.2229013114654541,2
2026-08-19,GLAXO,24,1,0.09236492968864113,0.48923107981681824,-0.21336675,0.10628119999999998,-0.3696479469024658,2
2026-08-19,GLAXO,25,1,0.06861678278076455,0.4231506586074829,-1.0132372,0.10628119999999998,-1.1695184379302979,2
2026-08-19,GLAXO,26,1,0.049991926770632786,0.40158185362815857,-1.1148989,0.1062812,-1.271180120059204,2
2026-08-19,GLAXO,27,1,0.04350406831814765,0.4026493728160858,-0.9433031,0.1062812,-1.099584308215332,2
2026-08-19,GLAXO,28,1,0.06296010929598078,0.3959651291370392,-0.2466321,0.10628119999999998,-0.4029132991516113,2
2026-08-19,GLAXO,29,1,0.057955237092911324,0.3927779793739319,-0.1634121,0.1062812,-0.31969329411621095,2
2026-08-19,GLAXO,30,1,0.06215346735487743,0.3830944299697876,0.24996996,0.10628119999999998,0.09368875925903324,2
2026-08-19,GLAXO,31,1,0.06540384188112848,0.4030556380748749,0.25051832,0.10628119999999998,0.09423712199096683,2
2026-08-19,GLAXO,35,1,0.0646037858366004,0.37086454033851624,0.26737452,0.1062812,0.11109331553344724,2
2026-08-19,GLAXO,36,1,0.05673796350963859,0.3485998809337616,0.22704601,0.1062812,0.07076481287841796,2
2026-08-19,GLAXO,37,1,0.06508595086360622,0.37735140323638916,-0.09653568,0.10628119999999998,-0.2528168826782226,2
2026-08-19,GLAXO,38,1,0.05506610325857791,0.3962557017803192,0.033330917,0.1062812,-0.12295028264160157,2
2026-08-19,GLAXO,39,1,0.0668452754764945,0.3842849135398865,0.036656857,0.10628119999999998,-0.11962434346313475,2
2026-08-19,GLAXO,40,1,0.0433551281158642,0.37166574597358704,0.033330917,0.1062812,-0.12295028264160157,2
2026-08-19,GLAXO,41,1,0.06676999532584152,0.36598262190818787,-0.00333786,0.1062812,-0.15961906010742188,2
2026-08-19,GLAXO,42,1,0.06794930389892213,0.36357131600379944,-0.0066637993,0.1062812,-0.16294499928588868,2
2026-08-19,GLAXO,43,1,0.057955237092911324,0.3716816306114197,0.053346157,0.1062812,-0.1029350429260254,2
2026-08-19,GLAXO,44,1,0.06600463856412324,0.3726828992366791,0.00667572,0.1062812,-0.14960547978515626,2
2026-08-19,GLAXO,45,1,0.06615031672544171,0.34775248169898987,0.12996197,0.1062812,-0.02631923253173829,2
2026-08-19,GLAXO,46,1,0.0578553445415166,0.29057833552360535,0.019991398,0.1062812,-0.136289802142334,2
2026-08-19,GLAXO,47,1,0.062256790910631105,0.27129292488098145,0.019991398,0.1062812,-0.136289802142334,2
2026-08-19,GLAXO,48,1,0.054346271303626,0.24490180611610413,-0.013327599,0.10628119999999998,-0.16960879857177732,2
2026-08-19,GLAXO,49,1,0.0426022736699267,0.19874326884746552,0.26323795,0.10628119999999998,0.10695675318603519,2
2026-08-19,GLAXO,50,1,0.04280522753701498,0.1904127150774002,0.13993979,0.1062812,-0.0163414149963379,2
2026-08-19,GLAXO,51,1,0.046619042798774435,0.15491701662540436,0.06331205,0.1062812,-0.09296914631958009,2
2026-08-19,GLAXO,52,1,0.043715983475283764,0.12575094401836395,0.009989738,0.1062812,-0.14629146153564454,2
2026-08-19,GLAXO,53,1,0.04576709181716012,0.12729550898075104,0.056624413,0.1062812,-0.09965678746337892,2
2026-08-19,GLAXO,54,1,0.0503146061866904,0.1272912621498108,0.036633015,0.1062812,-0.11964818532104493,2
2026-08-19,GLAXO,55,1,0.04152326705550502,0.12925881147384644,0.033307076,0.1062812,-0.12297412449951173,2
2026-08-19,GLAXO,56,1,0.05394462712596394,0.1448073387145996,-0.11637807,0.1062812,-0.2726592689239502,2
2026-08-19,GLAXO,57,1,0.05715705256152268,0.14022263884544373,-0.14640093,0.1062812,-0.30268212849731446,2
2026-08-19,GLAXO,58,1,0.05278127919151611,0.1526980698108673,-0.12978315,0.1062812,-0.28606435353393556,2
2026-08-19,GLAXO,60,1,0.04166873946321556,0.1636067032814026,0.5324602,0.1062812,0.3761790127075195,2
2026-08-19,GLAXO,61,1,0.070326593247002,0.16786430776119232,0.66890717,0.1062812,0.5126259655273437,2
2026-08-19,GLAXO,62,1,0.07131683238612117,0.16245554387569427,1.0584116,0.1062812,0.9021303982055664,2
2026-08-19,GLAXO,63,1,0.06861413112851769,0.1593155413866043,1.0591149,0.1062812,0.902833733013916,2
2026-08-19,GLAXO,64,1,0.05911391532992928,0.1639915555715561,0.96297264,0.1062812,0.8066914409912109,2
2026-08-19,GLAXO,65,1,0.06438025108074905,0.16303370893001556,0.99630356,0.1062812,0.8400223583496094,2
2026-08-19,GLAXO,66,1,0.0912320327513164,0.1881243884563446,1.3421893,0.10628119999999998,1.1859081119812012,2
2026-08-19,GLAXO,67,1,0.08248433812263661,0.2116197943687439,0.14234781,0.10628119999999998,-0.01393338734741209,2
2026-08-19,GLENMARK,15,1,0.06790085177640043,0.4339953064918518,-1.7180622,0.10628119999999998,-1.874343362399292,2
2026-08-19,GLENMARK,16,1,0.07038015224426662,0.435519278049469,-1.4142394,0.1062812,-1.5705206065856934,2
2026-08-19,GODFRYPHLP,3,1,0.04254126230396625,0.42039692401885986,0.7104993,0.1062812,0.5542180866516113,2
2026-08-19,GODFRYPHLP,15,1,0.052648133971768374,0.36300525069236755,-0.37965178,0.1062812,-0.5359329848968506,2
2026-08-19,GODFRYPHLP,16,1,0.04939545278296586,0.35520806908607483,0.37988424,0.1062812,0.2236030430114746,2
2026-08-19,GODFRYPHLP,20,1,0.045352329232290274,0.34546881914138794,0.39789677,0.10628119999999998,0.2416155666625977,2
2026-08-19,GODFRYPHLP,21,1,0.05135167244822164,0.36211657524108887,1.0968089,0.10628119999999998,0.940527710369873,2
2026-08-19,GODFRYPHLP,22,1,0.05405735196517139,0.3361826539039612,0.98603964,0.10628119999999998,0.8297584385192871,2
2026-08-19,GODFRYPHLP,66,1,0.04729385434284558,0.22838127613067627,-0.53435564,0.1062812,-0.690636840411377,2
2026-08-19,GODFRYPHLP,67,1,0.041622565812876176,0.23225031793117523,-0.68008304,0.1062812,-0.8363642364227295,2
2026-08-19,GODREJCP,3,1,0.05385819335136718,0.4307112395763397,0.9371996,0.1062812,0.780918392590332,2
2026-08-19,GODREJCP,15,1,0.05056661350399677,0.2676377594470978,-0.1070559,0.1062812,-0.2633371024810791,2
2026-08-19,GODREJCP,20,1,0.042408109807774,0.18601487576961517,0.43940544,0.1062812,0.2831242412841797,2
2026-08-19,GODREJCP,66,1,0.04286283703809582,0.1499413698911667,-0.19280314,0.1062812,-0.34908434445495606,2
2026-08-19,GODREJIND,3,1,0.04628127329323473,0.5150391459465027,0.45323372,0.10628119999999998,0.29695251887207036,2
2026-08-19,GODREJIND,15,1,0.05075554550504413,0.19619375467300415,-0.024658442,0.10628119999999998,-0.18093964154357906,2
2026-08-19,GODREJIND,22,1,0.04735764284071229,0.251894474029541,-0.21368265,0.10628119999999998,-0.36996385151977534,2
2026-08-19,GODREJPROP,3,1,0.07105686639303135,0.6684094667434692,0.86233616,0.10628120000000002,0.7060549587524414,2
2026-08-19,GODREJPROP,15,1,0.04580099504267728,0.3236425518989563,0.040388107,0.1062812,-0.11589309270019532,2
2026-08-19,GODREJPROP,16,1,0.04276035694365529,0.27704158425331116,0.1363635,0.10628119999999998,-0.01991769368286131,2
2026-08-19,GODREJPROP,66,1,0.06694842317450964,0.2159731090068817,-0.10510087,0.10628120000000002,-0.2613820701324463,2
2026-08-19,GRASIM,15,1,0.058880603507499206,0.22612574696540833,0.16953945,0.1062812,0.013258251599121085,2
2026-08-19,GRASIM,16,1,0.05041933822608708,0.24532285332679749,0.6160736,0.1062812,0.45979240839843755,2
2026-08-19,GRASIM,17,1,0.04879907933063235,0.24529023468494415,0.8000016,0.1062812,0.6437204212463379,2
2026-08-19,GRASIM,18,1,0.051228482240734695,0.24303875863552094,0.6102681,0.1062812,0.4539869159973145,2
2026-08-19,GRASIM,20,1,0.04139970091249834,0.24358637630939484,0.38341284,0.10628119999999998,0.22713163798217778,2
2026-08-19,GRASIM,21,1,0.0449705089913961,0.26364412903785706,0.15417337,0.1062812,-0.0021078258239746184,2
2026-08-19,GRASIM,22,1,0.04551209009095241,0.26970288157463074,-0.033849478,0.10628119999999998,-0.1901306777679443,2
2026-08-19,GRASIM,66,1,0.05343541027711646,0.15294615924358368,0.4515648,0.1062812,0.29528358881835937,2
2026-08-19,HAL,3,1,0.06134373838863515,0.5002190470695496,0.24881363,0.10628119999999998,0.09253242915039066,2
2026-08-19,HAL,15,1,0.049878097044994824,0.2862929105758667,0.10950565,0.1062812,-0.04677554661865235,2
2026-08-19,HAL,20,1,0.04316870693536049,0.1915062665939331,0.0934124,0.10628119999999998,-0.0628688007080078,2
2026-08-19,HAL,21,1,0.04300222929480659,0.166481152176857,0.07357597,0.1062812,-0.08270522648925782,2
2026-08-19,HAL,66,1,0.07014302355725183,0.1529068797826767,-0.14151931,0.10628119999999998,-0.2978005080902099,2
2026-08-19,HAVELLS,4,-1,-0.04578409897824144,0.4970662593841553,0.2006948,0.1062812,0.044413599423217764,2
2026-08-19,HAVELLS,6,1,0.04139628179493099,0.4131353199481964,-0.77136755,0.1062812,-0.9276487498962402,2
2026-08-19,HAVELLS,11,-1,-0.041236738848185864,0.3358074426651001,0.9359598,0.1062812,0.7796786159790039,2
2026-08-19,HAVELLS,13,1,0.043059566742243434,0.3320440351963043,-0.60634613,0.1062812,-0.7626273303710938,2
2026-08-19,HAVELLS,15,1,0.05669663253105499,0.23084403574466705,-0.25695562,0.1062812,-0.413236823626709,2
2026-08-19,HAVELLS,20,1,0.05174374782818531,0.20949184894561768,-0.13285875,0.1062812,-0.2891399532043457,2
2026-08-19,HAVELLS,66,1,0.047830666917578396,0.14943891763687134,0.047004223,0.10628119999999998,-0.10927697713012693,2
2026-08-19,HCLTECH,3,1,0.04668922971967617,0.5505353212356567,-0.87332726,0.1062812,-1.0296084552490234,2
2026-08-19,HCLTECH,15,1,0.05394308311799926,0.288473516702652,-0.1992464,0.10628119999999998,-0.35552760655517573,2
2026-08-19,HCLTECH,16,1,0.04422922044009627,0.2636592388153076,-0.12253523,0.1062812,-0.27881642872924806,2
2026-08-19,HCLTECH,20,1,0.046078794639248744,0.22984984517097473,0.33704042,0.10628119999999998,0.18075922434692387,2
2026-08-19,HCLTECH,22,1,0.04215779054370835,0.21116551756858826,0.67557096,0.10628119999999998,0.5192897648132324,2
2026-08-19,HCLTECH,66,1,0.04286283703809582,0.14090745151042938,0.33394098,0.1062812,0.1776597828186035,2
2026-08-19,HDFCAMC,3,1,0.041517502700449654,0.5973141193389893,0.25393963,0.1062812,0.0976584286010742,2
2026-08-19,HDFCAMC,15,1,0.04399782880342228,0.24536706507205963,0.7934928,0.1062812,0.6372115940368652,2
2026-08-19,HDFCAMC,20,1,0.04767174385965171,0.21260491013526917,0.27239323,0.10628119999999998,0.11611202662353519,2
2026-08-19,HDFCAMC,66,1,0.06302487766028086,0.18547628819942474,-0.04721284,0.10628119999999998,-0.20349403912658687,2
2026-08-19,HDFCBANK,15,1,0.06017092774712994,0.1531328409910202,-0.11870265,0.1062812,-0.27498385007019044,2
2026-08-19,HDFCBANK,20,1,0.041710222179302585,0.13526931405067444,0.13276339,0.1062812,-0.02351781422729493,2
2026-08-19,HDFCBANK,22,1,0.04173569380496475,0.12733639776706696,0.1747489,0.1062812,0.018467697552490225,2
2026-08-19,HDFCLIFE,3,1,0.047973911017362016,0.47359490394592285,0.13997555,0.1062812,-0.016305652209472665,2
2026-08-19,HDFCLIFE,15,1,0.0596827305586862,0.17045162618160248,-0.009351969,0.1062812,-0.1656331687652588,2
2026-08-19,HEROMOTOCO,4,-1,-0.052289271081176966,0.4225229024887085,-0.39277077,0.10628119999999998,-0.5490519672119141,2
2026-08-19,HEROMOTOCO,6,1,0.044524560300860036,0.3803039789199829,0.5413413,0.1062812,0.3850601047790527,2
2026-08-19,HEROMOTOCO,11,-1,-0.07034701128765536,0.3615313172340393,0.30434728,0.1062812,0.14806607668762206,2
2026-08-19,HEROMOTOCO,15,1,0.05275192009497106,0.29549357295036316,-0.3135085,0.1062812,-0.4697897105895996,2
2026-08-19,HEROMOTOCO,16,1,0.06119215859636252,0.28516635298728943,-0.25278926,0.10628119999999998,-0.40907045895690913,2
2026-08-19,HEROMOTOCO,17,1,0.05103939920251289,0.27530020475387573,-0.26159883,0.10628119999999998,-0.41788002545471187,2
2026-08-19,HEROMOTOCO,18,1,0.05063467385057202,0.2622889578342438,-0.2877295,0.1062812,-0.4440107017242432,2
2026-08-19,HEROMOTOCO,19,1,0.04557004870582777,0.2563718557357788,-0.096058846,0.10628119999999998,-0.2523400455200195,2
2026-08-19,HEROMOTOCO,20,1,0.048942023066688295,0.23832400143146515,-0.16579628,0.1062812,-0.32207747990722657,2
2026-08-19,HEROMOTOCO,66,1,0.05844589114342206,0.13732630014419556,0.096964836,0.10628119999999998,-0.05931636387939451,2
2026-08-19,HINDALCO,4,-1,-0.0483200073574477,0.3659732937812805,-0.35036802,0.10628119999999998,-0.5066492229187012,2
2026-08-19,HINDALCO,6,1,0.04579123438316411,0.33146998286247253,0.2184391,0.1062812,0.062157902172851554,2
2026-08-19,HINDALCO,11,-1,-0.06289113872171005,0.27115094661712646,0.14544725,0.10628119999999998,-0.010833945819091778,2
2026-08-19,HINDALCO,15,1,0.04905857598706197,0.22365735471248627,0.01938343,0.1062812,-0.13689776951904298,2
2026-08-19,HINDALCO,16,1,0.04227355820232219,0.21001216769218445,0.08248091,0.1062812,-0.07380029255981446,2
2026-08-19,HINDALCO,66,1,0.04308923934325763,0.15035280585289001,-0.009661913,0.10628119999999998,-0.1659431129180908,2
2026-08-19,HINDPETRO,15,1,0.05612894714411683,0.15749146044254303,0.5341768,0.10628120000000002,0.3778956264770508,2
2026-08-19,HINDPETRO,20,1,0.04573730936548227,0.13122354447841644,0.67169666,0.10628119999999998,0.515415462902832,2
2026-08-19,HINDUNILVR,15,1,0.04964772791856189,0.13960599899291992,-0.2423644,0.10628119999999998,-0.3986456065856933,2
2026-08-19,HINDUNILVR,20,1,0.04337844038263547,0.11500277370214462,-0.02475977,0.1062812,-0.18104096943969727,2
2026-08-19,HINDUNILVR,21,1,0.044351477118022675,0.12190679460763931,0.10416508,0.1062812,-0.05211612279052735,2
2026-08-19,HINDUNILVR,22,1,0.04209350652971844,0.1232505813241005,0.1090765,0.10628119999999998,-0.04720470006103514,2
2026-08-19,HINDUNILVR,66,1,0.04741361140300718,0.12512065470218658,0.3084898,0.10628119999999998,0.15220859949951177,2
2026-08-19,HINDZINC,4,-1,-0.0518978854674849,0.42391347885131836,-0.0,0.1062812,-0.1562812,2
2026-08-19,HINDZINC,6,1,0.04805822121873923,0.3778819441795349,-0.04529357,0.1062812,-0.20157476956481934,2
2026-08-19,HINDZINC,8,1,0.04648354988534789,0.34492987394332886,-0.14480948,0.10628119999999998,-0.3010906844818115,2
2026-08-19,HINDZINC,9,1,0.04104055117326862,0.3267875611782074,-0.14483333,0.1062812,-0.3011145263397217,2
2026-08-19,HINDZINC,11,-1,-0.05205328671277037,0.29966843128204346,0.23542047,0.1062812,0.07913926546936033,2
2026-08-19,HINDZINC,15,1,0.05374333479207519,0.22400394082069397,0.33539534,0.10628119999999998,0.1791141361511231,2
2026-08-19,HINDZINC,66,1,0.05837389566771521,0.13408109545707703,-0.1796782,0.10628120000000002,-0.33595940167541505,2
2026-08-19,HINDZINC,67,1,0.047883277078411744,0.13872182369232178,0.18886328,0.10628119999999998,0.03258207743530275,2
2026-08-19,HONAUT,3,1,0.06226463895215069,0.38445553183555603,0.055396557,0.1062812,-0.10088464314575196,2
2026-08-19,HONAUT,20,1,0.043235323628877456,0.11972374469041824,0.08305311,0.1062812,-0.07322808796997071,2
2026-08-19,HUDCO,3,1,0.04159737081795762,0.3634413778781891,2.1310568,0.1062812,1.9747755855834959,2
2026-08-19,HUDCO,15,1,0.04167103991795152,0.4327075481414795,-0.53500533,0.1062812,-0.6912865310394287,2
2026-08-19,HUDCO,16,1,0.04347491068764633,0.4238745868206024,-0.54088235,0.1062812,-0.6971635490142822,2
2026-08-19,HUDCO,19,1,0.045552656359864975,0.3667807877063751,-0.53644776,0.1062812,-0.6927289634429932,2
2026-08-19,HUDCO,20,1,0.06127648930725808,0.2821958065032959,-0.55763125,0.1062812,-0.713912454196167,2
2026-08-19,HUDCO,21,1,0.06023497263280616,0.28288033604621887,-0.43239594,0.1062812,-0.5886771350585938,2
2026-08-19,HUDCO,22,1,0.05002137173229198,0.25688979029655457,-0.47982335,0.1062812,-0.6361045509063721,2
2026-08-19,ICICIBANK,15,1,0.040911654683411694,0.13537634909152985,-0.29210448,0.1062812,-0.44838568265075684,2
2026-08-19,ICICIBANK,20,1,0.04573730936548227,0.10031711310148239,-0.22810698,0.1062812,-0.38438817555541993,2
2026-08-19,ICICIBANK,21,1,0.04274434683998289,0.1039406955242157,-0.28530955,0.1062812,-0.4415907531463623,2
2026-08-19,ICICIBANK,22,1,0.042731750478232855,0.11381641030311584,-0.050008297,0.1062812,-0.20628949696655274,2
2026-08-19,ICICIGI,3,1,0.05201836023974864,0.3368174135684967,0.26568174,0.1062812,0.10940054362182615,2
2026-08-19,ICICIGI,20,1,0.04740165463684439,0.1377875953912735,0.061821938,0.10628120000000002,-0.09445926243896487,2
2026-08-19,ICICIGI,22,1,0.04338067784999172,0.12426634132862091,0.27861595,0.1062812,0.12233475153808591,2
2026-08-19,ICICIGI,66,1,0.052272594067563245,0.1703505516052246,-0.43233633,0.10628119999999998,-0.5886175304138184,2
2026-08-19,ICICIPRULI,3,1,0.05123639932944267,0.5071637630462646,0.1211524,0.10628119999999998,-0.035128799029541,2
2026-08-19,ICICIPRULI,66,1,0.053852465791687676,0.13127034902572632,0.19967556,0.1062812,0.043394359997558585,2
2026-08-19,IDEA,3,1,0.04655840834497421,0.6236625909805298,-0.28510094,0.10628119999999998,-0.4413821368896484,2
2026-08-19,IDEA,15,1,0.066065080481363,0.2971925139427185,0.2153635,0.1062812,0.0590823025024414,2
2026-08-19,IDEA,16,1,0.064854729454419,0.28694427013397217,0.0,0.1062812,-0.1562812,2
2026-08-19,IDEA,17,1,0.05719235409136269,0.2768946588039398,0.0,0.1062812,-0.1562812,2
2026-08-19,IDEA,18,1,0.048506791821712476,0.2613236904144287,0.1434803,0.1062812,-0.012800899096679696,2
2026-08-19,IDEA,19,1,0.04671811268530782,0.25125566124916077,0.14357567,0.1062812,-0.012705531665039071,2
2026-08-19,IDEA,20,1,0.05033992795237066,0.25619906187057495,0.0,0.1062812,-0.1562812,2
2026-08-19,IDEA,21,1,0.06014287164905001,0.2567516267299652,0.21567345,0.1062812,0.05939224665527343,2
2026-08-19,IDEA,22,1,0.049137700126326594,0.2762986421585083,-0.14336705,0.1062812,-0.2996482520782471,2
2026-08-19,IDFCFIRSTB,4,-1,-0.0495309918906608,0.23980171978473663,-0.25861263,0.10628119999999998,-0.4148938327514648,2
2026-08-19,IDFCFIRSTB,15,1,0.0580257521320681,0.1643204540014267,-0.09384751,0.1062812,-0.25012871319885255,2
2026-08-19,IDFCFIRSTB,21,1,0.04274129136828861,0.17086707055568695,-0.023448467,0.1062812,-0.17972966725463868,2
2026-08-19,IDFCFIRSTB,22,1,0.042738767595418725,0.160204216837883,0.058710575,0.1062812,-0.09757062489624024,2
2026-08-19,INDHOTEL,3,-1,-0.05708799560391492,0.17489854991436005,-0.41276217,0.1062812,-0.5690433650695801,2
2026-08-19,INDHOTEL,4,-1,-0.06025829416349658,0.17189472913742065,-0.6569624,0.1062812,-0.8132435947143555,2
2026-08-19,INDHOTEL,11,-1,-0.14278211226801393,0.20483280718326569,0.2846837,0.1062812,0.1284025043762207,2
2026-08-19,INDHOTEL,15,1,0.04235468029712392,0.1739983707666397,-0.11134148,0.1062812,-0.2676226764404297,2
2026-08-19,INDHOTEL,22,1,0.04424511423571368,0.14431080222129822,0.09753704,0.1062812,-0.05874415928955079,2
2026-08-19,INDHOTEL,66,1,0.048659194978006026,0.15900704264640808,0.28434992,0.1062812,0.1280687183654785,2
2026-08-19,INDIANB,3,1,0.06381850638170783,0.44640111923217773,1.11233,0.10628119999999998,0.9560487598693848,2
2026-08-19,INDIANB,15,1,0.05112948808211024,0.3098824620246887,-0.10890961,0.1062812,-0.26519080693359376,2
2026-08-19,INDIANB,16,1,0.05125415037528301,0.2984391450881958,-0.028693676,0.1062812,-0.18497487599487306,2
2026-08-19,INDIANB,18,1,0.04606215836965442,0.265567421913147,0.005733967,0.10628119999999998,-0.1505472331726074,2
2026-08-19,INDIANB,66,1,0.04748223404310692,0.1366530954837799,0.18957853,0.1062812,0.03329733317260741,2
2026-08-19,INDIGO,4,-1,-0.04350630698324984,0.37332820892333984,0.3173709,0.10628119999999998,0.16108969157104497,2
2026-08-19,INDIGO,6,1,0.0452318822495833,0.30526793003082275,-0.1924932,0.1062812,-0.34877440030212403,2
2026-08-19,INDIGO,8,1,0.04384381731772821,0.29925668239593506,0.028955936,0.10628120000000002,-0.12732526356811524,2
2026-08-19,INDIGO,11,-1,-0.0734990776928302,0.25968804955482483,-0.0096440315,0.10628120000000002,-0.1659252315246582,2
2026-08-19,INDIGO,15,1,0.045598120022716265,0.1598787158727646,-0.1736641,0.10628120000000002,-0.32994529301757813,2
2026-08-19,INDIGO,20,1,0.05050471365416936,0.17202547192573547,-0.16437769,0.1062812,-0.3206588893615723,2
2026-08-19,INDIGO,21,1,0.04282940645075057,0.17248278856277466,-0.22217631,0.1062812,-0.37845751340026856,2
2026-08-19,INDIGO,66,1,0.06272518834482237,0.16763707995414734,0.057947636,0.1062812,-0.09833356434936524,2
2026-08-19,INDUSINDBK,11,-1,-0.07113138207191615,0.22393426299095154,0.09878278,0.1062812,-0.057498422213745126,2
2026-08-19,INDUSINDBK,15,1,0.046180030207744645,0.16609565913677216,-0.13849139,0.1062812,-0.2947725921356201,2
2026-08-19,INDUSINDBK,20,1,0.04818685438835069,0.1407208889722824,-0.07920861,0.1062812,-0.2354898124420166,2
2026-08-19,INDUSINDBK,21,1,0.04248336051239469,0.1350504457950592,-0.12871027,0.1062812,-0.2849914699279785,2
2026-08-19,INDUSINDBK,22,1,0.045238500386226864,0.1393897384405136,-0.09905696,0.10628119999999998,-0.25533815915222163,2
2026-08-19,INDUSTOWER,3,1,0.04734076445527975,0.351635217666626,0.28389692,0.1062812,0.12761572306518554,2
2026-08-19,INFY,3,1,0.04875601079084198,0.43906170129776,-0.62971115,0.1062812,-0.7859923511230469,2
2026-08-19,INFY,15,1,0.0481136661668362,0.24432018399238586,-0.23278594,0.10628119999999998,-0.38906714017028804,2
2026-08-19,INFY,20,1,0.04320218909764803,0.22389240562915802,0.42095184,0.1062812,0.26467064326171874,2
2026-08-19,INFY,66,1,0.0424457815235246,0.1528329998254776,0.25068521,0.10628119999999998,0.09440401499633792,2
2026-08-19,IOC,4,-1,-0.05146730526855974,0.24312099814414978,-0.09461641,0.10628119999999998,-0.25089761311645503,2
2026-08-19,IOC,11,-1,-0.11166110672289035,0.17453214526176453,0.2545178,0.1062812,0.09823659365539548,2
2026-08-19,IOC,15,1,0.052896586738554914,0.14791876077651978,0.0,0.1062812,-0.1562812,2
2026-08-19,IOC,20,1,0.04719579412154018,0.12458006292581558,0.10216236,0.10628120000000002,-0.05411883885498049,2
2026-08-19,IOC,21,1,0.042863420038401226,0.12402208149433136,0.13130903,0.10628119999999998,-0.024972167559814434,2
2026-08-19,IOC,66,1,0.06171325978325664,0.1292533576488495,0.0,0.1062812,-0.1562812,2
2026-08-19,IPCALAB,3,1,0.07580822442009903,1.262345790863037,0.92959404,0.10628119999999998,0.7733128399169922,2
2026-08-19,IPCALAB,6,1,0.04876025366992728,0.913149356842041,1.088953,0.1062812,0.9326718181884766,2
2026-08-19,IPCALAB,16,1,0.04235946200090122,0.41367945075035095,-1.424104,0.10628119999999998,-1.5803851752960205,2
2026-08-19,IPCALAB,20,1,0.04780099717687391,0.44094595313072205,0.34419298,0.1062812,0.1879117817199707,2
2026-08-19,IPCALAB,21,1,0.040948222200706035,0.43805956840515137,0.5989909,0.10628119999999998,0.4427097172058106,2
2026-08-19,IPCALAB,22,1,0.0430017377252517,0.44363993406295776,0.6726384,0.10628119999999998,0.5163572162902832,2
2026-08-19,IPCALAB,64,1,0.04188490479643866,0.35853350162506104,0.17877817,0.1062812,0.02249697153930663,2
2026-08-19,IPCALAB,65,1,0.06180161239148312,0.3615782856941223,0.31026602,0.10628119999999998,0.1539848179138184,2
2026-08-19,IPCALAB,66,1,0.08359788235811665,0.33667275309562683,-0.04722476,0.10628119999999998,-0.20350596005554195,2
2026-08-19,IPCALAB,67,1,0.09529285897288972,0.34600377082824707,0.18396378,0.10628120000000002,0.027682575634765602,2
2026-08-19,IRCTC,3,1,0.041845365596603026,0.43142983317375183,0.3045678,0.10628119999999998,0.14828661387329106,2
2026-08-19,IRCTC,15,1,0.05708205947259221,0.1973646879196167,-0.6295681,0.10628119999999998,-0.785849299975586,2
2026-08-19,IRCTC,20,1,0.04763411435343356,0.19812951982021332,-0.22437572,0.1062812,-0.3806569247924805,2
2026-08-19,IRCTC,21,1,0.04481611657051914,0.19176870584487915,-0.16332865,0.1062812,-0.3196098476135254,2
2026-08-19,IRCTC,22,1,0.04361313756658089,0.18977458775043488,-0.09191632,0.1062812,-0.2481975227081299,2
2026-08-19,IRFC,3,1,0.05319046511363001,0.9414746165275574,0.22159815,0.1062812,0.06531694834594726,2
2026-08-19,IRFC,15,1,0.057151805267864945,0.22820454835891724,-0.09363294,0.10628119999999998,-0.2499141364776611,2
2026-08-19,IRFC,16,1,0.04176403194557336,0.22091305255889893,0.08200407,0.1062812,-0.07427712971801759,2
2026-08-19,IRFC,66,1,0.05544107584914984,0.12824004888534546,-0.12906194,0.1062812,-0.28534313733215333,2
2026-08-19,ITC,15,1,0.057091295062119234,0.17155738174915314,-0.1303196,0.10628119999999998,-0.286600795336914,2
2026-08-19,ITC,20,1,0.041835372471462885,0.13705621659755707,0.018644333,0.1062812,-0.13763686711425782,2
2026-08-19,JINDALSTEL,16,1,0.04149904614845398,0.31183934211730957,0.25992393,0.1062812,0.10364273493652341,2
2026-08-19,JINDALSTEL,20,1,0.04732038909967756,0.2865048944950104,-0.21426678,0.10628119999999998,-0.37054797703857417,2
2026-08-19,JINDALSTEL,66,1,0.05433891770746265,0.11061915010213852,-0.6085038,0.1062812,-0.7647850185119629,2
2026-08-19,JIOFIN,3,1,0.04291194130784666,0.4590899646282196,0.06121397,0.1062812,-0.09506722981567384,2
2026-08-19,JIOFIN,15,1,0.04441313553589456,0.17510579526424408,-0.34729838,0.10628119999999998,-0.5035795837127686,2
2026-08-19,JIOFIN,66,1,0.058642825816144,0.12505516409873962,-0.12360811,0.1062812,-0.2798893123352051,2
2026-08-19,JIOFIN,67,1,0.04294242855933489,0.13257519900798798,0.2680421,0.1062812,0.11176088755493162,2
2026-08-19,JKCEMENT,3,1,0.059932646437332544,0.46000751852989197,-0.037550926,0.10628119999999998,-0.19383212620849605,2
2026-08-19,JKCEMENT,15,1,0.06123038809768519,0.15476751327514648,-0.1506567,0.1062812,-0.30693790013427735,2
2026-08-19,JKCEMENT,20,1,0.042069680041420254,0.12993133068084717,-0.06597638,0.10628119999999998,-0.22225758130187984,2
2026-08-19,JKCEMENT,21,1,0.04151748041716015,0.1280081868171692,-0.01886487,0.1062812,-0.17514607007141114,2
2026-08-19,JKCEMENT,22,1,0.04173569380496475,0.12798404693603516,-0.0659883,0.10628119999999998,-0.22226950223083491,2
2026-08-19,JSL,11,-1,-0.10606201904895596,0.25791460275650024,0.14411211,0.1062812,-0.012169089862060556,2
2026-08-19,JSL,15,1,0.056021517675760565,0.18806001543998718,-0.04811883,0.1062812,-0.20440002972717286,2
2026-08-19,JSL,20,1,0.04381783950738966,0.15264271199703217,-0.061821938,0.1062812,-0.21810313756103517,2
2026-08-19,JSL,22,1,0.04205066806496126,0.12181369215250015,0.006890297,0.10628119999999998,-0.14939090306396482,2
2026-08-19,JSWENERGY,3,1,0.044322695152430425,0.4545883238315582,0.10101795,0.10628119999999998,-0.05526324803466795,2
2026-08-19,JSWENERGY,11,-1,-0.07103472266470211,0.29368501901626587,0.569129,0.1062812,0.41284779017333983,2
2026-08-19,JSWENERGY,15,1,0.058668493496578,0.23974117636680603,-0.16598105,0.10628119999999998,-0.3222622543060302,2
2026-08-19,JSWENERGY,20,1,0.048381052516774985,0.18257445096969604,0.0,0.1062812,-0.1562812,2
2026-08-19,JSWENERGY,22,1,0.041022560725046384,0.16822941601276398,-0.027704239,0.10628120000000002,-0.18398543889160157,2
2026-08-19,JSWENERGY,66,1,0.053238475604394514,0.13737566769123077,-0.046229362,0.1062812,-0.20251056248779298,2
2026-08-19,JSWINFRA,4,-1,-0.0419431451080316,0.5245618224143982,-0.3638625,0.10628119999999998,-0.5201437144958496,2
2026-08-19,JSWINFRA,11,-1,-0.07130616433470577,0.3650546073913574,0.22672415,0.1062812,0.07044294779663085,2
2026-08-19,JSWINFRA,15,1,0.04582108707990534,0.2996385395526886,-0.527823,0.1062812,-0.6841041713439941,2
2026-08-19,JSWINFRA,16,1,0.04314167732594443,0.276050865650177,-0.6184995,0.1062812,-0.7747807174407959,2
2026-08-19,JSWINFRA,18,1,0.05600965604976623,0.2716023027896881,-0.12114644,0.10628119999999998,-0.2774276405059814,2
2026-08-19,JSWINFRA,19,1,0.051766898409439,0.2689903974533081,-0.3779292,0.1062812,-0.5342104106628418,2
2026-08-19,JSWINFRA,20,1,0.051615221951050096,0.23474059998989105,-0.10603666,0.1062812,-0.26231786305541993,2
2026-08-19,JSWINFRA,21,1,0.04550676937947307,0.23296570777893066,-0.030332804,0.1062812,-0.1866140037261963,2
2026-08-19,JSWINFRA,22,1,0.04536687203581237,0.23499038815498352,-0.045502186,0.10628119999999998,-0.20178338582153316,2
2026-08-19,JSWSTEEL,3,1,0.04217109748380025,0.3800489604473114,0.9580374,0.10628119999999998,0.8017561764038086,2
2026-08-19,JSWSTEEL,15,1,0.04396797411542999,0.26587843894958496,-0.16455054,0.10628119999999998,-0.32083174283142085,2
2026-08-19,JSWSTEEL,16,1,0.04790053095400662,0.2606070935726166,-0.023537874,0.10628119999999998,-0.1798190742218017,2
2026-08-19,JSWSTEEL,17,1,0.0456570701943138,0.26527824997901917,0.08636713,0.1062812,-0.069914069720459,2
2026-08-19,JSWSTEEL,18,1,0.048719378979573444,0.26415616273880005,0.0,0.1062812,-0.1562812,2
2026-08-19,JSWSTEEL,21,1,0.051803703120907825,0.26359546184539795,-0.0941515,0.10628119999999998,-0.250432696887207,2
2026-08-19,JSWSTEEL,66,1,0.053140983185014146,0.1344529092311859,-0.05465746,0.10628120000000002,-0.2109386592590332,2
2026-08-19,JUBLFOOD,3,1,0.047459746044742505,0.469436377286911,0.51938295,0.10628119999999998,0.3631017536437989,2
2026-08-19,JUBLFOOD,15,1,0.05941943419229572,0.1951286345720291,-0.7876396,0.1062812,-0.9439208179199219,2
2026-08-19,JUBLFOOD,20,1,0.050285263072127405,0.17570193111896515,-0.07027984,0.1062812,-0.2265610366546631,2
2026-08-19,JUBLFOOD,21,1,0.045352024282550904,0.18325985968112946,0.030183792,0.1062812,-0.1260974078857422,2
2026-08-19,JUBLFOOD,66,1,0.04975098612271067,0.19069775938987732,0.28209686,0.10628119999999998,0.1258156627929688,2
2026-08-19,KALYANKJIL,3,1,0.0893789522575547,0.9558199048042297,0.5350709,0.1062812,0.37878969614868163,2
2026-08-19,KALYANKJIL,5,1,0.049497625815228055,0.7728043794631958,0.16893148,0.1062812,0.0126502842224121,2
2026-08-19,KALYANKJIL,6,1,0.05138009515590442,0.7240942120552063,0.6694913,0.1062812,0.5132100910461426,2
2026-08-19,KALYANKJIL,8,1,0.04638723972837874,0.6508795619010925,0.24576187,0.1062812,0.0894806713378906,2
2026-08-19,KALYANKJIL,15,1,0.06810827735592385,0.39672592282295227,0.7270813,0.10628119999999998,0.570800098828125,2
2026-08-19,KALYANKJIL,16,1,0.06866416325338022,0.3493182361125946,0.8462429,0.10628120000000002,0.6899617046630859,2
2026-08-19,KALYANKJIL,17,1,0.04989910193539116,0.3508748710155487,0.4388094,0.10628119999999998,0.28252819483642583,2
2026-08-19,KALYANKJIL,18,1,0.05738174571681825,0.34131768345832825,0.36365986,0.1062812,0.20737865870361327,2
2026-08-19,KALYANKJIL,19,1,0.04954129901145105,0.3295609652996063,0.2788186,0.1062812,0.12253740733032224,2
2026-08-19,KALYANKJIL,20,1,0.050273818132454386,0.33347171545028687,-0.01682043,0.10628119999999998,-0.17310163075561522,2
2026-08-19,KEI,3,1,0.07717611085500918,0.9438456296920776,0.47130585,0.1062812,0.31502464716796874,2
2026-08-19,KEI,5,1,0.04273298961701916,0.8157221078872681,-0.049203634,0.1062812,-0.20548483426208497,2
2026-08-19,KEI,6,1,0.04664347821271296,0.7506112456321716,0.026369095,0.10628119999999998,-0.12991210515136717,2
2026-08-19,KEI,7,1,0.04206456523773097,0.7143740057945251,0.098598,0.10628120000000002,-0.05768319661254885,2
2026-08-19,KEI,8,1,0.045514158073667724,0.6668118834495544,-0.0017642975,0.10628119999999998,-0.15804549748535154,2
2026-08-19,KEI,15,1,0.0667411043077472,0.35530155897140503,0.45251846,0.10628119999999998,0.29623726313476567,2
2026-08-19,KEI,16,1,0.06701910470499918,0.298485666513443,0.3999114,0.1062812,0.24363020365600585,2
2026-08-19,KEI,17,1,0.05167136883019973,0.2785540521144867,0.17062426,0.10628119999999998,0.014343056134033222,2
2026-08-19,KEI,18,1,0.06039476603003828,0.2602635622024536,0.25185347,0.1062812,0.09557226603393552,2
2026-08-19,KEI,66,1,0.07014302355725183,0.1633778065443039,0.22232533,0.1062812,0.06604412501220702,2
2026-08-19,KEI,67,1,0.041794909998927675,0.17192861437797546,0.2417326,0.1062812,0.0854513973510742,2
2026-08-19,KOTAKBANK,11,-1,-0.05237318021045337,0.217409148812294,0.16701818,0.10628119999999998,0.010736975125122089,2
2026-08-19,KOTAKBANK,15,1,0.045062612798130945,0.18183143436908722,-0.06428361,0.1062812,-0.2205648093902588,2
2026-08-19,KOTAKBANK,21,1,0.0429052323951997,0.2271510511636734,0.16729832,0.1062812,0.011017116955566397,2
2026-08-19,KOTAKBANK,22,1,0.042882225304693614,0.2297329604625702,0.15438795,0.10628119999999998,-0.0018932491027831844,2
2026-08-19,KOTAKBANK,66,1,0.04308923934325763,0.12947292625904083,0.038290024,0.1062812,-0.11799117619628907,2
2026-08-19,KPITTECH,3,1,0.08196321084123219,0.9059632420539856,-0.13425946,0.1062812,-0.2905406623565674,2
2026-08-19,KPITTECH,14,1,0.044818948410606324,0.3880228102207184,-0.2699256,0.10628119999999998,-0.42620679432983394,2
2026-08-19,KPITTECH,15,1,0.07042189042471579,0.339734822511673,-0.31257272,0.10628119999999998,-0.46885391766662593,2
2026-08-19,KPITTECH,16,1,0.0639625931551915,0.3209463953971863,-0.27872324,0.1062812,-0.43500443989868165,2
2026-08-19,KPITTECH,17,1,0.049007190578745446,0.27942806482315063,-0.34567118,0.10628120000000002,-0.5019523769104004,2
2026-08-19,KPITTECH,18,1,0.05704785618204628,0.2624993920326233,-0.29500723,0.10628119999999998,-0.4512884288513183,2
2026-08-19,KPITTECH,22,1,0.04264631915039779,0.23910412192344666,0.35580397,0.10628119999999998,0.19952276652221684,2
2026-08-19,KPITTECH,66,1,0.05145447034849776,0.1931818276643753,-0.076544285,0.1062812,-0.23282548482055665,2
2026-08-19,KPRMILL,3,1,0.04698488703905375,0.4856313467025757,0.026857853,0.1062812,-0.129423347064209,2
2026-08-19,KPRMILL,66,1,0.04243110523055825,0.18717104196548462,-0.40707588,0.10628119999999998,-0.5633570819580078,2
2026-08-19,LAURUSLABS,3,1,0.06579643714382269,0.5067754983901978,0.4719615,0.10628119999999998,0.3156802982604981,2
2026-08-19,LAURUSLABS,15,1,0.0591668160061537,0.2673569321632385,-0.2886474,0.1062812,-0.4449286132537842,2
2026-08-19,LAURUSLABS,16,1,0.048720295245687835,0.25250759720802307,-0.044465065,0.1062812,-0.20074626500244142,2
2026-08-19,LAURUSLABS,20,1,0.04609512209023595,0.22647365927696228,0.07802248,0.1062812,-0.07825871998901368,2
2026-08-19,LAURUSLABS,66,1,0.06305832357014783,0.11902213841676712,0.25542974,0.10628120000000002,0.09914854472045896,2
2026-08-19,LICHSGFIN,3,1,0.047199220044646696,0.3360438644886017,0.26080608,0.1062812,0.1045248836791992,2
2026-08-19,LICHSGFIN,21,1,0.04357892414414863,0.1804516464471817,-0.050127506,0.1062812,-0.20640870625610352,2
2026-08-19,LICHSGFIN,22,1,0.042738767595418725,0.1684640496969223,0.05017519,0.10628119999999998,-0.10610601002807615,2
2026-08-19,LICHSGFIN,66,1,0.04699894050189994,0.09528577327728271,-0.100302696,0.10628119999999998,-0.2565838962280273,2
2026-08-19,LICI,3,1,0.04181894705158605,0.34304574131965637,0.4494667,0.10628120000000002,0.2931855053222656,2
2026-08-19,LICI,15,1,0.041617964265556175,0.18084193766117096,-0.012111664,0.10628119999999998,-0.16839286381835936,2
2026-08-19,LINDEINDIA,3,1,0.09061646241916717,0.682174026966095,0.20134449,0.1062812,0.04506329005126952,2
2026-08-19,LINDEINDIA,5,1,0.05256855054695436,0.5150406956672668,0.41041374,0.1062812,0.2541325420654297,2
2026-08-19,LINDEINDIA,6,1,0.055463040410572734,0.4755875766277313,0.12663603,0.1062812,-0.029645171710205087,2
2026-08-19,LINDEINDIA,7,1,0.04543538946515454,0.4324808120727539,0.12676716,0.1062812,-0.029514041491699228,2
2026-08-19,LINDEINDIA,8,1,0.04504354879288855,0.3997219204902649,0.029790401,0.1062812,-0.12649079854125977,2
2026-08-19,LINDEINDIA,15,1,0.06095441871808488,0.17338581383228302,-0.07445812,0.10628119999999998,-0.23073932225341792,2
2026-08-19,LINDEINDIA,20,1,0.04797768718557889,0.13099320232868195,0.022363663,0.1062812,-0.13391753728027345,2
2026-08-19,LINDEINDIA,66,1,0.04313768899770887,0.15944115817546844,0.04478693,0.10628120000000002,-0.11149426991577151,2
2026-08-19,LINDEINDIA,67,1,0.04828013676174848,0.1596437692642212,-0.26128888,0.10628120000000002,-0.4175700813018799,2
2026-08-19,LLOYDSME,3,1,0.04217109748380025,0.37582293152809143,0.025904179,0.1062812,-0.13037702138061524,2
2026-08-19,LLOYDSME,15,1,0.05289324842767625,0.2426595538854599,0.27531385,0.10628119999999998,0.11903265421752933,2
2026-08-19,LLOYDSME,16,1,0.04780327417097932,0.2425527423620224,0.31713247,0.10628119999999998,0.1608512729919434,2
2026-08-19,LLOYDSME,22,1,0.042382956772671634,0.20240095257759094,-0.58540106,0.1062812,-0.7416822581970215,2
2026-08-19,LODHA,3,1,0.10026370444697436,0.7086718082427979,1.370883,0.10628119999999998,1.2146017879760742,2
2026-08-19,LODHA,15,1,0.043611045929590836,0.3814484179019928,-0.4307449,0.1062812,-0.5870260863983154,2
2026-08-19,LODHA,16,1,0.04739970377354783,0.3671506941318512,-0.41438937,0.10628119999999998,-0.5706705718719483,2
2026-08-19,LODHA,18,1,0.04466548611865054,0.32709917426109314,-0.24896264,0.1062812,-0.4052438407623291,2
2026-08-19,LODHA,20,1,0.0633555640670287,0.2847643494606018,-0.3820598,0.1062812,-0.5383410125457764,2
2026-08-19,LODHA,21,1,0.057391146736153406,0.2656284272670746,-0.15807152,0.10628119999999995,-0.3143527179443359,2
2026-08-19,LODHA,22,1,0.045761571779605235,0.24839437007904053,-0.008314848,0.10628119999999998,-0.16459604794616697,2
2026-08-19,LODHA,66,1,0.053852465791687676,0.22421906888484955,0.21641254,0.1062812,0.06013134425048827,2
2026-08-19,LT,11,-1,-0.047983640723569726,0.18321754038333893,0.27173758,0.1062812,0.11545637553100584,2
2026-08-19,LT,15,1,0.04366208510113149,0.14205439388751984,-0.16573071,0.10628119999999998,-0.3220119147979736,2
2026-08-19,LT,16,1,0.041632527718402375,0.1429271250963211,0.08171797,0.1062812,-0.07456323201293946,2
2026-08-19,LT,20,1,0.04767634572279066,0.13325092196464539,0.029718876,0.1062812,-0.12656232411499024,2
2026-08-19,LTF,3,1,0.09018197374548857,1.3679643869400024,0.25373697,0.1062812,0.09745577280883787,2
2026-08-19,LTF,5,1,0.059452845688380614,1.0741623640060425,-0.23756623,0.1062812,-0.3938474326812744,2
2026-08-19,LTF,6,1,0.044987184313446754,1.0043768882751465,0.09522438,0.1062812,-0.061056819506835946,2
2026-08-19,LTF,7,1,0.043987980975316754,0.9107159972190857,0.047659874,0.10628120000000002,-0.10862132603759768,2
2026-08-19,LTF,8,1,0.04925381087882391,0.8683592081069946,-0.4587829,0.1062812,-0.6150641113006592,2
2026-08-19,LTF,9,1,0.04569337598904301,0.8160364627838135,-0.5070448,0.1062812,-0.663325992175293,2
2026-08-19,LTF,15,1,0.06224697774503586,0.44500967860221863,-0.30225515,0.1062812,-0.45853635365600587,2
2026-08-19,LTF,16,1,0.06708965104095593,0.3742636740207672,-0.11150241,0.10628119999999998,-0.2677836089813232,2
2026-08-19,LTF,17,1,0.06064903956647833,0.3329392969608307,-0.111413,0.1062812,-0.26769420201416017,2
2026-08-19,LTF,18,1,0.06727792863664595,0.30487164855003357,-0.2070725,0.10628119999999998,-0.3633536964141845,2
2026-08-19,LTF,19,1,0.06394087394242207,0.2951509356498718,-0.06381273,0.1062812,-0.2200939326965332,2
2026-08-19,LTF,20,1,0.06176619785928437,0.2764762341976166,-0.15928745,0.10628119999999998,-0.31556865269775386,2
2026-08-19,LTF,21,1,0.060787479853762746,0.27450665831565857,-0.22314787,0.1062812,-0.37942906911010743,2
2026-08-19,LTF,22,1,0.04409300491333829,0.24960775673389435,-0.11166334,0.1062812,-0.2679445415222168,2
2026-08-19,LTF,66,1,0.0755697617032309,0.2565532326698303,-0.34799576,0.1062812,-0.5042769580566406,2
2026-08-19,LTTS,3,1,0.078366798617742,0.8499711751937866,-0.26721358,0.1062812,-0.4234947829925537,2
2026-08-19,LTTS,5,1,0.053103652108502666,0.815319299697876,0.66268444,0.1062812,0.506403240612793,2
2026-08-19,LTTS,6,1,0.05234551479708632,0.8140896558761597,-0.6039083,0.1062812,-0.7601895003997803,2
2026-08-19,LTTS,15,1,0.05753681196723313,0.4049358665943146,-0.019842386,0.10628119999999998,-0.1761235862457275,2
2026-08-19,LTTS,16,1,0.04465848258691924,0.4105995297431946,-0.10752678,0.1062812,-0.2638079791748047,2
2026-08-19,LTTS,17,1,0.0411301605737145,0.4129577875137329,-0.12153387,0.1062812,-0.2778150706970215,2
2026-08-19,LTTS,18,1,0.04909233362268814,0.4039734899997711,-0.042432547,0.1062812,-0.1987137466156006,2
2026-08-19,LTTS,19,1,0.0482951894166465,0.34012654423713684,0.06225109,0.1062812,-0.09403010899658204,2
2026-08-19,LTTS,20,1,0.06348518686442331,0.3020446300506592,0.0906229,0.1062812,-0.0656582980834961,2
2026-08-19,LTTS,21,1,0.05184602547512764,0.291512131690979,0.11618137,0.10628119999999998,-0.040099826403808575,2
2026-08-19,LTTS,22,1,0.05174771877538607,0.28048133850097656,0.121855736,0.1062812,-0.034425464221191415,2
2026-08-19,LTTS,66,1,0.05489589330792306,0.14487449824810028,-0.03952384,0.1062812,-0.19580503995056153,2
2026-08-19,LUPIN,11,-1,-0.14030623387072402,0.19580022990703583,0.38186908,0.1062812,0.2255878776824951,2
2026-08-19,LUPIN,15,1,0.06148136765725546,0.14284396171569824,-0.22520423,0.1062812,-0.3814854293548584,2
2026-08-19,LUPIN,21,1,0.04092234729038442,0.12766072154045105,-0.40619373,0.10628119999999998,-0.562474933215332,2
2026-08-19,LUPIN,22,1,0.04453096361032137,0.1260772943496704,-0.397259,0.1062812,-0.553540196963501,2
2026-08-19,LUPIN,66,1,0.05169924651837271,0.10903041809797287,0.06752014,0.1062812,-0.08876105839843751,2
2026-08-19,MAHABANK,3,1,0.04291194130784666,0.4757482409477234,0.12431145,0.1062812,-0.03196975285644532,2
2026-08-19,MAHABANK,15,1,0.04897530297224538,0.23587018251419067,-0.037401915,0.1062812,-0.19368311459655763,2
2026-08-19,MANKIND,3,1,0.0514636703512347,0.7974937558174133,0.5636215,0.1062812,0.40734032099609374,2
2026-08-19,MANKIND,15,1,0.056569818114086144,0.29250478744506836,-0.22929311,0.1062812,-0.3855743079864502,2
2026-08-19,MANKIND,16,1,0.044500235604674976,0.2531864643096924,-0.20425916,0.1062812,-0.36054035718078614,2
2026-08-19,MARICO,3,1,0.04084516023668086,0.5608732104301453,0.07635355,0.10628119999999998,-0.07992765004272459,2
2026-08-19,MARICO,15,1,0.049360873816224136,0.19962629675865173,0.1295209,0.1062812,-0.02676030690307618,2
2026-08-19,MARICO,20,1,0.048474309166737936,0.16671989858150482,0.5542517,0.1062812,0.39797047083740233,2
2026-08-19,MARICO,21,1,0.043811383860737796,0.17127323150634766,0.66741705,0.10628119999999998,0.511135849407959,2
2026-08-19,MARUTI,3,1,0.04470739379820012,0.3843338191509247,0.19034147,0.1062812,0.03406027262573241,2
2026-08-19,MARUTI,66,1,0.050393193434752626,0.1172332912683487,-0.007325411,0.1062812,-0.16360661084289552,2
2026-08-19,MAXHEALTH,3,1,0.05211998687662118,0.5345599055290222,0.009942055,0.10628119999999998,-0.14633914525146482,2
2026-08-19,MAXHEALTH,66,1,0.05986372318740564,0.11498832702636719,-0.43982863,0.10628119999999998,-0.596109834262085,2
2026-08-19,MAXHEALTH,67,1,0.05100754522555078,0.12440986186265945,-0.20020008,0.1062812,-0.35648128087158204,2
2026-08-19,MAZDOCK,3,1,0.06370950827380785,0.5191900134086609,-0.27661324,0.1062812,-0.4328944354736328,2
2026-08-19,MAZDOCK,15,1,0.04476267351988153,0.24847011268138885,0.05863905,0.10628119999999998,-0.09764215046997068,2
2026-08-19,MAZDOCK,16,1,0.041547645040869136,0.24181729555130005,0.113368034,0.1062812,-0.04291316563720704,2
2026-08-19,MAZDOCK,20,1,0.04807468408518579,0.19269408285617828,0.22284985,0.10628119999999998,0.06656864588623049,2
2026-08-19,MAZDOCK,66,1,0.05953058796208016,0.16683678328990936,0.21599531,0.1062812,0.05971411173706054,2
2026-08-19,MCX,3,1,0.0711323565596753,0.8428511619567871,0.54643154,0.10628119999999998,0.39015034144287114,2
2026-08-19,MCX,5,1,0.05642866221880215,0.7409598231315613,0.5483031,0.10628119999999998,0.3920219272888184,2
2026-08-19,MCX,15,1,0.07169435976419068,0.5437299013137817,0.07981062,0.10628119999999998,-0.07647058064575193,2
2026-08-19,MCX,16,1,0.04397491818189799,0.5281890034675598,0.33724308,0.1062812,0.18096188013916015,2
2026-08-19,MCX,17,1,0.06574452190306529,0.5174770951271057,0.14656782,0.1062812,-0.009713378497314462,2
2026-08-19,MCX,18,1,0.058017494635771875,0.48259276151657104,-0.173074,0.1062812,-0.32935520703430177,2
2026-08-19,MCX,19,1,0.04887695066227925,0.4782830476760864,-0.26970506,0.10628119999999998,-0.425986257144165,2
2026-08-19,MCX,20,1,0.050075124548504525,0.4562896192073822,-0.5999863,0.1062812,-0.7562675147735596,2
2026-08-19,MCX,21,1,0.0449105662558523,0.4398517608642578,-0.66357255,0.1062812,-0.8198537498199463,2
2026-08-19,MCX,22,1,0.049080420868362507,0.43835902214050293,-0.94668865,0.1062812,-1.1029698520385742,2
2026-08-19,MCX,66,1,0.04827064572491194,0.19841234385967255,-0.020182133,0.1062812,-0.17646333272094727,2
2026-08-19,MEDANTA,11,-1,-0.05542481032436801,0.31348296999931335,-0.124919415,0.1062812,-0.2812006145202637,2
2026-08-19,MEDANTA,15,1,0.04582108707990534,0.2958225607872009,-0.26352406,0.1062812,-0.41980525548095704,2
2026-08-19,MEDANTA,16,1,0.043182110266503926,0.2893404960632324,-0.17353892,0.1062812,-0.3298201232635498,2
2026-08-19,MEDANTA,21,1,0.05424171690722881,0.2482905387878418,0.02783537,0.10628119999999998,-0.12844583088989256,2
2026-08-19,MEDANTA,22,1,0.04489492755408153,0.23690243065357208,-0.1250565,0.10628119999999998,-0.281337705203247,2
2026-08-19,MEDANTA,66,1,0.05618984051139117,0.23114416003227234,-0.26755333,0.1062812,-0.42383452946777345,2
2026-08-19,MFSL,4,-1,-0.042935863706172875,0.4722583293914795,-0.1791954,0.1062812,-0.3354766040527344,2
2026-08-19,MFSL,11,-1,-0.056034393364676756,0.36199480295181274,0.3897071,0.10628119999999998,0.23342588847045903,2
2026-08-19,MFSL,15,1,0.06526499277539898,0.2609561085700989,0.025641918,0.10628119999999998,-0.13063928181762693,2
2026-08-19,MFSL,16,1,0.05221195317538083,0.25323837995529175,0.019228458,0.10628119999999998,-0.13705274159545897,2
2026-08-19,MFSL,17,1,0.049850088801950514,0.24420493841171265,0.16036034,0.10628119999999998,0.004079136303710956,2
2026-08-19,MFSL,20,1,0.04105113081771438,0.22403158247470856,0.04489422,0.10628119999999998,-0.11138698155517576,2
2026-08-19,MFSL,21,1,0.054580618875807514,0.24112172424793243,0.0192523,0.1062812,-0.13702889973754884,2
2026-08-19,MFSL,22,1,0.04574896060489525,0.24355942010879517,-0.18580556,0.1062812,-0.3420867591583252,2
2026-08-19,MFSL,66,1,0.07112344023636372,0.2055264711380005,0.096559525,0.1062812,-0.059721675463867196,2
2026-08-19,MFSL,67,1,0.04111128746440577,0.20715239644050598,-0.5787432,0.10628120000000002,-0.7350244193756104,2
2026-08-19,MOTILALOFS,3,1,0.05071290828505356,0.4039802849292755,0.60943365,0.1062812,0.45315245097045903,2
2026-08-19,MOTILALOFS,16,1,0.047978027376936704,0.3686010539531708,0.54022074,0.10628120000000002,0.3839395374572754,2
2026-08-19,MOTILALOFS,17,1,0.04113755388586004,0.35954681038856506,0.58220625,0.1062812,0.42592504923706054,2
2026-08-19,MOTILALOFS,18,1,0.043881536119307105,0.3308143615722656,0.37939548,0.10628119999999998,0.22311428492431645,2
2026-08-19,MOTILALOFS,20,1,0.044833394023331856,0.29316648840904236,0.21290779,0.10628119999999998,0.05662659113769533,2
2026-08-19,MOTILALOFS,66,1,0.06694842317450964,0.21272321045398712,-0.1642704,0.1062812,-0.32055160100097657,2
2026-08-19,MPHASIS,3,1,0.050470909594008476,0.7018442749977112,-0.3852427,0.10628119999999998,-0.5415239005767822,2
2026-08-19,MPHASIS,15,1,0.0627233165436257,0.29063180088996887,-0.8837819,0.10628120000000002,-1.040063109942627,2
2026-08-19,MPHASIS,16,1,0.05901535168518503,0.26474666595458984,-0.9616554,0.10628119999999998,-1.1179365783416748,2
2026-08-19,MPHASIS,17,1,0.041204881057586615,0.25126418471336365,-1.0524511,0.1062812,-1.2087323337280274,2
2026-08-19,MPHASIS,18,1,0.04923358657977802,0.26419898867607117,-1.1784136,0.1062812,-1.3346948295318604,2
2026-08-19,MPHASIS,19,1,0.05103787385620939,0.2698711156845093,-0.59311986,0.1062812,-0.7494010596954346,2
2026-08-19,MPHASIS,20,1,0.0672917663899842,0.27043190598487854,-0.41562915,0.1062812,-0.5719103484832764,2
2026-08-19,MPHASIS,21,1,0.04423624838061992,0.29825425148010254,0.2677679,0.10628119999999998,0.11148670618896488,2
2026-08-19,MPHASIS,22,1,0.04469045466662494,0.29781869053840637,0.3222227,0.1062812,0.1659415096557617,2
2026-08-19,MRF,11,-1,-0.13986547372827718,0.21439749002456665,0.09380579,0.07090333883677298,-0.027097548889263218,2
2026-08-19,MRF,20,1,0.044478986888831305,0.13518588244915009,0.033795834,0.07092994202027789,-0.0871341084326314,2
2026-08-19,MRF,66,1,0.041695663490409055,0.10941679775714874,-0.04117489,0.07081847633450625,-0.1619933649453461,2
2026-08-19,MUTHOOTFIN,11,-1,-0.07130018450188474,0.259937047958374,0.39731264,0.10628120000000002,0.24103144114379882,2
2026-08-19,MUTHOOTFIN,15,1,0.058043922247491074,0.1993020474910736,-0.15734434,0.10628119999999998,-0.3136255412780761,2
2026-08-19,MUTHOOTFIN,20,1,0.04316870693536049,0.15875419974327087,-0.108498335,0.1062812,-0.26477953488464356,2
2026-08-19,MUTHOOTFIN,22,1,0.045335497285833755,0.13207729160785675,-0.03501773,0.1062812,-0.191298928805542,2
2026-08-19,MUTHOOTFIN,66,1,0.05016804163728189,0.11948586255311966,0.09819269,0.1062812,-0.05808850819702149,2
2026-08-19,M_AND_M,4,-1,-0.04337691658186451,0.4133436977863312,-0.587523,0.1062812,-0.7438041835510254,2
2026-08-19,M_AND_M,6,1,0.041406748401658866,0.3716358244419098,0.51186085,0.10628119999999998,0.3555796474731446,2
2026-08-19,M_AND_M,11,-1,-0.07276279557821025,0.2785922586917877,-0.24068356,0.10628119999999998,-0.3969647556030273,2
2026-08-19,M_AND_M,15,1,0.04208118002788773,0.21173642575740814,-0.07892251,0.1062812,-0.23520371014709474,2
2026-08-19,M_AND_M,20,1,0.04903876029400755,0.15602080523967743,0.14932156,0.1062812,-0.006959643908691415,2
2026-08-19,M_AND_MFIN,3,1,0.049316906764295995,0.949167013168335,0.025498867,0.1062812,-0.1307823329650879,2
2026-08-19,M_AND_MFIN,16,1,0.05506763727175896,0.2895153760910034,-0.6900966,0.1062812,-0.8463778167449951,2
2026-08-19,M_AND_MFIN,18,1,0.049838001863567495,0.30964693427085876,-0.31969547,0.10628119999999998,-0.4759766727172851,2
2026-08-19,M_AND_MFIN,19,1,0.053117793957819626,0.308128297328949,0.19253492,0.1062812,0.03625372355346679,2
2026-08-19,M_AND_MFIN,20,1,0.0672233264952811,0.30721092224121094,-0.038522482,0.10628120000000002,-0.19480368191833497,2
2026-08-19,M_AND_MFIN,21,1,0.062453145227531065,0.29141509532928467,0.11576414,0.1062812,-0.04051705891723634,2
2026-08-19,M_AND_MFIN,22,1,0.05550296110745916,0.2814112603664398,0.30896664,0.1062812,0.15268543665771483,2
2026-08-19,M_AND_MFIN,64,1,0.0512335472856525,0.3074866831302643,0.05143881,0.1062812,-0.1048423915588379,2
2026-08-19,M_AND_MFIN,65,1,0.08343583272244853,0.32384178042411804,0.051355362,0.10628120000000002,-0.10492583806152346,2
2026-08-19,M_AND_MFIN,66,1,0.12935411904746907,0.33252567052841187,0.3476262,0.10628119999999998,0.19134500925903325,2
2026-08-19,M_AND_MFIN,67,1,0.10269470800824787,0.3296004831790924,0.20570755,0.1062812,0.049426350048828116,2
2026-08-19,NAM-INDIA,3,1,0.049508221372118744,0.37107977271080017,1.1719823,0.1062812,1.0157010883605957,2
2026-08-19,NAM-INDIA,20,1,0.05257391807553581,0.26541808247566223,0.21855831,0.1062812,0.062277111462402335,2
2026-08-19,NAM-INDIA,22,1,0.05296949569334491,0.2723889946937561,0.4469514,0.10628119999999998,0.2906701893127442,2
2026-08-19,NAM-INDIA,65,1,0.042819436423186426,0.2975951135158539,0.17285347,0.10628119999999998,0.01657226984863283,2
2026-08-19,NAM-INDIA,66,1,0.08451581752780528,0.29975396394729614,0.29668808,0.10628119999999998,0.14040687983398442,2
2026-08-19,NAM-INDIA,67,1,0.06746020695242566,0.3144691288471222,0.10694265,0.1062812,-0.04933854634399415,2
2026-08-19,NATIONALUM,4,-1,-0.04482442305375206,0.5750285387039185,-0.11817217,0.10628119999999998,-0.2744533687316894,2
2026-08-19,NATIONALUM,6,1,0.04673986417127128,0.46107086539268494,0.34116507,0.10628119999999998,0.1848838657653809,2
2026-08-19,NATIONALUM,8,1,0.04663420985709084,0.40510088205337524,0.26222467,0.10628119999999998,0.10594347422485355,2
2026-08-19,NATIONALUM,9,1,0.04256428872074939,0.3837094008922577,0.14406443,0.1062812,-0.012216773577880868,2
2026-08-19,NATIONALUM,11,-1,-0.06684746065350036,0.3530060052871704,-0.10488033,0.1062812,-0.26116153294677735,2
2026-08-19,NATIONALUM,15,1,0.04841491152746216,0.31384947896003723,0.5100012,0.1062812,0.35371998255615233,2
2026-08-19,NATIONALUM,16,1,0.0497775630745465,0.283062219619751,0.34005642,0.1062812,0.18377521937255858,2
2026-08-19,NATIONALUM,17,1,0.049738068854365346,0.2581770420074463,0.56289434,0.1062812,0.406613144329834,2
2026-08-19,NATIONALUM,18,1,0.04737705588876123,0.2488228678703308,0.52382946,0.10628119999999998,0.367548260144043,2
2026-08-19,NATIONALUM,19,1,0.04768219011353535,0.2547687888145447,0.64280033,0.1062812,0.4865191311157227,2
2026-08-19,NATIONALUM,20,1,0.0541955053747371,0.28403913974761963,0.026082993,0.10628119999999998,-0.13019820744628904,2
2026-08-19,NATIONALUM,21,1,0.052338459760003724,0.30544260144233704,0.32693148,0.1062812,0.17065027659301757,2
2026-08-19,NATIONALUM,22,1,0.05154990814659105,0.3234085142612457,-0.40328503,0.1062812,-0.559566226550293,2
2026-08-19,NAUKRI,3,1,0.04084516023668086,0.5608910918235779,-0.86523294,0.10628119999999998,-1.0215141444885254,2
2026-08-19,NAUKRI,16,1,0.05159924416692437,0.3210333287715912,0.081181526,0.10628119999999998,-0.07509967381591795,2
2026-08-19,NAUKRI,20,1,0.0525496380351199,0.2956208884716034,0.24346113,0.1062812,0.08717993204956052,2
2026-08-19,NAUKRI,21,1,0.0554624390680217,0.29324570298194885,0.39134026,0.10628119999999998,0.23505905573730473,2
2026-08-19,NAUKRI,22,1,0.052625922861199576,0.27693670988082886,0.472641,0.1062812,0.3163597912109375,2
2026-08-19,NAUKRI,66,1,0.04383186318517469,0.1917935162782669,0.12434721,0.1062812,-0.03193399006958009,2
2026-08-19,NESTLEIND,3,1,0.04147741644591029,0.5810015201568604,0.020384789,0.10628119999999998,-0.1358964114868164,2
2026-08-19,NESTLEIND,15,1,0.05526649181859184,0.2638114392757416,-0.37542582,0.1062812,-0.5317070155822754,2
2026-08-19,NESTLEIND,17,1,0.046295628429404254,0.2422146052122116,-0.07520318,0.1062812,-0.23148438031311036,2
2026-08-19,NESTLEIND,18,1,0.048921410079168434,0.24664363265037537,0.39737225,0.10628119999999998,0.24109104578857427,2
2026-08-19,NESTLEIND,20,1,0.04648491090621159,0.21137960255146027,0.35620928,0.10628119999999998,0.1999280781066895,2
2026-08-19,NESTLEIND,21,1,0.04092234729038442,0.21164056658744812,0.37027597,0.10628119999999998,0.2139947742736817,2
2026-08-19,NHPC,3,1,0.06265401936860308,0.38800734281539917,0.28927326,0.1062812,0.13299206202392577,2
2026-08-19,NHPC,15,1,0.04366208510113149,0.18120241165161133,-0.13142228,0.1062812,-0.2877034812652588,2
2026-08-19,NHPC,16,1,0.04113590573724333,0.17474454641342163,0.013160706,0.1062812,-0.14312049443359376,2
2026-08-19,NHPC,21,1,0.04151748041716015,0.12119141966104507,-0.05261302,0.1062812,-0.2088942199432373,2
2026-08-19,NHPC,22,1,0.04200600728854111,0.12501446902751923,0.06579161,0.1062812,-0.09048959309692384,2
2026-08-19,NIACL,3,1,0.07651759364786354,1.4201159477233887,0.23229122,0.10628120000000002,0.07601002161865232,2
2026-08-19,NIACL,5,1,0.0417017459147147,1.0785534381866455,0.22165775,0.1062812,0.06537655299072265,2
2026-08-19,NIACL,6,1,0.05088423743823636,1.0126093626022339,-0.23695827,0.1062812,-0.39323946530456544,2
2026-08-19,NIACL,8,1,0.042376332414075804,0.9253776669502258,-0.1508236,0.1062812,-0.30710479313964845,2
2026-08-19,NIACL,15,1,0.043144647973473435,0.5070928931236267,1.5480876,0.1062812,1.3918063968933105,2
2026-08-19,NIACL,16,1,0.04512501701810757,0.403082013130188,1.1232376,0.10628119999999998,0.9669564098632812,2
2026-08-19,NIACL,17,1,0.043551948084505736,0.36466702818870544,1.389122,0.10628120000000002,1.2328408092773437,2
2026-08-19,NIACL,18,1,0.05091307446803548,0.35272353887557983,0.9351373,0.1062812,0.7788560718811035,2
2026-08-19,NIACL,19,1,0.04766722348829055,0.3349713087081909,0.74065924,0.1062812,0.584378036907959,2
2026-08-19,NIACL,20,1,0.04636444636813462,0.35399022698402405,0.12372732,0.10628119999999998,-0.03255387837524412,2
2026-08-19,NIACL,21,1,0.04452165867479588,0.3222600221633911,0.1401186,0.10628119999999998,-0.0161626010620117,2
2026-08-19,NIACL,33,1,0.04555946728844315,0.5021181702613831,-0.08633733,0.10628119999999998,-0.24261852795715327,2
2026-08-19,NIACL,66,1,0.04356990384398314,0.25139686465263367,-0.44642687,0.1062812,-0.6027080684387207,2
2026-08-19,NIACL,67,1,0.06212575943058004,0.30785438418388367,-1.0374904,0.1062812,-1.1937715678894043,2
2026-08-19,NLCINDIA,4,-1,-0.04761090738417025,0.2507253885269165,-0.18168688,0.1062812,-0.3379680782043457,2
2026-08-19,NLCINDIA,8,1,0.041358961162674124,0.2598493993282318,-0.5619049,0.10628119999999998,-0.7181861072265625,2
2026-08-19,NLCINDIA,11,-1,-0.12234781722523692,0.228206604719162,0.5619049,0.10628119999999998,0.40562370722656255,2
2026-08-19,NLCINDIA,15,1,0.05925142744397871,0.22134344279766083,-0.14582276,0.1062812,-0.3021039634429932,2
2026-08-19,NLCINDIA,16,1,0.04312886624144747,0.21503013372421265,-0.054711103,0.1062812,-0.21099230343933106,2
2026-08-19,NLCINDIA,20,1,0.05141061260285984,0.19573284685611725,0.07305145,0.10628119999999998,-0.08322974736328123,2
2026-08-19,NLCINDIA,21,1,0.04573527050625096,0.19432100653648376,0.036513805,0.1062812,-0.11976739461059571,2
2026-08-19,NLCINDIA,66,1,0.053852465791687676,0.20573768019676208,-0.2954185,0.1062812,-0.45169970090026856,2
2026-08-19,NMDC,4,-1,-0.04172331518541015,0.39889365434646606,-0.25228262,0.1062812,-0.40856381947631837,2
2026-08-19,NMDC,15,1,0.05220632427599305,0.20390872657299042,-0.23981333,0.10628120000000002,-0.39609452778930665,2
2026-08-19,NMDC,21,1,0.04711752425059358,0.22855734825134277,0.3607869,0.10628119999999998,0.2045057148254395,2
2026-08-19,NMDC,66,1,0.04741361140300718,0.14707139134407043,0.361228,0.1062812,0.20494678919677733,2
2026-08-19,NTPC,11,-1,-0.09558505424131285,0.22834555804729462,0.3127873,0.1062812,0.15650609438781737,2
2026-08-19,NTPC,15,1,0.05937722548865825,0.1739829033613205,0.14942884,0.1062812,-0.006852355548095712,2
2026-08-19,NTPC,16,1,0.04139612088634062,0.1505005657672882,0.283885,0.10628119999999998,0.12760380213623052,2
2026-08-19,NTPC,66,1,0.046255186618725116,0.13437016308307648,-0.029861927,0.10628119999999998,-0.18614312703247066,2
2026-08-19,NYKAA,3,1,0.04084516023668086,0.48054662346839905,0.6822705,0.1062812,0.5259893268859863,2
2026-08-19,NYKAA,15,1,0.05943840100075093,0.2093057483434677,0.046253204,0.1062812,-0.11002799565429688,2
2026-08-19,NYKAA,66,1,0.04503111781129033,0.21419736742973328,0.1529932,0.1062812,-0.0032879977905273527,2
2026-08-19,OBEROIRLTY,3,1,0.04953925174020297,0.992008626461029,0.59520006,0.10628120000000002,0.4389188617980957,2
2026-08-19,OBEROIRLTY,15,1,0.04338805703559898,0.443757027387619,0.1550436,0.1062812,-0.0012375980102539152,2
2026-08-19,OBEROIRLTY,18,1,0.04719187417785654,0.3672434091567993,0.7232785,0.1062812,0.5669973224914551,2
2026-08-19,OBEROIRLTY,20,1,0.053449081084728206,0.3243120610713959,-0.09607673,0.1062812,-0.25235792691345216,2
2026-08-19,OBEROIRLTY,21,1,0.041623437627109114,0.29626983404159546,-0.06406307,0.10628119999999998,-0.2203442722045898,2
2026-08-19,OBEROIRLTY,22,1,0.05094426805173827,0.27834853529930115,-0.037372112,0.10628119999999998,-0.19365331227416988,2
2026-08-19,OBEROIRLTY,66,1,0.05607598830007351,0.13381551206111908,-0.2508402,0.10628119999999998,-0.40712138707275386,2
2026-08-19,OBEROIRLTY,67,1,0.040906820036677186,0.13604474067687988,-0.27735233,0.1062812,-0.43363353306884767,2
2026-08-19,OFSS,3,1,0.0545490403441966,0.641515851020813,-0.33137798,0.1062812,-0.4876591830932617,2
2026-08-19,OFSS,18,1,0.043991126424880025,0.28627344965934753,-0.16178489,0.1062812,-0.3180660873138428,2
2026-08-19,OFSS,19,1,0.051183771440419766,0.30488547682762146,0.19634962,0.1062812,0.04006842081909179,2
2026-08-19,OFSS,20,1,0.053393028495858516,0.2857142984867096,0.07674694,0.1062812,-0.07953425938720704,2
2026-08-19,OFSS,21,1,0.04510833347977215,0.25146177411079407,0.34179688,0.10628119999999998,0.18551567500000005,2
2026-08-19,OFSS,22,1,0.043562811564318224,0.2579399049282074,0.3679633,0.1062812,0.21168211405639648,2
2026-08-19,OIL,3,1,0.04979925269991868,0.4202992022037506,-0.21822453,0.1062812,-0.37450572545166017,2
2026-08-19,OIL,20,1,0.04115798701628361,0.1607811003923416,-0.4687965,0.1062812,-0.6250776916229248,2
2026-08-19,OIL,21,1,0.04315337311061943,0.1736891269683838,-0.16704798,0.1062812,-0.3233291774475098,2
2026-08-19,ONGC,3,1,0.049508221372118744,0.39703747630119324,-0.14545321,0.1062812,-0.30173441464538575,2
2026-08-19,ONGC,15,1,0.04199808955732751,0.1595238298177719,0.25824308,0.1062812,0.1019618839538574,2
2026-08-19,ONGC,21,1,0.041536841643495255,0.09556867927312851,0.7043481,0.1062812,0.548066887310791,2
2026-08-19,PAGEIND,3,1,0.0967776443306709,0.6564245820045471,0.013959408,0.1062812,-0.14232179219360352,2
2026-08-19,PAGEIND,5,1,0.05213385979471875,0.5544683337211609,0.15377998,0.1062812,-0.0025012164794921965,2
2026-08-19,PAGEIND,6,1,0.045390471361402944,0.5100617408752441,-0.09762645,0.10628119999999998,-0.25390764767761226,2
2026-08-19,PAGEIND,8,1,0.04489315550064796,0.4455622434616089,-0.22355914,0.10628119999999998,-0.37984034115905757,2
2026-08-19,PAGEIND,9,1,0.042534532161678,0.42458099126815796,-0.44705272,0.10628119999999998,-0.6033339172088623,2
2026-08-19,PAGEIND,15,1,0.06852192860446953,0.25006502866744995,-0.25220513,0.10628119999999998,-0.4084863334381103,2
2026-08-19,PAGEIND,16,1,0.051684548167029686,0.23355117440223694,-0.16839504,0.1062812,-0.3246762424194336,2
2026-08-19,PAGEIND,20,1,0.050285263072127405,0.1995827853679657,-0.18263459,0.1062812,-0.3389157920562744,2
2026-08-19,PAGEIND,21,1,0.0460916982453938,0.1917208731174469,-0.11237264,0.1062812,-0.26865383679504395,2
2026-08-19,PAGEIND,22,1,0.04095341443422991,0.1876266747713089,-0.21070242,0.1062812,-0.36698361928100587,2
2026-08-19,PATANJALI,3,1,0.04924063075411903,0.7324696183204651,0.2133727,0.10628119999999998,0.05709150736694338,2
2026-08-19,PATANJALI,15,1,0.046243923035309074,0.2230229675769806,-0.31365752,0.1062812,-0.4699387222015381,2
2026-08-19,PATANJALI,20,1,0.043615615004261636,0.20311951637268066,0.028550625,0.10628120000000002,-0.1277305751525879,2
2026-08-19,PAYTM,3,1,0.04454572067622455,0.6932492256164551,0.9435773,0.10628119999999998,0.7872960895812988,2
2026-08-19,PAYTM,20,1,0.055169564142576365,0.43891438841819763,-0.48163533,0.1062812,-0.637916532107544,2
2026-08-19,PAYTM,21,1,0.05317654153631747,0.4362940490245819,-0.08151531,0.1062812,-0.23779651219482423,2
2026-08-19,PAYTM,22,1,0.04581136696377927,0.44039273262023926,-0.25672913,0.1062812,-0.4130103259765625,2
2026-08-19,PAYTM,66,1,0.044700044763591976,0.17040109634399414,-0.2958238,0.1062812,-0.4521050124847412,2
2026-08-19,PAYTM,67,1,0.05645451542708805,0.1727904975414276,-0.27709603,0.1062812,-0.4333772330963135,2
2026-08-19,PERSISTENT,3,1,0.0572559548992515,0.6894213557243347,-0.53364635,0.1062812,-0.6899275451385498,2
2026-08-19,PERSISTENT,15,1,0.04418228993023436,0.2753010094165802,-0.15482903,0.1062812,-0.3111102252685547,2
2026-08-19,PERSISTENT,20,1,0.046907322699676395,0.23902878165245056,0.45608282,0.1062812,0.299801620892334,2
2026-08-19,PERSISTENT,66,1,0.04817315330553157,0.17059311270713806,-0.027245283,0.1062812,-0.18352648312683106,2
2026-08-19,PETRONET,3,1,0.04109102400637011,0.5799872279167175,0.60606,0.1062812,0.44977882807617187,2
2026-08-19,PETRONET,18,1,0.04604169076095731,0.32523635029792786,-0.3103435,0.1062812,-0.4666247039520264,2
2026-08-19,PETRONET,19,1,0.04843152342624896,0.2991592586040497,-0.22399426,0.10628120000000002,-0.380275455065918,2
2026-08-19,PETRONET,20,1,0.060710863407749616,0.2709374725818634,-0.10344386,0.1062812,-0.25972506100769044,2
2026-08-19,PETRONET,21,1,0.0588728137880556,0.26140013337135315,-0.13802648,0.1062812,-0.2943076759063721,2
2026-08-19,PETRONET,22,1,0.05414516726270844,0.2508664131164551,0.29416084,0.10628119999999998,0.13787964289550786,2
2026-08-19,PFC,15,1,0.05917830098085827,0.16539804637432098,0.63273907,0.10628119999999998,0.47645786707763677,2
2026-08-19,PHOENIXLTD,3,1,0.08562445869156052,0.5896535515785217,0.8749485,0.10628119999999998,0.718667301586914,2
2026-08-19,PHOENIXLTD,15,1,0.058419970779900764,0.29568004608154297,0.18777847,0.1062812,0.031497272900390616,2
2026-08-19,PHOENIXLTD,16,1,0.06775522904308044,0.30532723665237427,0.4758358,0.1062812,0.31955460017089843,2
2026-08-19,PHOENIXLTD,17,1,0.0575417959752716,0.30425411462783813,0.5546808,0.1062812,0.39839962427978515,2
2026-08-19,PHOENIXLTD,18,1,0.06663993630720962,0.2981492877006531,0.6546259,0.1062812,0.4983446926391602,2
2026-08-19,PHOENIXLTD,19,1,0.0446550257540119,0.2978672683238983,-0.104266405,0.1062812,-0.26054760510559083,2
2026-08-19,PHOENIXLTD,20,1,0.043715314350983914,0.28832995891571045,-0.40576458,0.10628119999999998,-0.5620457797729492,2
2026-08-19,PHOENIXLTD,66,1,0.06189276536812927,0.19637341797351837,-0.6256521,0.1062812,-0.7819332748138428,2
2026-08-19,PHOENIXLTD,67,1,0.04435728906316883,0.2008237987756729,0.0991106,0.1062812,-0.05717059666748048,2
2026-08-19,PIDILITIND,11,-1,-0.05107116949301892,0.2711257040500641,-0.42647123,0.10628119999999998,-0.5827524333679199,2
2026-08-19,PIDILITIND,20,1,0.05201232040667649,0.18299666047096252,-0.29385686,0.10628120000000002,-0.45013805920715333,2
2026-08-19,PIDILITIND,21,1,0.0474216571243165,0.17513810098171234,-0.16225576,0.1062812,-0.31853696400756837,2
2026-08-19,PIDILITIND,22,1,0.04755635965204555,0.17397557199001312,-0.078201294,0.10628119999999998,-0.23448249394531245,2
2026-08-19,PIDILITIND,67,1,0.04755014185308628,0.14329808950424194,0.006055832,0.1062812,-0.15022536809082032,2
2026-08-19,PIIND,3,1,0.04517112846797384,0.5336765050888062,-0.0718236,0.1062812,-0.2281047969543457,2
2026-08-19,PIIND,15,1,0.05376585550174111,0.22670690715312958,0.36531687,0.10628119999999998,0.2090356678283692,2
2026-08-19,PIIND,21,1,0.04452508466972095,0.22669851779937744,0.33618212,0.1062812,0.1799009174621582,2
2026-08-19,PIIND,66,1,0.04243110523055825,0.15834695100784302,-0.23562908,0.1062812,-0.3919102817260742,2
2026-08-19,PNB,3,1,0.04688221749853007,0.36944779753685,0.57594776,0.10628119999999998,0.4196665615356446,2
2026-08-19,PNB,15,1,0.06008877208137473,0.21242476999759674,0.21418333,0.10628119999999998,0.05790213053588869,2
2026-08-19,PNB,20,1,0.04832566364475606,0.17399166524410248,0.4115939,0.10628119999999998,0.25531271403198247,2
2026-08-19,POLICYBZR,16,1,0.042083767541148884,0.4911636710166931,0.20350218,0.1062812,0.04722097819213866,2
2026-08-19,POLICYBZR,18,1,0.04270639587798912,0.45952391624450684,0.6977916,0.1062812,0.541510376385498,2
2026-08-19,POLICYBZR,19,1,0.042036703686840794,0.44316366314888,0.6635308,0.10628119999999998,0.5072496265686035,2
2026-08-19,POLICYBZR,20,1,0.05178278409345468,0.41302335262298584,0.62924623,0.10628119999999998,0.4729650348937989,2
2026-08-19,POLICYBZR,21,1,0.0471641180092695,0.3740847408771515,0.7149339,0.1062812,0.5586526722229004,2
2026-08-19,POLICYBZR,66,1,0.06683561145105694,0.20517486333847046,-0.81400275,0.1062812,-0.9702839523040772,2
2026-08-19,POLICYBZR,67,1,0.041146032343360374,0.21027211844921112,-0.65778494,0.1062812,-0.8140661388122559,2
2026-08-19,POLYCAB,4,-1,-0.046089624314486224,0.6177777647972107,-0.2667308,0.1062812,-0.42301198536987306,2
2026-08-19,POLYCAB,11,-1,-0.07182118767146663,0.40041011571884155,-0.18292665,0.1062812,-0.33920785481567384,2
2026-08-19,POLYCAB,15,1,0.048670142196985934,0.2630244791507721,1.3864279,0.1062812,1.230146679333496,2
2026-08-19,POLYCAB,66,1,0.053852465791687676,0.15898314118385315,0.021982193,0.1062812,-0.13429900700683595,2
2026-08-19,POWERGRID,15,1,0.044409023264472915,0.15830771625041962,-0.2273202,0.1062812,-0.3836013942443848,2
2026-08-19,POWERGRID,18,1,0.04373537542808422,0.14236819744110107,-0.03797412,0.1062812,-0.19425531918640138,2
2026-08-19,POWERGRID,20,1,0.04527674233233606,0.13819490373134613,-0.1517415,0.1062812,-0.30802270466918946,2
2026-08-19,POWERGRID,22,1,0.04116136998145175,0.15595674514770508,-0.15186071,0.10628120000000002,-0.30814191395874024,2
2026-08-19,POWERGRID,66,1,0.04741361140300718,0.1208372488617897,-0.13304353,0.1062812,-0.2893247276031494,2
2026-08-19,POWERINDIA,3,1,0.08293450097036653,1.231326699256897,0.162673,0.1062812,0.006391796520996085,2
2026-08-19,POWERINDIA,5,1,0.05427103338506013,1.0455013513565063,-0.2797842,0.1062812,-0.4360654025756836,2
2026-08-19,POWERINDIA,7,1,0.04654166802594884,0.9135966897010803,0.2958536,0.10628119999999998,0.13957241480712895,2
2026-08-19,POWERINDIA,8,1,0.057722304670412054,0.8339900374412537,0.11820793,0.1062812,-0.03807326848144532,2
2026-08-19,POWERINDIA,9,1,0.0531632515307026,0.7721836566925049,-0.044298172,0.1062812,-0.20057937199707032,2
2026-08-19,POWERINDIA,11,-1,-0.05499653891987138,0.6996704339981079,0.26560426,0.1062812,0.10932305758361814,2
2026-08-19,POWERINDIA,13,1,0.046309626628970035,0.6313371062278748,-0.14755726,0.1062812,-0.30383845860595704,2
2026-08-19,POWERINDIA,14,1,0.04437740149453229,0.4835651218891144,-0.25073886,0.10628119999999998,-0.4070200591766357,2
2026-08-19,POWERINDIA,15,1,0.06487219140743977,0.41743969917297363,-0.23623109,0.1062812,-0.3925122886383057,2
2026-08-19,POWERINDIA,16,1,0.06764572069259699,0.40520861744880676,-0.20682812,0.1062812,-0.3631093173706055,2
2026-08-19,POWERINDIA,17,1,0.06712191932387088,0.3403869569301605,-0.22137165,0.1062812,-0.3776528506958008,2
2026-08-19,POWERINDIA,18,1,0.07642076591780413,0.3138672113418579,-0.11834502,0.10628119999999998,-0.27462622220153804,2
2026-08-19,POWERINDIA,19,1,0.06980133795710658,0.2767157554626465,-0.34008622,0.1062812,-0.4963674216949463,2
2026-08-19,POWERINDIA,20,1,0.06484505649762272,0.2564968764781952,-0.47281384,0.1062812,-0.6290950446807861,2
2026-08-19,POWERINDIA,22,1,0.04566600733315831,0.23044884204864502,-0.20725131,0.10628119999999998,-0.3635325103485107,2
2026-08-19,POWERINDIA,66,1,0.060509568785829144,0.16531921923160553,0.1941204,0.1062812,0.03783920710449218,2
2026-08-19,PRESTIGE,3,1,0.04951835970885058,0.5856150388717651,1.0435224,0.10628119999999998,0.8872411579406738,2
2026-08-19,PRESTIGE,15,1,0.05258974299276473,0.3345108926296234,0.038027763,0.10628119999999998,-0.11825343663330076,2
2026-08-19,PRESTIGE,16,1,0.053343348515143496,0.2956765592098236,-0.025343895,0.10628120000000002,-0.1816250949584961,2
2026-08-19,PRESTIGE,17,1,0.04318174568414007,0.29381507635116577,-0.2088666,0.10628119999999998,-0.3651477962219238,2
2026-08-19,PRESTIGE,18,1,0.04460623154845733,0.2994314730167389,0.057077408,0.10628119999999998,-0.09920379216308592,2
2026-08-19,PRESTIGE,20,1,0.0538426752457228,0.26009389758110046,-0.09499788,0.10628119999999998,-0.25127908284301753,2
2026-08-19,PRESTIGE,22,1,0.041526151770541024,0.23123152554035187,-0.076031685,0.1062812,-0.2323128848754883,2
2026-08-19,PRESTIGE,66,1,0.05953058796208016,0.17851601541042328,0.03170967,0.10628119999999998,-0.12457152897949217,2
2026-08-19,RADICO,15,1,0.05882824505808628,0.2503095865249634,-0.61715245,0.1062812,-0.7734336524688721,2
2026-08-19,RADICO,16,1,0.04901472788267789,0.2488003671169281,-0.51511526,0.1062812,-0.6713964610778809,2
2026-08-19,RADICO,17,1,0.044180676903872104,0.2499198317527771,-0.5494237,0.1062812,-0.7057048946105957,2
2026-08-19,RADICO,19,1,0.05551529609892591,0.2627153694629669,-0.3308773,0.10628119999999998,-0.4871585040771484,2
2026-08-19,RADICO,20,1,0.07131644035371126,0.25926557183265686,-0.19677281,0.10628119999999998,-0.353054013796997,2
2026-08-19,RADICO,21,1,0.06302226973521757,0.26238566637039185,-0.083476305,0.1062812,-0.23975750500793458,2
2026-08-19,RADICO,22,1,0.0597883891692109,0.26766595244407654,-0.012850761,0.1062812,-0.16913196141357423,2
2026-08-19,RECLTD,3,1,0.04857120850725737,0.4371013343334198,0.2222538,0.10628119999999998,0.06597259943847658,2
2026-08-19,RECLTD,15,1,0.060938382565477324,0.22928449511528015,0.56471825,0.1062812,0.40843704645996093,2
2026-08-19,RECLTD,66,1,0.05309173357339966,0.11604110151529312,-0.32490492,0.1062812,-0.4811861186706543,2
2026-08-19,RELIANCE,11,-1,-0.058137259137140525,0.17312337458133698,0.13697147,0.1062812,-0.019309726306152353,2
2026-08-19,RELIANCE,66,1,0.04661614789627426,0.12723924219608307,-0.12994409,0.1062812,-0.2862252860748291,2
2026-08-19,RVNL,3,1,0.09688731593123448,0.8892767429351807,0.56756735,0.10628119999999998,0.41128614848022466,2
2026-08-19,RVNL,5,1,0.0434756991352306,0.7345201373100281,0.22512674,0.1062812,0.06884554331665038,2
2026-08-19,RVNL,14,1,0.048693696374307184,0.36805927753448486,-0.013524294,0.1062812,-0.16980549389953614,2
2026-08-19,RVNL,15,1,0.0701085139022937,0.27480006217956543,0.06314516,0.1062812,-0.09313603932495118,2
2026-08-19,RVNL,16,1,0.06899958324475011,0.26416856050491333,0.25742054,0.1062812,0.10113933985595701,2
2026-08-19,RVNL,66,1,0.06174100763548211,0.1734217405319214,-0.03131628,0.1062812,-0.18759748036499024,2
2026-08-19,SAIL,17,1,0.0454614982801373,0.4414219856262207,0.15772581,0.1062812,0.0014446110046386629,2
2026-08-19,SAIL,18,1,0.048598645912850694,0.4438992738723755,0.10513067,0.1062812,-0.051150527545166025,2
2026-08-19,SAIL,19,1,0.04489496280464292,0.44232988357543945,0.35670996,0.1062812,0.20042875712280273,2
2026-08-19,SAIL,20,1,0.043683230696368286,0.45079925656318665,0.0058293343,0.10628119999999998,-0.15045186574096678,2
2026-08-19,SAIL,21,1,0.04486416977256367,0.4684389531612396,0.11085272,0.10628119999999998,-0.0454284816467285,2
2026-08-19,SAIL,22,1,0.043052228606306094,0.43918898701667786,0.058329105,0.1062812,-0.09795209462280274,2
2026-08-19,SAIL,66,1,0.0573370595725306,0.14533334970474243,-0.28325915,0.1062812,-0.4395403533660889,2
2026-08-19,SAIL,67,1,0.04895696550524124,0.15036658942699432,-0.12142062,0.1062812,-0.27770182187194825,2
2026-08-19,SBICARD,4,-1,-0.0423206126753055,0.35519230365753174,-0.17101765,0.10628120000000002,-0.3272988467895508,2
2026-08-19,SBICARD,8,1,0.04349602066149555,0.3288435637950897,-0.24402142,0.10628119999999998,-0.40030261571044917,2
2026-08-19,SBICARD,11,-1,-0.04353696829932522,0.30623355507850647,0.3657639,0.10628119999999998,0.20948270266418462,2
2026-08-19,SBICARD,15,1,0.05295737471075613,0.23937714099884033,0.024461746,0.1062812,-0.1318194537841797,2
2026-08-19,SBICARD,20,1,0.04526654572124648,0.20443236827850342,0.2609253,0.1062812,0.10464409296874998,2
2026-08-19,SBICARD,66,1,0.08596113614837785,0.26524677872657776,-0.07186532,0.1062812,-0.22814652020568849,2
2026-08-19,SBICARD,67,1,0.08146465158187485,0.2669156789779663,-0.4310608,0.10628119999999998,-0.587341991015625,2
2026-08-19,SBILIFE,3,1,0.04741803563719168,0.6024618148803711,0.0854969,0.1062812,-0.0707842975341797,2
2026-08-19,SBILIFE,11,-1,-0.05155639147487786,0.30604109168052673,0.50088763,0.1062812,0.3446064323699951,2
2026-08-19,SBILIFE,15,1,0.06235573762841762,0.20142556726932526,-0.08562803,0.10628120000000002,-0.24190923268432618,2
2026-08-19,SBILIFE,16,1,0.044523989579175784,0.178979754447937,0.114417076,0.10628119999999998,-0.04186412388916014,2
2026-08-19,SBILIFE,18,1,0.04113221029248522,0.15976519882678986,0.54329634,0.10628119999999998,0.3870151371276856,2
2026-08-19,SBILIFE,20,1,0.04316870693536049,0.15405341982841492,0.68074465,0.1062812,0.5244634479797363,2
2026-08-19,SBILIFE,21,1,0.043830757355234236,0.14922688901424408,0.7383704,0.1062812,0.582089218548584,2
2026-08-19,SBILIFE,66,1,0.050209642506909236,0.1613255739212036,0.19663572,0.1062812,0.04035452311401366,2
2026-08-19,SBIN,15,1,0.05658543749143317,0.19968222081661224,0.124025345,0.1062812,-0.032255855151367196,2
2026-08-19,SBIN,66,1,0.047830666917578396,0.13636131584644318,0.22063255,0.1062812,0.06435135310058593,2
2026-08-19,SCHAEFFLER,3,1,0.04248546261376712,0.4296844005584717,0.95590353,0.1062812,0.7996223301208496,2
2026-08-19,SCHAEFFLER,15,1,0.049782240639171194,0.2403930127620697,0.09944439,0.10628120000000002,-0.056836810656738304,2
2026-08-19,SCHAEFFLER,20,1,0.04131303437839306,0.1763821691274643,-0.28145313,0.1062812,-0.43773433262939454,2
2026-08-19,SCHAEFFLER,21,1,0.04551292059847955,0.18157029151916504,-0.08020401,0.10628119999999998,-0.23648521000976558,2
2026-08-19,SCHAEFFLER,66,1,0.0715652488924013,0.24172000586986542,0.1881361,0.1062812,0.03185490076904296,2
2026-08-19,SHREECEM,4,-1,-0.04239638921452257,0.4938271641731262,0.4318297,0.1062812,0.27554849093322753,2
2026-08-19,SHREECEM,6,1,0.04216658091354512,0.4235418736934662,-0.4115224,0.10628119999999998,-0.567803588458252,2
2026-08-19,SHREECEM,9,1,0.04235153878985835,0.35618695616722107,-0.34993887,0.1062812,-0.5062200694763184,2
2026-08-19,SHREECEM,12,1,0.04801255101784635,0.3435770273208618,0.28949976,0.1062812,0.13321855967407226,2
2026-08-19,SHREECEM,13,1,0.04582691751774089,0.35419127345085144,0.28920174,0.1062812,0.1329205364501953,2
2026-08-19,SHREECEM,15,1,0.062093645299531,0.25963297486305237,0.22712946,0.1062812,0.0708482593811035,2
2026-08-19,SHREECEM,16,1,0.04749722134135091,0.2478826642036438,0.33050776,0.1062812,0.174226555279541,2
2026-08-19,SHREECEM,17,1,0.048202314233045884,0.23770153522491455,0.41339397,0.1062812,0.2571127743041992,2
2026-08-19,SHREECEM,21,1,0.04188627294681697,0.24148187041282654,0.37106276,0.1062812,0.2147815555847168,2
2026-08-19,SHREECEM,22,1,0.04345714245290218,0.24133262038230896,0.35022497,0.1062812,0.19394377177124023,2
2026-08-19,SHREECEM,66,1,0.04741361140300718,0.16915744543075562,0.102984905,0.10628119999999998,-0.05329629475708006,2
2026-08-19,SHRIRAMFIN,3,1,0.049614450416334076,0.5227300524711609,0.4363656,0.1062812,0.28008440440063476,2
2026-08-19,SHRIRAMFIN,20,1,0.0487446226503143,0.217487171292305,-0.13551116,0.10628119999999998,-0.29179235989685054,2
2026-08-19,SHRIRAMFIN,22,1,0.04387554001388802,0.2028084695339203,-0.08138418,0.10628119999999998,-0.2376653819763183,2
2026-08-19,SHRIRAMFIN,66,1,0.05986372318740564,0.16151539981365204,-0.06331205,0.1062812,-0.21959325368041993,2
2026-08-19,SIEMENS,4,-1,-0.04220447455719725,0.5869390964508057,-0.20229816,0.10628120000000002,-0.3585793643676758,2
2026-08-19,SIEMENS,15,1,0.045776113792376186,0.2567143738269806,0.14084578,0.10628120000000002,-0.015435424395751976,2
2026-08-19,SIEMENS,66,1,0.04806312663416756,0.15869709849357605,-0.18240213,0.10628120000000002,-0.3386833339416504,2
2026-08-19,SJVN,15,1,0.04593403397570024,0.17830227315425873,-0.030267239,0.10628119999999998,-0.1865484386169433,2
2026-08-19,SOLARINDS,3,1,0.08243516147522478,0.7663029432296753,0.11166334,0.10628119999999998,-0.044617858477783184,2
2026-08-19,SOLARINDS,5,1,0.056594901978941216,0.6785756945610046,0.4275918,0.1062812,0.27131060068969726,2
2026-08-19,SOLARINDS,7,1,0.05586323068111464,0.6555302739143372,-0.26324987,0.1062812,-0.41953107411499024,2
2026-08-19,SOLARINDS,8,1,0.05156739263489987,0.6435093283653259,-0.081175566,0.1062812,-0.2374567657196045,2
2026-08-19,SOLARINDS,9,1,0.053828370460326555,0.5974316000938416,-0.0659883,0.1062812,-0.22226950223083497,2
2026-08-19,SOLARINDS,11,-1,-0.05512153286752545,0.5439468622207642,-0.16229153,0.1062812,-0.3185727267944336,2
2026-08-19,SOLARINDS,13,1,0.046483193876462624,0.5039972066879272,0.005066395,0.1062812,-0.1512148051940918,2
2026-08-19,SOLARINDS,14,1,0.04662086456182063,0.471694678068161,0.0050783157,0.1062812,-0.15120288426513673,2
2026-08-19,SOLARINDS,15,1,0.08010874248377618,0.38951146602630615,0.1269579,0.1062812,-0.029323306628417978,2
2026-08-19,SOLARINDS,16,1,0.07725808270487357,0.3675376772880554,0.11174679,0.1062812,-0.044534411975097665,2
2026-08-19,SOLARINDS,17,1,0.062022013314197884,0.3394295573234558,0.030398369,0.1062812,-0.1258828311645508,2
2026-08-19,SOLARINDS,18,1,0.06212383075581784,0.32479041814804077,-0.050616264,0.1062812,-0.20689746434326173,2
2026-08-19,SOLARINDS,19,1,0.060516295333684925,0.301525354385376,0.10640621,0.10628119999999998,-0.04987498814697264,2
2026-08-19,SOLARINDS,20,1,0.05439200882380809,0.2450820654630661,0.10136366,0.1062812,-0.05491754109497071,2
2026-08-19,SOLARINDS,21,1,0.04816654242338395,0.23494093120098114,0.14204979,0.1062812,-0.014231410571289071,2
2026-08-19,SOLARINDS,22,1,0.04277525650347882,0.20795293152332306,0.172472,0.1062812,0.016190800122070304,2
2026-08-19,SRF,3,1,0.043682658863903476,0.42065274715423584,-0.34959912,0.1062812,-0.5058803230010986,2
2026-08-19,SRF,15,1,0.054164879907243765,0.22166404128074646,-0.26599765,0.1062812,-0.42227884823913575,2
2026-08-19,SRF,20,1,0.050913990621700794,0.17334061861038208,-0.21991134,0.10628119999999998,-0.37619253689880366,2
2026-08-19,SRF,21,1,0.04755018300145171,0.16712455451488495,-0.18918514,0.1062812,-0.34546634251708985,2
2026-08-19,SRF,22,1,0.046942247934809715,0.1675882488489151,-0.11212826,0.1062812,-0.26840945775146485,2
2026-08-19,SUNDARMFIN,3,1,0.052117178951896555,0.6670253872871399,0.5630255,0.1062812,0.40674427454833983,2
2026-08-19,SUNDARMFIN,5,1,0.045816707919833624,0.5221397876739502,0.6094694,0.1062812,0.45318821375732427,2
2026-08-19,SUNDARMFIN,6,1,0.04486365170310244,0.4676254391670227,0.46406984,0.1062812,0.3077886432922363,2
2026-08-19,SUNDARMFIN,15,1,0.06114823243192998,0.23590758442878723,-0.015360117,0.10628119999999998,-0.17164131695861815,2
2026-08-19,SUNDARMFIN,20,1,0.050203107406372204,0.218327134847641,-0.19526482,0.10628119999999998,-0.35154601628417964,2
2026-08-19,SUNDARMFIN,66,1,0.055019362799380994,0.24021996557712555,-0.68405867,0.1062812,-0.8403398662292481,2
2026-08-19,SUNDARMFIN,67,1,0.055497805024022594,0.24232125282287598,-0.7109523,0.10628119999999998,-0.8672334819519043,2
2026-08-19,SUNPHARMA,3,1,0.042962802986174956,0.4421969950199127,-0.13763905,0.1062812,-0.29392024571533204,2
2026-08-19,SUNPHARMA,15,1,0.05867146553601553,0.22992859780788422,-0.0264287,0.10628119999999998,-0.18270989949340816,2
2026-08-19,SUNPHARMA,20,1,0.042408109807774,0.19626036286354065,0.11117458,0.1062812,-0.045106616564941415,2
2026-08-19,SUPREMEIND,3,1,0.047391403928562954,0.7014237642288208,0.28196573,0.1062812,0.12568453257446288,2
2026-08-19,SUPREMEIND,20,1,0.04796724957875903,0.2074519842863083,-0.041633844,0.1062812,-0.19791504437561036,2
2026-08-19,SUZLON,3,1,0.046564544435662415,0.6273907423019409,0.3828168,0.10628119999999998,0.22653559153442387,2
2026-08-19,SUZLON,15,1,0.06668581636728349,0.2342919409275055,0.06389618,0.1062812,-0.09238502080078126,2
2026-08-19,SUZLON,16,1,0.05187742203314951,0.22682954370975494,0.255692,0.1062812,0.09941080515747068,2
2026-08-19,SUZLON,22,1,0.044602467748536455,0.2022145688533783,-0.021284819,0.1062812,-0.177566018649292,2
2026-08-19,SUZLON,66,1,0.04741361140300718,0.188208669424057,-0.5737364,0.1062812,-0.7300176292144775,2
2026-08-19,SUZLON,67,1,0.04234272631405873,0.18996845185756683,-0.4893601,0.1062812,-0.6456412940704346,2
2026-08-19,TATACOMM,11,-1,-0.05283917346352483,0.4790530502796173,0.33145547,0.10628119999999998,0.17517426913146977,2
2026-08-19,TATACOMM,15,1,0.043620734684799524,0.3303625285625458,-0.16031265,0.1062812,-0.31659385258789063,2
2026-08-19,TATACOMM,16,1,0.043164946472643045,0.3127363324165344,-0.10095835,0.10628119999999998,-0.2572395473205566,2
2026-08-19,TATACOMM,17,1,0.04338540179088014,0.3060925304889679,-0.08909106,0.1062812,-0.24537226254577638,2
2026-08-19,TATACOMM,18,1,0.04240312034342358,0.26766136288642883,-0.38006902,0.10628119999999998,-0.5363502174102783,2
2026-08-19,TATACOMM,20,1,0.04570139322325852,0.24804532527923584,-0.4272461,0.1062812,-0.58352729375,2
2026-08-19,TATACOMM,21,1,0.04550676937947307,0.23827919363975525,-0.5170822,0.1062812,-0.6733634143554688,2
2026-08-19,TATACOMM,22,1,0.04273163441785769,0.21876725554466248,-0.4876554,0.10628119999999998,-0.6439366012298584,2
2026-08-19,TATACOMM,66,1,0.04741361140300718,0.16836968064308167,-0.108242035,0.1062812,-0.2645232349121094,2
2026-08-19,TATACOMM,67,1,0.04234272631405873,0.17327190935611725,0.042128563,0.10628119999999998,-0.11415263707275389,2
2026-08-19,TATACONSUM,15,1,0.05854054422865012,0.1915769726037979,-0.009405613,0.1062812,-0.16568681294555665,2
2026-08-19,TATACONSUM,20,1,0.04500087887998422,0.19186751544475555,0.3581524,0.10628119999999998,0.20187118952636723,2
2026-08-19,TATAELXSI,4,-1,-0.041987880467833125,0.4655889570713043,-0.049340725,0.1062812,-0.20562192494506837,2
2026-08-19,TATAELXSI,8,1,0.04356633960281181,0.35451677441596985,-0.24383068,0.1062812,-0.400111880847168,2
2026-08-19,TATAELXSI,11,-1,-0.0720214376938597,0.32216453552246094,-0.12602806,0.10628119999999998,-0.2823092609130859,2
2026-08-19,TATAELXSI,15,1,0.05642558522637483,0.21265235543251038,0.120830536,0.1062812,-0.035450664111328134,2
2026-08-19,TATAELXSI,66,1,0.04741361140300718,0.1440349817276001,-0.016444921,0.10628120000000002,-0.17272612149353028,2
2026-08-19,TATAINVEST,15,1,0.04421552140616271,0.2480848729610443,-0.26125908,0.1062812,-0.4175402789794922,2
2026-08-19,TATAINVEST,20,1,0.04818685438835069,0.15130841732025146,0.06160736,0.1062812,-0.09467383916015626,2
2026-08-19,TATAINVEST,66,1,0.04424332263840246,0.19176675379276276,-0.053548813,0.1062812,-0.20983001286621095,2
2026-08-19,TATAINVEST,67,1,0.045105534034790444,0.20084671676158905,-0.19913912,0.10628119999999998,-0.35542031819458003,2
2026-08-19,TATAPOWER,3,1,0.06356736718362238,0.3919219970703125,0.02655983,0.10628119999999998,-0.12972137028808592,2
2026-08-19,TATAPOWER,15,1,0.046940316232034734,0.18942417204380035,0.1998663,0.1062812,0.043585094860839835,2
2026-08-19,TATAPOWER,21,1,0.04300222929480659,0.14263010025024414,0.10647774,0.1062812,-0.049803462573242196,2
2026-08-19,TATAPOWER,66,1,0.04131157782374606,0.13400478661060333,-0.10564923,0.1062812,-0.2619304328643799,2
2026-08-19,TATASTEEL,3,1,0.047723972591153,0.4616410732269287,0.65180063,0.10628119999999998,0.4955194324768067,2
2026-08-19,TATASTEEL,11,-1,-0.06162943905879078,0.3232310116291046,-0.09248257,0.10628119999999998,-0.24876376683349605,2
2026-08-19,TATASTEEL,15,1,0.040969986171092695,0.22686105966567993,0.15199184,0.10628120000000002,-0.004289355822753929,2
2026-08-19,TATASTEEL,66,1,0.053238475604394514,0.13671983778476715,-0.16309619,0.1062812,-0.3193773894989014,2
2026-08-19,TCS,3,1,0.052117533729913824,0.7238429188728333,-0.5219281,0.1062812,-0.678209271975708,2
2026-08-19,TCS,15,1,0.05853093195532848,0.2641877233982086,0.008845329,0.10628119999999998,-0.147435870715332,2
2026-08-19,TCS,20,1,0.046078794639248744,0.1835222840309143,0.6809354,0.10628119999999998,0.5246541828430176,2
2026-08-19,TCS,66,1,0.0424457815235246,0.15237343311309814,0.21027327,0.10628119999999998,0.053992065838623066,2
2026-08-19,TECHM,3,1,0.04979925269991868,0.551446795463562,-0.5639434,0.1062812,-0.7202245860778809,2
2026-08-19,TECHM,15,1,0.04229390172867851,0.21778950095176697,-0.46067834,0.1062812,-0.6169595390045166,2
2026-08-19,TECHM,20,1,0.04568169618362235,0.18680745363235474,-0.03159046,0.10628119999999998,-0.18787166173095698,2
2026-08-19,TECHM,22,1,0.04245087498254197,0.1951819211244583,0.41835308,0.1062812,0.2620718807495117,2
2026-08-19,THERMAX,3,1,0.04252065835498699,0.44023263454437256,0.11138916,0.10628119999999998,-0.04489203984374998,2
2026-08-19,THERMAX,14,1,0.042920478463152674,0.30632588267326355,0.039935112,0.10628120000000002,-0.1163460880004883,2
2026-08-19,THERMAX,15,1,0.07494039545183408,0.2868131697177887,0.019991398,0.1062812,-0.136289802142334,2
2026-08-19,THERMAX,16,1,0.06929389073710238,0.2855139970779419,0.0,0.10628119999999998,-0.15628119999999998,2
2026-08-19,THERMAX,18,1,0.048239048159980084,0.28249895572662354,-0.13474226,0.10628119999999998,-0.291023459979248,2
2026-08-19,THERMAX,19,1,0.04672112463666578,0.2718049883842468,-0.21971464,0.1062812,-0.37599584157104493,2
2026-08-19,THERMAX,20,1,0.05800339092148158,0.25691697001457214,-0.4241407,0.10628119999999998,-0.5804218917572022,2
2026-08-19,THERMAX,21,1,0.04445647139352585,0.25057047605514526,-0.5389273,0.1062812,-0.6952085166656494,2
2026-08-19,THERMAX,22,1,0.05398395530876537,0.24280522763729095,-0.5394876,0.10628119999999998,-0.6957688003265381,2
2026-08-19,THERMAX,66,1,0.058716204626998426,0.20653153955936432,-0.109392405,0.1062812,-0.2656736045562744,2
2026-08-19,THERMAX,67,1,0.041528342978976986,0.20645172894001007,0.2412796,0.1062812,0.08499840205078123,2
2026-08-19,TIINDIA,6,1,0.04118517216803043,0.6253160238265991,-0.82513094,0.1062812,-0.9814121394836426,2
2026-08-19,TIINDIA,16,1,0.054582194015099006,0.4812638461589813,0.9871721,0.10628119999999998,0.8308909267700195,2
2026-08-19,TIINDIA,17,1,0.04422888859479128,0.4629276692867279,0.88021755,0.10628120000000002,0.7239363521850586,2
2026-08-19,TIINDIA,18,1,0.04180687078051304,0.4513591527938843,0.94993114,0.1062812,0.7936499447143555,2
2026-08-19,TIINDIA,19,1,0.050385510670370656,0.42554953694343567,1.44279,0.1062812,1.2865088314331055,2
2026-08-19,TIINDIA,20,1,0.0478851778640483,0.41856688261032104,1.1767983,0.1062812,1.0205171436584473,2
2026-08-19,TIINDIA,21,1,0.04291194599368442,0.4138123095035553,0.58362484,0.1062812,0.42734363978271483,2
2026-08-19,TIINDIA,22,1,0.04841624299178868,0.4009959399700165,0.6345153,0.10628120000000002,0.4782340854919434,2
2026-08-19,TIINDIA,66,1,0.05846061463162593,0.21600760519504547,-0.5304158,0.10628119999999998,-0.6866969733917236,2
2026-08-19,TIINDIA,67,1,0.041528342978976986,0.21977190673351288,0.7485509,0.1062812,0.5922696918762207,2
2026-08-19,TITAN,22,1,0.041023115305922064,0.16395609080791473,-0.06919503,0.1062812,-0.22547623211975099,2
2026-08-19,TMCV,3,1,0.04291194130784666,0.5427907705307007,-0.30716658,0.1062812,-0.46344777638549806,2
2026-08-19,TMCV,18,1,0.05493217415827588,0.2647194266319275,0.37373304,0.1062812,0.2174518436706543,2
2026-08-19,TMCV,19,1,0.04524591868085895,0.27220967411994934,0.106453896,0.10628119999999998,-0.049827304431152325,2
2026-08-19,TMCV,20,1,0.05439999109764821,0.254340261220932,0.59701204,0.10628119999999998,0.4407308429992676,2
2026-08-19,TORNTPHARM,3,1,0.042597576177879785,0.3391619026660919,0.030124187,0.1062812,-0.1261570125305176,2
2026-08-19,TORNTPHARM,15,1,0.04749803082945562,0.25586995482444763,-0.22072792,0.10628119999999998,-0.3770091205322265,2
2026-08-19,TORNTPHARM,21,1,0.043541070377161435,0.1938847303390503,0.16093254,0.1062812,0.0046513408935546785,2
2026-08-19,TORNTPOWER,3,1,0.07190166841613461,0.6189625859260559,-0.023978949,0.1062812,-0.18026014859313966,2
2026-08-19,TORNTPOWER,5,1,0.04431776230486172,0.519793689250946,-0.031989813,0.1062812,-0.18827101285095216,2
2026-08-19,TORNTPOWER,6,1,0.05689819492585895,0.48949724435806274,0.032019615,0.1062812,-0.12426158482666017,2
2026-08-19,TORNTPOWER,7,1,0.04421650033836471,0.46537473797798157,0.08006096,0.1062812,-0.07622024113769532,2
2026-08-19,TORNTPOWER,8,1,0.049782114782960275,0.43794453144073486,-0.11193156,0.1062812,-0.26821276242370606,2
2026-08-19,TORNTPOWER,15,1,0.0462231147929075,0.2132468819618225,-0.1840949,0.1062812,-0.3403761058532715,2
2026-08-19,TORNTPOWER,19,1,0.04501786633627661,0.18604381382465363,-0.040072203,0.1062812,-0.19635340268249513,2
2026-08-19,TORNTPOWER,20,1,0.04737320205894159,0.17520952224731445,0.04811287,0.1062812,-0.1081683307373047,2
2026-08-19,TORNTPOWER,21,1,0.041616079128229434,0.1580822914838791,0.09622574,0.10628119999999998,-0.060055461474609356,2
2026-08-19,TRENT,66,1,0.047830666917578396,0.16324740648269653,0.0033974648,0.1062812,-0.15288373524780274,2
2026-08-19,TVSMOTOR,3,1,0.047689435079598344,0.4278409779071808,0.20363331,0.1062812,0.04735210841064452,2
2026-08-19,TVSMOTOR,15,1,0.05492144194762919,0.23445375263690948,-0.08242726,0.1062812,-0.2387084632598877,2
2026-08-19,UBL,3,1,0.0447915844459138,0.7038905620574951,-0.81824064,0.1062812,-0.9745218425476074,2
2026-08-19,UBL,15,1,0.05793259439443357,0.3137977123260498,-0.4361987,0.10628120000000002,-0.5924799113952637,2
2026-08-19,UBL,16,1,0.051139447084627226,0.27191752195358276,-0.19990802,0.10628119999999998,-0.35618921811218257,2
2026-08-19,UBL,17,1,0.04634679457853651,0.2592407166957855,-0.259161,0.10628119999999998,-0.4154421954833984,2
2026-08-19,UBL,18,1,0.047887542173830816,0.252151221036911,0.25947094,0.10628120000000002,0.10318973963623045,2
2026-08-19,UBL,19,1,0.0419994939537976,0.24617764353752136,0.096297264,0.1062812,-0.059983935900878915,2
2026-08-19,UBL,20,1,0.043032681056860936,0.2096789926290512,0.10378361,0.10628119999999998,-0.052497592517089825,2
2026-08-19,UBL,22,1,0.04308323882998539,0.16230201721191406,0.30446053,0.1062812,0.1481793255126953,2
2026-08-19,UNIONBANK,11,-1,-0.07206789537080406,0.3067948818206787,0.592947,0.10628119999999998,0.436665806225586,2
2026-08-19,UNIONBANK,15,1,0.058043922247491074,0.23704858124256134,-0.2037704,0.10628119999999998,-0.3600515990936279,2
2026-08-19,UNIONBANK,18,1,0.04756152170666088,0.24258702993392944,-0.12359619,0.1062812,-0.27987739140625,2
2026-08-19,UNIONBANK,20,1,0.04750668254561282,0.202392578125,0.080657005,0.1062812,-0.07562419468994142,2
2026-08-19,UNIONBANK,66,1,0.0458650974615112,0.14554446935653687,-0.26881695,0.10628120000000002,-0.4250981479370117,2
2026-08-19,UNITDSPR,3,1,0.04740828452662472,0.32437825202941895,0.30140877,0.10628119999999998,0.14512756770019536,2
2026-08-19,UNITDSPR,15,1,0.05655716904153113,0.14933685958385468,-0.32771826,0.1062812,-0.48399945790405274,2
2026-08-19,UNITDSPR,20,1,0.044793966433564515,0.14690306782722473,-0.05915761,0.1062812,-0.2154388099395752,2
2026-08-19,UNITDSPR,21,1,0.042688733658122965,0.1443052440881729,0.026321411,0.1062812,-0.1299597888671875,2
2026-08-19,UNOMINDA,3,1,0.05465686682412979,0.703334391117096,1.3038278,0.1062812,1.1475465626037598,2
2026-08-19,UNOMINDA,16,1,0.04756856807391774,0.333537220954895,-0.02347231,0.1062812,-0.17975350911254884,2
2026-08-19,UNOMINDA,17,1,0.04895339902007902,0.3221331238746643,0.10957718,0.1062812,-0.046704021044921884,2
2026-08-19,UNOMINDA,18,1,0.04576620617651431,0.29584822058677673,0.21140575,0.1062812,0.05512455408935546,2
2026-08-19,UNOMINDA,20,1,0.05308532911742914,0.2758229970932007,0.2114892,0.1062812,0.05520800059204101,2
2026-08-19,UNOMINDA,21,1,0.054694188577493204,0.2754146456718445,0.15673637,0.1062812,0.0004551739013671785,2
2026-08-19,UNOMINDA,22,1,0.042982660777384565,0.29051971435546875,-0.007820129,0.1062812,-0.16410132939453126,2
2026-08-19,UNOMINDA,66,1,0.05033432336731902,0.18343791365623474,0.34656525,0.10628119999999998,0.1902840465820313,2
2026-08-19,UPL,3,1,0.044453618446094356,0.3845509886741638,0.5720377,0.1062812,0.4157564968383789,2
2026-08-19,UPL,15,1,0.04447956809768576,0.26901379227638245,0.28569698,0.10628119999999998,0.1294157833374024,2
2026-08-19,UPL,16,1,0.041670454279502694,0.266796350479126,0.6166816,0.1062812,0.46040037577514653,2
2026-08-19,UPL,20,1,0.041124648413556585,0.2538992464542389,1.0864735,0.10628119999999998,0.9301922649658203,2
2026-08-19,UPL,66,1,0.05747868790600957,0.18521229922771454,-0.043946505,0.1062812,-0.20022770459289552,2
2026-08-19,VBL,11,-1,-0.1402348467299874,0.20966699719429016,0.44602156,0.1062812,0.28974035685424804,2
2026-08-19,VBL,15,1,0.042530044099677276,0.1514005810022354,-0.36680698,0.10628119999999998,-0.5230881839477539,2
2026-08-19,VBL,18,1,0.04100061043543864,0.16410928964614868,-0.011485815,0.10628120000000002,-0.16776701504821778,2
2026-08-19,VBL,20,1,0.048169966268226096,0.13706235587596893,-0.022983551,0.1062812,-0.17926475102539063,2
2026-08-19,VBL,21,1,0.04562281745040501,0.14558753371238708,0.14970303,0.1062812,-0.006578174182128915,2
2026-08-19,VBL,22,1,0.04079237139866355,0.15120606124401093,0.17256737,0.1062812,0.01628616755371093,2
2026-08-19,VBL,66,1,0.047830666917578396,0.14167065918445587,-0.21906495,0.1062812,-0.3753461509429932,2
2026-08-19,VEDL,3,1,0.046488655886720194,0.4916931092739105,0.30540228,0.1062812,0.14912107890014648,2
2026-08-19,VEDL,15,1,0.05414467459019392,0.19338078796863556,0.3431797,0.10628119999999998,0.1868985027587891,2
2026-08-19,VOLTAS,3,1,0.06567795905229416,0.5337268710136414,-0.040596724,0.10628119999999998,-0.1968779235565185,2
2026-08-19,VOLTAS,8,1,0.041757296628335425,0.3998549282550812,-0.43072104,0.1062812,-0.5870022445404053,2
2026-08-19,VOLTAS,9,1,0.04352677786597962,0.37274566292762756,-0.83672404,0.1062812,-0.9930052428924561,2
2026-08-19,VOLTAS,11,-1,-0.049567471354018046,0.3348214328289032,1.0229766,0.1062812,0.8666954368865967,2
2026-08-19,VOLTAS,13,1,0.054804184669625486,0.3295179307460785,-0.41572452,0.10628119999999998,-0.572005715914917,2
2026-08-19,VOLTAS,14,1,0.048174875592569076,0.2790718972682953,-0.49754977,0.1062812,-0.6538309722625733,2
2026-08-19,VOLTAS,15,1,0.060348633874962455,0.2384451925754547,-0.39196014,0.1062812,-0.5482413440429688,2
2026-08-19,VOLTAS,16,1,0.061089243073921384,0.25453779101371765,-0.06552935,0.10628119999999998,-0.2218105464660644,2
2026-08-19,VOLTAS,17,1,0.05651039689462472,0.2536826431751251,-0.122749805,0.10628119999999998,-0.2790310054504394,2
2026-08-19,VOLTAS,18,1,0.06613521619985976,0.2548718750476837,0.090265274,0.1062812,-0.06601592595214845,2
2026-08-19,VOLTAS,19,1,0.04233178257924776,0.23897339403629303,0.032806396,0.1062812,-0.12347480351562501,2
2026-08-19,VOLTAS,20,1,0.045711446626775884,0.2402973473072052,-0.09005666,0.10628120000000002,-0.2463378577911377,2
2026-08-19,VOLTAS,21,1,0.042059840194309556,0.24299414455890656,-0.06557703,0.10628119999999998,-0.22185823018188472,2
2026-08-19,VOLTAS,66,1,0.04163511500011479,0.17943324148654938,-0.13093352,0.10628119999999998,-0.28721472317810054,2
2026-08-19,WIPRO,3,1,0.04668922971967617,0.5383521914482117,-0.17852783,0.1062812,-0.33480903203125,2
2026-08-19,WIPRO,15,1,0.04274913999209058,0.22886350750923157,0.13443232,0.10628120000000002,-0.021848884173584007,2
2026-08-19,YESBANK,3,1,0.04159737081795762,0.40965548157691956,0.6643057,0.10628120000000002,0.5080244869506836,2
2026-08-19,YESBANK,15,1,0.04135965229144883,0.23610149323940277,0.0,0.1062812,-0.1562812,2
2026-08-19,ZYDUSLIFE,3,-1,-0.044607752471328095,0.23050865530967712,-0.65329075,0.10628119999999998,-0.8095719485961914,2
2026-08-19,ZYDUSLIFE,15,1,0.060022882901197554,0.2127254605293274,-0.7041037,0.10628119999999998,-0.8603849082672119,2
2026-08-19,ZYDUSLIFE,20,1,0.0489389486192344,0.23126184940338135,0.73570013,0.1062812,0.5794189304626465,2
2026-08-19,ZYDUSLIFE,22,1,0.043474328310175524,0.2320888787508011,0.4936695,0.10628119999999998,0.33738830988769536,2
2026-08-19,ZYDUSLIFE,66,1,0.05618984051139117,0.15307632088661194,0.3979802,0.1062812,0.2416990131652832,2
2026-08-20,360ONE,48,-1,-0.04104713495608039,0.19134673476219177,-0.33302307,0.1062812,-0.4893042712890625,2
2026-08-20,360ONE,49,-1,-0.042131353500744304,0.19499391317367554,-0.24124384,0.10628119999999998,-0.39752503926391597,2
2026-08-20,360ONE,66,1,0.043249415614353144,0.1930980682373047,-0.18253922,0.1062812,-0.3388204246246338,2
2026-08-20,3MINDIA,23,-1,-0.04346274003243594,0.12616892158985138,0.11874437,0.1062812,-0.037536826678466806,2
2026-08-20,3MINDIA,26,-1,-0.044876932508098925,0.14260174334049225,-0.23856163,0.1062812,-0.39484283024902345,2
2026-08-20,3MINDIA,48,-1,-0.04840239857660098,0.10217766463756561,0.07457137,0.10628119999999998,-0.08170982892150877,2
2026-08-20,3MINDIA,49,-1,-0.0432940682304208,0.07776712626218796,-0.014913082,0.10628119999999998,-0.17119428212280272,2
2026-08-20,3MINDIA,66,1,0.048217063813886005,0.07454898208379745,-0.10436773,0.1062812,-0.260648933001709,2
2026-08-20,ABB,23,-1,-0.04455956342218088,0.21408456563949585,-0.07375479,0.10628119999999998,-0.2300359874450683,2
2026-08-20,ABB,26,-1,-0.04923702282556458,0.21568045020103455,0.013417006,0.10628119999999998,-0.14286419446105955,2
2026-08-20,ABB,48,-1,-0.04656242063891127,0.13819313049316406,-0.3291726,0.10628120000000002,-0.4854538112365723,2
2026-08-20,ABB,49,-1,-0.0559808523261588,0.14051678776741028,-0.22155046,0.1062812,-0.37783166463012696,2
2026-08-20,ABB,51,-1,-0.04109594375944894,0.1446000039577484,-0.18776655,0.10628119999999998,-0.3440477519714355,2
2026-08-20,ABB,66,1,0.046122754470603544,0.14318276941776276,0.033533573,0.10628119999999998,-0.12274762684936522,2
2026-08-20,ABBOTINDIA,26,-1,-0.052626698120474484,0.21570554375648499,-0.28642416,0.1062812,-0.4427053600036621,2
2026-08-20,ABBOTINDIA,48,-1,-0.04105782766680158,0.13235093653202057,-0.076413155,0.10628119999999998,-0.23269435460205073,2
2026-08-20,ABBOTINDIA,49,-1,-0.04352230747013326,0.13505402207374573,-0.0,0.10628119999999998,-0.15628119999999998,2
2026-08-20,ABCAPITAL,23,-1,-0.043705610925762015,0.24778085947036743,0.40287971,0.10628119999999998,0.24659851496582036,2
2026-08-20,ABCAPITAL,26,-1,-0.047121853169009464,0.23891298472881317,0.04902482,0.1062812,-0.10725637967224122,2
2026-08-20,ABCAPITAL,48,-1,-0.048964361885982355,0.16162234544754028,0.17122626,0.10628119999999998,0.014945063046264667,2
2026-08-20,ABCAPITAL,49,-1,-0.05472964922766724,0.15729261934757233,0.24467707,0.1062812,0.08839586680297849,2
2026-08-20,ABCAPITAL,66,1,0.06493240865472903,0.16902640461921692,0.13487339,0.1062812,-0.021407809802246103,2
2026-08-20,ABCAPITAL,67,1,0.0509399139494283,0.1612430214881897,0.318861,0.1062812,0.16257980769042968,2
2026-08-20,ACC,23,-1,-0.04208368502489097,0.16306178271770477,-0.32268763,0.10628119999999998,-0.4789688258850097,2
2026-08-20,ACC,26,-1,-0.05329689635789064,0.1416604369878769,-0.5149126,0.1062812,-0.6711938052856445,2
2026-08-20,ACC,48,-1,-0.04338415299783467,0.12552392482757568,0.083994865,0.10628119999999998,-0.07228633458251951,2
2026-08-20,ACC,49,-1,-0.04311177017985618,0.13215351104736328,0.045853853,0.1062812,-0.110427346774292,2
2026-08-20,ACC,66,1,0.04538948322158779,0.0863557755947113,-0.45145154,0.10628119999999998,-0.6077327399932861,2
2026-08-20,ADANIENSOL,26,-1,-0.052626698120474484,0.20290586352348328,-0.01295805,0.1062812,-0.16923924977416993,2
2026-08-20,ADANIENSOL,48,-1,-0.04971768045857637,0.12189502269029617,-0.045239925,0.1062812,-0.2015211253845215,2
2026-08-20,ADANIENSOL,49,-1,-0.05739932928741838,0.128301203250885,-0.012922287,0.1062812,-0.1692034869873047,2
2026-08-20,ADANIENSOL,66,1,0.0414362016587404,0.12794741988182068,-0.16752481,0.1062812,-0.3238060146057129,2
2026-08-20,ADANIENT,23,-1,-0.043367752844970964,0.15509839355945587,-0.1298666,0.1062812,-0.2861478000366211,2
2026-08-20,ADANIENT,26,-1,-0.053148310460268244,0.132283017039299,-0.18986464,0.10628119999999998,-0.34614583546752925,2
2026-08-20,ADANIENT,48,-1,-0.047548153062553736,0.11026529222726822,0.059890747,0.10628119999999998,-0.09639045292968748,2
2026-08-20,ADANIENT,49,-1,-0.05619701308961534,0.11021029204130173,0.11305213,0.1062812,-0.04322907025451661,2
2026-08-20,ADANIENT,66,1,0.05051204629056562,0.0983978882431984,-0.26684403,0.1062812,-0.4231252341949463,2
2026-08-20,ADANIGREEN,26,-1,-0.04738437669097692,0.12737561762332916,-0.26134253,0.1062812,-0.41762372548217774,2
2026-08-20,ADANIGREEN,48,-1,-0.04788662163014673,0.13589946925640106,-0.1533866,0.1062812,-0.30966779286499024,2
2026-08-20,ADANIGREEN,49,-1,-0.05694529181345877,0.13633225858211517,-0.0076651573,0.1062812,-0.16394635731811524,2
2026-08-20,ADANIGREEN,66,1,0.05429887899578062,0.148890420794487,-0.3984332,0.1062812,-0.5547144084655762,2
2026-08-20,ADANIPORTS,23,-1,-0.04119732602401827,0.19167757034301758,-0.011849403,0.10628119999999998,-0.16813060338134764,2
2026-08-20,ADANIPORTS,26,-1,-0.05164096569683204,0.11555472761392593,0.0059247017,0.10628119999999998,-0.15035649830932615,2
2026-08-20,ADANIPORTS,48,-1,-0.05023929279837013,0.09301197528839111,-0.1302123,0.1062812,-0.28649350697631837,2
2026-08-20,ADANIPORTS,49,-1,-0.05739932928741838,0.09549202769994736,-0.08281469,0.1062812,-0.23909589345092774,2
2026-08-20,ADANIPORTS,51,-1,-0.04109594375944894,0.0891013815999031,-0.19510984,0.1062812,-0.3513910442077637,2
2026-08-20,ADANIPOWER,23,-1,-0.0426185746961975,0.15636491775512695,-0.014662743,0.10628119999999998,-0.17094394261474607,2
2026-08-20,ADANIPOWER,26,-1,-0.053602347934227856,0.14310167729854584,-0.28339624,0.10628119999999998,-0.4396774440490722,2
2026-08-20,ADANIPOWER,48,-1,-0.04879121920410139,0.11153021454811096,0.13217926,0.1062812,-0.02410193974609376,2
2026-08-20,ADANIPOWER,49,-1,-0.04415842034512435,0.10109081119298935,0.05877614,0.1062812,-0.09750505978698731,2
2026-08-20,ADANIPOWER,66,1,0.046324166935464796,0.10787071287631989,-0.31870008,0.1062812,-0.47498127514953614,2
2026-08-20,AIAENG,26,-1,-0.06770977781671307,0.22680315375328064,-0.14117956,0.10628120000000002,-0.29746076161499024,2
2026-08-20,AIAENG,48,-1,-0.04719638005137096,0.1499091535806656,0.28698444,0.10628119999999998,0.13070324366455083,2
2026-08-20,AIAENG,49,-1,-0.07142590697255669,0.15605419874191284,0.3504455,0.10628119999999998,0.19416430895690923,2
2026-08-20,AIAENG,51,-1,-0.04109594375944894,0.1544911414384842,0.32101274,0.10628119999999998,0.16473153536682134,2
2026-08-20,AIAENG,66,1,0.05426102522879342,0.19979090988636017,-0.43418407,0.10628119999999998,-0.5904652744018555,2
2026-08-20,AJANTPHARM,3,1,0.06043222785199703,1.0546984672546387,-0.8694291,0.10628119999999998,-1.025710311480713,2
2026-08-20,AJANTPHARM,4,1,0.06692242784974586,0.8912397623062134,-0.8111775,0.10628119999999998,-0.9674586921417236,2
2026-08-20,AJANTPHARM,5,1,0.0670436947569937,0.8179010152816772,-0.5906701,0.1062812,-0.746951308795166,2
2026-08-20,AJANTPHARM,48,-1,-0.04927009030467227,0.15679365396499634,-0.31996965,0.1062812,-0.47625085408325196,2
2026-08-20,AJANTPHARM,49,-1,-0.05814561671578354,0.16654616594314575,-0.35300255,0.1062812,-0.5092837482177734,2
2026-08-20,AJANTPHARM,66,1,0.05106760539198029,0.22791631519794464,0.31539202,0.1062812,0.15911081736450194,2
2026-08-20,AJANTPHARM,67,1,0.04301744326943369,0.23394645750522614,1.3764143,0.1062812,1.2201330990112305,2
2026-08-20,ALKEM,26,-1,-0.047461589027601676,0.1663132756948471,-0.2040863,0.1062812,-0.3603675037109375,2
2026-08-20,ALKEM,48,-1,-0.043983298995452114,0.07605820149183273,-0.14812946,0.10628120000000002,-0.3044106631958008,2
2026-08-20,ALKEM,49,-1,-0.054586785251895864,0.07605820149183273,-0.07404089,0.10628119999999998,-0.2303220897399902,2
2026-08-20,ALKEM,66,1,0.051966275782660096,0.08205617219209671,0.009262562,0.1062812,-0.1470186382019043,2
2026-08-20,AMBUJACEM,23,-1,-0.04316895540679034,0.25609469413757324,-0.36461353,0.1062812,-0.5208947330200195,2
2026-08-20,AMBUJACEM,26,-1,-0.04836002650473029,0.23128455877304077,-0.5477786,0.10628120000000002,-0.7040598064147949,2
2026-08-20,AMBUJACEM,49,-1,-0.04280631860351896,0.18496771156787872,0.120949745,0.10628119999999998,-0.035331454821777325,2
2026-08-20,AMBUJACEM,66,1,0.05243814478662696,0.13803169131278992,-0.19440651,0.10628119999999998,-0.350687709399414,2
2026-08-20,APARINDS,4,1,0.04182816558849619,0.7325699925422668,0.18584728,0.1062812,0.02956608240966796,2
2026-08-20,APARINDS,49,-1,-0.05412389845057229,0.24816958606243134,-0.17879009,0.1062812,-0.3350712924682617,2
2026-08-20,APARINDS,66,1,0.046122754470603544,0.12239798158407211,0.041651726,0.1062812,-0.11462947423095704,2
2026-08-20,APLAPOLLO,26,-1,-0.054569559132447466,0.12179327756166458,-0.018632412,0.1062812,-0.17491361195678712,2
2026-08-20,APLAPOLLO,48,-1,-0.05002313203491359,0.1640586107969284,0.056028366,0.10628120000000002,-0.10025283391113284,2
2026-08-20,APLAPOLLO,49,-1,-0.05761549005087492,0.16774258017539978,0.09337664,0.1062812,-0.06290456349487306,2
2026-08-20,APLAPOLLO,66,1,0.0411510938296391,0.1812918484210968,-0.40194988,0.1062812,-0.5582310825073242,2
2026-08-20,APOLLOHOSP,4,1,0.045727122032560956,0.2973252236843109,0.13777018,0.10628119999999998,-0.01851102406616209,2
2026-08-20,APOLLOHOSP,5,1,0.04089932533223384,0.26401883363723755,0.10905266,0.10628119999999998,-0.047228541918945294,2
2026-08-20,APOLLOHOSP,23,-1,-0.04455956342218088,0.11498956382274628,-0.028645992,0.1062812,-0.18492719227905274,2
2026-08-20,APOLLOHOSP,26,-1,-0.051340559112198,0.1253204643726349,-0.0516057,0.1062812,-0.2078869014465332,2
2026-08-20,APOLLOHOSP,48,-1,-0.049569094560953986,0.12233871966600418,-0.0,0.10628119999999998,-0.15628119999999998,2
2026-08-20,APOLLOHOSP,49,-1,-0.04265403005610836,0.11873947083950043,-0.06902218,0.1062812,-0.22530337864990235,2
2026-08-20,APOLLOHOSP,66,1,0.044037817382516095,0.0678197368979454,0.023019314,0.10628119999999998,-0.13326188618774412,2
2026-08-20,APOLLOTYRE,21,-1,-0.05510792772551841,0.12854322791099548,0.13934374,0.1062812,-0.016937461444091806,2
2026-08-20,APOLLOTYRE,26,-1,-0.07063285865419118,0.13538195192813873,-0.011622906,0.1062812,-0.16790410573120118,2
2026-08-20,APOLLOTYRE,48,-1,-0.05828073644582029,0.15998315811157227,0.116062164,0.1062812,-0.040219035693359384,2
2026-08-20,APOLLOTYRE,49,-1,-0.07519941166756762,0.1507776826620102,0.17397404,0.1062812,0.017692837170410147,2
2026-08-20,APOLLOTYRE,66,1,0.047084248932499316,0.151940256357193,-0.232476,0.1062812,-0.38875719601745606,2
2026-08-20,ASHOKLEY,22,-1,-0.04086405350009219,0.144680917263031,-0.005722046,0.1062812,-0.1620032458984375,2
2026-08-20,ASHOKLEY,23,-1,-0.04254780510873966,0.14144361019134521,-0.08580685,0.1062812,-0.24208804661865235,2
2026-08-20,ASHOKLEY,26,-1,-0.053367665945348475,0.16060183942317963,-0.08585453,0.10628119999999998,-0.2421357303344726,2
2026-08-20,ASHOKLEY,48,-1,-0.047853604638890955,0.11557723581790924,0.36144853,0.10628119999999998,0.20516732638244634,2
2026-08-20,ASHOKLEY,49,-1,-0.05694529181345877,0.11552420258522034,0.40710568,0.1062812,0.2508244842803955,2
2026-08-20,ASHOKLEY,66,1,0.0501328445429816,0.11689156293869019,0.0,0.10628119999999998,-0.15628119999999998,2
2026-08-20,ASIANPAINT,26,-1,-0.055054972165314,0.10820881277322769,-0.02295971,0.1062812,-0.17924090916748048,2
2026-08-20,ASIANPAINT,48,-1,-0.04943873780000338,0.10445438325405121,-0.29324293,0.10628119999999998,-0.44952413136596675,2
2026-08-20,ASIANPAINT,49,-1,-0.05761549005087492,0.11083120852708817,-0.11789799,0.1062812,-0.27417918736572267,2
2026-08-20,ASIANPAINT,51,-1,-0.04109594375944894,0.11429750174283981,-0.10261536,0.1062812,-0.2588965564453125,2
2026-08-20,ASIANPAINT,66,1,0.05075107463440719,0.11140560358762741,0.25482178,0.1062812,0.09854057734374998,2
2026-08-20,ASTRAL,26,-1,-0.05051203105177036,0.19376510381698608,-0.025951862,0.1062812,-0.1822330623352051,2
2026-08-20,ASTRAL,48,-1,-0.04335113600657889,0.15142427384853363,0.15554428,0.10628120000000002,-0.0007369189941406479,2
2026-08-20,ASTRAL,49,-1,-0.05672913105000223,0.15318728983402252,0.14907122,0.1062812,-0.007209983416748056,2
2026-08-20,ASTRAL,66,1,0.0414362016587404,0.14131885766983032,-0.53204894,0.1062812,-0.6883301406585693,2
2026-08-20,ATGL,26,-1,-0.05155671987565454,0.14520123600959778,0.015068054,0.1062812,-0.14121314580078126,2
2026-08-20,ATGL,48,-1,-0.05002313203491359,0.11231259256601334,0.09032488,0.10628119999999998,-0.06595632130737303,2
2026-08-20,ATGL,49,-1,-0.05567540074982158,0.11399359256029129,0.08276701,0.10628119999999998,-0.07351419026489256,2
2026-08-20,ATGL,66,1,0.049968182981895794,0.13691702485084534,-0.77016354,0.10628119999999998,-0.9264447360717774,2
2026-08-20,AUBANK,23,-1,-0.0439843523722297,0.20230473577976227,0.5135238,0.10628119999999998,0.357242617062378,2
2026-08-20,AUBANK,26,-1,-0.04346183303196361,0.2370433211326599,0.027650595,0.10628119999999998,-0.12863060528869627,2
2026-08-20,AUBANK,48,-1,-0.04371588266765782,0.19901670515537262,0.1103282,0.10628119999999998,-0.045953002520751934,2
2026-08-20,AUBANK,49,-1,-0.0545406332851571,0.19241318106651306,0.15628934,0.10628119999999998,8.13906555177657e-06,2
2026-08-20,AUBANK,51,-1,-0.04109594375944894,0.1924477517604828,0.119543076,0.10628119999999998,-0.036738124438476544,2
2026-08-20,AUROPHARMA,26,-1,-0.054168613164441305,0.21980036795139313,0.07981658,0.1062812,-0.07646462018127442,2
2026-08-20,AUROPHARMA,48,-1,-0.040881234092408604,0.16143299639225006,0.28491616,0.1062812,0.12863496249084472,2
2026-08-20,AUROPHARMA,49,-1,-0.056360897578548556,0.15966375172138214,0.45820475,0.1062812,0.3019235462463379,2
2026-08-20,AUROPHARMA,67,1,0.04148926627886429,0.17917025089263916,-0.13042688,0.1062812,-0.2867080836975098,2
2026-08-20,AWL,48,-1,-0.049872174742314916,0.19690389931201935,0.38550496,0.10628119999999998,0.229223761013794,2
2026-08-20,AWL,49,-1,-0.0536542742842844,0.17475013434886932,0.12165308,0.10628119999999998,-0.034628120013427716,2
2026-08-20,AWL,66,1,0.08717354608985498,0.2586510479450226,0.053083897,0.1062812,-0.10319730336303712,2
2026-08-20,AXISBANK,23,-1,-0.04119732602401827,0.1388574242591858,-0.015997887,0.1062812,-0.17227908665771485,2
2026-08-20,AXISBANK,26,-1,-0.05368320013157477,0.12456174194812775,-0.02399683,0.1062812,-0.18027802998657227,2
2026-08-20,AXISBANK,48,-1,-0.04335113600657889,0.1155683696269989,0.1441896,0.10628119999999998,-0.01209160382385252,2
2026-08-20,AXISBANK,49,-1,-0.05686721132703149,0.11837206035852432,0.28020144,0.1062812,0.1239202350891113,2
2026-08-20,BAJAJ-AUTO,26,-1,-0.06749361705325653,0.12942613661289215,0.16239285,0.1062812,0.006111654690551749,2
2026-08-20,BAJAJ-AUTO,48,-1,-0.04971768045857637,0.09138762950897217,0.28142333,0.1062812,0.12514213030700683,2
2026-08-20,BAJAJ-AUTO,49,-1,-0.07090429463276292,0.08288639783859253,0.15354156,0.1062812,-0.002739635058593759,2
2026-08-20,BAJAJ-AUTO,66,1,0.04544675178394661,0.08649148792028427,0.051164627,0.1062812,-0.1051165729248047,2
2026-08-20,BAJAJFINSV,26,-1,-0.053061669857091244,0.16841721534729004,-0.009906292,0.10628119999999998,-0.1661874919616699,2
2026-08-20,BAJAJFINSV,48,-1,-0.0482992034973168,0.1277468204498291,-0.009906292,0.10628119999999998,-0.1661874919616699,2
2026-08-20,BAJAJFINSV,49,-1,-0.05544596265485228,0.12459277361631393,-0.019824505,0.10628119999999998,-0.17610570485229488,2
2026-08-20,BAJAJFINSV,66,1,0.04218725209350346,0.1021469384431839,-0.247401,0.1062812,-0.4036821990692139,2
2026-08-20,BAJAJHLDNG,21,-1,-0.05133679442548376,0.1600552350282669,0.114285946,0.1062812,-0.041995254107666025,2
2026-08-20,BAJAJHLDNG,22,-1,-0.04086405350009219,0.1749655157327652,0.30723214,0.1062812,0.15095094149475097,2
2026-08-20,BAJAJHLDNG,23,-1,-0.044343402658724336,0.1910189837217331,0.2369225,0.10628119999999998,0.08064130251770023,2
2026-08-20,BAJAJHLDNG,26,-1,-0.05407274416260311,0.2130601406097412,-0.18482208,0.1062812,-0.34110328251953126,2
2026-08-20,BAJAJHLDNG,48,-1,-0.043983298995452114,0.1712975800037384,-0.08811951,0.1062812,-0.2444007068359375,2
2026-08-20,BAJAJHLDNG,49,-1,-0.06925637957653402,0.16617150604724884,-0.05286932,0.1062812,-0.2091505199157715,2
2026-08-20,BAJFINANCE,26,-1,-0.0474954517404936,0.19169265031814575,-0.13691187,0.1062812,-0.2931930690490723,2
2026-08-20,BAJFINANCE,48,-1,-0.04656242063891127,0.16097545623779297,0.10948181,0.1062812,-0.04679938847656251,2
2026-08-20,BAJFINANCE,49,-1,-0.05544596265485228,0.16219058632850647,0.063830614,0.1062812,-0.09245058591003419,2
2026-08-20,BALKRISIND,23,-1,-0.043889365184764724,0.22374498844146729,-0.7639766,0.10628120000000002,-0.9202577739440918,2
2026-08-20,BALKRISIND,26,-1,-0.06852116043112126,0.2413942962884903,-0.21123886,0.10628119999999998,-0.36752006108398433,2
2026-08-20,BALKRISIND,48,-1,-0.04721569159699006,0.19059467315673828,0.21457672,0.1062812,0.05829552119140624,2
2026-08-20,BALKRISIND,49,-1,-0.06904021881307748,0.18511390686035156,0.34065247,0.10628119999999998,0.18437126582031255,2
2026-08-20,BALKRISIND,66,1,0.07317470057260195,0.2557477355003357,0.59957504,0.10628119999999998,0.4432938427246094,2
2026-08-20,BALKRISIND,67,1,0.048165700597840706,0.25481054186820984,0.38380623,0.10628119999999998,0.22752502863769536,2
2026-08-20,BANKBARODA,26,-1,-0.051340559112198,0.11874660849571228,0.03658533,0.10628120000000002,-0.11969586903686526,2
2026-08-20,BANKBARODA,48,-1,-0.04304568443024167,0.1374623030424118,0.16240478,0.10628119999999998,0.006123575619506855,2
2026-08-20,BANKBARODA,49,-1,-0.05060867515881128,0.13750696182250977,0.18270016,0.10628119999999998,0.026418957165527363,2
2026-08-20,BANKBARODA,66,1,0.05354695521381103,0.12203004211187363,-0.089901686,0.1062812,-0.2461828857147217,2
2026-08-20,BANKINDIA,26,-1,-0.05155671987565454,0.12555146217346191,-0.16806126,0.1062812,-0.3243424564086914,2
2026-08-20,BANKINDIA,48,-1,-0.04402133424399504,0.15630599856376648,0.20913482,0.1062812,0.05285361712341308,2
2026-08-20,BANKINDIA,49,-1,-0.051800485736021196,0.13938115537166595,0.20906329,0.1062812,0.05278209154968261,2
2026-08-20,BANKINDIA,51,-1,-0.04109594375944894,0.13926470279693604,0.4595816,0.1062812,0.3033004135406494,2
2026-08-20,BANKINDIA,66,1,0.07069030336936316,0.13625486195087433,-0.30159354,0.10628120000000002,-0.45787474209899903,2
2026-08-20,BDL,4,1,0.04856676956466523,0.4640766382217407,-1.522392,0.10628119999999998,-1.6786732345306397,2
2026-08-20,BDL,5,1,0.04262764165140723,0.4647250771522522,-1.5581906,0.1062812,-1.7144717841827393,2
2026-08-20,BDL,6,1,0.046904870146851456,0.4963834881782532,-1.1031032,0.10628119999999998,-1.2593843608581543,2
2026-08-20,BDL,26,-1,-0.05587038295460145,0.24223145842552185,-0.06798506,0.10628119999999998,-0.2242662578308105,2
2026-08-20,BDL,49,-1,-0.05113028749860504,0.14981207251548767,-0.15903711,0.1062812,-0.3153183131896973,2
2026-08-20,BDL,66,1,0.05963330887174233,0.19283179938793182,-0.3412962,0.1062812,-0.4975773959838867,2
2026-08-20,BEL,23,-1,-0.04376819160877316,0.11914866417646408,0.10960102,0.10628119999999998,-0.0466801791870117,2
2026-08-20,BEL,26,-1,-0.04832594114230522,0.12716197967529297,-0.06097555,0.10628119999999998,-0.21725675160522456,2
2026-08-20,BEL,48,-1,-0.04955382622197725,0.08695795387029648,0.12174249,0.1062812,-0.03453871304626466,2
2026-08-20,BEL,49,-1,-0.05686721132703149,0.08258987218141556,0.1703918,0.1062812,0.01411059801940917,2
2026-08-20,BEL,66,1,0.04398708135248961,0.09501799941062927,-0.51238537,0.10628119999999998,-0.668666568347168,2
2026-08-20,BERGEPAINT,26,-1,-0.054168613164441305,0.228464737534523,0.7619202,0.1062812,0.6056390136993408,2
2026-08-20,BERGEPAINT,48,-1,-0.05002313203491359,0.15726061165332794,-0.0,0.1062812,-0.1562812,2
2026-08-20,BERGEPAINT,49,-1,-0.05739932928741838,0.15450315177440643,-0.0,0.1062812,-0.1562812,2
2026-08-20,BHARATFORG,23,-1,-0.04306941744853342,0.14077019691467285,0.038856268,0.10628119999999998,-0.11742493207092283,2
2026-08-20,BHARATFORG,26,-1,-0.05016392937117871,0.12939724326133728,-0.043725967,0.10628119999999998,-0.20000716740722652,2
2026-08-20,BHARATFORG,48,-1,-0.049352933797497445,0.17623044550418854,0.1219213,0.1062812,-0.034359899111938486,2
2026-08-20,BHARATFORG,49,-1,-0.05102647380781443,0.17312073707580566,0.13654828,0.1062812,-0.019732919284057626,2
2026-08-20,BHARATFORG,66,1,0.054139920297951255,0.14377489686012268,-0.0875175,0.1062812,-0.24379869992370606,2
2026-08-20,BHARTIARTL,22,-1,-0.04108021426354873,0.12206268310546875,-0.0051498413,0.1062812,-0.16143104130859376,2
2026-08-20,BHARTIARTL,26,-1,-0.05337774855523755,0.11996179819107056,-0.19060373,0.1062812,-0.34688493306274415,2
2026-08-20,BHARTIARTL,48,-1,-0.04529234460813716,0.10239698737859726,-0.18497705,0.1062812,-0.3412582545959473,2
2026-08-20,BHARTIARTL,49,-1,-0.05446023023120983,0.10307832807302475,0.03594756,0.1062812,-0.12033363873596192,2
2026-08-20,BHARTIARTL,51,-1,-0.040879782995992396,0.09639110416173935,0.08721948,0.1062812,-0.06906172330017091,2
2026-08-20,BHARTIARTL,66,1,0.047525156339701724,0.10054080188274384,-0.03595352,0.1062812,-0.19223472172851563,2
2026-08-20,BHEL,23,-1,-0.04293410888242379,0.19512195885181427,0.15510917,0.10628119999999998,-0.0011720329010009578,2
2026-08-20,BHEL,48,-1,-0.049352933797497445,0.1196458488702774,0.023931265,0.10628120000000002,-0.13234993512268067,2
2026-08-20,BHEL,49,-1,-0.05761549005087492,0.10590889304876328,0.11957288,0.10628119999999998,-0.03670832211608885,2
2026-08-20,BHEL,51,-1,-0.04109594375944894,0.10245499759912491,0.25101304,0.1062812,0.09473184054260252,2
2026-08-20,BHEL,66,1,0.056275020931007835,0.1443873792886734,-0.33690333,0.1062812,-0.49318453366394044,2
2026-08-20,BIOCON,23,-1,-0.041390406810624635,0.14066560566425323,0.012087822,0.10628119999999998,-0.14419337803955076,2
2026-08-20,BIOCON,26,-1,-0.05155671987565454,0.1390398144721985,-0.15714169,0.10628119999999998,-0.3134228854858398,2
2026-08-20,BIOCON,48,-1,-0.04304568443024167,0.08307638764381409,-0.012111664,0.10628119999999998,-0.16839286381835936,2
2026-08-20,BIOCON,49,-1,-0.052884702624098494,0.0830361545085907,0.03633499,0.1062812,-0.11994620854492188,2
2026-08-20,BIOCON,66,1,0.05354695521381103,0.09633617103099823,0.3524065,0.1062812,0.19612530177001952,2
2026-08-20,BLUESTARCO,23,-1,-0.04352225915413123,0.2452145218849182,-0.2513528,0.1062812,-0.4076339870178223,2
2026-08-20,BLUESTARCO,26,-1,-0.054569559132447466,0.21815447509288788,-0.06597042,0.1062812,-0.22225162083740235,2
2026-08-20,BLUESTARCO,48,-1,-0.04784475272848575,0.16435474157333374,0.065732,0.1062812,-0.09054919774169923,2
2026-08-20,BLUESTARCO,49,-1,-0.057025730715934246,0.16051341593265533,-0.006580353,0.10628119999999998,-0.1628615527832031,2
2026-08-20,BLUESTARCO,66,1,0.06250587203558831,0.17133569717407227,-0.2634883,0.1062812,-0.4197694926940918,2
2026-08-20,BOSCHLTD,22,-1,-0.04108021426354873,0.18570102751255035,-0.19601583,0.10628120000000002,-0.3522970348083496,2
2026-08-20,BOSCHLTD,23,-1,-0.04403795108238712,0.18723279237747192,-0.20648241,0.1062812,-0.3627636104309082,2
2026-08-20,BOSCHLTD,26,-1,-0.05284900807997494,0.201829731464386,-0.010311604,0.10628119999999998,-0.16659280354614256,2
2026-08-20,BOSCHLTD,48,-1,-0.04091425108366438,0.17938682436943054,0.12457371,0.1062812,-0.0317074924194336,2
2026-08-20,BOSCHLTD,49,-1,-0.0504902493242926,0.16449318826198578,0.290519,0.10628120000000002,0.13423779909973144,2
2026-08-20,BPCL,22,-1,-0.04097914192206606,0.1597352921962738,-0.4048586,0.1062812,-0.5611397891723633,2
2026-08-20,BPCL,23,-1,-0.04455956342218088,0.18261800706386566,-0.5509734,0.1062812,-0.7072546153747559,2
2026-08-20,BPCL,26,-1,-0.055054972165314,0.16858315467834473,-0.40414333,0.10628120000000002,-0.5604245334350586,2
2026-08-20,BPCL,48,-1,-0.041513397081281836,0.172186940908432,0.37216544,0.1062812,0.21588424151306151,2
2026-08-20,BPCL,49,-1,-0.041607379890840186,0.17004133760929108,0.32383204,0.10628119999999998,0.1675508350646973,2
2026-08-20,BPCL,66,1,0.04688026155838801,0.11483348906040192,1.0396361,0.10628119999999998,0.8833549351013184,2
2026-08-20,BRITANNIA,23,-1,-0.044343402658724336,0.19983649253845215,-0.2178669,0.10628119999999998,-0.37414809758300777,2
2026-08-20,BRITANNIA,26,-1,-0.05333442111284147,0.20467381179332733,-0.10881424,0.1062812,-0.26509543950195313,2
2026-08-20,BRITANNIA,48,-1,-0.043322346366221585,0.14172334969043732,0.054091215,0.1062812,-0.10218998486633302,2
2026-08-20,BSE,4,1,0.04462202250331818,0.6445863842964172,0.25248528,0.1062812,0.09620407526855466,2
2026-08-20,BSE,5,1,0.04939937644246415,0.6090598702430725,0.57839155,0.1062812,0.42211035197143554,2
2026-08-20,BSE,23,-1,-0.043820467883296486,0.18193671107292175,0.16269684,0.10628119999999998,0.006415638378906269,2
2026-08-20,BSE,26,-1,-0.046821550853289234,0.1801273673772812,-0.050389767,0.1062812,-0.20667096669311524,2
2026-08-20,BSE,48,-1,-0.04538144912045878,0.25064897537231445,0.59584975,0.1062812,0.43956855242614745,2
2026-08-20,BSE,66,1,0.04293141126620501,0.23726603388786316,-0.34822226,0.1062812,-0.5045034557067871,2
2026-08-20,CANBK,22,-1,-0.04108021426354873,0.15345677733421326,0.16881824,0.1062812,0.012537035397338858,2
2026-08-20,CANBK,26,-1,-0.049212300143177914,0.1681058704853058,-0.023066998,0.10628120000000002,-0.17934819752807618,2
2026-08-20,CANBK,48,-1,-0.0414570743727795,0.08736159652471542,-0.11538267,0.1062812,-0.2716638713562012,2
2026-08-20,CANBK,49,-1,-0.05060867515881128,0.08352873474359512,-0.10000467,0.1062812,-0.2562858730041504,2
2026-08-20,CANBK,51,-1,-0.04109594375944894,0.08999133855104446,0.15365481,0.10628120000000002,-0.0026263862335205307,2
2026-08-20,CANBK,66,1,0.05622649749169778,0.08812087774276733,0.09256601,0.1062812,-0.06371518666381837,2
2026-08-20,CGPOWER,4,1,0.04151021983725788,0.3305782079696655,0.098240376,0.1062812,-0.05804082448120118,2
2026-08-20,CGPOWER,48,-1,-0.04990701629994341,0.17165859043598175,-0.22935867,0.1062812,-0.38563987309570313,2
2026-08-20,CGPOWER,49,-1,-0.05761549005087492,0.19876495003700256,0.16000271,0.1062812,0.0037215084350585848,2
2026-08-20,CGPOWER,51,-1,-0.040879782995992396,0.2074369192123413,0.05156398,0.1062812,-0.10471722180480958,2
2026-08-20,CHOLAFIN,4,1,0.041277760120668715,0.3476327359676361,0.39868355,0.1062812,0.2424023479736328,2
2026-08-20,CHOLAFIN,23,-1,-0.04455956342218088,0.21115466952323914,0.09974837,0.10628119999999998,-0.05653282696838377,2
2026-08-20,CHOLAFIN,26,-1,-0.04899613937972137,0.18710990250110626,0.03156066,0.10628119999999998,-0.12472054059143065,2
2026-08-20,CHOLAFIN,48,-1,-0.049569094560953986,0.15298622846603394,0.28494596,0.10628119999999998,0.12866476481323247,2
2026-08-20,CHOLAFIN,49,-1,-0.05522474076098624,0.14943884313106537,0.21132827,0.10628120000000002,0.05504706805114744,2
2026-08-20,CIPLA,26,-1,-0.05389936089503131,0.16050280630588531,0.11162162,0.10628119999999998,-0.04465958172912596,2
2026-08-20,CIPLA,48,-1,-0.05023929279837013,0.12735606729984283,-0.24377108,0.10628119999999998,-0.40005227620239253,2
2026-08-20,CIPLA,49,-1,-0.05761549005087492,0.1262991577386856,-0.041770935,0.1062812,-0.19805213505859376,2
2026-08-20,CIPLA,66,1,0.04208093411776993,0.0949607715010643,0.069606304,0.1062812,-0.08667489583129884,2
2026-08-20,COALINDIA,26,-1,-0.051652150165886354,0.11149619519710541,-0.13734102,0.10628119999999998,-0.29362222249145503,2
2026-08-20,COALINDIA,48,-1,-0.04873996363976364,0.13125675916671753,-0.0,0.10628119999999998,-0.15628119999999998,2
2026-08-20,COALINDIA,49,-1,-0.051584324972564655,0.13303007185459137,0.062078238,0.10628119999999998,-0.09420296246643065,2
2026-08-20,COCHINSHIP,23,-1,-0.04293410888242379,0.16966670751571655,0.013500452,0.1062812,-0.14278074795837403,2
2026-08-20,COCHINSHIP,26,-1,-0.04866052774028044,0.1447790414094925,-0.14861822,0.1062812,-0.304899421282959,2
2026-08-20,COCHINSHIP,48,-1,-0.04723261887632743,0.1547164022922516,0.020182133,0.1062812,-0.13609906727905274,2
2026-08-20,COCHINSHIP,49,-1,-0.053338740098058106,0.1556876003742218,0.013458729,0.1062812,-0.1428224712097168,2
2026-08-20,COCHINSHIP,66,1,0.04619780221870967,0.1360180526971817,-0.21457076,0.10628119999999998,-0.37085196072692866,2
2026-08-20,COFORGE,48,-1,-0.048447217265626424,0.1458035707473755,-0.2564907,0.1062812,-0.41277190739746095,2
2026-08-20,COFORGE,49,-1,-0.05752526146448619,0.147063210606575,-0.17069578,0.10628119999999998,-0.3269769817077636,2
2026-08-20,COFORGE,66,1,0.05010053642820092,0.15797151625156403,-0.08507967,0.1062812,-0.2413608699523926,2
2026-08-20,COFORGE,67,1,0.041448024493590974,0.16185493767261505,0.11702776,0.1062812,-0.039253440447998056,2
2026-08-20,COLPAL,26,-1,-0.0491821400800742,0.21794383227825165,-0.48849583,0.1062812,-0.6447770267211914,2
2026-08-20,COLPAL,48,-1,-0.04934408188709224,0.20621664822101593,0.10460019,0.10628119999999998,-0.05168100888366697,2
2026-08-20,COLPAL,49,-1,-0.04947387639547536,0.2109200656414032,-0.036644936,0.1062812,-0.19292613560791017,2
2026-08-20,COLPAL,66,1,0.07324220819901267,0.11954111605882645,-0.2780497,0.10628120000000002,-0.43433090741271974,2
2026-08-20,COLPAL,67,1,0.044004170790566934,0.12753137946128845,0.31512976,0.1062812,0.15884855692749023,2
2026-08-20,CONCOR,22,-1,-0.04108021426354873,0.17009994387626648,-0.71594715,0.1062812,-0.872228351184082,2
2026-08-20,CONCOR,23,-1,-0.044343402658724336,0.16525916755199432,-0.5612016,0.10628119999999998,-0.7174827724182129,2
2026-08-20,CONCOR,26,-1,-0.05483881140185746,0.15935684740543365,-0.43461323,0.10628119999999998,-0.5908944278442383,2
2026-08-20,CONCOR,48,-1,-0.05023929279837013,0.18253760039806366,0.4099965,0.10628119999999998,0.253715309552002,2
2026-08-20,CONCOR,49,-1,-0.055894938998402394,0.18890196084976196,0.21970272,0.1062812,0.06342152064208983,2
2026-08-20,COROMANDEL,4,1,0.04624172501126614,0.45373719930648804,-0.20722747,0.1062812,-0.3635086684906006,2
2026-08-20,COROMANDEL,5,1,0.041392926823289614,0.39833009243011475,-0.6064236,0.10628119999999998,-0.7627048164093018,2
2026-08-20,COROMANDEL,23,-1,-0.040891874447681054,0.2300599217414856,-0.24813414,0.10628119999999998,-0.4044153361999511,2
2026-08-20,COROMANDEL,26,-1,-0.05266422287542532,0.23294977843761444,-0.34214258,0.1062812,-0.4984237819396973,2
2026-08-20,COROMANDEL,48,-1,-0.04139538864631904,0.17713293433189392,-0.08897781,0.1062812,-0.24525901372070313,2
2026-08-20,COROMANDEL,66,1,0.04141595961516617,0.17706093192100525,-1.1429429,0.10628119999999998,-1.2992241054260254,2
2026-08-20,CRISIL,21,-1,-0.0702294615426847,0.15111245214939117,-0.6114483,0.10628119999999998,-0.7677294879638672,2
2026-08-20,CRISIL,23,-1,-0.043889365184764724,0.14740458130836487,-0.4238963,0.1062812,-0.5801775127136231,2
2026-08-20,CRISIL,26,-1,-0.09090413283890275,0.1313210278749466,0.12593865,0.1062812,-0.030342546054077157,2
2026-08-20,CRISIL,48,-1,-0.06077973323597854,0.12985539436340332,0.07555485,0.1062812,-0.08072635228271485,2
2026-08-20,CRISIL,49,-1,-0.09196532156585714,0.08555539697408676,0.27777553,0.1062812,0.1214943260467529,2
2026-08-20,CRISIL,66,1,0.05771298966661005,0.11313384771347046,-0.38529634,0.1062812,-0.5415775447570801,2
2026-08-20,CUMMINSIND,23,-1,-0.043604307119839945,0.16480886936187744,0.028705597,0.1062812,-0.12757560307617188,2
2026-08-20,CUMMINSIND,26,-1,-0.05253850916675905,0.15394088625907898,0.10536313,0.10628119999999998,-0.05091806943054197,2
2026-08-20,CUMMINSIND,48,-1,-0.047853604638890955,0.09594167023897171,-0.067162514,0.1062812,-0.22344371373291017,2
2026-08-20,CUMMINSIND,49,-1,-0.05393861789141607,0.09459830075502396,0.105535984,0.1062812,-0.05074521596069337,2
2026-08-20,CUMMINSIND,66,1,0.04328676694775303,0.09869232773780823,0.028777122,0.1062812,-0.12750407750244142,2
2026-08-20,DABUR,23,-1,-0.04455956342218088,0.11236041784286499,0.07492304,0.10628119999999998,-0.08135816151733397,2
2026-08-20,DABUR,26,-1,-0.05253850916675905,0.13115228712558746,0.12487769,0.1062812,-0.03140350873107911,2
2026-08-20,DABUR,48,-1,-0.04913328622366616,0.10854984819889069,-0.049817562,0.1062812,-0.2060987621032715,2
2026-08-20,DABUR,49,-1,-0.05761549005087492,0.11026022583246231,-0.012457371,0.1062812,-0.16873857075805665,2
2026-08-20,DABUR,66,1,0.04129474441398781,0.08824858069419861,0.0,0.10628119999999998,-0.15628119999999998,2
2026-08-20,DALBHARAT,26,-1,-0.0913287505956403,0.29662245512008667,-0.6957531,0.1062812,-0.8520342975341797,2
2026-08-20,DALBHARAT,35,-1,-0.07091817010270979,0.2464333176612854,0.14047623,0.1062812,-0.015804973193359384,2
2026-08-20,DALBHARAT,47,-1,-0.0709954181670635,0.19325107336044312,0.036418438,0.1062812,-0.11986276204223634,2
2026-08-20,DALBHARAT,48,-1,-0.13912189531754807,0.17328177392482758,-0.0,0.10628119999999998,-0.15628119999999998,2
2026-08-20,DALBHARAT,49,-1,-0.2201815225062673,0.16104455292224884,-0.031244755,0.1062812,-0.18752595479125977,2
2026-08-20,DALBHARAT,50,-1,-0.16146042838316618,0.1553523987531662,0.0156104565,0.1062812,-0.1406707435333252,2
2026-08-20,DALBHARAT,51,-1,-0.16728629954075927,0.15197622776031494,0.23922324,0.1062812,0.08294204180603025,2
2026-08-20,DALBHARAT,65,1,0.04207033057075053,0.17999331653118134,-0.4662633,0.1062812,-0.6225444942199707,2
2026-08-20,DALBHARAT,66,1,0.0815112809658007,0.18794018030166626,-0.41930676,0.1062812,-0.575587955065918,2
2026-08-20,DALBHARAT,67,1,0.058792329856348344,0.18986184895038605,-0.50351024,0.10628119999999998,-0.6597914367401123,2
2026-08-20,DIVISLAB,23,-1,-0.04455956342218088,0.16383464634418488,0.046664476,0.1062812,-0.10961672360534669,2
2026-08-20,DIVISLAB,26,-1,-0.05118222928918651,0.1569308340549469,-0.20451546,0.10628120000000002,-0.3607966571533203,2
2026-08-20,DIVISLAB,48,-1,-0.05002313203491359,0.1083703562617302,0.0058352947,0.10628119999999998,-0.15044590527648924,2
2026-08-20,DIVISLAB,49,-1,-0.05739932928741838,0.10543423891067505,0.029170513,0.10628119999999998,-0.1271106868469238,2
2026-08-20,DIXON,23,-1,-0.043604307119839945,0.22415637969970703,-0.19057989,0.10628119999999998,-0.34686109120483394,2
2026-08-20,DIXON,26,-1,-0.04608035226435828,0.19791169464588165,-0.79858303,0.10628119999999998,-0.9548642307006836,2
2026-08-20,DIXON,48,-1,-0.049865694226886,0.1604810506105423,-0.05413294,0.1062812,-0.21041413838500977,2
2026-08-20,DIXON,49,-1,-0.05724189147939079,0.1613604575395584,-0.0067591667,0.1062812,-0.1630403667175293,2
2026-08-20,DIXON,66,1,0.04928811882644582,0.16204172372817993,0.49290657,0.1062812,0.3366253704345703,2
2026-08-20,DLF,26,-1,-0.05155432509365504,0.16190333664417267,-0.20741224,0.1062812,-0.3636934428894043,2
2026-08-20,DLF,48,-1,-0.04821835129996988,0.18995946645736694,0.08815527,0.1062812,-0.06812593037719727,2
2026-08-20,DLF,49,-1,-0.05590000012881189,0.18895122408866882,0.066137314,0.10628119999999998,-0.09014388615722654,2
2026-08-20,DMART,26,-1,-0.048546027205083116,0.2022869884967804,0.36204457,0.10628119999999998,0.20576337283020024,2
2026-08-20,DMART,48,-1,-0.05002313203491359,0.13798531889915466,0.08519292,0.1062812,-0.07108828122253419,2
2026-08-20,DMART,49,-1,-0.04917727672954335,0.14082512259483337,-0.07275343,0.10628119999999998,-0.22903462941284175,2
2026-08-20,DMART,66,1,0.0645792349542259,0.14786459505558014,-0.27198792,0.10628119999999998,-0.42826911503906245,2
2026-08-20,DRREDDY,26,-1,-0.054384773927897846,0.15572898089885712,-0.28951168,0.1062812,-0.44579288060302735,2
2026-08-20,DRREDDY,48,-1,-0.048463087986250014,0.17943362891674042,0.025463104,0.1062812,-0.13081809575195313,2
2026-08-20,DRREDDY,49,-1,-0.05544596265485228,0.18125252425670624,0.025457144,0.1062812,-0.13082405621643067,2
2026-08-20,DRREDDY,66,1,0.044037817382516095,0.14640197157859802,-0.04235506,0.10628119999999998,-0.19863626057739253,2
2026-08-20,EICHERMOT,22,-1,-0.04108021426354873,0.12473493814468384,-0.63614845,0.1062812,-0.7924296527587891,2
2026-08-20,EICHERMOT,23,-1,-0.04455956342218088,0.13410897552967072,-0.24853945,0.1062812,-0.40482064778442384,2
2026-08-20,EICHERMOT,26,-1,-0.054047946792653706,0.14017780125141144,-0.09936094,0.10628119999999998,-0.2556421428405761,2
2026-08-20,EICHERMOT,48,-1,-0.049569094560953986,0.1415828913450241,0.099116564,0.10628119999999998,-0.05716463620300291,2
2026-08-20,EICHERMOT,49,-1,-0.056144736815092015,0.13366025686264038,0.06815791,0.10628119999999998,-0.0881232886993408,2
2026-08-20,EICHERMOT,66,1,0.0652308140767197,0.11066647619009018,-0.18591881,0.1062812,-0.34220000798339845,2
2026-08-20,ENDURANCE,48,-1,-0.048069765402347496,0.23714250326156616,0.3133297,0.1062812,0.15704849665527343,2
2026-08-20,ENDURANCE,49,-1,-0.049715188022469735,0.22444379329681396,-0.026714802,0.10628119999999998,-0.18299600178833003,2
2026-08-20,ESCORTS,22,-1,-0.04108021426354873,0.19930978119373322,-0.081157684,0.10628119999999998,-0.23743888432617183,2
2026-08-20,ESCORTS,23,-1,-0.04445849108069821,0.2094591110944748,-0.038909912,0.1062812,-0.195191112109375,2
2026-08-20,ESCORTS,26,-1,-0.054353398368990925,0.16961805522441864,0.11661649,0.1062812,-0.03966471249694825,2
2026-08-20,ESCORTS,48,-1,-0.04233300321152948,0.22050951421260834,-0.11011362,0.1062812,-0.26639482075805665,2
2026-08-20,ESCORTS,49,-1,-0.0509141267351485,0.20161744952201843,-0.07121563,0.1062812,-0.22749682957763673,2
2026-08-20,ESCORTS,66,1,0.0503857422274258,0.11556151509284973,0.30741692,0.1062812,0.15113571589355468,2
2026-08-20,ETERNAL,26,-1,-0.05254002989990473,0.15376399457454681,0.45815706,0.1062812,0.30187586253051757,2
2026-08-20,ETERNAL,48,-1,-0.047548153062553736,0.15067529678344727,-0.09170771,0.1062812,-0.24798890645141602,2
2026-08-20,ETERNAL,49,-1,-0.05642367947366501,0.13100217282772064,-0.106966496,0.1062812,-0.263247695513916,2
2026-08-20,ETERNAL,66,1,0.05770332492727308,0.10901863127946854,0.09154081,0.1062812,-0.06474038655395509,2
2026-08-20,EXIDEIND,4,1,0.049352179003046136,0.8395386338233948,0.43164492,0.1062812,0.2753637165344238,2
2026-08-20,EXIDEIND,26,-1,-0.05368320013157477,0.1858590841293335,0.043189526,0.1062812,-0.11309167439575196,2
2026-08-20,EXIDEIND,48,-1,-0.04084300059898925,0.22539392113685608,0.15187263,0.1062812,-0.0044085651123046965,2
2026-08-20,EXIDEIND,49,-1,-0.041607379890840186,0.22711503505706787,0.18452406,0.1062812,0.028242859295654288,2
2026-08-20,FEDERALBNK,26,-1,-0.05155671987565454,0.14811131358146667,0.013828278,0.1062812,-0.14245292241210938,2
2026-08-20,FEDERALBNK,48,-1,-0.043983298995452114,0.097114197909832,0.43002367,0.10628119999999998,0.27374247019653325,2
2026-08-20,FEDERALBNK,49,-1,-0.04201791718111727,0.10518831759691238,0.277853,0.10628119999999998,0.12157181208496097,2
2026-08-20,FLUOROCHEM,7,1,0.04361797242766393,0.4443747401237488,0.8726835,0.10628119999999998,0.7164023250854492,2
2026-08-20,FLUOROCHEM,66,1,0.07212626298409774,0.21528857946395874,-0.31057,0.10628119999999998,-0.4668512016021728,2
2026-08-20,FLUOROCHEM,67,1,0.041517852873320334,0.20981429517269135,-0.19810796,0.10628119999999998,-0.3543891578399658,2
2026-08-20,FORTIS,26,-1,-0.055054972165314,0.1765643209218979,0.06548166,0.1062812,-0.09079953724975587,2
2026-08-20,FORTIS,48,-1,-0.05023929279837013,0.1364351511001587,0.010883808,0.1062812,-0.14539739186401368,2
2026-08-20,FORTIS,49,-1,-0.05761549005087492,0.11856123805046082,-0.097978115,0.1062812,-0.2542593150817871,2
2026-08-20,FORTIS,66,1,0.057034444695494874,0.1290585696697235,-0.021773577,0.10628119999999998,-0.17805477673645015,2
2026-08-20,FORTIS,67,1,0.04817918785242103,0.1478111892938614,0.114655495,0.10628119999999998,-0.041625705310058575,2
2026-08-20,GAIL,21,-1,-0.05504140181902646,0.16379565000534058,-0.4519105,0.1062812,-0.6081916957580566,2
2026-08-20,GAIL,22,-1,-0.04108021426354873,0.1782628744840622,-0.21384954,0.10628120000000002,-0.3701307445251465,2
2026-08-20,GAIL,23,-1,-0.04455956342218088,0.17812910676002502,-0.13283491,0.1062812,-0.28911611134643556,2
2026-08-20,GAIL,26,-1,-0.07100878978432443,0.18193385004997253,-0.08665323,0.1062812,-0.2429344325744629,2
2026-08-20,GAIL,48,-1,-0.062034325708304895,0.09407594799995422,0.057786703,0.10628119999999998,-0.09849449689025877,2
2026-08-20,GAIL,49,-1,-0.060099358698995575,0.0962219163775444,-0.0,0.1062812,-0.1562812,2
2026-08-20,GAIL,66,1,0.04879690717934502,0.11390998959541321,-0.1971662,0.1062812,-0.35344740445251466,2
2026-08-20,GICRE,4,1,0.04370242517016025,0.4210243225097656,0.2928853,0.1062812,0.13660410349731444,2
2026-08-20,GICRE,26,-1,-0.054384773927897846,0.1723075807094574,-0.09704828,0.1062812,-0.253329482623291,2
2026-08-20,GICRE,49,-1,-0.04311177017985618,0.16578985750675201,-0.2084732,0.1062812,-0.36475440556640626,2
2026-08-20,GICRE,66,1,0.05771298966661005,0.19976641237735748,0.18087626,0.10628119999999998,0.02459505503540041,2
2026-08-20,GLAXO,20,-1,-0.05435478514263529,0.20336169004440308,0.16943216,0.1062812,0.013150963238525382,2
2026-08-20,GLAXO,21,-1,-0.1318951369331288,0.1961977481842041,0.40832758,0.1062812,0.252046379498291,2
2026-08-20,GLAXO,24,-1,-0.07633395262728034,0.20315027236938477,0.07990599,0.1062812,-0.07637521321411134,2
2026-08-20,GLAXO,25,-1,-0.04917306989359889,0.20237420499324799,0.00333786,0.1062812,-0.15294333989257813,2
2026-08-20,GLAXO,26,-1,-0.17905887104169405,0.16600798070430756,0.15974641,0.10628119999999998,0.003465208462524433,2
2026-08-20,GLAXO,35,-1,-0.0870931990618817,0.13095180690288544,-0.0,0.1062812,-0.1562812,2
2026-08-20,GLAXO,47,-1,-0.07850561821944133,0.09782150387763977,0.07327795,0.10628119999999998,-0.08300324971313475,2
2026-08-20,GLAXO,48,-1,-0.14414144735473136,0.09730935841798782,-0.013327599,0.1062812,-0.16960879857177735,2
2026-08-20,GLAXO,49,-1,-0.1994389885304928,0.10618658363819122,0.00333786,0.1062812,-0.15294333989257813,2
2026-08-20,GLAXO,50,-1,-0.17648019573764498,0.10380513221025467,0.029987097,0.1062812,-0.12629410321350099,2
2026-08-20,GLAXO,51,-1,-0.19551184197538732,0.10784832388162613,0.033324957,0.10628119999999998,-0.12295624310607908,2
2026-08-20,GLENMARK,63,1,0.041645088038527,0.3338755965232849,0.21442175,0.1062812,0.058140549114990225,2
2026-08-20,GLENMARK,64,1,0.049088532662033606,0.3280833661556244,0.3431797,0.1062812,0.18689850275878905,2
2026-08-20,GLENMARK,65,1,0.046958898120001764,0.3275948166847229,0.25287867,0.1062812,0.09659746592407224,2
2026-08-20,GLENMARK,66,1,0.08708441413821533,0.3193611800670624,0.17559528,0.1062812,0.019314083508300772,2
2026-08-20,GLENMARK,67,1,0.06061303923961576,0.3131982684135437,-0.28211474,0.1062812,-0.4383959441864014,2
2026-08-20,GODFRYPHLP,26,-1,-0.04896597931661766,0.16157428920269012,0.094252825,0.10628119999999998,-0.062028375216674786,2
2026-08-20,GODFRYPHLP,48,-1,-0.04254306162402263,0.1484941691160202,-0.24980307,0.1062812,-0.4060842662536621,2
2026-08-20,GODFRYPHLP,49,-1,-0.05522980189139574,0.14643293619155884,-0.30646324,0.1062812,-0.46274444157714845,2
2026-08-20,GODFRYPHLP,65,1,0.06440913731546166,0.43756532669067383,-0.50573945,0.10628119999999998,-0.6620206504547119,2
2026-08-20,GODFRYPHLP,66,1,0.11681510376126505,0.44670167565345764,-0.6606877,0.10628119999999998,-0.8169688850128174,2
2026-08-20,GODFRYPHLP,67,1,0.0987448972243047,0.4402291178703308,-0.6565869,0.10628119999999998,-0.8128680854522705,2
2026-08-20,GODREJCP,26,-1,-0.05389936089503131,0.13891081511974335,-0.38256645,0.10628120000000002,-0.5388476520263672,2
2026-08-20,GODREJCP,48,-1,-0.044286379176813044,0.16846662759780884,-0.0,0.1062812,-0.1562812,2
2026-08-20,GODREJCP,49,-1,-0.05057716874219699,0.1646897941827774,-0.16926527,0.10628119999999998,-0.32554647023315425,2
2026-08-20,GODREJCP,66,1,0.0618248047199512,0.14917384088039398,0.19084215,0.1062812,0.034560951641845694,2
2026-08-20,GODREJIND,22,-1,-0.048939345211453426,0.27313971519470215,-0.4641056,0.10628119999999998,-0.6203868060791016,2
2026-08-20,GODREJIND,26,-1,-0.0481292223237448,0.29252779483795166,0.45388937,0.10628119999999998,0.29760816996459966,2
2026-08-20,GODREJIND,48,-1,-0.040881234092408604,0.19108305871486664,-0.008153915,0.1062812,-0.16443511540527345,2
2026-08-20,GODREJIND,49,-1,-0.04426054722651041,0.17063824832439423,0.008147955,0.10628119999999998,-0.14813324505920408,2
2026-08-20,GODREJIND,66,1,0.04296331123748331,0.06112896278500557,-0.057059526,0.10628119999999998,-0.2133407264434814,2
2026-08-20,GODREJPROP,26,-1,-0.05406324538396453,0.18358568847179413,-0.33245087,0.1062812,-0.48873206669921876,2
2026-08-20,GODREJPROP,48,-1,-0.05065529502378684,0.17347055673599243,0.19655824,0.1062812,0.040277037075805655,2
2026-08-20,GODREJPROP,49,-1,-0.0527396791787373,0.17964313924312592,0.13283491,0.10628119999999998,-0.023446288653564434,2
2026-08-20,GODREJPROP,66,1,0.04466901955827262,0.17119339108467102,-0.49994588,0.10628119999999998,-0.656227078982544,2
2026-08-20,GRASIM,22,-1,-0.04086405350009219,0.23721913993358612,-0.2634883,0.1062812,-0.4197694926940918,2
2026-08-20,GRASIM,23,-1,-0.04455956342218088,0.22382237017154694,-0.19910336,0.1062812,-0.35538455540771485,2
2026-08-20,GRASIM,26,-1,-0.05483881140185746,0.2101353257894516,-0.03364086,0.1062812,-0.18992206151123048,2
2026-08-20,GRASIM,48,-1,-0.048069765402347496,0.1497723013162613,-0.12208223,0.1062812,-0.2783634334289551,2
2026-08-20,GRASIM,49,-1,-0.054244069467753286,0.14045833051204681,-0.16487837,0.10628119999999998,-0.3211595683776855,2
2026-08-20,GRASIM,51,-1,-0.04109594375944894,0.1330171525478363,-0.027430058,0.1062812,-0.18371125752563477,2
2026-08-20,GRASIM,66,1,0.044744588440274076,0.12600849568843842,0.8500576,0.10628120000000002,0.6937764019287109,2
2026-08-20,HAL,23,-1,-0.04331415413481355,0.18946661055088043,0.12802482,0.10628119999999998,-0.028256383486938458,2
2026-08-20,HAL,26,-1,-0.04738437669097692,0.16147591173648834,-0.102198124,0.1062812,-0.2584793239318848,2
2026-08-20,HAL,48,-1,-0.0482992034973168,0.10421092808246613,0.0039994717,0.1062812,-0.1522817283355713,2
2026-08-20,HAL,49,-1,-0.05703109581596471,0.10043463110923767,0.062066317,0.10628119999999998,-0.09421488339538572,2
2026-08-20,HAL,66,1,0.047525156339701724,0.08606383204460144,-0.21852851,0.1062812,-0.37480970914001466,2
2026-08-20,HAVELLS,20,-1,-0.056935495880018665,0.20626914501190186,-0.25042295,0.1062812,-0.4067041545593262,2
2026-08-20,HAVELLS,21,-1,-0.10130831134488175,0.2092442810535431,-0.50133467,0.1062812,-0.6576158672058106,2
2026-08-20,HAVELLS,24,-1,-0.08221216414384269,0.2089994102716446,-0.1956582,0.1062812,-0.3519394069396973,2
2026-08-20,HAVELLS,25,-1,-0.05658527695941454,0.20962299406528473,-0.47738552,0.1062812,-0.6336667209350586,2
2026-08-20,HAVELLS,26,-1,-0.18043064307543322,0.20886731147766113,-0.19546747,0.1062812,-0.351748672076416,2
2026-08-20,HAVELLS,35,-1,-0.07772799234770587,0.21843074262142181,-0.070393085,0.1062812,-0.22667428547973634,2
2026-08-20,HAVELLS,47,-1,-0.08379717253505935,0.1562879979610443,0.14070868,0.1062812,-0.01557251507873536,2
2026-08-20,HAVELLS,48,-1,-0.1582199414645791,0.1446683704853058,0.17200708,0.1062812,0.015725883892822257,2
2026-08-20,HAVELLS,49,-1,-0.2508857220738391,0.15329352021217346,0.31995773,0.1062812,0.16367653315429687,2
2026-08-20,HAVELLS,50,-1,-0.17695482060187667,0.14896239340305328,0.35145283,0.10628120000000002,0.19517162745361327,2
2026-08-20,HAVELLS,51,-1,-0.19916260769317964,0.15246449410915375,0.28146505,0.1062812,0.1251838535583496,2
2026-08-20,HAVELLS,66,1,0.04748239490867121,0.14313848316669464,0.03143549,0.1062812,-0.124845710345459,2
2026-08-20,HCLTECH,26,-1,-0.053863161588104086,0.16432496905326843,0.36090612,0.1062812,0.20462492411499023,2
2026-08-20,HCLTECH,48,-1,-0.04882081583711056,0.1662883460521698,0.007557869,0.1062812,-0.14872333104248048,2
2026-08-20,HCLTECH,49,-1,-0.05703109581596471,0.17040172219276428,0.007545948,0.1062812,-0.14873525197143556,2
2026-08-20,HCLTECH,66,1,0.05331584336790246,0.09882409870624542,-0.060480833,0.10628120000000002,-0.21676203305358888,2
2026-08-20,HDFCAMC,22,-1,-0.04086405350009219,0.1833842694759369,-0.007736683,0.1062812,-0.1640178828918457,2
2026-08-20,HDFCAMC,23,-1,-0.04455956342218088,0.16690275073051453,0.069504976,0.10628119999999998,-0.08677622372741697,2
2026-08-20,HDFCAMC,26,-1,-0.0538185086976844,0.13491183519363403,-0.0,0.10628119999999998,-0.15628119999999998,2
2026-08-20,HDFCAMC,48,-1,-0.04860465507365402,0.17369839549064636,-0.04233122,0.10628119999999998,-0.19861241871948238,2
2026-08-20,HDFCAMC,49,-1,-0.05403086317871697,0.17300087213516235,-0.1347661,0.1062812,-0.2910473018371582,2
2026-08-20,HDFCAMC,66,1,0.04986058491556651,0.09870404005050659,-0.11162162,0.1062812,-0.26790281827087403,2
2026-08-20,HDFCBANK,23,-1,-0.040891874447681054,0.07809843122959137,0.17191768,0.1062812,0.01563647692565917,2
2026-08-20,HDFCBANK,26,-1,-0.052626698120474484,0.06829344481229782,0.08254647,0.10628119999999998,-0.0737347274505615,2
2026-08-20,HDFCBANK,48,-1,-0.041218710111410845,0.08965492993593216,-0.04825592,0.1062812,-0.20453712041015626,2
2026-08-20,HDFCBANK,49,-1,-0.050681667018559334,0.09012255817651749,-0.055146217,0.1062812,-0.21142741734619142,2
2026-08-20,HDFCBANK,51,-1,-0.04109594375944894,0.08756358921527863,0.10330677,0.10628119999999998,-0.05297442967529295,2
2026-08-20,HDFCLIFE,26,-1,-0.055054972165314,0.13842827081680298,0.17534494,0.10628119999999998,0.01906374400024416,2
2026-08-20,HDFCLIFE,48,-1,-0.04193668384142851,0.11857711523771286,0.14756918,0.1062812,-0.0087120204650879,2
2026-08-20,HDFCLIFE,49,-1,-0.05611616089226843,0.1172599345445633,0.21212101,0.1062812,0.05583980982666015,2
2026-08-20,HDFCLIFE,51,-1,-0.04109594375944894,0.11257631331682205,0.2211988,0.1062812,0.06491759722595214,2
2026-08-20,HEROMOTOCO,23,-1,-0.04455956342218088,0.09591514617204666,-0.37742853,0.10628120000000002,-0.5337097316467285,2
2026-08-20,HEROMOTOCO,26,-1,-0.05186327565633249,0.09966777265071869,-0.19301176,0.1062812,-0.34929296071166993,2
2026-08-20,HEROMOTOCO,48,-1,-0.0459726254554424,0.1554967164993286,0.28838515,0.10628119999999998,0.1321039528167725,2
2026-08-20,HEROMOTOCO,49,-1,-0.04201791718111727,0.15383845567703247,0.131315,0.10628119999999998,-0.024966207095336895,2
2026-08-20,HINDALCO,3,1,0.06816435513877488,0.9285140037536621,0.004899502,0.1062812,-0.1513816981994629,2
2026-08-20,HINDALCO,4,1,0.07655541748180922,0.795573353767395,-0.048983097,0.1062812,-0.20526429707641602,2
2026-08-20,HINDALCO,5,1,0.07858728888299332,0.7142520546913147,0.21109581,0.1062812,0.05481460993652343,2
2026-08-20,HINDALCO,6,1,0.04437876142100218,0.6930390000343323,0.6402731,0.10628119999999998,0.48399189417724614,2
2026-08-20,HINDALCO,7,1,0.05910063588737724,0.6449646353721619,0.29969215,0.1062812,0.14341095393066405,2
2026-08-20,HINDALCO,26,-1,-0.04911063090730794,0.2565435469150543,-0.5509019,0.10628120000000002,-0.7071830898010254,2
2026-08-20,HINDALCO,48,-1,-0.04670186429934207,0.1395580917596817,0.17011166,0.10628120000000002,0.013830456188964821,2
2026-08-20,HINDALCO,49,-1,-0.05694529181345877,0.1380959451198578,0.23803115,0.1062812,0.08174994891052244,2
2026-08-20,HINDALCO,66,1,0.06669124118567527,0.11593461036682129,0.014662743,0.10628119999999998,-0.1416184573852539,2
2026-08-20,HINDPETRO,22,-1,-0.04108021426354873,0.1230698823928833,0.13557673,0.1062812,-0.020704474993896493,2
2026-08-20,HINDPETRO,23,-1,-0.04376819160877316,0.13087542355060577,-0.040733814,0.1062812,-0.19701501423950196,2
2026-08-20,HINDPETRO,26,-1,-0.04768982826731414,0.12044062465429306,-0.17677546,0.1062812,-0.3330566554748535,2
2026-08-20,HINDPETRO,48,-1,-0.043983298995452114,0.10409965366125107,0.36774874,0.1062812,0.21146753733520507,2
2026-08-20,HINDPETRO,49,-1,-0.04352230747013326,0.11875750124454498,0.25903583,0.10628119999999998,0.10275462572937015,2
2026-08-20,HINDPETRO,66,1,0.04328676694775303,0.10475240647792816,-0.24670959,0.1062812,-0.40299078518981934,2
2026-08-20,HINDUNILVR,23,-1,-0.043889365184764724,0.13002996146678925,-0.07892847,0.1062812,-0.23520967061157227,2
2026-08-20,HINDUNILVR,26,-1,-0.05185977666999226,0.13008728623390198,-0.11845827,0.1062812,-0.27473947102661134,2
2026-08-20,HINDUNILVR,48,-1,-0.04664282369285855,0.1283709853887558,-0.19150972,0.1062812,-0.3477909236633301,2
2026-08-20,HINDUNILVR,49,-1,-0.052570057396207105,0.12100549787282944,-0.2111435,0.1062812,-0.36742469365234376,2
2026-08-20,HINDUNILVR,66,1,0.05435195477256424,0.13028982281684875,0.039219856,0.10628119999999998,-0.11706134373779295,2
2026-08-20,HINDZINC,3,1,0.05973273855144956,0.5733737945556641,-0.16696453,0.10628119999999998,-0.32324573094482417,2
2026-08-20,HINDZINC,4,1,0.07025192875539767,0.5060609579086304,-0.27235746,0.10628119999999998,-0.4286386638366699,2
2026-08-20,HINDZINC,5,1,0.06514818415219412,0.47664961218833923,-0.017601252,0.10628119999999998,-0.17388245160217283,2
2026-08-20,HINDZINC,6,1,0.06242636588538463,0.44682037830352783,0.31713247,0.1062812,0.16085127299194335,2
2026-08-20,HINDZINC,7,1,0.06289202103185769,0.41145819425582886,0.21134615,0.1062812,0.05506494944458007,2
2026-08-20,HINDZINC,8,1,0.05307277124721638,0.3855704367160797,0.73121786,0.1062812,0.5749366611755371,2
2026-08-20,HINDZINC,10,1,0.05039278240244034,0.35848259925842285,0.48419237,0.10628119999999998,0.32791117136840825,2
2026-08-20,HINDZINC,11,1,0.048805604204147916,0.33917680382728577,0.48458576,0.10628119999999998,0.32830456202392583,2
2026-08-20,HINDZINC,13,1,0.0444863972195394,0.3261570930480957,0.052702427,0.1062812,-0.10357877308959962,2
2026-08-20,HINDZINC,14,1,0.05138018809864273,0.28496047854423523,0.14054775,0.1062812,-0.015733447619628915,2
2026-08-20,HINDZINC,16,1,0.04169347583841758,0.26040908694267273,-0.19233227,0.1062812,-0.3486134677612305,2
2026-08-20,HINDZINC,17,1,0.04175433617122331,0.2553243041038513,-0.1226604,0.1062812,-0.2789415984832764,2
2026-08-20,HINDZINC,37,1,0.040816066758387136,0.27333271503448486,-0.19216537,0.1062812,-0.3484465747558594,2
2026-08-20,HINDZINC,39,1,0.04537475804130972,0.27580496668815613,-0.3057301,0.10628119999999998,-0.4620113044464111,2
2026-08-20,HINDZINC,40,1,0.045062928494199704,0.2734999656677246,-0.2535224,0.1062812,-0.4098035960876465,2
2026-08-20,HINDZINC,41,1,0.045422360636241416,0.2729950249195099,-0.27107,0.1062812,-0.4273512035095215,2
2026-08-20,HINDZINC,42,1,0.044123092110805735,0.28165045380592346,-0.5147934,0.10628120000000002,-0.6710745959960938,2
2026-08-20,HINDZINC,45,1,0.04126812235748828,0.26969587802886963,-0.19272566,0.10628120000000002,-0.34900685841674806,2
2026-08-20,HINDZINC,46,1,0.048231574488831974,0.257851779460907,-0.13144016,0.1062812,-0.2877213626586914,2
2026-08-20,HINDZINC,66,1,0.06504327230626016,0.12029142677783966,0.51749945,0.1062812,0.3612182468688965,2
2026-08-20,HONAUT,4,1,0.04395664829253458,0.4043201208114624,-0.041550398,0.1062812,-0.1978315978729248,2
2026-08-20,HONAUT,26,-1,-0.05453335982552024,0.21725453436374664,-0.28893948,0.1062812,-0.4452206760131836,2
2026-08-20,HONAUT,48,-1,-0.04139538864631904,0.14707323908805847,0.1921773,0.1062812,0.035896095684814444,2
2026-08-20,HONAUT,49,-1,-0.05097195767559356,0.13611970841884613,0.21935701,0.1062812,0.06307581370239257,2
2026-08-20,HONAUT,51,-1,-0.040879782995992396,0.11648622900247574,0.411129,0.10628119999999998,0.2548477978027344,2
2026-08-20,HONAUT,66,1,0.06888688401702957,0.291902631521225,0.20442009,0.1062812,0.04813888972167968,2
2026-08-20,HONAUT,67,1,0.049294320405218826,0.3092903792858124,0.28629303,0.1062812,0.13001182978515624,2
2026-08-20,HUDCO,23,-1,-0.043298855543502726,0.14024999737739563,0.20056367,0.1062812,0.044282469204711905,2
2026-08-20,HUDCO,26,-1,-0.052226918113070696,0.12374631315469742,0.2535224,0.10628119999999998,0.09724119608764652,2
2026-08-20,HUDCO,48,-1,-0.04882081583711056,0.09499508887529373,-0.021195412,0.1062812,-0.17747661168212892,2
2026-08-20,HUDCO,49,-1,-0.05739932928741838,0.10253119468688965,0.48191547,0.10628119999999998,0.32563427393798833,2
2026-08-20,HUDCO,66,1,0.05256160885928407,0.14679387211799622,-1.0377645,0.10628119999999998,-1.194045749255371,2
2026-08-20,ICICIBANK,26,-1,-0.048020489565968,0.12443117052316666,0.007110834,0.1062812,-0.1491703658782959,2
2026-08-20,ICICIBANK,48,-1,-0.04723261887632743,0.12715348601341248,0.10638237,0.1062812,-0.04989883000488282,2
2026-08-20,ICICIBANK,49,-1,-0.051584324972564655,0.12964962422847748,0.1701653,0.10628119999999998,0.013884100369262714,2
2026-08-20,ICICIBANK,66,1,0.041021530757633165,0.10892949998378754,-0.29085875,0.10628119999999998,-0.4471399455749511,2
2026-08-20,ICICIGI,22,-1,-0.04108021426354873,0.21168527007102966,0.19503832,0.1062812,0.038757118634033194,2
2026-08-20,ICICIGI,23,-1,-0.041656561950224734,0.23298069834709167,-0.09176731,0.1062812,-0.24804851109619142,2
2026-08-20,ICICIGI,26,-1,-0.054168613164441305,0.2204844355583191,-0.0,0.1062812,-0.1562812,2
2026-08-20,ICICIGI,48,-1,-0.0468590203048433,0.1782471090555191,0.21244287,0.10628119999999998,0.056161674908447284,2
2026-08-20,ICICIGI,49,-1,-0.0509052748247433,0.1678384691476822,0.29749274,0.1062812,0.14121154253845214,2
2026-08-20,ICICIGI,66,1,0.05691571213513581,0.15704846382141113,-0.11643171,0.1062812,-0.27271291310424806,2
2026-08-20,ICICIPRULI,23,-1,-0.043298855543502726,0.14369317889213562,0.03964305,0.1062812,-0.1166381507598877,2
2026-08-20,ICICIPRULI,26,-1,-0.055054972165314,0.13090060651302338,0.06933212,0.1062812,-0.08694907719726563,2
2026-08-20,ICICIPRULI,48,-1,-0.04221715636981403,0.12302052229642868,-0.039589405,0.1062812,-0.19587060505981446,2
2026-08-20,ICICIPRULI,49,-1,-0.05100433313048266,0.12803256511688232,-0.05942583,0.1062812,-0.21570703084106446,2
2026-08-20,ICICIPRULI,66,1,0.04190214426440216,0.10333572328090668,-0.08916259,0.10628119999999998,-0.2454437881195068,2
2026-08-20,IDEA,4,1,0.04790446847116585,0.41310399770736694,-0.21352172,0.10628120000000002,-0.36980291897888184,2
2026-08-20,IDEA,5,1,0.04240024839380637,0.36799556016921997,-0.21367073,0.1062812,-0.3699519305908203,2
2026-08-20,IDEA,23,-1,-0.04208368502489097,0.183149516582489,-0.0,0.1062812,-0.1562812,2
2026-08-20,IDEA,26,-1,-0.047127002429626454,0.13755735754966736,0.07132888,0.1062812,-0.08495232159729005,2
2026-08-20,IDEA,48,-1,-0.047853604638890955,0.1224517822265625,0.21443963,0.1062812,0.05815843050842284,2
2026-08-20,IDEA,49,-1,-0.05619701308961534,0.1224517822265625,0.14295578,0.1062812,-0.013325419970703134,2
2026-08-20,IDEA,66,1,0.046122754470603544,0.13814906775951385,0.71634054,0.10628119999999998,0.5600593418395996,2
2026-08-20,IDFCFIRSTB,23,-1,-0.041867524261434426,0.1395704299211502,0.13876557,0.1062812,-0.017515626498413095,2
2026-08-20,IDFCFIRSTB,26,-1,-0.04738437669097692,0.13408398628234863,-0.13908148,0.10628120000000002,-0.2953626781188965,2
2026-08-20,IDFCFIRSTB,48,-1,-0.04860465507365402,0.07706460356712341,0.18563867,0.10628119999999998,0.02935746615295412,2
2026-08-20,IDFCFIRSTB,49,-1,-0.05355644921205309,0.07874900102615356,0.092852116,0.10628119999999995,-0.06342908436889644,2
2026-08-20,IDFCFIRSTB,66,1,0.047631311993151085,0.12395639717578888,0.058233738,0.1062812,-0.09804746205444337,2
2026-08-20,INDHOTEL,22,-1,-0.04086405350009219,0.15035730600357056,0.10185242,0.1062812,-0.05442878300781251,2
2026-08-20,INDHOTEL,23,-1,-0.04403795108238712,0.1411508321762085,0.06791353,0.1062812,-0.08836766774291993,2
2026-08-20,INDHOTEL,26,-1,-0.04794948921445322,0.14773763716220856,-0.18372536,0.10628119999999998,-0.340006557055664,2
2026-08-20,INDHOTEL,48,-1,-0.043750839278862946,0.10280635207891464,0.027287006,0.1062812,-0.12899419362182618,2
2026-08-20,INDHOTEL,49,-1,-0.05027408856083606,0.1028209701180458,-0.17055273,0.10628119999999998,-0.3268339305603027,2
2026-08-20,INDHOTEL,66,1,0.04091472501268503,0.14884121716022491,0.075137615,0.1062812,-0.08114358479614259,2
2026-08-20,INDIANB,23,-1,-0.041074872624398344,0.11868850886821747,-0.12476444,0.1062812,-0.28104564244384767,2
2026-08-20,INDIANB,26,-1,-0.05155671987565454,0.11471622437238693,-0.15890598,0.10628119999999998,-0.31518718297119136,2
2026-08-20,INDIANB,48,-1,-0.04860465507365402,0.11532586067914963,-0.17617941,0.10628119999999998,-0.33246060902709956,2
2026-08-20,INDIANB,49,-1,-0.05694529181345877,0.11240635812282562,-0.056803226,0.10628119999999998,-0.21308442647094722,2
2026-08-20,INDIANB,51,-1,-0.04109594375944894,0.12751488387584686,0.48736334,0.1062812,0.331082138470459,2
2026-08-20,INDIANB,66,1,0.04930856582186233,0.12091436237096786,-0.37612915,0.1062812,-0.532410350390625,2
2026-08-20,INDIGO,23,-1,-0.04119732602401827,0.17765550315380096,-0.1644373,0.10628120000000002,-0.32071849400634767,2
2026-08-20,INDIGO,26,-1,-0.054384773927897846,0.16092494130134583,-0.29985905,0.10628120000000002,-0.45614024693603517,2
2026-08-20,INDIGO,48,-1,-0.04153006623252755,0.10690835118293762,0.06759167,0.1062812,-0.08868953282470704,2
2026-08-20,INDIGO,49,-1,-0.04456599880284763,0.1062186136841774,0.009655952,0.1062812,-0.14662524754638673,2
2026-08-20,INDIGO,66,1,0.04177820942520549,0.12231866270303726,-0.14513731,0.1062812,-0.3014185100280762,2
2026-08-20,INDUSINDBK,20,-1,-0.047703614057819976,0.13244658708572388,0.03964305,0.1062812,-0.1166381507598877,2
2026-08-20,INDUSINDBK,21,-1,-0.11954890616764333,0.12323922663927078,-0.029742718,0.1062812,-0.18602391774291993,2
2026-08-20,INDUSINDBK,23,-1,-0.041032016886519654,0.12391046434640884,0.09909868,0.1062812,-0.057182517596435556,2
2026-08-20,INDUSINDBK,24,-1,-0.08221216414384269,0.11747957020998001,0.0495553,0.1062812,-0.10672589833374024,2
2026-08-20,INDUSINDBK,25,-1,-0.05707068999228107,0.11465993523597717,0.069361925,0.1062812,-0.08691927487487794,2
2026-08-20,INDUSINDBK,26,-1,-0.17954428407456055,0.1104239746928215,0.0792861,0.1062812,-0.0769951015197754,2
2026-08-20,INDUSINDBK,35,-1,-0.08426633850895762,0.11416684836149216,0.019860268,0.1062812,-0.13642093236083985,2
2026-08-20,INDUSINDBK,47,-1,-0.08349172095872212,0.1056465208530426,-0.039732456,0.1062812,-0.1960136562072754,2
2026-08-20,INDUSINDBK,48,-1,-0.15191269209732333,0.10219306498765945,-0.029814243,0.10628119999999998,-0.18609544331665034,2
2026-08-20,INDUSINDBK,49,-1,-0.2441843587581127,0.10004425048828125,-0.029814243,0.10628119999999998,-0.18609544331665034,2
2026-08-20,INDUSINDBK,50,-1,-0.17268613292119148,0.09722569584846497,-0.08945465,0.1062812,-0.24573585087890626,2
2026-08-20,INDUSINDBK,51,-1,-0.20132684629024103,0.09580670297145844,-0.059604645,0.1062812,-0.21588584477539063,2
2026-08-20,INDUSINDBK,66,1,0.056952257448322025,0.1690191626548767,-0.2883017,0.1062812,-0.4445829063140869,2
2026-08-20,INDUSTOWER,23,-1,-0.041867524261434426,0.19980588555335999,-0.18924475,0.10628119999999998,-0.3455259471618652,2
2026-08-20,INDUSTOWER,26,-1,-0.07251822741021911,0.1621176302433014,-0.1080513,0.1062812,-0.26433250004882813,2
2026-08-20,INDUSTOWER,48,-1,-0.061818164944848354,0.1667410284280777,0.134933,0.1062812,-0.021348205157470712,2
2026-08-20,INDUSTOWER,49,-1,-0.07414568136738697,0.16683107614517212,0.13502836,0.1062812,-0.021252837725830087,2
2026-08-20,INDUSTOWER,66,1,0.05361150999763303,0.1283973753452301,0.121712685,0.10628119999999998,-0.034568515368652325,2
2026-08-20,INFY,26,-1,-0.04309279826846398,0.19558370113372803,-0.15949011,0.10628119999999998,-0.3157713084899902,2
2026-08-20,INFY,48,-1,-0.04927485331107016,0.17495080828666687,-0.07929802,0.10628119999999998,-0.23557921940917964,2
2026-08-20,INFY,49,-1,-0.05686721132703149,0.17421342432498932,0.16726851,0.10628119999999998,0.01098731463317873,2
2026-08-20,INFY,66,1,0.05273257187872927,0.20110143721103668,-0.00885129,0.10628119999999998,-0.1651324897491455,2
2026-08-20,IOC,22,-1,-0.04108021426354873,0.12042577564716339,-0.0,0.10628119999999998,-0.15628119999999998,2
2026-08-20,IOC,23,-1,-0.043298855543502726,0.12049643695354462,-0.066018105,0.1062812,-0.22229930455322267,2
2026-08-20,IOC,26,-1,-0.052226918113070696,0.10222708433866501,-0.15417337,0.10628120000000002,-0.3104545741760254,2
2026-08-20,IOC,48,-1,-0.04860465507365402,0.0718206986784935,0.23486614,0.10628119999999998,0.07858494227294925,2
2026-08-20,IOC,49,-1,-0.054244069467753286,0.07551852613687515,0.21291971,0.10628119999999998,0.05663851206665041,2
2026-08-20,IOC,66,1,0.04537170403584047,0.07781589031219482,-0.14722943,0.1062812,-0.3035106330596924,2
2026-08-20,IPCALAB,26,-1,-0.04768982826731414,0.234025239944458,0.12167692,0.10628119999999998,-0.03460427815551756,2
2026-08-20,IPCALAB,48,-1,-0.04436405002813762,0.17499101161956787,-0.40214062,0.10628119999999998,-0.5584218173706055,2
2026-08-20,IPCALAB,49,-1,-0.05739932928741838,0.1794312596321106,-0.539732,0.1062812,-0.6960131793701172,2
2026-08-20,IRCTC,26,-1,-0.05406324538396453,0.1611616611480713,0.15315413,0.10628119999999998,-0.0031270652496337703,2
2026-08-20,IRCTC,48,-1,-0.04311867628998972,0.11247461289167404,0.34765005,0.10628119999999998,0.1913688511169434,2
2026-08-20,IRCTC,49,-1,-0.05113028749860504,0.10663187503814697,0.3885448,0.10628119999999998,0.2322635978973389,2
2026-08-20,IRCTC,66,1,0.04473854910520851,0.0521160326898098,0.010275841,0.1062812,-0.14600535924072267,2
2026-08-20,IRFC,26,-1,-0.047127002429626454,0.17338550090789795,-0.534451,0.1062812,-0.6907322078430176,2
2026-08-20,IRFC,48,-1,-0.04934408188709224,0.1787758469581604,0.3903985,0.10628119999999998,0.23411730234985356,2
2026-08-20,IRFC,49,-1,-0.05724189147939079,0.18432588875293732,0.60800314,0.10628119999999998,0.45172193949584966,2
2026-08-20,ITC,26,-1,-0.054384773927897846,0.24001584947109222,-0.2628684,0.10628119999999998,-0.4191496043884277,2
2026-08-20,ITC,48,-1,-0.04504008365889328,0.22151575982570648,0.07429719,0.1062812,-0.0819840102874756,2
2026-08-20,ITC,49,-1,-0.05611616089226843,0.22404398024082184,0.12992024,0.1062812,-0.026360955783081064,2
2026-08-20,JINDALSTEL,48,-1,-0.041557178679003846,0.1445135921239853,0.16934276,0.10628119999999998,0.013061556271362323,2
2026-08-20,JINDALSTEL,49,-1,-0.04332793094331272,0.1463846117258072,0.19603372,0.10628119999999998,0.039752516201782245,2
2026-08-20,JINDALSTEL,66,1,0.062011574187278824,0.17916180193424225,-0.37499666,0.1062812,-0.5312778621398926,2
2026-08-20,JIOFIN,22,-1,-0.04108021426354873,0.1999828815460205,0.14201403,0.1062812,-0.014267173358154306,2
2026-08-20,JIOFIN,23,-1,-0.043820467883296486,0.1869027018547058,0.16226768,0.10628119999999998,0.005986484936523456,2
2026-08-20,JIOFIN,26,-1,-0.052010757349614155,0.18564291298389435,0.020307302,0.10628120000000002,-0.13597389752502442,2
2026-08-20,JIOFIN,48,-1,-0.04498689303179994,0.12180081754922867,0.2030015,0.10628119999999998,0.04672029917602541,2
2026-08-20,JIOFIN,49,-1,-0.0509141267351485,0.11749860644340515,0.22339821,0.10628119999999998,0.06711700861816408,2
2026-08-20,JIOFIN,66,1,0.04835368440012938,0.1005210131406784,-0.122350454,0.1062812,-0.27863165433044434,2
2026-08-20,JKCEMENT,26,-1,-0.05337774855523755,0.12902267277240753,0.11342168,0.1062812,-0.04285952145690919,2
2026-08-20,JKCEMENT,48,-1,-0.048969401734732944,0.18566955626010895,0.09484291,0.1062812,-0.061438289233398446,2
2026-08-20,JKCEMENT,49,-1,-0.05611616089226843,0.17677657306194305,0.1422584,0.1062812,-0.014022794314575204,2
2026-08-20,JKCEMENT,66,1,0.05141166419662821,0.1791141927242279,-0.2087295,0.10628119999999998,-0.3650107055389404,2
2026-08-20,JSL,26,-1,-0.05337774855523755,0.15096348524093628,-0.18706322,0.1062812,-0.34334441716308595,2
2026-08-20,JSL,48,-1,-0.047853604638890955,0.1840493232011795,0.08285642,0.10628119999999998,-0.07342478329772947,2
2026-08-20,JSL,49,-1,-0.05492435031505852,0.15349946916103363,0.26245117,0.10628119999999998,0.10616997187500003,2
2026-08-20,JSL,66,1,0.047402680478804256,0.18719932436943054,-0.20147562,0.10628119999999998,-0.35775682026977534,2
2026-08-20,JSWENERGY,23,-1,-0.043604307119839945,0.15545020997524261,0.43891072,0.10628120000000002,0.28262952273254394,2
2026-08-20,JSWENERGY,26,-1,-0.04577490068802106,0.15781402587890625,0.24745464,0.1062812,0.0911734432495117,2
2026-08-20,JSWENERGY,48,-1,-0.047853604638890955,0.17842231690883636,-0.04608631,0.1062812,-0.20236751134033204,2
2026-08-20,JSWENERGY,49,-1,-0.05672913105000223,0.17896589636802673,-0.0,0.1062812,-0.1562812,2
2026-08-20,JSWENERGY,66,1,0.05331708290553072,0.10938388109207153,0.046133995,0.10628119999999998,-0.11014720494384764,2
2026-08-20,JSWINFRA,26,-1,-0.04768982826731414,0.16623808443546295,0.015103817,0.1062812,-0.14117738301391602,2
2026-08-20,JSWINFRA,66,1,0.0787350361275781,0.26090264320373535,0.060629845,0.1062812,-0.09565135533447267,2
2026-08-20,JSWSTEEL,48,-1,-0.04694827526919577,0.1873759925365448,0.37806034,0.1062812,0.22177914088134765,2
2026-08-20,JSWSTEEL,49,-1,-0.05686721132703149,0.1877676099538803,0.6475389,0.10628119999999998,0.49125770037536626,2
2026-08-20,JUBLFOOD,26,-1,-0.06278808319684231,0.25520238280296326,0.22637844,0.1062812,0.07009724085693358,2
2026-08-20,JUBLFOOD,48,-1,-0.05002313203491359,0.19808007776737213,-0.25658607,0.1062812,-0.41286727482910157,2
2026-08-20,JUBLFOOD,49,-1,-0.05169667204523058,0.19455553591251373,-0.34537315,0.1062812,-0.5016543536865234,2
2026-08-20,JUBLFOOD,51,-1,-0.04109594375944894,0.1830238401889801,-0.32519102,0.1062812,-0.4814722209655762,2
2026-08-20,JUBLFOOD,66,1,0.05219917728521877,0.21124018728733063,-0.029486418,0.10628119999999998,-0.1857676177703857,2
2026-08-20,JUBLFOOD,67,1,0.04516012175597418,0.21425804495811462,-0.17710328,0.1062812,-0.3333844810211182,2
2026-08-20,KALYANKJIL,26,-1,-0.04777430777331159,0.25625133514404297,-0.0,0.1062812,-0.1562812,2
2026-08-20,KALYANKJIL,48,-1,-0.04627807703177962,0.1598571389913559,-0.13360977,0.1062812,-0.28989097172851563,2
2026-08-20,KALYANKJIL,49,-1,-0.05694529181345877,0.1573396772146225,-0.02503395,0.1062812,-0.18131515080566407,2
2026-08-20,KALYANKJIL,66,1,0.04723586386656953,0.18552012741565704,-0.3840983,0.1062812,-0.5403794913970947,2
2026-08-20,KALYANKJIL,67,1,0.041793751117165,0.18163292109966278,-0.2844274,0.10628119999999998,-0.4407086044036865,2
2026-08-20,KEI,48,-1,-0.05023929279837013,0.1555534154176712,-0.07236004,0.1062812,-0.22864123875732423,2
2026-08-20,KEI,49,-1,-0.05761549005087492,0.1471671313047409,-0.10945797,0.1062812,-0.26573916966552735,2
2026-08-20,KEI,66,1,0.041321870836733623,0.13515204191207886,0.024688244,0.1062812,-0.1315929561340332,2
2026-08-20,KOTAKBANK,23,-1,-0.04455956342218088,0.17191188037395477,-0.17645359,0.1062812,-0.3327347903930664,2
2026-08-20,KOTAKBANK,26,-1,-0.0538185086976844,0.1764349490404129,-0.20163059,0.10628120000000002,-0.3579117923461914,2
2026-08-20,KOTAKBANK,48,-1,-0.04971768045857637,0.15483245253562927,0.11276603,0.1062812,-0.043515172549438486,2
2026-08-20,KOTAKBANK,49,-1,-0.051278873396227435,0.15037637948989868,0.15035272,0.1062812,-0.0059284835540771574,2
2026-08-20,KOTAKBANK,51,-1,-0.04109594375944894,0.1457730233669281,0.25040507,0.1062812,0.09412387316589353,2
2026-08-20,KOTAKBANK,66,1,0.04177820942520549,0.12009397149085999,-0.25084615,0.1062812,-0.40712734753723145,2
2026-08-20,KPITTECH,26,-1,-0.05070052093788556,0.18543626368045807,0.15902519,0.1062812,0.0027439922607421785,2
2026-08-20,KPITTECH,48,-1,-0.05023929279837013,0.13820311427116394,0.24290085,0.10628119999999998,0.08661964838867191,2
2026-08-20,KPITTECH,49,-1,-0.05665105056357495,0.14300161600112915,0.21780133,0.10628119999999998,0.0615201324737549,2
2026-08-20,KPITTECH,66,1,0.04775761605629089,0.13955077528953552,-0.14315248,0.10628120000000002,-0.2994336753570557,2
2026-08-20,KPRMILL,26,-1,-0.054569559132447466,0.21428540349006653,-0.11394024,0.10628119999999998,-0.27022143895263667,2
2026-08-20,KPRMILL,48,-1,-0.04964953346342946,0.2323237806558609,-0.8282423,0.1062812,-0.984523501940918,2
2026-08-20,KPRMILL,49,-1,-0.05672027913959703,0.23780441284179688,-0.68809986,0.1062812,-0.8443810611450195,2
2026-08-20,KPRMILL,66,1,0.10568660895247374,0.2659979462623596,-0.043404102,0.1062812,-0.19968530232543946,2
2026-08-20,KPRMILL,67,1,0.07507594664778355,0.26888805627822876,-0.008684397,0.1062812,-0.16496559674377442,2
2026-08-20,LAURUSLABS,23,-1,-0.04227676581149733,0.1562420129776001,-0.07674694,0.1062812,-0.23302814061279298,2
2026-08-20,LAURUSLABS,26,-1,-0.054353398368990925,0.15152610838413239,-0.05480051,0.1062812,-0.21108171040649415,2
2026-08-20,LAURUSLABS,48,-1,-0.05002313203491359,0.09709184616804123,-0.15895367,0.1062812,-0.3152348666870117,2
2026-08-20,LAURUSLABS,49,-1,-0.05761549005087492,0.09853371232748032,0.15327334,0.10628119999999998,-0.003007855960082989,2
2026-08-20,LAURUSLABS,51,-1,-0.04109594375944894,0.09376439452171326,0.2570808,0.1062812,0.10079959338073728,2
2026-08-20,LAURUSLABS,66,1,0.05293296502651787,0.1086408942937851,0.19767284,0.1062812,0.04139164393310546,2
2026-08-20,LICHSGFIN,22,-1,-0.04108021426354873,0.12831392884254456,-1.2075782,0.10628120000000002,-1.363859382220459,2
2026-08-20,LICHSGFIN,23,-1,-0.04131456486696673,0.12060504406690598,-1.2085438,0.10628119999999998,-1.3648249774658203,2
2026-08-20,LICHSGFIN,26,-1,-0.051455647534171874,0.13072682917118073,-1.6501665,0.10628119999999998,-1.8064477115356445,2
2026-08-20,LICHSGFIN,48,-1,-0.04140996159942758,0.20872122049331665,0.2951324,0.10628119999999998,0.13885119860534673,2
2026-08-20,LICHSGFIN,49,-1,-0.04321685589379604,0.2073972374200821,0.3936231,0.1062812,0.23734191363220214,2
2026-08-20,LICHSGFIN,66,1,0.06798588378640084,0.23317033052444458,-0.40188432,0.10628119999999998,-0.5581655173980713,2
2026-08-20,LICHSGFIN,67,1,0.05536549203739298,0.22788147628307343,-0.27481318,0.10628119999999998,-0.43109437520141597,2
2026-08-20,LICI,4,1,0.045008635271804966,0.4909293055534363,1.3428569,0.10628119999999998,1.1865756840026855,2
2026-08-20,LICI,26,-1,-0.05363810706289775,0.25328218936920166,-0.46405792,0.1062812,-0.6203391223632813,2
2026-08-20,LICI,49,-1,-0.04336486966210567,0.21309350430965424,0.20135045,0.10628119999999998,0.04506925051574709,2
2026-08-20,LICI,66,1,0.04944352940099529,0.18997831642627716,0.16615391,0.10628119999999998,0.009872707775878925,2
2026-08-20,LINDEINDIA,4,1,0.04818344801368997,0.3497544229030609,0.21592379,0.1062812,0.05964258616333007,2
2026-08-20,LINDEINDIA,5,1,0.04330834187967128,0.30747103691101074,0.4317999,0.1062812,0.27551868861083983,2
2026-08-20,LINDEINDIA,26,-1,-0.05389936089503131,0.15431934595108032,-0.14914274,0.1062812,-0.30542394215698243,2
2026-08-20,LINDEINDIA,48,-1,-0.048969401734732944,0.12560273706912994,0.052160025,0.10628120000000002,-0.10412117535705569,2
2026-08-20,LINDEINDIA,49,-1,-0.05761549005087492,0.13130056858062744,-0.037240982,0.1062812,-0.19352218205566407,2
2026-08-20,LINDEINDIA,66,1,0.04885282930866801,0.09114458411931992,-0.04477501,0.1062812,-0.20105620915527345,2
2026-08-20,LLOYDSME,23,-1,-0.04124883972322063,0.2092546671628952,-0.17360449,0.10628119999999998,-0.3298856883728027,2
2026-08-20,LLOYDSME,26,-1,-0.054168613164441305,0.164194718003273,0.4566908,0.10628119999999998,0.300409588269043,2
2026-08-20,LLOYDSME,49,-1,-0.05033191950128111,0.20289307832717896,0.5254328,0.1062812,0.36915162508850097,2
2026-08-20,LLOYDSME,66,1,0.04621801128201545,0.15743838250637054,-0.23254752,0.10628120000000002,-0.38882872159118653,2
2026-08-20,LODHA,23,-1,-0.044247486520502255,0.23253905773162842,-0.016140938,0.1062812,-0.1724221378051758,2
2026-08-20,LODHA,26,-1,-0.05050636706059817,0.2211231291294098,-0.0970006,0.1062812,-0.2532817989074707,2
2026-08-20,LODHA,48,-1,-0.04360970042396798,0.20056863129138947,0.128752,0.1062812,-0.02752920682067872,2
2026-08-20,LODHA,49,-1,-0.042920469658936665,0.2048061341047287,0.10469556,0.10628119999999998,-0.05158564145202635,2
2026-08-20,LODHA,66,1,0.04825369840658736,0.159178227186203,-0.26543736,0.10628120000000002,-0.4217185645782471,2
2026-08-20,LT,23,-1,-0.04090305891673537,0.08759497851133347,-0.43917894,0.1062812,-0.5954601436340332,2
2026-08-20,LT,26,-1,-0.055054972165314,0.09029927849769592,-0.52981377,0.10628119999999998,-0.6860949664794922,2
2026-08-20,LT,48,-1,-0.04927485331107016,0.10996434092521667,0.009804964,0.1062812,-0.14647623593444825,2
2026-08-20,LT,49,-1,-0.05703109581596471,0.11633474379777908,0.08081794,0.1062812,-0.07546326214904786,2
2026-08-20,LT,66,1,0.05027929743724813,0.07102304697036743,-0.07855892,0.1062812,-0.23484012181396485,2
2026-08-20,LTF,23,-1,-0.04299932437870338,0.24350622296333313,0.11047125,0.1062812,-0.045809951373291025,2
2026-08-20,LTF,26,-1,-0.05483881140185746,0.22412897646427155,0.07883906,0.1062812,-0.07744213635559083,2
2026-08-20,LTF,48,-1,-0.04084594560570126,0.14542707800865173,0.15788078,0.10628120000000002,0.0015995830810546646,2
2026-08-20,LTF,49,-1,-0.042222756206896264,0.15933257341384888,-0.06331205,0.10628119999999998,-0.21959325368041988,2
2026-08-20,LTTS,4,1,0.04819174004923425,0.8364917635917664,0.28306246,0.1062812,0.12678125803833007,2
2026-08-20,LTTS,5,1,0.04500021899427662,0.8289591073989868,-0.27337074,0.1062812,-0.42965194279785157,2
2026-08-20,LTTS,48,-1,-0.04892128387630093,0.17284676432609558,0.19707084,0.1062812,0.040789637020874014,2
2026-08-20,LTTS,49,-1,-0.05588147890338904,0.16693642735481262,0.3326893,0.1062812,0.1764080852783203,2
2026-08-20,LUPIN,23,-1,-0.041390406810624635,0.15963006019592285,0.12161732,0.1062812,-0.03466388280029298,2
2026-08-20,LUPIN,26,-1,-0.0529321496968117,0.15096937119960785,-0.004506111,0.10628119999999998,-0.1607873111450195,2
2026-08-20,LUPIN,48,-1,-0.043693851790721466,0.12320277839899063,0.30173063,0.1062812,0.1454494327819824,2
2026-08-20,LUPIN,49,-1,-0.052988515437413786,0.11932668089866638,0.3061056,0.1062812,0.14982441370849608,2
2026-08-20,MAHABANK,23,-1,-0.04208368502489097,0.21663568913936615,0.024574995,0.1062812,-0.13170620495910645,2
2026-08-20,MAHABANK,26,-1,-0.052226918113070696,0.2080446183681488,-0.39321184,0.1062812,-0.549493041583252,2
2026-08-20,MAHABANK,48,-1,-0.04242648776625116,0.1385922133922577,0.5281925,0.1062812,0.37191132014160155,2
2026-08-20,MAHABANK,49,-1,-0.04142544891009657,0.13601090013980865,0.5528331,0.1062812,0.39655188029174804,2
2026-08-20,MAHABANK,66,1,0.06132420518913124,0.20375123620033264,0.0,0.1062812,-0.1562812,2
2026-08-20,MANKIND,23,-1,-0.04227676581149733,0.15939126908779144,-0.10405779,0.10628119999999998,-0.2603389888488769,2
2026-08-20,MANKIND,26,-1,-0.049836168823182016,0.14937973022460938,-0.11241436,0.10628119999999998,-0.26869556004638667,2
2026-08-20,MANKIND,48,-1,-0.047548153062553736,0.0699397474527359,-0.04583597,0.1062812,-0.2021171718322754,2
2026-08-20,MANKIND,49,-1,-0.05492435031505852,0.069046750664711,-0.020837784,0.1062812,-0.17711898381347657,2
2026-08-20,MANKIND,66,1,0.06311932798620593,0.1603182852268219,-0.12981296,0.1062812,-0.28609415585632325,2
2026-08-20,MARICO,23,-1,-0.04455956342218088,0.14096572995185852,-0.33380985,0.1062812,-0.49009105260009767,2
2026-08-20,MARICO,26,-1,-0.055054972165314,0.14915648102760315,-0.22807121,0.1062812,-0.3843524127685547,2
2026-08-20,MARICO,48,-1,-0.04304568443024167,0.09971638768911362,-0.058412552,0.10628119999999998,-0.21469375187988277,2
2026-08-20,MARICO,49,-1,-0.04838002692703667,0.09768162667751312,-0.09350777,0.10628119999999998,-0.24978896672363277,2
2026-08-20,MARICO,66,1,0.04996847471124797,0.10855201631784439,0.070142746,0.10628119999999998,-0.0861384540283203,2
2026-08-20,MARUTI,23,-1,-0.04188879134037782,0.1052565723657608,-0.32827854,0.1062812,-0.4845597415649414,2
2026-08-20,MARUTI,26,-1,-0.055054972165314,0.11805945634841919,-0.09469986,0.1062812,-0.25098105961914063,2
2026-08-20,MARUTI,48,-1,-0.05002313203491359,0.08734121173620224,0.16641617,0.1062812,0.010134968212890616,2
2026-08-20,MARUTI,49,-1,-0.05761549005087492,0.08062849193811417,0.23158193,0.10628119999999998,0.07530072634582523,2
2026-08-20,MARUTI,66,1,0.043236030917726535,0.13889752328395844,0.27571917,0.10628120000000002,0.11943796580200193,2
2026-08-20,MAXHEALTH,23,-1,-0.041084955234287415,0.10472382605075836,-0.7987857,0.1062812,-0.9550668864929199,2
2026-08-20,MAXHEALTH,26,-1,-0.055054972165314,0.128616601228714,-0.45280457,0.10628119999999998,-0.6090857654296875,2
2026-08-20,MAXHEALTH,48,-1,-0.04403141685388413,0.13879454135894775,-0.13018847,0.1062812,-0.2864696651184082,2
2026-08-20,MAXHEALTH,49,-1,-0.04201791718111727,0.15112344920635223,-0.27073622,0.1062812,-0.4270174174987793,2
2026-08-20,MAXHEALTH,66,1,0.06859852737603006,0.14701750874519348,0.1405716,0.1062812,-0.01570960576171876,2
2026-08-20,MAZDOCK,22,-1,-0.04108021426354873,0.19785679876804352,-0.16727448,0.10628120000000002,-0.32355567509765626,2
2026-08-20,MAZDOCK,23,-1,-0.045874750873920615,0.2152162343263626,0.14739633,0.1062812,-0.008884873934936532,2
2026-08-20,MAZDOCK,26,-1,-0.04836002650473029,0.2208990752696991,-0.17881393,0.1062812,-0.3350951343261719,2
2026-08-20,MAZDOCK,49,-1,-0.05446023023120983,0.12547670304775238,0.20986795,0.1062812,0.05358675425415038,2
2026-08-20,MAZDOCK,66,1,0.047631311993151085,0.13230988383293152,0.027298927,0.10628119999999998,-0.12898227269287107,2
2026-08-20,MCX,5,1,0.046764312056174775,0.8153689503669739,0.8486271,0.1062812,0.6923458904541016,2
2026-08-20,MCX,66,1,0.04668099179647724,0.23982149362564087,-0.2780676,0.1062812,-0.43434878880615235,2
2026-08-20,MCX,67,1,0.04650386192416895,0.2363000363111496,-0.15331507,0.1062812,-0.3095962672912598,2
2026-08-20,MEDANTA,21,-1,-0.1447099500821338,0.25607651472091675,0.28268695,0.1062812,0.1264057487762451,2
2026-08-20,MEDANTA,24,-1,-0.08093950136928586,0.22984503209590912,0.070768595,0.1062812,-0.08551260525817872,2
2026-08-20,MEDANTA,25,-1,-0.05420210588797697,0.22294621169567108,0.06367564,0.10628119999999998,-0.09260555798645018,2
2026-08-20,MEDANTA,26,-1,-0.17671623002231732,0.19411660730838776,-0.056660175,0.1062812,-0.21294137532348634,2
2026-08-20,MEDANTA,35,-1,-0.08673915657569549,0.11726272851228714,0.12746453,0.1062812,-0.028816667147827157,2
2026-08-20,MEDANTA,47,-1,-0.07756800365423089,0.1629965752363205,0.22749305,0.1062812,0.07121184771423339,2
2026-08-20,MEDANTA,48,-1,-0.14426276261027712,0.18035076558589935,0.3481865,0.1062812,0.19190529291992187,2
2026-08-20,MEDANTA,49,-1,-0.2438789071817755,0.17473773658275604,0.23466945,0.1062812,0.0783882469451904,2
2026-08-20,MEDANTA,50,-1,-0.1670174208771352,0.18435250222682953,0.14958382,0.1062812,-0.0066973834716796965,2
2026-08-20,MEDANTA,51,-1,-0.19240753179094844,0.18683157861232758,-0.014269352,0.1062812,-0.17055055195922852,2
2026-08-20,MEDANTA,66,1,0.10355042750455451,0.3135068416595459,-0.29734373,0.1062812,-0.4536249309265137,2
2026-08-20,MEDANTA,67,1,0.09400427578300173,0.31703439354896545,-0.02835989,0.10628119999999998,-0.1846410899841308,2
2026-08-20,MFSL,22,-1,-0.04239540171528847,0.21121761202812195,-0.05711317,0.1062812,-0.2133943706237793,2
2026-08-20,MFSL,23,-1,-0.044343402658724336,0.19499951601028442,-0.09522438,0.1062812,-0.25150558049316407,2
2026-08-20,MFSL,26,-1,-0.054681373593829866,0.1872677206993103,0.48128366,0.10628119999999998,0.3250024647033692,2
2026-08-20,MFSL,48,-1,-0.04161154940977558,0.17879830300807953,0.19645095,0.10628119999999998,0.04016974871520998,2
2026-08-20,MFSL,49,-1,-0.041607379890840186,0.1663457304239273,0.15229583,0.10628119999999998,-0.003985372134399395,2
2026-08-20,MOTILALOFS,49,-1,-0.05280614014815577,0.24226689338684082,-0.17365217,0.10628119999999998,-0.329933372088623,2
2026-08-20,MOTILALOFS,66,1,0.06879144890946808,0.22560931742191315,-0.2708614,0.10628119999999998,-0.42714258725280757,2
2026-08-20,MOTILALOFS,67,1,0.05555792978783313,0.22722017765045166,-0.43471456,0.1062812,-0.5909957557403565,2
2026-08-20,MPHASIS,26,-1,-0.052020839959503226,0.18688075244426727,0.37959218,0.1062812,0.2233109802520752,2
2026-08-20,MPHASIS,48,-1,-0.04686787221524849,0.16239137947559357,-0.06566048,0.10628119999999998,-0.22194167668457027,2
2026-08-20,MPHASIS,49,-1,-0.05588147890338904,0.1642281711101532,0.05737543,0.10628119999999998,-0.09890576893920897,2
2026-08-20,MPHASIS,66,1,0.047525156339701724,0.12261242419481277,0.0574708,0.1062812,-0.09881040150756837,2
2026-08-20,MRF,23,-1,-0.041074872624398344,0.07778793573379517,-0.07110834,0.07080921916095954,-0.19191756037800056,2
2026-08-20,MRF,26,-1,-0.052832776274041954,0.07271172106266022,-0.22835732,0.07081979918391794,-0.3491771142473945,2
2026-08-20,MRF,48,-1,-0.04821835129996988,0.08182302862405777,-0.0,0.07070508059701493,-0.12070508059701493,2
2026-08-20,MRF,49,-1,-0.04917727672954335,0.07363495230674744,-0.05223751,0.07070770944100305,-0.1729452201221554,2
2026-08-20,MRF,66,1,0.04688026155838801,0.037035852670669556,-0.022381544,0.07069588273212218,-0.14307742684528135,2
2026-08-20,MUTHOOTFIN,22,-1,-0.04261734494536868,0.25689375400543213,0.3949225,0.1062812,0.23864129488830566,2
2026-08-20,MUTHOOTFIN,48,-1,-0.04851032441202275,0.1981857419013977,0.22170544,0.10628119999999998,0.06542423670654299,2
2026-08-20,MUTHOOTFIN,49,-1,-0.041644318609633135,0.20511072874069214,0.15131235,0.10628119999999998,-0.004968848773193341,2
2026-08-20,MUTHOOTFIN,66,1,0.057031335633050725,0.12663009762763977,0.1718998,0.10628119999999998,0.015618595532226581,2
2026-08-20,M_AND_M,22,-1,-0.04097914192206606,0.13027411699295044,-0.12257099,0.10628120000000002,-0.2788521915161133,2
2026-08-20,M_AND_M,23,-1,-0.04403795108238712,0.1206861287355423,-0.14880896,0.1062812,-0.30509015614624024,2
2026-08-20,M_AND_M,26,-1,-0.055054972165314,0.12472756206989288,-0.07870197,0.10628119999999998,-0.23498317296142573,2
2026-08-20,M_AND_M,48,-1,-0.04656242063891127,0.13303247094154358,-0.16561747,0.1062812,-0.3218986659729004,2
2026-08-20,M_AND_M,49,-1,-0.05113028749860504,0.11808241903781891,-0.10750294,0.10628119999999998,-0.2637841373168945,2
2026-08-20,M_AND_MFIN,23,-1,-0.042060723531447276,0.12801340222358704,0.593245,0.10628119999999998,0.43696382944946294,2
2026-08-20,M_AND_MFIN,26,-1,-0.046674842211068525,0.16103549301624298,0.03889799,0.10628119999999998,-0.11738320881958006,2
2026-08-20,M_AND_MFIN,48,-1,-0.0509855802267353,0.11067787557840347,0.13020635,0.1062812,-0.02607485348815919,2
2026-08-20,M_AND_MFIN,49,-1,-0.05836177747924008,0.10323751717805862,0.09114742,0.1062812,-0.06513377720947267,2
2026-08-20,M_AND_MFIN,51,-1,-0.04109395246397067,0.09672698378562927,0.2864957,0.1062812,0.13021448557739257,2
2026-08-20,NAM-INDIA,4,1,0.04699377777476927,0.8983345031738281,0.14488697,0.1062812,-0.011394229479980478,2
2026-08-20,NAM-INDIA,5,1,0.04199511060937374,0.8150416612625122,0.29051304,0.1062812,0.1342318386352539,2
2026-08-20,NAM-INDIA,66,1,0.06334012405194739,0.2571243643760681,-0.040459633,0.10628119999999998,-0.1967408328735351,2
2026-08-20,NATIONALUM,3,1,0.05978518168198908,0.8602916598320007,0.14176369,0.1062812,-0.014517512866210946,2
2026-08-20,NATIONALUM,4,1,0.05742762202576396,0.7322424650192261,0.5029559,0.10628119999999998,0.3466747135437012,2
2026-08-20,NATIONALUM,5,1,0.06217434439780046,0.6626231074333191,0.46468973,0.1062812,0.3084085315979004,2
2026-08-20,NATIONALUM,7,1,0.041780814189684615,0.5418661832809448,0.32246113,0.10628119999999998,0.16617992823486333,2
2026-08-20,NATIONALUM,48,-1,-0.049352933797497445,0.15826112031936646,0.3221631,0.1062812,0.16588190501098632,2
2026-08-20,NATIONALUM,49,-1,-0.05672913105000223,0.15738120675086975,0.25770068,0.10628119999999998,0.1014194816864014,2
2026-08-20,NATIONALUM,66,1,0.046122754470603544,0.15782859921455383,-0.38749576,0.1062812,-0.543776956149292,2
2026-08-20,NAUKRI,26,-1,-0.050442026984153274,0.21282069385051727,0.18301606,0.10628119999999998,0.026734861782836933,2
2026-08-20,NAUKRI,48,-1,-0.04592535626088834,0.20640653371810913,-0.53676367,0.1062812,-0.6930448680603027,2
2026-08-20,NAUKRI,49,-1,-0.042347514264200845,0.23264537751674652,-0.3521204,0.1062812,-0.5084015994750977,2
2026-08-20,NESTLEIND,23,-1,-0.043889365184764724,0.13622300326824188,0.06810427,0.1062812,-0.08817693287963868,2
2026-08-20,NESTLEIND,26,-1,-0.04577490068802106,0.1257937252521515,0.21160245,0.1062812,0.05532124941711425,2
2026-08-20,NESTLEIND,48,-1,-0.04202755163519226,0.17288267612457275,0.18458962,0.1062812,0.028308424404907218,2
2026-08-20,NESTLEIND,66,1,0.05260125587884776,0.1303761750459671,-0.020575523,0.10628119999999998,-0.1768567233764648,2
2026-08-20,NESTLEIND,67,1,0.041793751117165,0.13391782343387604,0.13048649,0.10628119999999998,-0.025794711657714825,2
2026-08-20,NHPC,23,-1,-0.044343402658724336,0.22032463550567627,0.50953627,0.1062812,0.3532550663269043,2
2026-08-20,NHPC,26,-1,-0.0474954517404936,0.234974205493927,0.039327145,0.1062812,-0.11695405537719727,2
2026-08-20,NHPC,48,-1,-0.04304568443024167,0.12947608530521393,0.026279688,0.1062812,-0.13000151211853028,2
2026-08-20,NHPC,49,-1,-0.055108397591689624,0.1266455501317978,0.06569624,0.1062812,-0.09058496052856446,2
2026-08-20,NHPC,66,1,0.04402400830189676,0.11821689456701279,0.36799908,0.1062812,0.2117178768432617,2
2026-08-20,NIACL,4,1,0.04112299424691192,0.5756890773773193,-0.19428134,0.10628119999999998,-0.3505625396453857,2
2026-08-20,NIACL,26,-1,-0.054168613164441305,0.18705493211746216,-0.037777424,0.1062812,-0.1940586238586426,2
2026-08-20,NIACL,48,-1,-0.04965489856345992,0.10249785333871841,0.6204128,0.1062812,0.464131626538086,2
2026-08-20,NIACL,49,-1,-0.05372541160237975,0.1106969341635704,0.7177532,0.10628119999999998,0.5614719719207764,2
2026-08-20,NIACL,66,1,0.04398708135248961,0.1375279277563095,-0.63652396,0.1062812,-0.792805162020874,2
2026-08-20,NLCINDIA,23,-1,-0.04115632487653388,0.2551020383834839,0.2197802,0.1062812,0.06349900668029784,2
2026-08-20,NLCINDIA,26,-1,-0.04358519577360497,0.25776582956314087,0.23818016,0.10628119999999998,0.08189896052246097,2
2026-08-20,NLCINDIA,48,-1,-0.04334228409617369,0.13743895292282104,0.21993518,0.10628119999999998,0.06365397875671389,2
2026-08-20,NLCINDIA,49,-1,-0.05023507658732715,0.12179772555828094,0.11001825,0.10628120000000002,-0.04626294667358401,2
2026-08-20,NLCINDIA,66,1,0.048103011789225554,0.10492469370365143,-0.091809034,0.1062812,-0.2480902343475342,2
2026-08-20,NMDC,22,-1,-0.04108021426354873,0.23038780689239502,-0.094521046,0.1062812,-0.25080224568481446,2
2026-08-20,NMDC,26,-1,-0.05213371677388177,0.2541406750679016,0.2827525,0.1062812,0.12647131388549804,2
2026-08-20,NMDC,48,-1,-0.0459726254554424,0.1806718409061432,0.39164424,0.10628119999999998,0.23536303942565923,2
2026-08-20,NMDC,49,-1,-0.05060867515881128,0.18073557317256927,0.2732277,0.1062812,0.1169464916503906,2
2026-08-20,NMDC,66,1,0.0487707399147006,0.09202182292938232,0.2982974,0.10628119999999998,0.14201620524291997,2
2026-08-20,NTPC,23,-1,-0.043604307119839945,0.13980694115161896,-0.29655695,0.1062812,-0.4528381496154785,2
2026-08-20,NTPC,26,-1,-0.055054972165314,0.15002021193504333,-0.04438162,0.1062812,-0.20066281849975587,2
2026-08-20,NTPC,48,-1,-0.041524161687748064,0.12442712485790253,0.029528141,0.1062812,-0.1267530589782715,2
2026-08-20,NTPC,49,-1,-0.051800485736021196,0.12651683390140533,0.029528141,0.1062812,-0.1267530589782715,2
2026-08-20,NTPC,66,1,0.0414362016587404,0.15168459713459015,-0.044244528,0.1062812,-0.20052572781677247,2
2026-08-20,NYKAA,22,-1,-0.04108021426354873,0.18331925570964813,-0.8092761,0.10628119999999998,-0.9655573039733887,2
2026-08-20,NYKAA,23,-1,-0.045874750873920615,0.18940311670303345,-0.791955,0.1062812,-0.9482361942016602,2
2026-08-20,NYKAA,26,-1,-0.055054972165314,0.20088674128055573,-0.5317569,0.1062812,-0.6880380778991699,2
2026-08-20,NYKAA,48,-1,-0.04158580310852905,0.24425671994686127,-0.3782153,0.1062812,-0.5344965129577637,2
2026-08-20,NYKAA,49,-1,-0.04868547850337389,0.2399696707725525,-0.10586977,0.10628119999999998,-0.2621509700500488,2
2026-08-20,NYKAA,66,1,0.06151941734685121,0.2205115407705307,-0.2572298,0.1062812,-0.4135110049926758,2
2026-08-20,OBEROIRLTY,23,-1,-0.043367752844970964,0.17852440476417542,-0.5009055,0.1062812,-0.6571867137634277,2
2026-08-20,OBEROIRLTY,26,-1,-0.055054972165314,0.17834468185901642,-0.31870604,0.1062812,-0.4749872356140137,2
2026-08-20,OBEROIRLTY,66,1,0.04853706839168276,0.19096985459327698,-0.25628805,0.1062812,-0.4125692516052246,2
2026-08-20,OBEROIRLTY,67,1,0.045914710298658894,0.20630714297294617,-0.18865466,0.10628119999999998,-0.3449358611785888,2
2026-08-20,OFSS,21,-1,-0.05578049735791085,0.22752924263477325,0.1429677,0.1062812,-0.013313499041748056,2
2026-08-20,OFSS,23,-1,-0.04359235222396127,0.20715247094631195,0.16813874,0.10628119999999998,0.011857542446899433,2
2026-08-20,OFSS,26,-1,-0.06981083972976339,0.21457421779632568,0.17669201,0.1062812,0.02041080897216796,2
2026-08-20,OFSS,48,-1,-0.047988097629220225,0.15850161015987396,-0.56717396,0.1062812,-0.723455157824707,2
2026-08-20,OFSS,49,-1,-0.07541557243102416,0.17258234322071075,-0.53231716,0.1062812,-0.6885983615600586,2
2026-08-20,OFSS,51,-1,-0.040879782995992396,0.18613111972808838,-0.22768974,0.1062812,-0.3839709430419922,2
2026-08-20,OFSS,66,1,0.044037817382516095,0.15594705939292908,-0.21066666,0.1062812,-0.36694785649414063,2
2026-08-20,OIL,3,1,0.0701922173485976,0.7253385186195374,0.526762,0.1062812,0.3704808086669922,2
2026-08-20,OIL,4,1,0.06521593285020709,0.6225848197937012,0.39720535,0.10628119999999998,0.24092415278320317,2
2026-08-20,OIL,5,1,0.07506748585386565,0.549411416053772,0.32209158,0.1062812,0.16581037943725585,2
2026-08-20,OIL,6,1,0.04153246530309919,0.5079638957977295,-0.107079744,0.1062812,-0.26336094433898927,2
2026-08-20,OIL,7,1,0.04847527322034151,0.4795877933502197,-0.20307302,0.10628119999999998,-0.3593542247497558,2
2026-08-20,OIL,22,-1,-0.04108021426354873,0.2114044725894928,-0.3407836,0.10628119999999998,-0.4970647960388183,2
2026-08-20,OIL,23,-1,-0.041656561950224734,0.21714378893375397,-0.53333044,0.1062812,-0.6896116405212402,2
2026-08-20,OIL,26,-1,-0.05637015961705374,0.23622862994670868,0.07419586,0.10628119999999998,-0.08208533818359373,2
2026-08-20,OIL,48,-1,-0.043983298995452114,0.17766420543193817,-0.50804615,0.10628119999999998,-0.6643273502075195,2
2026-08-20,OIL,49,-1,-0.05522980189139574,0.16252663731575012,-0.5398035,0.10628119999999998,-0.6960847049438477,2
2026-08-20,OIL,51,-1,-0.04109594375944894,0.17019382119178772,-0.3795147,0.10628119999999998,-0.5357958942138672,2
2026-08-20,OIL,66,1,0.046602303349087895,0.18460673093795776,0.6384015,0.1062812,0.4821203083312989,2
2026-08-20,OIL,67,1,0.04665800069294137,0.1886393278837204,0.796473,0.10628119999999998,0.6401918262756348,2
2026-08-20,ONGC,3,1,0.07546892315164558,0.717003583908081,0.658226,0.1062812,0.5019448131835937,2
2026-08-20,ONGC,4,1,0.06814960443444304,0.6220674514770508,0.6186485,0.10628120000000002,0.4623673290527344,2
2026-08-20,ONGC,5,1,0.06271572686798128,0.5436179637908936,0.6864548,0.10628119999999998,0.5301735729492187,2
2026-08-20,ONGC,6,1,0.04522282954263007,0.4791949689388275,0.5753994,0.1062812,0.41911819880371093,2
2026-08-20,ONGC,7,1,0.04391263003910029,0.4528256058692932,0.36990643,0.1062812,0.2136252254760742,2
2026-08-20,ONGC,22,-1,-0.04108021426354873,0.13659867644309998,-0.12636185,0.1062812,-0.28264304692382813,2
2026-08-20,ONGC,23,-1,-0.044343402658724336,0.1350998729467392,-0.18113852,0.1062812,-0.3374197154724121,2
2026-08-20,ONGC,26,-1,-0.05333442111284147,0.13980235159397125,-0.25254488,0.1062812,-0.4088260799133301,2
2026-08-20,ONGC,48,-1,-0.049352933797497445,0.13973268866539001,0.08833408,0.1062812,-0.0679471164428711,2
2026-08-20,ONGC,49,-1,-0.05266854186064195,0.13847263157367706,0.058871508,0.1062812,-0.09740969235534669,2
2026-08-20,ONGC,51,-1,-0.040879782995992396,0.14082829654216766,0.1513362,0.1062812,-0.004945006915283212,2
2026-08-20,PAGEIND,23,-1,-0.043604307119839945,0.23155638575553894,-0.14156103,0.10628119999999998,-0.2978422313415527,2
2026-08-20,PAGEIND,26,-1,-0.045347673916117236,0.24201060831546783,-0.2834916,0.1062812,-0.4397728114807129,2
2026-08-20,PAGEIND,48,-1,-0.0459625428455533,0.2094356268644333,0.16823411,0.10628119999999998,0.011952909878540058,2
2026-08-20,PAGEIND,49,-1,-0.05460881612883222,0.17837101221084595,0.09815097,0.1062812,-0.05813023144836427,2
2026-08-20,PAGEIND,66,1,0.05445053102234479,0.18289391696453094,-0.23786426,0.10628119999999998,-0.3941454559051513,2
2026-08-20,PATANJALI,21,-1,-0.05059769888659937,0.1612100452184677,0.12777448,0.10628120000000002,-0.02850672299499514,2
2026-08-20,PATANJALI,26,-1,-0.06837997605412922,0.15016283094882965,0.014203787,0.1062812,-0.14207741315002442,2
2026-08-20,PATANJALI,48,-1,-0.04321325986143878,0.12289104610681534,0.042629242,0.10628119999999998,-0.1136519580566406,2
2026-08-20,PATANJALI,49,-1,-0.06992657781395017,0.12283864617347717,0.028419495,0.10628119999999998,-0.12786170537109373,2
2026-08-20,PATANJALI,66,1,0.04704267954024367,0.14696063101291656,0.4572749,0.10628119999999998,0.30099371378784184,2
2026-08-20,PAYTM,48,-1,-0.04970615412779767,0.20752905309200287,-0.06828308,0.1062812,-0.2245642810546875,2
2026-08-20,PAYTM,49,-1,-0.05694529181345877,0.1750711053609848,-0.006198883,0.10628119999999998,-0.1624800830566406,2
2026-08-20,PAYTM,66,1,0.04934622611375307,0.15042796730995178,-0.037270784,0.10628119999999998,-0.1935519843780517,2
2026-08-20,PAYTM,67,1,0.04532148672523268,0.14944003522396088,-0.18051863,0.10628119999999998,-0.336799827166748,2
2026-08-20,PERSISTENT,26,-1,-0.05273851258185688,0.20328795909881592,0.044178963,0.10628119999999998,-0.11210223729248045,2
2026-08-20,PERSISTENT,48,-1,-0.04964953346342946,0.14689193665981293,-0.46762228,0.10628119999999998,-0.6239034801208496,2
2026-08-20,PERSISTENT,49,-1,-0.057025730715934246,0.14242859184741974,-0.40585995,0.10628119999999998,-0.5621411472045899,2
2026-08-20,PERSISTENT,66,1,0.06493240865472903,0.21616458892822266,-0.10552406,0.1062812,-0.26180526311035157,2
2026-08-20,PETRONET,26,-1,-0.055054972165314,0.1694270372390747,-0.18907785,0.10628119999999998,-0.3453590541564941,2
2026-08-20,PETRONET,48,-1,-0.049865694226886,0.16867026686668396,-0.27377605,0.1062812,-0.4300572543823242,2
2026-08-20,PETRONET,49,-1,-0.05724189147939079,0.16823844611644745,0.25601387,0.10628119999999998,0.09973267023925785,2
2026-08-20,PETRONET,66,1,0.052471823383123437,0.1947401762008667,0.034296513,0.1062812,-0.12198468739624024,2
2026-08-20,PFC,3,1,0.06199633378674375,0.6996324062347412,-0.4617095,0.1062812,-0.6179906993591309,2
2026-08-20,PFC,4,1,0.06521593285020709,0.6163457036018372,-0.52945614,0.1062812,-0.6857373386108399,2
2026-08-20,PFC,5,1,0.05087584243935126,0.5405532717704773,-0.6378114,0.1062812,-0.7940926223480225,2
2026-08-20,PFC,6,1,0.043379869159598995,0.48705780506134033,-0.6791651,0.1062812,-0.8354463248931885,2
2026-08-20,PFC,7,1,0.059029970736613264,0.4540211260318756,-0.5985558,0.10628119999999998,-0.7548370032989502,2
2026-08-20,PFC,23,-1,-0.043298855543502726,0.1800796240568161,0.3679514,0.1062812,0.2116701931274414,2
2026-08-20,PFC,26,-1,-0.04736124225153814,0.1728578358888626,0.123012066,0.1062812,-0.03326913411254884,2
2026-08-20,PFC,48,-1,-0.05002313203491359,0.13614822924137115,0.44928193,0.10628119999999998,0.29300073092346196,2
2026-08-20,PFC,49,-1,-0.05462559476336881,0.1491151601076126,0.51849484,0.1062812,0.3622136444366455,2
2026-08-20,PFC,66,1,0.05771298966661005,0.1429358273744583,-0.32894015,0.1062812,-0.48522135312194825,2
2026-08-20,PHOENIXLTD,21,-1,-0.05220898742744657,0.2488885521888733,-0.06750822,0.1062812,-0.22378942067260743,2
2026-08-20,PHOENIXLTD,23,-1,-0.04269043786824197,0.24083662033081055,0.29042363,0.1062812,0.1341424316680908,2
2026-08-20,PHOENIXLTD,26,-1,-0.05763841921868774,0.22064122557640076,0.21799803,0.10628119999999998,0.06171682780151369,2
2026-08-20,PHOENIXLTD,48,-1,-0.0555109155775926,0.13913491368293762,0.08807182,0.1062812,-0.06820937687988282,2
2026-08-20,PHOENIXLTD,49,-1,-0.05559817212182059,0.14294637739658356,0.02592206,0.1062812,-0.13035913998718263,2
2026-08-20,PIDILITIND,4,1,0.04328503500346837,0.308719664812088,-0.10892749,0.1062812,-0.2652086883270264,2
2026-08-20,PIDILITIND,5,1,0.04160404876009102,0.2795458137989044,-0.09685159,0.10628119999999998,-0.2531327872955322,2
2026-08-20,PIDILITIND,26,-1,-0.05483881140185746,0.11501949280500412,0.012111664,0.1062812,-0.14416953618164063,2
2026-08-20,PIDILITIND,48,-1,-0.05002313203491359,0.11921396106481552,-0.1385808,0.10628119999999998,-0.29486199910278316,2
2026-08-20,PIDILITIND,49,-1,-0.05650948347617095,0.12052653729915619,-0.09638071,0.1062812,-0.25266191060180665,2
2026-08-20,PIDILITIND,66,1,0.05396401072838225,0.10497304797172546,-0.012052059,0.10628119999999998,-0.16833325917358397,2
2026-08-20,PIIND,26,-1,-0.05384708462050799,0.13634724915027618,0.07981062,0.10628120000000002,-0.07647058064575198,2
2026-08-20,PIIND,48,-1,-0.049491014074526704,0.1196635439991951,0.1515925,0.10628119999999998,-0.004688706942749005,2
2026-08-20,PIIND,49,-1,-0.052363090284304734,0.11258554458618164,0.10378361,0.1062812,-0.05249759251708985,2
2026-08-20,PIIND,66,1,0.06257672850192078,0.13390980660915375,0.020074844,0.1062812,-0.13620635563964845,2
2026-08-20,PNB,26,-1,-0.05155671987565454,0.11382929980754852,-0.11022091,0.1062812,-0.26650210911865235,2
2026-08-20,PNB,48,-1,-0.04176252594911672,0.173613503575325,0.18566847,0.1062812,0.029387268475341788,2
2026-08-20,PNB,49,-1,-0.05522980189139574,0.16579048335552216,0.21106005,0.1062812,0.054778847149658194,2
2026-08-20,PNB,66,1,0.04328676694775303,0.12061323970556259,0.008487701,0.10628119999999998,-0.14779349858398436,2
2026-08-20,POLICYBZR,4,1,0.04379963798217355,0.5576400756835938,-0.027996302,0.10628120000000002,-0.18427750165100099,2
2026-08-20,POLICYBZR,23,-1,-0.04403795108238712,0.18644630908966064,0.027948618,0.10628119999999998,-0.12833258206481932,2
2026-08-20,POLICYBZR,26,-1,-0.055054972165314,0.16320790350437164,0.11731982,0.1062812,-0.03896137768859864,2
2026-08-20,POLICYBZR,48,-1,-0.04215632467662129,0.13989107310771942,-0.072956085,0.10628120000000002,-0.22923728520507813,2
2026-08-20,POLICYBZR,49,-1,-0.04201791718111727,0.1432265341281891,-0.0056147575,0.10628119999999998,-0.16189595753784178,2
2026-08-20,POLICYBZR,66,1,0.06804038479031607,0.17564353346824646,-0.22047758,0.1062812,-0.37675878102416993,2
2026-08-20,POLYCAB,26,-1,-0.04965958524837991,0.24096007645130157,-0.24715662,0.1062812,-0.4034378200256348,2
2026-08-20,POLYCAB,48,-1,-0.04913328622366616,0.17369243502616882,-0.021851063,0.10628119999999998,-0.17813226277465816,2
2026-08-20,POLYCAB,49,-1,-0.04201791718111727,0.17577850818634033,-0.038278103,0.10628119999999998,-0.1945593028747558,2
2026-08-20,POLYCAB,66,1,0.0428720960466458,0.1367914229631424,-0.20792484,0.1062812,-0.36420604283447267,2
2026-08-20,POLYCAB,67,1,0.04485429480629279,0.14248917996883392,0.0054836273,0.1062812,-0.15079757268066407,2
2026-08-20,POWERGRID,21,-1,-0.0834107174697922,0.1280307024717331,-0.16978979,0.10628119999999998,-0.3260709911071777,2
2026-08-20,POWERGRID,23,-1,-0.0426185746961975,0.12257098406553268,-0.01885891,0.10628120000000002,-0.1751401096069336,2
2026-08-20,POWERGRID,25,-1,-0.04410435168171267,0.11713868379592896,-0.075399876,0.10628119999999998,-0.2316810756408691,2
2026-08-20,POWERGRID,26,-1,-0.11240841145475956,0.1090603843331337,-0.056552887,0.10628119999999998,-0.21283408696289058,2
2026-08-20,POWERGRID,48,-1,-0.04906601698355108,0.10761202126741409,-0.13184547,0.10628119999999998,-0.288126674243164,2
2026-08-20,POWERGRID,49,-1,-0.12445684679717442,0.11024025082588196,-0.1317501,0.1062812,-0.28803130681152345,2
2026-08-20,POWERGRID,50,-1,-0.06424159592042625,0.11705124378204346,-0.20714998,0.1062812,-0.3634311824523926,2
2026-08-20,POWERGRID,51,-1,-0.07261655566388636,0.1224794089794159,-0.26379824,0.1062812,-0.42007943684692384,2
2026-08-20,POWERGRID,66,1,0.04578074670413845,0.10592886805534363,-0.4505396,0.1062812,-0.6068207889282227,2
2026-08-20,POWERINDIA,26,-1,-0.054168613164441305,0.2024075835943222,-0.23874044,0.1062812,-0.3950216441833496,2
2026-08-20,POWERINDIA,48,-1,-0.048148202564601526,0.12772206962108612,0.014901161,0.1062812,-0.14138003880615235,2
2026-08-20,POWERINDIA,49,-1,-0.05619701308961534,0.12760798633098602,0.059551,0.10628119999999998,-0.09673019940490721,2
2026-08-20,POWERINDIA,66,1,0.05362033402466544,0.14599007368087769,-0.40280223,0.1062812,-0.5590834289276123,2
2026-08-20,PRESTIGE,22,-1,-0.04097914192206606,0.1610475480556488,0.050103664,0.10628119999999998,-0.10617753560180662,2
2026-08-20,PRESTIGE,23,-1,-0.043604307119839945,0.15576733648777008,-0.13785362,0.10628119999999998,-0.2941348224365234,2
2026-08-20,PRESTIGE,26,-1,-0.052832776274041954,0.1361238658428192,-0.1441598,0.1062812,-0.3004409938537598,2
2026-08-20,PRESTIGE,48,-1,-0.05065529502378684,0.17506088316440582,0.45408607,0.10628119999999998,0.29780486529235844,2
2026-08-20,PRESTIGE,49,-1,-0.055146660274558966,0.18425670266151428,0.25544763,0.10628119999999998,0.09916642611389163,2
2026-08-20,RADICO,22,-1,-0.04108021426354873,0.1036367118358612,0.24501681,0.1062812,0.08873561327819822,2
2026-08-20,RADICO,23,-1,-0.04455956342218088,0.10575360059738159,0.18319488,0.10628119999999998,0.026913675717163105,2
2026-08-20,RADICO,26,-1,-0.0474954517404936,0.12548953294754028,-0.25619268,0.10628119999999998,-0.41247388417358394,2
2026-08-20,RADICO,48,-1,-0.041740322451204605,0.23931078612804413,0.02129078,0.1062812,-0.13499042088623048,2
2026-08-20,RADICO,49,-1,-0.046720463004926396,0.25049856305122375,-0.027692318,0.1062812,-0.1839735179626465,2
2026-08-20,RADICO,66,1,0.045742943944178716,0.12093130499124527,0.006389618,0.1062812,-0.14989158208007813,2
2026-08-20,RECLTD,3,1,0.077120297834374,0.6704854965209961,-0.3314793,0.10628120000000002,-0.4877605109893799,2
2026-08-20,RECLTD,4,1,0.08007491711397388,0.6080695986747742,-0.4816413,0.10628119999999998,-0.6379224925720215,2
2026-08-20,RECLTD,5,1,0.0771652490126106,0.526792585849762,-0.69214106,0.1062812,-0.848422256060791,2
2026-08-20,RECLTD,6,1,0.04686851961204826,0.4752607047557831,-0.9634137,0.1062812,-1.1196949153625488,2
2026-08-20,RECLTD,7,1,0.05937310213590253,0.4566051661968231,-0.8004844,0.1062812,-0.9567656188690186,2
2026-08-20,RECLTD,8,1,0.04186561866771528,0.4388180673122406,-0.964731,0.10628120000000002,-1.121012178012085,2
2026-08-20,RECLTD,14,1,0.04185673737645104,0.29907041788101196,0.4110813,0.1062812,0.25480011408691405,2
2026-08-20,RECLTD,23,-1,-0.04262865730608657,0.2289116233587265,0.16707778,0.10628119999999998,0.01079657976989748,2
2026-08-20,RECLTD,26,-1,-0.048980720962528,0.23403342068195343,-0.06095171,0.10628120000000002,-0.21723290974731446,2
2026-08-20,RECLTD,48,-1,-0.05023929279837013,0.18375994265079498,0.40866137,0.1062812,0.2523801655090332,2
2026-08-20,RECLTD,49,-1,-0.05282008223268457,0.1904759258031845,0.48484802,0.1062812,0.3285668224609375,2
2026-08-20,RECLTD,66,1,0.0462916291054806,0.16843798756599426,0.07606745,0.10628119999999998,-0.08021375233764647,2
2026-08-20,RELIANCE,22,-1,-0.04108021426354873,0.10571595281362534,-0.0076413155,0.1062812,-0.1639225154602051,2
2026-08-20,RELIANCE,26,-1,-0.05103510753586078,0.10420945286750793,-0.12983084,0.10628119999999998,-0.2861120372497558,2
2026-08-20,RELIANCE,48,-1,-0.041513397081281836,0.11261188983917236,-0.030469894,0.10628119999999998,-0.18675109440917964,2
2026-08-20,RELIANCE,49,-1,-0.05686721132703149,0.12060669809579849,0.17495155,0.10628119999999998,0.01867035334472658,2
2026-08-20,RELIANCE,51,-1,-0.040879782995992396,0.12429585307836533,0.19755363,0.10628119999999998,0.041272434643554706,2
2026-08-20,RVNL,26,-1,-0.04577490068802106,0.23451514542102814,-0.7389426,0.1062812,-0.8952238231384277,2
2026-08-20,RVNL,66,1,0.05438838032237204,0.14426261186599731,-0.22293925,0.1062812,-0.37922045285339356,2
2026-08-20,SAIL,26,-1,-0.05368320013157477,0.21704456210136414,0.44554472,0.10628119999999998,0.28926351969604497,2
2026-08-20,SAIL,48,-1,-0.04943873780000338,0.1734693944454193,0.5828619,0.1062812,0.42658070032958983,2
2026-08-20,SAIL,49,-1,-0.041008233893222744,0.18613924086093903,0.13748407,0.1062812,-0.018797126361083993,2
2026-08-20,SBICARD,66,1,0.053420197837147076,0.20807604491710663,-0.1388073,0.1062812,-0.2950884967529297,2
2026-08-20,SBICARD,67,1,0.04374507303163317,0.21157437562942505,-0.2312839,0.1062812,-0.38756510312194825,2
2026-08-20,SBILIFE,23,-1,-0.04147844935589994,0.19230598211288452,-0.12308359,0.10628119999999998,-0.2793647914611816,2
2026-08-20,SBILIFE,26,-1,-0.051340559112198,0.1660492867231369,-0.20166636,0.1062812,-0.35794755513305665,2
2026-08-20,SBILIFE,48,-1,-0.04686787221524849,0.15138888359069824,0.36907196,0.1062812,0.21279076044921874,2
2026-08-20,SBILIFE,49,-1,-0.05100433313048266,0.15184815227985382,0.33020973,0.1062812,0.17392853205566405,2
2026-08-20,SBIN,26,-1,-0.05008815364091446,0.10023916512727737,0.057274103,0.10628119999999998,-0.09900709683532713,2
2026-08-20,SBIN,48,-1,-0.049491014074526704,0.11363924294710159,-0.028586388,0.10628119999999998,-0.1848675876342773,2
2026-08-20,SBIN,49,-1,-0.05761549005087492,0.1075148805975914,0.019049644,0.10628119999999998,-0.13723155552978514,2
2026-08-20,SBIN,51,-1,-0.04109594375944894,0.11222435534000397,0.16186833,0.1062812,0.005587133816528311,2
2026-08-20,SCHAEFFLER,26,-1,-0.04148332226550811,0.21212387084960938,0.3465116,0.10628119999999998,0.19023040240173344,2
2026-08-20,SCHAEFFLER,48,-1,-0.04670186429934207,0.19983668625354767,0.1599431,0.1062812,0.003661903790283194,2
2026-08-20,SCHAEFFLER,49,-1,-0.05235751049937432,0.20316705107688904,0.1008749,0.10628119999999998,-0.05540629918212889,2
2026-08-20,SCHAEFFLER,66,1,0.049077174456697,0.16367170214653015,-0.05428791,0.1062812,-0.2105691104614258,2
2026-08-20,SHREECEM,26,-1,-0.05266422287542532,0.16447368264198303,-0.14390945,0.1062812,-0.30019065434570313,2
2026-08-20,SHREECEM,48,-1,-0.05002313203491359,0.16526266932487488,0.06146431,0.1062812,-0.0948168903076172,2
2026-08-20,SHREECEM,49,-1,-0.04306160851383163,0.1625373363494873,0.041002035,0.1062812,-0.1152791648590088,2
2026-08-20,SHRIRAMFIN,26,-1,-0.053148310460268244,0.1509018987417221,0.07954836,0.1062812,-0.07673284108276368,2
2026-08-20,SHRIRAMFIN,48,-1,-0.04890773525501495,0.16427093744277954,0.10654926,0.10628120000000002,-0.04973193699951174,2
2026-08-20,SHRIRAMFIN,49,-1,-0.05761549005087492,0.1660257875919342,0.18631816,0.1062812,0.030036959103393546,2
2026-08-20,SHRIRAMFIN,66,1,0.0414362016587404,0.11799020320177078,-0.38188696,0.10628119999999998,-0.5381681590759277,2
2026-08-20,SIEMENS,4,1,0.040811365668663946,0.37037912011146545,0.86045265,0.1062812,0.704171451977539,2
2026-08-20,SIEMENS,26,-1,-0.052778005149050775,0.25672072172164917,0.20887852,0.1062812,0.0525973171508789,2
2026-08-20,SIEMENS,48,-1,-0.047853604638890955,0.2155635952949524,0.007671118,0.10628119999999998,-0.1486100822174072,2
2026-08-20,SIEMENS,49,-1,-0.05761549005087492,0.20822615921497345,0.13033152,0.10628119999999998,-0.02594968373413084,2
2026-08-20,SIEMENS,51,-1,-0.040879782995992396,0.18404240906238556,0.2501905,0.1062812,0.09390929644470213,2
2026-08-20,SIEMENS,66,1,0.05396401072838225,0.1565224528312683,0.29240847,0.10628119999999998,0.13612726633911137,2
2026-08-20,SJVN,7,1,0.041304557332539654,0.3486940562725067,0.21212101,0.1062812,0.05583980982666015,2
2026-08-20,SJVN,26,-1,-0.04618543797829815,0.17171411216259003,-0.045371056,0.10628119999999998,-0.2016522556030273,2
2026-08-20,SJVN,48,-1,-0.04402133424399504,0.14903339743614197,0.13612509,0.10628119999999998,-0.020156112261962872,2
2026-08-20,SJVN,49,-1,-0.05761549005087492,0.14464785158634186,0.13600588,0.10628120000000002,-0.020275321551513695,2
2026-08-20,SJVN,66,1,0.054711836032641764,0.10937222838401794,-0.121194124,0.1062812,-0.27747532422180177,2
2026-08-20,SOLARINDS,6,1,0.042652997073491974,0.6520810723304749,-0.5222082,0.1062812,-0.6784894138061524,2
2026-08-20,SOLARINDS,21,-1,-0.06160871986230142,0.2844708561897278,-0.23277998,0.10628119999999998,-0.3890611797058105,2
2026-08-20,SOLARINDS,26,-1,-0.13384833052483316,0.24448730051517487,-0.02527237,0.1062812,-0.18155356938476563,2
2026-08-20,SOLARINDS,35,-1,-0.08722779719609378,0.15000686049461365,-0.050604343,0.10628119999999998,-0.2068855434143066,2
2026-08-20,SOLARINDS,47,-1,-0.08493767927773227,0.13692493736743927,0.106173754,0.10628119999999998,-0.05010744626159666,2
2026-08-20,SOLARINDS,48,-1,-0.15953863073788355,0.1333458572626114,0.030356646,0.10628119999999998,-0.12592455441589354,2
2026-08-20,SOLARINDS,49,-1,-0.2534474774886912,0.12675140798091888,0.02528429,0.1062812,-0.1309969096862793,2
2026-08-20,SOLARINDS,50,-1,-0.16965288293992623,0.11133603006601334,-0.035429,0.1062812,-0.1917102008544922,2
2026-08-20,SOLARINDS,51,-1,-0.1948425800354574,0.11492757499217987,-0.020241737,0.10628119999999998,-0.1765229373657226,2
2026-08-20,SOLARINDS,66,1,0.07263137387721576,0.10209253430366516,-0.3547907,0.1062812,-0.5110718875610352,2
2026-08-20,SOLARINDS,67,1,0.06735272291194314,0.11863041669130325,0.3606081,0.1062812,0.20432690089111327,2
2026-08-20,SRF,23,-1,-0.040891874447681054,0.11758062988519669,0.02322793,0.1062812,-0.13305326993103028,2
2026-08-20,SRF,26,-1,-0.054047946792653706,0.10373950749635696,-0.17040968,0.10628119999999998,-0.32669087941284175,2
2026-08-20,SRF,48,-1,-0.04686787221524849,0.09225250780582428,0.09278655,0.1062812,-0.06349464947814942,2
2026-08-20,SRF,49,-1,-0.05590000012881189,0.09332457184791565,0.10050535,0.1062812,-0.05577584797973634,2
2026-08-20,SRF,66,1,0.07123498517305829,0.13051393628120422,-0.108623505,0.10628119999999998,-0.26490470463867183,2
2026-08-20,SUNDARMFIN,26,-1,-0.05453335982552024,0.11436658352613449,-0.0066518784,0.10628120000000002,-0.1629330783569336,2
2026-08-20,SUNDARMFIN,48,-1,-0.05023929279837013,0.164071723818779,-0.008869171,0.1062812,-0.16515037114257813,2
2026-08-20,SUNDARMFIN,49,-1,-0.054711398765874754,0.16896957159042358,-0.07971525,0.10628119999999998,-0.23599645192260738,2
2026-08-20,SUNPHARMA,5,1,0.04134605702655154,0.29172003269195557,-0.100159645,0.1062812,-0.2564408450805664,2
2026-08-20,SUNPHARMA,22,-1,-0.04108021426354873,0.13196882605552673,-0.11613369,0.10628119999999998,-0.27241488988037105,2
2026-08-20,SUNPHARMA,23,-1,-0.04455956342218088,0.13384701311588287,-0.08444786,0.10628119999999998,-0.2407290607177734,2
2026-08-20,SUNPHARMA,26,-1,-0.052010757349614155,0.12375135719776154,-0.22184849,0.10628119999999998,-0.37812968785400386,2
2026-08-20,SUNPHARMA,48,-1,-0.05002313203491359,0.08708951622247696,0.057804585,0.10628119999999998,-0.09847661549682615,2
2026-08-20,SUNPHARMA,49,-1,-0.05739932928741838,0.08671878278255463,0.13664961,0.1062812,-0.019631591387939462,2
2026-08-20,SUNPHARMA,66,1,0.044037817382516095,0.09399623423814774,0.13158321,0.10628119999999998,-0.024697986193847637,2
2026-08-20,SUPREMEIND,22,-1,-0.04108021426354873,0.2286262810230255,0.344491,0.1062812,0.18820980494384765,2
2026-08-20,SUPREMEIND,26,-1,-0.04577490068802106,0.19934365153312683,-0.19204617,0.1062812,-0.3483273654663086,2
2026-08-20,SUPREMEIND,48,-1,-0.04723261887632743,0.10663589835166931,0.1937747,0.1062812,0.03749350016479491,2
2026-08-20,SUPREMEIND,49,-1,-0.05703109581596471,0.10268650949001312,0.21010637,0.1062812,0.053825172833251944,2
2026-08-20,SUPREMEIND,66,1,0.04578074670413845,0.14539000391960144,-0.109142065,0.10628119999999998,-0.2654232650482177,2
2026-08-20,SUZLON,23,-1,-0.041475432081920206,0.23547901213169098,0.042265654,0.10628119999999998,-0.11401554638977049,2
2026-08-20,SUZLON,26,-1,-0.05259458463364906,0.20986248552799225,0.25354624,0.1062812,0.09726503794555662,2
2026-08-20,SUZLON,48,-1,-0.04965489856345992,0.11627856642007828,-0.042283535,0.10628119999999998,-0.19856473500366206,2
2026-08-20,SUZLON,49,-1,-0.05681493505250817,0.12075825035572052,0.23236275,0.1062812,0.07608154719238279,2
2026-08-20,SUZLON,66,1,0.049138462159815606,0.11352168768644333,-0.21194816,0.10628119999999998,-0.3682293563568115,2
2026-08-20,TATACOMM,23,-1,-0.041413486787474814,0.2075573205947876,-0.23819208,0.1062812,-0.394473281451416,2
2026-08-20,TATACOMM,26,-1,-0.051346698589549135,0.21107321977615356,-0.1608491,0.1062812,-0.31713029439086915,2
2026-08-20,TATACOMM,48,-1,-0.05023929279837013,0.18395648896694183,0.16658902,0.1062812,0.010307821682739249,2
2026-08-20,TATACOMM,49,-1,-0.042688115418533415,0.188003808259964,0.053590536,0.1062812,-0.1026906638824463,2
2026-08-20,TATACONSUM,23,-1,-0.043889365184764724,0.15053792297840118,-0.19669533,0.1062812,-0.35297652775878907,2
2026-08-20,TATACONSUM,26,-1,-0.053583826708805016,0.13312849402427673,0.14051795,0.1062812,-0.01576324994201661,2
2026-08-20,TATACONSUM,48,-1,-0.042065586883735184,0.1818835288286209,0.43998957,0.1062812,0.2837083668029785,2
2026-08-20,TATACONSUM,49,-1,-0.05143336767996597,0.1912631392478943,0.4119873,0.10628119999999998,0.25570610468750005,2
2026-08-20,TATACONSUM,66,1,0.05476162475961338,0.11173319071531296,-0.037688017,0.1062812,-0.1939692168914795,2
2026-08-20,TATAELXSI,23,-1,-0.041824050773171806,0.1650325059890747,0.29551387,0.10628119999999998,0.13923266833190923,2
2026-08-20,TATAELXSI,26,-1,-0.05039506936154834,0.14165005087852478,0.23133755,0.10628119999999998,0.07505634730224613,2
2026-08-20,TATAELXSI,48,-1,-0.04656242063891127,0.13097086548805237,0.078076124,0.10628119999999998,-0.0782050758087158,2
2026-08-20,TATAELXSI,49,-1,-0.05499511990251635,0.125005304813385,0.0053822994,0.1062812,-0.15089890057678224,2
2026-08-20,TATAELXSI,66,1,0.058485440604409786,0.11236231029033661,-0.6174207,0.10628119999999998,-0.7737018733703613,2
2026-08-20,TATAELXSI,67,1,0.04572451396018123,0.11855307966470718,-0.7403791,0.1062812,-0.8966602950775147,2
2026-08-20,TATAINVEST,23,-1,-0.043298855543502726,0.17209795117378235,0.14531612,0.1062812,-0.010965076037597665,2
2026-08-20,TATAINVEST,26,-1,-0.05285404335298534,0.16453716158866882,0.030618906,0.10628119999999998,-0.12566229397888182,2
2026-08-20,TATAINVEST,48,-1,-0.0482992034973168,0.1301986277103424,0.16844869,0.10628120000000002,0.012167486599731422,2
2026-08-20,TATAINVEST,49,-1,-0.05666397775990949,0.12739506363868713,0.02296567,0.10628119999999998,-0.13331553036804197,2
2026-08-20,TATAINVEST,66,1,0.04621801128201545,0.14746271073818207,-0.3683865,0.1062812,-0.5246677070343018,2
2026-08-20,TATAPOWER,22,-1,-0.04108021426354873,0.13603666424751282,0.1983583,0.1062812,0.04207709734802245,2
2026-08-20,TATAPOWER,23,-1,-0.04403795108238712,0.13601866364479065,-0.01322031,0.10628119999999998,-0.16950151021118162,2
2026-08-20,TATAPOWER,26,-1,-0.04577490068802106,0.14869241416454315,-0.03976822,0.1062812,-0.19604941899414063,2
2026-08-20,TATAPOWER,48,-1,-0.043983298995452114,0.11759315431118011,0.15928149,0.1062812,0.003000292233276358,2
2026-08-20,TATAPOWER,49,-1,-0.041607379890840186,0.11862000077962875,0.14614463,0.1062812,-0.010136571475219736,2
2026-08-20,TATAPOWER,66,1,0.04185325717331162,0.10993650555610657,-0.4245758,0.10628119999999998,-0.5808570056640625,2
2026-08-20,TATASTEEL,26,-1,-0.049836168823182016,0.23219197988510132,0.10872483,0.10628119999999998,-0.04755636746520994,2
2026-08-20,TATASTEEL,48,-1,-0.04311867628998972,0.11984951794147491,0.19062757,0.1062812,0.03434637492065429,2
2026-08-20,TATASTEEL,49,-1,-0.05761549005087492,0.1254947930574417,0.26108623,0.1062812,0.10480502550964353,2
2026-08-20,TCS,26,-1,-0.05331219494920146,0.14754760265350342,0.3870368,0.10628119999999998,0.23075560038452153,2
2026-08-20,TCS,48,-1,-0.05023929279837013,0.15446454286575317,0.017362833,0.1062812,-0.13891836697692872,2
2026-08-20,TCS,49,-1,-0.05686721132703149,0.15132342278957367,0.05210638,0.10628119999999998,-0.1041748195373535,2
2026-08-20,TCS,66,1,0.05940388598399896,0.12579293549060822,-0.17433763,0.10628119999999998,-0.33061882550354,2
2026-08-20,TECHM,26,-1,-0.054384773927897846,0.1400665044784546,0.39964914,0.1062812,0.24336794321899413,2
2026-08-20,TECHM,48,-1,-0.047618922650011566,0.16793496906757355,0.0062704086,0.1062812,-0.15001079136962892,2
2026-08-20,TECHM,49,-1,-0.04561130919360192,0.16665394604206085,0.031363964,0.10628119999999998,-0.12491723591918943,2
2026-08-20,TECHM,66,1,0.054175529787676625,0.1735486090183258,0.0062704086,0.1062812,-0.15001079136962892,2
2026-08-20,THERMAX,21,-1,-0.04768272626677782,0.22407406568527222,-0.044500828,0.1062812,-0.20078202778930665,2
2026-08-20,THERMAX,26,-1,-0.05338882179997687,0.20361651480197906,-0.039589405,0.1062812,-0.19587060505981446,2
2026-08-20,THERMAX,48,-1,-0.06009423640725156,0.12443861365318298,0.0074207783,0.10628119999999998,-0.14886042172546385,2
2026-08-20,THERMAX,49,-1,-0.08618988451840745,0.12436475604772568,0.022256374,0.10628119999999998,-0.13402482564086912,2
2026-08-20,THERMAX,66,1,0.05411428319779857,0.18623758852481842,-0.5189955,0.1062812,-0.6752767234527588,2
2026-08-20,TIINDIA,20,-1,-0.045493456348137756,0.22799208760261536,0.3230393,0.1062812,0.16675809328918456,2
2026-08-20,TIINDIA,21,-1,-0.10022933202552932,0.2188623547554016,0.034081936,0.10628119999999998,-0.12219926411743162,2
2026-08-20,TIINDIA,24,-1,-0.07480869292010901,0.21070003509521484,-0.030720234,0.10628119999999998,-0.18700143391723628,2
2026-08-20,TIINDIA,25,-1,-0.05559954453577209,0.22211003303527832,-0.04092455,0.1062812,-0.1972057491027832,2
2026-08-20,TIINDIA,26,-1,-0.17905887104169405,0.21294966340065002,-0.1773715,0.10628119999999998,-0.3336527019226074,2
2026-08-20,TIINDIA,35,-1,-0.08806884887563508,0.1532946676015854,0.034064054,0.1062812,-0.12221714551086427,2
2026-08-20,TIINDIA,47,-1,-0.08387525302148661,0.1558300256729126,-0.0,0.1062812,-0.1562812,2
2026-08-20,TIINDIA,48,-1,-0.1445574495801481,0.1554485559463501,-0.08881092,0.10628119999999998,-0.24509212071533198,2
2026-08-20,TIINDIA,49,-1,-0.2438789071817755,0.1569719910621643,-0.08198023,0.10628120000000002,-0.23826142842407227,2
2026-08-20,TIINDIA,50,-1,-0.16794970210007812,0.15661707520484924,-0.08203983,0.1062812,-0.23832103306884767,2
2026-08-20,TIINDIA,51,-1,-0.20154300705369754,0.1610119342803955,0.3620267,0.1062812,0.20574549143676757,2
2026-08-20,TITAN,21,-1,-0.04462528226570528,0.12524406611919403,0.080251694,0.1062812,-0.07602950627441407,2
2026-08-20,TITAN,26,-1,-0.052178809842558786,0.13541653752326965,-0.07646084,0.10628119999999998,-0.23274203831787105,2
2026-08-20,TITAN,48,-1,-0.04848576762776417,0.1360580325126648,-0.08666515,0.1062812,-0.24294635350341798,2
2026-08-20,TITAN,49,-1,-0.06394312423387938,0.13988511264324188,-0.0177145,0.1062812,-0.1739957004272461,2
2026-08-20,TITAN,66,1,0.04102088066613438,0.10732132941484451,-0.017744303,0.10628119999999998,-0.17402550274963377,2
2026-08-20,TMCV,23,-1,-0.040891874447681054,0.08779707551002502,-0.83333254,0.1062812,-0.9896137386047363,2
2026-08-20,TMCV,26,-1,-0.05179786538065939,0.054314929991960526,-0.81249475,0.1062812,-0.9687759547912598,2
2026-08-20,TMCV,66,1,0.04727035071560193,0.20019115507602692,-0.5211055,0.10628119999999998,-0.6773867278778076,2
2026-08-20,TORNTPHARM,4,1,0.04936933395189042,0.36625638604164124,-0.28033853,0.10628119999999998,-0.4366197257720947,2
2026-08-20,TORNTPHARM,5,1,0.04559951508326632,0.3353017568588257,-0.26023388,0.10628120000000002,-0.4165150790893555,2
2026-08-20,TORNTPHARM,23,-1,-0.044343402658724336,0.21111540496349335,-0.44083595,0.1062812,-0.5971171527587891,2
2026-08-20,TORNTPHARM,26,-1,-0.054353398368990925,0.17459999024868011,-0.16024113,0.1062812,-0.31652232701416017,2
2026-08-20,TORNTPHARM,48,-1,-0.04990701629994341,0.08424359560012817,0.07994175,0.1062812,-0.0763394504272461,2
2026-08-20,TORNTPHARM,49,-1,-0.05522980189139574,0.08280745893716812,0.08991957,0.1062812,-0.06636163289184571,2
2026-08-20,TORNTPHARM,66,1,0.04393166172906675,0.0835380107164383,0.049984455,0.1062812,-0.10629674489135743,2
2026-08-20,TORNTPOWER,26,-1,-0.05368320013157477,0.14339862763881683,-0.024187565,0.10628119999999998,-0.18046876484985347,2
2026-08-20,TORNTPOWER,48,-1,-0.05002313203491359,0.10998746752738953,0.15237927,0.1062812,-0.003901925631713876,2
2026-08-20,TORNTPOWER,49,-1,-0.05634559898723773,0.1163259893655777,0.04811287,0.1062812,-0.1081683307373047,2
2026-08-20,TORNTPOWER,66,1,0.04763566419921017,0.19936560094356537,-0.3518641,0.1062812,-0.5081452995025635,2
2026-08-20,TRENT,22,-1,-0.04108021426354873,0.15019528567790985,-0.07762909,0.1062812,-0.23391028935546876,2
2026-08-20,TRENT,23,-1,-0.044343402658724336,0.14608711004257202,-0.030374527,0.10628119999999998,-0.18665572697753902,2
2026-08-20,TRENT,26,-1,-0.052832776274041954,0.1400940865278244,0.016880035,0.1062812,-0.13940116459960938,2
2026-08-20,TRENT,48,-1,-0.04356729677003543,0.09874062985181808,-0.42922497,0.10628119999999998,-0.585506167956543,2
2026-08-20,TRENT,49,-1,-0.0504902493242926,0.0972924754023552,-0.63877106,0.10628119999999998,-0.7950522571289063,2
2026-08-20,TRENT,66,1,0.0453258884296075,0.141177698969841,0.003373623,0.1062812,-0.1529075771057129,2
2026-08-20,TVSMOTOR,23,-1,-0.04455956342218088,0.15738962590694427,-0.043165684,0.1062812,-0.1994468837463379,2
2026-08-20,TVSMOTOR,26,-1,-0.04900006467904273,0.15477782487869263,-0.036382675,0.1062812,-0.19266387517089845,2
2026-08-20,TVSMOTOR,48,-1,-0.0428132247136525,0.10008848458528519,0.11868477,0.1062812,-0.037596431323242196,2
2026-08-20,TVSMOTOR,49,-1,-0.05113028749860504,0.09647996723651886,0.1437366,0.10628119999999998,-0.012544599124145489,2
2026-08-20,TVSMOTOR,66,1,0.04827881527958311,0.09573479741811752,0.03424883,0.1062812,-0.12203237111206056,2
2026-08-20,UBL,26,-1,-0.05194641727316926,0.17817212641239166,0.007468462,0.1062812,-0.14881273800964356,2
2026-08-20,UBL,48,-1,-0.049047482221160225,0.08106143772602081,0.4330337,0.1062812,0.2767525047576904,2
2026-08-20,UBL,49,-1,-0.05761549005087492,0.0746288150548935,0.39570332,0.1062812,0.23942211573486327,2
2026-08-20,ULTRACEMCO,23,-1,-0.04367320442130818,0.13107305765151978,-0.38444996,0.10628119999999998,-0.5407311588012695,2
2026-08-20,ULTRACEMCO,26,-1,-0.055054972165314,0.12273378670215607,-0.2529621,0.10628119999999998,-0.40924331242675777,2
2026-08-20,ULTRACEMCO,48,-1,-0.05002313203491359,0.13373123109340668,-0.17334223,0.1062812,-0.329623427935791,2
2026-08-20,ULTRACEMCO,49,-1,-0.05761549005087492,0.14168161153793335,-0.19911528,0.1062812,-0.35539647633666993,2
2026-08-20,ULTRACEMCO,66,1,0.05257616291452783,0.17130041122436523,0.27605295,0.10628119999999998,0.11977175181274417,2
2026-08-20,UNIONBANK,23,-1,-0.043820467883296486,0.15543751418590546,0.12267828,0.10628120000000002,-0.03360292012329104,2
2026-08-20,UNIONBANK,26,-1,-0.0538185086976844,0.1405790150165558,-0.0,0.10628120000000002,-0.1562812,2
2026-08-20,UNIONBANK,48,-1,-0.04882081583711056,0.14912734925746918,0.4764974,0.10628119999999998,0.3202162117279053,2
2026-08-20,UNIONBANK,49,-1,-0.04265403005610836,0.14966174960136414,0.4984975,0.10628119999999998,0.342216286114502,2
2026-08-20,UNIONBANK,66,1,0.05256160885928407,0.15203383564949036,-0.048595667,0.10628119999999998,-0.20487686688537593,2
2026-08-20,UNITDSPR,23,-1,-0.04315026964588033,0.22532786428928375,-0.3070712,0.1062812,-0.46335240895385743,2
2026-08-20,UNITDSPR,26,-1,-0.04866052774028044,0.22131697833538055,0.13723373,0.1062812,-0.019047465869140634,2
2026-08-20,UNITDSPR,48,-1,-0.05002313203491359,0.1219351515173912,0.013077259,0.10628120000000002,-0.1432039409362793,2
2026-08-20,UNITDSPR,49,-1,-0.05739932928741838,0.12096934765577316,-0.019609928,0.10628119999999998,-0.17589112813110347,2
2026-08-20,UNITDSPR,66,1,0.045715744556275154,0.1868826001882553,0.54665804,0.10628119999999998,0.3903768390930176,2
2026-08-20,UNOMINDA,23,-1,-0.04218305844766072,0.13320687413215637,0.3293574,0.1062812,0.17307618563537597,2
2026-08-20,UNOMINDA,26,-1,-0.0539862803129357,0.14034025371074677,0.51655173,0.1062812,0.36027053301696776,2
2026-08-20,UNOMINDA,48,-1,-0.049047482221160225,0.1566220372915268,0.18069148,0.10628119999999998,0.0244102806365967,2
2026-08-20,UNOMINDA,49,-1,-0.05694529181345877,0.1475822776556015,0.078588724,0.1062812,-0.07769247586364747,2
2026-08-20,UNOMINDA,66,1,0.0411510938296391,0.16198071837425232,-0.15748143,0.10628119999999998,-0.3137626319610595,2
2026-08-20,UPL,26,-1,-0.05164096569683204,0.15230785310268402,-0.20098686,0.1062812,-0.3572680621826172,2
2026-08-20,UPL,48,-1,-0.04161154940977558,0.1584269106388092,-0.21830797,0.1062812,-0.3745891719543457,2
2026-08-20,UPL,49,-1,-0.04306160851383163,0.15545761585235596,-0.31465292,0.10628119999999998,-0.47093411976928706,2
2026-08-20,UPL,51,-1,-0.04109594375944894,0.1668095737695694,0.13942122,0.1062812,-0.016859975405883798,2
2026-08-20,UPL,66,1,0.0480483675077223,0.11108090728521347,-0.25330186,0.1062812,-0.40958305890197755,2
2026-08-20,VBL,23,-1,-0.04455956342218088,0.20145836472511292,-0.079619884,0.1062812,-0.2359010844909668,2
2026-08-20,VBL,26,-1,-0.054047946792653706,0.2005321979522705,0.0795722,0.1062812,-0.07670899922485352,2
2026-08-20,VBL,48,-1,-0.05002313203491359,0.11684348434209824,0.13628602,0.10628119999999998,-0.019995179721069317,2
2026-08-20,VBL,49,-1,-0.05189748776381466,0.12014391273260117,0.14772415,0.1062812,-0.008557048388671884,2
2026-08-20,VEDL,48,-1,-0.049352933797497445,0.21262295544147491,0.1674056,0.1062812,0.0111244053161621,2
2026-08-20,VEDL,49,-1,-0.05672913105000223,0.19933392107486725,0.01860261,0.1062812,-0.1376785903656006,2
2026-08-20,VEDL,66,1,0.04177820942520549,0.14637084305286407,-0.09314418,0.10628119999999998,-0.24942537839050288,2
2026-08-20,VOLTAS,23,-1,-0.041413486787474814,0.1501535177230835,-0.05749464,0.1062812,-0.2137758403503418,2
2026-08-20,VOLTAS,26,-1,-0.05291362847138886,0.1301790326833725,-0.46778917,0.1062812,-0.6240703731262207,2
2026-08-20,VOLTAS,48,-1,-0.04861683814816243,0.24530798196792603,0.31648278,0.1062812,0.1602015823638916,2
2026-08-20,VOLTAS,49,-1,-0.05739932928741838,0.2203175276517868,0.31653643,0.1062812,0.16025522654418944,2
2026-08-20,VOLTAS,66,1,0.04486642257806544,0.20160792768001556,-0.5367577,0.1062812,-0.6930389075958252,2
2026-08-20,WIPRO,26,-1,-0.04832594114230522,0.13430051505565643,0.11612177,0.1062812,-0.04015943104858399,2
2026-08-20,WIPRO,48,-1,-0.04215632467662129,0.12515269219875336,0.027626753,0.1062812,-0.12865444714660645,2
2026-08-20,WIPRO,49,-1,-0.04344635677783141,0.1251659393310547,0.044214725,0.1062812,-0.11206647450561524,2
2026-08-20,YESBANK,26,-1,-0.055054972165314,0.15270498394966125,0.30540824,0.10628119999999998,0.14912703936462407,2
2026-08-20,YESBANK,48,-1,-0.04717095239660942,0.09994129836559296,0.21852851,0.1062812,0.06224730914001464,2
2026-08-20,YESBANK,49,-1,-0.05060867515881128,0.0999850183725357,0.17498136,0.1062812,0.01870015566711425,2
2026-08-20,YESBANK,66,1,0.05127413527792954,0.10965103656053543,-0.2631545,0.10628120000000002,-0.4194357066833496,2
2026-08-20,ZYDUSLIFE,4,1,0.04422706253258278,0.3546367883682251,-0.16204715,0.10628119999999998,-0.31832834775085445,2
2026-08-20,ZYDUSLIFE,5,1,0.04509758886480481,0.3261207342147827,0.03607273,0.10628119999999998,-0.12020846898193357,2
2026-08-20,ZYDUSLIFE,26,-1,-0.051455647534171874,0.23875775933265686,-0.22403002,0.1062812,-0.3803112178527832,2
2026-08-20,ZYDUSLIFE,48,-1,-0.042397814623721594,0.1598028540611267,-0.21647215,0.10628119999999998,-0.3727533488952636,2
2026-08-20,ZYDUSLIFE,49,-1,-0.04930921772455371,0.15835727751255035,0.16220212,0.10628119999999998,0.005920919827270527,2
2026-08-20,ZYDUSLIFE,66,1,0.043220179122393204,0.12628602981567383,0.5954027,0.1062812,0.439121517590332,2
