day,symbol,bar,side,pred,atr,actual,fee_pct,net_fwd_pct,fold
2026-08-21,360ONE,6,1,0.0604973191222815,0.2874642312526703,0.41401386,0.1062812,0.2577326626098633,3
2026-08-21,3MINDIA,6,1,0.06073445551228385,0.3574620187282562,-0.23784637,0.10628119999999998,-0.3941275745117187,3
2026-08-21,ABB,6,1,0.06642080304737802,0.496977835893631,0.17461777,0.1062812,0.018336567333984366,3
2026-08-21,ABBOTINDIA,6,1,0.07172737887623618,0.3246753215789795,-0.03851056,0.10628119999999998,-0.19479176098937984,3
2026-08-21,ABBOTINDIA,10,1,0.04479102142762531,0.34123721718788147,-0.17317533,0.1062812,-0.32945653493041993,3
2026-08-21,ABCAPITAL,6,1,0.061997513793167404,0.3998202681541443,-0.24330616,0.1062812,-0.39958735997314454,3
2026-08-21,ACC,3,-1,-0.09298228969614389,0.21487364172935486,0.015342236,0.10628119999999998,-0.14093896443481443,3
2026-08-21,ADANIENSOL,6,1,0.06274172621229768,0.40585026144981384,0.10305643,0.1062812,-0.05322476918334962,3
2026-08-21,ADANIENT,4,1,0.045053637238345906,0.3686063587665558,0.18767118,0.10628119999999998,0.03138998453979494,3
2026-08-21,ADANIENT,6,1,0.06734680017865625,0.3518873155117035,0.06033182,0.10628119999999998,-0.09594937855834959,3
2026-08-21,ADANIGREEN,6,1,0.06088041314727024,0.48231014609336853,0.21291971,0.10628119999999998,0.05663851206665041,3
2026-08-21,ADANIPORTS,3,-1,-0.04755238969392679,0.2976028621196747,-0.29610395,0.1062812,-0.45238515431518556,3
2026-08-21,ADANIPORTS,6,1,0.06469842557343664,0.2774278223514557,0.13024807,0.1062812,-0.026033130236816415,3
2026-08-21,ADANIPOWER,6,1,0.06688606052215085,0.3166773319244385,0.21673441,0.10628119999999998,0.06045320933227541,3
2026-08-21,ADANIPOWER,67,1,0.043610234846068234,0.19333362579345703,0.58244467,0.10628119999999998,0.42616346781616216,3
2026-08-21,AIAENG,3,1,0.07890456299658914,0.7904183268547058,0.11334419,0.10628119999999998,-0.04293700749511717,3
2026-08-21,AIAENG,4,1,0.060229256421903514,0.6658969521522522,0.10854006,0.10628120000000002,-0.047741141864013695,3
2026-08-21,AIAENG,5,1,0.047196813204870715,0.59833163022995,0.15708208,0.10628120000000002,0.0008008808410644302,3
2026-08-21,AIAENG,6,1,0.08023351104370305,0.5331968665122986,0.073862076,0.1062812,-0.08241912419433595,3
2026-08-21,AIAENG,8,1,0.04397073836832484,0.4529159367084503,0.117874146,0.1062812,-0.03840705449218751,3
2026-08-21,AIAENG,10,1,0.04358288774792654,0.40834295749664307,0.062394142,0.1062812,-0.0938870578491211,3
2026-08-21,AJANTPHARM,6,1,0.06720632703602653,0.49016010761260986,0.051915646,0.1062812,-0.10436555440063477,3
2026-08-21,ALKEM,4,1,0.04569779611285956,0.47974613308906555,-0.27054548,0.1062812,-0.42682668263549806,3
2026-08-21,ALKEM,5,1,0.04634545520103845,0.443717896938324,-0.11212826,0.1062812,-0.26840945775146485,3
2026-08-21,ALKEM,6,1,0.0762251570489167,0.40572282671928406,-0.10282397,0.1062812,-0.2591051727020264,3
2026-08-21,AMBUJACEM,6,1,0.06809311776595114,0.3564029037952423,-0.4625678,0.10628120000000002,-0.6188490062438965,3
2026-08-21,APARINDS,6,1,0.06513970142514208,0.4538244307041168,-0.35616755,0.10628119999999998,-0.5124487548553467,3
2026-08-21,APARINDS,27,-1,-0.046343891352390774,0.2571735680103302,0.16121268,0.10628119999999998,0.004931482723999042,3
2026-08-21,APLAPOLLO,6,1,0.06298472714772722,0.3257085978984833,0.38421154,0.1062812,0.22793034022216796,3
2026-08-21,APOLLOHOSP,6,1,0.05499902429660278,0.257355660200119,0.27713776,0.1062812,0.12085655634765623,3
2026-08-21,APOLLOTYRE,6,1,0.05978750758971162,0.48313993215560913,-0.10417104,0.1062812,-0.2604522376739502,3
2026-08-21,APOLLOTYRE,62,1,0.04488805075663479,0.20540373027324677,-0.034081936,0.1062812,-0.19036313588256837,3
2026-08-21,APOLLOTYRE,65,1,0.045668782144964726,0.19085519015789032,0.034105778,0.10628119999999998,-0.12217542225952147,3
2026-08-21,APOLLOTYRE,67,1,0.05594590114167473,0.18993476033210754,0.0,0.1062812,-0.1562812,3
2026-08-21,ASHOKLEY,6,1,0.06724379002025911,0.3087124526500702,-0.01733303,0.1062812,-0.1736142307006836,3
2026-08-21,ASIANPAINT,6,1,0.06423291813365521,0.2671157121658325,0.18314123,0.1062812,0.026860031536865225,3
2026-08-21,ASTRAL,6,1,0.06287124689270843,0.3855457603931427,-0.7110238,0.10628119999999998,-0.8673050075256348,3
2026-08-21,ASTRAL,10,1,0.04616151760646392,0.33557218313217163,0.15764236,0.1062812,0.001361164501953116,3
2026-08-21,ATGL,4,1,0.04653809563217374,0.5117591619491577,-0.29202104,0.10628119999999998,-0.44830223614807124,3
2026-08-21,ATGL,6,1,0.07165891847121625,0.4314054250717163,-0.5302012,0.1062812,-0.6864823966705322,3
2026-08-21,ATGL,10,1,0.04703885275650652,0.35376688838005066,-0.24610162,0.1062812,-0.40238281781311036,3
2026-08-21,ATGL,12,1,0.04460295740545322,0.3562917411327362,0.08491278,0.1062812,-0.07136842305297852,3
2026-08-21,AUBANK,6,1,0.06055283760461053,0.37964901328086853,-0.33774376,0.1062812,-0.49402495915527345,3
2026-08-21,AUROPHARMA,6,1,0.06752655692326871,0.42364072799682617,0.23630857,0.1062812,0.08002737467651365,3
2026-08-21,AWL,3,1,0.06497595810244403,0.757011890411377,1.0784149,0.1062812,0.9221337169921875,3
2026-08-21,AWL,4,1,0.07804729962625248,0.6945264935493469,0.9298563,0.10628120000000002,0.7735751003540039,3
2026-08-21,AWL,5,1,0.06315409427476436,0.6472154855728149,0.60960054,0.10628119999999998,0.4533193439758301,3
2026-08-21,AWL,6,1,0.0878251321454326,0.5905939936637878,0.8335471,0.1062812,0.6772659153259277,3
2026-08-21,AXISBANK,3,-1,-0.06667268308609889,0.3039771616458893,0.18395782,0.10628119999999998,0.027676615170288105,3
2026-08-21,AXISBANK,6,1,0.06837275102671031,0.28505295515060425,-0.14367104,0.10628119999999998,-0.2999522357666015,3
2026-08-21,BAJAJ-AUTO,3,-1,-0.056259462610252636,0.3198021352291107,0.1706481,0.10628119999999998,0.014366897991943378,3
2026-08-21,BAJAJ-AUTO,6,1,0.06817294474163955,0.28195488452911377,0.06837845,0.1062812,-0.08790275151367188,3
2026-08-21,BAJAJFINSV,6,1,0.06733780741139864,0.3470698893070221,0.13357401,0.10628119999999998,-0.02270719105834959,3
2026-08-21,BAJAJHLDNG,6,1,0.06095518826213127,0.3685905635356903,0.30845404,0.10628119999999998,0.15217283671264653,3
2026-08-21,BAJFINANCE,6,1,0.0630625442923087,0.42923635244369507,-0.1639545,0.10628120000000002,-0.320235696383667,3
2026-08-21,BALKRISIND,6,1,0.06904298800299301,0.3363328278064728,-0.57118535,0.1062812,-0.7274665504180908,3
2026-08-21,BALKRISIND,10,1,0.04765735552472365,0.3290885388851166,-0.22094846,0.1062812,-0.3772296577178955,3
2026-08-21,BANKBARODA,3,-1,-0.09262129123617995,0.21691036224365234,0.2700746,0.1062812,0.11379340594177244,3
2026-08-21,BANKINDIA,6,1,0.0620500597366743,0.3660186529159546,0.027990341,0.10628119999999998,-0.12829085881347654,3
2026-08-21,BDL,6,1,0.05721312338196425,0.6013932228088379,1.6104817,0.10628119999999998,1.4542005390441894,3
2026-08-21,BDL,64,1,0.04472749758312358,0.19680970907211304,0.06612539,0.1062812,-0.09015580708618165,3
2026-08-21,BDL,65,1,0.04560773391601631,0.17489585280418396,0.14705658,0.1062812,-0.009224620410156259,3
2026-08-21,BDL,66,1,0.04532614865444618,0.17699618637561798,0.16179085,0.10628119999999998,0.005509647778320331,3
2026-08-21,BDL,67,1,0.058963196047979324,0.18569238483905792,-0.16896129,0.1062812,-0.3252424865447998,3
2026-08-21,BEL,6,1,0.06077475210520732,0.41681143641471863,0.42372942,0.1062812,0.26744821970825194,3
2026-08-21,BERGEPAINT,6,1,0.06165680127672164,0.4232918322086334,0.0,0.1062812,-0.1562812,3
2026-08-21,BHARATFORG,6,1,0.0723487648609482,0.4256080389022827,0.073874,0.10628119999999998,-0.08240720326538084,3
2026-08-21,BHARTIARTL,3,-1,-0.09062674777646318,0.2316483110189438,-0.04633665,0.10628119999999998,-0.20261785084838863,3
2026-08-21,BHEL,6,1,0.0664599629052521,0.34637320041656494,-0.06031394,0.1062812,-0.21659514004821778,3
2026-08-21,BIOCON,3,-1,-0.057251290087629796,0.26979395747184753,-0.75187683,0.1062812,-0.9081580310546875,3
2026-08-21,BIOCON,6,1,0.04903255186308189,0.25688600540161133,0.0,0.1062812,-0.1562812,3
2026-08-21,BLUESTARCO,6,1,0.061202854036966466,0.3298729956150055,-0.013238192,0.1062812,-0.16951939160461427,3
2026-08-21,BOSCHLTD,6,1,0.07105061979670245,0.3048960864543915,0.114011765,0.1062812,-0.04226943547363282,3
2026-08-21,BOSCHLTD,24,-1,-0.05254291866237296,0.13308294117450714,0.12421012,0.1062812,-0.032071080752563486,3
2026-08-21,BOSCHLTD,27,-1,-0.048138102451088176,0.155118927359581,0.1758933,0.10628119999999998,0.019612106732177753,3
2026-08-21,BPCL,6,1,0.06055283760461053,0.3864717483520508,-0.016105175,0.1062812,-0.17238637501831056,3
2026-08-21,BPCL,67,1,0.04937933579221794,0.1286160945892334,0.0,0.1062812,-0.1562812,3
2026-08-21,BRITANNIA,3,1,0.05758832602922755,0.9423452019691467,-0.1578331,0.1062812,-0.3141142993652344,3
2026-08-21,BRITANNIA,4,1,0.06267562461883222,0.8477556705474854,-0.5461931,0.1062812,-0.7024743228637695,3
2026-08-21,BRITANNIA,5,1,0.06166279344802201,0.7893111109733582,-0.38924813,0.1062812,-0.5455293327056885,3
2026-08-21,BRITANNIA,6,1,0.08798101683555709,0.7269747257232666,-0.32383204,0.1062812,-0.4801132350646973,3
2026-08-21,BRITANNIA,7,1,0.04428096986174925,0.6663113236427307,-0.055646896,0.1062812,-0.2119280963623047,3
2026-08-21,BRITANNIA,10,1,0.05584096088538179,0.5545505285263062,-0.3160715,0.10628119999999998,-0.47235271031494136,3
2026-08-21,BSE,6,1,0.06869397742798611,0.5098897814750671,-0.101709366,0.1062812,-0.25799056584472657,3
2026-08-21,BSE,24,-1,-0.057406138466942945,0.19565093517303467,0.2947986,0.10628120000000002,0.13851741259460448,3
2026-08-21,BSE,27,-1,-0.04429577373656683,0.19868002831935883,0.058460236,0.1062812,-0.09782096440429688,3
2026-08-21,CANBK,3,-1,-0.053649502642700936,0.27102547883987427,-0.34079552,0.1062812,-0.49707671696777345,3
2026-08-21,CANBK,6,1,0.06157896955372994,0.27195337414741516,0.053966045,0.10628119999999998,-0.10231515462036131,3
2026-08-21,CGPOWER,6,1,0.06674485600551351,0.36421823501586914,0.18377304,0.1062812,0.027491840771484366,3
2026-08-21,CHOLAFIN,6,1,0.06650755456936158,0.4843776524066925,-0.20887852,0.1062812,-0.3651597171508789,3
2026-08-21,CHOLAFIN,10,1,0.04597621265626496,0.3908381462097168,0.2687335,0.10628119999999998,0.1124523014343262,3
2026-08-21,CIPLA,4,1,0.0449361873164966,0.3048514425754547,-0.18180609,0.10628119999999998,-0.33808728749389644,3
2026-08-21,CIPLA,6,1,0.049183523382075836,0.25256988406181335,-0.18167496,0.1062812,-0.33795615727539063,3
2026-08-21,COALINDIA,3,-1,-0.08585567273773699,0.2572841942310333,-0.21078587,0.1062812,-0.3670670657836914,3
2026-08-21,COCHINSHIP,6,1,0.06738537455767396,0.33298781514167786,0.33693314,0.1062812,0.18065193598632812,3
2026-08-21,COCHINSHIP,24,-1,-0.04871277245321158,0.21385234594345093,0.30337572,0.10628119999999998,0.14709452097778325,3
2026-08-21,COCHINSHIP,27,-1,-0.044325473695492626,0.16494622826576233,-0.0,0.1062812,-0.1562812,3
2026-08-21,COFORGE,3,1,0.06279592588621041,0.6365984082221985,0.50172806,0.1062812,0.3454468578613281,3
2026-08-21,COFORGE,4,1,0.06366929775572705,0.5569932460784912,0.5721092,0.1062812,0.41582802241210937,3
2026-08-21,COFORGE,5,1,0.050795154996068424,0.5336918234825134,0.43138266,0.1062812,0.2751014560974121,3
2026-08-21,COFORGE,6,1,0.0716182105510567,0.504246711730957,0.3175497,0.1062812,0.16126850550537108,3
2026-08-21,COLPAL,6,1,0.06615706437729421,0.4244273900985718,-0.44304132,0.1062812,-0.5993225246154785,3
2026-08-21,COLPAL,24,-1,-0.057467976882286144,0.18729330599308014,-0.015890598,0.10628119999999998,-0.17217179829711912,3
2026-08-21,COLPAL,27,-1,-0.04985894082363142,0.17726705968379974,0.074100494,0.1062812,-0.08218070561523438,3
2026-08-21,CONCOR,4,1,0.04941319992701575,0.3840964138507843,-0.14548898,0.1062812,-0.301770177432251,3
2026-08-21,CONCOR,6,1,0.06329929929459523,0.3384602665901184,-0.36746264,0.10628119999999998,-0.5237438350402832,3
2026-08-21,COROMANDEL,6,1,0.05968722158614375,0.41465744376182556,0.024914742,0.10628120000000002,-0.13136645848388673,3
2026-08-21,CRISIL,6,1,0.05990048389837119,0.3481445610523224,0.2873659,0.10628119999999998,0.13108471339111333,3
2026-08-21,CUMMINSIND,6,1,0.06250048992140625,0.5581226944923401,-0.048720837,0.10628120000000002,-0.2050020366394043,3
2026-08-21,CUMMINSIND,24,-1,-0.05714235684032719,0.22018757462501526,0.07804632,0.1062812,-0.07823487813110352,3
2026-08-21,CUMMINSIND,27,-1,-0.04941889206910011,0.22848226130008698,0.195086,0.1062812,0.03880480234985351,3
2026-08-21,DABUR,3,-1,-0.05886135455570022,0.26322463154792786,-0.23809671,0.10628119999999998,-0.39437791401977534,3
2026-08-21,DALBHARAT,6,1,0.06651928326713086,0.4781801104545593,0.3808856,0.10628119999999998,0.22460440104370122,3
2026-08-21,DIVISLAB,3,-1,-0.05135466295667952,0.29685306549072266,0.14624,0.10628119999999998,-0.010041204043579083,3
2026-08-21,DIVISLAB,6,1,0.064328010074695,0.2623378038406372,-0.0818789,0.10628119999999998,-0.23816010052795406,3
2026-08-21,DIXON,6,1,0.06661465697827262,0.4898679852485657,0.6994009,0.1062812,0.5431197017944336,3
2026-08-21,DLF,6,1,0.05721312338196425,0.4057733714580536,-0.25618672,0.1062812,-0.41246792370910645,3
2026-08-21,DMART,4,1,0.054286624043038904,0.4257042407989502,-0.62453747,0.1062812,-0.780818667956543,3
2026-08-21,DMART,6,1,0.08518510052741328,0.4490791857242584,-0.46576858,0.10628119999999998,-0.622049775668335,3
2026-08-21,DMART,7,1,0.047090084416232955,0.42912769317626953,-0.3911078,0.1062812,-0.5473889976226807,3
2026-08-21,DMART,10,1,0.06611494418254416,0.37221795320510864,0.24114847,0.1062812,0.08486727183227537,3
2026-08-21,DMART,11,1,0.04662763102660636,0.3505701422691345,0.09487867,0.1062812,-0.06140252644653321,3
2026-08-21,DRREDDY,6,1,0.06512931701920593,0.30852606892585754,0.46788454,0.10628120000000002,0.3116033405578613,3
2026-08-21,EICHERMOT,6,1,0.0636216731715184,0.31603991985321045,-0.4039526,0.1062812,-0.5602337985717774,3
2026-08-21,ENDURANCE,6,1,0.06735395159419855,0.6071115732192993,-0.020051003,0.1062812,-0.17633220250244142,3
2026-08-21,ENDURANCE,64,1,0.048012166018151656,0.2812696397304535,-0.64653754,0.1062812,-0.8028187423431397,3
2026-08-21,ENDURANCE,65,1,0.061325816221366486,0.28215813636779785,-0.3840685,0.1062812,-0.540349689074707,3
2026-08-21,ENDURANCE,66,1,0.05776317347919075,0.30164778232574463,-0.05272031,0.10628120000000002,-0.20900150830383302,3
2026-08-21,ESCORTS,4,1,0.044315661847334785,0.4745708703994751,0.0032663345,0.1062812,-0.1530148654663086,3
2026-08-21,ESCORTS,6,1,0.07468285509835854,0.3792943060398102,-0.06213188,0.1062812,-0.2184130817138672,3
2026-08-21,ETERNAL,4,1,0.047748912828460444,0.5186107754707336,-0.32031536,0.1062812,-0.4765965610229492,3
2026-08-21,ETERNAL,6,1,0.06699000625434867,0.44070324301719666,-0.5497098,0.10628119999999998,-0.7059909969055176,3
2026-08-21,EXIDEIND,6,1,0.0594814751913803,0.5640310645103455,0.075519085,0.1062812,-0.08076211506958009,3
2026-08-21,FEDERALBNK,6,1,0.06311313318056064,0.39933302998542786,0.5056858,0.1062812,0.34940460627441405,3
2026-08-21,FLUOROCHEM,3,1,0.05100010652392218,0.9504278898239136,0.38319826,0.10628119999999998,0.22691706126098637,3
2026-08-21,FLUOROCHEM,4,1,0.05629274753563487,0.7963818907737732,0.34202337,0.10628120000000002,0.18574217265014648,3
2026-08-21,FLUOROCHEM,6,1,0.06970617106831092,0.6535652279853821,0.20813942,0.10628119999999998,0.05185821955566408,3
2026-08-21,FORTIS,4,1,0.048252791424535084,0.3594264090061188,0.20391941,0.1062812,0.0476382107055664,3
2026-08-21,FORTIS,6,1,0.0712442834480231,0.3302282691001892,0.29791594,0.10628119999999998,0.14163473551635747,3
2026-08-21,GAIL,3,-1,-0.08737298421206928,0.25372615456581116,-0.35957098,0.10628119999999998,-0.5158521800720215,3
2026-08-21,GAIL,6,1,0.05070980142431355,0.24499309062957764,0.0057935715,0.1062812,-0.15048762852783204,3
2026-08-21,GICRE,6,1,0.061221282709882904,0.2999776601791382,-0.11126399,0.1062812,-0.2675451904022217,3
2026-08-21,GLAXO,4,1,0.04737657556182113,0.6320187449455261,-0.71452856,0.1062812,-0.8708097606384277,3
2026-08-21,GLAXO,6,1,0.05886836437272443,0.5374418497085571,-0.20819306,0.1062812,-0.3644742637359619,3
2026-08-21,GLAXO,10,1,0.05451921953842278,0.46981847286224365,1.0707974,0.1062812,0.9145162433898926,3
2026-08-21,GLENMARK,4,1,0.04363376691591884,0.5822113156318665,0.39469004,0.1062812,0.23840883677368163,3
2026-08-21,GLENMARK,6,1,0.06822630905857296,0.5074877738952637,0.32006502,0.1062812,0.16378382151489257,3
2026-08-21,GLENMARK,24,-1,-0.05309396618049329,0.21437841653823853,0.20692348,0.10628120000000002,0.05064228480224607,3
2026-08-21,GLENMARK,27,-1,-0.048138102451088176,0.17343401908874512,0.13368726,0.10628119999999998,-0.02259394223327635,3
2026-08-21,GODFRYPHLP,6,1,0.06038645130805037,0.27153223752975464,-0.061625242,0.10628119999999998,-0.21790644223327632,3
2026-08-21,GODREJCP,6,1,0.06490966841377743,0.35641971230506897,-0.45847893,0.1062812,-0.6147601276123047,3
2026-08-21,GODREJCP,24,-1,-0.04937662947848769,0.14769436419010162,-0.12857914,0.1062812,-0.28486033970947267,3
2026-08-21,GODREJCP,27,-1,-0.050249639242521155,0.13357694447040558,0.24585724,0.10628119999999998,0.08957603876953128,3
2026-08-21,GODREJIND,6,1,0.06738516791367516,0.260162889957428,-0.5207956,0.1062812,-0.6770767837249756,3
2026-08-21,GODREJPROP,4,1,0.044495821787362805,0.4385145306587219,0.40681362,0.10628119999999998,0.25053242152099614,3
2026-08-21,GODREJPROP,6,1,0.06132352767757467,0.4658617675304413,-0.40846467,0.1062812,-0.5647458701812744,3
2026-08-21,GRASIM,6,1,0.06286423857378332,0.34218937158584595,0.9745002,0.10628119999999998,0.8182189792907715,3
2026-08-21,GRASIM,24,-1,-0.0506296128788635,0.1796722561120987,0.29469728,0.10628119999999998,0.13841608469848637,3
2026-08-21,GRASIM,27,-1,-0.046378231082614435,0.1480226367712021,0.021272898,0.1062812,-0.1350083022796631,3
2026-08-21,HAL,6,1,0.05943361105693166,0.32208412885665894,1.0594368,0.10628119999999998,0.9031555980957031,3
2026-08-21,HAVELLS,4,1,0.05240507990710919,0.45310479402542114,0.21383762,0.10628119999999998,0.057556423596191425,3
2026-08-21,HAVELLS,6,1,0.06959386067630137,0.39786094427108765,0.22159815,0.10628119999999998,0.06531694834594728,3
2026-08-21,HAVELLS,10,1,0.04649464109632776,0.3118400275707245,0.34077168,0.10628119999999998,0.18449047510986333,3
2026-08-21,HCLTECH,4,1,0.0441201139211898,0.3922484815120697,0.7043958,0.10628119999999998,0.5481145710266113,3
2026-08-21,HCLTECH,6,1,0.0672016543058519,0.34377521276474,0.54991245,0.1062812,0.3936312526977539,3
2026-08-21,HDFCAMC,6,1,0.06695449631972128,0.39596235752105713,-0.38179755,0.10628119999999998,-0.5380787521087647,3
2026-08-21,HDFCAMC,24,-1,-0.0510693206195437,0.18072044849395752,-0.08409023,0.10628119999999998,-0.24037143284912105,3
2026-08-21,HDFCAMC,27,-1,-0.04985894082363142,0.18934646248817444,0.32787323,0.10628119999999998,0.1715920299804688,3
2026-08-21,HDFCBANK,3,-1,-0.08968810430368737,0.23807935416698456,0.06850958,0.1062812,-0.08777162129516602,3
2026-08-21,HDFCLIFE,6,1,0.06597077488037889,0.2923802435398102,0.15748739,0.1062812,0.0012061924255371004,3
2026-08-21,HDFCLIFE,65,1,0.04401226730415793,0.11569751054048538,0.09050369,0.1062812,-0.06577750737304688,3
2026-08-21,HDFCLIFE,66,1,0.043624766677252055,0.11897234618663788,0.11768341,0.1062812,-0.03859778935546876,3
2026-08-21,HDFCLIFE,67,1,0.060198360037935425,0.12082492560148239,0.37994385,0.10628119999999998,0.22366264765625005,3
2026-08-21,HEROMOTOCO,3,-1,-0.05589846415028869,0.31972670555114746,0.2979815,0.1062812,0.14170030062561034,3
2026-08-21,HEROMOTOCO,6,1,0.06744833420239539,0.2607888877391815,-0.33342242,0.1062812,-0.4897036224090576,3
2026-08-21,HINDALCO,6,1,0.0648297506976944,0.422336608171463,-0.35687685,0.10628119999999998,-0.5131580501281738,3
2026-08-21,HINDPETRO,3,-1,-0.09144379209979625,0.23046272993087769,-0.20638704,0.1062812,-0.3626682429992676,3
2026-08-21,HINDUNILVR,6,1,0.04946593794306181,0.25705599784851074,-0.29666424,0.10628119999999998,-0.45294543797607417,3
2026-08-21,HINDZINC,3,1,0.054192289264795336,0.8249661922454834,-0.22774935,0.10628119999999998,-0.38403054768676753,3
2026-08-21,HINDZINC,6,1,0.06258812587257834,0.6495722532272339,-0.076043606,0.1062812,-0.23232480580444337,3
2026-08-21,HINDZINC,67,1,0.05712923541485565,0.21931985020637512,-0.19292831,0.10628119999999998,-0.34920951420898433,3
2026-08-21,HONAUT,6,1,0.067499316091017,0.29338130354881287,0.16406775,0.1062812,0.007786545208740225,3
2026-08-21,HONAUT,24,-1,-0.04963419541106647,0.09099804610013962,-0.10957718,0.10628119999999998,-0.2658583789550781,3
2026-08-21,HONAUT,27,-1,-0.050507205175099934,0.10558836162090302,-0.9854913,0.10628119999999998,-1.1417724757873535,3
2026-08-21,HUDCO,6,1,0.0630625442923087,0.3307223320007324,-0.30333996,0.1062812,-0.459621158190918,3
2026-08-21,ICICIBANK,3,-1,-0.09258360835358999,0.21756350994110107,-0.077819824,0.10628119999999998,-0.23410102421874995,3
2026-08-21,ICICIGI,6,1,0.06055283760461053,0.46131134033203125,-0.10460019,0.1062812,-0.260881391116333,3
2026-08-21,ICICIPRULI,6,1,0.05962238990686255,0.3228165805339813,-0.17755032,0.10628120000000002,-0.3338315158569336,3
2026-08-21,ICICIPRULI,67,1,0.0609224184095804,0.17886295914649963,-0.7993877,0.1062812,-0.9556688934051514,3
2026-08-21,IDEA,6,1,0.06931729345758873,0.3586784899234772,0.28694868,0.1062812,0.13066748087768554,3
2026-08-21,IDFCFIRSTB,3,-1,-0.09196788140009814,0.2329382300376892,0.04659295,0.1062812,-0.10968824917907716,3
2026-08-21,INDHOTEL,6,1,0.07098024764523896,0.30160975456237793,0.28874874,0.10628119999999998,0.1324675411499024,3
2026-08-21,INDHOTEL,24,-1,-0.0497777573202731,0.11840377002954483,0.16434193,0.10628119999999998,0.00806072657470705,3
2026-08-21,INDHOTEL,27,-1,-0.04773602047035164,0.10961108654737473,0.22606254,0.1062812,0.06978133623962401,3
2026-08-21,INDIANB,6,1,0.06077475210520732,0.4138088822364807,-0.4837215,0.1062812,-0.6400026946746826,3
2026-08-21,INDIGO,6,1,0.06970883805519293,0.3923107087612152,0.10794401,0.1062812,-0.04833718831176759,3
2026-08-21,INDUSINDBK,6,1,0.06921185118258011,0.2860566973686218,0.12015104,0.1062812,-0.03613015706176759,3
2026-08-21,INDUSTOWER,6,1,0.0604973191222815,0.287941038608551,0.87354183,0.10628119999999998,0.7172606319702148,3
2026-08-21,INFY,6,1,0.06347701262265654,0.4144115149974823,0.5961299,0.1062812,0.4398486942565918,3
2026-08-21,IOC,3,-1,-0.09533622863411674,0.23591557145118713,-0.31707287,0.1062812,-0.473354068347168,3
2026-08-21,IOC,6,1,0.06485011684092246,0.2588258683681488,-0.17608404,0.10628119999999998,-0.33236524159545894,3
2026-08-21,IPCALAB,6,1,0.06315184541185317,0.6154856085777283,0.5975127,0.1062812,0.44123152201538085,3
2026-08-21,IRCTC,3,-1,-0.05696402419612522,0.2682129442691803,-0.27593374,0.1062812,-0.43221494252319337,3
2026-08-21,IRFC,6,1,0.061279369663710156,0.34241220355033875,-0.33433437,0.1062812,-0.4906155734741211,3
2026-08-21,ITC,3,-1,-0.08094515175303423,0.29166892170906067,-0.07404089,0.1062812,-0.23032208973999024,3
2026-08-21,ITC,24,-1,-0.05029461585713393,0.08591357618570328,0.09252429,0.10628119999999998,-0.06375690991516111,3
2026-08-21,ITC,27,-1,-0.04399661369194609,0.08602581918239594,0.07407665,0.1062812,-0.08220454747314454,3
2026-08-21,JINDALSTEL,6,1,0.06018449818916712,0.38787999749183655,-0.36366582,0.1062812,-0.5199470191680908,3
2026-08-21,JIOFIN,3,-1,-0.049678422776456524,0.3174934387207031,-0.14336109,0.1062812,-0.29964229161376954,3
2026-08-21,JIOFIN,6,1,0.0604973191222815,0.3030204176902771,-0.22434592,0.1062812,-0.3806271224700928,3
2026-08-21,JKCEMENT,6,1,0.06361134575910785,0.2654072344303131,0.17149448,0.10628119999999998,0.015213283947753925,3
2026-08-21,JSL,6,1,0.06628515116649769,0.36830249428749084,-0.61641335,0.10628119999999998,-0.7726945548736572,3
2026-08-21,JSWENERGY,6,1,0.06740589944788991,0.3340056538581848,0.24026632,0.1062812,0.08398512308959959,3
2026-08-21,JSWINFRA,3,-1,-0.05678297601850413,0.2786596417427063,-0.79842806,0.10628119999999998,-0.9547092586242676,3
2026-08-21,JSWSTEEL,6,1,0.06732002991885697,0.3504796028137207,-0.06965399,0.1062812,-0.2259351878845215,3
2026-08-21,JSWSTEEL,24,-1,-0.057406138466942945,0.197829008102417,0.5800903,0.1062812,0.42380908434753417,3
2026-08-21,JUBLFOOD,4,1,0.047564270946170176,0.39739102125167847,-0.2669871,0.1062812,-0.42326828534240724,3
2026-08-21,JUBLFOOD,6,1,0.07168372636137353,0.34477919340133667,-0.48457384,0.10628120000000002,-0.6408550410949707,3
2026-08-21,KALYANKJIL,6,1,0.06215302300176672,0.4222923815250397,0.5895257,0.1062812,0.4332444996154785,3
2026-08-21,KEI,6,1,0.07169744563325174,0.4238871932029724,-0.53485036,0.1062812,-0.6911315589630127,3
2026-08-21,KEI,10,1,0.05769416572329143,0.3726552426815033,-0.20820498,0.1062812,-0.364486184664917,3
2026-08-21,KOTAKBANK,6,1,0.06195280010575896,0.4801933765411377,-0.42017102,0.1062812,-0.5764522224151611,3
2026-08-21,KPITTECH,6,1,0.06468279161729557,0.39107489585876465,-0.21190047,0.10628119999999998,-0.36818167264099116,3
2026-08-21,KPRMILL,3,1,0.07041671372454979,0.8512812256813049,0.70028305,0.1062812,0.5440018505371094,3
2026-08-21,KPRMILL,4,1,0.04512905565789769,0.7343320250511169,0.64679384,0.1062812,0.4905126423156739,3
2026-08-21,KPRMILL,6,1,0.06387375537566671,0.7382135987281799,-0.19037127,0.1062812,-0.3466524749481201,3
2026-08-21,LAURUSLABS,6,1,0.06557824630699866,0.35846033692359924,-0.47873855,0.1062812,-0.63501974637146,3
2026-08-21,LAURUSLABS,10,1,0.04423705142207939,0.334357351064682,0.055229664,0.10628119999999998,-0.10105153615112303,3
2026-08-21,LICHSGFIN,4,1,0.047379501485182295,0.5732280015945435,0.22375584,0.10628120000000002,0.06747463648681638,3
2026-08-21,LICHSGFIN,6,1,0.0721062678082081,0.5389188528060913,-0.03040433,0.10628119999999998,-0.1866855292999267,3
2026-08-21,LICHSGFIN,24,-1,-0.0493469295195619,0.14689530432224274,0.060778856,0.10628119999999998,-0.09550234372253416,3
2026-08-21,LICHSGFIN,27,-1,-0.0474071604668051,0.14038299024105072,0.1721561,0.1062812,0.015874895504760733,3
2026-08-21,LICI,3,-1,-0.05678297601850413,0.3029964864253998,-0.3446579,0.10628119999999998,-0.5009390979492188,3
2026-08-21,LICI,6,1,0.05897876378426666,0.2869051396846771,0.36834478,0.1062812,0.21206358378295898,3
2026-08-21,LINDEINDIA,6,1,0.06502515596122123,0.27242425084114075,0.067305565,0.1062812,-0.08897563511962892,3
2026-08-21,LLOYDSME,6,1,0.06455437520537134,0.3839193284511566,-0.26398897,0.1062812,-0.4202701717102051,3
2026-08-21,LODHA,3,1,0.04666869307777899,0.6947786211967468,-0.28915405,0.1062812,-0.445435252734375,3
2026-08-21,LODHA,4,1,0.05230838523128254,0.5961272120475769,-0.17670393,0.1062812,-0.33298512990112306,3
2026-08-21,LODHA,6,1,0.0678248492656235,0.527275025844574,-0.34502745,0.1062812,-0.5013086467468262,3
2026-08-21,LT,3,-1,-0.0924839801183384,0.2220669835805893,-0.078737736,0.1062812,-0.23501893574829102,3
2026-08-21,LTF,6,1,0.06287124689270843,0.4164603352546692,-0.06305575,0.10628119999999998,-0.2193369537078857,3
2026-08-21,LTTS,6,1,0.060454868315858695,0.4041057229042053,0.066804886,0.1062812,-0.0894763141357422,3
2026-08-21,LUPIN,6,1,0.05969380289401386,0.29263997077941895,-0.27198792,0.1062812,-0.4282691150390625,3
2026-08-21,MAHABANK,6,1,0.06291540490657294,0.4116961359977722,0.1360774,0.10628119999999998,-0.020203795977783184,3
2026-08-21,MANKIND,6,1,0.061246543508406665,0.3581722676753998,-0.19254684,0.1062812,-0.3488280444824219,3
2026-08-21,MARICO,6,1,0.07105225531206094,0.39963802695274353,0.20656586,0.1062812,0.05028465693359374,3
2026-08-21,MARUTI,3,-1,-0.08163622249641381,0.238528773188591,-0.0,0.10628119999999998,-0.15628119999999998,3
2026-08-21,MAXHEALTH,6,1,0.0640724348892793,0.3284061849117279,-0.19160509,0.10628119999999998,-0.34788629109497066,3
2026-08-21,MAZDOCK,4,1,0.049637496162616715,0.39374294877052307,1.5717149,0.10628119999999998,1.4154336780822754,3
2026-08-21,MAZDOCK,6,1,0.06432179315733162,0.39753901958465576,1.1196017,0.10628119999999998,0.9633205265319824,3
2026-08-21,MCX,3,1,0.04638186107761874,0.818469762802124,0.28334856,0.1062812,0.12706736033325194,3
2026-08-21,MCX,6,1,0.06862196171973109,0.619989812374115,1.4331222,0.1062812,1.276840958050537,3
2026-08-21,MEDANTA,6,1,0.06515360680063244,0.29833683371543884,-0.099372864,0.1062812,-0.25565406376953126,3
2026-08-21,MFSL,3,-1,-0.0581947573165274,0.29180705547332764,0.025516748,0.1062812,-0.13076445157165528,3
2026-08-21,MFSL,4,1,0.04517051101056752,0.3172953724861145,0.23024082,0.10628119999999998,0.07395962183837893,3
2026-08-21,MFSL,6,1,0.06581552300357978,0.30055901408195496,0.29336214,0.10628119999999998,0.13708094065551762,3
2026-08-21,MOTILALOFS,6,1,0.04402060858383376,0.5792275071144104,0.68472624,0.10628119999999998,0.5284450382507324,3
2026-08-21,MOTILALOFS,66,1,0.04335570590878798,0.15558387339115143,-0.18616319,0.10628119999999998,-0.3424443870269775,3
2026-08-21,MOTILALOFS,67,1,0.057773637462675165,0.14480437338352203,-0.38236976,0.10628119999999998,-0.5386509566986084,3
2026-08-21,MPHASIS,3,1,0.055597269141409236,0.6015902757644653,0.21754503,0.10628119999999998,0.06126383250122072,3
2026-08-21,MPHASIS,4,1,0.0647740740291433,0.5383685827255249,0.43120384,0.1062812,0.27492264216308593,3
2026-08-21,MPHASIS,5,1,0.048286091249102776,0.5153355598449707,0.06674528,0.10628119999999998,-0.08953591878051756,3
2026-08-21,MPHASIS,6,1,0.06699519583484163,0.4627132713794708,0.17513037,0.1062812,0.018849167279052725,3
2026-08-21,MPHASIS,10,1,0.04753137982193324,0.4151555895805359,0.18366575,0.1062812,0.027384552410888663,3
2026-08-21,MRF,3,-1,-0.07835348421670904,0.23903262615203857,0.5849242,0.07087677555305588,0.46404744548576243,3
2026-08-21,MUTHOOTFIN,6,1,0.06116767903877481,0.5244054198265076,0.50132275,0.10628119999999998,0.3450415462768555,3
2026-08-21,M_AND_M,6,1,0.06274686568396083,0.28394776582717896,-0.064098835,0.1062812,-0.2203800349914551,3
2026-08-21,M_AND_MFIN,6,1,0.06112553514929933,0.3700196146965027,-0.57231784,0.1062812,-0.7285990386688233,3
2026-08-21,NAM-INDIA,6,1,0.0564761239502991,0.5764628648757935,0.056040287,0.10628119999999998,-0.10024091298217772,3
2026-08-21,NATIONALUM,3,1,0.054230920548410895,0.7863436937332153,0.29389858,0.1062812,0.13761738245849608,3
2026-08-21,NATIONALUM,6,1,0.06548993292500975,0.6077083945274353,0.051105022,0.1062812,-0.10517617756958009,3
2026-08-21,NATIONALUM,67,1,0.04988980772490415,0.1386609673500061,-0.54210424,0.1062812,-0.6983854442321777,3
2026-08-21,NAUKRI,4,1,0.04897004239403117,0.6354416608810425,0.25231838,0.1062812,0.09603718226318357,3
2026-08-21,NAUKRI,6,1,0.06629745562336427,0.5442491769790649,0.096166134,0.10628119999999998,-0.06011506611938475,3
2026-08-21,NESTLEIND,6,1,0.06087918941776038,0.3537375330924988,-0.21263361,0.10628119999999998,-0.36891480977172847,3
2026-08-21,NHPC,6,1,0.06593729153040165,0.31310874223709106,0.0,0.1062812,-0.1562812,3
2026-08-21,NIACL,6,1,0.06025636909872139,0.49729984998703003,-0.57837963,0.1062812,-0.7346608310424805,3
2026-08-21,NLCINDIA,6,1,0.06055283760461053,0.3713279366493225,-0.10986328,0.10628119999999998,-0.26614448124999995,3
2026-08-21,NMDC,6,1,0.06593703712320167,0.659366250038147,-0.38855672,0.1062812,-0.544837918826294,3
2026-08-21,NTPC,6,1,0.06119694862406557,0.2768367528915405,0.7840276,0.1062812,0.6277463764465332,3
2026-08-21,NYKAA,6,1,0.0702431193154954,0.28450024127960205,-0.060802698,0.1062812,-0.21708389813537599,3
2026-08-21,OBEROIRLTY,3,1,0.043837599282560494,0.5935668349266052,0.8749604,0.1062812,0.7186792225158691,3
2026-08-21,OBEROIRLTY,4,1,0.04815101644933934,0.5351006388664246,0.7894039,0.1062812,0.6331227154052734,3
2026-08-21,OBEROIRLTY,6,1,0.056685811745249996,0.5391827821731567,-0.13116598,0.10628119999999998,-0.28744718129272456,3
2026-08-21,OFSS,6,1,0.06527640495175913,0.35963356494903564,0.3231287,0.1062812,0.16684750025634765,3
2026-08-21,OIL,3,-1,-0.05608657479070808,0.3071313798427582,0.093734264,0.1062812,-0.06254693562622071,3
2026-08-21,OIL,6,1,0.0671989918686599,0.31175827980041504,0.010442734,0.10628119999999998,-0.14583846623535154,3
2026-08-21,ONGC,3,-1,-0.059029535075708635,0.2798270881175995,-0.11322498,0.10628120000000002,-0.26950618321533204,3
2026-08-21,PAGEIND,4,1,0.047356327912871844,0.3716312050819397,0.5389333,0.1062812,0.38265207713012694,3
2026-08-21,PAGEIND,6,1,0.06092997282107056,0.4025278687477112,0.14084578,0.10628119999999998,-0.015435424395751934,3
2026-08-21,PATANJALI,6,1,0.0707196102603148,0.3276527523994446,0.0143408775,0.1062812,-0.14194032246704102,3
2026-08-21,PATANJALI,10,1,0.04397312082293512,0.2778927981853485,0.15791655,0.1062812,0.0016353458679199129,3
2026-08-21,PAYTM,6,1,0.06345925286199781,0.5008204579353333,0.07406473,0.1062812,-0.08221646840209962,3
2026-08-21,PAYTM,67,1,0.04914633484657276,0.1631830334663391,-0.04900098,0.1062812,-0.20528217846984864,3
2026-08-21,PERSISTENT,4,1,0.058814703686267164,0.5122712850570679,0.5531788,0.1062812,0.3968975872314453,3
2026-08-21,PERSISTENT,6,1,0.06661465697827262,0.44996377825737,0.40929317,0.1062812,0.25301197474365233,3
2026-08-21,PETRONET,3,-1,-0.10795296658611317,0.3147658109664917,-0.7757306,0.1062812,-0.9320118098937988,3
2026-08-21,PETRONET,6,1,0.06483798570396916,0.3228980600833893,0.20555258,0.10628119999999998,0.04927137797241213,3
2026-08-21,PETRONET,24,-1,-0.055055549052660184,0.14888595044612885,-0.034177303,0.10628119999999998,-0.19045850331420894,3
2026-08-21,PETRONET,27,-1,-0.04429577373656683,0.15036515891551971,-0.18821955,0.1062812,-0.3445007472717285,3
2026-08-21,PETRONET,67,1,0.04453914162009042,0.13173362612724304,0.06830692,0.10628119999999998,-0.08797427708740232,3
2026-08-21,PFC,6,1,0.06515360680063244,0.30829915404319763,-0.28854012,0.1062812,-0.4448213248931885,3
2026-08-21,PHOENIXLTD,4,1,0.04949841890524114,0.5368497967720032,-0.010424852,0.1062812,-0.16670605237121583,3
2026-08-21,PHOENIXLTD,6,1,0.0596027621579527,0.4568816125392914,-0.58135986,0.10628119999999998,-0.73764106328125,3
2026-08-21,PHOENIXLTD,10,1,0.04485129061192957,0.37190955877304077,0.11476278,0.10628119999999998,-0.04151841694946287,3
2026-08-21,PIDILITIND,6,1,0.06250048992140625,0.37523436546325684,0.17591715,0.10628119999999998,0.01963594859008791,3
2026-08-21,PIDILITIND,24,-1,-0.057383825835229524,0.16356772184371948,0.07271767,0.1062812,-0.08356353337402345,3
2026-08-21,PIDILITIND,27,-1,-0.044325473695492626,0.14601165056228638,0.07882714,0.10628119999999998,-0.07745405728454588,3
2026-08-21,PIIND,6,1,0.05817647626553048,0.30261504650115967,-0.33177733,0.1062812,-0.48805853421325684,3
2026-08-21,PNB,4,1,0.049815938485582203,0.4930793344974518,0.50156116,0.1062812,0.345279964855957,3
2026-08-21,PNB,6,1,0.06699860260131608,0.4520092010498047,0.3362298,0.10628119999999998,0.17994860117797856,3
2026-08-21,PNB,24,-1,-0.05039388321532421,0.1466662883758545,-0.025880337,0.1062812,-0.18216153676147462,3
2026-08-21,PNB,27,-1,-0.04985894082363142,0.14264900982379913,0.19795299,0.10628119999999998,0.04167178576354982,3
2026-08-21,POLICYBZR,6,1,0.05417239887794236,0.5909290313720703,0.34800768,0.1062812,0.1917264789855957,3
2026-08-21,POLICYBZR,67,1,0.0437600213611408,0.11977754533290863,-0.02784133,0.1062812,-0.18412252957458497,3
2026-08-21,POLYCAB,6,1,0.07075883745583417,0.39857932925224304,-0.23751855,0.10628119999999998,-0.39379974896545406,3
2026-08-21,POWERGRID,6,1,0.06354032638593664,0.42395585775375366,0.97726583,0.1062812,0.8209846348083496,3
2026-08-21,POWERGRID,65,1,0.04334711026284649,0.1649254560470581,-0.18321872,0.10628119999999998,-0.3394999175750732,3
2026-08-21,POWERGRID,66,1,0.0460336514639503,0.16242729127407074,-0.12832284,0.10628119999999998,-0.28460403973693843,3
2026-08-21,POWERGRID,67,1,0.06407988954662777,0.1759456992149353,0.14705658,0.1062812,-0.009224620410156259,3
2026-08-21,POWERINDIA,6,1,0.06767264044917852,0.40646082162857056,0.8788943,0.10628119999999998,0.7226131290710449,3
2026-08-21,POWERINDIA,67,1,0.05946888072589672,0.1574411690235138,-0.8410692,0.1062812,-0.997350421496582,3
2026-08-21,PRESTIGE,6,1,0.05618119418674716,0.5303468704223633,-0.57638884,0.1062812,-0.7326700359069824,3
2026-08-21,PRESTIGE,67,1,0.047130166020397275,0.2170761674642563,0.33835173,0.10628119999999998,0.18207052653198247,3
2026-08-21,RADICO,6,1,0.07046167507987133,0.38319870829582214,-0.06247759,0.10628119999999998,-0.2187587886535644,3
2026-08-21,RECLTD,6,1,0.061279369663710156,0.3678075969219208,-0.30469298,0.10628119999999998,-0.4609741836273193,3
2026-08-21,RELIANCE,3,-1,-0.0890139531414541,0.23097079992294312,0.07637739,0.1062812,-0.07990380818481446,3
2026-08-21,RVNL,6,1,0.06055283760461053,0.4680079519748688,-0.65259933,0.1062812,-0.8088805347167969,3
2026-08-21,SAIL,6,1,0.059355415666817964,0.6167018413543701,-0.34127235,0.1062812,-0.49755355412597657,3
2026-08-21,SBICARD,6,1,0.06470375806513542,0.6169528961181641,-0.4053712,0.10628119999999998,-0.5616523891174316,3
2026-08-21,SBICARD,24,-1,-0.057406138466942945,0.21891561150550842,-0.569427,0.1062812,-0.7257082133972168,3
2026-08-21,SBICARD,27,-1,-0.04930789330551109,0.20759683847427368,-0.46743155,0.1062812,-0.6237127452575684,3
2026-08-21,SBILIFE,6,1,0.06418408162046216,0.3086034655570984,0.03938675,0.1062812,-0.11689445073242188,3
2026-08-21,SBIN,3,-1,-0.0933938962589853,0.21204379200935364,-0.06670952,0.1062812,-0.2229907184326172,3
2026-08-21,SCHAEFFLER,6,1,0.0684882385886212,0.35384687781333923,-0.83884,0.1062812,-0.9951212077819824,3
2026-08-21,SCHAEFFLER,12,1,0.04608434494587106,0.339197039604187,0.117230415,0.1062812,-0.03905078465576173,3
2026-08-21,SHREECEM,6,1,0.0670739380816417,0.4070676267147064,-0.26842952,0.1062812,-0.4247107177459717,3
2026-08-21,SHREECEM,10,1,0.04479102142762531,0.33488860726356506,0.22765398,0.10628119999999998,0.07137278025512697,3
2026-08-21,SHRIRAMFIN,6,1,0.06919006513051265,0.4189037084579468,-0.0177145,0.1062812,-0.1739957004272461,3
2026-08-21,SIEMENS,6,1,0.06338039734795835,0.6822749376296997,-0.16880631,0.1062812,-0.3250875144683838,3
2026-08-21,SIEMENS,67,1,0.043610234846068234,0.1299201399087906,0.29423237,0.1062812,0.13795116846923827,3
2026-08-21,SJVN,3,-1,-0.08950815402134453,0.2383161336183548,-0.5292654,0.10628119999999998,-0.6855466037475586,3
2026-08-21,SJVN,6,1,0.044894970267451755,0.24708695709705353,-0.07519126,0.1062812,-0.23147245938415528,3
2026-08-21,SOLARINDS,6,1,0.06423545334503729,0.3469129204750061,1.475656,0.10628119999999998,1.3193748325622559,3
2026-08-21,SRF,3,-1,-0.05696402419612522,0.2666406035423279,-0.0349164,0.1062812,-0.19119760090942384,3
2026-08-21,SUNDARMFIN,6,1,0.06839917250827815,0.3657069504261017,0.0751853,0.1062812,-0.08109590108032227,3
2026-08-21,SUNDARMFIN,24,-1,-0.04802776654923749,0.12126371264457703,-0.6161213,0.1062812,-0.7724024921142578,3
2026-08-21,SUNDARMFIN,27,-1,-0.04985894082363142,0.12609899044036865,-0.0022053719,0.10628119999999998,-0.15848657185668943,3
2026-08-21,SUNPHARMA,4,1,0.049093890421852686,0.30659112334251404,-0.16331077,0.1062812,-0.3195919662200928,3
2026-08-21,SUNPHARMA,6,1,0.05580884004033904,0.254269540309906,-0.15799403,0.10628119999999998,-0.3142752319061279,3
2026-08-21,SUPREMEIND,4,1,0.0466363709479789,0.4092458188533783,-0.35901666,0.1062812,-0.5152978568756104,3
2026-08-21,SUPREMEIND,6,1,0.07235483342931935,0.35990339517593384,-0.3558874,0.1062812,-0.5121686130249024,3
2026-08-21,SUPREMEIND,10,1,0.05299555083381968,0.3222399652004242,0.362885,0.1062812,0.2066037983215332,3
2026-08-21,SUZLON,6,1,0.06041375364524338,0.34591788053512573,-0.063729286,0.10628120000000002,-0.22001048619384767,3
2026-08-21,TATACOMM,6,1,0.06569262150684785,0.38545218110084534,-0.077950954,0.1062812,-0.23423215443725587,3
2026-08-21,TATACONSUM,6,1,0.06541145828128472,0.28043344616889954,-0.33190846,0.1062812,-0.4881896644317627,3
2026-08-21,TATAELXSI,6,1,0.0620230954453178,0.3133564293384552,0.35603046,0.1062812,0.19974926417236327,3
2026-08-21,TATAINVEST,3,-1,-0.05450470198255529,0.26807111501693726,0.12345314,0.1062812,-0.032828059741210946,3
2026-08-21,TATAINVEST,6,1,0.04888770674609236,0.2526319921016693,-0.36908984,0.1062812,-0.5253710418426514,3
2026-08-21,TATAPOWER,6,1,0.06638702923198649,0.2959483563899994,0.37407875,0.1062812,0.21779755061035155,3
2026-08-21,TATASTEEL,6,1,0.06341190997401241,0.3294139504432678,-0.32550693,0.1062812,-0.48178812558288575,3
2026-08-21,TCS,6,1,0.06940958089459062,0.31507498025894165,0.8830786,0.1062812,0.7267973751342773,3
2026-08-21,TECHM,6,1,0.06051592209453621,0.3566973805427551,0.4392624,0.10628119999999998,0.2829811901367188,3
2026-08-21,THERMAX,4,1,0.05077250823539146,0.6189181208610535,0.43885708,0.10628119999999998,0.28257587855224614,3
2026-08-21,THERMAX,5,1,0.04452144104516497,0.5602652430534363,0.50174,0.10628119999999998,0.34545877879028325,3
2026-08-21,THERMAX,6,1,0.07367597292055718,0.5005103945732117,0.68005323,0.10628119999999998,0.5237720341003418,3
2026-08-21,TIINDIA,6,1,0.06674840352227958,0.3623669743537903,-0.22233129,0.1062812,-0.3786124854766846,3
2026-08-21,TITAN,4,1,0.04586230509818351,0.45501708984375,-0.06567836,0.10628119999999998,-0.22195955807800288,3
2026-08-21,TITAN,6,1,0.06922186769718107,0.3786049783229828,0.11547804,0.10628119999999998,-0.040803161212158184,3
2026-08-21,TMCV,6,1,0.06432765600322182,0.3653382658958435,-0.08420944,0.1062812,-0.24049064213867188,3
2026-08-21,TORNTPHARM,4,1,0.05251485764700047,0.4109589159488678,-0.1611948,0.1062812,-0.3174760013305664,3
2026-08-21,TORNTPHARM,6,1,0.06807003444960308,0.39249640703201294,-0.19181967,0.10628119999999998,-0.34810086781616206,3
2026-08-21,TORNTPHARM,10,1,0.043440549449702714,0.3097711205482483,-0.05055666,0.1062812,-0.20683785969848634,3
2026-08-21,TORNTPOWER,4,1,0.044348472308785095,0.3349444270133972,0.39469004,0.10628120000000002,0.23840883677368163,3
2026-08-21,TORNTPOWER,6,1,0.0652332306831985,0.28711679577827454,0.3617406,0.1062812,0.2054593891418457,3
2026-08-21,TRENT,3,-1,-0.04882443121572344,0.2896358072757721,0.10501742,0.1062812,-0.05126377637023927,3
2026-08-21,TRENT,4,1,0.04935954302130718,0.26381924748420715,-0.050866604,0.10628119999999998,-0.2071478038513183,3
2026-08-21,TVSMOTOR,6,1,0.0692380763316048,0.3879925012588501,-0.121468306,0.1062812,-0.27774950558776856,3
2026-08-21,ULTRACEMCO,6,1,0.06552825711207522,0.29071205854415894,-0.06924868,0.1062812,-0.22552987630004884,3
2026-08-21,UNIONBANK,6,1,0.0637264462325628,0.4356484115123749,-0.032556057,0.1062812,-0.18883725697631837,3
2026-08-21,UNITDSPR,6,1,0.06969654295527748,0.3044869899749756,-0.019568205,0.1062812,-0.17584940487976075,3
2026-08-21,UNOMINDA,6,1,0.062118282836810215,0.36679452657699585,-0.031781197,0.10628120000000002,-0.1880623965942383,3
2026-08-21,UPL,6,1,0.06787028913448898,0.4103914201259613,0.035250187,0.1062812,-0.121031013079834,3
2026-08-21,VBL,4,1,0.04829409562895316,0.39594870805740356,-0.27618408,0.10628119999999998,-0.43246528203124995,3
2026-08-21,VBL,6,1,0.07262367340590505,0.3571029305458069,-0.29953718,0.1062812,-0.45581838185424806,3
2026-08-21,VBL,10,1,0.04915627648940761,0.295827716588974,0.080788136,0.1062812,-0.07549306447143556,3
2026-08-21,VEDL,4,1,0.04675687314906037,0.8274106979370117,-0.05467534,0.1062812,-0.21095654065246583,3
2026-08-21,VEDL,5,1,0.06354373489446359,0.7829985022544861,-0.47143698,0.1062812,-0.6277181773864746,3
2026-08-21,VEDL,6,1,0.06719427710910852,0.7591319680213928,0.036394596,0.1062812,-0.1198866039001465,3
2026-08-21,VEDL,67,1,0.0632754974894615,0.18123984336853027,0.43196678,0.1062812,0.27568558161621093,3
2026-08-21,VOLTAS,6,1,0.05939995569463918,0.35244497656822205,-0.2205193,0.10628119999999998,-0.37680050427551265,3
2026-08-21,WIPRO,6,1,0.06666702378421792,0.2835341691970825,0.21010637,0.1062812,0.053825172833251944,3
2026-08-21,YESBANK,3,-1,-0.05800456444188032,0.27521127462387085,-0.44033527,0.10628120000000002,-0.5966164737426758,3
2026-08-21,ZYDUSLIFE,3,-1,-0.045125998401786924,0.3121025562286377,0.045233965,0.10628120000000002,-0.11104723507995608,3
2026-08-21,ZYDUSLIFE,4,1,0.045559038939675944,0.2858421802520752,-0.045228004,0.1062812,-0.20150920445556642,3
2026-08-21,ZYDUSLIFE,6,1,0.06648003020782976,0.26885637640953064,0.06335974,0.10628119999999998,-0.09292146260375975,3
2026-08-24,360ONE,6,1,0.04547887097695184,0.38076260685920715,0.0,0.1062812,-0.1562812,3
2026-08-24,360ONE,8,1,0.046017389822933207,0.3469645082950592,-0.2808094,0.1062812,-0.4370906024658203,3
2026-08-24,3MINDIA,6,1,0.04573509033222561,0.4778820872306824,-0.073987246,0.10628119999999998,-0.23026844555969234,3
2026-08-24,3MINDIA,8,1,0.0491508716705494,0.4067048728466034,-0.19230843,0.10628119999999998,-0.34858962590332027,3
2026-08-24,ABB,6,1,0.044093330425477986,0.4477981626987457,0.76019764,0.1062812,0.603916439465332,3
2026-08-24,ABB,8,1,0.04708697943661037,0.40637722611427307,0.38779974,0.10628119999999998,0.23151853983764653,3
2026-08-24,ABBOTINDIA,6,1,0.05181042881648497,0.36511266231536865,0.038182735,0.10628119999999998,-0.11809846455688475,3
2026-08-24,ABBOTINDIA,8,1,0.05065656343074653,0.3431185781955719,-0.2857685,0.10628119999999998,-0.44204970891113277,3
2026-08-24,ABBOTINDIA,20,1,0.04972722513565742,0.18707157671451569,0.2675891,0.1062812,0.11130789225463865,3
2026-08-24,ABCAPITAL,6,1,0.04946126279474481,0.420879989862442,0.20611286,0.1062812,0.04983166163330077,3
2026-08-24,ABCAPITAL,8,1,0.046098263410432945,0.46184656023979187,-0.42173862,0.1062812,-0.5780198245727539,3
2026-08-24,ABCAPITAL,20,1,0.04834184146121193,0.23231717944145203,-0.49756765,0.1062812,-0.6538488536560059,3
2026-08-24,ACC,20,1,0.05083432384585351,0.13230590522289276,0.09953976,0.1062812,-0.056741443225097665,3
2026-08-24,ADANIENSOL,6,1,0.04922324441656016,0.5080717206001282,0.23794174,0.10628120000000002,0.08166054194335935,3
2026-08-24,ADANIENSOL,8,1,0.051183875067460784,0.46519312262535095,0.032114983,0.10628119999999998,-0.12416621739501951,3
2026-08-24,ADANIENSOL,20,1,0.048688210676820734,0.25256115198135376,-0.552696,0.10628119999999998,-0.7089771896087647,3
2026-08-24,ADANIENSOL,23,1,0.04410744659224639,0.27133670449256897,0.064599514,0.10628119999999998,-0.09168168599243162,3
2026-08-24,ADANIENSOL,67,1,0.04449585227737699,0.1559675931930542,-0.14768243,0.1062812,-0.30396362835998536,3
2026-08-24,ADANIENT,6,1,0.04399922430829837,0.28907665610313416,0.06636381,0.10628119999999998,-0.08991738850708006,3
2026-08-24,ADANIENT,20,1,0.04410980113037588,0.11794008314609528,-1.07674,0.1062812,-1.233021226473999,3
2026-08-24,ADANIGREEN,6,1,0.044828203945235526,0.43592435121536255,-0.3036499,0.10628119999999998,-0.45993110234374995,3
2026-08-24,ADANIGREEN,8,1,0.04852895963257842,0.41064825654029846,-0.15972853,0.1062812,-0.3160097270690918,3
2026-08-24,ADANIGREEN,20,1,0.052317692618890514,0.2013547271490097,-0.725466,0.1062812,-0.8817472129547119,3
2026-08-24,ADANIPORTS,20,1,0.048560952500944235,0.13367603719234467,-0.2791345,0.10628119999999998,-0.4354157119476318,3
2026-08-24,AIAENG,6,1,0.04337518629602074,0.3623313307762146,0.42040348,0.1062812,0.26412228052978515,3
2026-08-24,AIAENG,8,1,0.048952970358504884,0.31720301508903503,0.6062031,0.10628119999999998,0.44992187922363286,3
2026-08-24,AJANTPHARM,3,1,0.05891628684575187,0.9947852492332458,0.0390172,0.1062812,-0.1172639995300293,3
2026-08-24,AJANTPHARM,5,1,0.05094462169477021,0.7839800119400024,-0.5375624,0.1062812,-0.693843570300293,3
2026-08-24,AJANTPHARM,6,1,0.07532013556827974,0.696980357170105,-0.44282675,0.10628119999999998,-0.5991079478942871,3
2026-08-24,AJANTPHARM,7,1,0.05285114816490089,0.6341454982757568,-0.46554208,0.1062812,-0.6218232780181885,3
2026-08-24,AJANTPHARM,8,1,0.07150981918999169,0.5755132436752319,-0.36546588,0.1062812,-0.5217470794403076,3
2026-08-24,AJANTPHARM,10,1,0.046822697481882,0.49289244413375854,-0.5573213,0.1062812,-0.713602510043335,3
2026-08-24,AJANTPHARM,14,1,0.04972679723948034,0.2850741147994995,-0.3302753,0.1062812,-0.486556497164917,3
2026-08-24,AJANTPHARM,20,1,0.047276099999700706,0.1645839959383011,-0.09821653,0.10628119999999998,-0.2544977336608886,3
2026-08-24,ALKEM,6,1,0.05154876644915207,0.2818586826324463,-0.0744462,0.1062812,-0.2307274013244629,3
2026-08-24,ALKEM,20,1,0.04884031436586373,0.10861887782812119,-0.625056,0.1062812,-0.7813372283660889,3
2026-08-24,AMBUJACEM,20,1,0.04963843484120772,0.19585026800632477,-0.40214062,0.1062812,-0.5584218173706055,3
2026-08-24,APARINDS,6,1,0.057779456964821674,0.3856204152107239,-0.58597326,0.10628120000000002,-0.7422544627868652,3
2026-08-24,APARINDS,8,1,0.06356520852241043,0.3906043767929077,-0.17809272,0.10628119999999998,-0.3343739181243896,3
2026-08-24,APARINDS,14,1,0.0445749935711562,0.33377838134765625,0.041663647,0.1062812,-0.11461755330200196,3
2026-08-24,APLAPOLLO,6,1,0.044906367834058346,0.39927542209625244,-0.17173886,0.1062812,-0.328020062991333,3
2026-08-24,APLAPOLLO,8,1,0.04863738594622792,0.3510782718658447,0.15337467,0.1062812,-0.0029065280639648527,3
2026-08-24,APOLLOHOSP,6,1,0.05142839429439438,0.30356523394584656,0.3291726,0.1062812,0.17289141123657226,3
2026-08-24,APOLLOHOSP,8,1,0.054360596189126975,0.27216124534606934,0.3984332,0.1062812,0.24215200846557616,3
2026-08-24,APOLLOHOSP,20,1,0.049127580257368304,0.16077302396297455,-0.103867054,0.1062812,-0.2601482539855957,3
2026-08-24,APOLLOTYRE,3,1,0.08630811366674758,1.3314759731292725,-0.3229797,0.10628119999999998,-0.47926088864440913,3
2026-08-24,APOLLOTYRE,4,1,0.06282700602026674,1.1026954650878906,-0.21160841,0.10628119999999998,-0.36788960988159175,3
2026-08-24,APOLLOTYRE,5,1,0.07422853346121544,0.9446912407875061,-0.18931031,0.1062812,-0.3455915122711182,3
2026-08-24,APOLLOTYRE,6,1,0.08474593645328629,0.8363059163093567,-0.11148453,0.1062812,-0.26776572758789063,3
2026-08-24,APOLLOTYRE,7,1,0.07871363991613645,0.819671094417572,-0.08922219,0.1062812,-0.24550339276428224,3
2026-08-24,APOLLOTYRE,8,1,0.07328857349801095,0.7706042528152466,0.1229167,0.1062812,-0.03336450154418946,3
2026-08-24,APOLLOTYRE,9,1,0.05009742729082636,0.708616316318512,0.20127296,0.10628120000000002,0.04499176447753904,3
2026-08-24,APOLLOTYRE,10,1,0.05245726065896842,0.6622639894485474,0.16750097,0.1062812,0.011219772747802725,3
2026-08-24,APOLLOTYRE,11,1,0.04438937990922814,0.6212790608406067,0.03349781,0.1062812,-0.12278338963623048,3
2026-08-24,APOLLOTYRE,14,1,0.06733923358524371,0.38991406559944153,-0.39075613,0.1062812,-0.5470373302185059,3
2026-08-24,APOLLOTYRE,20,1,0.04905303968426687,0.24977296590805054,-0.36858916,0.1062812,-0.5248703628265381,3
2026-08-24,ASTRAL,6,1,0.04454843828205547,0.42212820053100586,-0.5054116,0.1062812,-0.6616928249084473,3
2026-08-24,ASTRAL,8,1,0.04608918658783333,0.364062637090683,-0.6539762,0.10628119999999998,-0.8102574020111084,3
2026-08-24,ATGL,8,1,0.0471848329065975,0.3324522376060486,-0.13075471,0.1062812,-0.2870359092437744,3
2026-08-24,AUBANK,6,1,0.04666089888333317,0.35167795419692993,0.10861158,0.10628119999999998,-0.047669616290283184,3
2026-08-24,AUBANK,8,1,0.04563407873125584,0.33098387718200684,-0.31582713,0.10628120000000002,-0.4721083312713623,3
2026-08-24,AUROPHARMA,6,1,0.049988574431459064,0.35169270634651184,0.78163147,0.1062812,0.6253502697265625,3
2026-08-24,AUROPHARMA,8,1,0.05230389631947753,0.3113418519496918,0.7324934,0.10628119999999998,0.5762122005737305,3
2026-08-24,AUROPHARMA,20,1,0.05562160448217844,0.2092863768339157,-0.27583838,0.1062812,-0.43211957509155274,3
2026-08-24,AWL,6,1,0.05420781868331182,0.30335327982902527,1.5959144,0.1062812,1.439633163861084,3
2026-08-24,AWL,8,1,0.05863813924038442,0.2615918815135956,2.0191789,0.1062812,1.8628976673400879,3
2026-08-24,AWL,63,1,0.047085180553996006,0.3649248480796814,-0.8791685,0.1062812,-1.0354497104370117,3
2026-08-24,AWL,64,1,0.04922585041776928,0.3644402325153351,-1.0265648,0.1062812,-1.1828460365020752,3
2026-08-24,AWL,65,1,0.07612757135429725,0.3830397129058838,-0.51819086,0.10628119999999998,-0.674472060748291,3
2026-08-24,AWL,66,1,0.09822109137254055,0.36817389726638794,-0.36998987,0.10628119999999998,-0.5262710719787598,3
2026-08-24,AWL,67,1,0.10848109496359833,0.3417276442050934,-0.3031969,0.10628119999999998,-0.459478107043457,3
2026-08-24,BAJAJFINSV,20,1,0.056440323107939644,0.12430007010698318,-0.30735135,0.10628120000000002,-0.46363255078430177,3
2026-08-24,BAJAJHLDNG,6,1,0.052463223800359365,0.292009562253952,-0.33607483,0.1062812,-0.4923560291015625,3
2026-08-24,BAJAJHLDNG,8,1,0.05315711271411445,0.29140982031822205,0.19574165,0.1062812,0.039460453442382804,3
2026-08-24,BAJAJHLDNG,34,-1,-0.04391340721289978,0.11033888161182404,-0.071024895,0.10628119999999998,-0.22730609471435542,3
2026-08-24,BAJFINANCE,6,1,0.05200872017632083,0.33204540610313416,-0.12817383,0.1062812,-0.284455028125,3
2026-08-24,BAJFINANCE,8,1,0.051361046094908394,0.2889188826084137,-0.17389655,0.1062812,-0.33017775113220216,3
2026-08-24,BAJFINANCE,20,1,0.05157759847272759,0.1594465672969818,-0.33991337,0.1062812,-0.49619456822509767,3
2026-08-24,BAJFINANCE,34,-1,-0.044012674571090066,0.1762218326330185,0.19332767,0.10628120000000002,0.03704646532897947,3
2026-08-24,BALKRISIND,6,1,0.04396533087392614,0.5816137194633484,-0.89884996,0.10628119999999998,-1.0551311641418457,3
2026-08-24,BALKRISIND,8,1,0.04389623525604749,0.519955039024353,-0.9773731,0.1062812,-1.1336543231689453,3
2026-08-24,BALKRISIND,20,1,0.05224831571538656,0.31362444162368774,-0.16238093,0.10628119999999998,-0.31866213376159663,3
2026-08-24,BANKBARODA,6,1,0.05755670069265724,0.27882564067840576,-0.3244996,0.1062812,-0.48078080708618165,3
2026-08-24,BANKBARODA,8,1,0.04514370135822588,0.24437269568443298,-0.5170107,0.10628119999999998,-0.6732918887817383,3
2026-08-24,BANKBARODA,20,1,0.056831141019780436,0.155948206782341,-0.15742779,0.1062812,-0.3137089877807617,3
2026-08-24,BANKBARODA,34,-1,-0.04485515314990984,0.19196224212646484,0.20291209,0.1062812,0.046630892208862296,3
2026-08-24,BANKINDIA,6,1,0.04735530349377349,0.38410717248916626,-0.04888177,0.10628119999999998,-0.2051629691802978,3
2026-08-24,BANKINDIA,8,1,0.0506341858859308,0.32981255650520325,-0.027930737,0.10628119999999998,-0.184211936541748,3
2026-08-24,BANKINDIA,20,1,0.05271895222567307,0.19212256371974945,-0.02117753,0.10628119999999998,-0.17745873028869624,3
2026-08-24,BDL,6,1,0.04750272502591315,0.45662930607795715,-0.22777319,0.1062812,-0.38405438954467774,3
2026-08-24,BDL,8,1,0.04823158179781311,0.3996853232383728,-0.12508631,0.1062812,-0.2813675075256348,3
2026-08-24,BDL,20,1,0.046902653100932404,0.20957320928573608,-0.30961633,0.10628119999999998,-0.46589752728576656,3
2026-08-24,BEL,6,1,0.05943031415921618,0.28342103958129883,-0.1947403,0.1062812,-0.35102149541015626,3
2026-08-24,BEL,7,1,0.044106292236710934,0.27270087599754333,-0.10969043,0.1062812,-0.2659716277801514,3
2026-08-24,BEL,8,1,0.047711016404705306,0.25064778327941895,-0.0243783,0.1062812,-0.18065949971313477,3
2026-08-24,BEL,20,1,0.043502475410202066,0.11340638250112534,-0.18319488,0.10628119999999998,-0.33947607571716304,3
2026-08-24,BERGEPAINT,6,1,0.05012916129132867,0.32756176590919495,-0.37258863,0.1062812,-0.5288698344909668,3
2026-08-24,BERGEPAINT,8,1,0.05221607575398224,0.29886409640312195,-0.2487421,0.10628119999999998,-0.4050233035766601,3
2026-08-24,BERGEPAINT,20,1,0.057923691880976645,0.168940469622612,-0.33640862,0.10628119999999998,-0.49268981511230464,3
2026-08-24,BERGEPAINT,34,-1,-0.04467353524223652,0.11643067747354507,-0.12538433,0.1062812,-0.2816655307495117,3
2026-08-24,BHARATFORG,6,1,0.04917379025924147,0.2889360189437866,0.20426512,0.1062812,0.04798391764526366,3
2026-08-24,BHARATFORG,8,1,0.051525214375684684,0.27672359347343445,0.21402836,0.10628119999999998,0.057747158459472675,3
2026-08-24,BHARTIARTL,20,1,0.043502475410202066,0.11715009808540344,-0.13926029,0.1062812,-0.29554149205322267,3
2026-08-24,BHEL,6,1,0.048720534476473065,0.29544663429260254,0.43753386,0.1062812,0.2812526554382324,3
2026-08-24,BHEL,8,1,0.051032854905327905,0.31784477829933167,0.012123585,0.1062812,-0.14415761525268556,3
2026-08-24,BIOCON,6,1,0.054552985926857665,0.37835928797721863,0.20663738,0.10628120000000002,0.050356182507324196,3
2026-08-24,BIOCON,8,1,0.05179902866210546,0.35420775413513184,-0.21823049,0.1062812,-0.3745116859161377,3
2026-08-24,BIOCON,20,1,0.047506799565654394,0.16837376356124878,-0.36442876,0.10628120000000002,-0.5207099586212158,3
2026-08-24,BLUESTARCO,6,1,0.04683588753585067,0.35111692547798157,0.0066399574,0.10628119999999998,-0.14964124257202147,3
2026-08-24,BLUESTARCO,8,1,0.05716026076330402,0.3017589747905731,0.19961596,0.1062812,0.043334755352783194,3
2026-08-24,BPCL,6,1,0.04727724440678223,0.4517301321029663,-0.1445055,0.10628119999999998,-0.300786700793457,3
2026-08-24,BPCL,8,1,0.05027636740704143,0.36216241121292114,-0.20880103,0.1062812,-0.3650822311126709,3
2026-08-24,BRITANNIA,6,1,0.05165009612524022,0.33334672451019287,-0.056231022,0.10628119999999998,-0.21251222188110347,3
2026-08-24,BRITANNIA,8,1,0.054481952592917396,0.28033098578453064,-0.12190342,0.10628120000000002,-0.2781846194946289,3
2026-08-24,BSE,3,1,0.04775983535963589,0.8997973203659058,0.6108284,0.1062812,0.45454719965820317,3
2026-08-24,BSE,4,1,0.046558056007300536,0.7820316553115845,0.3856063,0.10628119999999998,0.22932508890991216,3
2026-08-24,BSE,8,1,0.04722030170872909,0.5971174836158752,-0.32958984,0.10628119999999998,-0.48587104374999995,3
2026-08-24,BSE,20,1,0.05023651810349026,0.2740305960178375,-0.22857189,0.10628119999999998,-0.3848530917846679,3
2026-08-24,BSE,67,1,0.049983848622308515,0.1292887032032013,-0.039231777,0.10628119999999998,-0.19551297719116206,3
2026-08-24,CANBK,6,1,0.054724878811048816,0.300857812166214,-0.2253592,0.10628120000000002,-0.3816404014312744,3
2026-08-24,CANBK,8,1,0.05256306229551987,0.264798641204834,-0.4502058,0.1062812,-0.6064870029174805,3
2026-08-24,CANBK,20,1,0.05490500240117369,0.15052375197410583,-0.50920844,0.10628119999999998,-0.6654896407806397,3
2026-08-24,CGPOWER,6,1,0.04337518629602074,0.3647318184375763,-0.12001991,0.10628119999999998,-0.2763011127197265,3
2026-08-24,CGPOWER,8,1,0.04753419858830121,0.33623823523521423,-0.29748082,0.10628119999999998,-0.453762021609497,3
2026-08-24,CHOLAFIN,6,1,0.05237741764553918,0.3782157599925995,0.05403757,0.1062812,-0.10224362904663087,3
2026-08-24,CHOLAFIN,8,1,0.05551198018223107,0.33835864067077637,0.021636486,0.1062812,-0.1346447139465332,3
2026-08-24,CIPLA,6,1,0.05382885454581816,0.4344859719276428,0.7881284,0.1062812,0.6318471760070801,3
2026-08-24,CIPLA,8,1,0.051183875067460784,0.42663219571113586,0.49040318,0.1062812,0.3341219753540039,3
2026-08-24,COALINDIA,6,1,0.043588145879305595,0.41758760809898376,-0.11051297,0.10628120000000002,-0.26679417187805177,3
2026-08-24,COALINDIA,8,1,0.046104449035031525,0.3534054458141327,-0.08596778,0.1062812,-0.2422489791595459,3
2026-08-24,COCHINSHIP,6,1,0.04700488662530902,0.4262259602546692,-0.060361624,0.1062812,-0.2166428237640381,3
2026-08-24,COCHINSHIP,8,1,0.04708697943661037,0.3745994567871094,0.1343131,0.1062812,-0.021968093463134775,3
2026-08-24,COCHINSHIP,67,1,0.04398819373835667,0.24588264524936676,0.2317071,0.10628119999999998,0.07542589609985355,3
2026-08-24,COFORGE,6,1,0.051091834098546084,0.41795721650123596,0.28192997,0.10628119999999998,0.1256487697875977,3
2026-08-24,COFORGE,8,1,0.0466149908286601,0.3609360456466675,0.026535988,0.1062812,-0.1297452121459961,3
2026-08-24,COLPAL,20,1,0.04632293509876551,0.16512593626976013,-0.434947,0.1062812,-0.5912282138549805,3
2026-08-24,CONCOR,6,1,0.044812824554177066,0.5100075602531433,0.076806545,0.1062812,-0.07947465474243165,3
2026-08-24,CONCOR,8,1,0.04608918658783333,0.46567219495773315,0.14388561,0.1062812,-0.01239558751220704,3
2026-08-24,CONCOR,20,1,0.043389428249700476,0.28202709555625916,-0.43993592,0.10628119999999998,-0.5962171226226807,3
2026-08-24,COROMANDEL,6,1,0.056114168896847505,0.3538520932197571,-1.1780739,0.1062812,-1.3343550830566406,3
2026-08-24,COROMANDEL,7,1,0.04806233172889441,0.386493444442749,-0.7989049,0.1062812,-0.9551860957824707,3
2026-08-24,COROMANDEL,8,1,0.06643610309590768,0.3852387070655823,-0.6896198,0.10628119999999998,-0.845900979586792,3
2026-08-24,COROMANDEL,9,1,0.048057400473168366,0.37804827094078064,-0.5487859,0.1062812,-0.705067124911499,3
2026-08-24,COROMANDEL,10,1,0.04358450396782539,0.3660362660884857,-0.55845976,0.1062812,-0.7147409587585449,3
2026-08-24,COROMANDEL,14,1,0.047213013344874634,0.3047335743904114,-0.2345264,0.10628120000000002,-0.3908075957977295,3
2026-08-24,COROMANDEL,20,1,0.054395377279023376,0.2797682285308838,-0.30682683,0.10628120000000002,-0.46310802991027833,3
2026-08-24,CRISIL,6,1,0.04989193438869872,0.2715640962123871,-0.8715272,0.10628119999999998,-1.0278083949768066,3
2026-08-24,CRISIL,20,1,0.047152992002266664,0.24633143842220306,0.10751486,0.1062812,-0.0487663417541504,3
2026-08-24,CUMMINSIND,6,1,0.05044379319632365,0.4111498296260834,0.4782796,0.10628119999999998,0.3219983906066895,3
2026-08-24,CUMMINSIND,8,1,0.05096094384325837,0.3667534589767456,-0.13673306,0.1062812,-0.2930142551147461,3
2026-08-24,DALBHARAT,6,1,0.04454368935207036,0.622430145740509,-0.67653656,0.10628119999999998,-0.8328177600585938,3
2026-08-24,DALBHARAT,8,1,0.04708697943661037,0.5602149367332458,-0.12742877,0.1062812,-0.2837099700653076,3
2026-08-24,DIVISLAB,6,1,0.05461926327198807,0.3458053171634674,-0.05300641,0.1062812,-0.2092876105987549,3
2026-08-24,DIVISLAB,8,1,0.055421792215308456,0.31098803877830505,0.053036213,0.10628120000000002,-0.10324498707885744,3
2026-08-24,DIVISLAB,20,1,0.04327848417905037,0.15313033759593964,0.23566484,0.1062812,0.07938364451293943,3
2026-08-24,DIVISLAB,34,-1,-0.044282836823346786,0.1502963900566101,0.105792284,0.1062812,-0.05048891598815919,3
2026-08-24,DIXON,3,1,0.060299305397575456,1.0465517044067383,0.47563314,0.10628119999999998,0.31935194437866216,3
2026-08-24,DIXON,5,1,0.04983123156721742,0.8112449645996094,0.15832186,0.1062812,0.002040657452392569,3
2026-08-24,DIXON,6,1,0.07294351457002965,0.7420640587806702,0.013744831,0.1062812,-0.14253636891479493,3
2026-08-24,DIXON,7,1,0.05197036012280044,0.6916792392730713,-0.1441598,0.10628120000000002,-0.3004409938537598,3
2026-08-24,DIXON,8,1,0.07045573894268485,0.6578143835067749,-0.02747178,0.10628119999999998,-0.1837529807769775,3
2026-08-24,DIXON,14,1,0.05133768170441394,0.36436134576797485,-0.13064742,0.10628119999999998,-0.28692862088317866,3
2026-08-24,DIXON,20,1,0.04359407438006161,0.24342267215251923,0.068843365,0.1062812,-0.08743783528442384,3
2026-08-24,DLF,8,1,0.04565554113994713,0.27032625675201416,0.40426254,0.10628119999999998,0.24798134272460942,3
2026-08-24,DMART,6,1,0.04331966781369172,0.2588430643081665,-0.028151274,0.10628119999999998,-0.18443247372741695,3
2026-08-24,DMART,20,1,0.044998404673866704,0.20087304711341858,-0.34929514,0.10628119999999998,-0.5055763393127441,3
2026-08-24,DRREDDY,6,1,0.04337518629602074,0.3534518778324127,0.40671825,0.1062812,0.25043705408935546,3
2026-08-24,DRREDDY,8,1,0.04635222286071309,0.34689927101135254,0.24534464,0.1062812,0.08906343882446287,3
2026-08-24,EICHERMOT,6,1,0.04331966781369172,0.2697102725505829,0.52506924,0.1062812,0.3687880367553711,3
2026-08-24,ENDURANCE,6,1,0.044571243268553995,0.535468578338623,-0.304991,0.10628119999999998,-0.46127220685119624,3
2026-08-24,ENDURANCE,8,1,0.04578979743174884,0.46793240308761597,-0.4231274,0.1062812,-0.5794086127960205,3
2026-08-24,ENDURANCE,22,1,0.05271470576397002,0.30416664481163025,-0.47131777,0.1062812,-0.6275989680969238,3
2026-08-24,ESCORTS,6,1,0.05111169169290751,0.3346899747848511,-0.054872036,0.10628119999999998,-0.21115323598022456,3
2026-08-24,ESCORTS,8,1,0.051217321284198,0.2865728437900543,-0.054872036,0.10628119999999998,-0.21115323598022456,3
2026-08-24,ETERNAL,6,1,0.04869593277984591,0.5800328850746155,-0.15206933,0.1062812,-0.3083505302154541,3
2026-08-24,ETERNAL,8,1,0.05065656343074653,0.5288610458374023,-0.09120703,0.1062812,-0.24748822743530274,3
2026-08-24,ETERNAL,20,1,0.05233426827048555,0.17211690545082092,-0.07625222,0.1062812,-0.23253342206115724,3
2026-08-24,EXIDEIND,6,1,0.044496340575373,0.516822099685669,-0.21803379,0.1062812,-0.3743149905883789,3
2026-08-24,EXIDEIND,8,1,0.04708697943661037,0.4574037790298462,0.043678284,0.1062812,-0.11260291630859376,3
2026-08-24,FEDERALBNK,20,1,0.0527850530171243,0.16803358495235443,-0.37578344,0.1062812,-0.5320646434509277,3
2026-08-24,FLUOROCHEM,6,1,0.05433691002822847,0.7322891354560852,1.0181665,0.10628119999999998,0.8618853420532226,3
2026-08-24,FLUOROCHEM,8,1,0.05286545432633495,0.6373246908187866,0.7209778,0.1062812,0.564696583203125,3
2026-08-24,FLUOROCHEM,20,1,0.05414836710440538,0.3818904459476471,-0.110304356,0.10628120000000002,-0.2665855556213379,3
2026-08-24,GLAXO,6,1,0.049988574431459064,0.490288645029068,-0.2407968,0.10628119999999998,-0.39707800442810054,3
2026-08-24,GLAXO,8,1,0.051183875067460784,0.43942445516586304,-0.37068725,0.1062812,-0.5269684463226318,3
2026-08-24,GLAXO,20,1,0.05068101271308528,0.18398942053318024,-0.0068962574,0.1062812,-0.1631774574005127,3
2026-08-24,GLENMARK,6,1,0.04953531864869066,0.4766194820404053,0.77552795,0.10628119999999998,0.6192467541015625,3
2026-08-24,GLENMARK,8,1,0.050203307647978125,0.43232008814811707,1.4736295,0.1062812,1.3173482746398926,3
2026-08-24,GLENMARK,20,1,0.06143223644798306,0.31605055928230286,0.012755394,0.10628119999999998,-0.1435258060180664,3
2026-08-24,GLENMARK,67,1,0.054916661533012064,0.190030038356781,0.8096099,0.10628119999999998,0.6533286899841309,3
2026-08-24,GODFRYPHLP,6,1,0.045646712942024756,0.3457830250263214,-0.39238334,0.10628119999999998,-0.548664537020874,3
2026-08-24,GODFRYPHLP,8,1,0.0500401497051174,0.32706257700920105,-0.302881,0.1062812,-0.45916220242614747,3
2026-08-24,GODREJIND,6,1,0.04435771669759958,0.48548397421836853,0.17865896,0.1062812,0.02237776224975585,3
2026-08-24,GODREJIND,8,1,0.046161390367970095,0.4304344058036804,0.36507845,0.10628119999999998,0.20879724924926762,3
2026-08-24,GODREJIND,65,1,0.06483739491544899,0.4861724078655243,-0.66778064,0.1062812,-0.8240618377410889,3
2026-08-24,GODREJIND,66,1,0.07373758714480572,0.48251280188560486,-1.0188818,0.1062812,-1.1751629977905274,3
2026-08-24,GODREJIND,67,1,0.07868936776559778,0.45466992259025574,-1.4366806,0.10628119999999998,-1.592961755343628,3
2026-08-24,GODREJPROP,6,1,0.04372473756878956,0.31910941004753113,-0.18125176,0.10628119999999998,-0.3375329642974853,3
2026-08-24,GODREJPROP,8,1,0.04710944141922484,0.2794400751590729,0.039231777,0.1062812,-0.1170494228088379,3
2026-08-24,GRASIM,6,1,0.05203315408984188,0.28670579195022583,0.16137362,0.1062812,0.005092415264892569,3
2026-08-24,GRASIM,8,1,0.050142581826553526,0.3003998398780823,-0.06985068,0.1062812,-0.22613188321228028,3
2026-08-24,GRASIM,20,1,0.0527850530171243,0.21048547327518463,0.018262863,0.1062812,-0.13801833684082032,3
2026-08-24,HAL,3,1,0.045657364124578576,0.3848622441291809,-0.15596747,0.1062812,-0.31224867398376466,3
2026-08-24,HAL,6,1,0.06371189056725085,0.31549227237701416,0.28227568,0.1062812,0.1259944767272949,3
2026-08-24,HAL,7,1,0.04523129441892457,0.28971055150032043,0.14215708,0.1062812,-0.014124122210693368,3
2026-08-24,HAL,8,1,0.06365995335446908,0.2838746905326843,0.11585951,0.10628119999999998,-0.040421691485595684,3
2026-08-24,HAL,20,1,0.05142966765616651,0.16312181949615479,-0.38602352,0.1062812,-0.5423047214233399,3
2026-08-24,HAVELLS,6,1,0.04626935279688244,0.2704133987426758,-0.055241585,0.10628120000000002,-0.21152278477783204,3
2026-08-24,HAVELLS,8,1,0.0433651506368958,0.257275253534317,0.023698807,0.1062812,-0.1325823932373047,3
2026-08-24,HAVELLS,20,1,0.04809154859469085,0.12626512348651886,-0.38056374,0.1062812,-0.5368449359619141,3
2026-08-24,HCLTECH,6,1,0.04508845091533062,0.5220257639884949,0.19756556,0.10628119999999998,0.041284355572509784,3
2026-08-24,HCLTECH,8,1,0.04628863191384261,0.44569259881973267,-0.045490265,0.1062812,-0.20177146489257813,3
2026-08-24,HDFCAMC,6,1,0.04486640674641807,0.29583483934402466,-0.12609959,0.10628119999999998,-0.28238078648681636,3
2026-08-24,HDFCAMC,8,1,0.04659278052914548,0.263944536447525,0.07266998,0.1062812,-0.08361121708984376,3
2026-08-24,HDFCAMC,20,1,0.043822537134087486,0.19623397290706635,-0.095659494,0.10628119999999998,-0.25194069440002437,3
2026-08-24,HDFCLIFE,6,1,0.046047092860960176,0.35260847210884094,-0.3242433,0.1062812,-0.48052450711364747,3
2026-08-24,HDFCLIFE,8,1,0.04863667532558568,0.31943589448928833,-0.35143495,0.10628119999999998,-0.5077161460601807,3
2026-08-24,HEROMOTOCO,6,1,0.052921964034574755,0.3356759548187256,0.21119118,0.1062812,0.054909977368164054,3
2026-08-24,HEROMOTOCO,8,1,0.05433729662675085,0.30894070863723755,0.31690598,0.10628120000000002,0.16062477534179687,3
2026-08-24,HEROMOTOCO,20,1,0.04835287549495853,0.1630646139383316,0.06146431,0.1062812,-0.0948168903076172,3
2026-08-24,HINDALCO,8,1,0.045172662515855166,0.39425894618034363,0.5185485,0.1062812,0.36226728861694335,3
2026-08-24,HINDPETRO,6,1,0.04515011164400064,0.5959658622741699,-0.027090311,0.1062812,-0.18337151105041505,3
2026-08-24,HINDPETRO,8,1,0.0452730802712919,0.498770147562027,-0.054079294,0.10628119999999998,-0.21036049420471187,3
2026-08-24,HINDZINC,6,1,0.04327721700726891,0.4272095561027527,-0.15913248,0.1062812,-0.3154136806213379,3
2026-08-24,HINDZINC,8,1,0.045172662515855166,0.4009038209915161,-0.46772957,0.1062812,-0.6240107684814453,3
2026-08-24,HONAUT,6,1,0.05521231083516334,0.3195821940898895,0.4232049,0.1062812,0.2669236988342285,3
2026-08-24,HONAUT,8,1,0.059568644641060285,0.292916864156723,0.68296194,0.1062812,0.5266807407653809,3
2026-08-24,HONAUT,20,1,0.04640052266574216,0.2895752787590027,0.08108616,0.1062812,-0.0751950412475586,3
2026-08-24,HUDCO,6,1,0.04740995274956096,0.33556902408599854,-0.0962913,0.1062812,-0.25257250363464356,3
2026-08-24,HUDCO,8,1,0.04898397307732435,0.31438830494880676,0.021398067,0.10628119999999998,-0.13488313252563475,3
2026-08-24,ICICIGI,6,1,0.047187421730765934,0.291871041059494,0.3271222,0.1062812,0.17084101145629882,3
2026-08-24,ICICIGI,8,1,0.049845741695128204,0.2678543031215668,0.48213005,0.1062812,0.3258488506591797,3
2026-08-24,ICICIPRULI,6,1,0.044041969055657576,0.3182593584060669,-0.38565397,0.1062812,-0.5419351726257324,3
2026-08-24,ICICIPRULI,8,1,0.046790048084975375,0.29714223742485046,-0.26077628,0.10628119999999998,-0.4170574813568115,3
2026-08-24,ICICIPRULI,20,1,0.046182712316523954,0.1664661318063736,-0.7380128,0.1062812,-0.8942939906799316,3
2026-08-24,IDEA,6,1,0.04327721700726891,0.32490479946136475,0.0,0.10628119999999998,-0.15628119999999998,3
2026-08-24,IDEA,8,1,0.0451179037571294,0.3005126118659973,0.3558755,0.10628120000000002,0.19959429209594726,3
2026-08-24,IDFCFIRSTB,6,1,0.047688921734581655,0.2698211371898651,-0.28975606,0.10628120000000002,-0.44603725964660645,3
2026-08-24,INDHOTEL,6,1,0.044850182678212676,0.30975252389907837,0.075268745,0.10628119999999998,-0.0810124545776367,3
2026-08-24,INDHOTEL,8,1,0.048649480398794916,0.2745839059352875,0.13004541,0.1062812,-0.026235786029052743,3
2026-08-24,INDIANB,6,1,0.0525311374376601,0.363635778427124,0.16490221,0.1062812,0.008621010235595694,3
2026-08-24,INDIANB,8,1,0.05065656343074653,0.32944628596305847,-0.08504391,0.10628119999999998,-0.2413251071655273,3
2026-08-24,INDIANB,20,1,0.053254456923377685,0.1905689835548401,-0.039988756,0.1062812,-0.19626995617980958,3
2026-08-24,INDIGO,6,1,0.04337518629602074,0.3506038188934326,0.28243065,0.10628119999999998,0.12614944880371098,3
2026-08-24,INDIGO,8,1,0.04563407873125584,0.32937008142471313,-0.03887415,0.1062812,-0.19515534932250977,3
2026-08-24,INDIGO,20,1,0.04411367207242224,0.23241855204105377,-0.3908515,0.10628119999999998,-0.5471326976501465,3
2026-08-24,INDUSTOWER,6,1,0.048625752182064046,0.3672771751880646,-0.37318468,0.1062812,-0.5294658809387207,3
2026-08-24,INDUSTOWER,8,1,0.0452730802712919,0.3513285219669342,-0.6377876,0.1062812,-0.7940687804901123,3
2026-08-24,INFY,6,1,0.04671762073380445,0.5310605764389038,0.017619133,0.10628120000000002,-0.13866206700439454,3
2026-08-24,INFY,8,1,0.0462644022952178,0.449805349111557,-0.14081597,0.10628120000000002,-0.29709717328186036,3
2026-08-24,IOC,6,1,0.04420907468386843,0.3988347053527832,-0.24911761,0.1062812,-0.4053988128387451,3
2026-08-24,IOC,8,1,0.04921411219939195,0.3482176959514618,-0.029355288,0.10628119999999998,-0.18563648755187984,3
2026-08-24,IPCALAB,6,1,0.04648264644596937,0.5178797245025635,0.031340122,0.1062812,-0.12494107777709962,3
2026-08-24,IPCALAB,8,1,0.05239590552359116,0.4447004497051239,-0.041806698,0.1062812,-0.198087897845459,3
2026-08-24,IRCTC,6,1,0.04519160508544727,0.3346148729324341,0.041103363,0.1062812,-0.11517783696289063,3
2026-08-24,IRCTC,8,1,0.048649480398794916,0.29095709323883057,0.03080368,0.1062812,-0.12547751958007813,3
2026-08-24,IRFC,6,1,0.04890753901486753,0.3351849615573883,-0.33537745,0.10628120000000002,-0.49165865475769044,3
2026-08-24,IRFC,8,1,0.054152953778087244,0.3101807236671448,-0.104254484,0.1062812,-0.26053568417663575,3
2026-08-24,JINDALSTEL,6,1,0.04605740964042334,0.40622761845588684,0.0,0.10628119999999998,-0.15628119999999998,3
2026-08-24,JINDALSTEL,8,1,0.046734458011330214,0.3792981803417206,0.17596483,0.1062812,0.019683632305908194,3
2026-08-24,JIOFIN,20,1,0.04487843458511528,0.13493621349334717,-0.3285408,0.1062812,-0.48482200200195313,3
2026-08-24,JKCEMENT,20,1,0.04416281998561326,0.14076270163059235,-0.39080977,0.10628119999999998,-0.5470909743988037,3
2026-08-24,JSL,6,1,0.04453139399206616,0.380176305770874,-0.62693954,0.1062812,-0.7832207351409912,3
2026-08-24,JSL,8,1,0.04544043175004513,0.34004926681518555,-0.38082004,0.1062812,-0.5371012359344483,3
2026-08-24,JSWENERGY,8,1,0.04637091570831591,0.3082791566848755,-0.02720356,0.10628119999999998,-0.18348475987548823,3
2026-08-24,JSWINFRA,6,1,0.05111169169290751,0.44252651929855347,1.4668822,0.10628119999999998,1.3106010288513184,3
2026-08-24,JSWINFRA,8,1,0.05390043928857024,0.3890553414821625,1.6172171,0.1062812,1.4609358639038086,3
2026-08-24,JSWINFRA,20,1,0.050733270316519107,0.3615587651729584,0.3974676,0.10628119999999998,0.2411864132202149,3
2026-08-24,JSWSTEEL,6,1,0.04337518629602074,0.3625090420246124,0.13027191,0.10628119999999998,-0.02600928837890623,3
2026-08-24,JSWSTEEL,8,1,0.04843650053576441,0.3292558193206787,0.46818256,0.10628120000000002,0.3119013637817383,3
2026-08-24,JUBLFOOD,6,1,0.043830294152598225,0.3342108428478241,0.32303333,0.1062812,0.16675213282470702,3
2026-08-24,JUBLFOOD,8,1,0.049391854146876975,0.30785685777664185,0.117468834,0.1062812,-0.038812366076660165,3
2026-08-24,JUBLFOOD,20,1,0.052014382931920594,0.2911014258861542,-0.25532246,0.10628119999999998,-0.41160365635986323,3
2026-08-24,KALYANKJIL,6,1,0.045491346522283316,0.39237603545188904,-0.09074807,0.1062812,-0.24702927167053224,3
2026-08-24,KALYANKJIL,8,1,0.04389623525604749,0.3370071351528168,0.090658665,0.1062812,-0.06562253529663087,3
2026-08-24,KEI,6,1,0.04791395052053476,0.5350515842437744,0.13240576,0.1062812,-0.023875442095947275,3
2026-08-24,KEI,8,1,0.050203307647978125,0.5010901093482971,0.02360344,0.10628119999999998,-0.1326777606689453,3
2026-08-24,KEI,20,1,0.06409597066430833,0.2818092405796051,0.021839142,0.1062812,-0.13444205815429688,3
2026-08-24,KOTAKBANK,6,1,0.044135210383170476,0.29750922322273254,-0.3718853,0.1062812,-0.5281664996826172,3
2026-08-24,KOTAKBANK,8,1,0.05720845481170087,0.3054558336734772,0.11193752,0.10628119999999998,-0.04434367711181639,3
2026-08-24,KPITTECH,6,1,0.04671762073380445,0.4889901876449585,0.16058683,0.10628119999999998,0.004305633953857441,3
2026-08-24,KPITTECH,8,1,0.04547252559730118,0.4242900013923645,-0.26975274,0.1062812,-0.42603394085998536,3
2026-08-24,KPRMILL,3,1,0.05361118187891894,0.8196336030960083,-0.8041918,0.10628119999999998,-0.9604730277740479,3
2026-08-24,KPRMILL,6,1,0.04648264644596937,0.5858361721038818,-1.0555804,0.10628120000000002,-1.2118615775787354,3
2026-08-24,KPRMILL,8,1,0.06132718970936671,0.5505856871604919,-1.0429442,0.10628119999999998,-1.1992253928863525,3
2026-08-24,KPRMILL,9,1,0.04946810904020857,0.569664716720581,-0.48500896,0.10628119999999998,-0.6412901550018311,3
2026-08-24,KPRMILL,10,1,0.04538508204094812,0.5383403301239014,-0.32621622,0.1062812,-0.4824974208557129,3
2026-08-24,KPRMILL,14,1,0.04504725437556997,0.33270737528800964,-1.0701716,0.1062812,-1.226452794619751,3
2026-08-24,KPRMILL,20,1,0.05031744149081548,0.3816377818584442,-0.26593208,0.1062812,-0.4222132831298828,3
2026-08-24,LAURUSLABS,6,1,0.04716824714031244,0.4048141539096832,-0.2162695,0.1062812,-0.37255069310302735,3
2026-08-24,LAURUSLABS,8,1,0.04941301634993151,0.3653393089771271,-0.5157471,0.1062812,-0.6720282703125,3
2026-08-24,LICHSGFIN,6,1,0.050031256067632396,0.27395346760749817,0.24096966,0.1062812,0.0846884578979492,3
2026-08-24,LICHSGFIN,20,1,0.05458813604057469,0.17072029411792755,-1.3420761,0.1062812,-1.498357263156128,3
2026-08-24,LICI,6,1,0.05405123935042618,0.4838596284389496,-0.35536885,0.1062812,-0.5116500526153565,3
2026-08-24,LICI,7,1,0.04659015666004588,0.45999523997306824,-0.10680556,0.10628119999999998,-0.2630867629730224,3
2026-08-24,LICI,8,1,0.05731409413641292,0.4412307143211365,-0.047409534,0.10628119999999998,-0.20369073445434566,3
2026-08-24,LINDEINDIA,6,1,0.044235704260267995,0.24845655262470245,0.030112267,0.10628119999999998,-0.12616893345947264,3
2026-08-24,LINDEINDIA,67,1,0.048657707019194224,0.3180786669254303,-0.19868612,0.1062812,-0.3549673228942871,3
2026-08-24,LLOYDSME,6,1,0.0461776081005293,0.4595731794834137,0.47540665,0.10628119999999998,0.31912544672851567,3
2026-08-24,LLOYDSME,8,1,0.04843650053576441,0.40011104941368103,0.68947077,0.1062812,0.5331895679748535,3
2026-08-24,LLOYDSME,20,1,0.05020243057624975,0.2917090952396393,-0.5287826,0.1062812,-0.6850638061248779,3
2026-08-24,LODHA,6,1,0.050318728603135736,0.5475178360939026,0.5924344,0.1062812,0.43615320628051757,3
2026-08-24,LODHA,8,1,0.05204134087585171,0.49296221137046814,0.24722815,0.1062812,0.09094694559936521,3
2026-08-24,LODHA,20,1,0.04686197972351814,0.22931508719921112,-0.876075,0.1062812,-1.032356229373169,3
2026-08-24,LODHA,65,1,0.05754017302125604,0.2913146913051605,-0.650686,0.10628120000000002,-0.8069672256195068,3
2026-08-24,LODHA,66,1,0.08008963403403618,0.2915228605270386,-0.69009066,0.1062812,-0.8463718562805176,3
2026-08-24,LODHA,67,1,0.09114734794709507,0.2835606336593628,-0.12698174,0.10628119999999998,-0.28326293522949214,3
2026-08-24,LT,6,1,0.04331966781369172,0.25976505875587463,-0.23638606,0.10628119999999998,-0.39266726071472163,3
2026-08-24,LTF,8,1,0.04563407873125584,0.4162379205226898,-0.046414137,0.1062812,-0.2026953368865967,3
2026-08-24,LTF,20,1,0.0515715449098678,0.2634798586368561,-0.52909255,0.10628119999999998,-0.68537375027771,3
2026-08-24,LTTS,6,1,0.04740995274956096,0.5614303350448608,0.010979176,0.1062812,-0.14530202443237306,3
2026-08-24,LTTS,8,1,0.04830408385668601,0.509803056716919,-0.4377544,0.1062812,-0.5940355926239014,3
2026-08-24,LTTS,20,1,0.05613864058741553,0.2805241048336029,-0.65283775,0.1062812,-0.8091189532958984,3
2026-08-24,LUPIN,6,1,0.05176669666741544,0.30041640996932983,0.10942221,0.1062812,-0.0468589931213379,3
2026-08-24,LUPIN,8,1,0.050923824705680125,0.27283355593681335,0.14606714,0.1062812,-0.010214057513427743,3
2026-08-24,LUPIN,20,1,0.04607086656883174,0.13456203043460846,-0.3101766,0.10628119999999998,-0.4664578109466552,3
2026-08-24,MAHABANK,6,1,0.04454843828205547,0.39524781703948975,0.4217744,0.10628119999999998,0.2654931873596192,3
2026-08-24,MAHABANK,8,1,0.04647249767951069,0.3554445207118988,0.14876127,0.10628119999999998,-0.007519927569580059,3
2026-08-24,MAHABANK,20,1,0.04752919018579577,0.2216358184814453,-0.16133785,0.1062812,-0.31761905247802735,3
2026-08-24,MANKIND,6,1,0.047109987352842594,0.29251328110694885,0.09249449,0.1062812,-0.06378671223754884,3
2026-08-24,MANKIND,8,1,0.048732689670991355,0.26317042112350464,0.07570982,0.1062812,-0.08057138020629884,3
2026-08-24,MARICO,6,1,0.04917379025924147,0.26251691579818726,0.023639202,0.10628119999999998,-0.13264199788208006,3
2026-08-24,MARICO,20,1,0.04703183376171253,0.1304926872253418,-0.3311634,0.10628119999999998,-0.48744460637207027,3
2026-08-24,MARUTI,6,1,0.04382305994772404,0.3063254654407501,0.13264418,0.10628119999999998,-0.023637023516845684,3
2026-08-24,MARUTI,8,1,0.054940669532944617,0.28122130036354065,0.28778315,0.1062812,0.131501945904541,3
2026-08-24,MAXHEALTH,6,1,0.05803466336326671,0.5147104263305664,0.0,0.1062812,-0.1562812,3
2026-08-24,MAXHEALTH,8,1,0.05697388381045813,0.46207964420318604,0.04018545,0.1062812,-0.11609574849243165,3
2026-08-24,MAXHEALTH,20,1,0.04437749964884586,0.2319435030221939,-0.06032586,0.1062812,-0.21660706097717286,3
2026-08-24,MAZDOCK,6,1,0.04677216148801094,0.3245368003845215,-0.16841292,0.10628119999999998,-0.32469412381286616,3
2026-08-24,MAZDOCK,8,1,0.05159895160506768,0.28592774271965027,-0.4659295,0.10628119999999998,-0.6222107082092285,3
2026-08-24,MAZDOCK,20,1,0.047447214061462635,0.18420293927192688,-0.26823878,0.10628119999999998,-0.4245199828826904,3
2026-08-24,MCX,5,1,0.051304918893883424,0.7817614078521729,-0.39992332,0.1062812,-0.556204524584961,3
2026-08-24,MCX,8,1,0.048211771333732646,0.6580795049667358,-0.089639425,0.10628119999999998,-0.24592062527770991,3
2026-08-24,MCX,67,1,0.048105098388810615,0.1881541758775711,0.44567585,0.1062812,0.2893946499145508,3
2026-08-24,MEDANTA,6,1,0.050318728603135736,0.3346337676048279,-0.2058506,0.10628120000000002,-0.36213180119628907,3
2026-08-24,MEDANTA,8,1,0.054360596189126975,0.2986583411693573,-0.092446804,0.1062812,-0.24872800404663087,3
2026-08-24,MFSL,6,1,0.05124980381077826,0.31858620047569275,-0.55119395,0.1062812,-0.7074751525604248,3
2026-08-24,MFSL,8,1,0.061742768656641286,0.33506837487220764,0.3569126,0.1062812,0.20063141291503905,3
2026-08-24,MOTILALOFS,6,1,0.04613162349122814,0.6551464200019836,-0.024795532,0.1062812,-0.1810767322265625,3
2026-08-24,MOTILALOFS,8,1,0.04608918658783333,0.5659136176109314,-0.34602284,0.1062812,-0.5023040443145752,3
2026-08-24,MOTILALOFS,20,1,0.04487899727922149,0.2232922464609146,-0.3920138,0.10628119999999995,-0.5482949882232666,3
2026-08-24,MPHASIS,6,1,0.04463334305875313,0.5331078767776489,0.10242462,0.1062812,-0.05385657841796876,3
2026-08-24,MPHASIS,8,1,0.04518525970579661,0.45138829946517944,-0.30258894,0.10628119999999998,-0.458870139666748,3
2026-08-24,MPHASIS,20,1,0.04370648398569933,0.1680777221918106,0.18889904,0.10628120000000002,0.032617840222167946,3
2026-08-24,MRF,6,1,0.047843080521813755,0.37216225266456604,-0.03721714,0.07061331760327502,-0.15783045780102894,3
2026-08-24,MRF,8,1,0.04848755328005735,0.3195984661579132,0.4651308,0.07060808844236063,0.34452271752687763,3
2026-08-24,MRF,20,1,0.04463808441043212,0.17359451949596405,-0.06314516,0.07054415732273521,-0.18368931799778404,3
2026-08-24,MUTHOOTFIN,66,1,0.04509580218030078,0.1504584103822708,0.15023947,0.1062812,-0.0060417323791504,3
2026-08-24,MUTHOOTFIN,67,1,0.05261030702762307,0.14804206788539886,0.31573772,0.10628119999999998,0.15945652430419927,3
2026-08-24,M_AND_M,8,1,0.045713049640201106,0.2583434581756592,0.6434679,0.10628119999999998,0.4871867031372071,3
2026-08-24,M_AND_M,20,1,0.045614530568917816,0.17692239582538605,-0.21270514,0.1062812,-0.368986335345459,3
2026-08-24,M_AND_MFIN,6,1,0.05017940692420206,0.5749377012252808,-0.22213459,0.10628119999999998,-0.37841579014892573,3
2026-08-24,M_AND_MFIN,8,1,0.05065656343074653,0.49482643604278564,-0.28731823,0.1062812,-0.443599429675293,3
2026-08-24,M_AND_MFIN,20,1,0.047506799565654394,0.16344141960144043,-0.5886197,0.1062812,-0.7449009090148926,3
2026-08-24,NAM-INDIA,6,1,0.043938078548678865,0.5002611875534058,-1.3151646,0.1062812,-1.471445766040039,3
2026-08-24,NAM-INDIA,8,1,0.05176331016068707,0.5005326867103577,-0.62280893,0.1062812,-0.7790901332580566,3
2026-08-24,NATIONALUM,8,1,0.04380626148891939,0.494631290435791,0.26266575,0.1062812,0.10638454859619138,3
2026-08-24,NAUKRI,6,1,0.051765462761535146,0.41606980562210083,0.2513528,0.10628119999999998,0.0950715870178223,3
2026-08-24,NAUKRI,8,1,0.05092145177743537,0.37715011835098267,0.014746189,0.10628119999999998,-0.14153501088256834,3
2026-08-24,NAUKRI,20,1,0.04742108719890774,0.2351188212633133,-0.19977689,0.1062812,-0.35605808789367677,3
2026-08-24,NESTLEIND,6,1,0.04331966781369172,0.3125355839729309,-0.11515021,0.1062812,-0.27143141324157716,3
2026-08-24,NESTLEIND,8,1,0.0502227666515883,0.2734096348285675,-0.36591887,0.1062812,-0.5222000747406006,3
2026-08-24,NESTLEIND,20,1,0.043690473943516356,0.1330600380897522,-0.35482645,0.1062812,-0.5111076503479004,3
2026-08-24,NHPC,20,1,0.047447214061462635,0.15417513251304626,0.06580353,0.10628119999999998,-0.09047767216796873,3
2026-08-24,NIACL,6,1,0.0463813589110705,0.40493321418762207,0.60750246,0.1062812,0.4512212604797364,3
2026-08-24,NIACL,8,1,0.05030772618601506,0.3624818027019501,0.17879009,0.1062812,0.02250889246826171,3
2026-08-24,NIACL,20,1,0.04675848432938249,0.2414129078388214,-0.17898679,0.1062812,-0.3352679877960205,3
2026-08-24,NLCINDIA,3,1,0.053537335444672686,0.8055740594863892,0.018203259,0.1062812,-0.1380779414855957,3
2026-08-24,NLCINDIA,6,1,0.04984931646884446,0.609125018119812,0.25520325,0.1062812,0.09892204707031248,3
2026-08-24,NLCINDIA,8,1,0.046050492424156986,0.5333362817764282,-0.14545321,0.1062812,-0.30173441464538575,3
2026-08-24,NLCINDIA,67,1,0.060990019482029374,0.26976245641708374,-0.16413927,0.1062812,-0.3204204707824707,3
2026-08-24,NMDC,6,1,0.04732349901711156,0.4159727990627289,0.08221865,0.10628119999999998,-0.07406255299682615,3
2026-08-24,NMDC,8,1,0.04941301634993151,0.3849402070045471,0.23487806,0.1062812,0.07859686320190427,3
2026-08-24,NMDC,20,1,0.04626112930089647,0.2777745723724365,-0.17516613,0.1062812,-0.331447330065918,3
2026-08-24,NYKAA,6,1,0.05044379319632365,0.42155924439430237,0.0,0.1062812,-0.1562812,3
2026-08-24,NYKAA,8,1,0.051514029239137456,0.37426838278770447,-0.030064583,0.10628119999999998,-0.18634578282470698,3
2026-08-24,NYKAA,20,1,0.04392674853051889,0.1957537829875946,0.030136108,0.10628119999999998,-0.12614509160156248,3
2026-08-24,NYKAA,34,-1,-0.04391340721289978,0.15495161712169647,0.13564825,0.1062812,-0.020632949420166025,3
2026-08-24,OBEROIRLTY,6,1,0.04337518629602074,0.41782593727111816,-0.8522332,0.1062812,-1.0085143714630127,3
2026-08-24,OBEROIRLTY,8,1,0.05195024064825555,0.4528658986091614,0.06369352,0.10628119999999998,-0.09258767659301756,3
2026-08-24,OFSS,6,1,0.043709452346131064,0.4837888181209564,0.12727976,0.1062812,-0.02900144154663087,3
2026-08-24,OFSS,8,1,0.049049180070326166,0.4301075339317322,0.18669367,0.1062812,0.030412468365478507,3
2026-08-24,OIL,8,1,0.0463917149265361,0.36908599734306335,0.17867088,0.10628119999999998,0.022389683178710956,3
2026-08-24,PAGEIND,6,1,0.04834660505184075,0.28973841667175293,-0.014084578,0.10628120000000002,-0.1703657775604248,3
2026-08-24,PAGEIND,8,1,0.05688697488357007,0.2664910852909088,0.5500674,0.1062812,0.3937862247741699,3
2026-08-24,PATANJALI,6,1,0.052745385610337786,0.38710057735443115,1.124239,0.1062812,0.9679577678955078,3
2026-08-24,PATANJALI,8,1,0.05402571483047087,0.34121474623680115,0.76423883,0.1062812,0.6079576343811035,3
2026-08-24,PAYTM,6,1,0.04823105191527361,0.47412627935409546,0.04953146,0.1062812,-0.1067497401916504,3
2026-08-24,PAYTM,8,1,0.05264652842436853,0.3974142372608185,-0.04951358,0.1062812,-0.205794778414917,3
2026-08-24,PERSISTENT,6,1,0.043492100679132804,0.4279188811779022,-0.16682744,0.10628119999999998,-0.3231086402618408,3
2026-08-24,PERSISTENT,8,1,0.047083823693033926,0.36516305804252625,-0.12302399,0.1062812,-0.27930518681640626,3
2026-08-24,PETRONET,6,1,0.0460244121980871,0.5057109594345093,0.22011995,0.1062812,0.06383875315551757,3
2026-08-24,PETRONET,8,1,0.04738649440121948,0.446924090385437,0.033807755,0.1062812,-0.12247344548339845,3
2026-08-24,PFC,6,1,0.05082442580140294,0.35719093680381775,-0.26102662,0.10628119999999998,-0.4173078208648681,3
2026-08-24,PFC,8,1,0.050673677951753794,0.3253157436847687,-0.10994673,0.10628119999999998,-0.2662279277526855,3
2026-08-24,PHOENIXLTD,6,1,0.052667894624875894,0.35217729210853577,-0.6101012,0.10628119999999995,-0.7663824229919434,3
2026-08-24,PHOENIXLTD,8,1,0.05153114376014472,0.3526870310306549,0.21309853,0.1062812,0.056817326000976554,3
2026-08-24,PIDILITIND,20,1,0.04989864801737668,0.16461482644081116,0.2865553,0.1062812,0.13027409022216796,3
2026-08-24,PIIND,20,1,0.0492135431541396,0.18918612599372864,-0.1529336,0.1062812,-0.3092147975646973,3
2026-08-24,PNB,6,1,0.05662269047155161,0.2819712162017822,-0.034469366,0.10628119999999998,-0.19075056607360835,3
2026-08-24,PNB,20,1,0.051619112499987,0.11544652283191681,-0.41475892,0.1062812,-0.5710401206695557,3
2026-08-24,POLICYBZR,6,1,0.044496340575373,0.38766810297966003,-0.14458895,0.10628119999999998,-0.30087014729614253,3
2026-08-24,POLICYBZR,8,1,0.046064956969208516,0.35397180914878845,0.033414364,0.10628119999999998,-0.122866836138916,3
2026-08-24,POLYCAB,20,1,0.0460839344751712,0.1589774638414383,0.16139746,0.1062812,0.005116257122802725,3
2026-08-24,POWERGRID,6,1,0.05440290720415646,0.3635306656360626,-0.036889315,0.1062812,-0.19317051465148927,3
2026-08-24,POWERGRID,7,1,0.045726875109487475,0.3369031846523285,-0.018465519,0.1062812,-0.17474671895141602,3
2026-08-24,POWERGRID,8,1,0.05880473018687028,0.3140597641468048,0.18473864,0.10628120000000002,0.02845743601684568,3
2026-08-24,POWERGRID,20,1,0.046411888529174085,0.16263961791992188,-0.3147006,0.1062812,-0.47098180348510743,3
2026-08-24,POWERINDIA,5,1,0.04488723318265304,0.8576287627220154,-0.23323894,0.1062812,-0.38952013547058106,3
2026-08-24,POWERINDIA,6,1,0.06534662333878391,0.7946909666061401,0.11650324,0.10628120000000002,-0.03977796132202151,3
2026-08-24,POWERINDIA,8,1,0.05942783297958146,0.6971868872642517,0.3949046,0.10628120000000002,0.23862341349487304,3
2026-08-24,PRESTIGE,6,1,0.04602235622373018,0.34123820066452026,-0.012218952,0.1062812,-0.1685001521789551,3
2026-08-24,PRESTIGE,8,1,0.04762939356545187,0.30673453211784363,0.14079809,0.1062812,-0.015483108111572275,3
2026-08-24,RADICO,6,1,0.05317999018608723,0.2690899670124054,-0.06734133,0.10628119999999998,-0.22362252766723628,3
2026-08-24,RECLTD,6,1,0.04519160508544727,0.3538665771484375,-0.642097,0.1062812,-0.7983781963073731,3
2026-08-24,RECLTD,8,1,0.046104449035031525,0.3285506069660187,-0.18379688,0.10628119999999998,-0.3400780826293945,3
2026-08-24,RECLTD,20,1,0.04388964718206446,0.2310885339975357,-0.07702708,0.1062812,-0.2333082824432373,3
2026-08-24,RELIANCE,20,1,0.047447214061462635,0.09054763615131378,-0.35125017,0.10628119999999998,-0.507531371661377,3
2026-08-24,RVNL,6,1,0.04671762073380445,0.42487284541130066,-0.8632958,0.1062812,-1.0195769935333252,3
2026-08-24,RVNL,8,1,0.05332305365344613,0.3749748766422272,-0.51977634,0.1062812,-0.6760575442993164,3
2026-08-24,RVNL,20,1,0.04719046548738965,0.18645456433296204,-0.1612544,0.10628120000000002,-0.3175356059753418,3
2026-08-24,SAIL,3,1,0.051645036030406814,0.859549880027771,0.52262545,0.1062812,0.36634424631958007,3
2026-08-24,SAIL,6,1,0.05055725668742251,0.6399680376052856,0.901556,0.1062812,0.7452748150146484,3
2026-08-24,SAIL,8,1,0.04569997415256942,0.5732752680778503,1.0974169,0.10628119999999998,0.941135677746582,3
2026-08-24,SBICARD,6,1,0.04815077754189128,0.42856264114379883,-0.0765264,0.1062812,-0.23280760342712403,3
2026-08-24,SBICARD,8,1,0.04961246167594079,0.3654981255531311,-0.2983749,0.1062812,-0.45465609128112794,3
2026-08-24,SBICARD,20,1,0.049499163115937606,0.20872221887111664,-0.09250045,0.10628119999999998,-0.24878164822692866,3
2026-08-24,SBICARD,66,1,0.046650446445002665,0.2690381705760956,-0.46617985,0.1062812,-0.6224610477172852,3
2026-08-24,SBICARD,67,1,0.05858908284757601,0.26281458139419556,-0.7175565,0.10628119999999998,-0.8738376765930176,3
2026-08-24,SBILIFE,6,1,0.05048744994584653,0.2597990036010742,-0.23978949,0.1062812,-0.3960706859313965,3
2026-08-24,SBILIFE,8,1,0.04366216520560445,0.255121648311615,-0.24579763,0.10628120000000002,-0.40207883412475587,3
2026-08-24,SBILIFE,20,1,0.04768744175506589,0.16727986931800842,-0.4662633,0.10628119999999998,-0.6225444942199707,3
2026-08-24,SCHAEFFLER,6,1,0.04846120307958779,0.3597874641418457,0.32013655,0.1062812,0.16385534708862304,3
2026-08-24,SCHAEFFLER,8,1,0.052517313688283905,0.31869131326675415,0.100028515,0.10628120000000002,-0.056252685137939476,3
2026-08-24,SHREECEM,6,1,0.05319352634212606,0.2896152138710022,0.16553402,0.1062812,0.009252819470214835,3
2026-08-24,SHREECEM,8,1,0.0606129495851222,0.2579694092273712,0.33147335,0.10628119999999998,0.1751921505249024,3
2026-08-24,SHRIRAMFIN,6,1,0.05012916129132867,0.4317536950111389,-0.19441247,0.1062812,-0.3506936698638916,3
2026-08-24,SHRIRAMFIN,8,1,0.05029556497078259,0.3711891770362854,-0.14137626,0.10628120000000002,-0.29765745694274903,3
2026-08-24,SHRIRAMFIN,20,1,0.0527850530171243,0.1415860652923584,-1.0845482,0.10628120000000002,-1.2408294349395752,3
2026-08-24,SIEMENS,8,1,0.052587907353603115,0.6393258571624756,0.42375326,0.10628119999999998,0.26747206156616216,3
2026-08-24,SIEMENS,63,1,0.046009543277307406,0.20390617847442627,0.1367569,0.10628120000000002,-0.019524303027343773,3
2026-08-24,SIEMENS,65,1,0.04424318346826357,0.19041012227535248,0.22255182,0.10628119999999998,0.06627062266235353,3
2026-08-24,SIEMENS,66,1,0.04476843554588194,0.22020761668682098,-0.026839972,0.1062812,-0.1831211715423584,3
2026-08-24,SIEMENS,67,1,0.058574645570419796,0.23571842908859253,0.36594868,0.10628119999999998,0.20966747706298833,3
2026-08-24,SJVN,6,1,0.04809374558354959,0.32315748929977417,-0.07535219,0.1062812,-0.23163339192504884,3
2026-08-24,SJVN,8,1,0.05008882809563616,0.28666120767593384,-0.015091896,0.10628119999999998,-0.1713730960571289,3
2026-08-24,SJVN,20,1,0.04791661796771602,0.15478292107582092,0.015163422,0.10628119999999998,-0.1411177783691406,3
2026-08-24,SOLARINDS,6,1,0.04892496371562921,0.5293405652046204,0.010073185,0.1062812,-0.146208015032959,3
2026-08-24,SOLARINDS,8,1,0.04867666381966013,0.4489451050758362,-0.25692582,0.1062812,-0.4132070213043213,3
2026-08-24,SRF,6,1,0.04587270433508101,0.27339571714401245,0.17820597,0.1062812,0.02192476694946288,3
2026-08-24,SUNDARMFIN,6,1,0.04946126279474481,0.44117650389671326,-0.15876293,0.1062812,-0.3150441318237305,3
2026-08-24,SUNDARMFIN,8,1,0.05163909383232537,0.4005485773086548,0.29069185,0.10628119999999998,0.13441065256958012,3
2026-08-24,SUNPHARMA,6,1,0.04634391913778082,0.25796884298324585,0.3465414,0.1062812,0.19026020472412108,3
2026-08-24,SUPREMEIND,6,1,0.04961582729547964,0.4318483769893646,0.15478134,0.10628119999999998,-0.0014998584472656062,3
2026-08-24,SUPREMEIND,8,1,0.05574593078049354,0.37837255001068115,0.4976511,0.1062812,0.3413699001586914,3
2026-08-24,SUZLON,6,1,0.045901401369477124,0.3049907982349396,-0.042700768,0.1062812,-0.19898196751708985,3
2026-08-24,SUZLON,8,1,0.05094540528791953,0.27795642614364624,0.12829304,0.10628119999999998,-0.0279881625854492,3
2026-08-24,TATACOMM,6,1,0.04385309913909675,0.48750969767570496,-0.22153854,0.1062812,-0.3778197437011719,3
2026-08-24,TATACOMM,8,1,0.0463917149265361,0.45043376088142395,-0.09582639,0.1062812,-0.2521075874053955,3
2026-08-24,TATACOMM,20,1,0.04368204011221899,0.2669753432273865,1.0062933,0.1062812,0.8500120968139648,3
2026-08-24,TATACONSUM,6,1,0.0504995087135299,0.3089555501937866,-0.038278103,0.10628119999999998,-0.1945593028747558,3
2026-08-24,TATACONSUM,8,1,0.05160466121355557,0.26903340220451355,0.019133091,0.1062812,-0.13714810902709962,3
2026-08-24,TATAELXSI,6,1,0.04671762073380445,0.5189744234085083,0.8407712,0.10628120000000002,0.6844899982727051,3
2026-08-24,TATAELXSI,8,1,0.04377469222491529,0.5331885814666748,-0.7613659,0.10628120000000002,-0.9176470905029297,3
2026-08-24,TATAINVEST,6,1,0.04747468762227051,0.2839834988117218,-0.16888976,0.10628119999999998,-0.3251709609710693,3
2026-08-24,TATAPOWER,6,1,0.0445629167867081,0.3020922839641571,0.2260685,0.1062812,0.06978729670410155,3
2026-08-24,TATAPOWER,8,1,0.04614392787815378,0.27467623353004456,0.0531435,0.1062812,-0.10313769871826173,3
2026-08-24,TATASTEEL,6,1,0.043615965192222425,0.3323161005973816,0.30441284,0.10628119999999998,0.14813164179687505,3
2026-08-24,TATASTEEL,8,1,0.04648073367526657,0.2893991470336914,0.68371296,0.1062812,0.5274317592895508,3
2026-08-24,TCS,6,1,0.05082442580140294,0.3909880816936493,-0.16046762,0.1062812,-0.31674882466430665,3
2026-08-24,TCS,8,1,0.050673677951753794,0.34328827261924744,-0.17794967,0.1062812,-0.3342308669769287,3
2026-08-24,TCS,20,1,0.04902831289917802,0.1669071465730667,-0.10441542,0.1062812,-0.2606966167175293,3
2026-08-24,TECHM,6,1,0.04730524962369257,0.38112255930900574,-0.0125825405,0.10628119999999998,-0.16886374051208494,3
2026-08-24,TECHM,8,1,0.04681003987143223,0.33494696021080017,-0.20096898,0.10628119999999998,-0.3572501807891845,3
2026-08-24,TECHM,20,1,0.05001560522009231,0.20726127922534943,0.0,0.10628119999999998,-0.15628119999999998,3
2026-08-24,TIINDIA,6,1,0.05017940692420206,0.507328450679779,-0.1563847,0.1062812,-0.3126659064971924,3
2026-08-24,TIINDIA,8,1,0.05308593947619614,0.45864903926849365,0.6736517,0.1062812,0.5173704952514648,3
2026-08-24,TIINDIA,20,1,0.05000488878318567,0.24882625043392181,-0.17001629,0.10628119999999998,-0.32629748875732417,3
2026-08-24,TMCV,6,1,0.053876629331138834,0.39191001653671265,0.86427927,0.1062812,0.7079980701721191,3
2026-08-24,TMCV,8,1,0.048146817862332936,0.37584495544433594,0.5531311,0.1062812,0.396849903515625,3
2026-08-24,TORNTPHARM,6,1,0.04839595576464299,0.4150105118751526,0.39913654,0.1062812,0.24285534327392577,3
2026-08-24,TORNTPHARM,8,1,0.05117144660730689,0.36165130138397217,0.28662682,0.10628120000000002,0.13034561579589843,3
2026-08-24,TORNTPHARM,20,1,0.04607086656883174,0.1786443442106247,-0.07146001,0.1062812,-0.22774120862121583,3
2026-08-24,TORNTPOWER,6,1,0.044037811943148965,0.29754751920700073,-0.14420152,0.1062812,-0.30048271710510255,3
2026-08-24,TORNTPOWER,8,1,0.046431193769658353,0.2682000994682312,0.056135654,0.1062812,-0.10014554555053712,3
2026-08-24,TORNTPOWER,20,1,0.045497573366202186,0.15009059011936188,-0.56351423,0.1062812,-0.7197954326354981,3
2026-08-24,TRENT,6,1,0.046630351256846385,0.3066609501838684,0.17091036,0.1062812,0.014629158428955069,3
2026-08-24,TRENT,8,1,0.04732834233258345,0.27315688133239746,0.09902716,0.1062812,-0.057254043170166025,3
2026-08-24,TRENT,20,1,0.04449133650124066,0.16570915281772614,-0.7243395,0.10628119999999998,-0.880620685168457,3
2026-08-24,TVSMOTOR,6,1,0.05257058212017019,0.3675481081008911,0.570941,0.10628119999999998,0.41465977137451177,3
2026-08-24,TVSMOTOR,8,1,0.053733534028501534,0.34342411160469055,0.75792074,0.10628120000000002,0.6016395420349121,3
2026-08-24,UBL,6,1,0.04327721700726891,0.33935806155204773,0.037002563,0.1062812,-0.11927863652343751,3
2026-08-24,UBL,8,1,0.04679655780152935,0.3359276354312897,0.33409595,0.10628119999999998,0.17781475489501958,3
2026-08-24,ULTRACEMCO,20,1,0.05184828871263713,0.10469582676887512,-0.29495955,0.1062812,-0.45124074513549806,3
2026-08-24,UNIONBANK,6,1,0.0488660455734209,0.32818374037742615,0.04364252,0.1062812,-0.112638679095459,3
2026-08-24,UNIONBANK,8,1,0.04506478528873259,0.30234408378601074,-0.18498302,0.10628119999999998,-0.34126421506042476,3
2026-08-24,UNITDSPR,6,1,0.04447320369278951,0.2578061521053314,-0.2328217,0.1062812,-0.38910290295715333,3
2026-08-24,UNITDSPR,8,1,0.047225674603203746,0.2416847050189972,-0.12946725,0.10628120000000002,-0.285748448916626,3
2026-08-24,UNOMINDA,6,1,0.054190846977357134,0.305389404296875,0.280118,0.1062812,0.12383678858642576,3
2026-08-24,UNOMINDA,8,1,0.05485382466486197,0.2904360592365265,0.103878975,0.10628119999999998,-0.0524022250854492,3
2026-08-24,UPL,6,1,0.044037811943148965,0.29103749990463257,0.1224637,0.10628119999999998,-0.0338174968444824,3
2026-08-24,UPL,20,1,0.04355973607650787,0.1401919275522232,-0.37676692,0.1062812,-0.5330481200897217,3
2026-08-24,VBL,3,1,0.056042718589195656,0.7617484927177429,-0.30469894,0.10628119999999998,-0.46098014409179683,3
2026-08-24,VBL,5,1,0.050282265199998635,0.6145300269126892,0.16437769,0.10628119999999998,0.008096489361572284,3
2026-08-24,VBL,6,1,0.06571549110337668,0.5604877471923828,0.3640294,0.10628120000000002,0.2077482075012207,3
2026-08-24,VBL,7,1,0.05484295387111178,0.5158129334449768,0.4703641,0.1062812,0.31408289378051757,3
2026-08-24,VBL,8,1,0.06855848798487676,0.4803118109703064,0.37590265,0.1062812,0.2196214527404785,3
2026-08-24,VBL,9,1,0.04434850419715667,0.45647117495536804,0.48234463,0.1062812,0.3260634273803711,3
2026-08-24,VEDL,8,1,0.04569997415256942,0.4602367579936981,-1.9810796,0.1062812,-2.137360778399658,3
2026-08-24,VEDL,20,1,0.05357359685517105,0.5326217412948608,0.6381035,0.1062812,0.4818222851074219,3
2026-08-24,VEDL,23,1,0.04532126214370521,0.5471465587615967,0.60174465,0.1062812,0.4454634517944336,3
2026-08-24,VOLTAS,6,1,0.04446213304505065,0.27365604043006897,-0.20292401,0.10628119999999998,-0.35920521313781734,3
2026-08-24,VOLTAS,20,1,0.043690473943516356,0.14291618764400482,-0.25312304,0.1062812,-0.4094042449676514,3
2026-08-24,WIPRO,6,1,0.04373581837700526,0.37515369057655334,-0.4779756,0.1062812,-0.634256806918335,3
2026-08-24,WIPRO,8,1,0.05176331016068707,0.3491159677505493,-0.022047758,0.1062812,-0.178328958102417,3
2026-08-24,YESBANK,20,1,0.045892399451898894,0.14795491099357605,-0.44053197,0.10628119999999998,-0.5968131690704346,3
2026-08-24,ZYDUSLIFE,6,1,0.050080710224951086,0.48093414306640625,0.2693057,0.10628119999999998,0.11302450602416995,3
2026-08-24,ZYDUSLIFE,8,1,0.051514029239137456,0.4248187839984894,0.25126934,0.1062812,0.0949881405151367,3
2026-08-24,ZYDUSLIFE,20,1,0.05562160448217844,0.18678812682628632,-0.35948753,0.10628119999999998,-0.515768733569336,3
2026-08-25,360ONE,7,1,0.0483282163723307,0.38229241967201233,-0.12496114,0.1062812,-0.28124233777160645,3
2026-08-25,360ONE,9,1,0.048835833180645064,0.35931718349456787,-0.11665821,0.10628120000000002,-0.27293941075439454,3
2026-08-25,360ONE,10,1,0.04884095683930714,0.3465014398097992,-0.02502203,0.1062812,-0.181303229876709,3
2026-08-25,360ONE,11,1,0.05284404954696395,0.3326399028301239,-0.083333254,0.1062812,-0.23961445386047364,3
2026-08-25,360ONE,12,1,0.04409919664710115,0.31797584891319275,-0.091695786,0.10628119999999998,-0.2479769855224609,3
2026-08-25,360ONE,13,1,0.05214698259598093,0.3091870844364166,0.008332729,0.1062812,-0.1479484706604004,3
2026-08-25,360ONE,16,1,0.05129662366554452,0.23418256640434265,0.0166893,0.10628119999999998,-0.1395918994628906,3
2026-08-25,360ONE,67,-1,-0.12847329553385833,0.19620831310749054,-0.4149437,0.1062812,-0.5712248950683594,3
2026-08-25,3MINDIA,8,1,0.04979226632686218,0.2446361929178238,-0.31203628,0.1062812,-0.46831747586364747,3
2026-08-25,3MINDIA,9,1,0.04362046792165423,0.23494423925876617,-0.25278926,0.1062812,-0.4090704589569092,3
2026-08-25,3MINDIA,12,1,0.0487826425116994,0.2017955183982849,-0.13400912,0.1062812,-0.29029032284851075,3
2026-08-25,3MINDIA,13,1,0.045495942740772205,0.19773350656032562,0.13414621,0.1062812,-0.02213498646850587,3
2026-08-25,3MINDIA,14,1,0.050887996235361534,0.15757085382938385,0.10433197,0.1062812,-0.05194922978515626,3
2026-08-25,3MINDIA,16,1,0.06411539530049558,0.1288440227508545,0.17888546,0.1062812,0.022604259899902335,3
2026-08-25,3MINDIA,67,-1,-0.11891125450230772,0.12473347783088684,-0.328362,0.10628119999999998,-0.4846431880676269,3
2026-08-25,ABB,7,1,0.06187998653346205,0.2998124063014984,0.64986944,0.10628119999999998,0.49358824198608403,3
2026-08-25,ABB,8,1,0.05556510136727743,0.27829864621162415,0.43518543,0.10628119999999998,0.2789042324340821,3
2026-08-25,ABB,9,1,0.05174418802897273,0.26319313049316406,0.6767154,0.1062812,0.5204341739929199,3
2026-08-25,ABB,10,1,0.07280667138908639,0.270486444234848,0.6914139,0.1062812,0.5351326793945312,3
2026-08-25,ABB,11,1,0.07618928957401407,0.2631637752056122,0.81973076,0.1062812,0.6634495586669922,3
2026-08-25,ABB,12,1,0.04333386663220225,0.29583823680877686,0.28725863,0.1062812,0.13097742503051757,3
2026-08-25,ABB,13,1,0.04874116625088927,0.320220023393631,0.12655258,0.1062812,-0.029728618212890634,3
2026-08-25,ABB,14,1,0.05309546785820512,0.2838504910469055,0.3196597,0.1062812,0.1633785099304199,3
2026-08-25,ABB,15,1,0.04469579214144022,0.2718866467475891,0.48686266,0.1062812,0.3305814594543457,3
2026-08-25,ABB,16,1,0.07412992529531715,0.29567795991897583,0.43900013,0.1062812,0.282718929699707,3
2026-08-25,ABB,17,1,0.048056772078889115,0.29523810744285583,0.70670843,0.1062812,0.5504272312438965,3
2026-08-25,ABB,67,-1,-0.12366429923452904,0.17478902637958527,-0.33545494,0.1062812,-0.49173614079589845,3
2026-08-25,ABBOTINDIA,6,1,0.044560271794009704,0.2688245177268982,-0.038051605,0.1062812,-0.19433280522460938,3
2026-08-25,ABBOTINDIA,7,1,0.06606463755995379,0.2616555690765381,0.057065487,0.1062812,-0.09921571309204102,3
2026-08-25,ABBOTINDIA,8,1,0.04797339552225184,0.26389679312705994,-0.17100573,0.10628119999999998,-0.32728692586059566,3
2026-08-25,ABBOTINDIA,10,1,0.06060338940161544,0.2596413493156433,0.038075447,0.1062812,-0.11820575291748048,3
2026-08-25,ABBOTINDIA,11,1,0.059573988825789286,0.2542588412761688,0.19077063,0.1062812,0.034489426068115225,3
2026-08-25,ABBOTINDIA,12,1,0.04782772807295834,0.28041067719459534,-0.2278328,0.1062812,-0.38411399418945313,3
2026-08-25,ABBOTINDIA,13,1,0.05847399026478297,0.2854967713356018,-0.07611513,0.1062812,-0.23239633137817384,3
2026-08-25,ABBOTINDIA,15,1,0.04335791638639845,0.22159987688064575,0.1142025,0.1062812,-0.04207870061035157,3
2026-08-25,ABBOTINDIA,16,1,0.05570555155719431,0.2161618322134018,0.30453205,0.1062812,0.14825085108642577,3
2026-08-25,ABBOTINDIA,67,-1,-0.1039400814551949,0.10545956343412399,-0.32166243,0.1062812,-0.47794362599487306,3
2026-08-25,ABCAPITAL,7,1,0.052725723529683,0.3458726704120636,-0.21834373,0.10628119999999998,-0.3746249347412109,3
2026-08-25,ABCAPITAL,8,1,0.043302286673624506,0.3222748339176178,-0.29126406,0.1062812,-0.44754525715942384,3
2026-08-25,ABCAPITAL,9,1,0.054298914224674026,0.3080269694328308,-0.30317903,0.1062812,-0.4594602256500244,3
2026-08-25,ABCAPITAL,10,1,0.06312510155937602,0.30586323142051697,-0.060731173,0.1062812,-0.21701237256164552,3
2026-08-25,ABCAPITAL,11,1,0.06455903288365629,0.29161468148231506,0.07289648,0.10628119999999998,-0.08338471943969725,3
2026-08-25,ABCAPITAL,12,1,0.06129595231724493,0.2765592038631439,0.024294853,0.10628120000000002,-0.1319863467895508,3
2026-08-25,ABCAPITAL,13,1,0.061069779845536125,0.2664458453655243,0.0,0.1062812,-0.1562812,3
2026-08-25,ABCAPITAL,16,1,0.06079129769245986,0.191147580742836,-0.1337707,0.1062812,-0.2900519042694092,3
2026-08-25,ABCAPITAL,67,-1,-0.12547956331454937,0.17274045944213867,-0.88398457,0.1062812,-1.0402657657348633,3
2026-08-25,ACC,14,1,0.049250894241059384,0.16053210198879242,-0.069504976,0.10628119999999998,-0.22578617627258296,3
2026-08-25,ACC,15,1,0.0433554048535558,0.1478215605020523,-0.0077188015,0.1062812,-0.1640000014984131,3
2026-08-25,ACC,16,1,0.06423367414971647,0.14190782606601715,0.085031986,0.1062812,-0.07124921376342774,3
2026-08-25,ACC,67,-1,-0.12847329553385833,0.13884970545768738,-0.46868324,0.1062812,-0.6249644427978516,3
2026-08-25,ADANIENSOL,7,1,0.06313967783649005,0.4378577768802643,0.103759766,0.10628119999999998,-0.05252143437499998,3
2026-08-25,ADANIENSOL,8,1,0.05658836966472889,0.4157201051712036,0.18838644,0.10628120000000002,0.032105240277099586,3
2026-08-25,ADANIENSOL,9,1,0.06630390777674995,0.40351447463035583,0.6057024,0.10628120000000002,0.4494212002075195,3
2026-08-25,ADANIENSOL,10,1,0.06463492015367385,0.3787385821342468,0.39057732,0.10628119999999998,0.23429611628417973,3
2026-08-25,ADANIENSOL,11,1,0.06227328337946223,0.3545408546924591,0.41633844,0.10628119999999998,0.26005724375610356,3
2026-08-25,ADANIENSOL,12,1,0.05259987769723859,0.3414801359176636,0.44897795,0.1062812,0.2926967472351074,3
2026-08-25,ADANIENSOL,13,1,0.053827264484897844,0.3269340991973877,0.82570314,0.1062812,0.6694219440734863,3
2026-08-25,ADANIENSOL,14,1,0.04338734139690135,0.2517307698726654,0.73224306,0.10628120000000002,0.5759618610656738,3
2026-08-25,ADANIENSOL,16,1,0.05351560441800564,0.21964450180530548,0.80280304,0.1062812,0.6465218395507812,3
2026-08-25,ADANIENSOL,67,-1,-0.11462461126443388,0.18048763275146484,-1.2573838,0.10628119999999998,-1.4136650233947754,3
2026-08-25,ADANIENT,7,1,0.06229034630362142,0.3832749128341675,0.37696362,0.1062812,0.22068241541748046,3
2026-08-25,ADANIENT,8,1,0.06420185195368455,0.3626357614994049,0.66019297,0.1062812,0.5039117664611816,3
2026-08-25,ADANIENT,9,1,0.07075265782746169,0.34181663393974304,1.1426449,0.1062812,0.9863636822021484,3
2026-08-25,ADANIENT,10,1,0.07487374004810822,0.32126978039741516,1.0959387,0.10628119999999998,0.9396574825561523,3
2026-08-25,ADANIENT,11,1,0.07878352808243347,0.3090367019176483,1.4326215,0.10628119999999998,1.2763402790344238,3
2026-08-25,ADANIENT,12,1,0.063476578750638,0.29262471199035645,1.5443683,0.10628119999999998,1.3880870670593262,3
2026-08-25,ADANIENT,13,1,0.06603757757288946,0.2801729738712311,1.9896865,0.1062812,1.8334052891052246,3
2026-08-25,ADANIENT,14,1,0.06308334068951109,0.2797452509403229,1.5958786,0.1062812,1.4395974010742187,3
2026-08-25,ADANIENT,15,1,0.04814804915974904,0.2815644443035126,1.549685,0.10628119999999998,1.393403801373291,3
2026-08-25,ADANIENT,16,1,0.07798732208471114,0.2870755195617676,1.0730863,0.10628119999999998,0.9168050617492676,3
2026-08-25,ADANIENT,17,1,0.05014587007301591,0.29281461238861084,0.93969107,0.10628119999999998,0.7834098667419434,3
2026-08-25,ADANIENT,67,-1,-0.12513003064498607,0.23793332278728485,-0.80384016,0.10628119999999998,-0.9601213603698731,3
2026-08-25,ADANIGREEN,7,1,0.04983591908829386,0.3839855194091797,-0.061005354,0.1062812,-0.2172865539276123,3
2026-08-25,ADANIGREEN,8,1,0.050336701578015695,0.3803609311580658,0.015282631,0.10628119999999998,-0.14099856907958982,3
2026-08-25,ADANIGREEN,9,1,0.06014772130523189,0.36558353900909424,0.19886494,0.10628120000000002,0.04258373682861326,3
2026-08-25,ADANIGREEN,10,1,0.06009951437386969,0.36112692952156067,0.19168854,0.1062812,0.03540733759765624,3
2026-08-25,ADANIGREEN,11,1,0.059392414100649875,0.34125781059265137,0.2990842,0.10628119999999998,0.14280298655395512,3
2026-08-25,ADANIGREEN,12,1,0.056154816292513426,0.32201164960861206,0.42934418,0.1062812,0.27306297724609374,3
2026-08-25,ADANIGREEN,13,1,0.05424967278393738,0.3209717273712158,0.30616522,0.1062812,0.14988401835327148,3
2026-08-25,ADANIGREEN,14,1,0.0609898079026077,0.2899439334869385,0.2747059,0.10628119999999998,0.11842468684082035,3
2026-08-25,ADANIGREEN,15,1,0.04737898119645223,0.2923911511898041,0.595963,0.10628119999999998,0.43968180125122075,3
2026-08-25,ADANIGREEN,16,1,0.09059938910347778,0.26990118622779846,0.679338,0.1062812,0.5230567783630371,3
2026-08-25,ADANIGREEN,17,1,0.056010673477481995,0.2700363099575043,0.74169636,0.10628119999999998,0.5854151577270508,3
2026-08-25,ADANIGREEN,67,-1,-0.11080280653003624,0.22493834793567657,-0.68130493,0.1062812,-0.837586131640625,3
2026-08-25,ADANIPORTS,67,-1,-0.12001979844920858,0.15901216864585876,-0.54324865,0.1062812,-0.6995298534118652,3
2026-08-25,ADANIPOWER,7,1,0.05695895083765935,0.3883203864097595,0.1621604,0.10628119999999998,0.005879196575927753,3
2026-08-25,ADANIPOWER,8,1,0.04652326327744188,0.3603598475456238,0.18179417,0.10628119999999998,0.025512966564941425,3
2026-08-25,ADANIPOWER,9,1,0.0559352141953701,0.35862064361572266,0.49755573,0.10628119999999998,0.34127453272705083,3
2026-08-25,ADANIPOWER,10,1,0.04435625194098921,0.3624914586544037,0.16230345,0.1062812,0.006022247723388663,3
2026-08-25,ADANIPOWER,11,1,0.04589580824185825,0.3427516520023346,-0.10816455,0.1062812,-0.2644457488739014,3
2026-08-25,ADANIPOWER,12,1,0.051066970120146285,0.34559810161590576,0.29592514,0.1062812,0.13964394038085937,3
2026-08-25,ADANIPOWER,13,1,0.054135175509877974,0.33003318309783936,0.3103137,0.10628119999999998,0.15403250162963872,3
2026-08-25,ADANIPOWER,14,1,0.05824267144232387,0.2905084788799286,-0.053966045,0.1062812,-0.21024724537963868,3
2026-08-25,ADANIPOWER,15,1,0.048911450723959575,0.26134616136550903,-0.11280179,0.10628119999999998,-0.2690829902374267,3
2026-08-25,ADANIPOWER,16,1,0.051609688755345336,0.2370460331439972,-0.161767,0.1062812,-0.31804820592041017,3
2026-08-25,ADANIPOWER,67,-1,-0.11692453503327141,0.21557573974132538,-0.26727915,0.1062812,-0.42356034810180665,3
2026-08-25,AIAENG,6,1,0.04388885105062024,0.45509880781173706,-0.22717118,0.1062812,-0.3834523826324463,3
2026-08-25,AIAENG,7,1,0.0695915424536034,0.4667018949985504,0.011742115,0.1062812,-0.14453908497924806,3
2026-08-25,AIAENG,8,1,0.05813048042447331,0.4381307065486908,0.13614893,0.1062812,-0.020132270404052743,3
2026-08-25,AIAENG,9,1,0.047943452982151476,0.41824665665626526,0.039875507,0.1062812,-0.11640569264526368,3
2026-08-25,AIAENG,10,1,0.058172517136601556,0.40737172961235046,-0.051665306,0.10628119999999998,-0.20794650609130855,3
2026-08-25,AIAENG,11,1,0.05850064618062822,0.3811265528202057,0.2891302,0.10628119999999998,0.1328490108764649,3
2026-08-25,AIAENG,12,1,0.06324313242185453,0.36079469323158264,0.27743578,0.10628120000000002,0.12115457957153318,3
2026-08-25,AIAENG,13,1,0.05395449612910004,0.34839656949043274,0.17135143,0.1062812,0.01507023280029296,3
2026-08-25,AIAENG,14,1,0.06253928445584124,0.2662302255630493,0.13612509,0.1062812,-0.0201561122619629,3
2026-08-25,AIAENG,16,1,0.047291167719831134,0.23369251191616058,0.030493736,0.1062812,-0.12578746373291017,3
2026-08-25,AIAENG,67,-1,-0.1082759280018295,0.17496418952941895,-0.30101538,0.10628119999999998,-0.4572965770446777,3
2026-08-25,AJANTPHARM,5,1,0.05024535799018459,0.6568664312362671,-0.36030412,0.1062812,-0.5165853172027588,3
2026-08-25,AJANTPHARM,6,1,0.050208589969112954,0.5910473465919495,-0.3150642,0.10628119999999998,-0.47134539181823726,3
2026-08-25,AJANTPHARM,7,1,0.0687307309457078,0.5468869209289551,-0.24421811,0.1062812,-0.400499311038208,3
2026-08-25,AJANTPHARM,8,1,0.04338553852759385,0.5162960290908813,-0.53527355,0.1062812,-0.691554751940918,3
2026-08-25,AJANTPHARM,9,1,0.06572472250600923,0.5101881623268127,-0.4262805,0.10628119999999998,-0.5825616985046387,3
2026-08-25,AJANTPHARM,10,1,0.06316764562635917,0.48052164912223816,-0.42934418,0.1062812,-0.5856253772460938,3
2026-08-25,AJANTPHARM,11,1,0.07827916456862123,0.4480785131454468,-0.34139156,0.10628119999999998,-0.4976727634155273,3
2026-08-25,AJANTPHARM,12,1,0.0760227706356348,0.4238084852695465,-0.2875805,0.1062812,-0.4438616901123047,3
2026-08-25,AJANTPHARM,13,1,0.07376291551313986,0.40331020951271057,-0.3103614,0.10628119999999998,-0.46664258534545894,3
2026-08-25,AJANTPHARM,14,1,0.08645099094690348,0.3031761646270752,-0.1907289,0.10628119999999998,-0.3470101028167724,3
2026-08-25,AJANTPHARM,15,1,0.07114660295980273,0.27395808696746826,-0.059831142,0.1062812,-0.21611234242553712,3
2026-08-25,AJANTPHARM,16,1,0.09280162018849306,0.24463185667991638,0.29683113,0.10628119999999998,0.14054993098144536,3
2026-08-25,AJANTPHARM,67,-1,-0.11295150320223514,0.09911161661148071,-0.4680276,0.1062812,-0.6243087917053223,3
2026-08-25,ALKEM,7,1,0.05695425331304224,0.37640711665153503,-0.38472414,0.1062812,-0.5410053401672363,3
2026-08-25,ALKEM,8,1,0.053830227242547324,0.3625687062740326,-0.16928315,0.10628119999999998,-0.32556435162658687,3
2026-08-25,ALKEM,9,1,0.05407097861249092,0.3440496325492859,-0.22560358,0.1062812,-0.3818847804748535,3
2026-08-25,ALKEM,10,1,0.05906013882635163,0.33274027705192566,-0.26345253,0.1062812,-0.41973372990722657,3
2026-08-25,ALKEM,11,1,0.05974666767873339,0.3186112940311432,-0.028246641,0.1062812,-0.18452784115905763,3
2026-08-25,ALKEM,12,1,0.06122835033254829,0.3005090653896332,-0.08472204,0.1062812,-0.24100324208374024,3
2026-08-25,ALKEM,13,1,0.05809752345757106,0.28391125798225403,0.12242794,0.10628119999999998,-0.03385325963134764,3
2026-08-25,ALKEM,16,1,0.05305298019593487,0.15276320278644562,0.26379824,0.1062812,0.1075170368469238,3
2026-08-25,ALKEM,67,-1,-0.11972129733014118,0.1207810491323471,-0.8453846,0.10628119999999998,-1.0016657977783203,3
2026-08-25,AMBUJACEM,7,1,0.05622536319593293,0.26083314418792725,-0.25776625,0.10628119999999998,-0.41404744679565425,3
2026-08-25,AMBUJACEM,16,1,0.057480769748369125,0.15203167498111725,0.2952814,0.10628119999999998,0.1390002102172852,3
2026-08-25,AMBUJACEM,67,-1,-0.12523282889416157,0.2286205291748047,-0.59661865,0.10628119999999998,-0.75289985234375,3
2026-08-25,APARINDS,7,1,0.049641097823939634,0.7076583504676819,-0.22384524,0.1062812,-0.3801264434539795,3
2026-08-25,APARINDS,9,1,0.05247435476423937,0.642874002456665,0.24225712,0.10628119999999998,0.08597591822509769,3
2026-08-25,APARINDS,10,1,0.04832991128002858,0.6071710586547852,0.21868944,0.10628119999999998,0.06240824168090822,3
2026-08-25,APARINDS,11,1,0.05326591534837189,0.5760391354560852,0.29591322,0.1062812,0.1396320194519043,3
2026-08-25,APARINDS,14,1,0.04760142723152604,0.4174889922142029,0.14169216,0.10628119999999998,-0.014589038439941387,3
2026-08-25,APARINDS,16,1,0.06811778242644069,0.3696686327457428,0.041258335,0.10628120000000002,-0.11502286488647463,3
2026-08-25,APARINDS,67,-1,-0.11909806816247824,0.15168067812919617,0.047057867,0.10628119999999998,-0.10922333294982908,3
2026-08-25,APLAPOLLO,7,1,0.06904456460001311,0.3204224407672882,0.060904026,0.10628119999999998,-0.09537717396850584,3
2026-08-25,APLAPOLLO,8,1,0.05976645700228674,0.3021150827407837,0.28595924,0.1062812,0.12967804377441405,3
2026-08-25,APLAPOLLO,9,1,0.07299207913924684,0.3090789020061493,0.32868385,0.1062812,0.17240265314941405,3
2026-08-25,APLAPOLLO,10,1,0.07342398084277545,0.3043398857116699,0.46551228,0.10628120000000002,0.3092310756958008,3
2026-08-25,APLAPOLLO,11,1,0.07496195680075639,0.292218416929245,0.4089713,0.10628119999999998,0.2526901096618653,3
2026-08-25,APLAPOLLO,14,1,0.05609716151437871,0.32938656210899353,-0.18253922,0.10628119999999998,-0.33882042462463374,3
2026-08-25,APLAPOLLO,15,1,0.04810839959484801,0.33924517035484314,-0.44409037,0.1062812,-0.6003715663635254,3
2026-08-25,APLAPOLLO,16,1,0.08161584211828125,0.35167619585990906,-0.3041625,0.1062812,-0.46044370228881837,3
2026-08-25,APLAPOLLO,17,1,0.05124982928346211,0.34935262799263,-0.051510334,0.1062812,-0.2077915340148926,3
2026-08-25,APLAPOLLO,21,1,0.05039606041847705,0.29271969199180603,-0.16887784,0.10628119999999998,-0.3251590400421142,3
2026-08-25,APLAPOLLO,67,-1,-0.09945526352549074,0.1783524453639984,-0.18732548,0.10628120000000002,-0.34360667760009767,3
2026-08-25,APOLLOHOSP,16,1,0.06112558515333512,0.10924951732158661,-0.01731515,0.10628119999999998,-0.17359634930725096,3
2026-08-25,APOLLOHOSP,63,-1,-0.04435845759699348,0.16702747344970703,-0.3064394,0.1062812,-0.4627205997192383,3
2026-08-25,APOLLOHOSP,67,-1,-0.11167144788635285,0.14007189869880676,-0.75947046,0.10628119999999998,-0.9157516627990723,3
2026-08-25,APOLLOTYRE,7,1,0.05584926037859639,0.4024977684020996,-0.23728609,0.1062812,-0.3935672908508301,3
2026-08-25,APOLLOTYRE,8,1,0.04893294381566405,0.36510133743286133,-0.25982857,0.1062812,-0.4161097675048828,3
2026-08-25,APOLLOTYRE,9,1,0.04469481005605004,0.3440891206264496,-0.45121312,0.1062812,-0.6074943214141846,3
2026-08-25,APOLLOTYRE,10,1,0.050320971190101,0.32970181107521057,-0.30498505,0.10628119999999998,-0.4612662463867187,3
2026-08-25,APOLLOTYRE,11,1,0.06980138118776578,0.3204408884048462,-0.07916093,0.1062812,-0.2354421287261963,3
2026-08-25,APOLLOTYRE,12,1,0.06148123357575046,0.31138110160827637,-0.11307001,0.1062812,-0.269351211138916,3
2026-08-25,APOLLOTYRE,13,1,0.06855854906721626,0.31077083945274353,-0.07930398,0.10628119999999998,-0.23558517987365718,3
2026-08-25,APOLLOTYRE,14,1,0.04536358214804506,0.22571788728237152,-0.1585722,0.10628119999999998,-0.31485339696044917,3
2026-08-25,APOLLOTYRE,16,1,0.05481732933409314,0.1926349550485611,-0.0113248825,0.1062812,-0.16760608250732423,3
2026-08-25,APOLLOTYRE,67,-1,-0.1277841390948835,0.1413867175579071,0.23752451,0.1062812,0.08124330942993162,3
2026-08-25,ASHOKLEY,7,1,0.051576340685166616,0.32164421677589417,0.034689903,0.1062812,-0.12159129674072267,3
2026-08-25,ASHOKLEY,8,1,0.04976123178040205,0.3139212727546692,-0.08085966,0.1062812,-0.23714086110229493,3
2026-08-25,ASHOKLEY,9,1,0.05643354562847633,0.29636162519454956,-0.121319294,0.1062812,-0.2776004939758301,3
2026-08-25,ASHOKLEY,10,1,0.05638533869711413,0.27939826250076294,0.0057816505,0.1062812,-0.15049954945678712,3
2026-08-25,ASHOKLEY,11,1,0.05995874951655627,0.264918714761734,0.16177893,0.1062812,0.005497726849365225,3
2026-08-25,ASHOKLEY,12,1,0.05352590267432102,0.2658044397830963,-0.15575886,0.1062812,-0.3120400577270508,3
2026-08-25,ASHOKLEY,13,1,0.06603004728802346,0.2664492130279541,-0.034695864,0.1062812,-0.1909770637237549,3
2026-08-25,ASHOKLEY,16,1,0.061299193280082535,0.21896803379058838,-0.034701824,0.1062812,-0.19098302418823243,3
2026-08-25,ASHOKLEY,63,-1,-0.048452622758828445,0.11160701513290405,-0.77542067,0.1062812,-0.9317018657409668,3
2026-08-25,ASHOKLEY,67,-1,-0.12526163778920552,0.17270484566688538,-0.3100872,0.1062812,-0.4663684039794922,3
2026-08-25,ASIANPAINT,12,1,0.04489802027729988,0.16962043941020966,-0.01910925,0.1062812,-0.17539044911499024,3
2026-08-25,ASIANPAINT,13,1,0.05045380070301555,0.17165613174438477,0.019133091,0.1062812,-0.13714810902709962,3
2026-08-25,ASIANPAINT,14,1,0.05035796723433548,0.1473744660615921,0.0,0.1062812,-0.1562812,3
2026-08-25,ASIANPAINT,16,1,0.06232759971580231,0.13995404541492462,0.06122589,0.1062812,-0.09505530888671876,3
2026-08-25,ASIANPAINT,63,-1,-0.048452622758828445,0.13969774544239044,-0.46516657,0.1062812,-0.6214477687561035,3
2026-08-25,ASIANPAINT,67,-1,-0.12526163778920552,0.1491778939962387,-0.42226315,0.10628119999999998,-0.5785443454467774,3
2026-08-25,ASTRAL,7,1,0.05077344344873526,0.36022627353668213,-0.2939999,0.1062812,-0.45028111035461427,3
2026-08-25,ASTRAL,9,1,0.05899192788390665,0.3354986011981964,0.08519888,0.10628119999999998,-0.07108232075805662,3
2026-08-25,ASTRAL,10,1,0.06140027623396141,0.3191073536872864,-0.03274679,0.10628119999999998,-0.18902799183959956,3
2026-08-25,ASTRAL,11,1,0.05701815341780143,0.300720751285553,0.072062016,0.1062812,-0.08421918446655274,3
2026-08-25,ASTRAL,12,1,0.0506318427090129,0.2897742688655853,-0.03929138,0.1062812,-0.1955725818359375,3
2026-08-25,ASTRAL,13,1,0.054271984120685526,0.27823469042778015,-0.026196241,0.10628119999999998,-0.18247744137878413,3
2026-08-25,ASTRAL,16,1,0.05813378181148185,0.19034728407859802,0.20296574,0.1062812,0.04668453638916015,3
2026-08-25,ASTRAL,63,-1,-0.048452622758828445,0.18486933410167694,-0.29337406,0.10628119999999998,-0.4496552615844726,3
2026-08-25,ASTRAL,67,-1,-0.12429803877598626,0.21498821675777435,-0.11050701,0.1062812,-0.2667882114135742,3
2026-08-25,ATGL,7,1,0.052483940436059175,0.3412036895751953,0.039219856,0.10628119999999998,-0.11706134373779295,3
2026-08-25,ATGL,9,1,0.057224731339539855,0.31845709681510925,0.05491972,0.10628119999999998,-0.10136148030395506,3
2026-08-25,ATGL,10,1,0.04891664025091181,0.29889392852783203,-0.039231777,0.10628119999999998,-0.19551297719116206,3
2026-08-25,ATGL,11,1,0.06603801912824517,0.2873798608779907,0.04711151,0.1062812,-0.10916968876953126,3
2026-08-25,ATGL,12,1,0.05984181709976327,0.27144432067871094,0.12573004,0.1062812,-0.030551162310791025,3
2026-08-25,ATGL,13,1,0.0636272107510032,0.26220157742500305,0.251472,0.1062812,0.09519079630737302,3
2026-08-25,ATGL,16,1,0.04540955172682607,0.20502649247646332,0.039196014,0.1062812,-0.11708518559570313,3
2026-08-25,ATGL,67,-1,-0.09739875959951406,0.12949493527412415,-1.1145949,0.1062812,-1.2708761363708496,3
2026-08-25,AUBANK,7,1,0.05555597333470006,0.6747798323631287,-0.13228655,0.1062812,-0.28856774861450196,3
2026-08-25,AUBANK,9,1,0.058410573477805476,0.5994517803192139,0.15900135,0.1062812,0.0027201504028320223,3
2026-08-25,AUBANK,10,1,0.053069646405492873,0.5610079169273376,0.008833408,0.1062812,-0.14744779164428712,3
2026-08-25,AUBANK,11,1,0.05990192284731232,0.5264010429382324,0.035345554,0.1062812,-0.12093564564819337,3
2026-08-25,AUBANK,12,1,0.04855476745322788,0.4981856346130371,0.26506186,0.1062812,0.10878065531616209,3
2026-08-25,AUBANK,13,1,0.05823131548402726,0.4837697148323059,0.4245162,0.1062812,0.2682350010192871,3
2026-08-25,AUBANK,14,1,0.054138269747002886,0.4472179412841797,0.27372837,0.1062812,0.11744717066650388,3
2026-08-25,AUBANK,15,1,0.04562717798966524,0.41939258575439453,0.026416779,0.10628119999999998,-0.12986442143554686,3
2026-08-25,AUBANK,16,1,0.07786640588327508,0.38363340497016907,0.096964836,0.10628119999999998,-0.05931636387939451,3
2026-08-25,AUBANK,17,1,0.05271868433464126,0.3500805199146271,0.20318031,0.1062812,0.046899113110351554,3
2026-08-25,AUBANK,67,-1,-0.10392073284281791,0.19068704545497894,0.5901575,0.10628119999999998,0.4338763088500977,3
2026-08-25,AUROPHARMA,13,1,0.045959939262259435,0.22321374714374542,0.28748512,0.10628119999999998,0.1312039226806641,3
2026-08-25,AUROPHARMA,14,1,0.04366912446901072,0.19711123406887054,0.45577288,0.1062812,0.29949167673950194,3
2026-08-25,AUROPHARMA,16,1,0.061189407024008075,0.1816951185464859,0.8996606,0.10628119999999998,0.743379387310791,3
2026-08-25,AUROPHARMA,67,-1,-0.11885143494222009,0.2078983634710312,-0.17337799,0.1062812,-0.32965919072265626,3
2026-08-25,AWL,7,1,0.05584032207603182,0.6929222941398621,0.88807344,0.10628119999999998,0.7317922443664551,3
2026-08-25,AWL,8,1,0.0476376179165456,0.645969569683075,1.3349652,0.1062812,1.1786840290344238,3
2026-08-25,AWL,11,1,0.04880098140881637,0.6316126585006714,2.5762558,0.1062812,2.4199745983398437,3
2026-08-25,AWL,12,1,0.05424716070517261,0.5935765504837036,2.3560286,0.1062812,2.1997473568237305,3
2026-08-25,AWL,13,1,0.048485674921507106,0.6299844980239868,1.1571646,0.1062812,1.0008833736694336,3
2026-08-25,AWL,14,1,0.04879708579624026,0.5983998775482178,0.66269636,0.10628120000000002,0.506415161541748,3
2026-08-25,AWL,16,1,0.061703023999883436,0.6294938921928406,0.7715821,0.10628119999999998,0.6153009266174316,3
2026-08-25,AWL,20,1,0.05606047515811392,0.5233682990074158,2.182901,0.1062812,2.026619705609131,3
2026-08-25,AWL,21,1,0.04954408679781685,0.534485399723053,1.8450499,0.1062812,1.6887686580932617,3
2026-08-25,AWL,23,1,0.0618717930008363,0.5529475212097168,1.088953,0.10628119999999998,0.9326718181884766,3
2026-08-25,AWL,28,1,0.04392411787241161,0.5161986947059631,0.9971857,0.1062812,0.8409045070922851,3
2026-08-25,AWL,29,1,0.06482213294449662,0.4983881115913391,0.39428473,0.10628119999999998,0.23800352518920903,3
2026-08-25,AWL,31,1,0.045829673673672806,0.45742031931877136,-0.11794567,0.10628119999999998,-0.2742268710815429,3
2026-08-25,AWL,32,1,0.06667377367640932,0.4591332674026489,-0.39254427,0.1062812,-0.5488254695617676,3
2026-08-25,AWL,33,1,0.07157961834612922,0.45306396484375,-0.15695691,0.1062812,-0.31323811108703614,3
2026-08-25,AWL,34,1,0.06130567610111022,0.44548630714416504,-0.24545789,0.1062812,-0.40173908764953614,3
2026-08-25,AWL,35,1,0.0679617597141207,0.45247259736061096,-0.5380273,0.1062812,-0.694308486529541,3
2026-08-25,AWL,36,1,0.06459354613573913,0.4611120820045471,0.14727116,0.1062812,-0.009010043688964853,3
2026-08-25,AWL,37,1,0.06299000023165158,0.4142260253429413,0.37841797,0.10628119999999998,0.22213676875000005,3
2026-08-25,AWL,40,1,0.04754766609422051,0.3961818218231201,0.33421516,0.1062812,0.1779339641845703,3
2026-08-25,AWL,41,1,0.0539023643774654,0.4038950204849243,0.29011965,0.10628119999999998,0.13383844797973637,3
2026-08-25,AWL,42,1,0.048250208375141206,0.40991947054862976,0.17701387,0.1062812,0.02073267405395507,3
2026-08-25,AWL,43,1,0.07029667590926092,0.41596657037734985,-0.32860637,0.10628119999999998,-0.484887567111206,3
2026-08-25,AWL,44,1,0.07029667590926092,0.40426746010780334,-0.6073892,0.1062812,-0.7636704116546631,3
2026-08-25,AWL,45,1,0.07057231744144221,0.41029635071754456,-0.40710568,0.10628119999999998,-0.5633868842803955,3
2026-08-25,AWL,46,1,0.06490500367914277,0.40067511796951294,-0.45071244,0.1062812,-0.6069936423980713,3
2026-08-25,AWL,47,1,0.06162360790015146,0.39503732323646545,-0.28917193,0.1062812,-0.4454531341278076,3
2026-08-25,AWL,48,1,0.06816806904415557,0.3933035433292389,-0.2353847,0.10628119999999998,-0.39166590268249507,3
2026-08-25,AWL,50,1,0.05051851901493512,0.3546466529369354,0.098478794,0.1062812,-0.05780240590209962,3
2026-08-25,AWL,51,1,0.04784790775128289,0.3506125509738922,0.2020359,0.1062812,0.045754703930664054,3
2026-08-25,AWL,52,1,0.04548355699204552,0.3345409035682678,-0.19202232,0.1062812,-0.34830352360839845,3
2026-08-25,AWL,53,1,0.0454208906907117,0.3216392695903778,-0.27067065,0.1062812,-0.4269518523895264,3
2026-08-25,AWL,54,1,0.04698220414694646,0.2850961685180664,-0.49154758,0.1062812,-0.6478287845336914,3
2026-08-25,AWL,55,1,0.05225864947406115,0.2654344439506531,-0.76677203,0.10628119999999998,-0.9230532317840576,3
2026-08-25,AWL,56,1,0.04762343254666169,0.2701127529144287,-0.8809507,0.10628120000000002,-1.037231889315796,3
2026-08-25,AWL,58,1,0.04439150284383428,0.2300749123096466,-1.3623178,0.1062812,-1.5185990005218506,3
2026-08-25,AWL,67,-1,-0.055472170760280604,0.27180707454681396,-0.04489422,0.1062812,-0.20117541844482423,3
2026-08-25,AXISBANK,16,1,0.05773458400392331,0.13540427386760712,-0.12961626,0.1062812,-0.28589746052856446,3
2026-08-25,AXISBANK,67,-1,-0.10663453342378677,0.1301337331533432,-0.0,0.1062812,-0.1562812,3
2026-08-25,BAJAJ-AUTO,16,1,0.054475974584107745,0.13068796694278717,0.13617277,0.1062812,-0.020108428546142587,3
2026-08-25,BAJAJ-AUTO,67,-1,-0.12847329553385833,0.14865906536579132,-0.46327114,0.1062812,-0.6195523410522461,3
2026-08-25,BAJAJFINSV,7,1,0.058293249208153014,0.2801964581012726,-0.28507113,0.10628120000000002,-0.44135233456726075,3
2026-08-25,BAJAJFINSV,8,1,0.05749276032640848,0.2676108181476593,-0.58564544,0.1062812,-0.7419266372406006,3
2026-08-25,BAJAJFINSV,13,1,0.046815770778698355,0.23649515211582184,-0.21065474,0.10628119999999998,-0.3669359355651855,3
2026-08-25,BAJAJFINSV,14,1,0.04397387532650911,0.20563843846321106,-0.32086968,0.1062812,-0.47715088421936036,3
2026-08-25,BAJAJFINSV,16,1,0.05836306743817232,0.20302459597587585,0.15097857,0.10628119999999998,-0.005302634783935528,3
2026-08-25,BAJAJFINSV,67,-1,-0.11969126740349277,0.19693677127361298,-0.099897385,0.10628119999999998,-0.25617858464355464,3
2026-08-25,BAJAJHLDNG,3,1,0.043773856304928145,1.0412918329238892,0.5218625,0.10628119999999998,0.3655813068664551,3
2026-08-25,BAJAJHLDNG,4,1,0.04373529140252341,0.8818755745887756,0.7935047,0.10628119999999998,0.6372235149658203,3
2026-08-25,BAJAJHLDNG,5,1,0.04341158969999259,0.7624977231025696,0.739944,0.1062812,0.5836627811706543,3
2026-08-25,BAJAJHLDNG,7,1,0.04762514569318814,0.6804322600364685,0.260067,0.1062812,0.10378578608398435,3
2026-08-25,BAJAJHLDNG,14,1,0.05708559606778134,0.28111422061920166,-0.09838939,0.1062812,-0.2546705871307373,3
2026-08-25,BAJAJHLDNG,16,1,0.04770297384720085,0.23626472055912018,-0.14303327,0.10628120000000002,-0.2993144660675049,3
2026-08-25,BAJAJHLDNG,67,-1,-0.1255561753678619,0.16590599715709686,-0.5163789,0.1062812,-0.6726600795471191,3
2026-08-25,BAJFINANCE,7,1,0.05558297657493676,0.29118382930755615,0.04657507,0.10628119999999998,-0.10970613057250975,3
2026-08-25,BAJFINANCE,8,1,0.04721194620685248,0.28940442204475403,-0.148803,0.1062812,-0.3050841956817627,3
2026-08-25,BAJFINANCE,9,1,0.05358077009521678,0.2815193235874176,-0.18582344,0.1062812,-0.3421046405517578,3
2026-08-25,BAJFINANCE,10,1,0.05545683381527847,0.2798111140727997,-0.09298921,0.1062812,-0.24927040631408692,3
2026-08-25,BAJFINANCE,11,1,0.05638782985383947,0.26956626772880554,-0.13946891,0.1062812,-0.29575010830993653,3
2026-08-25,BAJFINANCE,12,1,0.05893215073637357,0.2610592544078827,-0.09294748,0.1062812,-0.24922868306274415,3
2026-08-25,BAJFINANCE,13,1,0.0657032076481904,0.2600181996822357,0.07451773,0.10628119999999998,-0.08176347310180662,3
2026-08-25,BAJFINANCE,16,1,0.058576299579785544,0.20345538854599,0.26060343,0.1062812,0.10432222788696287,3
2026-08-25,BAJFINANCE,63,-1,-0.048452622758828445,0.1599029153585434,-0.2681017,0.1062812,-0.42438289219970704,3
2026-08-25,BAJFINANCE,67,-1,-0.12429803877598626,0.16428478062152863,-0.43411255,0.10628120000000002,-0.590393748828125,3
2026-08-25,BALKRISIND,3,1,0.07174126946134513,0.956264853477478,1.5153408,0.10628119999999998,1.359059605053711,3
2026-08-25,BALKRISIND,4,1,0.06961525678952453,0.8283658027648926,1.8528223,0.1062812,1.6965411037719726,3
2026-08-25,BALKRISIND,5,1,0.08025306122513925,0.7381131052970886,2.0719767,0.10628120000000002,1.915695461682129,3
2026-08-25,BALKRISIND,6,1,0.06561973578178461,0.7126250267028809,1.6185999,0.10628119999999998,1.4623186916625976,3
2026-08-25,BALKRISIND,7,1,0.0838552280909227,0.6551433801651001,1.7585397,0.10628119999999998,1.6022584766662598,3
2026-08-25,BALKRISIND,8,1,0.06635476694666628,0.6247984170913696,1.553154,0.1062812,1.3968727916992187,3
2026-08-25,BALKRISIND,9,1,0.0540165314615891,0.6223767995834351,1.0826826,0.10628119999999998,0.9264014095581055,3
2026-08-25,BALKRISIND,10,1,0.04674110769969954,0.6831508874893188,0.4806161,0.1062812,0.32433489268188476,3
2026-08-25,BALKRISIND,11,1,0.04551010359424225,0.653364896774292,0.11450052,0.10628119999999998,-0.04178067738647459,3
2026-08-25,BALKRISIND,16,1,0.0640995244436401,0.43605250120162964,-0.35989285,0.1062812,-0.5161740451538086,3
2026-08-25,BALKRISIND,67,-1,-0.12863466268224774,0.20649397373199463,-0.13502836,0.1062812,-0.29130956227416993,3
2026-08-25,BANKBARODA,7,1,0.04584226453541717,0.323480486869812,-0.20263195,0.1062812,-0.358913150378418,3
2026-08-25,BANKBARODA,8,1,0.047031292552455556,0.29862403869628906,-0.11575818,0.1062812,-0.27203938061828614,3
2026-08-25,BANKBARODA,9,1,0.04762446673129105,0.27769747376441956,-0.26860833,0.1062812,-0.42488953168029786,3
2026-08-25,BANKBARODA,10,1,0.059101721538368956,0.28582122921943665,0.1698494,0.1062812,0.013568195751953116,3
2026-08-25,BANKBARODA,11,1,0.060032717576929975,0.2731166183948517,0.1988411,0.10628120000000002,0.0425598949707031,3
2026-08-25,BANKBARODA,12,1,0.053159765027245884,0.2629657983779907,0.41874647,0.1062812,0.2624652714050293,3
2026-08-25,BANKBARODA,13,1,0.04639762822979545,0.2553876042366028,0.28214455,0.1062812,0.12586334650878905,3
2026-08-25,BANKBARODA,16,1,0.0494977952885313,0.20776820182800293,0.1616478,0.1062812,0.005366596630859366,3
2026-08-25,BANKBARODA,67,-1,-0.10663453342378677,0.17774197459220886,0.033181906,0.10628119999999998,-0.12309929425354002,3
2026-08-25,BANKINDIA,7,1,0.059271692278108884,0.47537168860435486,-0.09121299,0.1062812,-0.24749418789978028,3
2026-08-25,BANKINDIA,8,1,0.050633593605574706,0.44110792875289917,-0.077176094,0.1062812,-0.2334572940551758,3
2026-08-25,BANKINDIA,9,1,0.05743384085969171,0.41754257678985596,0.07721186,0.10628119999999998,-0.07906934315795897,3
2026-08-25,BANKINDIA,10,1,0.050393129441028015,0.3910679221153259,0.34395456,0.10628119999999998,0.1876733631408692,3
2026-08-25,BANKINDIA,11,1,0.05894824572846139,0.3731773793697357,0.4913926,0.10628119999999998,0.33511141245727544,3
2026-08-25,BANKINDIA,12,1,0.05485274336450922,0.35708996653556824,0.8288264,0.10628119999999998,0.6725452274597168,3
2026-08-25,BANKINDIA,13,1,0.05747708369118561,0.34271594882011414,0.6747365,0.10628119999999998,0.5184552997863769,3
2026-08-25,BANKINDIA,14,1,0.0699982020777921,0.2668527662754059,0.4497528,0.1062812,0.2934716076171875,3
2026-08-25,BANKINDIA,16,1,0.05656742366596294,0.23846080899238586,0.25957823,0.1062812,0.10329702799682615,3
2026-08-25,BANKINDIA,63,-1,-0.045544557282661824,0.16667328774929047,-0.5814791,0.10628120000000002,-0.7377602725708008,3
2026-08-25,BANKINDIA,67,-1,-0.10570587741658632,0.17817330360412598,-0.5657315,0.10628119999999998,-0.7220127254211426,3
2026-08-25,BDL,7,1,0.0600911569873578,0.6599915623664856,-0.7246375,0.1062812,-0.880918708392334,3
2026-08-25,BDL,8,1,0.05034622773287613,0.6202374696731567,-0.6017566,0.10628119999999998,-0.7580377727233887,3
2026-08-25,BDL,9,1,0.05969566836038983,0.6070312261581421,0.1601696,0.1062812,0.0038884014404296785,3
2026-08-25,BDL,10,1,0.0570830049288688,0.5913596749305725,0.12381077,0.10628119999999998,-0.032470431872558575,3
2026-08-25,BDL,11,1,0.05516750161320026,0.5710756778717041,0.25451183,0.10628119999999998,0.098230633190918,3
2026-08-25,BDL,13,1,0.05632607798407783,0.5563629865646362,0.5702138,0.10628119999999998,0.413932594708252,3
2026-08-25,BDL,14,1,0.05987603090862158,0.5198127031326294,0.48902035,0.10628119999999998,0.3327391475952149,3
2026-08-25,BDL,15,1,0.05441030498385689,0.477232962846756,0.5980253,0.1062812,0.4417441219604492,3
2026-08-25,BDL,16,1,0.07494021673418118,0.4600260555744171,0.34885406,0.10628119999999998,0.1925728649414063,3
2026-08-25,BDL,17,1,0.04930218982704698,0.44425278902053833,0.414598,0.10628119999999998,0.25831678812866216,3
2026-08-25,BDL,21,1,0.045352747417973086,0.3444835841655731,0.18157959,0.1062812,0.02529838984374999,3
2026-08-25,BEL,7,1,0.05893308228723851,0.3275772035121918,-0.5142033,0.1062812,-0.6704845100128174,3
2026-08-25,BEL,8,1,0.05774593984539524,0.3118186593055725,-0.37999153,0.1062812,-0.5362727313720703,3
2026-08-25,BEL,9,1,0.06144848316532361,0.2954877018928528,-0.2083838,0.1062812,-0.3646649985992432,3
2026-08-25,BEL,10,1,0.06254984212297553,0.28447437286376953,-0.15953183,0.1062812,-0.315813031741333,3
2026-08-25,BEL,11,1,0.055739565502370955,0.27491581439971924,0.08583069,0.1062812,-0.07045051152343751,3
2026-08-25,BEL,12,1,0.05353121131615728,0.26437291502952576,0.29462576,0.1062812,0.13834455912475585,3
2026-08-25,BEL,13,1,0.04905786952736595,0.256387859582901,0.44248104,0.1062812,0.28619984095458983,3
2026-08-25,BEL,14,1,0.0462083769212991,0.2320590317249298,0.5660057,0.1062812,0.40972450678710937,3
2026-08-25,BEL,16,1,0.052804017424599385,0.20092269778251648,0.49134493,0.1062812,0.33506372874145507,3
2026-08-25,BEL,63,-1,-0.047552804649097224,0.10445266216993332,-0.31676292,0.10628119999999998,-0.4730441241943359,3
2026-08-25,BEL,67,-1,-0.12429803877598626,0.12493244558572769,-0.37648678,0.10628119999999998,-0.5327679782592774,3
2026-08-25,BERGEPAINT,5,1,0.0443960846897389,0.4190652668476105,-0.01951456,0.10628119999999998,-0.17579576069946284,3
2026-08-25,BERGEPAINT,7,1,0.05580287161013784,0.38739272952079773,-0.15592575,0.1062812,-0.3122069507324219,3
2026-08-25,BERGEPAINT,8,1,0.05421643752540071,0.3540949821472168,-0.20463467,0.1062812,-0.3609158664428711,3
2026-08-25,BERGEPAINT,9,1,0.061175844283413924,0.32553866505622864,-0.23391843,0.10628119999999998,-0.39019962842102046,3
2026-08-25,BERGEPAINT,10,1,0.05607981416837671,0.3012016713619232,-0.2631843,0.10628119999999998,-0.41946550900573726,3
2026-08-25,BERGEPAINT,11,1,0.0726111244520618,0.29433923959732056,-0.107342005,0.1062812,-0.263623204776001,3
2026-08-25,BERGEPAINT,12,1,0.06703049262293674,0.28306636214256287,-0.068324804,0.10628119999999998,-0.22460600430603023,3
2026-08-25,BERGEPAINT,13,1,0.0705123963144667,0.2691486179828644,-0.009763241,0.1062812,-0.166044440814209,3
2026-08-25,BERGEPAINT,14,1,0.04767183200760804,0.22798798978328705,0.087845325,0.10628119999999998,-0.06843587453002928,3
2026-08-25,BERGEPAINT,16,1,0.05869192744171886,0.2100445181131363,0.17585754,0.1062812,0.01957634394531249,3
2026-08-25,BERGEPAINT,67,-1,-0.11320437173359779,0.15966421365737915,0.19605756,0.1062812,0.039776358059692374,3
2026-08-25,BHARATFORG,7,1,0.05157464911986115,0.3098927438259125,-0.07363558,0.1062812,-0.2299167781555176,3
2026-08-25,BHARATFORG,9,1,0.05902212625763325,0.2986702024936676,-0.009822845,0.1062812,-0.16610404545898438,3
2026-08-25,BHARATFORG,10,1,0.04788968254874139,0.2806900441646576,-0.034356117,0.10628119999999998,-0.1906373172485351,3
2026-08-25,BHARATFORG,11,1,0.05720763398246138,0.26505839824676514,0.05890131,0.10628119999999998,-0.09737989003295897,3
2026-08-25,BHARATFORG,12,1,0.058248189073554356,0.26781007647514343,0.039339066,0.1062812,-0.1169421344482422,3
2026-08-25,BHARATFORG,13,1,0.06377697791336792,0.2578890919685364,0.05902052,0.10628119999999998,-0.09726068074340818,3
2026-08-25,BHARATFORG,16,1,0.044267086495467144,0.20209795236587524,0.044226646,0.1062812,-0.11205455357666017,3
2026-08-25,BHARATFORG,67,-1,-0.12444549700885789,0.16135120391845703,-0.5733013,0.1062812,-0.7295825153076172,3
2026-08-25,BHARTIARTL,7,1,0.04417969196965689,0.24218548834323883,-0.051665306,0.1062812,-0.2079465060913086,3
2026-08-25,BHARTIARTL,16,1,0.05556118000329096,0.11484945565462112,0.031030178,0.10628119999999998,-0.12525102192993162,3
2026-08-25,BHARTIARTL,67,-1,-0.10585333564945795,0.1425774097442627,-0.42294264,0.10628119999999998,-0.5792238383972168,3
2026-08-25,BHEL,7,1,0.054244147109804734,0.31215739250183105,0.13394356,0.10628119999999998,-0.02233764226074217,3
2026-08-25,BHEL,8,1,0.053355711356649356,0.29253989458084106,0.08530617,0.1062812,-0.07097503239746095,3
2026-08-25,BHEL,9,1,0.06145850535956987,0.29074016213417053,0.42766333,0.1062812,0.2713821262634277,3
2026-08-25,BHEL,10,1,0.07219289290044494,0.2892005741596222,0.45249462,0.1062812,0.29621342127685546,3
2026-08-25,BHEL,11,1,0.06441091404426715,0.28015485405921936,0.47677755,0.1062812,0.3204963535583496,3
2026-08-25,BHEL,12,1,0.04841410429212531,0.27059829235076904,0.4395604,0.1062812,0.2832792133605957,3
2026-08-25,BHEL,13,1,0.05186353478361749,0.2708401679992676,0.17063618,0.1062812,0.014354977062988272,3
2026-08-25,BHEL,14,1,0.05824267144232387,0.26319947838783264,0.04864931,0.1062812,-0.10763188893432618,3
2026-08-25,BHEL,16,1,0.06403918215005142,0.2494216412305832,0.4379511,0.1062812,0.28166988795166015,3
2026-08-25,BHEL,67,-1,-0.12444549700885789,0.175665944814682,-0.5546093,0.1062812,-0.7108904987060547,3
2026-08-25,BIOCON,7,1,0.0586725009111028,0.27123868465423584,-0.122606754,0.1062812,-0.2788879543029785,3
2026-08-25,BIOCON,8,1,0.04519496855929091,0.2549414038658142,0.12270212,0.10628119999999998,-0.03357907826538084,3
2026-08-25,BIOCON,16,1,0.04540955172682607,0.14886371791362762,1.3240099,0.1062812,1.167728695324707,3
2026-08-25,BIOCON,67,-1,-0.10796186507464077,0.15162615478038788,-0.6271124,0.1062812,-0.7833935886108399,3
2026-08-25,BLUESTARCO,7,1,0.05309403654393282,0.30384257435798645,0.19978285,0.1062812,0.04350164835815429,3
2026-08-25,BLUESTARCO,8,1,0.050669074065715664,0.28364643454551697,0.3932476,0.10628119999999998,0.23696640437011723,3
2026-08-25,BLUESTARCO,9,1,0.054947122895579174,0.27075594663619995,0.38661957,0.10628120000000002,0.23033836787109374,3
2026-08-25,BLUESTARCO,10,1,0.047458804310788714,0.28590306639671326,0.21276474,0.1062812,0.056483539990234366,3
2026-08-25,BLUESTARCO,11,1,0.050617560960483574,0.2764844000339508,0.53156614,0.10628119999999998,0.3752849430358887,3
2026-08-25,BLUESTARCO,12,1,0.04409919664710115,0.2649165391921997,0.5520463,0.10628119999999998,0.39576509898071294,3
2026-08-25,BLUESTARCO,16,1,0.0452442108504822,0.2029966115951538,0.40507317,0.1062812,0.24879196589355468,3
2026-08-25,BLUESTARCO,67,-1,-0.12847329553385833,0.2070532739162445,-0.23155212,0.10628119999999998,-0.38783332402343745,3
2026-08-25,BOSCHLTD,12,1,0.04388913432215713,0.2303038090467453,0.16697645,0.10628120000000002,0.010695251873779274,3
2026-08-25,BOSCHLTD,16,1,0.05913169167564773,0.17296136915683746,0.09390116,0.1062812,-0.06238004262084962,3
2026-08-25,BOSCHLTD,67,-1,-0.12847329553385833,0.11833269149065018,0.41407943,0.1062812,0.2577982277191162,3
2026-08-25,BPCL,7,1,0.046788448880268,0.3164035379886627,-0.11214614,0.10628119999999998,-0.2684273391448974,3
2026-08-25,BPCL,8,1,0.05217787835983075,0.29389652609825134,-0.03206134,0.1062812,-0.18834253842468263,3
2026-08-25,BPCL,9,1,0.04547190150044879,0.2772868275642395,-0.11219978,0.10628119999999998,-0.26848098332519527,3
2026-08-25,BPCL,10,1,0.04848043839995593,0.2623630166053772,-0.09621382,0.1062812,-0.25249501759643556,3
2026-08-25,BPCL,16,1,0.053768099398390175,0.1707771271467209,0.0,0.1062812,-0.1562812,3
2026-08-25,BPCL,67,-1,-0.12923862554875723,0.1942327916622162,-0.03144741,0.1062812,-0.1877286105834961,3
2026-08-25,BRITANNIA,7,1,0.0478043630214351,0.25840097665786743,0.31149387,0.10628119999999998,0.15521267359619145,3
2026-08-25,BRITANNIA,16,1,0.047835420484775425,0.14183539152145386,-0.009411573,0.10628120000000002,-0.1656927734100342,3
2026-08-25,BRITANNIA,67,-1,-0.1242574984755436,0.20579981803894043,-0.7487178,0.1062812,-0.9049989848815918,3
2026-08-25,BSE,7,1,0.04810502832969875,0.34059852361679077,-0.012105703,0.1062812,-0.16838690335388184,3
2026-08-25,BSE,8,1,0.043734958007796934,0.334661066532135,-0.060534477,0.1062812,-0.21681567723388673,3
2026-08-25,BSE,9,1,0.04896063434117156,0.31386110186576843,-0.08171797,0.1062812,-0.23799916798706056,3
2026-08-25,BSE,10,1,0.06667649810469051,0.3158276081085205,0.10012388,0.1062812,-0.05615731770629884,3
2026-08-25,BSE,11,1,0.06302796213355734,0.3135494887828827,0.04544258,0.1062812,-0.1108386188232422,3
2026-08-25,BSE,12,1,0.04602591638640214,0.30304527282714844,-0.096821785,0.1062812,-0.25310298497314454,3
2026-08-25,BSE,13,1,0.054148465576048806,0.2957070767879486,-0.018167496,0.10628119999999998,-0.17444869572753904,3
2026-08-25,BSE,16,1,0.052596070562090994,0.22134095430374146,-0.16963482,0.10628119999999998,-0.32591601903076167,3
2026-08-25,BSE,67,-1,-0.12444549700885789,0.13614284992218018,-0.08786917,0.10628120000000002,-0.24415036732788087,3
2026-08-25,CANBK,7,1,0.058645816395733935,0.47355177998542786,0.015723705,0.1062812,-0.14055749470825196,3
2026-08-25,CANBK,8,1,0.04733038385459195,0.4449678063392639,-0.06279349,0.10628119999999998,-0.21907469327087398,3
2026-08-25,CANBK,9,1,0.047100174100924014,0.4149020314216614,-0.11764765,0.1062812,-0.273928847857666,3
2026-08-25,CANBK,10,1,0.04838548196977116,0.3938915729522705,0.10988712,0.10628119999999998,-0.046394076892089825,3
2026-08-25,CANBK,11,1,0.04859152347043086,0.371982604265213,0.023531914,0.1062812,-0.1327492862426758,3
2026-08-25,CANBK,12,1,0.054123683808682835,0.35752835869789124,0.5341768,0.1062812,0.3778956264770508,3
2026-08-25,CANBK,13,1,0.05683853844054928,0.3477056324481964,0.3540516,0.1062812,0.1977703899658203,3
2026-08-25,CANBK,14,1,0.07009998397661843,0.28021061420440674,0.19655228,0.1062812,0.040271076611328116,3
2026-08-25,CANBK,16,1,0.05401813809241337,0.2361316680908203,0.14920235,0.10628119999999998,-0.007078853198242169,3
2026-08-25,CANBK,67,-1,-0.10663453342378677,0.1887638121843338,-0.7114887,0.10628119999999998,-0.8677699237548828,3
2026-08-25,CGPOWER,7,1,0.051421707800203775,0.3265155553817749,-0.37236214,0.1062812,-0.5286433368408203,3
2026-08-25,CGPOWER,8,1,0.05168550243182593,0.3148006796836853,-0.29249787,0.10628119999999998,-0.44877907330627437,3
2026-08-25,CGPOWER,9,1,0.05613005566876636,0.30059534311294556,-0.11473298,0.1062812,-0.2710141807281494,3
2026-08-25,CGPOWER,10,1,0.06826719864203108,0.2919231355190277,-0.09192228,0.1062812,-0.24820348317260743,3
2026-08-25,CGPOWER,11,1,0.06196080517444721,0.2801712453365326,-0.1149416,0.1062812,-0.2712227969848633,3
2026-08-25,CGPOWER,12,1,0.06625482814209611,0.2667306661605835,0.19546747,0.1062812,0.03918627207641601,3
2026-08-25,CGPOWER,13,1,0.060293778466752476,0.25904497504234314,0.22414923,0.10628119999999998,0.067868027142334,3
2026-08-25,CGPOWER,14,1,0.046696365211950135,0.2419140487909317,0.4719138,0.10628119999999998,0.3156326145446778,3
2026-08-25,CGPOWER,16,1,0.05678303412101246,0.223572239279747,0.5400419,0.1062812,0.3837607235229492,3
2026-08-25,CGPOWER,63,-1,-0.048452622758828445,0.15045659244060516,-0.46819448,0.1062812,-0.6244756847106934,3
2026-08-25,CGPOWER,67,-1,-0.11973180770393543,0.1538546234369278,-0.11396408,0.1062812,-0.2702452808105469,3
2026-08-25,CHOLAFIN,7,1,0.05289450477070415,0.4081357419490814,0.5460024,0.10628119999999998,0.38972118800048833,3
2026-08-25,CHOLAFIN,9,1,0.04364721876082413,0.3592625558376312,0.17966032,0.10628119999999998,0.02337912028198244,3
2026-08-25,CHOLAFIN,10,1,0.04359901182946193,0.3349422216415405,0.22867918,0.1062812,0.07239798014526366,3
2026-08-25,CHOLAFIN,11,1,0.05133850669357358,0.3206883370876312,0.0,0.1062812,-0.1562812,3
2026-08-25,CHOLAFIN,12,1,0.044465554143889495,0.3132062256336212,-0.21172762,0.10628119999999998,-0.36800881917114253,3
2026-08-25,CHOLAFIN,13,1,0.04987092531188815,0.30122286081314087,-0.16829371,0.10628119999999998,-0.3245749145233154,3
2026-08-25,CHOLAFIN,16,1,0.058021849895427885,0.17545801401138306,-0.05978346,0.1062812,-0.2160646587097168,3
2026-08-25,CHOLAFIN,67,-1,-0.1271047528286261,0.1840706765651703,-1.2104154,0.1062812,-1.3666965633117676,3
2026-08-25,CIPLA,7,1,0.05963881749135534,0.32291966676712036,-0.6318033,0.10628119999999998,-0.7880844741546631,3
2026-08-25,CIPLA,8,1,0.05607502798198678,0.304605633020401,-0.47786832,0.1062812,-0.6341495185577393,3
2026-08-25,CIPLA,9,1,0.07410331998674449,0.33156880736351013,-0.21163821,0.1062812,-0.3679194122039795,3
2026-08-25,CIPLA,10,1,0.08252341729667417,0.3124608099460602,-0.20467639,0.10628119999999998,-0.3609575896942138,3
2026-08-25,CIPLA,11,1,0.08507519402694907,0.2952861785888672,-0.19057989,0.1062812,-0.346861091204834,3
2026-08-25,CIPLA,12,1,0.06599120724301524,0.27693480253219604,-0.05646944,0.1062812,-0.2127506404602051,3
2026-08-25,CIPLA,13,1,0.0777772077272604,0.27118873596191406,0.07070303,0.10628119999999998,-0.08557817036743162,3
2026-08-25,CIPLA,14,1,0.051774732771653696,0.19932197034358978,0.049436092,0.1062812,-0.10684510762329102,3
2026-08-25,CIPLA,16,1,0.06781751804251453,0.20148351788520813,0.31106472,0.10628119999999998,0.15478352015380864,3
2026-08-25,CIPLA,63,-1,-0.048586870954788704,0.1320800632238388,0.21878481,0.10628119999999998,0.06250360911254885,3
2026-08-25,CIPLA,67,-1,-0.12526163778920552,0.14393462240695953,-0.19023418,0.1062812,-0.3465153842651367,3
2026-08-25,COALINDIA,12,1,0.04532574718139699,0.16449663043022156,-0.2596438,0.10628119999999998,-0.41592499310607906,3
2026-08-25,COALINDIA,13,1,0.04480866944100332,0.15808327496051788,-0.2473712,0.1062812,-0.4036523967468262,3
2026-08-25,COALINDIA,14,1,0.04548146020979867,0.13070553541183472,-0.23488998,0.1062812,-0.3911711841308594,3
2026-08-25,COALINDIA,16,1,0.06031270813343277,0.12740850448608398,0.012385845,0.10628120000000002,-0.14389535481567384,3
2026-08-25,COALINDIA,67,-1,-0.10566652198928743,0.07205047458410263,-0.6351948,0.1062812,-0.7914759784423828,3
2026-08-25,COCHINSHIP,7,1,0.05711313787536933,0.40584418177604675,-0.19207,0.1062812,-0.34835120732421876,3
2026-08-25,COCHINSHIP,8,1,0.04554842268968906,0.40468254685401917,-0.27150512,0.1062812,-0.42778631741638184,3
2026-08-25,COCHINSHIP,9,1,0.06029018868138282,0.391909658908844,-0.086236,0.1062812,-0.24251720006103517,3
2026-08-25,COCHINSHIP,10,1,0.05381643073294403,0.3778320848941803,0.086307526,0.10628119999999998,-0.06997367436523436,3
2026-08-25,COCHINSHIP,11,1,0.053735206342099155,0.3592192232608795,0.16587973,0.10628119999999998,0.009598526409912128,3
2026-08-25,COCHINSHIP,12,1,0.0479370628357087,0.347098171710968,0.03979206,0.1062812,-0.11648913914794923,3
2026-08-25,COCHINSHIP,13,1,0.056042990007163014,0.33837300539016724,0.22598505,0.1062812,0.069703850201416,3
2026-08-25,COCHINSHIP,14,1,0.0702599092292118,0.2995542287826538,0.0995636,0.1062812,-0.05671760136718751,3
2026-08-25,COCHINSHIP,15,1,0.061868733222988734,0.273192822933197,0.19919872,0.10628119999999998,0.04291752283935549,3
2026-08-25,COCHINSHIP,16,1,0.08015286458998645,0.26699134707450867,0.15935898,0.10628119999999998,0.0030777782714843938,3
2026-08-25,COCHINSHIP,67,-1,-0.11692453503327141,0.17498458921909332,0.2692759,0.1062812,0.1129947037017822,3
2026-08-25,COFORGE,7,1,0.054520024336190756,0.3115011155605316,0.07990599,0.1062812,-0.07637521321411134,3
2026-08-25,COFORGE,9,1,0.04577556992767523,0.2925214171409607,0.085151196,0.10628119999999998,-0.07113000447387693,3
2026-08-25,COFORGE,10,1,0.04831690307789495,0.28694358468055725,-0.09034276,0.10628119999999998,-0.24662396008605952,3
2026-08-25,COFORGE,11,1,0.05877526113054554,0.268774151802063,-0.10626912,0.1062812,-0.26255032117004395,3
2026-08-25,COFORGE,67,-1,-0.128946158541954,0.17292144894599915,0.16877651,0.1062812,0.012495312145996085,3
2026-08-25,COLPAL,7,1,0.04995292784895622,0.2741476893424988,0.10672808,0.1062812,-0.049553123065185556,3
2026-08-25,COLPAL,8,1,0.05058068753699652,0.26111820340156555,0.11743307,0.1062812,-0.0388481288635254,3
2026-08-25,COLPAL,16,1,0.05584844589479553,0.16188795864582062,-0.12793541,0.10628119999999998,-0.2842166095458984,3
2026-08-25,COLPAL,67,-1,-0.12847329553385833,0.13850751519203186,-0.29927492,0.1062812,-0.45555612141723634,3
2026-08-25,CONCOR,6,1,0.05154489250742187,0.293702095746994,-0.19483566,0.1062812,-0.3511168628417969,3
2026-08-25,CONCOR,7,1,0.07026195248906729,0.2840900421142578,-0.10724068,0.1062812,-0.2635218768798828,3
2026-08-25,CONCOR,8,1,0.06113849921847624,0.2674891948699951,-0.15594363,0.10628119999999998,-0.31222483212585445,3
2026-08-25,CONCOR,9,1,0.0635322937564916,0.26048731803894043,-0.0195086,0.1062812,-0.17578980023498536,3
2026-08-25,CONCOR,10,1,0.04601733960046436,0.2574317157268524,0.12699366,0.1062812,-0.029287543841552743,3
2026-08-25,CONCOR,11,1,0.05493881765433646,0.24842749536037445,0.09770393,0.10628119999999998,-0.05857726628417967,3
2026-08-25,CONCOR,16,1,0.05806272894237595,0.17215867340564728,0.02926588,0.1062812,-0.1270153194152832,3
2026-08-25,CONCOR,67,-1,-0.10663453342378677,0.17210149765014648,-0.22337437,0.10628119999999998,-0.37965556676025386,3
2026-08-25,COROMANDEL,7,1,0.06673947300927814,0.5830431580543518,0.66736937,0.10628119999999998,0.5110881656921387,3
2026-08-25,COROMANDEL,8,1,0.054572540231032564,0.5540661811828613,0.66729784,0.1062812,0.5110166401184082,3
2026-08-25,COROMANDEL,9,1,0.059428735112470966,0.5244364738464355,0.5773425,0.10628119999999998,0.4210613102233887,3
2026-08-25,COROMANDEL,10,1,0.047668549739477394,0.5144533514976501,0.4616499,0.1062812,0.30536869471435546,3
2026-08-25,COROMANDEL,11,1,0.04711328388024702,0.5164437890052795,0.21982193,0.10628119999999998,0.06354072993164064,3
2026-08-25,COROMANDEL,13,1,0.046879897210902174,0.5214307904243469,-0.22431016,0.10628119999999998,-0.3805913596832275,3
2026-08-25,COROMANDEL,14,1,0.05362195996738251,0.4433292746543884,-0.26082397,0.10628119999999998,-0.4171051650726318,3
2026-08-25,COROMANDEL,15,1,0.05311393644641896,0.44291025400161743,-0.28688908,0.1062812,-0.44317027623291017,3
2026-08-25,COROMANDEL,16,1,0.07582068337386523,0.4118804931640625,-0.29730797,0.10628119999999998,-0.4535891681396484,3
2026-08-25,COROMANDEL,17,1,0.051173836192821225,0.37933632731437683,-0.20375252,0.10628119999999998,-0.36003371770019527,3
2026-08-25,COROMANDEL,67,-1,-0.1070517081697512,0.16232116520404816,-0.031352043,0.10628119999999998,-0.18763324315185542,3
2026-08-25,CRISIL,7,1,0.05676494427001508,0.3362039029598236,-0.22870302,0.1062812,-0.38498422200317384,3
2026-08-25,CRISIL,8,1,0.0578779086874077,0.31638553738594055,-0.31166673,0.1062812,-0.46794792706604005,3
2026-08-25,CRISIL,9,1,0.06630969556299186,0.29946163296699524,-0.32938123,0.1062812,-0.48566242749328614,3
2026-08-25,CRISIL,10,1,0.07947770178564553,0.31789523363113403,0.13051033,0.10628120000000002,-0.02577086979980471,3
2026-08-25,CRISIL,11,1,0.06994546259583662,0.3096398115158081,-0.060647726,0.1062812,-0.21692892605895997,3
2026-08-25,CRISIL,12,1,0.0721330408876132,0.30139854550361633,-0.07867813,0.1062812,-0.23495933110351563,3
2026-08-25,CRISIL,13,1,0.06234886577473451,0.28941959142684937,-0.0831604,0.10628120000000002,-0.239441600390625,3
2026-08-25,CRISIL,14,1,0.07618262591053832,0.2643773853778839,0.04274845,0.1062812,-0.11353274876708985,3
2026-08-25,CRISIL,15,1,0.05058824211260766,0.24339616298675537,0.04271269,0.10628120000000002,-0.1135685115539551,3
2026-08-25,CRISIL,16,1,0.06450922356810332,0.22705210745334625,0.022482872,0.10628119999999998,-0.13379832799072264,3
2026-08-25,CRISIL,63,-1,-0.04382030727070704,0.09588881582021713,-0.62197447,0.1062812,-0.7782556682312012,3
2026-08-25,CRISIL,67,-1,-0.1197966777019838,0.11247093230485916,-1.6142488,0.10628120000000002,-1.7705299525939941,3
2026-08-25,CUMMINSIND,7,1,0.0631925852315965,0.44928309321403503,-0.12589693,0.10628119999999998,-0.28217813069458003,3
2026-08-25,CUMMINSIND,9,1,0.06010367300229094,0.41198137402534485,0.8918166,0.10628119999999998,0.7355354160583496,3
2026-08-25,CUMMINSIND,10,1,0.05055099389048293,0.38337814807891846,0.63990355,0.1062812,0.4836223453796387,3
2026-08-25,CUMMINSIND,11,1,0.06421579479739352,0.36231884360313416,0.7275939,0.1062812,0.5713126987731934,3
2026-08-25,CUMMINSIND,12,1,0.04889127706422698,0.34544503688812256,0.76617,0.1062812,0.6098888248718262,3
2026-08-25,CUMMINSIND,13,1,0.05419540708618235,0.3304697275161743,0.7759452,0.1062812,0.6196639866149902,3
2026-08-25,CUMMINSIND,16,1,0.07037098429977152,0.2690238356590271,0.509572,0.1062812,0.3532908291137695,3
2026-08-25,CUMMINSIND,67,-1,-0.12866469260889615,0.17200970649719238,-0.52763224,0.1062812,-0.6839134364807129,3
2026-08-25,DABUR,5,1,0.04443031758890231,0.2592623829841614,-0.15177727,0.1062812,-0.3080584674560547,3
2026-08-25,DABUR,12,1,0.04681668051385071,0.1861196905374527,-0.43070912,0.1062812,-0.5869903236114502,3
2026-08-25,DABUR,13,1,0.04675787745454084,0.18006408214569092,-0.30406117,0.1062812,-0.4603423743927002,3
2026-08-25,DABUR,14,1,0.048922034237512846,0.14675253629684448,-0.24096966,0.10628119999999998,-0.39725085789794917,3
2026-08-25,DABUR,15,1,0.04664776012569946,0.1432565301656723,-0.13961792,0.10628119999999998,-0.29589911992187495,3
2026-08-25,DABUR,16,1,0.06423367414971647,0.14703279733657837,-0.01270175,0.10628119999999998,-0.16898294980163572,3
2026-08-25,DABUR,67,-1,-0.1242574984755436,0.12782710790634155,-0.2410531,0.1062812,-0.3973343044006348,3
2026-08-25,DALBHARAT,3,1,0.05175179229074206,0.8531500697135925,0.64395666,0.10628119999999998,0.4876754612243653,3
2026-08-25,DALBHARAT,5,1,0.0588343582422663,0.7490958571434021,0.09884834,0.10628120000000002,-0.05743285710449221,3
2026-08-25,DALBHARAT,6,1,0.04770132638208542,0.684969961643219,-0.1863122,0.10628120000000002,-0.342593398638916,3
2026-08-25,DALBHARAT,7,1,0.054952794843551644,0.6214799284934998,-0.36674738,0.1062812,-0.5230285793029785,3
2026-08-25,DALBHARAT,9,1,0.04976536216861551,0.5571662783622742,-0.699985,0.10628119999999998,-0.8562662273132324,3
2026-08-25,DALBHARAT,10,1,0.04856208278482887,0.5289697647094727,-0.6729722,0.1062812,-0.8292534023010254,3
2026-08-25,DALBHARAT,11,1,0.06239250217277999,0.5104560852050781,-0.68980455,0.10628120000000002,-0.8460857539855957,3
2026-08-25,DALBHARAT,12,1,0.07012898026954466,0.494590699672699,-0.35682917,0.10628119999999998,-0.5131103664123535,3
2026-08-25,DALBHARAT,13,1,0.07598936337765409,0.47174686193466187,-0.17563105,0.1062812,-0.331912246295166,3
2026-08-25,DALBHARAT,14,1,0.08094951067933952,0.39870068430900574,-0.076943636,0.10628119999999998,-0.2332248359405517,3
2026-08-25,DALBHARAT,15,1,0.07176298300628206,0.35129496455192566,0.11539459,0.1062812,-0.04088660771484376,3
2026-08-25,DALBHARAT,16,1,0.09672944678094646,0.322172611951828,0.6608248,0.1062812,0.5045435756958008,3
2026-08-25,DALBHARAT,17,1,0.06246567750904165,0.28171712160110474,0.85930824,0.1062812,0.7030270427978516,3
2026-08-25,DALBHARAT,67,-1,-0.05906151375917369,0.3703618347644806,0.86417794,0.1062812,0.707896742276001,3
2026-08-25,DIVISLAB,7,1,0.04438225495585892,0.34867504239082336,-0.79069734,0.1062812,-0.9469785361968994,3
2026-08-25,DIVISLAB,8,1,0.04380411725934312,0.3570016920566559,-0.48396587,0.1062812,-0.6402470737182617,3
2026-08-25,DIVISLAB,9,1,0.04939132300421435,0.3440835177898407,-0.6765425,0.1062812,-0.8328237205230713,3
2026-08-25,DIVISLAB,10,1,0.05263800804630425,0.32372763752937317,-0.6011784,0.10628119999999998,-0.7574596076690674,3
2026-08-25,DIVISLAB,11,1,0.06232850065602082,0.31817030906677246,-0.4268229,0.1062812,-0.5831041007720947,3
2026-08-25,DIVISLAB,12,1,0.056342802514998507,0.30929505825042725,-0.27530193,0.1062812,-0.4315831332885742,3
2026-08-25,DIVISLAB,13,1,0.061576610022013485,0.3028906583786011,-0.070381165,0.1062812,-0.22666236455078126,3
2026-08-25,DIVISLAB,14,1,0.06166266670349829,0.2653874456882477,0.06445646,0.10628119999999998,-0.09182473713989256,3
2026-08-25,DIVISLAB,16,1,0.05327254007587123,0.23446018993854523,1.0039926,0.1062812,0.8477113575256348,3
2026-08-25,DIVISLAB,67,-1,-0.12923862554875723,0.2061549574136734,-0.9407878,0.10628119999999998,-1.0970689922058106,3
2026-08-25,DIXON,7,1,0.054314091800895775,0.316728800535202,0.006902218,0.1062812,-0.14937898213500977,3
2026-08-25,DIXON,8,1,0.04976123178040205,0.31546950340270996,0.09649992,0.1062812,-0.05978128010864259,3
2026-08-25,DIXON,9,1,0.057750836360480264,0.3119177520275116,0.15876293,0.10628119999999998,0.0024817318237304875,3
2026-08-25,DIXON,10,1,0.056768649788791495,0.3036996126174927,-0.020712614,0.10628119999999998,-0.1769938140594482,3
2026-08-25,DIXON,11,1,0.07116449722708103,0.3177892863750458,0.15201569,0.10628119999999998,-0.004265513964843731,3
2026-08-25,DIXON,12,1,0.06522510821550274,0.3116706311702728,0.23508072,0.1062812,0.0787995189941406,3
2026-08-25,DIXON,13,1,0.06769986401432512,0.29926517605781555,0.16587973,0.1062812,0.0095985264099121,3
2026-08-25,DIXON,14,1,0.07028546796929666,0.25839537382125854,0.13803244,0.10628119999999998,-0.018248763629150372,3
2026-08-25,DIXON,15,1,0.048911450723959575,0.2606882154941559,-0.027543306,0.1062812,-0.18382450635070802,3
2026-08-25,DIXON,16,1,0.0922201697951917,0.26631879806518555,0.17931461,0.1062812,0.023033413342285147,3
2026-08-25,DIXON,17,1,0.0503367025657589,0.2678201496601105,0.21400452,0.10628119999999998,0.05772331660156252,3
2026-08-25,DIXON,67,-1,-0.12695729459575447,0.1973084658384323,-1.7374754,0.10628119999999998,-1.8937565952026367,3
2026-08-25,DLF,5,1,0.045793838670832275,0.4243030846118927,0.26489496,0.1062812,0.10861376231079099,3
2026-08-25,DLF,6,1,0.0511717564064675,0.3998678922653198,0.3684044,0.1062812,0.21212318842773437,3
2026-08-25,DLF,7,1,0.06437375843670999,0.40414655208587646,0.1322627,0.10628119999999998,-0.024018493243408184,3
2026-08-25,DLF,8,1,0.04671788877654856,0.3835095465183258,-0.044053793,0.1062812,-0.20033499295349122,3
2026-08-25,DLF,9,1,0.05217415893099196,0.36931198835372925,-0.1835525,0.10628119999999998,-0.3398337035858154,3
2026-08-25,DLF,10,1,0.052125951999629765,0.36107495427131653,-0.26421547,0.10628120000000002,-0.42049666936035157,3
2026-08-25,DLF,11,1,0.05366550830049881,0.3420224189758301,-0.15419722,0.1062812,-0.31047841603393556,3
2026-08-25,DLF,12,1,0.04875128731078542,0.3291229009628296,-0.04402995,0.10628119999999998,-0.200311151095581,3
2026-08-25,DLF,13,1,0.05881451621649683,0.31881290674209595,-0.051409006,0.1062812,-0.20769020611877442,3
2026-08-25,DLF,14,1,0.06519365287520318,0.2615613341331482,-0.014674664,0.10628119999999998,-0.17095586354370115,3
2026-08-25,DLF,15,1,0.043417304271317084,0.2329706996679306,0.18365383,0.10628119999999998,0.027372631481933613,3
2026-08-25,DLF,16,1,0.06667818603829592,0.22487220168113708,0.40456057,0.10628119999999998,0.24827936594848637,3
2026-08-25,DLF,67,-1,-0.10682253195710106,0.14738355576992035,0.06585121,0.1062812,-0.09042998845214845,3
2026-08-25,DMART,7,1,0.05210393748763702,0.35136398673057556,0.15518665,0.10628119999999998,-0.00109454686279295,3
2026-08-25,DMART,8,1,0.04831135778634727,0.3210606575012207,0.012719631,0.1062812,-0.14356156880493165,3
2026-08-25,DMART,9,1,0.054774035671940634,0.30825501680374146,-0.010168552,0.10628119999999998,-0.16644975239868162,3
2026-08-25,DMART,10,1,0.04728899390842428,0.297439843416214,0.08146763,0.10628119999999998,-0.07481357152099607,3
2026-08-25,DMART,11,1,0.06543733048792806,0.29123038053512573,0.21408796,0.1062812,0.05780676310424804,3
2026-08-25,DMART,12,1,0.05647893805870071,0.2743324041366577,0.32126904,0.1062812,0.16498783533935546,3
2026-08-25,DMART,13,1,0.06056782166965058,0.2605016231536865,0.3289938,0.1062812,0.17271259730224608,3
2026-08-25,DMART,16,1,0.04646901200384966,0.19639833271503448,0.15759468,0.1062812,0.0013134807861328035,3
2026-08-25,DMART,67,-1,-0.10488532421495861,0.15268509089946747,-0.08448362,0.1062812,-0.24076482350463868,3
2026-08-25,DRREDDY,9,1,0.05358077009521678,0.2630256116390228,-0.27731657,0.10628119999999998,-0.4335977702819824,3
2026-08-25,DRREDDY,10,1,0.05500801478981923,0.2798037528991699,0.067448616,0.10628119999999998,-0.08883258397216795,3
2026-08-25,DRREDDY,11,1,0.05638782985383947,0.31004542112350464,-0.058931112,0.1062812,-0.21521231228942872,3
2026-08-25,DRREDDY,12,1,0.06320399890046342,0.30455681681632996,-0.09266138,0.1062812,-0.24894258076782227,3
2026-08-25,DRREDDY,13,1,0.056196254772109405,0.29516011476516724,-0.033724308,0.1062812,-0.19000550801391602,3
2026-08-25,DRREDDY,14,1,0.062017529260317665,0.26938396692276,-0.19366145,0.10628119999999998,-0.34994265133972163,3
2026-08-25,DRREDDY,15,1,0.05689031065735586,0.27039486169815063,0.016868114,0.1062812,-0.13941308552856446,3
2026-08-25,DRREDDY,16,1,0.08876824765938547,0.2636365592479706,-0.016850233,0.1062812,-0.17313143307800294,3
2026-08-25,DRREDDY,17,1,0.051430007188702796,0.2600252628326416,0.16008615,0.1062812,0.0038049549377441316,3
2026-08-25,DRREDDY,67,-1,-0.12540909602207714,0.15874218940734863,-0.4968047,0.10628119999999998,-0.6530859142028809,3
2026-08-25,EICHERMOT,7,1,0.0559439750349007,0.27272161841392517,-0.25559664,0.1062812,-0.4118778377258301,3
2026-08-25,EICHERMOT,16,1,0.06388340361907928,0.16760975122451782,0.2127409,0.1062812,0.05645969813232421,3
2026-08-25,EICHERMOT,67,-1,-0.11895060992960661,0.1316676139831543,0.0124156475,0.1062812,-0.14386555249328614,3
2026-08-25,ENDURANCE,7,1,0.05059517451695576,0.45482704043388367,-0.060158968,0.10628120000000002,-0.21644016797180177,3
2026-08-25,ENDURANCE,8,1,0.04656318529896015,0.42985180020332336,-0.06018877,0.1062812,-0.21646997029418946,3
2026-08-25,ENDURANCE,10,1,0.05085134277201891,0.39486163854599,-0.14699697,0.1062812,-0.30327817494506837,3
2026-08-25,ENDURANCE,11,1,0.054323175624308113,0.38208457827568054,-0.026756525,0.1062812,-0.18303772503967286,3
2026-08-25,ENDURANCE,12,1,0.04749173510833135,0.37302646040916443,0.033450127,0.1062812,-0.12283107335205079,3
2026-08-25,ENDURANCE,13,1,0.045515844433244836,0.3574542999267578,-0.11031628,0.1062812,-0.266597476550293,3
2026-08-25,ENDURANCE,14,1,0.053637825600100705,0.29046377539634705,0.013375282,0.10628119999999998,-0.14290591771240232,3
2026-08-25,ENDURANCE,15,1,0.04422749763425152,0.2774553894996643,0.05018711,0.1062812,-0.1060940890991211,3
2026-08-25,ENDURANCE,16,1,0.07295154766992505,0.28107181191444397,0.33432245,0.10628120000000002,0.178041252545166,3
2026-08-25,ENDURANCE,67,-1,-0.10543922015537685,0.12886947393417358,-0.03682375,0.10628120000000002,-0.19310494954223634,3
2026-08-25,ESCORTS,6,1,0.04554384204564982,0.33081498742103577,-0.097846985,0.10628119999999998,-0.2541281848632812,3
2026-08-25,ESCORTS,7,1,0.07084141400278961,0.3110690116882324,0.026130676,0.1062812,-0.13015052373046876,3
2026-08-25,ESCORTS,8,1,0.06512291567422741,0.280396968126297,-0.10120869,0.10628119999999998,-0.25748988682861323,3
2026-08-25,ESCORTS,9,1,0.08419240491975027,0.2757049798965454,0.1504302,0.10628120000000002,-0.0058509975158691635,3
2026-08-25,ESCORTS,10,1,0.07956885986458828,0.26619017124176025,-0.104516745,0.1062812,-0.26079794461364747,3
2026-08-25,ESCORTS,11,1,0.06977445663851384,0.25783485174179077,0.03271103,0.1062812,-0.12357017094726563,3
2026-08-25,ESCORTS,12,1,0.058019764115077116,0.27767783403396606,-0.41700602,0.1062812,-0.5732872157775879,3
2026-08-25,ESCORTS,13,1,0.06643895649538681,0.27354031801223755,-0.31337142,0.1062812,-0.4696526199066162,3
2026-08-25,ESCORTS,15,1,0.046318900122152916,0.17927125096321106,-0.2352953,0.10628119999999998,-0.391576495715332,3
2026-08-25,ESCORTS,16,1,0.06571262547045496,0.17865271866321564,-0.26792884,0.1062812,-0.4242100387298584,3
2026-08-25,ESCORTS,67,-1,-0.10448499745072433,0.0799223929643631,-0.43064356,0.1062812,-0.5869247585021973,3
2026-08-25,ETERNAL,7,1,0.06092542458947624,0.3412908911705017,0.045764446,0.1062812,-0.11051675374145509,3
2026-08-25,ETERNAL,8,1,0.05057451509227059,0.3221113681793213,0.13734102,0.10628119999999998,-0.018940177508544903,3
2026-08-25,ETERNAL,9,1,0.06510416437036592,0.32874712347984314,0.42808056,0.1062812,0.27179935877685546,3
2026-08-25,ETERNAL,10,1,0.0681427771644232,0.30835577845573425,0.3666997,0.1062812,0.2104184955871582,3
2026-08-25,ETERNAL,11,1,0.05645044186036635,0.2976193428039551,0.2747178,0.1062812,0.11843660776977537,3
2026-08-25,ETERNAL,12,1,0.04498126227612915,0.2850746512413025,-0.4422009,0.10628119999999998,-0.5984820991241455,3
2026-08-25,ETERNAL,13,1,0.050386633444127804,0.2777844965457916,0.0,0.1062812,-0.1562812,3
2026-08-25,ETERNAL,67,-1,-0.10592132455939782,0.17878814041614532,-0.42475462,0.10628119999999998,-0.5810358195983887,3
2026-08-25,EXIDEIND,7,1,0.060464909320911336,0.5056522488594055,-0.37698746,0.10628119999999998,-0.5332686572753906,3
2026-08-25,EXIDEIND,8,1,0.05049138733713757,0.4631166458129883,-0.39906502,0.1062812,-0.5553462177001953,3
2026-08-25,EXIDEIND,9,1,0.055582022361899984,0.4334808886051178,-0.39902925,0.1062812,-0.5553104549133301,3
2026-08-25,EXIDEIND,10,1,0.06336920635103963,0.40722134709358215,-0.46583414,0.1062812,-0.6221153407775879,3
2026-08-25,EXIDEIND,11,1,0.07348390218441286,0.4086969494819641,-0.06676912,0.10628120000000002,-0.2230503230773926,3
2026-08-25,EXIDEIND,12,1,0.062430313615322995,0.4003562927246094,-0.122344494,0.10628119999999998,-0.27862569386596675,3
2026-08-25,EXIDEIND,13,1,0.06802897776878282,0.38234108686447144,-0.011140108,0.1062812,-0.16742130810852052,3
2026-08-25,EXIDEIND,14,1,0.07052324265499678,0.32991543412208557,-0.10018349,0.10628120000000002,-0.25646468693847657,3
2026-08-25,EXIDEIND,15,1,0.06322723680063648,0.2989111840724945,-0.055664778,0.1062812,-0.2119459777557373,3
2026-08-25,EXIDEIND,16,1,0.09992258505028974,0.28456956148147583,0.2670884,0.1062812,0.11080721323852537,3
2026-08-25,EXIDEIND,17,1,0.049691187246179574,0.2483365535736084,0.12257099,0.1062812,-0.03371020848388673,3
2026-08-25,EXIDEIND,63,-1,-0.0445126814991081,0.11713481694459915,-0.111567974,0.10628120000000002,-0.2678491740905762,3
2026-08-25,EXIDEIND,67,-1,-0.12395038173934146,0.1351458728313446,0.08901358,0.10628120000000002,-0.06726762349243166,3
2026-08-25,FEDERALBNK,7,1,0.057584908786915995,0.26908063888549805,-0.48923492,0.1062812,-0.6455161243164063,3
2026-08-25,FEDERALBNK,8,1,0.051218652820307894,0.26421815156936646,-0.41946173,0.10628119999999998,-0.575742927142334,3
2026-08-25,FEDERALBNK,16,1,0.0512186289709683,0.15543271601200104,-0.39309263,0.10628119999999998,-0.5493738322937012,3
2026-08-25,FEDERALBNK,67,-1,-0.093298512817618,0.3006545603275299,0.3303647,0.1062812,0.17408350413208007,3
2026-08-25,FLUOROCHEM,7,1,0.04462950564073269,0.5243403911590576,-0.44335723,0.1062812,-0.5996384292327881,3
2026-08-25,FLUOROCHEM,9,1,0.05101210369592827,0.4813200831413269,-0.120681524,0.10628119999999998,-0.27696272427673335,3
2026-08-25,FLUOROCHEM,10,1,0.05240883183365412,0.46923500299453735,-0.1834929,0.1062812,-0.33977409894104005,3
2026-08-25,FLUOROCHEM,11,1,0.051348380613010655,0.448340505361557,-0.004309416,0.1062812,-0.16059061581726075,3
2026-08-25,FLUOROCHEM,12,1,0.05138450067420831,0.42565998435020447,0.0864625,0.1062812,-0.06981870228881837,3
2026-08-25,FLUOROCHEM,13,1,0.05579596973773211,0.40546998381614685,0.2164483,0.1062812,0.06016710703735351,3
2026-08-25,FLUOROCHEM,14,1,0.056265399572555566,0.339555025100708,0.045394897,0.1062812,-0.11088630253906251,3
2026-08-25,FLUOROCHEM,15,1,0.058933586411244715,0.28330832719802856,0.045394897,0.10628120000000002,-0.11088630253906252,3
2026-08-25,FLUOROCHEM,16,1,0.07276351681439139,0.29173120856285095,-0.14674664,0.1062812,-0.3030278354370117,3
2026-08-25,FLUOROCHEM,17,1,0.047923261027222046,0.28069090843200684,0.16219616,0.10628119999999998,0.0059149593627929875,3
2026-08-25,FLUOROCHEM,67,-1,-0.10918392991364653,0.14476141333580017,-0.06518364,0.10628119999999998,-0.22146483952636714,3
2026-08-25,FORTIS,6,1,0.0436281661333076,0.35433390736579895,-0.5111873,0.1062812,-0.6674685149871826,3
2026-08-25,FORTIS,7,1,0.055523967458860075,0.3348640501499176,-0.4238248,0.1062812,-0.5801059871398926,3
2026-08-25,FORTIS,8,1,0.06399597186790683,0.31955891847610474,-0.30303,0.10628119999999998,-0.4593112140380859,3
2026-08-25,FORTIS,9,1,0.07606707768639152,0.307259202003479,-0.2261579,0.1062812,-0.38243910367126466,3
2026-08-25,FORTIS,10,1,0.07194646791694878,0.28940415382385254,-0.14896393,0.10628119999999998,-0.3052451282226562,3
2026-08-25,FORTIS,11,1,0.08677028846572282,0.2766728103160858,-0.27068257,0.1062812,-0.42696377331848145,3
2026-08-25,FORTIS,12,1,0.0648517810184099,0.262001097202301,-0.35337806,0.1062812,-0.5096592574798584,3
2026-08-25,FORTIS,13,1,0.05792292829622767,0.25532734394073486,-0.22099614,0.1062812,-0.37727734143371583,3
2026-08-25,FORTIS,14,1,0.051575287445644415,0.19267642498016357,0.14933348,0.1062812,-0.006947722979736337,3
2026-08-25,FORTIS,16,1,0.06571262547045496,0.16585581004619598,0.07742643,0.10628119999999998,-0.07885476643676756,3
2026-08-25,FORTIS,63,-1,-0.04792531112211419,0.1765008419752121,-0.4737258,0.10628119999999998,-0.6300069957458496,3
2026-08-25,FORTIS,67,-1,-0.12429803877598626,0.20549963414669037,-0.2876401,0.1062812,-0.4439212947570801,3
2026-08-25,GAIL,16,1,0.05976035892318644,0.13613027334213257,0.04054308,0.1062812,-0.1157381206237793,3
2026-08-25,GAIL,63,-1,-0.04347861519341662,0.1269645243883133,-0.14389753,0.1062812,-0.30017873341674806,3
2026-08-25,GAIL,67,-1,-0.11954380917062114,0.10467992722988129,-0.8620739,0.10628119999999998,-1.0183550983154297,3
2026-08-25,GICRE,13,1,0.04341481591830364,0.2498704046010971,0.18258095,0.1062812,0.026299747875976554,3
2026-08-25,GICRE,16,1,0.046756277895354234,0.20036187767982483,-0.09813905,0.1062812,-0.2544202476226807,3
2026-08-25,GICRE,67,-1,-0.10566652198928743,0.09045661985874176,-0.0,0.1062812,-0.1562812,3
2026-08-25,GLAXO,7,1,0.05155880957718845,0.4065587520599365,0.14294386,0.1062812,-0.013337340899658212,3
2026-08-25,GLAXO,8,1,0.04463090874753999,0.37969860434532166,0.27928352,0.1062812,0.12300232355957029,3
2026-08-25,GLAXO,11,1,0.05039651713816862,0.31956273317337036,0.31346083,0.1062812,0.1571796268737793,3
2026-08-25,GLAXO,12,1,0.04495729541420739,0.3016589879989624,0.5038023,0.1062812,0.3475210994995117,3
2026-08-25,GLAXO,13,1,0.0496445224527488,0.30571985244750977,0.37761927,0.10628119999999998,0.2213380665100098,3
2026-08-25,GLAXO,67,-1,-0.128946158541954,0.10120388120412827,-1.772964,0.10628119999999998,-1.9292452007019043,3
2026-08-25,GLENMARK,7,1,0.043664110826401675,0.41519832611083984,-1.0147035,0.1062812,-1.1709847121917725,3
2026-08-25,GLENMARK,9,1,0.049035278506654345,0.3994496464729309,-0.9718001,0.1062812,-1.1280812888824463,3
2026-08-25,GLENMARK,10,1,0.054285047602262805,0.4106524586677551,-0.62552094,0.1062812,-0.7818021445953369,3
2026-08-25,GLENMARK,11,1,0.05255678365545938,0.3980953097343445,-0.645566,0.1062812,-0.8018471866333008,3
2026-08-25,GLENMARK,12,1,0.053960420441660904,0.43355366587638855,0.31894445,0.10628119999999998,0.16266325419311528,3
2026-08-25,GLENMARK,13,1,0.05669499206523213,0.4239072799682617,0.3864169,0.1062812,0.2301357120788574,3
2026-08-25,GLENMARK,14,1,0.05652443197787676,0.3971881866455078,0.3096223,0.1062812,0.15334108775024413,3
2026-08-25,GLENMARK,15,1,0.04538996080930457,0.40020179748535156,0.65425634,0.10628119999999998,0.4979751438415528,3
2026-08-25,GLENMARK,16,1,0.06842319085847913,0.3864227533340454,0.8010149,0.10628119999999998,0.6447337002075195,3
2026-08-25,GLENMARK,17,1,0.05444926432888106,0.378273069858551,1.0323167,0.1062812,0.8760354847229004,3
2026-08-25,GLENMARK,67,-1,-0.11997853329499733,0.1797790378332138,-0.17112494,0.1062812,-0.3274061351501465,3
2026-08-25,GODFRYPHLP,6,1,0.05055748571752683,0.40193045139312744,-0.028800964,0.1062812,-0.18508216435546876,3
2026-08-25,GODFRYPHLP,7,1,0.06960727391173552,0.4487111568450928,0.33767223,0.10628119999999998,0.18139103358154302,3
2026-08-25,GODFRYPHLP,8,1,0.057584318670698645,0.42669129371643066,0.30312538,0.1062812,0.14684418146972655,3
2026-08-25,GODFRYPHLP,9,1,0.06965707989848526,0.4031583368778229,0.5106211,0.1062812,0.3543398708618164,3
2026-08-25,GODFRYPHLP,10,1,0.057429853292635856,0.3811599314212799,0.45300722,0.1062812,0.2967260212219238,3
2026-08-25,GODFRYPHLP,11,1,0.06726355749549971,0.35935017466545105,0.55913925,0.1062812,0.40285805170898437,3
2026-08-25,GODFRYPHLP,13,1,0.054250437522854536,0.3785736858844757,0.10082722,0.1062812,-0.05545398289794923,3
2026-08-25,GODFRYPHLP,14,1,0.062266676175863074,0.3389413058757782,0.1345396,0.1062812,-0.02174159581298829,3
2026-08-25,GODFRYPHLP,15,1,0.06265528955426532,0.30597004294395447,0.019192696,0.1062812,-0.13708850438232423,3
2026-08-25,GODFRYPHLP,16,1,0.08631125807955901,0.3005710244178772,0.19657612,0.1062812,0.04029491846923827,3
2026-08-25,GODFRYPHLP,17,1,0.04800404484758478,0.2967618405818939,0.14872551,0.1062812,-0.0075556903564453215,3
2026-08-25,GODFRYPHLP,67,-1,-0.12847329553385833,0.18268457055091858,-1.1036515,0.1062812,-1.259932723590088,3
2026-08-25,GODREJCP,7,1,0.04607786680450104,0.24067047238349915,-0.11896491,0.10628119999999998,-0.2752461105072021,3
2026-08-25,GODREJCP,16,1,0.06271028630676977,0.14868007600307465,-0.06502867,0.1062812,-0.22130986744995118,3
2026-08-25,GODREJCP,67,-1,-0.12444549700885789,0.16102458536624908,-0.17249584,0.1062812,-0.3287770419799805,3
2026-08-25,GODREJIND,3,1,0.05161552953576739,1.3547115325927734,-0.27917624,0.1062812,-0.4354574351989746,3
2026-08-25,GODREJIND,4,1,0.055518144323503146,1.131714105606079,-1.1404157,0.10628120000000002,-1.2966968684875488,3
2026-08-25,GODREJIND,5,1,0.06535229860909943,1.051772117614746,-0.8995652,0.10628119999999998,-1.0558464198791504,3
2026-08-25,GODREJIND,6,1,0.06485585603340698,0.9979485273361206,-1.08639,0.10628120000000002,-1.2426712184631348,3
2026-08-25,GODREJIND,7,1,0.08312800411766182,0.8988268375396729,-1.2416363,0.10628119999999998,-1.3979174762451172,3
2026-08-25,GODREJIND,8,1,0.07339152065196125,0.8664760589599609,-1.5074074,0.10628119999999998,-1.6636886268341065,3
2026-08-25,GODREJIND,9,1,0.07596879100125815,0.8192880153656006,-1.0343373,0.10628119999999998,-1.1906184821807861,3
2026-08-25,GODREJIND,10,1,0.08198565686766562,0.8216022253036499,-0.50703883,0.10628119999999998,-0.6633200317108154,3
2026-08-25,GODREJIND,11,1,0.08973550985034245,0.8240875005722046,-0.017565489,0.10628119999999998,-0.1738466888153076,3
2026-08-25,GODREJIND,12,1,0.06102901442147359,0.8128209114074707,0.29075146,0.10628119999999998,0.13447025721435552,3
2026-08-25,GODREJIND,13,1,0.08096977580770397,0.8045996427536011,-0.06147623,0.10628119999999998,-0.21775743062133784,3
2026-08-25,GODREJIND,14,1,0.07539621472004489,0.6104159355163574,-0.14947057,0.10628119999999998,-0.305751767703247,3
2026-08-25,GODREJIND,15,1,0.06298147656795113,0.5340351462364197,0.114285946,0.10628119999999998,-0.041995254107666,3
2026-08-25,GODREJIND,16,1,0.08902637836779018,0.4843052625656128,-0.18419027,0.1062812,-0.3404714732849121,3
2026-08-25,GODREJIND,17,1,0.0533041726236342,0.47133833169937134,-0.1757145,0.10628119999999998,-0.3319956927978515,3
2026-08-25,GODREJIND,67,-1,-0.0672611796686324,0.29445597529411316,0.18864274,0.1062812,0.03236154024963378,3
2026-08-25,GODREJPROP,7,1,0.05970092685830766,0.39454200863838196,-0.34567714,0.1062812,-0.5019583373748779,3
2026-08-25,GODREJPROP,8,1,0.045850299775534537,0.38009700179100037,-0.45887232,0.1062812,-0.6151535182678223,3
2026-08-25,GODREJPROP,9,1,0.05951321441393984,0.38750889897346497,-0.29203892,0.10628120000000002,-0.4483201175415039,3
2026-08-25,GODREJPROP,10,1,0.04856457572352091,0.36667776107788086,-0.36611557,0.1062812,-0.5223967700683594,3
2026-08-25,GODREJPROP,11,1,0.04933766930124244,0.3489735722541809,-0.5092442,0.1062812,-0.6655254035675049,3
2026-08-25,GODREJPROP,12,1,0.04336954309443452,0.3309915065765381,-0.4399836,0.10628119999999998,-0.596264806338501,3
2026-08-25,GODREJPROP,13,1,0.05295343440920527,0.3231811225414276,-0.22273064,0.1062812,-0.3790118365966797,3
2026-08-25,GODREJPROP,14,1,0.07600195965209644,0.2654683589935303,-0.13379455,0.1062812,-0.29007574612731934,3
2026-08-25,GODREJPROP,15,1,0.05191699895060801,0.24076293408870697,0.12391806,0.1062812,-0.0323631435119629,3
2026-08-25,GODREJPROP,16,1,0.06724068291359027,0.23651166260242462,0.25812387,0.1062812,0.10184267466430662,3
2026-08-25,GODREJPROP,67,-1,-0.11987926593680706,0.21200896799564362,-0.28387308,0.1062812,-0.4401542812072754,3
2026-08-25,GRASIM,9,1,0.05514404228667672,0.2606668174266815,-0.8058846,0.1062812,-0.962165799685669,3
2026-08-25,GRASIM,10,1,0.05688965193679623,0.2681882083415985,-0.688076,0.1062812,-0.8443572192871094,3
2026-08-25,GRASIM,11,1,0.06471292535018382,0.2615060806274414,-0.36679506,0.1062812,-0.5230762630187988,3
2026-08-25,GRASIM,13,1,0.07002204255245917,0.25917848944664,-0.25128722,0.10628119999999998,-0.4075684219085693,3
2026-08-25,GRASIM,14,1,0.08386807226042904,0.258881151676178,-0.17823577,0.1062812,-0.3345169692718506,3
2026-08-25,GRASIM,15,1,0.05260296401420317,0.2514726519584656,-0.23655891,0.10628120000000002,-0.3928401141845703,3
2026-08-25,GRASIM,16,1,0.10488727952141899,0.26157817244529724,-0.073856115,0.1062812,-0.23013731534118653,3
2026-08-25,GRASIM,17,1,0.06496212403576275,0.26283901929855347,0.0,0.10628119999999998,-0.15628119999999998,3
2026-08-25,GRASIM,21,1,0.060150900741400275,0.2676113247871399,-0.16931295,0.10628119999999998,-0.32559415394897456,3
2026-08-25,GRASIM,63,-1,-0.048586870954788704,0.1601036936044693,-1.2145758,0.10628119999999998,-1.3708569675170899,3
2026-08-25,GRASIM,67,-1,-0.12526163778920552,0.1757996827363968,-1.0412574,0.1062812,-1.197538581439209,3
2026-08-25,HAL,6,1,0.04597365020842622,0.3757837116718292,-0.7937968,0.10628119999999998,-0.9500779777252197,3
2026-08-25,HAL,7,1,0.06585912391057093,0.3603128492832184,-0.5804002,0.10628119999999998,-0.7366814285003662,3
2026-08-25,HAL,8,1,0.059535412797751236,0.3300098180770874,-0.7146418,0.10628119999999998,-0.870923009463501,3
2026-08-25,HAL,9,1,0.07487336493449223,0.3365103602409363,-0.30258894,0.1062812,-0.45887013966674806,3
2026-08-25,HAL,10,1,0.07094028623063761,0.32964059710502625,-0.4056573,0.1062812,-0.5619384914123535,3
2026-08-25,HAL,11,1,0.08699946467837295,0.3144419193267822,0.047659874,0.10628119999999998,-0.10862132603759764,3
2026-08-25,HAL,12,1,0.0681149232204484,0.302043616771698,0.22193193,0.10628120000000002,0.06565073435668943,3
2026-08-25,HAL,13,1,0.08158008308477581,0.3025423586368561,0.27849674,0.1062812,0.12221554224853513,3
2026-08-25,HAL,14,1,0.06851044179826477,0.2556847333908081,0.47796965,0.1062812,0.3216884464538574,3
2026-08-25,HAL,15,1,0.05606302648480904,0.24384024739265442,0.58665276,0.1062812,0.4303715557373047,3
2026-08-25,HAL,16,1,0.08402547405124264,0.240693137049675,0.78368187,0.1062812,0.6274006695068359,3
2026-08-25,HAL,63,-1,-0.047144113347785364,0.15199421346187592,-0.10033846,0.1062812,-0.2566196590148926,3
2026-08-25,HAL,67,-1,-0.10448499745072433,0.12827742099761963,-0.35842657,0.10628119999999998,-0.514707770892334,3
2026-08-25,HAVELLS,6,1,0.047295347275747676,0.2954881191253662,-0.03979206,0.1062812,-0.1960732608520508,3
2026-08-25,HAVELLS,7,1,0.06383325251615707,0.2732512056827545,-0.18283129,0.1062812,-0.3391124873840332,3
2026-08-25,HAVELLS,8,1,0.07115308786605669,0.27249205112457275,-0.1034677,0.1062812,-0.2597489028656006,3
2026-08-25,HAVELLS,9,1,0.08137428646766307,0.28063517808914185,0.10370016,0.10628119999999998,-0.05258103901977537,3
2026-08-25,HAVELLS,10,1,0.079401808884877,0.2638199031352997,0.04785061,0.1062812,-0.10843059117431642,3
2026-08-25,HAVELLS,11,1,0.06776228863315008,0.27253904938697815,-0.10344982,0.10628119999999998,-0.2597310214721679,3
2026-08-25,HAVELLS,12,1,0.06427487942229942,0.26225197315216064,-0.039839745,0.1062812,-0.1961209445678711,3
2026-08-25,HAVELLS,13,1,0.051054101213397055,0.25364023447036743,-0.071656704,0.1062812,-0.22793790394897462,3
2026-08-25,HAVELLS,14,1,0.04892962488046837,0.22070814669132233,-0.007963181,0.10628119999999998,-0.16424438054199217,3
2026-08-25,HAVELLS,16,1,0.06521499344406878,0.19521871209144592,-0.055789948,0.1062812,-0.21207114750976563,3
2026-08-25,HAVELLS,63,-1,-0.04910088711029696,0.1622873991727829,0.055217743,0.10628119999999998,-0.1010634570800781,3
2026-08-25,HAVELLS,67,-1,-0.12526163778920552,0.19403892755508423,0.07086992,0.10628119999999998,-0.08541127736206053,3
2026-08-25,HCLTECH,6,1,0.048767399786518305,0.37083008885383606,-0.06914735,0.10628119999999998,-0.22542854840393062,3
2026-08-25,HCLTECH,7,1,0.08620557654590674,0.3734220862388611,0.1539588,0.1062812,-0.0023224025451660246,3
2026-08-25,HCLTECH,8,1,0.07084125620520122,0.3632478713989258,-0.123006105,0.10628119999999998,-0.2792873054229736,3
2026-08-25,HCLTECH,9,1,0.0676860831988734,0.3455424904823303,-0.0076770782,0.10628119999999998,-0.1639582782470703,3
2026-08-25,HCLTECH,10,1,0.05801464378063708,0.3244759440422058,-0.07674694,0.1062812,-0.23302814061279298,3
2026-08-25,HCLTECH,11,1,0.06650898572519164,0.306677907705307,-0.15335083,0.1062812,-0.309632030078125,3
2026-08-25,HCLTECH,12,1,0.06752055467715433,0.30440589785575867,-0.0998497,0.10628119999999998,-0.25613090092773433,3
2026-08-25,HCLTECH,13,1,0.07776094836400813,0.2937978506088257,-0.06918311,0.1062812,-0.2254643111907959,3
2026-08-25,HCLTECH,14,1,0.08436089478130718,0.2618861794471741,0.0,0.1062812,-0.1562812,3
2026-08-25,HCLTECH,15,1,0.05783635353715265,0.23367759585380554,0.030767918,0.1062812,-0.12551328236694337,3
2026-08-25,HCLTECH,16,1,0.05657750235410248,0.2215847671031952,-0.29171705,0.10628119999999998,-0.44799825245971675,3
2026-08-25,HCLTECH,67,-1,-0.11969126740349277,0.21040616929531097,-0.673306,0.1062812,-0.8295871883117676,3
2026-08-25,HDFCAMC,7,1,0.061293371630077864,0.31527507305145264,0.030481815,0.1062812,-0.12579938466186524,3
2026-08-25,HDFCAMC,8,1,0.05413480363589678,0.29120707511901855,-0.01142025,0.10628120000000002,-0.16770144993896485,3
2026-08-25,HDFCAMC,9,1,0.06418737120319483,0.2816218435764313,0.060987473,0.1062812,-0.09529372746582032,3
2026-08-25,HDFCAMC,10,1,0.06577616903175196,0.2758517861366272,0.25562048,0.1062812,0.09933927958374021,3
2026-08-25,HDFCAMC,11,1,0.06405609759793703,0.2652830481529236,0.30499697,0.10628119999999998,0.14871576731567387,3
2026-08-25,HDFCAMC,12,1,0.05097661710077145,0.2722000479698181,0.09124279,0.10628119999999998,-0.06503840977783201,3
2026-08-25,HDFCAMC,13,1,0.05648352066361398,0.2720169126987457,0.1942277,0.10628119999999998,0.03794649546508791,3
2026-08-25,HDFCAMC,16,1,0.05842104770298642,0.2008177936077118,0.37714243,0.1062812,0.22086122935180663,3
2026-08-25,HDFCAMC,67,-1,-0.12106701302528715,0.2200038880109787,-0.48416853,0.1062812,-0.6404497295104981,3
2026-08-25,HDFCBANK,16,1,0.05036342963111395,0.09669732302427292,-0.2542913,0.10628119999999998,-0.410572496005249,3
2026-08-25,HDFCBANK,67,-1,-0.10699385364014143,0.1095406785607338,-0.5111933,0.1062812,-0.6674744754516602,3
2026-08-25,HDFCLIFE,7,1,0.05705221016151965,0.3358217179775238,0.08138418,0.1062812,-0.07489701802368165,3
2026-08-25,HDFCLIFE,8,1,0.05375004323124191,0.3272712528705597,0.27176142,0.1062812,0.11548021738891599,3
2026-08-25,HDFCLIFE,9,1,0.06476252532716525,0.3035520315170288,0.26277304,0.1062812,0.10649183695678709,3
2026-08-25,HDFCLIFE,10,1,0.06699193980509219,0.28344735503196716,0.3534794,0.1062812,0.19719818537597655,3
2026-08-25,HDFCLIFE,11,1,0.05893711542738905,0.27249377965927124,0.44380426,0.1062812,0.2875230640686035,3
2026-08-25,HDFCLIFE,12,1,0.05352590267432102,0.275420606136322,0.0813365,0.1062812,-0.07494470173950196,3
2026-08-25,HDFCLIFE,13,1,0.057773024005413585,0.2686156928539276,-0.08131862,0.1062812,-0.23759981686706544,3
2026-08-25,HDFCLIFE,16,1,0.06112558515333512,0.18720626831054688,0.018072128,0.10628120000000002,-0.13820907170410157,3
2026-08-25,HDFCLIFE,63,-1,-0.0470859300795968,0.17730319499969482,0.009125471,0.1062812,-0.1471557288848877,3
2026-08-25,HDFCLIFE,67,-1,-0.11273991155218623,0.19704174995422363,0.44614673,0.1062812,0.28986552660827636,3
2026-08-25,HEROMOTOCO,11,1,0.04641120637768868,0.22864499688148499,-0.43489933,0.10628119999999998,-0.5911805301391602,3
2026-08-25,HEROMOTOCO,12,1,0.04552475982568334,0.22278715670108795,-0.33759475,0.10628119999999998,-0.4938759475433349,3
2026-08-25,HEROMOTOCO,13,1,0.04642191048449208,0.23548580706119537,-0.05349517,0.10628119999999998,-0.20977636868591304,3
2026-08-25,HEROMOTOCO,14,1,0.048938355540101085,0.2053348869085312,-0.2402544,0.1062812,-0.39653560216064454,3
2026-08-25,HEROMOTOCO,15,1,0.04664776012569946,0.1878526210784912,0.0356555,0.1062812,-0.12062570149536134,3
2026-08-25,HEROMOTOCO,16,1,0.06043548621191535,0.18597541749477386,0.13376474,0.1062812,-0.02251645619506837,3
2026-08-25,HEROMOTOCO,67,-1,-0.11987926593680706,0.17207878828048706,-0.008893013,0.1062812,-0.1651742130004883,3
2026-08-25,HINDALCO,7,1,0.06460373723625283,0.33959802985191345,-0.0095665455,0.10628119999999998,-0.16584774548645018,3
2026-08-25,HINDALCO,8,1,0.04814032111874653,0.3226446509361267,-0.052541494,0.1062812,-0.20882269436950684,3
2026-08-25,HINDALCO,9,1,0.060535805287132614,0.30382463335990906,-0.10983348,0.10628119999999998,-0.26611467892761226,3
2026-08-25,HINDALCO,10,1,0.059104965806639244,0.28349313139915466,-0.13848543,0.10628120000000002,-0.2947666316711426,3
2026-08-25,HINDALCO,11,1,0.0633428650457553,0.26790472865104675,-0.04297495,0.10628119999999998,-0.1992561488830566,3
2026-08-25,HINDALCO,13,1,0.07500067950835293,0.26729726791381836,0.06700754,0.1062812,-0.08927365834350587,3
2026-08-25,HINDALCO,14,1,0.05071227148331641,0.223802387714386,-0.004786253,0.10628119999999998,-0.16106745297546385,3
2026-08-25,HINDALCO,16,1,0.06711520055779689,0.20865808427333832,-0.043016672,0.10628119999999998,-0.19929787213439937,3
2026-08-25,HINDALCO,63,-1,-0.04628594172456152,0.15243344008922577,0.06681085,0.1062812,-0.08947035367126466,3
2026-08-25,HINDALCO,67,-1,-0.11954380917062114,0.15549467504024506,-0.109541416,0.10628119999999998,-0.26582261616821284,3
2026-08-25,HINDPETRO,7,1,0.043664110826401675,0.3426491916179657,-0.21502376,0.10628119999999998,-0.37130495602722163,3
2026-08-25,HINDPETRO,8,1,0.04494808006970613,0.3274565041065216,-0.040358305,0.10628119999999998,-0.19663950497741695,3
2026-08-25,HINDPETRO,9,1,0.04675048941587926,0.30547723174095154,-0.1614213,0.10628119999999998,-0.31770249898071284,3
2026-08-25,HINDPETRO,10,1,0.05483907850999034,0.28378525376319885,-0.3498435,0.1062812,-0.5061247020446777,3
2026-08-25,HINDPETRO,11,1,0.052652995821944756,0.26928773522377014,-0.33661127,0.1062812,-0.492892470904541,3
2026-08-25,HINDPETRO,16,1,0.05557041593951383,0.1530202180147171,-0.18860102,0.10628119999999998,-0.34488221699829097,3
2026-08-25,HINDPETRO,67,-1,-0.12860890921924886,0.22835001349449158,0.17386675,0.10628119999999998,0.017585548809814472,3
2026-08-25,HINDUNILVR,7,1,0.06150904102429254,0.282881498336792,0.222826,0.1062812,0.0665448040283203,3
2026-08-25,HINDUNILVR,8,1,0.05439277508004482,0.2721424996852875,0.12370348,0.1062812,-0.032577720233154306,3
2026-08-25,HINDUNILVR,16,1,0.06105407282964573,0.16257864236831665,0.09397268,0.1062812,-0.06230851704711915,3
2026-08-25,HINDUNILVR,63,-1,-0.0478400705406018,0.11078330129384995,-0.16351938,0.1062812,-0.31980058247680665,3
2026-08-25,HINDUNILVR,67,-1,-0.12411004024267197,0.128963902592659,-0.1286149,0.10628119999999998,-0.28489610249633784,3
2026-08-25,HINDZINC,7,1,0.06116474217665351,0.5707216858863831,-0.41353703,0.10628119999999998,-0.5698182254516602,3
2026-08-25,HINDZINC,8,1,0.05877259134963677,0.5531598329544067,-0.07610321,0.1062812,-0.23238441044921876,3
2026-08-25,HINDZINC,9,1,0.06818507852684902,0.5186119079589844,0.00846386,0.1062812,-0.14781734044189454,3
2026-08-25,HINDZINC,10,1,0.06282109595527356,0.49530765414237976,-0.16074777,0.1062812,-0.317028966494751,3
2026-08-25,HINDZINC,11,1,0.06967642789635586,0.4700201451778412,-0.0338912,0.10628119999999998,-0.19017240101928706,3
2026-08-25,HINDZINC,12,1,0.07533514869547792,0.4568654000759125,0.033938885,0.1062812,-0.12234231526489259,3
2026-08-25,HINDZINC,13,1,0.0813398233143269,0.43543681502342224,0.067937374,0.1062812,-0.08834382588500977,3
2026-08-25,HINDZINC,14,1,0.07220751370458373,0.3698553144931793,-0.21186471,0.1062812,-0.368145909854126,3
2026-08-25,HINDZINC,15,1,0.05117517267398881,0.35481616854667664,-0.1269877,0.1062812,-0.28326889569396974,3
2026-08-25,HINDZINC,16,1,0.08921059970588341,0.32341209053993225,-0.38080812,0.10628120000000002,-0.5370893150054932,3
2026-08-25,HINDZINC,17,1,0.06113183124821961,0.26753225922584534,-0.42344332,0.1062812,-0.5797245174133301,3
2026-08-25,HINDZINC,67,-1,-0.09885292079117947,0.18565356731414795,-0.016868114,0.10628119999999998,-0.17314931447143553,3
2026-08-25,HONAUT,7,1,0.04702805937971269,0.3220060169696808,-0.013697147,0.10628119999999998,-0.16997834736938475,3
2026-08-25,HONAUT,9,1,0.047209812561543774,0.2670867145061493,0.013697147,0.1062812,-0.14258405263061524,3
2026-08-25,HONAUT,16,1,0.05332043674845701,0.08511554449796677,-0.013697147,0.10628119999999998,-0.16997834736938475,3
2026-08-25,HONAUT,67,-1,-0.11692453503327141,0.12273284792900085,-0.50388575,0.10628119999999998,-0.6601669460021973,3
2026-08-25,HUDCO,7,1,0.058645816395733935,0.3240847885608673,-0.04285574,0.1062812,-0.19913693959350587,3
2026-08-25,HUDCO,8,1,0.055821669193971364,0.30692383646965027,-0.09636283,0.1062812,-0.25264402920837403,3
2026-08-25,HUDCO,9,1,0.061249037839314326,0.2870301306247711,-0.08031726,0.10628119999999998,-0.23659845883483882,3
2026-08-25,HUDCO,10,1,0.05588771205323114,0.27328264713287354,-0.08035302,0.1062812,-0.2366342216217041,3
2026-08-25,HUDCO,11,1,0.056818708091792146,0.26097458600997925,0.005352497,0.1062812,-0.15092870289916993,3
2026-08-25,HUDCO,16,1,0.05828903368828097,0.17340312898159027,0.058937073,0.1062812,-0.09734412724609376,3
2026-08-25,HUDCO,67,-1,-0.10752114149660662,0.13608010113239288,-0.2468586,0.1062812,-0.4031397968017578,3
2026-08-25,ICICIBANK,13,1,0.04383998987821004,0.17836833000183105,0.36785603,0.1062812,0.21157482569580077,3
2026-08-25,ICICIBANK,16,1,0.05201214072668277,0.14579269289970398,0.16243458,0.1062812,0.006153377941894522,3
2026-08-25,ICICIBANK,63,-1,-0.04603848916548608,0.1518678218126297,-0.0492692,0.1062812,-0.2055503993713379,3
2026-08-25,ICICIBANK,67,-1,-0.11973180770393543,0.16513074934482574,0.014060736,0.1062812,-0.14222046429748536,3
2026-08-25,ICICIGI,7,1,0.05676494427001508,0.3389686346054077,0.04953146,0.1062812,-0.1067497401916504,3
2026-08-25,ICICIGI,8,1,0.04979976848032087,0.3138241469860077,0.018572807,0.1062812,-0.1377083926879883,3
2026-08-25,ICICIGI,9,1,0.05576905720880242,0.29768669605255127,0.02475977,0.1062812,-0.13152143056030274,3
2026-08-25,ICICIGI,10,1,0.05640765132882755,0.28476041555404663,0.0,0.10628119999999998,-0.15628119999999998,3
2026-08-25,ICICIGI,11,1,0.058773958943303825,0.26886826753616333,0.19813776,0.1062812,0.04185656016235351,3
2026-08-25,ICICIGI,12,1,0.05316490421435708,0.2593458890914917,0.03093481,0.1062812,-0.12534638936157227,3
2026-08-25,ICICIGI,16,1,0.06112558515333512,0.1472083330154419,0.16717911,0.1062812,0.010897907666015616,3
2026-08-25,ICICIGI,67,-1,-0.10099252346339684,0.24310334026813507,-0.5100131,0.1062812,-0.6662943034851074,3
2026-08-25,ICICIPRULI,7,1,0.0541544431866778,0.3925361633300781,0.10755062,0.1062812,-0.048730578967285165,3
2026-08-25,ICICIPRULI,8,1,0.043818963769420814,0.36445990204811096,0.10763407,0.10628119999999998,-0.04864713246459959,3
2026-08-25,ICICIPRULI,9,1,0.04976422754246271,0.3385859429836273,0.0783205,0.10628119999999998,-0.0779606967651367,3
2026-08-25,ICICIPRULI,10,1,0.049504874092755904,0.3159048557281494,-0.009775162,0.1062812,-0.16605636174316407,3
2026-08-25,ICICIPRULI,11,1,0.05133850669357358,0.3085828423500061,-0.09770393,0.10628119999999998,-0.25398513371582027,3
2026-08-25,ICICIPRULI,12,1,0.046086334835603406,0.2955695688724518,-0.009775162,0.1062812,-0.16605636174316407,3
2026-08-25,ICICIPRULI,13,1,0.04987092531188815,0.2832318842411041,-0.23440123,0.1062812,-0.3906824260437012,3
2026-08-25,ICICIPRULI,16,1,0.05766849913756264,0.18445861339569092,-0.12722015,0.1062812,-0.28350135380859376,3
2026-08-25,ICICIPRULI,67,-1,-0.12444549700885789,0.17787131667137146,-0.0,0.10628119999999998,-0.15628119999999998,3
2026-08-25,IDEA,7,1,0.05126860322961321,0.8356059193611145,0.54570436,0.10628119999999998,0.3894231647766114,3
2026-08-25,IDEA,8,1,0.045256721259382904,0.8831507563591003,0.06798506,0.1062812,-0.08829614216918946,3
2026-08-25,IDEA,9,1,0.05083096771495315,0.8458375930786133,0.6139159,0.10628119999999998,0.4576347202575684,3
2026-08-25,IDEA,10,1,0.047457235772480205,0.8134609460830688,0.54682493,0.10628119999999998,0.3905437320983887,3
2026-08-25,IDEA,11,1,0.05053796205664476,0.7725504040718079,0.2726674,0.1062812,0.11638620798950193,3
2026-08-25,IDEA,14,1,0.058165132756427505,0.7511132955551147,0.33944845,0.1062812,0.1831672519958496,3
2026-08-25,IDEA,16,1,0.07249599157943463,0.7312335968017578,0.47457218,0.10628119999999998,0.3182909817016602,3
2026-08-25,IDEA,17,1,0.0482744087869402,0.7089434266090393,0.6114125,0.10628119999999998,0.455131325177002,3
2026-08-25,IDEA,20,1,0.04717500203915233,0.5371659398078918,1.219511,0.10628120000000002,1.0632298321044922,3
2026-08-25,IDEA,21,1,0.04787346337005574,0.4977768063545227,1.1502028,0.1062812,0.993921551159668,3
2026-08-25,IDEA,23,1,0.0452138347642688,0.42413732409477234,0.2024293,0.1062812,0.04614809458618163,3
2026-08-25,IDEA,25,1,0.04899058099200194,0.41762667894363403,-0.06725192,0.1062812,-0.22353312070007325,3
2026-08-25,IDEA,26,1,0.04325545982539444,0.4353649616241455,-0.20080209,0.10628119999999998,-0.35708328778381343,3
2026-08-25,IDEA,27,1,0.045970661569720496,0.4446358382701874,0.066936016,0.10628119999999998,-0.08934518391723631,3
2026-08-25,IDEA,29,1,0.05698958615622956,0.3984263837337494,1.4122367,0.1062812,1.2559554905212402,3
2026-08-25,IDEA,30,1,0.0473718771941099,0.39923080801963806,1.8855214,0.10628120000000002,1.729240211895752,3
2026-08-25,IDEA,33,1,0.05332090397533312,0.39762380719184875,1.2743115,0.1062812,1.1180303425109863,3
2026-08-25,IDEA,34,1,0.04520969982638319,0.4061153531074524,0.86956024,0.10628119999999998,0.7132790416992187,3
2026-08-25,IDEA,38,1,0.046809279134356466,0.5443527698516846,0.06631613,0.1062812,-0.0899650722229004,3
2026-08-25,IDEA,39,1,0.0535889590469298,0.5414135456085205,0.19960403,0.10628119999999998,0.043322834423828144,3
2026-08-25,IDEA,40,1,0.052234906781434096,0.5345321893692017,-0.33134818,0.1062812,-0.48762938077087403,3
2026-08-25,IDEA,41,1,0.05920196314254346,0.5447141528129578,-0.2652526,0.1062812,-0.42153379017944337,3
2026-08-25,IDEA,42,1,0.05264820895038047,0.5348859429359436,-0.39787292,0.1062812,-0.5541541248046875,3
2026-08-25,IDEA,43,1,0.0515841309506358,0.5118968486785889,0.0,0.10628119999999998,-0.15628119999999998,3
2026-08-25,IDEA,44,1,0.05343409307404332,0.5105417370796204,-0.06622672,0.10628119999999998,-0.22250792080993648,3
2026-08-25,IDEA,45,1,0.05843727634354571,0.5348859429359436,0.13253689,0.1062812,-0.023744311877441415,3
2026-08-25,IDEA,46,1,0.04867145799491914,0.5359514951705933,0.3317833,0.1062812,0.17550209467773437,3
2026-08-25,IDEA,47,1,0.050219023696548036,0.527165949344635,0.46573877,0.10628119999999998,0.3094575733459473,3
2026-08-25,IDEA,48,1,0.05582580711103812,0.5034201145172119,0.46542883,0.1062812,0.3091476291931152,3
2026-08-25,IDEA,50,1,0.053554036441861325,0.41263601183891296,0.19919872,0.10628119999999998,0.04291752283935549,3
2026-08-25,IDEA,51,1,0.049548765590634605,0.3739476799964905,0.06622076,0.10628119999999998,-0.090060439654541,3
2026-08-25,IDEA,52,1,0.05073634932164846,0.3545437753200531,0.33111572,0.10628119999999998,0.17483452265625005,3
2026-08-25,IDEA,53,1,0.05031208899770631,0.3495846092700958,0.59484243,0.1062812,0.43856123392944335,3
2026-08-25,IDEA,54,1,0.05092357829754567,0.34531715512275696,0.7289529,0.1062812,0.5726716846740723,3
2026-08-25,IDEA,55,1,0.05315345751900854,0.32617971301078796,0.26454926,0.10628119999999998,0.10826805537109378,3
2026-08-25,IDEA,56,1,0.05520289059627292,0.32596397399902344,0.39708614,0.1062812,0.24080494349365233,3
2026-08-25,IDEA,58,1,0.05968949807111329,0.3167254626750946,0.5290985,0.10628119999999998,0.37281731074218755,3
2026-08-25,IDEA,59,1,0.05950788016343997,0.2970297634601593,0.52804947,0.1062812,0.3717682689941406,3
2026-08-25,IDEA,60,1,0.05497120899147226,0.32851502299308777,0.5256295,0.1062812,0.36934832041625976,3
2026-08-25,IDEA,61,1,0.04660215373171508,0.33834555745124817,0.39473772,0.1062812,0.23845652048950194,3
2026-08-25,IDEA,62,1,0.05719092774771187,0.348661333322525,0.46143532,0.1062812,0.30515411799316405,3
2026-08-25,IDEA,63,1,0.0731977331829426,0.3531396985054016,0.39525032,0.10628120000000002,0.2389691204345703,3
2026-08-25,IDEA,64,1,0.07191602468088479,0.3611282408237457,-0.13141036,0.1062812,-0.2876915603363037,3
2026-08-25,IDEA,65,1,0.0799572646137264,0.3665398955345154,0.06583929,0.1062812,-0.09044190938110352,3
2026-08-25,IDEA,66,1,0.07834216777713403,0.3751976490020752,-0.19697547,0.1062812,-0.3532566695892334,3
2026-08-25,IDFCFIRSTB,7,1,0.04995292784895622,0.30555209517478943,-0.2443254,0.10628119999999998,-0.40060659939880366,3
2026-08-25,IDFCFIRSTB,9,1,0.059068078974223656,0.2832828462123871,-0.13988018,0.1062812,-0.2961613803588867,3
2026-08-25,IDFCFIRSTB,10,1,0.05939333107127671,0.2639507055282593,-0.11655688,0.1062812,-0.2728380828582764,3
2026-08-25,IDFCFIRSTB,16,1,0.05556118000329096,0.17592491209506989,0.16343594,0.1062812,0.007154735974121085,3
2026-08-25,IDFCFIRSTB,67,-1,-0.10699385364014143,0.14484888315200806,0.36337972,0.1062812,0.20709851687316894,3
2026-08-25,INDHOTEL,6,1,0.04506986750840526,0.3664783835411072,0.13759136,0.1062812,-0.01868983800048829,3
2026-08-25,INDHOTEL,7,1,0.06082594733243456,0.3371421694755554,0.24768114,0.10628119999999998,0.09139994089965824,3
2026-08-25,INDHOTEL,9,1,0.044797805798216635,0.32763373851776123,0.068724155,0.10628119999999998,-0.08755704457397459,3
2026-08-25,INDHOTEL,10,1,0.05070067023531293,0.3111332058906555,-0.020605326,0.1062812,-0.17688652569885255,3
2026-08-25,INDHOTEL,11,1,0.06024759347986628,0.2982138395309448,-0.12356043,0.1062812,-0.2798416286193848,3
2026-08-25,INDHOTEL,12,1,0.05403271912619384,0.28099021315574646,-0.24718046,0.1062812,-0.40346166188354493,3
2026-08-25,INDHOTEL,13,1,0.05822284388318699,0.2674424350261688,-0.17862916,0.1062812,-0.3349103599273682,3
2026-08-25,INDHOTEL,16,1,0.05099049855037326,0.1648368388414383,-0.054949522,0.1062812,-0.21123072201843263,3
2026-08-25,INDHOTEL,67,-1,-0.11967043276750487,0.1339971274137497,0.06844401,0.1062812,-0.08783718640441895,3
2026-08-25,INDIANB,7,1,0.05210393748763702,0.4339952766895294,0.21163225,0.10628120000000002,0.05535105173950193,3
2026-08-25,INDIANB,11,1,0.04918159824987021,0.33561956882476807,0.25714636,0.1062812,0.10086515848999021,3
2026-08-25,INDIANB,12,1,0.04770867318780364,0.3306209444999695,0.72683096,0.1062812,0.5705497593200684,3
2026-08-25,INDIANB,13,1,0.053473602302054266,0.32705798745155334,0.49300194,0.1062812,0.33672073786621093,3
2026-08-25,INDIANB,14,1,0.054263939177513494,0.2947658598423004,-0.12562275,0.1062812,-0.2819039493286133,3
2026-08-25,INDIANB,15,1,0.043831977122497076,0.28728002309799194,-0.10275245,0.1062812,-0.2590336471282959,3
2026-08-25,INDIANB,16,1,0.0776815851569042,0.2825027108192444,-0.017124414,0.10628119999999998,-0.1734056144439697,3
2026-08-25,INDIANB,21,1,0.04464080065078321,0.27485114336013794,0.17153025,0.1062812,0.015249046734619132,3
2026-08-25,INDIANB,67,-1,-0.09911357144820032,0.16867177188396454,-0.13686419,0.1062812,-0.29314538533325196,3
2026-08-25,INDIGO,7,1,0.06305354549886041,0.2911834120750427,0.06878376,0.10628119999999998,-0.0874974399291992,3
2026-08-25,INDIGO,8,1,0.058806054001336115,0.27755922079086304,0.14750957,0.10628119999999998,-0.008771625109863262,3
2026-08-25,INDIGO,9,1,0.053219771635252835,0.28705790638923645,-0.2645254,0.1062812,-0.4208066135131836,3
2026-08-25,INDIGO,10,1,0.053475054663600606,0.28587204217910767,-0.2742946,0.1062812,-0.4305758147918701,3
2026-08-25,INDIGO,11,1,0.055739565502370955,0.27195218205451965,-0.12739897,0.10628119999999995,-0.2836801677429199,3
2026-08-25,INDIGO,12,1,0.053227721356447315,0.26634472608566284,-0.0098109245,0.1062812,-0.1660921245300293,3
2026-08-25,INDIGO,14,1,0.044512780647005395,0.21674780547618866,0.09816885,0.1062812,-0.05811235005493165,3
2026-08-25,INDIGO,16,1,0.0611201576960064,0.18664047122001648,0.10801554,0.1062812,-0.04826566273803712,3
2026-08-25,INDIGO,63,-1,-0.04597443880201872,0.17763103544712067,-1.49225,0.10628119999999998,-1.6485311656677246,3
2026-08-25,INDIGO,67,-1,-0.12195235905955919,0.2495230734348297,-0.9284377,0.10628119999999998,-1.0847189098083496,3
2026-08-25,INDUSINDBK,7,1,0.05920849766157853,0.2978556454181671,-0.46452284,0.10628119999999998,-0.6208040385925293,3
2026-08-25,INDUSINDBK,8,1,0.050192110018354726,0.27443039417266846,-0.4939735,0.1062812,-0.6502546935760498,3
2026-08-25,INDUSINDBK,9,1,0.06686505929564673,0.26214325428009033,-0.4548192,0.10628119999999998,-0.6111004024230957,3
2026-08-25,INDUSINDBK,10,1,0.049093143286078146,0.2529006004333496,-0.31663775,0.1062812,-0.4729189544403076,3
2026-08-25,INDUSINDBK,11,1,0.06585972895627636,0.25535520911216736,-0.12886524,0.10628119999999998,-0.2851464420043945,3
2026-08-25,INDUSINDBK,12,1,0.05483691714216257,0.24779462814331055,-0.019824505,0.1062812,-0.17610570485229493,3
2026-08-25,INDUSINDBK,13,1,0.06141744816251309,0.24530291557312012,0.0893116,0.1062812,-0.0669696002685547,3
2026-08-25,INDUSINDBK,14,1,0.052055096353646566,0.21277502179145813,0.12909174,0.1062812,-0.027189460345458993,3
2026-08-25,INDUSINDBK,16,1,0.06751798489719446,0.19226385653018951,0.4667759,0.10628119999999998,0.3104946941650391,3
2026-08-25,INDUSINDBK,63,-1,-0.047552804649097224,0.203153595328331,-0.30602217,0.10628119999999998,-0.4623033672058105,3
2026-08-25,INDUSINDBK,67,-1,-0.10648707519091515,0.20863185822963715,-0.15788078,0.1062812,-0.3141619830810547,3
2026-08-25,INDUSTOWER,7,1,0.04653707246694087,0.5077713131904602,-0.18286109,0.1062812,-0.3391422897064209,3
2026-08-25,INDUSTOWER,8,1,0.04409138315084769,0.4780382215976715,-0.26150346,0.1062812,-0.4177846580230713,3
2026-08-25,INDUSTOWER,9,1,0.0484701858532702,0.45401036739349365,-0.34017563,0.10628119999999998,-0.49645682866210933,3
2026-08-25,INDUSTOWER,11,1,0.044267589715868506,0.4365336000919342,-0.4572153,0.1062812,-0.6134965091430664,3
2026-08-25,INDUSTOWER,13,1,0.053790911062274814,0.41686126589775085,0.039339066,0.10628119999999998,-0.11694213444824217,3
2026-08-25,INDUSTOWER,14,1,0.05421169053742723,0.40939101576805115,-0.2618134,0.1062812,-0.41809460217590333,3
2026-08-25,INDUSTOWER,15,1,0.04994646827995781,0.39703258872032166,-0.20978451,0.10628119999999998,-0.3660657077514648,3
2026-08-25,INDUSTOWER,16,1,0.0758601964960383,0.3816640377044678,-0.22318363,0.1062812,-0.37946483189697267,3
2026-08-25,INDUSTOWER,17,1,0.04837589070715971,0.3488885462284088,-0.07877946,0.10628119999999998,-0.23506065899963374,3
2026-08-25,INDUSTOWER,67,-1,-0.05955937499557701,0.27547454833984375,-0.55829287,0.1062812,-0.7145740657531738,3
2026-08-25,INFY,7,1,0.06023811939445341,0.2882419526576996,0.30270815,0.1062812,0.14642694895629882,3
2026-08-25,INFY,8,1,0.04607177291277816,0.283359169960022,0.15105009,0.1062812,-0.005231109210205087,3
2026-08-25,INFY,9,1,0.04793900025200434,0.2768194377422333,0.017750263,0.1062812,-0.13853093678588868,3
2026-08-25,INFY,10,1,0.049564904602380326,0.2628529965877533,0.044345856,0.1062812,-0.11193534428710938,3
2026-08-25,INFY,16,1,0.04662070833095271,0.15079127252101898,-0.15966296,0.1062812,-0.3159441619598389,3
2026-08-25,INFY,67,-1,-0.12847329553385833,0.19484499096870422,-1.3286114,0.1062812,-1.4848925739013672,3
2026-08-25,IOC,13,1,0.04624793333792577,0.1890115737915039,0.029170513,0.1062812,-0.12711068684692384,3
2026-08-25,IOC,14,1,0.04678990427822673,0.16395799815654755,-0.043720007,0.1062812,-0.20000120694274903,3
2026-08-25,IOC,16,1,0.06913876558890839,0.13809306919574738,-0.036472082,0.1062812,-0.19275328213806153,3
2026-08-25,IOC,63,-1,-0.048452622758828445,0.16411346197128296,-0.6596565,0.10628120000000002,-0.8159377246582031,3
2026-08-25,IOC,67,-1,-0.12526163778920552,0.1907922923564911,-0.3610134,0.1062812,-0.517294612475586,3
2026-08-25,IPCALAB,7,1,0.051421707800203775,0.4578937590122223,-0.17054677,0.10628119999999998,-0.32682797009582515,3
2026-08-25,IPCALAB,8,1,0.04343127349369482,0.43018341064453125,0.15550852,0.1062812,-0.0007726817810058684,3
2026-08-25,IPCALAB,9,1,0.05701510269463274,0.4166680574417114,0.33687353,0.10628119999999998,0.18059233134155278,3
2026-08-25,IPCALAB,10,1,0.05534611507155662,0.40168723464012146,0.07253885,0.1062812,-0.08374234730834962,3
2026-08-25,IPCALAB,11,1,0.060483277253413494,0.39025455713272095,0.23332834,0.1062812,0.07704714243774412,3
2026-08-25,IPCALAB,12,1,0.044857019566442634,0.3944888710975647,-0.09827614,0.1062812,-0.25455733830566407,3
2026-08-25,IPCALAB,13,1,0.048800650937825214,0.3793661594390869,0.098359585,0.1062812,-0.0579216151916504,3
2026-08-25,IPCALAB,14,1,0.056655357399969804,0.32133159041404724,0.056946278,0.1062812,-0.0993349223815918,3
2026-08-25,IPCALAB,15,1,0.04962959485341682,0.2794894576072693,0.082826614,0.1062812,-0.0734545856201172,3
2026-08-25,IPCALAB,16,1,0.08805010352992822,0.28261592984199524,-0.010329485,0.1062812,-0.1666106849395752,3
2026-08-25,IPCALAB,17,1,0.047452583954429445,0.2725498080253601,0.73463917,0.10628119999999998,0.5783579677856445,3
2026-08-25,IPCALAB,67,-1,-0.11713662309353383,0.17316368222236633,-0.6396532,0.1062812,-0.795934405871582,3
2026-08-25,IRCTC,13,1,0.04547983062736861,0.21339647471904755,0.010371208,0.1062812,-0.14590999180908204,3
2026-08-25,IRCTC,14,1,0.04420298070090351,0.19042642414569855,-0.051867962,0.1062812,-0.20814916188354493,3
2026-08-25,IRCTC,16,1,0.06498938813634504,0.17729243636131287,0.062286854,0.10628119999999998,-0.09399434620971678,3
2026-08-25,IRCTC,67,-1,-0.10595978733444995,0.11690140515565872,-0.07249117,0.1062812,-0.2287723689758301,3
2026-08-25,IRFC,7,1,0.047947084429122294,0.330363929271698,-0.24449825,0.1062812,-0.40077945286865235,3
2026-08-25,IRFC,9,1,0.06077505280284825,0.30083975195884705,-0.1398623,0.1062812,-0.2961434989654541,3
2026-08-25,IRFC,10,1,0.056654443033405485,0.2840578258037567,-0.034976006,0.10628119999999998,-0.19125720555419917,3
2026-08-25,IRFC,11,1,0.059663602189917904,0.2670940160751343,0.023317337,0.1062812,-0.1329638629638672,3
2026-08-25,IRFC,13,1,0.04574499678140222,0.2526599168777466,0.22182465,0.1062812,0.06554344599609374,3
2026-08-25,IRFC,16,1,0.05637478523110335,0.16173155605793,0.08165836,0.1062812,-0.07462283665771485,3
2026-08-25,IRFC,67,-1,-0.12072533370918424,0.11737166345119476,-0.34053326,0.1062812,-0.4968144565307617,3
2026-08-25,ITC,7,1,0.06435715123289623,0.26357215642929077,0.31716824,0.1062812,0.16088703577880858,3
2026-08-25,ITC,16,1,0.05003456962756741,0.1381259709596634,-0.14880896,0.1062812,-0.30509015614624024,3
2026-08-25,ITC,67,-1,-0.12444549700885789,0.1546172946691513,-0.40695667,0.10628119999999998,-0.563237872668457,3
2026-08-25,JINDALSTEL,7,1,0.05205203136416573,0.3793491721153259,-0.078713894,0.10628120000000002,-0.23499509389038087,3
2026-08-25,JINDALSTEL,9,1,0.04681290820941944,0.34060922265052795,-0.21828413,0.1062812,-0.37456533009643556,3
2026-08-25,JINDALSTEL,10,1,0.05317156470389064,0.3181558847427368,-0.19213557,0.10628119999999998,-0.34841677243347163,3
2026-08-25,JINDALSTEL,11,1,0.05766383615379484,0.3066169321537018,-0.09613633,0.10628119999999998,-0.2524175315582275,3
2026-08-25,JINDALSTEL,12,1,0.061246091519089656,0.2974088191986084,-0.078719854,0.1062812,-0.2350010543548584,3
2026-08-25,JINDALSTEL,13,1,0.06775121826092757,0.2896670699119568,-0.061285496,0.1062812,-0.21756669575805665,3
2026-08-25,JINDALSTEL,14,1,0.05187116507014008,0.24319963157176971,-0.13998151,0.1062812,-0.2962627082550049,3
2026-08-25,JINDALSTEL,16,1,0.061859838587967786,0.2206348031759262,-0.10501742,0.1062812,-0.26129862362976075,3
2026-08-25,JINDALSTEL,67,-1,-0.09627166124673682,0.18708652257919312,-0.35651922,0.1062812,-0.5128004222595215,3
2026-08-25,JIOFIN,7,1,0.04388129619980936,0.24103066325187683,-0.20734072,0.10628119999999998,-0.3636219173156738,3
2026-08-25,JIOFIN,16,1,0.05452453509940927,0.16769948601722717,0.22850037,0.1062812,0.07221916621093749,3
2026-08-25,JIOFIN,67,-1,-0.12847329553385833,0.16796313226222992,-0.33009052,0.10628119999999998,-0.48637172276611323,3
2026-08-25,JKCEMENT,16,1,0.053062184178878605,0.1488666981458664,-0.3649652,0.1062812,-0.5212464004241943,3
2026-08-25,JKCEMENT,67,-1,-0.09712085528960576,0.16529609262943268,-0.28904676,0.1062812,-0.4453279643737793,3
2026-08-25,JSL,7,1,0.04902965352085936,0.4520968496799469,-0.24989247,0.1062812,-0.4061736732208252,3
2026-08-25,JSL,9,1,0.047057964845422864,0.40233999490737915,-0.3566563,0.1062812,-0.5129375129425049,3
2026-08-25,JSL,10,1,0.046123429736039535,0.3781126141548157,-0.36384463,0.10628120000000002,-0.520125833102417,3
2026-08-25,JSL,11,1,0.055393613561697454,0.3526742160320282,-0.2854705,0.10628119999999998,-0.4417516856872558,3
2026-08-25,JSL,12,1,0.051782185909739285,0.3338754177093506,-0.30696988,0.1062812,-0.46325108105773927,3
2026-08-25,JSL,13,1,0.06433402741819988,0.3401360511779785,0.064468384,0.10628120000000002,-0.09181281621093752,3
2026-08-25,JSL,14,1,0.04559721901979288,0.23773735761642456,0.07157326,0.10628119999999998,-0.08470794255371092,3
2026-08-25,JSL,16,1,0.055774226322218706,0.1978868991136551,0.014317036,0.10628119999999998,-0.14196416432495115,3
2026-08-25,JSL,67,-1,-0.10343714241518603,0.12006886303424835,-0.70780516,0.10628119999999998,-0.8640863567077637,3
2026-08-25,JSWENERGY,7,1,0.05671325953812852,0.2632400691509247,-0.29432774,0.10628119999999998,-0.45060893590087886,3
2026-08-25,JSWENERGY,16,1,0.05199575348468754,0.1705683469772339,-0.13830066,0.1062812,-0.2945818572723389,3
2026-08-25,JSWENERGY,67,-1,-0.12534677540397401,0.18144828081130981,-0.94799995,0.1062812,-1.1042811542236328,3
2026-08-25,JSWINFRA,7,1,0.04570864823015388,0.48245659470558167,-1.0229409,0.1062812,-1.1792220740997315,3
2026-08-25,JSWINFRA,9,1,0.04874801261514977,0.42447394132614136,-0.673306,0.10628119999999998,-0.8295871883117676,3
2026-08-25,JSWINFRA,10,1,0.050373916965525754,0.4089253842830658,-0.6738007,0.1062812,-0.8300819068634033,3
2026-08-25,JSWINFRA,11,1,0.05029269257468089,0.3846161365509033,-0.5421281,0.1062812,-0.6984092860900879,3
2026-08-25,JSWINFRA,13,1,0.055228299062436356,0.3958321809768677,-0.014734268,0.10628119999999998,-0.17101546818847654,3
2026-08-25,JSWINFRA,14,1,0.07236349375289672,0.31005552411079407,0.19193888,0.1062812,0.03565767710571288,3
2026-08-25,JSWINFRA,15,1,0.056421091259065775,0.26221105456352234,-0.3389299,0.1062812,-0.4952110915863037,3
2026-08-25,JSWINFRA,16,1,0.08266228727250079,0.2631474733352661,-0.19156933,0.1062812,-0.3478505283081055,3
2026-08-25,JSWINFRA,67,-1,-0.10663453342378677,0.14084963500499725,-0.0,0.10628119999999998,-0.15628119999999998,3
2026-08-25,JSWSTEEL,6,1,0.04679349158603487,0.29198718070983887,-0.4027009,0.10628119999999998,-0.5589821010314941,3
2026-08-25,JSWSTEEL,7,1,0.0635748629323169,0.27845287322998047,-0.2660811,0.1062812,-0.4223622947418213,3
2026-08-25,JSWSTEEL,11,1,0.04804830837199085,0.23030026257038116,-0.015217066,0.10628119999999998,-0.1714982658111572,3
2026-08-25,JSWSTEEL,12,1,0.04545652093978192,0.2261228859424591,0.11425018,0.10628119999999998,-0.04203101689453123,3
2026-08-25,JSWSTEEL,13,1,0.04850986458636261,0.22668737173080444,0.2670169,0.1062812,0.1107356876647949,3
2026-08-25,JSWSTEEL,14,1,0.04662611593580505,0.1965523064136505,0.17530918,0.1062812,0.019027981213378897,3
2026-08-25,JSWSTEEL,16,1,0.06269021775349581,0.17476098239421844,0.1219511,0.10628119999999998,-0.03433009678955076,3
2026-08-25,JSWSTEEL,67,-1,-0.10663453342378677,0.16120252013206482,-0.3191352,0.10628119999999998,-0.47541638905639644,3
2026-08-25,JUBLFOOD,7,1,0.055632557563364396,0.40275076031684875,0.06855726,0.10628119999999998,-0.08772393757934568,3
2026-08-25,JUBLFOOD,9,1,0.05650533597785604,0.5012273192405701,0.029480457,0.1062812,-0.1268007426940918,3
2026-08-25,JUBLFOOD,10,1,0.056114537218381826,0.47245076298713684,0.029468536,0.1062812,-0.12681266362304688,3
2026-08-25,JUBLFOOD,11,1,0.05930113307520942,0.4632800817489624,-0.15714169,0.10628119999999998,-0.3134228854858398,3
2026-08-25,JUBLFOOD,13,1,0.04759224789537649,0.4460352659225464,-0.34179688,0.1062812,-0.498078075,3
2026-08-25,JUBLFOOD,14,1,0.05643956982828156,0.3935622572898865,-0.08807778,0.1062812,-0.24435898358459474,3
2026-08-25,JUBLFOOD,15,1,0.0563625741405268,0.39624011516571045,0.21600723,0.10628119999999995,0.05972603266601567,3
2026-08-25,JUBLFOOD,16,1,0.08889457754125088,0.39370572566986084,0.46178102,0.1062812,0.3054998249328613,3
2026-08-25,JUBLFOOD,17,1,0.0549098934035318,0.38365426659584045,0.43205023,0.1062812,0.2757690281188965,3
2026-08-25,JUBLFOOD,63,-1,-0.0485159546018998,0.17461000382900238,-0.12761354,0.1062812,-0.28389474446411134,3
2026-08-25,JUBLFOOD,67,-1,-0.12332884246834312,0.20386214554309845,-1.0299206,0.1062812,-1.1862017780029297,3
2026-08-25,KALYANKJIL,7,1,0.04635230063895201,0.6737123131752014,0.105035305,0.1062812,-0.05124589497680665,3
2026-08-25,KALYANKJIL,10,1,0.04520236607801454,0.6063537001609802,-0.6144345,0.10628119999999998,-0.7707156806671143,3
2026-08-25,KALYANKJIL,14,1,0.05577276733938054,0.5223097801208496,-0.8392453,0.1062812,-0.9955265193664551,3
2026-08-25,KALYANKJIL,15,1,0.05266678805824382,0.5113190412521362,-0.46963692,0.1062812,-0.6259181171142578,3
2026-08-25,KALYANKJIL,16,1,0.0802154758395932,0.5115692615509033,-0.21091104,0.10628120000000002,-0.36719223553771974,3
2026-08-25,KALYANKJIL,17,1,0.05778084335590041,0.5037714242935181,-0.07323027,0.10628119999999998,-0.22951146657104488,3
2026-08-25,KALYANKJIL,67,-1,-0.11237279304293891,0.2567608058452606,0.35784245,0.1062812,0.20156124537353515,3
2026-08-25,KEI,7,1,0.04711532232171609,0.6117944717407227,-0.55984855,0.1062812,-0.7161297469818115,3
2026-08-25,KEI,8,1,0.049859788988864055,0.5913048386573792,-0.096040964,0.1062812,-0.2523221641265869,3
2026-08-25,KEI,9,1,0.05584327511740832,0.5617077350616455,0.27050972,0.1062812,0.11422851984863279,3
2026-08-25,KEI,10,1,0.05936295128082316,0.5417848825454712,0.34202337,0.1062812,0.18574217265014648,3
2026-08-25,KEI,11,1,0.05998617629383507,0.5148540735244751,0.46972036,0.10628119999999998,0.3134391636169434,3
2026-08-25,KEI,12,1,0.04745877968796076,0.4958416223526001,0.29821396,0.1062812,0.14193275874023437,3
2026-08-25,KEI,13,1,0.05851689313083556,0.47346025705337524,0.63334703,0.1062812,0.47706583445434575,3
2026-08-25,KEI,14,1,0.046359601975516584,0.4034425616264343,0.34885406,0.1062812,0.19257286494140624,3
2026-08-25,KEI,16,1,0.06387783073885611,0.35617339611053467,0.081431866,0.10628120000000002,-0.07484933430786135,3
2026-08-25,KEI,67,-1,-0.1051909913477053,0.18600665032863617,-0.9484291,0.10628119999999998,-1.1047103076660156,3
2026-08-25,KOTAKBANK,7,1,0.056374853272853374,0.2705809772014618,-0.087589025,0.10628120000000002,-0.24387022549743653,3
2026-08-25,KOTAKBANK,8,1,0.04823358029601969,0.26683107018470764,0.0,0.1062812,-0.1562812,3
2026-08-25,KOTAKBANK,9,1,0.05358077009521678,0.25865086913108826,-0.19997358,0.1062812,-0.35625478322143556,3
2026-08-25,KOTAKBANK,16,1,0.06023867438354142,0.16817016899585724,0.13772249,0.1062812,-0.01855870778198243,3
2026-08-25,KOTAKBANK,63,-1,-0.046918861927201426,0.1409144252538681,0.03746152,0.1062812,-0.118819680758667,3
2026-08-25,KOTAKBANK,67,-1,-0.10648707519091515,0.17786052823066711,0.01244545,0.1062812,-0.14383575017089845,3
2026-08-25,KPITTECH,7,1,0.061725431297860095,0.4427645802497864,0.20743608,0.1062812,0.051154884747314444,3
2026-08-25,KPITTECH,8,1,0.04858806362708068,0.41429266333580017,-0.025892258,0.1062812,-0.1821734576904297,3
2026-08-25,KPITTECH,9,1,0.06021602445091122,0.3923604190349579,-0.10365248,0.1062812,-0.2599336772644043,3
2026-08-25,KPITTECH,10,1,0.05772171561945088,0.36844441294670105,0.060486794,0.1062812,-0.0957944064819336,3
2026-08-25,KPITTECH,13,1,0.04466190566462062,0.3768477439880371,0.120687485,0.1062812,-0.03559371525878907,3
2026-08-25,KPITTECH,14,1,0.06387059099516261,0.29941654205322266,0.22435188,0.1062812,0.0680706829345703,3
2026-08-25,KPITTECH,15,1,0.05875632064301612,0.271903932094574,0.47479868,0.1062812,0.31851747935180663,3
2026-08-25,KPITTECH,16,1,0.0925691491373937,0.2686445415019989,0.5794883,0.1062812,0.4232070774353027,3
2026-08-25,KPITTECH,17,1,0.047828231967686215,0.2633855938911438,0.5698919,0.1062812,0.41361072962646483,3
2026-08-25,KPITTECH,67,-1,-0.12847329553385833,0.2154712975025177,-0.91195107,0.1062812,-1.0682322650634766,3
2026-08-25,KPRMILL,7,1,0.05807387604354915,0.5119806528091431,-0.22628307,0.10628119999999998,-0.3825642734252929,3
2026-08-25,KPRMILL,8,1,0.05191792525426377,0.4975878596305847,0.018119812,0.1062812,-0.13816138798828126,3
2026-08-25,KPRMILL,9,1,0.05646654929200529,0.46216583251953125,0.06343126,0.10628119999999998,-0.09284993703002928,3
2026-08-25,KPRMILL,10,1,0.05728835208899498,0.4402419328689575,0.35390854,0.10628119999999998,0.19762733881835942,3
2026-08-25,KPRMILL,11,1,0.04944728135885503,0.4137541353702545,0.9349227,0.1062812,0.7786414951599121,3
2026-08-25,KPRMILL,13,1,0.05019257993973996,0.377304345369339,0.8893609,0.10628119999999998,0.7330797046936035,3
2026-08-25,KPRMILL,14,1,0.0600956590598821,0.3077971637248993,0.7524967,0.1062812,0.5962155193603516,3
2026-08-25,KPRMILL,15,1,0.048884949630602526,0.3027937710285187,1.0062575,0.1062812,0.8499763340270996,3
2026-08-25,KPRMILL,16,1,0.08203324145293671,0.2742263376712799,1.1408925,0.1062812,0.9846113056457519,3
2026-08-25,KPRMILL,67,-1,-0.10594215919538572,0.16246788203716278,-0.42965412,0.10628119999999998,-0.5859353213989258,3
2026-08-25,LAURUSLABS,7,1,0.043426092448217025,0.41827136278152466,-0.033032894,0.10628119999999998,-0.18931409413452144,3
2026-08-25,LAURUSLABS,13,1,0.044773796919310556,0.3408297896385193,0.23168325,0.1062812,0.07540205424194334,3
2026-08-25,LAURUSLABS,14,1,0.0545770135518729,0.2977171838283539,0.6056547,0.1062812,0.4493735164916992,3
2026-08-25,LAURUSLABS,15,1,0.049702151498331223,0.28133830428123474,0.59484243,0.10628119999999998,0.4385612339294434,3
2026-08-25,LAURUSLABS,16,1,0.07575070598703106,0.27726978063583374,1.0258675,0.1062812,0.8695862621582031,3
2026-08-25,LAURUSLABS,17,1,0.046435991387175204,0.2762555778026581,1.473105,0.10628120000000002,1.3168237537658691,3
2026-08-25,LAURUSLABS,67,-1,-0.12279450018600502,0.19176532328128815,-0.20403862,0.10628119999999998,-0.36031981999511714,3
2026-08-25,LICHSGFIN,7,1,0.04987439552599372,0.48824045062065125,-0.050479174,0.10628119999999998,-0.20676037366027827,3
2026-08-25,LICHSGFIN,8,1,0.045314860234993155,0.46221378445625305,0.10097027,0.1062812,-0.05531093175048829,3
2026-08-25,LICHSGFIN,9,1,0.045122603001808655,0.436186283826828,0.050461292,0.1062812,-0.1058199077331543,3
2026-08-25,LICHSGFIN,10,1,0.05208995605701079,0.4113859236240387,0.11109114,0.1062812,-0.04519006306762696,3
2026-08-25,LICHSGFIN,11,1,0.0466139523713155,0.39902937412261963,0.14141798,0.10628119999999998,-0.014863219805908184,3
2026-08-25,LICHSGFIN,12,1,0.049534009993927666,0.3800294101238251,0.15155077,0.10628119999999998,-0.004730430194091778,3
2026-08-25,LICHSGFIN,13,1,0.04646208137874591,0.3621194064617157,0.0,0.10628119999999998,-0.15628119999999998,3
2026-08-25,LICHSGFIN,14,1,0.0543167878408905,0.3225100338459015,0.030303001,0.10628119999999998,-0.1259781985961914,3
2026-08-25,LICHSGFIN,15,1,0.048911450723959575,0.3105270564556122,-0.07062554,0.1062812,-0.22690674359436036,3
2026-08-25,LICHSGFIN,16,1,0.08537670093306905,0.29179513454437256,-0.090783834,0.1062812,-0.24706503445739747,3
2026-08-25,LICHSGFIN,66,1,0.04666696069016087,0.32702773809432983,0.30782223,0.1062812,0.15154102747802733,3
2026-08-25,LICI,7,1,0.05107426224478091,0.4990028738975525,0.105667114,0.10628119999999998,-0.05061408574218748,3
2026-08-25,LICI,9,1,0.048808795844140586,0.4464292824268341,0.0,0.10628119999999998,-0.15628119999999998,3
2026-08-25,LICI,11,1,0.04361932536439999,0.4094671905040741,-0.03527999,0.10628119999999998,-0.19156118924255366,3
2026-08-25,LICI,14,1,0.053858869422415655,0.3191925287246704,-0.42219162,0.10628119999999998,-0.5784728198730469,3
2026-08-25,LICI,15,1,0.050845323514822294,0.3172379732131958,-0.28195977,0.10628119999999998,-0.4382409721099853,3
2026-08-25,LICI,16,1,0.08043673720709262,0.30964863300323486,-0.27020574,0.10628119999999998,-0.4264869361602783,3
2026-08-25,LICI,17,1,0.047243788593580464,0.29902026057243347,-0.43509007,0.1062812,-0.5913712650024414,3
2026-08-25,LICI,67,-1,-0.10491972157510052,0.18964055180549622,-0.5096555,0.10628119999999998,-0.6659366756164551,3
2026-08-25,LINDEINDIA,7,1,0.05381327735281269,0.3734756112098694,-0.571692,0.10628119999999998,-0.7279731898986816,3
2026-08-25,LINDEINDIA,9,1,0.05504918697315271,0.3251163959503174,-0.7015407,0.10628119999999998,-0.8578219085418701,3
2026-08-25,LINDEINDIA,10,1,0.04632233168863002,0.3082955777645111,-0.77732205,0.1062812,-0.9336032539093018,3
2026-08-25,LINDEINDIA,11,1,0.04917759837861491,0.28260427713394165,-0.6178498,0.1062812,-0.7741310268127441,3
2026-08-25,LINDEINDIA,12,1,0.047391934573523746,0.273005872964859,-0.47320724,0.10628120000000002,-0.6294884353363037,3
2026-08-25,LINDEINDIA,13,1,0.06728491258112639,0.2772916257381439,-0.23720264,0.10628119999999998,-0.3934838443481445,3
2026-08-25,LINDEINDIA,14,1,0.04766854146399393,0.23163358867168427,-0.18416047,0.1062812,-0.3404416709625244,3
2026-08-25,LINDEINDIA,16,1,0.05737902299864301,0.19527393579483032,-0.16887784,0.1062812,-0.32515904004211427,3
2026-08-25,LINDEINDIA,67,-1,-0.12457851149079338,0.19517505168914795,0.4158318,0.1062812,0.2595506042755127,3
2026-08-25,LLOYDSME,5,1,0.050286175622270085,0.7811084389686584,0.0988245,0.1062812,-0.05745669896240235,3
2026-08-25,LLOYDSME,7,1,0.06307109652896667,0.6477588415145874,-0.1645267,0.10628120000000002,-0.32080790097351075,3
2026-08-25,LLOYDSME,8,1,0.04846955713109879,0.5986247658729553,-0.10967255,0.10628119999999998,-0.2659537463867187,3
2026-08-25,LLOYDSME,9,1,0.07231150408154018,0.5828617215156555,0.35187006,0.1062812,0.195588859967041,3
2026-08-25,LLOYDSME,10,1,0.0694588821915296,0.5580562949180603,0.45104027,0.1062812,0.29475906794433593,3
2026-08-25,LLOYDSME,11,1,0.07573527474083498,0.5495216846466064,0.5568981,0.10628119999999998,0.40061691706542973,3
2026-08-25,LLOYDSME,12,1,0.0442284893945511,0.5497822761535645,-0.08234978,0.1062812,-0.2386309772216797,3
2026-08-25,LLOYDSME,13,1,0.05978853505824991,0.5360677242279053,0.016498566,0.1062812,-0.13978263432617188,3
2026-08-25,LLOYDSME,14,1,0.06539512495377486,0.4269074499607086,-0.032955408,0.1062812,-0.18923660809631349,3
2026-08-25,LLOYDSME,15,1,0.06300981561179018,0.3529074788093567,0.15929937,0.1062812,0.0030181736267089754,3
2026-08-25,LLOYDSME,16,1,0.07725460429389566,0.3569073975086212,0.010967255,0.1062812,-0.14531394536132813,3
2026-08-25,LLOYDSME,17,1,0.04478400375136426,0.30117088556289673,-0.07122755,0.1062812,-0.2275087505065918,3
2026-08-25,LLOYDSME,20,1,0.04780274617991109,0.2937237322330475,0.6047249,0.1062812,0.4484436840332031,3
2026-08-25,LLOYDSME,21,1,0.06009676057835874,0.2994328439235687,0.50530434,0.1062812,0.34902313654785155,3
2026-08-25,LLOYDSME,67,-1,-0.10585333564945795,0.15873034298419952,-0.2178669,0.10628119999999998,-0.37414809758300777,3
2026-08-25,LODHA,7,1,0.04419142246311593,0.4407985806465149,-0.28971434,0.1062812,-0.4459955363952637,3
2026-08-25,LODHA,10,1,0.04364562287046599,0.40664297342300415,-0.27453303,0.10628119999999998,-0.43081423337097163,3
2026-08-25,LODHA,11,1,0.04356439847962113,0.39642396569252014,-0.4154265,0.10628120000000002,-0.57170769269104,3
2026-08-25,LODHA,13,1,0.044773796919310556,0.39464759826660156,-0.1413703,0.10628119999999998,-0.29765149647827144,3
2026-08-25,LODHA,14,1,0.05618582198700638,0.35843518376350403,-0.26700497,0.1062812,-0.42328616673583985,3
2026-08-25,LODHA,16,1,0.0758599969661293,0.3597346544265747,0.3388524,0.10628119999999998,0.18257120554809575,3
2026-08-25,LODHA,17,1,0.04803708118638037,0.35843735933303833,0.25964975,0.1062812,0.10336855357055662,3
2026-08-25,LODHA,67,-1,-0.11987926593680706,0.17141567170619965,-0.47055483,0.10628119999999998,-0.6268360286437988,3
2026-08-25,LT,16,1,0.052804017424599385,0.09448224306106567,0.012254715,0.10628119999999998,-0.14402648503417967,3
2026-08-25,LT,67,-1,-0.10648707519091515,0.15738607943058014,-0.14587641,0.10628119999999998,-0.30215760762329097,3
2026-08-25,LTF,7,1,0.043664110826401675,0.3975140154361725,0.53526163,0.10628119999999998,0.37898043101196294,3
2026-08-25,LTF,11,1,0.050579958466185466,0.34120815992355347,0.8505225,0.10628119999999998,0.694241318157959,3
2026-08-25,LTF,12,1,0.04765761969090277,0.3320772349834442,0.94532967,0.1062812,0.7890484661376953,3
2026-08-25,LTF,13,1,0.054276866773719804,0.3255974054336548,0.97745657,0.1062812,0.8211753696716309,3
2026-08-25,LTF,14,1,0.05309353940751675,0.3087107539176941,0.23488998,0.1062812,0.07860878413085935,3
2026-08-25,LTF,16,1,0.07264837960164935,0.3093922734260559,0.12503862,0.1062812,-0.031242576190185556,3
2026-08-25,LTF,67,-1,-0.12444549700885789,0.1602993905544281,-0.26675463,0.1062812,-0.4230358272277832,3
2026-08-25,LTTS,6,1,0.052266985658326125,0.3849433660507202,0.078606606,0.10628119999999998,-0.07767459447021482,3
2026-08-25,LTTS,7,1,0.06102180642333463,0.3627523183822632,0.070118904,0.1062812,-0.08616229588623048,3
2026-08-25,LTTS,8,1,0.058612519213366444,0.34376901388168335,-0.10370016,0.1062812,-0.2599813609802246,3
2026-08-25,LTTS,9,1,0.06729109019611679,0.32056599855422974,-0.09518266,0.1062812,-0.2514638572418213,3
2026-08-25,LTTS,10,1,0.06729914080546762,0.29977139830589294,-0.1596868,0.1062812,-0.31596800381774903,3
2026-08-25,LTTS,11,1,0.07374545586642449,0.2821783125400543,-0.14290214,0.10628119999999998,-0.299183335848999,3
2026-08-25,LTTS,12,1,0.06635354363481152,0.2871951460838318,0.03929138,0.1062812,-0.11698981816406251,3
2026-08-25,LTTS,13,1,0.06806077416810004,0.27469563484191895,0.008416176,0.1062812,-0.14786502415771485,3
2026-08-25,LTTS,16,1,0.049296644580890656,0.19455447793006897,-0.0028014183,0.1062812,-0.15908261830444337,3
2026-08-25,LTTS,67,-1,-0.09745318578529992,0.1555222123861313,-0.16834736,0.10628120000000002,-0.3246285587036133,3
2026-08-25,LUPIN,11,1,0.04685896289915025,0.21422696113586426,0.0046253204,0.1062812,-0.1516558795654297,3
2026-08-25,LUPIN,12,1,0.04683300181643895,0.20955286920070648,0.060117245,0.1062812,-0.09616395527954102,3
2026-08-25,LUPIN,13,1,0.05021520546656618,0.207651287317276,0.22675991,0.1062812,0.07047871058349608,3
2026-08-25,LUPIN,14,1,0.0464975935131141,0.159992516040802,0.24516582,0.1062812,0.0888846248901367,3
2026-08-25,LUPIN,16,1,0.05369771923206516,0.16894279420375824,0.7022381,0.1062812,0.5459568828857422,3
2026-08-25,LUPIN,67,-1,-0.10463245568359596,0.13073629140853882,-0.045990944,0.10628119999999998,-0.20227214390869136,3
2026-08-25,MAHABANK,6,1,0.04340088707965869,0.8433927893638611,-0.18184185,0.10628120000000002,-0.3381230502807617,3
2026-08-25,MAHABANK,7,1,0.04877247752633389,0.7751821279525757,0.048542023,0.10628119999999998,-0.10773917729492186,3
2026-08-25,MAHABANK,9,1,0.04934680956222533,0.657351553440094,0.23086071,0.1062812,0.07457951014404296,3
2026-08-25,MAHABANK,10,1,0.046723785900656234,0.6148340106010437,0.29178858,0.1062812,0.13550737803344726,3
2026-08-25,MAHABANK,11,1,0.04826046109892606,0.5769469141960144,0.29160976,0.1062812,0.13532856409912108,3
2026-08-25,MAHABANK,14,1,0.04709380539388424,0.4106881022453308,0.18197298,0.10628119999999998,0.025691780499267597,3
2026-08-25,MAHABANK,16,1,0.07150308720253748,0.321250319480896,0.036370754,0.1062812,-0.11991044575805665,3
2026-08-25,MAHABANK,67,-1,-0.10491972157510052,0.20964539051055908,-0.50343275,0.10628119999999998,-0.6597139507019043,3
2026-08-25,MANKIND,7,1,0.06572298703599892,0.30821549892425537,-0.50460696,0.10628119999999998,-0.6608881622039795,3
2026-08-25,MANKIND,8,1,0.06223980128615134,0.3030160367488861,-0.288862,0.1062812,-0.4451431899749756,3
2026-08-25,MANKIND,9,1,0.07351779211284196,0.2913643419742584,-0.45937896,0.1062812,-0.6156601577484131,3
2026-08-25,MANKIND,10,1,0.057577605579151446,0.2781620919704437,-0.48915148,0.1062812,-0.6454326778137207,3
2026-08-25,MANKIND,11,1,0.06403933474152795,0.264724463224411,-0.54403543,0.1062812,-0.7003166347229004,3
2026-08-25,MANKIND,12,1,0.07116592515874155,0.2637268900871277,-0.3620088,0.1062812,-0.518290010043335,3
2026-08-25,MANKIND,13,1,0.05532991632095459,0.2509413957595825,-0.25557876,0.1062812,-0.41185995633239747,3
2026-08-25,MANKIND,14,1,0.05394470992389808,0.19391393661499023,-0.238657,0.1062812,-0.39493819768066407,3
2026-08-25,MANKIND,16,1,0.06729038783825303,0.1990067958831787,0.14101267,0.10628119999999998,-0.01526853139038084,3
2026-08-25,MANKIND,67,-1,-0.12526163778920552,0.1679672747850418,-0.025379658,0.1062812,-0.18166085774536134,3
2026-08-25,MARICO,16,1,0.05553543486113133,0.13220442831516266,-0.029569864,0.10628119999999998,-0.18585106427307124,3
2026-08-25,MARICO,67,-1,-0.12547956331454937,0.13904114067554474,-0.5934715,0.10628119999999998,-0.7497527270996094,3
2026-08-25,MARUTI,7,1,0.04367632891252701,0.2333679050207138,-0.1110971,0.1062812,-0.2673782973968506,3
2026-08-25,MARUTI,16,1,0.06043548621191535,0.13503065705299377,0.037050247,0.10628119999999998,-0.11923095280761717,3
2026-08-25,MARUTI,67,-1,-0.12306377366652158,0.18806642293930054,-0.28594732,0.1062812,-0.442228522845459,3
2026-08-25,MAXHEALTH,7,1,0.05306370884650844,0.28477975726127625,-0.111335516,0.1062812,-0.26761671597595216,3
2026-08-25,MAXHEALTH,8,1,0.05204366936671874,0.2794665992259979,0.22302866,0.10628119999999998,0.06674745982055666,3
2026-08-25,MAXHEALTH,9,1,0.05913222313468705,0.26590773463249207,0.30435324,0.10628119999999998,0.14807203715209966,3
2026-08-25,MAXHEALTH,10,1,0.057463235511610936,0.26113688945770264,0.28424263,0.1062812,0.1279614300048828,3
2026-08-25,MAXHEALTH,11,1,0.05004119888018742,0.28171306848526,-0.10121465,0.1062812,-0.25749584729309083,3
2026-08-25,MAXHEALTH,13,1,0.050019572689570885,0.26623740792274475,0.34427643,0.1062812,0.18799522822265624,3
2026-08-25,MAXHEALTH,16,1,0.04931642549811016,0.18711324036121368,0.55611134,0.1062812,0.3998301357543945,3
2026-08-25,MAXHEALTH,67,-1,-0.11863919123401712,0.22281531989574432,-0.9338379,0.1062812,-1.090119090625,3
2026-08-25,MAZDOCK,7,1,0.054320736195998975,0.5092807412147522,-0.8792877,0.1062812,-1.0355689197265625,3
2026-08-25,MAZDOCK,8,1,0.04415757376029119,0.4811720550060272,-0.8648813,0.1062812,-1.0211624770843506,3
2026-08-25,MAZDOCK,9,1,0.05471891334820976,0.4855808615684509,-0.47335625,0.10628119999999998,-0.6296374469482422,3
2026-08-25,MAZDOCK,10,1,0.05610915891209348,0.4788084030151367,-0.23722053,0.1062812,-0.39350172574157716,3
2026-08-25,MAZDOCK,11,1,0.05250050215074292,0.4535812735557556,-0.067174435,0.1062812,-0.22345563466186524,3
2026-08-25,MAZDOCK,12,1,0.05197978516197222,0.44352880120277405,0.05543232,0.1062812,-0.10084888035888673,3
2026-08-25,MAZDOCK,13,1,0.051880307040719706,0.420200914144516,0.07121563,0.10628120000000002,-0.0850655704223633,3
2026-08-25,MAZDOCK,14,1,0.06052353478020458,0.38980013132095337,0.15047789,0.1062812,-0.005803313800048837,3
2026-08-25,MAZDOCK,15,1,0.05418647249264716,0.36936506628990173,0.43236017,0.10628119999999998,0.27607897227172856,3
2026-08-25,MAZDOCK,16,1,0.07826079682314913,0.3496265709400177,0.30112267,0.1062812,0.14484146540527343,3
2026-08-25,MAZDOCK,17,1,0.048869850697171084,0.31336501240730286,0.31710863,0.1062812,0.1608274311340332,3
2026-08-25,MAZDOCK,67,-1,-0.08380799311000324,0.2904775142669678,-0.5354166,0.10628119999999998,-0.6916978030883789,3
2026-08-25,MCX,10,1,0.05382793478005365,0.5346922278404236,-0.28355718,0.1062812,-0.43983837658996583,3
2026-08-25,MCX,11,1,0.05777524361651698,0.5190345644950867,-0.2809167,0.10628119999999998,-0.43719789082641597,3
2026-08-25,MCX,12,1,0.047740384528246735,0.4904324412345886,-0.3781557,0.10628119999999998,-0.5344369083129883,3
2026-08-25,MCX,14,1,0.046709133127749554,0.41128629446029663,-0.34157634,0.1062812,-0.49785753781433106,3
2026-08-25,MCX,15,1,0.045719352351676075,0.3943174183368683,-0.48526525,0.1062812,-0.6415464549743652,3
2026-08-25,MCX,16,1,0.08209607118296514,0.3850893974304199,-0.1742959,0.1062812,-0.3305771022521973,3
2026-08-25,MCX,17,1,0.051342366929854964,0.37084612250328064,-0.1834333,0.10628119999999998,-0.3397144942962646,3
2026-08-25,MCX,67,-1,-0.12863466268224774,0.15661941468715668,-0.015246868,0.1062812,-0.17152806813354493,3
2026-08-25,MEDANTA,7,1,0.05996697835578291,0.3046180009841919,-0.09263754,0.10628119999999998,-0.24891873890991206,3
2026-08-25,MEDANTA,8,1,0.04976123178040205,0.29023388028144836,0.01424551,0.10628119999999998,-0.14203568989868162,3
2026-08-25,MEDANTA,9,1,0.05805432632019023,0.2771841585636139,-0.07120967,0.1062812,-0.2274908691131592,3
2026-08-25,MEDANTA,11,1,0.07118072129528642,0.2583334743976593,0.13562441,0.1062812,-0.02065679127807618,3
2026-08-25,MEDANTA,12,1,0.05352590267432102,0.2581273317337036,-0.085544586,0.1062812,-0.24182578618164063,3
2026-08-25,MEDANTA,13,1,0.04400013100940041,0.2470424920320511,-0.071269274,0.1062812,-0.22755047375793458,3
2026-08-25,MEDANTA,16,1,0.05726134958136744,0.19443875551223755,-0.028526783,0.10628119999999998,-0.1848079829895019,3
2026-08-25,MEDANTA,67,-1,-0.09620752782955953,0.10940385609865189,-1.1445761,0.1062812,-1.300857272692871,3
2026-08-25,MFSL,7,1,0.05222288480496594,0.6644824743270874,0.40926933,0.10628119999999998,0.25298813288574223,3
2026-08-25,MFSL,9,1,0.04648184583791464,0.5686184763908386,0.38439035,0.1062812,0.22810915415649413,3
2026-08-25,MFSL,10,1,0.046433638906552444,0.5279145836830139,0.45397282,0.10628119999999998,0.2976916164672852,3
2026-08-25,MFSL,14,1,0.047962425691489986,0.386100172996521,-0.2759099,0.1062812,-0.4321911006652832,3
2026-08-25,MFSL,16,1,0.06883592655589794,0.34167373180389404,-0.15066266,0.1062812,-0.3069438605987549,3
2026-08-25,MFSL,17,1,0.04658760928404272,0.3035224378108978,-0.3263831,0.1062812,-0.482664313861084,3
2026-08-25,MFSL,67,-1,-0.12793087247398657,0.16420823335647583,-0.27074814,0.10628119999999998,-0.42702933842773433,3
2026-08-25,MOTILALOFS,7,1,0.05914668672260394,0.7651798129081726,0.27810335,0.1062812,0.12182215159301756,3
2026-08-25,MOTILALOFS,8,1,0.044101286308594397,0.7381376624107361,-0.15341043,0.10628119999999998,-0.30969163472290034,3
2026-08-25,MOTILALOFS,9,1,0.04389990051688407,0.7007887959480286,-0.029748678,0.1062812,-0.18602987820739747,3
2026-08-25,MOTILALOFS,10,1,0.05905391770406469,0.7376397848129272,0.37373304,0.10628120000000002,0.2174518436706543,3
2026-08-25,MOTILALOFS,11,1,0.05253583308321204,0.7196895480155945,0.024831295,0.1062812,-0.13144990498657227,3
2026-08-25,MOTILALOFS,12,1,0.04417571937669078,0.7048393487930298,-0.18827319,0.1062812,-0.3445543914520264,3
2026-08-25,MOTILALOFS,13,1,0.04757156837157114,0.6758670806884766,-0.09921789,0.1062812,-0.25549909169311524,3
2026-08-25,MOTILALOFS,14,1,0.045937916332499835,0.5921430587768555,-0.24274588,0.10628120000000002,-0.39902707631225587,3
2026-08-25,MOTILALOFS,15,1,0.04768507093887408,0.5501314401626587,-0.14877915,0.1062812,-0.30506035382385255,3
2026-08-25,MOTILALOFS,16,1,0.06491138067931897,0.5309240221977234,-0.1834631,0.1062812,-0.33974429661865235,3
2026-08-25,MOTILALOFS,17,1,0.04739646453701055,0.46134456992149353,-0.4368782,0.10628119999999998,-0.5931594043457031,3
2026-08-25,MOTILALOFS,67,-1,-0.10718629292075496,0.23268495500087738,-0.15347004,0.1062812,-0.3097512393676758,3
2026-08-25,MPHASIS,5,1,0.04611178725595971,0.4154241979122162,0.2070427,0.1062812,0.050761494091796866,3
2026-08-25,MPHASIS,7,1,0.05007391765035575,0.3978423476219177,0.1240015,0.1062812,-0.03227969700927735,3
2026-08-25,MPHASIS,10,1,0.05744872408869354,0.32663485407829285,-0.3017187,0.1062812,-0.45799991185302735,3
2026-08-25,MPHASIS,11,1,0.061278932817628355,0.3068176805973053,-0.31805038,0.10628119999999998,-0.47433158452148433,3
2026-08-25,MPHASIS,12,1,0.047672776491283514,0.2991095185279846,-0.32644272,0.10628119999999998,-0.48272391850585933,3
2026-08-25,MPHASIS,13,1,0.05169551511015101,0.282113641500473,-0.3139913,0.10628120000000002,-0.4702725082122803,3
2026-08-25,MPHASIS,16,1,0.05685833799963038,0.21539096534252167,-0.06625056,0.1062812,-0.2225317626678467,3
2026-08-25,MPHASIS,67,-1,-0.09745318578529992,0.13596104085445404,-0.8208513,0.1062812,-0.9771325259887695,3
2026-08-25,MRF,14,1,0.044512780647005395,0.14706353843212128,-0.026136637,0.07073138670649737,-0.14686802344050615,3
2026-08-25,MRF,16,1,0.05842104770298642,0.1351279318332672,0.011193752,0.07070508059701493,-0.10951132830819657,3
2026-08-25,MRF,63,-1,-0.0445126814991081,0.16275884211063385,0.015038252,0.0709739247433921,-0.10593567286656105,3
2026-08-25,MRF,67,-1,-0.10703439394058409,0.1358805149793625,0.4060328,0.0709712560171435,0.285061544657295,3
2026-08-25,MUTHOOTFIN,7,1,0.05352780809179541,0.4439622163772583,0.031363964,0.10628119999999998,-0.12491723591918943,3
2026-08-25,MUTHOOTFIN,8,1,0.05093215308013686,0.41277390718460083,0.16002655,0.1062812,0.003745350292968741,3
2026-08-25,MUTHOOTFIN,9,1,0.04746117256088796,0.41151124238967896,-0.2003789,0.10628119999999998,-0.35666009480590816,3
2026-08-25,MUTHOOTFIN,10,1,0.06043883185796487,0.4137283265590668,0.23242235,0.1062812,0.07614115183715818,3
2026-08-25,MUTHOOTFIN,11,1,0.06312718178980556,0.39545294642448425,0.35841465,0.10628120000000002,0.2021334499633789,3
2026-08-25,MUTHOOTFIN,12,1,0.05518622893126445,0.3776839077472687,0.23543835,0.1062812,0.07915714686279295,3
2026-08-25,MUTHOOTFIN,13,1,0.05090675122941683,0.3666960299015045,0.18817186,0.1062812,0.031890663555908194,3
2026-08-25,MUTHOOTFIN,14,1,0.06340548542245203,0.3014819025993347,0.10031462,0.1062812,-0.05596658284301759,3
2026-08-25,MUTHOOTFIN,15,1,0.05005391595531851,0.28552544116973877,0.31024218,0.1062812,0.1539609760559082,3
2026-08-25,MUTHOOTFIN,16,1,0.07646954715329489,0.24941077828407288,0.42341948,0.10628120000000002,0.2671382755554199,3
2026-08-25,MUTHOOTFIN,67,-1,-0.11876261139629232,0.12078311294317245,0.6825924,0.1062812,0.5263111919677734,3
2026-08-25,M_AND_M,7,1,0.046730940380014026,0.2817647159099579,-0.1555562,0.1062812,-0.31183740193481446,3
2026-08-25,M_AND_M,8,1,0.05518208097257726,0.26907575130462646,-0.02939105,0.10628119999999998,-0.18567225033874507,3
2026-08-25,M_AND_M,9,1,0.05741629640600562,0.26337477564811707,-0.023519993,0.10628119999999998,-0.1798011928283691,3
2026-08-25,M_AND_M,10,1,0.0501516726207041,0.25549787282943726,0.18540621,0.1062812,0.02912500803833007,3
2026-08-25,M_AND_M,16,1,0.04759467883351304,0.1587677001953125,0.30869246,0.10628119999999998,0.1524112552917481,3
2026-08-25,M_AND_M,67,-1,-0.12444549700885789,0.1566544771194458,-0.27668476,0.1062812,-0.4329659610473633,3
2026-08-25,M_AND_MFIN,7,1,0.050926961230450284,0.6390836834907532,0.316298,0.1062812,0.16001680796508788,3
2026-08-25,M_AND_MFIN,10,1,0.04617913480352268,0.6313138604164124,-0.117981434,0.1062812,-0.2742626338684082,3
2026-08-25,M_AND_MFIN,11,1,0.04400498417898475,0.6022651791572571,-0.15739799,0.1062812,-0.31367918545837403,3
2026-08-25,M_AND_MFIN,12,1,0.04963185688356475,0.5744749903678894,-0.24937987,0.1062812,-0.40566107327575684,3
2026-08-25,M_AND_MFIN,13,1,0.052892615798472986,0.5478631854057312,-0.07880926,0.1062812,-0.2350904613220215,3
2026-08-25,M_AND_MFIN,14,1,0.0556768403158863,0.42320430278778076,-0.09196401,0.1062812,-0.2482452064239502,3
2026-08-25,M_AND_MFIN,15,1,0.051512859204460165,0.41020655632019043,0.039482117,0.10628119999999998,-0.11679908330078123,3
2026-08-25,M_AND_MFIN,16,1,0.06984596847777956,0.42380839586257935,-0.19692779,0.1062812,-0.3532089858734131,3
2026-08-25,M_AND_MFIN,67,-1,-0.10733897406125575,0.19086354970932007,-0.5396247,0.10628119999999998,-0.6959058910095215,3
2026-08-25,NAM-INDIA,7,1,0.05950432272063012,0.3911598324775696,-0.26628375,0.1062812,-0.4225649505340576,3
2026-08-25,NAM-INDIA,8,1,0.04401701747779396,0.3873673975467682,-0.57147145,0.1062812,-0.7277526527130127,3
2026-08-25,NAM-INDIA,9,1,0.05674325521295482,0.36842912435531616,-0.45967102,0.10628119999999998,-0.6159522205078125,3
2026-08-25,NAM-INDIA,10,1,0.059235831269927514,0.3634886145591736,-0.68686604,0.1062812,-0.843147244998169,3
2026-08-25,NAM-INDIA,11,1,0.058202766633947745,0.3466324806213379,-0.6946087,0.1062812,-0.8508898883544922,3
2026-08-25,NAM-INDIA,12,1,0.0504826745386443,0.3378225564956665,-0.8960962,0.10628119999999998,-1.0523774295532227,3
2026-08-25,NAM-INDIA,13,1,0.05753541512949106,0.3326817750930786,-1.0754347,0.1062812,-1.231715884753418,3
2026-08-25,NAM-INDIA,14,1,0.07149457846471155,0.26814553141593933,-1.0922313,0.1062812,-1.248512473651123,3
2026-08-25,NAM-INDIA,15,1,0.05335021355817835,0.2549986243247986,-0.9637892,0.10628119999999998,-1.1200704246246338,3
2026-08-25,NAM-INDIA,16,1,0.07815423877162829,0.24478839337825775,-1.1257708,0.10628119999999998,-1.2820520072662354,3
2026-08-25,NAM-INDIA,17,1,0.0585687633868048,0.26502296328544617,-0.7076025,0.1062812,-0.8638837009155274,3
2026-08-25,NAM-INDIA,20,1,0.04541670705682626,0.284919798374176,0.016343594,0.1062812,-0.1399376064025879,3
2026-08-25,NAM-INDIA,21,1,0.05598672907048453,0.28103917837142944,-0.008189678,0.1062812,-0.16447087819213868,3
2026-08-25,NAM-INDIA,67,-1,-0.12829702840594276,0.2345157265663147,0.53614974,0.1062812,0.3798685402191162,3
2026-08-25,NATIONALUM,7,1,0.06010396159276524,0.39967212080955505,-0.5790591,0.10628119999999998,-0.7353403239929199,3
2026-08-25,NATIONALUM,8,1,0.06485747383401541,0.37671852111816406,-0.60468316,0.1062812,-0.7609643607818604,3
2026-08-25,NATIONALUM,9,1,0.06958692794388618,0.35529735684394836,-0.65516233,0.1062812,-0.8114435344421387,3
2026-08-25,NATIONALUM,10,1,0.07611371754677979,0.337039589881897,-0.85739493,0.1062812,-1.0136761337005615,3
2026-08-25,NATIONALUM,11,1,0.07538918276687032,0.3239096999168396,-0.70672035,0.1062812,-0.8630015521728516,3
2026-08-25,NATIONALUM,12,1,0.0749851218188452,0.31274235248565674,-0.7200539,0.10628119999999998,-0.8763351112091065,3
2026-08-25,NATIONALUM,13,1,0.09258694213956249,0.3166956603527069,-0.3799379,0.1062812,-0.5362190871917725,3
2026-08-25,NATIONALUM,14,1,0.09567777602920406,0.264985591173172,-0.48113465,0.1062812,-0.6374158530914307,3
2026-08-25,NATIONALUM,15,1,0.06288450606418751,0.24986453354358673,-0.22819042,0.1062812,-0.3844716220581055,3
2026-08-25,NATIONALUM,16,1,0.0959013026534985,0.24368171393871307,-0.32973886,0.10628119999999998,-0.48602005536193843,3
2026-08-25,NATIONALUM,17,1,0.05130491426862265,0.246180459856987,-0.16533136,0.1062812,-0.3216125636779785,3
2026-08-25,NATIONALUM,63,-1,-0.04692530041874453,0.14960232377052307,-0.27925968,0.1062812,-0.43554088170166017,3
2026-08-25,NATIONALUM,67,-1,-0.126295704094897,0.15808667242527008,-0.6324291,0.1062812,-0.7887103229248047,3
2026-08-25,NAUKRI,6,1,0.052434893605138304,0.2812645733356476,-0.29196143,0.1062812,-0.4482426315032959,3
2026-08-25,NAUKRI,7,1,0.07191690366113974,0.2724308669567108,0.0074863434,0.1062812,-0.14879485661621095,3
2026-08-25,NAUKRI,8,1,0.07012719013545388,0.2608402371406555,-0.029993057,0.1062812,-0.18627425725097657,3
2026-08-25,NAUKRI,9,1,0.05561198052855732,0.2518370449542999,0.05247593,0.1062812,-0.1038052707397461,3
2026-08-25,NAUKRI,10,1,0.04812693876504097,0.24111667275428772,-0.11984706,0.10628119999999998,-0.2761282592498779,3
2026-08-25,NAUKRI,12,1,0.04332782493393573,0.2229735106229782,-0.04493594,0.10628119999999998,-0.20121714169616695,3
2026-08-25,NAUKRI,13,1,0.051800215146646976,0.23382265865802765,0.1576066,0.10628119999999998,0.0013254017150879094,3
2026-08-25,NAUKRI,14,1,0.046207883420007645,0.2134832739830017,-0.014972687,0.10628119999999998,-0.1712538867675781,3
2026-08-25,NAUKRI,15,1,0.045010658131397305,0.2057349979877472,0.20997524,0.1062812,0.053694042614746085,3
2026-08-25,NAUKRI,16,1,0.05557341646281667,0.19744670391082764,0.15736818,0.1062812,0.0010869831359863191,3
2026-08-25,NAUKRI,63,-1,-0.04997996957333243,0.25709208846092224,-0.5248904,0.1062812,-0.6811716228210449,3
2026-08-25,NAUKRI,67,-1,-0.0695094117495269,0.2716667354106903,-0.821507,0.1062812,-0.9777881770812988,3
2026-08-25,NESTLEIND,16,1,0.056653409338171555,0.14336499571800232,0.16386509,0.1062812,0.007583889416503897,3
2026-08-25,NESTLEIND,67,-1,-0.1276920977595295,0.15682388842105865,-0.83862543,0.1062812,-0.994906631060791,3
2026-08-25,NHPC,16,1,0.05088976896742176,0.16474176943302155,-0.40623546,0.1062812,-0.5625166564666748,3
2026-08-25,NHPC,67,-1,-0.11768918966330195,0.1381874978542328,-0.13068914,0.10628120000000002,-0.2869703441345215,3
2026-08-25,NIACL,5,1,0.056716284174380405,1.2950074672698975,-0.08020997,0.1062812,-0.23649117047424317,3
2026-08-25,NIACL,6,1,0.05607373835523959,1.1610661745071411,-0.35794377,0.10628119999999998,-0.5142249732696533,3
2026-08-25,NIACL,7,1,0.06805440630176521,1.0819162130355835,0.04284382,0.10628119999999998,-0.1134373813354492,3
2026-08-25,NIACL,8,1,0.05640696889666169,1.0000581741333008,-0.11228919,0.1062812,-0.2685703902923584,3
2026-08-25,NIACL,9,1,0.06843213149215736,0.9435156583786011,0.074863434,0.10628119999999998,-0.08141776616210936,3
2026-08-25,NIACL,10,1,0.06614324008721033,0.8770167231559753,-0.14454126,0.10628119999999998,-0.3008224635803222,3
2026-08-25,NIACL,11,1,0.06700582214683293,0.8406496047973633,0.12850761,0.10628119999999998,-0.027773585864257794,3
2026-08-25,NIACL,12,1,0.06408643554590371,0.7912539839744568,-0.042796135,0.1062812,-0.19907733494873048,3
2026-08-25,NIACL,13,1,0.06315365978003384,0.7533090114593506,0.4556656,0.1062812,0.29938438837890624,3
2026-08-25,NIACL,14,1,0.05273889957475232,0.5475665926933289,0.3907919,0.1062812,0.23451069300537108,3
2026-08-25,NIACL,15,1,0.05247737163903662,0.43973517417907715,0.44432878,0.1062812,0.28804758494262694,3
2026-08-25,NIACL,16,1,0.07422002961560895,0.40644991397857666,-0.053417683,0.10628119999999998,-0.20969888264770503,3
2026-08-25,NIACL,17,1,0.05576021175458518,0.35269850492477417,0.12332201,0.1062812,-0.032959189959716806,3
2026-08-25,NIACL,67,-1,-0.12632604357726349,0.24332833290100098,0.14966726,0.10628119999999998,-0.006613936968994122,3
2026-08-25,NLCINDIA,7,1,0.06047732170181758,0.2996348738670349,-0.3476739,0.10628119999999998,-0.5039550929748535,3
2026-08-25,NLCINDIA,8,1,0.05975099667039595,0.3094905912876129,-0.14662743,0.10628119999999998,-0.3029086261474609,3
2026-08-25,NLCINDIA,9,1,0.07068541186213156,0.3009730875492096,0.03669262,0.1062812,-0.11958858067626954,3
2026-08-25,NLCINDIA,10,1,0.06960512808495388,0.29196348786354065,0.01835823,0.1062812,-0.1379229694091797,3
2026-08-25,NLCINDIA,11,1,0.07118978908635716,0.2799704372882843,-0.09176135,0.1062812,-0.24804255063171388,3
2026-08-25,NLCINDIA,12,1,0.0645788704765701,0.2670542299747467,0.0,0.1062812,-0.1562812,3
2026-08-25,NLCINDIA,13,1,0.05463551961376356,0.25725802779197693,0.09191036,0.1062812,-0.06437083775634767,3
2026-08-25,NLCINDIA,14,1,0.04457334997352798,0.22690294682979584,-0.055086613,0.1062812,-0.21136781270141602,3
2026-08-25,NLCINDIA,16,1,0.04811562812310562,0.20703838765621185,-0.09176135,0.1062812,-0.24804255063171388,3
2026-08-25,NLCINDIA,67,-1,-0.12547956331454937,0.1316162347793579,0.18416047,0.1062812,0.027879270962524405,3
2026-08-25,NMDC,7,1,0.04896129735388474,0.3241044580936432,0.14015436,0.1062812,-0.016126838275146493,3
2026-08-25,NMDC,8,1,0.05080006730868009,0.3141213059425354,0.10514259,0.1062812,-0.051138606616210946,3
2026-08-25,NMDC,9,1,0.04654532414186986,0.30557355284690857,-0.17496943,0.1062812,-0.3312506347381592,3
2026-08-25,NMDC,10,1,0.04680060717021763,0.3042658269405365,-0.0816524,0.1062812,-0.23793360287780763,3
2026-08-25,NMDC,11,1,0.050989388660411854,0.29859015345573425,-0.058358908,0.1062812,-0.21464010769958497,3
2026-08-25,NMDC,13,1,0.04824580097877106,0.2904404103755951,-0.16311407,0.1062812,-0.319395270892334,3
2026-08-25,NMDC,14,1,0.05618820982893737,0.2649199068546295,-0.19817948,0.1062812,-0.3544606834136963,3
2026-08-25,NMDC,15,1,0.0509457104101805,0.261740118265152,0.24501085,0.1062812,0.08872965281372068,3
2026-08-25,NMDC,16,1,0.09128206361528325,0.25957274436950684,0.14021397,0.1062812,-0.016067233630371103,3
2026-08-25,NMDC,67,-1,-0.12444549700885789,0.1600838303565979,-0.31516552,0.1062812,-0.4714467197143555,3
2026-08-25,NTPC,14,1,0.04577522476060234,0.14516723155975342,0.02964735,0.1062812,-0.1266338496887207,3
2026-08-25,NTPC,16,1,0.06303974744108459,0.1389128416776657,0.3710866,0.10628120000000002,0.21480539744262694,3
2026-08-25,NTPC,63,-1,-0.048452622758828445,0.15936441719532013,0.103372335,0.1062812,-0.05290886456604005,3
2026-08-25,NTPC,67,-1,-0.0989661132153287,0.18271805346012115,-0.50274134,0.10628120000000002,-0.6590225368225098,3
2026-08-25,NYKAA,7,1,0.057064317599322685,0.295960932970047,-0.15080571,0.1062812,-0.30708691174621583,3
2026-08-25,NYKAA,8,1,0.048656416885572644,0.2764812111854553,-0.15080571,0.1062812,-0.30708691174621583,3
2026-08-25,NYKAA,9,1,0.06106231869435282,0.2748434543609619,0.075507164,0.10628119999999998,-0.08077403599853514,3
2026-08-25,NYKAA,10,1,0.05908984111156674,0.2637054920196533,0.06042719,0.1062812,-0.095854011126709,3
2026-08-25,NYKAA,13,1,0.04460253155004328,0.25178420543670654,0.34796,0.1062812,0.19167879526977538,3
2026-08-25,NYKAA,16,1,0.04931642549811016,0.19293458759784698,0.22634268,0.1062812,0.07006147807006835,3
2026-08-25,NYKAA,67,-1,-0.11969126740349277,0.20252051949501038,-0.16493797,0.1062812,-0.32121917302246095,3
2026-08-25,OBEROIRLTY,7,1,0.05483531231235782,0.40551456809043884,-0.0374794,0.1062812,-0.19376060063476563,3
2026-08-25,OBEROIRLTY,10,1,0.04703506556393853,0.3499886393547058,-0.2037108,0.10628119999999998,-0.3599919944488525,3
2026-08-25,OBEROIRLTY,11,1,0.05669616636863768,0.33580252528190613,-0.18236637,0.1062812,-0.33864757115478517,3
2026-08-25,OBEROIRLTY,12,1,0.056359329221058255,0.3235749304294586,-0.13947487,0.10628119999999998,-0.295756068774414,3
2026-08-25,OBEROIRLTY,13,1,0.05660656106097158,0.30661067366600037,-0.13950467,0.1062812,-0.29578587109680177,3
2026-08-25,OBEROIRLTY,16,1,0.05782835477112654,0.22515687346458435,0.33278465,0.10628120000000002,0.17650345270996093,3
2026-08-25,OBEROIRLTY,67,-1,-0.10663453342378677,0.13234743475914001,-0.3522992,0.1062812,-0.5085804134094238,3
2026-08-25,OFSS,5,1,0.04617883190493747,0.5307762026786804,0.17590523,0.1062812,0.019624027661132804,3
2026-08-25,OFSS,7,1,0.060483934672100566,0.4857997000217438,0.13188124,0.1062812,-0.024399962969970712,3
2026-08-25,OFSS,8,1,0.050978717413269745,0.44807592034339905,0.10545254,0.10628119999999998,-0.05082866246337889,3
2026-08-25,OFSS,9,1,0.051626299513037675,0.4459826648235321,-0.15772581,0.10628119999999998,-0.3140070110046386,3
2026-08-25,OFSS,10,1,0.0641920550436888,0.4237423539161682,-0.096559525,0.1062812,-0.2528407245361328,3
2026-08-25,OFSS,11,1,0.07057351539657902,0.3941441476345062,-0.087744,0.1062812,-0.24402519757385255,3
2026-08-25,OFSS,12,1,0.06653258764995133,0.3761734366416931,-0.06145835,0.1062812,-0.21773954922790528,3
2026-08-25,OFSS,13,1,0.06099712262798181,0.3587421476840973,-0.06147623,0.10628119999999998,-0.21775743062133784,3
2026-08-25,OFSS,14,1,0.07290182209897911,0.30605971813201904,-0.017553568,0.1062812,-0.17383476788635255,3
2026-08-25,OFSS,15,1,0.05665701423109291,0.2903039753437042,0.15799999,0.1062812,0.0017187923706054598,3
2026-08-25,OFSS,16,1,0.0950068467557353,0.28210335969924927,0.24572611,0.1062812,0.08944490855102537,3
2026-08-25,OFSS,67,-1,-0.12105626502858631,0.2413003295660019,-0.5831361,0.1062812,-0.7394172816955566,3
2026-08-25,OIL,7,1,0.045620290762298864,0.4350106418132782,-0.052410364,0.1062812,-0.20869156415100099,3
2026-08-25,OIL,11,1,0.044602988960051784,0.3336828351020813,-0.020956993,0.1062812,-0.17723819310302735,3
2026-08-25,OIL,12,1,0.043587012084223706,0.31661927700042725,-0.26180744,0.1062812,-0.4180886417114258,3
2026-08-25,OIL,13,1,0.05259843309333617,0.3009888827800751,-0.25157332,0.1062812,-0.4078545242034912,3
2026-08-25,OIL,16,1,0.043624147979348125,0.17200982570648193,-0.43965578,0.1062812,-0.5959369807922363,3
2026-08-25,OIL,67,-1,-0.10996060626395783,0.1854187250137329,0.12817979,0.10628119999999998,-0.028101411410522442,3
2026-08-25,ONGC,16,1,0.05584844589479553,0.11053424328565598,-0.26285648,0.10628119999999998,-0.4191376834594726,3
2026-08-25,ONGC,67,-1,-0.12547956331454937,0.10222362726926804,0.038444996,0.1062812,-0.11783620411987306,3
2026-08-25,PAGEIND,7,1,0.05464230278952236,0.25791406631469727,-0.09895563,0.1062812,-0.2552368312561035,3
2026-08-25,PAGEIND,8,1,0.04721194620685248,0.261862188577652,-0.24004579,0.1062812,-0.3963269859039307,3
2026-08-25,PAGEIND,9,1,0.07441147250308904,0.2861595153808594,0.099146366,0.1062812,-0.05713483388061524,3
2026-08-25,PAGEIND,10,1,0.05828752527059483,0.2716201841831207,0.11328459,0.1062812,-0.04299661213989259,3
2026-08-25,PAGEIND,11,1,0.06636164321553793,0.2653176784515381,0.04246235,0.10628119999999998,-0.1138188510620117,3
2026-08-25,PAGEIND,12,1,0.05272171893239912,0.25883913040161133,-0.12719035,0.1062812,-0.28347155148620606,3
2026-08-25,PAGEIND,13,1,0.046185267019284375,0.25481313467025757,-0.028288364,0.1062812,-0.1845695644104004,3
2026-08-25,PAGEIND,16,1,0.05865679415723012,0.19305019080638885,-0.099051,0.10628119999999998,-0.2553321986877441,3
2026-08-25,PAGEIND,67,-1,-0.12617442603697604,0.16297787427902222,-0.0,0.10628119999999998,-0.15628119999999998,3
2026-08-25,PATANJALI,7,1,0.053178979312451406,0.3699062168598175,-0.042903423,0.1062812,-0.19918462330932618,3
2026-08-25,PATANJALI,8,1,0.049292711074473854,0.34478846192359924,-0.07147789,0.1062812,-0.22775909001464845,3
2026-08-25,PATANJALI,9,1,0.05899192788390665,0.3248418867588043,-0.0572145,0.1062812,-0.21349569851989747,3
2026-08-25,PATANJALI,10,1,0.053963441401807255,0.30294346809387207,-0.014299154,0.10628120000000002,-0.17058035428161622,3
2026-08-25,PATANJALI,11,1,0.056818708091792146,0.29429927468299866,-0.11435151,0.1062812,-0.2706327110015869,3
2026-08-25,PATANJALI,12,1,0.05140749533872412,0.28041940927505493,-0.15721321,0.1062812,-0.3134944110595703,3
2026-08-25,PATANJALI,13,1,0.0654456726433267,0.2729944884777069,0.0,0.10628119999999998,-0.15628119999999998,3
2026-08-25,PATANJALI,16,1,0.05828903368828097,0.1727447360754013,0.0,0.10628119999999998,-0.15628119999999998,3
2026-08-25,PATANJALI,67,-1,-0.11782899732193489,0.14968374371528625,-0.68866014,0.10628119999999998,-0.8449413448059082,3
2026-08-25,PAYTM,7,1,0.051421707800203775,0.42892420291900635,-0.061178207,0.1062812,-0.21745940739746095,3
2026-08-25,PAYTM,9,1,0.059617803766281605,0.42027515172958374,0.4609108,0.10628119999999998,0.30462959711914067,3
2026-08-25,PAYTM,10,1,0.05956959683491941,0.4007972776889801,0.52262545,0.10628119999999998,0.3663442463195801,3
2026-08-25,PAYTM,11,1,0.05886249656169959,0.4075133204460144,0.31905174,0.1062812,0.16277054255371093,3
2026-08-25,PAYTM,12,1,0.044857019566442634,0.41554585099220276,-0.14660954,0.10628119999999998,-0.3028907447540283,3
2026-08-25,PAYTM,13,1,0.050421431629539125,0.40571466088294983,0.06734133,0.1062812,-0.08893987233276368,3
2026-08-25,PAYTM,14,1,0.055179787596531596,0.35331639647483826,0.24485588,0.1062812,0.08857468073730466,3
2026-08-25,PAYTM,15,1,0.05799931546122215,0.2981470823287964,0.5019307,0.1062812,0.34564951365356444,3
2026-08-25,PAYTM,16,1,0.08876824765938547,0.28183361887931824,0.14071465,0.10628119999999998,-0.015566554614257794,3
2026-08-25,PAYTM,17,1,0.04586314634078545,0.27175024151802063,0.146842,0.1062812,-0.009439197131347665,3
2026-08-25,PAYTM,21,1,0.04422372767772041,0.26214364171028137,0.15877485,0.10628119999999998,0.0024936527526855656,3
2026-08-25,PAYTM,50,1,0.05632443700784315,0.4014836549758911,0.6938696,0.10628119999999998,0.5375883907592773,3
2026-08-25,PAYTM,51,1,0.04717680055250201,0.4097624123096466,0.9322524,0.10628120000000002,0.7759712070739746,3
2026-08-25,PAYTM,53,1,0.051375877650976676,0.43776559829711914,0.65096617,0.10628119999999998,0.4946849674499512,3
2026-08-25,PAYTM,54,1,0.05114269398004728,0.4613187611103058,0.395298,0.1062812,0.23901680415039062,3
2026-08-25,PAYTM,55,1,0.056541405692524846,0.471916526556015,0.51379204,0.1062812,0.3575108379638672,3
2026-08-25,PAYTM,56,1,0.05979940429269395,0.4487455487251282,0.9909153,0.10628119999999998,0.834634098461914,3
2026-08-25,PAYTM,57,1,0.05516704006936098,0.36221203207969666,-0.6353736,0.10628119999999998,-0.791654792376709,3
2026-08-25,PAYTM,58,1,0.06658037161926167,0.35214194655418396,-0.11180639,0.1062812,-0.26808759266967774,3
2026-08-25,PAYTM,59,1,0.08525634220814972,0.3613445460796356,-0.017642975,0.1062812,-0.17392417485351563,3
2026-08-25,PAYTM,60,1,0.07928557632973322,0.34269577264785767,0.20577908,0.1062812,0.049497875622558585,3
2026-08-25,PAYTM,61,1,0.0699339999538566,0.3324600160121918,-0.06462932,0.10628119999999998,-0.220910516329956,3
2026-08-25,PAYTM,62,1,0.0766541138536428,0.2996470630168915,-0.07053614,0.1062812,-0.22681733662719727,3
2026-08-25,PAYTM,63,1,0.06920987084930579,0.3249788284301758,-0.35626292,0.10628119999999998,-0.5125441222869873,3
2026-08-25,PAYTM,64,1,0.077279545188128,0.41275468468666077,1.15453,0.10628119999999998,0.9982488483703613,3
2026-08-25,PAYTM,65,1,0.07074552684177743,0.4359356164932251,0.61244965,0.1062812,0.4561684459960938,3
2026-08-25,PAYTM,66,1,0.09138845518116545,0.4507880210876465,0.48818588,0.10628119999999998,0.3319046825683594,3
2026-08-25,PERSISTENT,6,1,0.04578221660353412,0.2639627456665039,-0.23088455,0.1062812,-0.38716575200195313,3
2026-08-25,PERSISTENT,7,1,0.06812043607605443,0.2693198025226593,0.008904934,0.10628119999999998,-0.14737626607055662,3
2026-08-25,PERSISTENT,8,1,0.051266598772495287,0.25308695435523987,-0.10681152,0.1062812,-0.2630927234375,3
2026-08-25,PERSISTENT,9,1,0.05340133362986235,0.2514214515686035,-0.31971335,0.1062812,-0.4759945541107178,3
2026-08-25,PERSISTENT,11,1,0.043224823451986326,0.2266666740179062,-0.19552112,0.10628120000000002,-0.3518023162567139,3
2026-08-25,PERSISTENT,12,1,0.04693268560733536,0.22302493453025818,-0.1956582,0.1062812,-0.3519394069396973,3
2026-08-25,PERSISTENT,13,1,0.048241074016987025,0.21488969027996063,-0.10678172,0.1062812,-0.2630629211151123,3
2026-08-25,PERSISTENT,15,1,0.04522939130631468,0.15274754166603088,0.2049923,0.1062812,0.04871109431152343,3
2026-08-25,PERSISTENT,16,1,0.061457879419517546,0.14318805932998657,0.04454851,0.1062812,-0.11173268849487306,3
2026-08-25,PERSISTENT,67,-1,-0.0971114937080095,0.21739129722118378,-0.319314,0.10628120000000002,-0.47559520299072267,3
2026-08-25,PETRONET,7,1,0.05065637778530487,0.3869037330150604,0.42517185,0.1062812,0.2688906521118164,3
2026-08-25,PETRONET,8,1,0.04364163424607324,0.3590924143791199,0.5102873,0.1062812,0.3540060848510742,3
2026-08-25,PETRONET,9,1,0.05001045813443754,0.3452368378639221,0.20397902,0.10628119999999998,0.047697815350341816,3
2026-08-25,PETRONET,10,1,0.04996225120307534,0.3261091411113739,0.1359582,0.1062812,-0.020323005267333993,3
2026-08-25,PETRONET,11,1,0.05924060538709902,0.3117375075817108,0.20393133,0.1062812,0.047650131634521475,3
2026-08-25,PETRONET,12,1,0.05352590267432102,0.316318541765213,0.08491278,0.1062812,-0.07136842305297852,3
2026-08-25,PETRONET,13,1,0.05746953404570362,0.3114541471004486,-0.084775686,0.1062812,-0.2410568862640381,3
2026-08-25,PETRONET,14,1,0.06437598234112425,0.26006942987442017,-0.23695827,0.1062812,-0.39323946530456544,3
2026-08-25,PETRONET,16,1,0.09896045701978835,0.27020463347435,-0.10175705,0.10628119999999998,-0.25803824956054683,3
2026-08-25,PETRONET,63,-1,-0.048452622758828445,0.19081664085388184,0.08507967,0.1062812,-0.07120153004760743,3
2026-08-25,PETRONET,67,-1,-0.10648707519091515,0.17371293902397156,0.51020384,0.1062812,0.35392263834838866,3
2026-08-25,PFC,7,1,0.04642745042030406,0.2905760407447815,0.013756752,0.10628119999999998,-0.14252444798583982,3
2026-08-25,PFC,9,1,0.057035021439828595,0.2629755735397339,0.027525425,0.1062812,-0.12875577504272462,3
2026-08-25,PFC,16,1,0.05129211936682191,0.10908852517604828,0.37164688,0.1062812,0.21536568110351562,3
2026-08-25,PFC,67,-1,-0.12847329553385833,0.13792912662029266,-0.52040815,0.10628119999999998,-0.6766893535339356,3
2026-08-25,PHOENIXLTD,7,1,0.0485095258139989,0.37998637557029724,-0.2438128,0.10628119999999998,-0.4000939994537353,3
2026-08-25,PHOENIXLTD,8,1,0.050137256252006414,0.37416160106658936,-0.01038909,0.10628119999999998,-0.16667028958435057,3
2026-08-25,PHOENIXLTD,9,1,0.05725775434207845,0.36407074332237244,0.015604496,0.1062812,-0.14067670399780274,3
2026-08-25,PHOENIXLTD,10,1,0.06041467545162695,0.3684348165988922,0.08871555,0.1062812,-0.0675656467163086,3
2026-08-25,PHOENIXLTD,11,1,0.05011276303330705,0.3640356659889221,-0.15618205,0.10628119999999998,-0.312463250704956,3
2026-08-25,PHOENIXLTD,12,1,0.04454744233818989,0.3522862493991852,-0.19763708,0.1062812,-0.35391828114624024,3
2026-08-25,PHOENIXLTD,13,1,0.049750855941322454,0.34231337904930115,-0.17690659,0.1062812,-0.3331877856933594,3
2026-08-25,PHOENIXLTD,14,1,0.0609898079026077,0.29492616653442383,-0.18200874,0.1062812,-0.3382899432861328,3
2026-08-25,PHOENIXLTD,15,1,0.04605258792215727,0.27275606989860535,-0.3013432,0.1062812,-0.4576244025909424,3
2026-08-25,PHOENIXLTD,16,1,0.09293831392464895,0.26149672269821167,-0.14047623,0.1062812,-0.29675742680664063,3
2026-08-25,PHOENIXLTD,17,1,0.05572340758597742,0.2718614637851715,0.0521183,0.1062812,-0.10416289860839845,3
2026-08-25,PHOENIXLTD,63,-1,-0.044312498888987105,0.20457039773464203,-0.29623508,0.1062812,-0.4525162845336914,3
2026-08-25,PHOENIXLTD,67,-1,-0.11893580429416489,0.21505360305309296,0.24268031,0.1062812,0.0863991112030029,3
2026-08-25,PIDILITIND,14,1,0.044669240243336565,0.17585444450378418,0.07272959,0.10628119999999998,-0.08355161244506834,3
2026-08-25,PIDILITIND,16,1,0.05927624704284078,0.1623583883047104,0.07880926,0.1062812,-0.07747193867797852,3
2026-08-25,PIDILITIND,67,-1,-0.12526163778920552,0.1992066353559494,-0.12128353,0.1062812,-0.27756473118896485,3
2026-08-25,PIIND,7,1,0.04723231124256517,0.2451372742652893,-0.016212463,0.10628119999999998,-0.17249366337890623,3
2026-08-25,PIIND,8,1,0.0457353497454352,0.24526003003120422,0.17449856,0.1062812,0.018217358044433585,3
2026-08-25,PIIND,9,1,0.05370575195886521,0.24634087085723877,0.32520294,0.10628119999999998,0.1689217418945313,3
2026-08-25,PIIND,10,1,0.05556519754177668,0.24929362535476685,0.54183006,0.1062812,0.38554886286621093,3
2026-08-25,PIIND,11,1,0.04673179633313936,0.2554716467857361,0.36969185,0.10628119999999998,0.21341064875488286,3
2026-08-25,PIIND,12,1,0.0479199034122349,0.2755264341831207,0.12967587,0.10628119999999998,-0.026605334826660137,3
2026-08-25,PIIND,13,1,0.054339360708998335,0.2673388421535492,0.20689964,0.10628119999999998,0.050618442944335956,3
2026-08-25,PIIND,16,1,0.06475732627950867,0.2483208030462265,0.21475554,0.10628120000000002,0.0584743351257324,3
2026-08-25,PIIND,67,-1,-0.10663453342378677,0.18182483315467834,-1.3456225,0.10628119999999998,-1.5019037395202637,3
2026-08-25,PNB,7,1,0.05676494427001508,0.4053831398487091,-0.20700693,0.10628119999999998,-0.3632881313049316,3
2026-08-25,PNB,8,1,0.04853878689704067,0.38043302297592163,-0.30172467,0.1062812,-0.4580058723175049,3
2026-08-25,PNB,9,1,0.04746117256088796,0.3615090548992157,-0.36153793,0.10628119999999998,-0.5178191333496094,3
2026-08-25,PNB,10,1,0.048672747861275734,0.3431132733821869,-0.13788939,0.10628119999999998,-0.2941705852233886,3
2026-08-25,PNB,11,1,0.04859152347043086,0.32824909687042236,-0.017249584,0.10628119999999998,-0.17353078419799803,3
2026-08-25,PNB,12,1,0.06322022296866882,0.3209010064601898,0.41462183,0.1062812,0.25834062998657226,3
2026-08-25,PNB,13,1,0.06564511796933598,0.31313785910606384,0.38917065,0.1062812,0.23288944666748046,3
2026-08-25,PNB,14,1,0.05039983983523461,0.24941451847553253,0.19016266,0.10628119999999998,0.03388145869140627,3
2026-08-25,PNB,16,1,0.05509728068183456,0.23326221108436584,0.31985044,0.1062812,0.16356924479370116,3
2026-08-25,PNB,67,-1,-0.11969126740349277,0.19918006658554077,0.23235679,0.10628119999999998,0.0760755867279053,3
2026-08-25,POLICYBZR,7,1,0.04941688330849349,0.5196712613105774,0.08354187,0.10628119999999998,-0.07273932988281248,3
2026-08-25,POLICYBZR,9,1,0.044995506287758856,0.4500880539417267,0.66833496,0.10628119999999998,0.5120537609375,3
2026-08-25,POLICYBZR,13,1,0.045522818670860034,0.37583470344543457,0.35061836,0.10628120000000002,0.1943371624267578,3
2026-08-25,POLICYBZR,14,1,0.053423606121442334,0.2961444556713104,0.20587444,0.1062812,0.04959324305419921,3
2026-08-25,POLICYBZR,16,1,0.07109093830910887,0.28136712312698364,-0.7741213,0.1062812,-0.9304024844848633,3
2026-08-25,POLICYBZR,67,-1,-0.11858378382715777,0.16584551334381104,-0.17268658,0.1062812,-0.3289677768432617,3
2026-08-25,POLYCAB,7,1,0.05077344344873526,0.3804168105125427,-0.5292773,0.1062812,-0.6855585246765137,3
2026-08-25,POLYCAB,8,1,0.04853878689704067,0.34804561734199524,-0.5406022,0.1062812,-0.6968834071838379,3
2026-08-25,POLYCAB,9,1,0.04843368890113336,0.34124791622161865,-0.26507378,0.10628119999999998,-0.42135497624511714,3
2026-08-25,POLYCAB,10,1,0.05894372095254445,0.3361598253250122,-0.060892105,0.10628119999999998,-0.21717330510253902,3
2026-08-25,POLYCAB,11,1,0.061646430061184046,0.3217538893222809,-0.055342913,0.1062812,-0.2116241126739502,3
2026-08-25,POLYCAB,12,1,0.05884433017087828,0.3159940540790558,-0.14930367,0.1062812,-0.305584874697876,3
2026-08-25,POLYCAB,13,1,0.054271984120685526,0.3057330846786499,-0.13272762,0.1062812,-0.28900882298583985,3
2026-08-25,POLYCAB,14,1,0.04506591168994017,0.23872868716716766,0.06650686,0.1062812,-0.08977433735961915,3
2026-08-25,POLYCAB,16,1,0.058817166242880706,0.21713335812091827,-0.016611814,0.10628119999999998,-0.17289301449890135,3
2026-08-25,POLYCAB,67,-1,-0.10448499745072433,0.14033427834510803,-0.41388273,0.1062812,-0.5701639323913574,3
2026-08-25,POWERGRID,16,1,0.06191198563510832,0.14458021521568298,0.0,0.1062812,-0.1562812,3
2026-08-25,POWERGRID,67,-1,-0.12540909602207714,0.19940438866615295,-0.20335913,0.1062812,-0.35964032704467774,3
2026-08-25,POWERINDIA,7,1,0.054184403712540054,0.5098980069160461,-0.73518157,0.10628119999999998,-0.8914627700531006,3
2026-08-25,POWERINDIA,8,1,0.05475896767041935,0.47018808126449585,-0.7797241,0.1062812,-0.93600532109375,3
2026-08-25,POWERINDIA,9,1,0.05755417424835741,0.44607990980148315,-0.49564242,0.10628119999999998,-0.6519236236297608,3
2026-08-25,POWERINDIA,10,1,0.06683002518594558,0.4282743036746979,-0.37627816,0.1062812,-0.5325593620025635,3
2026-08-25,POWERINDIA,11,1,0.07521649084565774,0.42509305477142334,-0.13586879,0.1062812,-0.29214998776550294,3
2026-08-25,POWERINDIA,12,1,0.06494418820107871,0.40663158893585205,-0.09060502,0.1062812,-0.2468862205230713,3
2026-08-25,POWERINDIA,13,1,0.07749862077412488,0.3961058557033539,-0.015115738,0.10628119999999998,-0.17139693791503904,3
2026-08-25,POWERINDIA,14,1,0.09175682504564373,0.32065123319625854,-0.015103817,0.10628119999999998,-0.17138501698608397,3
2026-08-25,POWERINDIA,15,1,0.07317309478113262,0.2979339063167572,0.06045103,0.1062812,-0.09583016926879884,3
2026-08-25,POWERINDIA,16,1,0.09944073903414276,0.2814016044139862,0.04527569,0.1062812,-0.11100551182861329,3
2026-08-25,POWERINDIA,17,1,0.0462782789106889,0.2449657917022705,0.15099049,0.10628120000000002,-0.005290713854980492,3
2026-08-25,POWERINDIA,67,-1,-0.11063856645380514,0.19322426617145538,-0.075125694,0.10628119999999998,-0.2314068942749023,3
2026-08-25,PRESTIGE,6,1,0.04554384204564982,0.3882739245891571,-0.0741303,0.10628120000000002,-0.23041149670715333,3
2026-08-25,PRESTIGE,7,1,0.05526730488949137,0.36179637908935547,-0.12962818,0.1062812,-0.28590938145751954,3
2026-08-25,PRESTIGE,8,1,0.04440273163326333,0.3501150608062744,-0.2528131,0.10628119999999998,-0.4090943008148193,3
2026-08-25,PRESTIGE,9,1,0.05410856679967448,0.3404618203639984,-0.30879378,0.1062812,-0.4650749831878662,3
2026-08-25,PRESTIGE,10,1,0.05549722685517704,0.3220076560974121,-0.14217496,0.1062812,-0.29845615918273927,3
2026-08-25,PRESTIGE,11,1,0.06993042082248746,0.31022775173187256,-0.1793325,0.1062812,-0.3356136947357178,3
2026-08-25,PRESTIGE,12,1,0.05600323064784405,0.29620739817619324,-0.018543005,0.1062812,-0.17482420498962403,3
2026-08-25,PRESTIGE,13,1,0.05994686201922665,0.2856809198856354,0.006186962,0.1062812,-0.15009423787231446,3
2026-08-25,PRESTIGE,16,1,0.06777049647314384,0.20045442879199982,0.70632696,0.1062812,0.550045761517334,3
2026-08-25,PRESTIGE,63,-1,-0.04707255547117756,0.18076014518737793,-0.46633482,0.10628119999999998,-0.6226160197937012,3
2026-08-25,PRESTIGE,67,-1,-0.10770914002992091,0.19675159454345703,-0.6886244,0.10628119999999998,-0.844905582019043,3
2026-08-25,RADICO,7,1,0.047861871521689074,0.2976703643798828,0.049829483,0.10628119999999998,-0.10645171696777342,3
2026-08-25,RADICO,9,1,0.04883059325325768,0.29088109731674194,-0.010830164,0.10628119999999998,-0.16711136395568846,3
2026-08-25,RADICO,10,1,0.04787974975963882,0.27610814571380615,-0.062799454,0.1062812,-0.21908065373535157,3
2026-08-25,RADICO,11,1,0.05834585201885539,0.2615106403827667,-0.062799454,0.10628119999999998,-0.21908065373535152,3
2026-08-25,RADICO,16,1,0.053848569303056745,0.1968083679676056,-0.060641766,0.1062812,-0.21692296559448243,3
2026-08-25,RADICO,67,-1,-0.10463245568359596,0.19410067796707153,0.29287934,0.10628120000000002,0.1365981430328369,3
2026-08-25,RECLTD,7,1,0.05531867195825047,0.3107713758945465,0.061404705,0.10628119999999998,-0.09487649495239256,3
2026-08-25,RECLTD,8,1,0.05421686644550966,0.29149797558784485,0.0,0.10628119999999998,-0.15628119999999998,3
2026-08-25,RECLTD,9,1,0.06029842444236939,0.271636426448822,0.0767827,0.1062812,-0.0794984966003418,3
2026-08-25,RECLTD,10,1,0.04730274588478287,0.2569451332092285,0.18433332,0.1062812,0.028052124432373038,3
2026-08-25,RECLTD,16,1,0.05666205112260792,0.15344350039958954,0.69060326,0.10628119999999998,0.5343220562255859,3
2026-08-25,RECLTD,67,-1,-0.1256963619135817,0.16881750524044037,-0.046026707,0.1062812,-0.20230790669555665,3
2026-08-25,RELIANCE,14,1,0.04723237490934391,0.09776419401168823,0.11533499,0.1062812,-0.04094621235961915,3
2026-08-25,RELIANCE,16,1,0.05919115484387286,0.09277164191007614,0.015366077,0.1062812,-0.1409151225769043,3
2026-08-25,RELIANCE,63,-1,-0.0461376641528726,0.11926805973052979,-0.5666971,0.1062812,-0.7229783206665039,3
2026-08-25,RELIANCE,67,-1,-0.12526163778920552,0.13745811581611633,-0.5420208,0.10628119999999998,-0.6983019977294922,3
2026-08-25,RVNL,7,1,0.05615922448968333,0.4264693558216095,-0.1267314,0.10628119999999998,-0.2830125957214355,3
2026-08-25,RVNL,8,1,0.04537018617160061,0.3935173451900482,-0.20833611,0.1062812,-0.36461731488342286,3
2026-08-25,RVNL,10,1,0.04370798758952069,0.34507280588150024,-0.40779114,0.1062812,-0.5640723376953125,3
2026-08-25,RVNL,11,1,0.045247543890389735,0.3237486481666565,-0.47086477,0.10628119999999998,-0.6271459727966309,3
2026-08-25,RVNL,12,1,0.04727163906076638,0.30866727232933044,-0.41668415,0.1062812,-0.5729653506958008,3
2026-08-25,RVNL,13,1,0.05121527043214898,0.29410040378570557,-0.47562122,0.1062812,-0.631902423449707,3
2026-08-25,RVNL,16,1,0.06031189375609456,0.1712183952331543,-0.73536634,0.10628120000000002,-0.8916475444519043,3
2026-08-25,RVNL,67,-1,-0.1255207681419152,0.1367463618516922,-0.027477741,0.1062812,-0.1837589412414551,3
2026-08-25,SAIL,3,1,0.056729738712240886,0.9977250099182129,-0.90397,0.10628120000000002,-1.0602512031280518,3
2026-08-25,SAIL,5,1,0.05493748732249188,0.9111809730529785,0.18045902,0.1062812,0.024177822521972647,3
2026-08-25,SAIL,6,1,0.05898962007565715,0.874891996383667,0.38483143,0.1062812,0.22855022852783202,3
2026-08-25,SAIL,7,1,0.060877401466489116,0.8182557225227356,0.537014,0.10628119999999998,0.3807328075683594,3
2026-08-25,SAIL,10,1,0.04692485670858879,0.7483464479446411,0.36592484,0.10628120000000002,0.20964363520507812,3
2026-08-25,SAIL,11,1,0.0454828811011679,0.7155280113220215,0.45164824,0.1062812,0.2953670353210449,3
2026-08-25,SAIL,12,1,0.04899528178258319,0.6944901943206787,0.5076051,0.10628119999999995,0.3513238758361817,3
2026-08-25,SAIL,13,1,0.05292966982575118,0.6951170563697815,0.69527626,0.1062812,0.5389950603759766,3
2026-08-25,SAIL,14,1,0.052741331188644665,0.5594522953033447,0.27798414,0.10628119999999998,0.12170294230346683,3
2026-08-25,SAIL,16,1,0.06680506861702608,0.5023991465568542,-0.054425,0.1062812,-0.2107062011444092,3
2026-08-25,SAIL,67,-1,-0.11923002833858107,0.24268575012683868,0.2916932,0.10628119999999998,0.1354120106018067,3
2026-08-25,SBICARD,7,1,0.04530879490259262,0.36764636635780334,-0.05377531,0.10628119999999998,-0.21005651051635738,3
2026-08-25,SBICARD,11,1,0.046778639398719464,0.3214710056781769,-0.17651916,0.1062812,-0.33280035550231934,3
2026-08-25,SBICARD,12,1,0.05045428648528148,0.3130691945552826,-0.25287867,0.1062812,-0.4091598659240723,3
2026-08-25,SBICARD,13,1,0.05467808566729884,0.3234790861606598,-0.09211898,0.10628119999999998,-0.24840017850036616,3
2026-08-25,SBICARD,14,1,0.04790253917302955,0.2442987859249115,-0.23825765,0.10628119999999998,-0.3945388465606689,3
2026-08-25,SBICARD,16,1,0.05330088955508165,0.20579001307487488,-0.21511316,0.1062812,-0.3713943629943848,3
2026-08-25,SBICARD,67,-1,-0.128946158541954,0.19589808583259583,-0.0076770782,0.1062812,-0.16395827824707032,3
2026-08-25,SBILIFE,7,1,0.04442657310933845,0.4410768449306488,-0.056540966,0.1062812,-0.21282216603393556,3
2026-08-25,SBILIFE,13,1,0.04896394510822831,0.31648197770118713,-0.06222129,0.1062812,-0.21850248868103028,3
2026-08-25,SBILIFE,14,1,0.055343081766934685,0.26226097345352173,-0.028282404,0.10628120000000002,-0.18456360394592286,3
2026-08-25,SBILIFE,16,1,0.05316518487165789,0.22149717807769775,-0.1357913,0.10628119999999998,-0.2920725017272949,3
2026-08-25,SBILIFE,67,-1,-0.1181644540881208,0.18246257305145264,0.1479268,0.1062812,-0.008354392596435556,3
2026-08-25,SBIN,6,1,0.04508502331324076,0.2775379717350006,0.009679794,0.1062812,-0.14660140568847657,3
2026-08-25,SBIN,7,1,0.059879157790287615,0.25973567366600037,-0.09661913,0.10628120000000002,-0.2529003291809082,3
2026-08-25,SBIN,8,1,0.04976123178040205,0.2614116668701172,-0.29886365,0.1062812,-0.45514484936828614,3
2026-08-25,SBIN,9,1,0.05613005566876636,0.25907638669013977,-0.26969314,0.1062812,-0.42597433621520997,3
2026-08-25,SBIN,14,1,0.04706206622055497,0.20102305710315704,0.44487715,0.1062812,0.28859594767456054,3
2026-08-25,SBIN,16,1,0.05535330299814896,0.18833418190479279,0.3476858,0.10628119999999998,0.19140461390380864,3
2026-08-25,SBIN,63,-1,-0.048452622758828445,0.18411558866500854,-0.0,0.1062812,-0.1562812,3
2026-08-25,SBIN,67,-1,-0.10648707519091515,0.18081465363502502,-0.47938824,0.1062812,-0.6356694369995117,3
2026-08-25,SCHAEFFLER,6,1,0.04773719851088801,0.2628662884235382,-0.29539466,0.10628119999999998,-0.45167585904235835,3
2026-08-25,SCHAEFFLER,7,1,0.05771645418246096,0.25168487429618835,-0.055116415,0.1062812,-0.21139761502380372,3
2026-08-25,SCHAEFFLER,12,1,0.047310938503243645,0.23119615018367767,0.3743887,0.10628119999999998,0.21810749476318364,3
2026-08-25,SCHAEFFLER,16,1,0.051697984148518915,0.20983684062957764,-0.14526844,0.1062812,-0.30154964024658204,3
2026-08-25,SCHAEFFLER,67,-1,-0.10682253195710106,0.13828368484973907,-0.4001975,0.1062812,-0.5564787059509277,3
2026-08-25,SHREECEM,16,1,0.04491535084693566,0.16301126778125763,0.41527748,0.10628119999999998,0.2589962810791016,3
2026-08-25,SHREECEM,67,-1,-0.1265092979751044,0.2527022957801819,0.040900707,0.10628119999999998,-0.11538049275512693,3
2026-08-25,SHRIRAMFIN,16,1,0.054922424760196285,0.1864723563194275,-0.008940697,0.1062812,-0.1652218967163086,3
2026-08-25,SHRIRAMFIN,63,-1,-0.0452582757067247,0.18195250630378723,-0.63683987,0.1062812,-0.7931210666381836,3
2026-08-25,SHRIRAMFIN,67,-1,-0.11986613108581497,0.2234109491109848,-0.29070377,0.1062812,-0.44698497349853517,3
2026-08-25,SIEMENS,7,1,0.05528507960404304,0.4681801497936249,-0.13228655,0.1062812,-0.28856774861450196,3
2026-08-25,SIEMENS,8,1,0.05139881136606547,0.4368138015270233,-0.25218725,0.1062812,-0.40846845204467774,3
2026-08-25,SIEMENS,9,1,0.048242639332282955,0.41435253620147705,0.004899502,0.10628119999999998,-0.15138169819946287,3
2026-08-25,SIEMENS,10,1,0.06572458336835137,0.42140993475914,0.2015233,0.10628119999999998,0.04524210398559572,3
2026-08-25,SIEMENS,11,1,0.0738154287304495,0.41225558519363403,0.4333973,0.10628120000000002,0.2771160930908203,3
2026-08-25,SIEMENS,12,1,0.059260855638503515,0.4035952091217041,0.21630526,0.1062812,0.06002405588989257,3
2026-08-25,SIEMENS,13,1,0.05493324900216362,0.3985522985458374,0.28010607,0.10628119999999998,0.12382486765747074,3
2026-08-25,SIEMENS,14,1,0.0582029046657667,0.3341369032859802,0.20600557,0.1062812,0.04972437327270507,3
2026-08-25,SIEMENS,15,1,0.053060537772957134,0.2992841601371765,0.3779769,0.1062812,0.2216956943786621,3
2026-08-25,SIEMENS,16,1,0.08919256876128716,0.3038245737552643,0.23255348,0.10628119999999998,0.0762722820556641,3
2026-08-25,SIEMENS,17,1,0.05117153252140836,0.3011518716812134,0.2428174,0.1062812,0.0865362018859863,3
2026-08-25,SIEMENS,21,1,0.04422372767772041,0.27218323945999146,0.32541752,0.10628120000000002,0.16913631861572265,3
2026-08-25,SIEMENS,67,-1,-0.07015919443285237,0.265463650226593,0.3774941,0.10628119999999998,0.2212128967559815,3
2026-08-25,SJVN,7,1,0.05030234782190986,0.4099583029747009,-0.15192628,0.1062812,-0.3082074790679932,3
2026-08-25,SJVN,9,1,0.04712723192343587,0.3511144816875458,-0.10636449,0.10628119999999998,-0.2626456886016845,3
2026-08-25,SJVN,10,1,0.05263800804630425,0.3390039801597595,-0.12162924,0.10628120000000002,-0.2779104381286621,3
2026-08-25,SJVN,12,1,0.046454345536477704,0.3123225271701813,0.0,0.1062812,-0.1562812,3
2026-08-25,SJVN,13,1,0.053206889414208154,0.30332526564598083,0.07610321,0.1062812,-0.08017798955078126,3
2026-08-25,SJVN,16,1,0.04807809641334646,0.18905457854270935,0.015211105,0.1062812,-0.14107009465332032,3
2026-08-25,SJVN,67,-1,-0.12444549700885789,0.11189474910497665,-0.1977086,0.10628119999999998,-0.35398980671997066,3
2026-08-25,SOLARINDS,7,1,0.060621167707299674,0.2820260524749756,-0.5908489,0.1062812,-0.7471301227294922,3
2026-08-25,SOLARINDS,8,1,0.056914273627175015,0.2689213454723358,-0.42951107,0.10628120000000002,-0.5857922702514649,3
2026-08-25,SOLARINDS,9,1,0.056317193950770346,0.26383623480796814,-0.404346,0.1062812,-0.5606271892272949,3
2026-08-25,SOLARINDS,10,1,0.07877679396275131,0.27900370955467224,-0.15218258,0.1062812,-0.30846377904052735,3
2026-08-25,SOLARINDS,11,1,0.07947861378866218,0.2648117244243622,-0.32436252,0.1062812,-0.48064371640319825,3
2026-08-25,SOLARINDS,12,1,0.07243653084732317,0.25828298926353455,-0.2585292,0.10628119999999998,-0.41481038624877925,3
2026-08-25,SOLARINDS,13,1,0.059729323073903176,0.2571747899055481,0.0101566315,0.1062812,-0.14612456853027345,3
2026-08-25,SOLARINDS,14,1,0.05091109827727025,0.23222903907299042,0.14230013,0.1062812,-0.013981071063232431,3
2026-08-25,SOLARINDS,16,1,0.0578335755100229,0.2127813845872879,0.14213324,0.1062812,-0.014147964068603525,3
2026-08-25,SOLARINDS,63,-1,-0.04594966561955831,0.1230531632900238,0.020205975,0.1062812,-0.1360752254211426,3
2026-08-25,SOLARINDS,67,-1,-0.10301142544799445,0.11951097846031189,-0.05558729,0.1062812,-0.2118684917175293,3
2026-08-25,SRF,7,1,0.06041415750946783,0.3993454575538635,-0.45565963,0.10628119999999998,-0.6119408279144287,3
2026-08-25,SRF,8,1,0.049292711074473854,0.383409708738327,-0.43615103,0.1062812,-0.5924322276794434,3
2026-08-25,SRF,9,1,0.04674736945015825,0.3646273910999298,-0.29218197,0.1062812,-0.44846316868896485,3
2026-08-25,SRF,10,1,0.059882957637605656,0.35681864619255066,0.0,0.1062812,-0.1562812,3
2026-08-25,SRF,11,1,0.0622883251528114,0.3355197608470917,0.14830828,0.1062812,-0.007972922869873056,3
2026-08-25,SRF,12,1,0.06646554582623905,0.32195281982421875,0.1211524,0.1062812,-0.035128799029541025,3
2026-08-25,SRF,13,1,0.07240980370162364,0.30905210971832275,0.20338297,0.1062812,0.04710176890258788,3
2026-08-25,SRF,14,1,0.05994500771743549,0.24200719594955444,0.07432699,0.1062812,-0.0819542079650879,3
2026-08-25,SRF,16,1,0.05722581760767266,0.23275518417358398,-0.0898242,0.10628119999999998,-0.24610539967651363,3
2026-08-25,SRF,67,-1,-0.11973180770393543,0.15446768701076508,-0.50741434,0.1062812,-0.6636955409729004,3
2026-08-25,SUNDARMFIN,7,1,0.0622510509413046,0.2968706488609314,0.1781702,0.1062812,0.021889004162597647,3
2026-08-25,SUNDARMFIN,8,1,0.04759525729852984,0.29825979471206665,-0.099915266,0.1062812,-0.2561964660369873,3
2026-08-25,SUNDARMFIN,9,1,0.06315708442253282,0.28774580359458923,0.082314014,0.1062812,-0.07396718556518556,3
2026-08-25,SUNDARMFIN,10,1,0.05317156470389064,0.27506023645401,-0.15106201,0.10628120000000002,-0.30734321171875,3
2026-08-25,SUNDARMFIN,11,1,0.0643433634894416,0.2605501115322113,-0.035578012,0.10628119999999998,-0.19185921246643062,3
2026-08-25,SUNDARMFIN,13,1,0.045020412550010505,0.24495844542980194,-0.04671812,0.1062812,-0.20299932057495118,3
2026-08-25,SUNDARMFIN,16,1,0.05842104770298642,0.17305277287960052,0.082314014,0.1062812,-0.07396718556518556,3
2026-08-25,SUNDARMFIN,67,-1,-0.12526163778920552,0.11212708055973053,-0.47072172,0.1062812,-0.6270029216491699,3
2026-08-25,SUNPHARMA,7,1,0.060708988272794966,0.2901211977005005,-0.3136456,0.10628119999999998,-0.46992680127258296,3
2026-08-25,SUNPHARMA,8,1,0.049854360987733604,0.2745075225830078,-0.1989007,0.10628119999999998,-0.35518189961547847,3
2026-08-25,SUNPHARMA,9,1,0.053219771635252835,0.26445457339286804,-0.068080425,0.1062812,-0.22436162526245118,3
2026-08-25,SUNPHARMA,11,1,0.04618703959365607,0.24257947504520416,0.23601055,0.1062812,0.0797293514526367,3
2026-08-25,SUNPHARMA,16,1,0.05201214072668277,0.1759338229894638,0.49785376,0.1062812,0.3415725559509277,3
2026-08-25,SUNPHARMA,67,-1,-0.12411004024267197,0.16453418135643005,-0.40223598,0.10628119999999998,-0.5585171848022461,3
2026-08-25,SUPREMEIND,6,1,0.043816196469241425,0.3969908654689789,0.17575026,0.1062812,0.019469055584716788,3
2026-08-25,SUPREMEIND,7,1,0.060218266705129725,0.38010793924331665,0.1896143,0.10628119999999998,0.033333095959472675,3
2026-08-25,SUPREMEIND,8,1,0.04814190657450646,0.3536532521247864,0.27891397,0.1062812,0.12263277476196287,3
2026-08-25,SUPREMEIND,9,1,0.05275353508985494,0.3297036588191986,0.2847433,0.1062812,0.12846210902099608,3
2026-08-25,SUPREMEIND,11,1,0.050977508233609636,0.3128354251384735,-0.2335608,0.1062812,-0.3898420005523682,3
2026-08-25,SUPREMEIND,12,1,0.04574156044384486,0.3158343732357025,-0.21159649,0.1062812,-0.3678776889526367,3
2026-08-25,SUPREMEIND,13,1,0.056523391970989476,0.3031386137008667,-0.28928518,0.1062812,-0.44556638295288087,3
2026-08-25,SUPREMEIND,14,1,0.06535415077606252,0.27573445439338684,-0.16144514,0.1062812,-0.31772634083862306,3
2026-08-25,SUPREMEIND,15,1,0.044808837104145655,0.2640281319618225,-0.2587676,0.1062812,-0.41504880482788087,3
2026-08-25,SUPREMEIND,16,1,0.07427683869667218,0.2549106776714325,-0.21715164,0.1062812,-0.37343284184570313,3
2026-08-25,SUPREMEIND,67,-1,-0.10566652198928743,0.1923915445804596,-0.70192814,0.1062812,-0.8582093387329102,3
2026-08-25,SUZLON,7,1,0.05760668901294355,0.4590076804161072,-0.2988875,0.1062812,-0.4551686912261963,3
2026-08-25,SUZLON,8,1,0.05375004323124191,0.42734935879707336,-0.32038093,0.10628119999999998,-0.4766621261322021,3
2026-08-25,SUZLON,9,1,0.0522615623901134,0.4129217863082886,-0.08556247,0.1062812,-0.24184366757507325,3
2026-08-25,SUZLON,10,1,0.05760813475360163,0.38908159732818604,-0.0641942,0.1062812,-0.2204754024230957,3
2026-08-25,SUZLON,11,1,0.05123460638615847,0.3654962480068207,-0.106948614,0.1062812,-0.2632298141204834,3
2026-08-25,SUZLON,12,1,0.04828381711155999,0.3441116213798523,-0.08561611,0.1062812,-0.2418973117553711,3
2026-08-25,SUZLON,13,1,0.05222744848294257,0.32717642188072205,-0.12848377,0.1062812,-0.28476497227783204,3
2026-08-25,SUZLON,14,1,0.05165082861315613,0.246252179145813,-0.25695562,0.1062812,-0.413236823626709,3
2026-08-25,SUZLON,16,1,0.06182553261639035,0.2186751365661621,-0.278306,0.1062812,-0.4345872073852539,3
2026-08-25,SUZLON,63,-1,-0.047764929699578615,0.12911498546600342,-0.5812764,0.10628119999999998,-0.7375576167785645,3
2026-08-25,SUZLON,67,-1,-0.12526163778920552,0.16053012013435364,-0.08563995,0.1062812,-0.24192115361328126,3
2026-08-25,TATACOMM,7,1,0.0448405837450022,0.526161789894104,-0.95131993,0.1062812,-1.107601132937622,3
2026-08-25,TATACOMM,9,1,0.05394944610756279,0.48723068833351135,-0.80744624,0.1062812,-0.9637274413787842,3
2026-08-25,TATACOMM,10,1,0.054772051016558965,0.4784129858016968,-0.32525063,0.10628119999999998,-0.4815318256103515,3
2026-08-25,TATACOMM,11,1,0.05819984337681583,0.45934587717056274,-0.46773553,0.10628119999999998,-0.6240167289459229,3
2026-08-25,TATACOMM,12,1,0.05145423421875784,0.45026496052742004,-0.29617548,0.10628119999999998,-0.45245667988891597,3
2026-08-25,TATACOMM,13,1,0.06269692542389772,0.4419499933719635,0.035595894,0.1062812,-0.12068530614013673,3
2026-08-25,TATACOMM,14,1,0.06166201546242658,0.3802873492240906,-0.27272105,0.10628119999999998,-0.42900225216979976,3
2026-08-25,TATACOMM,15,1,0.05788214110805921,0.3607042133808136,-0.25513768,0.1062812,-0.4114188819610596,3
2026-08-25,TATACOMM,16,1,0.08156295968233335,0.3463212847709656,-0.21981597,0.1062812,-0.3760971694671631,3
2026-08-25,TATACOMM,17,1,0.049410492845113,0.31487125158309937,-0.3381729,0.1062812,-0.49445411259765626,3
2026-08-25,TATACOMM,67,-1,-0.128946158541954,0.19823749363422394,0.1116395,0.1062812,-0.04464170033569337,3
2026-08-25,TATACONSUM,7,1,0.05666211916435795,0.2734343111515045,0.09469986,0.1062812,-0.061581340380859384,3
2026-08-25,TATACONSUM,9,1,0.05080498773070808,0.24181845784187317,0.23701191,0.1062812,0.08073070948486326,3
2026-08-25,TATACONSUM,16,1,0.05759020958491398,0.145924910902977,0.0,0.1062812,-0.1562812,3
2026-08-25,TATACONSUM,63,-1,-0.0478400705406018,0.18234997987747192,-0.5410075,0.10628119999999998,-0.6972887187683106,3
2026-08-25,TATACONSUM,67,-1,-0.12526163778920552,0.1811564862728119,-0.35010576,0.1062812,-0.5063869624816895,3
2026-08-25,TATAELXSI,7,1,0.05899679172345273,0.47895264625549316,-0.342232,0.10628119999999998,-0.4985131889068603,3
2026-08-25,TATAELXSI,8,1,0.04680596618482111,0.448397159576416,-0.42407513,0.1062812,-0.5803563266479492,3
2026-08-25,TATAELXSI,9,1,0.05040812885700078,0.41684940457344055,-0.35284162,0.1062812,-0.5091228156768799,3
2026-08-25,TATAELXSI,10,1,0.05907312885218115,0.3999707102775574,-0.23566484,0.10628120000000002,-0.39194604451293946,3
2026-08-25,TATAELXSI,11,1,0.05919134978734557,0.3789127767086029,-0.3617406,0.1062812,-0.5180217891418457,3
2026-08-25,TATAELXSI,12,1,0.05482418058567323,0.36035287380218506,-0.39218068,0.1062812,-0.5484618812286377,3
2026-08-25,TATAELXSI,13,1,0.06617367071891538,0.35476765036582947,-0.14841557,0.10628119999999998,-0.3046967654907226,3
2026-08-25,TATAELXSI,14,1,0.07076400863487815,0.2764911651611328,-0.22252798,0.1062812,-0.37880918080444337,3
2026-08-25,TATAELXSI,16,1,0.04819066006362488,0.19488877058029175,-0.49683452,0.10628119999999998,-0.6531157165252686,3
2026-08-25,TATAELXSI,67,-1,-0.12847329553385833,0.18172475695610046,-0.5099654,0.1062812,-0.6662466197692871,3
2026-08-25,TATAINVEST,7,1,0.051089251648530364,0.24346217513084412,-0.06985664,0.10628119999999998,-0.22613784367675777,3
2026-08-25,TATAINVEST,12,1,0.04525005975575837,0.19953729212284088,-0.07761121,0.10628119999999998,-0.2338924079620361,3
2026-08-25,TATAINVEST,14,1,0.04560521811016933,0.1747579574584961,-0.11649728,0.10628119999999998,-0.27277847821350093,3
2026-08-25,TATAINVEST,16,1,0.06753867370989462,0.17829425632953644,0.015544891,0.1062812,-0.14073630864257813,3
2026-08-25,TATAINVEST,67,-1,-0.12351684100165741,0.13266587257385254,-0.49709082,0.1062812,-0.6533720164978027,3
2026-08-25,TATAPOWER,7,1,0.06082215682737806,0.2826017737388611,0.26917458,0.10628120000000002,0.11289337580566404,3
2026-08-25,TATAPOWER,8,1,0.048129535662319006,0.2615267336368561,0.13448,0.10628119999999998,-0.021801200457763653,3
2026-08-25,TATAPOWER,16,1,0.05237313918664671,0.1514865607023239,0.21476746,0.1062812,0.05848625605468749,3
2026-08-25,TATAPOWER,63,-1,-0.04984768752448387,0.15359967947006226,-0.16226768,0.10628119999999998,-0.3185488849365234,3
2026-08-25,TATAPOWER,67,-1,-0.12057787547631262,0.1708495318889618,-0.1621604,0.1062812,-0.31844159657592774,3
2026-08-25,TATASTEEL,6,1,0.04968212675144044,0.36556681990623474,-0.40573478,0.1062812,-0.5620159774505615,3
2026-08-25,TATASTEEL,7,1,0.06712388727802922,0.3375263810157776,-0.31385422,0.1062812,-0.4701354175292969,3
2026-08-25,TATASTEEL,8,1,0.05583594382097015,0.3162574768066406,-0.31377077,0.1062812,-0.47005197102661134,3
2026-08-25,TATASTEEL,9,1,0.06088380751448172,0.2958028316497803,-0.41633248,0.10628119999999998,-0.572613683291626,3
2026-08-25,TATASTEEL,10,1,0.07148271502548474,0.2834286689758301,-0.25436878,0.1062812,-0.41064998204345704,3
2026-08-25,TATASTEEL,11,1,0.06595102632031065,0.2679290473461151,-0.20566583,0.1062812,-0.36194702679748536,3
2026-08-25,TATASTEEL,12,1,0.05102366705341222,0.25613170862197876,-0.24904609,0.1062812,-0.40532728726501466,3
2026-08-25,TATASTEEL,13,1,0.07107723267873281,0.2657707631587982,0.03259182,0.10628120000000002,-0.12368938023681643,3
2026-08-25,TATASTEEL,14,1,0.04925784971128804,0.22566096484661102,-0.12484789,0.10628120000000002,-0.2811290889465332,3
2026-08-25,TATASTEEL,15,1,0.043439518386779195,0.2104821801185608,-0.14110208,0.1062812,-0.29738327557678224,3
2026-08-25,TATASTEEL,16,1,0.06291939396614596,0.1935209035873413,-0.22802353,0.1062812,-0.3843047290527344,3
2026-08-25,TATASTEEL,67,-1,-0.12847329553385833,0.13199689984321594,-1.3060212,0.10628119999999998,-1.4623024135314941,3
2026-08-25,TCS,5,1,0.06124498286968937,0.5554800033569336,0.1188755,0.10628119999999998,-0.03740569645996092,3
2026-08-25,TCS,6,1,0.06855599019774364,0.5325067043304443,0.2601862,0.1062812,0.10390499537353513,3
2026-08-25,TCS,7,1,0.08769205801428885,0.5014790296554565,0.43741465,0.1062812,0.28113344614868163,3
2026-08-25,TCS,8,1,0.07535213985122087,0.47520947456359863,0.13668537,0.10628119999999998,-0.0195958286010742,3
2026-08-25,TCS,9,1,0.07003909037181429,0.45046040415763855,0.035226345,0.10628120000000002,-0.12105485493774416,3
2026-08-25,TCS,10,1,0.07368904170749536,0.4196094572544098,0.017607212,0.1062812,-0.13867398793334962,3
2026-08-25,TCS,11,1,0.051100728563826865,0.4065380096435547,-0.013184547,0.10628119999999998,-0.1694657474243164,3
2026-08-25,TCS,12,1,0.04586164887805472,0.3917176127433777,-0.092321634,0.10628119999999998,-0.2486028342926025,3
2026-08-25,TCS,13,1,0.05160693576726892,0.375442236661911,-0.07477403,0.10628119999999998,-0.2310552268707275,3
2026-08-25,TCS,14,1,0.06223656779467086,0.3104483485221863,0.14959574,0.1062812,-0.006685462542724618,3
2026-08-25,TCS,15,1,0.05257963103950542,0.24531695246696472,0.2069354,0.1062812,0.05065420573120116,3
2026-08-25,TCS,16,1,0.06415919035443113,0.2194402664899826,0.017607212,0.1062812,-0.13867398793334962,3
2026-08-25,TCS,67,-1,-0.12413716224262475,0.14417314529418945,-0.31454563,0.10628119999999998,-0.47082683140869136,3
2026-08-25,TECHM,6,1,0.04703618380102525,0.38950327038764954,0.15957355,0.10628119999999998,0.0032923549926758,3
2026-08-25,TECHM,7,1,0.06401016162878553,0.35910463333129883,0.17231703,0.1062812,0.016035828045654288,3
2026-08-25,TECHM,8,1,0.045740298692530656,0.33992013335227966,-0.0764668,0.1062812,-0.23274799878234864,3
2026-08-25,TECHM,9,1,0.04751930588226694,0.3279218077659607,-0.15276074,0.10628119999999998,-0.3090419440948486,3
2026-08-25,TECHM,10,1,0.05549676182014606,0.3050186038017273,-0.20368695,0.1062812,-0.3599681525909424,3
2026-08-25,TECHM,11,1,0.058344195023074134,0.2931332290172577,-0.19717216,0.10628120000000002,-0.3534533649169922,3
2026-08-25,TECHM,12,1,0.055266664060688774,0.2835046052932739,-0.3181696,0.1062812,-0.47445079381103517,3
2026-08-25,TECHM,13,1,0.06508979505875834,0.2744809687137604,-0.2038598,0.10628119999999998,-0.36014100606079097,3
2026-08-25,TECHM,14,1,0.04341000724730295,0.20980393886566162,-0.2547443,0.1062812,-0.411025491305542,3
2026-08-25,TECHM,16,1,0.050220535293512725,0.1716625988483429,-0.09564161,0.1062812,-0.2519228130065918,3
2026-08-25,TECHM,67,-1,-0.12248149945010393,0.24199455976486206,-1.1123061,0.10628119999999998,-1.2685873180114746,3
2026-08-25,THERMAX,7,1,0.05483531231235782,0.352777361869812,0.095677376,0.1062812,-0.06060382420654298,3
2026-08-25,THERMAX,8,1,0.04700356694958174,0.33172857761383057,0.4483819,0.1062812,0.2921007007873535,3
2026-08-25,THERMAX,9,1,0.052658768421011165,0.3159980773925781,0.39845705,0.1062812,0.24217585032348632,3
2026-08-25,THERMAX,10,1,0.053891498345221514,0.29843342304229736,0.524807,0.1062812,0.36852577631835937,3
2026-08-25,THERMAX,11,1,0.06997113703533815,0.2847064137458801,0.6312847,0.1062812,0.47500351374511723,3
2026-08-25,THERMAX,12,1,0.054198558267982345,0.2678157687187195,0.52011013,0.1062812,0.3638289303100586,3
2026-08-25,THERMAX,16,1,0.05618848882033673,0.24795590341091156,-0.23352504,0.10628119999999998,-0.3898062377655029,3
2026-08-25,THERMAX,67,-1,-0.11987926593680706,0.19458265602588654,-0.3770709,0.10628119999999998,-0.5333521037780762,3
2026-08-25,TIINDIA,7,1,0.05754250571004676,0.3771677613258362,0.003504753,0.1062812,-0.15277644688720704,3
2026-08-25,TIINDIA,9,1,0.05053978919272497,0.3855838477611542,0.30118227,0.10628119999999998,0.14490107005004887,3
2026-08-25,TIINDIA,10,1,0.07194434588354383,0.38484978675842285,0.59711933,0.1062812,0.4408381313598633,3
2026-08-25,TIINDIA,11,1,0.07186312149269894,0.3721248209476471,0.484097,0.10628120000000002,0.32781580393676757,3
2026-08-25,TIINDIA,12,1,0.06200917062682259,0.35731637477874756,0.49450397,0.10628119999999998,0.33822277491455083,3
2026-08-25,TIINDIA,13,1,0.05466478627829949,0.34365394711494446,0.9682536,0.1062812,0.8119724125183105,3
2026-08-25,TIINDIA,14,1,0.06634104045128218,0.2948645353317261,0.4753828,0.1062812,0.31910160487060546,3
2026-08-25,TIINDIA,15,1,0.048911450723959575,0.2832171320915222,0.3560424,0.10628119999999998,0.1997611851013184,3
2026-08-25,TIINDIA,16,1,0.08805010352992822,0.27583640813827515,0.6388545,0.1062812,0.48257330363159184,3
2026-08-25,TIINDIA,63,-1,-0.04827635563091289,0.23995789885520935,-0.11125803,0.10628119999999998,-0.2675392299377441,3
2026-08-25,TIINDIA,67,-1,-0.10407509345106097,0.23776324093341827,-0.45217276,0.1062812,-0.6084539561950684,3
2026-08-25,TITAN,13,1,0.04370747398672139,0.16400066018104553,-0.1260817,0.10628119999999998,-0.28236290509338374,3
2026-08-25,TITAN,14,1,0.04322611464121065,0.13620086014270782,-0.16152859,0.10628119999999998,-0.31780978734130855,3
2026-08-25,TITAN,16,1,0.06112558515333512,0.12199679017066956,-0.23244023,0.1062812,-0.38872143323059083,3
2026-08-25,TITAN,63,-1,-0.04792531112211419,0.13378876447677612,-0.08814335,0.1062812,-0.24442454869384767,3
2026-08-25,TITAN,67,-1,-0.10570587741658632,0.15516895055770874,0.44689775,0.1062812,0.2906165451324463,3
2026-08-25,TMCV,7,1,0.05134147520470024,0.4086586833000183,-0.47007203,0.1062812,-0.6263532310211182,3
2026-08-25,TMCV,11,1,0.04390659125590456,0.3340992033481598,-0.8456826,0.1062812,-1.0019638210021973,3
2026-08-25,TMCV,12,1,0.049247152637741244,0.3217534124851227,-0.522846,0.10628119999999998,-0.679127183505249,3
2026-08-25,TMCV,13,1,0.0562423472593536,0.36322176456451416,-0.13655424,0.1062812,-0.29283544118041993,3
2026-08-25,TMCV,14,1,0.06328534415054861,0.2773788869380951,-0.23084879,0.10628119999999998,-0.38712998921508784,3
2026-08-25,TMCV,15,1,0.0518665077531933,0.28152215480804443,-0.32494664,0.1062812,-0.4812278419219971,3
2026-08-25,TMCV,16,1,0.0754634400955265,0.2841256260871887,-0.12598634,0.10628119999999998,-0.2822675376617431,3
2026-08-25,TMCV,17,1,0.049764496403377545,0.29837116599082947,0.09468794,0.10628119999999998,-0.061593261309814434,3
2026-08-25,TMCV,67,-1,-0.08696396230151252,0.26113268733024597,-0.08404255,0.1062812,-0.2403237491333008,3
2026-08-25,TORNTPHARM,7,1,0.05403705644928248,0.2755279839038849,0.051271915,0.10628119999999998,-0.10500928456420897,3
2026-08-25,TORNTPHARM,8,1,0.04776127913435629,0.2646588981151581,0.23611784,0.1062812,0.0798366398132324,3
2026-08-25,TORNTPHARM,9,1,0.05899277514293706,0.2650775611400604,0.39042234,0.10628119999999998,0.23414114420776372,3
2026-08-25,TORNTPHARM,10,1,0.047458804310788714,0.29502642154693604,-0.030702353,0.1062812,-0.18698355252380372,3
2026-08-25,TORNTPHARM,11,1,0.050314071000773605,0.2797107398509979,-0.102335215,0.1062812,-0.2586164146148682,3
2026-08-25,TORNTPHARM,12,1,0.04409919664710115,0.2665807008743286,-0.12267232,0.1062812,-0.27895351941223145,3
2026-08-25,TORNTPHARM,13,1,0.05112534850681372,0.26173415780067444,0.020468235,0.10628119999999998,-0.13581296498413084,3
2026-08-25,TORNTPHARM,16,1,0.05111851124007449,0.20103220641613007,0.102329254,0.1062812,-0.053951945849609384,3
2026-08-25,TORNTPHARM,67,-1,-0.1242574984755436,0.15975140035152435,-0.75587034,0.1062812,-0.9121515422546387,3
2026-08-25,TORNTPOWER,7,1,0.05403418575564917,0.2530239522457123,-0.2258122,0.10628119999999998,-0.38209339673156734,3
2026-08-25,TORNTPOWER,14,1,0.047981348780440455,0.18359316885471344,0.22652149,0.10628119999999998,0.07024029200439455,3
2026-08-25,TORNTPOWER,16,1,0.06303974744108459,0.17456750571727753,0.21041632,0.1062812,0.054135116986083975,3
2026-08-25,TORNTPOWER,67,-1,-0.10463245568359596,0.10276197642087936,-0.048208237,0.10628119999999998,-0.2044894366943359,3
2026-08-25,TRENT,7,1,0.05134147520470024,0.4488503932952881,0.12700558,0.10628119999999998,-0.029275622912597637,3
2026-08-25,TRENT,9,1,0.04939132300421435,0.3944527804851532,0.39488077,0.1062812,0.23859957163696288,3
2026-08-25,TRENT,12,1,0.045194083284115,0.3292364478111267,0.15444756,0.1062812,-0.0018336444580078215,3
2026-08-25,TRENT,13,1,0.05862205258992759,0.3197227418422699,0.26794672,0.10628119999999998,0.11166552012329105,3
2026-08-25,TRENT,14,1,0.05349787096245171,0.2749885022640228,0.09598732,0.10628120000000002,-0.06029388005371096,3
2026-08-25,TRENT,16,1,0.05873094053474777,0.25407248735427856,-0.18126965,0.1062812,-0.337550845690918,3
2026-08-25,TRENT,67,-1,-0.12847329553385833,0.22127306461334229,0.037533045,0.1062812,-0.11874815518493653,3
2026-08-25,TVSMOTOR,7,1,0.05289459121792354,0.26308631896972656,-0.21098256,0.1062812,-0.3672637611114502,3
2026-08-25,TVSMOTOR,14,1,0.04402937488911102,0.2005917727947235,-0.0505507,0.10628119999999998,-0.20683189923400874,3
2026-08-25,TVSMOTOR,16,1,0.05558195910137352,0.17244786024093628,0.21153688,0.10628119999999998,0.05525568430786135,3
2026-08-25,TVSMOTOR,67,-1,-0.12444549700885789,0.1431533843278885,-0.19495487,0.1062812,-0.35123607213134767,3
2026-08-25,UBL,7,1,0.057899530920110354,0.433203786611557,1.6427875,0.1062812,1.4865062565124512,3
2026-08-25,UBL,10,1,0.04401067985821865,0.42852577567100525,1.1152387,0.1062812,0.9589574665344238,3
2026-08-25,UBL,13,1,0.0444666031863904,0.4029894769191742,-0.41416883,0.1062812,-0.5704500346862793,3
2026-08-25,UBL,14,1,0.04882090479370626,0.33157822489738464,-0.6051183,0.1062812,-0.7613994746887207,3
2026-08-25,UBL,16,1,0.06627947836044548,0.33466625213623047,-0.6861985,0.10628119999999998,-0.8424796729766846,3
2026-08-25,UBL,67,-1,-0.11969126740349277,0.15982870757579803,-0.72852373,0.1062812,-0.8848049312316895,3
2026-08-25,ULTRACEMCO,16,1,0.05340855510074116,0.12129732221364975,0.1567483,0.1062812,0.0004670948303222566,3
2026-08-25,ULTRACEMCO,67,-1,-0.11987926593680706,0.1664871871471405,0.03464818,0.10628119999999998,-0.12163301999206541,3
2026-08-25,UNIONBANK,7,1,0.058645816395733935,0.4224317967891693,0.44840574,0.1062812,0.29212454264526366,3
2026-08-25,UNIONBANK,8,1,0.05184199664802343,0.40540915727615356,0.316751,0.1062812,0.16046980326538085,3
2026-08-25,UNIONBANK,9,1,0.05497030445290394,0.37451550364494324,0.37665367,0.1062812,0.22037247126464843,3
2026-08-25,UNIONBANK,10,1,0.04996225120307534,0.3765407204627991,0.3809452,0.1062812,0.22466400568847655,3
2026-08-25,UNIONBANK,11,1,0.05150180750394438,0.3561055660247803,0.48455,0.1062812,0.32826879923706054,3
2026-08-25,UNIONBANK,12,1,0.04740630513999221,0.3389104902744293,1.1330247,0.10628119999999998,0.9767434925354004,3
2026-08-25,UNIONBANK,13,1,0.05776434958269018,0.3245513439178467,0.81158876,0.10628119999999998,0.6553075641906738,3
2026-08-25,UNIONBANK,14,1,0.04699843686600468,0.25780972838401794,0.73492527,0.1062812,0.5786440700805664,3
2026-08-25,UNIONBANK,16,1,0.05721568801743146,0.22840942442417145,0.89256763,0.10628119999999998,0.7362864345825195,3
2026-08-25,UNIONBANK,67,-1,-0.09682956933287844,0.19992972910404205,-0.6459236,0.1062812,-0.8022048145019531,3
2026-08-25,UNITDSPR,13,1,0.0447782188269758,0.21536053717136383,0.14848709,0.10628119999999998,-0.007794108935546856,3
2026-08-25,UNITDSPR,14,1,0.045399691416799094,0.19563797116279602,0.13530254,0.1062812,-0.02097865635986329,3
2026-08-25,UNITDSPR,16,1,0.05456142630023234,0.18043595552444458,0.1031518,0.1062812,-0.05312940175170899,3
2026-08-25,UNITDSPR,63,-1,-0.04382030727070704,0.12068963050842285,0.038838387,0.10628119999999998,-0.11744281346435545,3
2026-08-25,UNITDSPR,67,-1,-0.10482668952801474,0.1303742527961731,-0.64724684,0.1062812,-0.8035280376159668,3
2026-08-25,UNOMINDA,7,1,0.051421707800203775,0.3685886263847351,0.05595684,0.1062812,-0.10032435948486329,3
2026-08-25,UNOMINDA,8,1,0.04364163424607324,0.3464183211326599,0.15989542,0.1062812,0.0036142200744628816,3
2026-08-25,UNOMINDA,9,1,0.050728602263894786,0.3335482180118561,0.13594627,0.1062812,-0.02033492619628907,3
2026-08-25,UNOMINDA,10,1,0.06699193980509219,0.31864866614341736,0.08003712,0.1062812,-0.07624408299560548,3
2026-08-25,UNOMINDA,11,1,0.0668926490629912,0.30928483605384827,0.22400618,0.10628119999999998,0.06772497599487307,3
2026-08-25,UNOMINDA,12,1,0.05352590267432102,0.3025042414665222,-0.007992983,0.1062812,-0.1642741828643799,3
2026-08-25,UNOMINDA,13,1,0.05746953404570362,0.2899387776851654,-0.05595088,0.1062812,-0.2122320800506592,3
2026-08-25,UNOMINDA,14,1,0.04383052667885931,0.241425558924675,-0.375098,0.1062812,-0.5313791900360108,3
2026-08-25,UNOMINDA,16,1,0.07036332554159479,0.2412720024585724,-0.015980005,0.1062812,-0.17226120526428224,3
2026-08-25,UNOMINDA,63,-1,-0.04484717425269262,0.18280097842216492,0.32705665,0.1062812,0.1707754463470459,3
2026-08-25,UNOMINDA,67,-1,-0.11264064419399596,0.2092473804950714,-0.0079751015,0.10628119999999998,-0.16425630147094725,3
2026-08-25,UPL,7,1,0.05199444295272564,0.404386430978775,-0.4000306,0.10628120000000002,-0.5563118129455566,3
2026-08-25,UPL,9,1,0.0513778055524491,0.3708246946334839,-0.19159913,0.10628119999999998,-0.3478803306304931,3
2026-08-25,UPL,10,1,0.050739618822046584,0.356726735830307,-0.13084412,0.1062812,-0.2871253162109375,3
2026-08-25,UPL,11,1,0.049718735663156315,0.33714354038238525,-0.21798015,0.1062812,-0.37426134640808106,3
2026-08-25,UPL,12,1,0.052414159260567944,0.31875374913215637,-0.23547411,0.1062812,-0.3917553096496582,3
2026-08-25,UPL,13,1,0.06090104731959791,0.3074703514575958,-0.061124563,0.10628119999999998,-0.21740576321716304,3
2026-08-25,UPL,14,1,0.06320272698905517,0.2600710690021515,-0.061124563,0.10628119999999998,-0.21740576321716304,3
2026-08-25,UPL,16,1,0.04415602398069293,0.21503518521785736,0.14839172,0.1062812,-0.007889476367187509,3
2026-08-25,UPL,67,-1,-0.08491182084433088,0.25897324085235596,-0.2656579,0.1062812,-0.421939101763916,3
2026-08-25,VBL,7,1,0.05274810107449873,0.4515264332294464,0.87372065,0.10628119999999998,0.717439445904541,3
2026-08-25,VBL,8,1,0.04364163424607324,0.4277477562427521,0.2675295,0.1062812,0.11124828760986326,3
2026-08-25,VBL,9,1,0.049520199221446064,0.4468229115009308,0.5820751,0.10628119999999998,0.42579391901855473,3
2026-08-25,VBL,10,1,0.05230117602424649,0.4469197392463684,0.25628805,0.10628119999999998,0.10000685160522464,3
2026-08-25,VBL,11,1,0.06331982871846766,0.43158718943595886,0.32650232,0.1062812,0.17022112315063476,3
2026-08-25,VBL,12,1,0.05760354566280156,0.4166965186595917,0.12812614,0.10628119999999998,-0.028155055590820294,3
2026-08-25,VBL,13,1,0.0575649042566809,0.40348076820373535,0.13973713,0.10628119999999998,-0.0165440707885742,3
2026-08-25,VBL,14,1,0.0539546838597671,0.42565155029296875,-0.6582737,0.10628119999999998,-0.8145548968994141,3
2026-08-25,VBL,15,1,0.04734545999756254,0.4242631196975708,-0.24356842,0.1062812,-0.39984962041015626,3
2026-08-25,VBL,16,1,0.0786650782959135,0.44725558161735535,-0.38180947,0.1062812,-0.5380906730377197,3
2026-08-25,VBL,17,1,0.06360656893158753,0.4523422420024872,0.12786388,0.1062812,-0.02841731602783204,3
2026-08-25,VBL,21,1,0.0446098373950854,0.39691805839538574,0.7209301,0.1062812,0.5646488994873047,3
2026-08-25,VBL,67,-1,-0.056644119986461114,0.3228084146976471,-0.7359743,0.10628119999999998,-0.8922555118286133,3
2026-08-25,VEDL,7,1,0.05752090416481223,0.38300034403800964,-0.16413927,0.1062812,-0.3204204707824707,3
2026-08-25,VEDL,8,1,0.04621653367724172,0.3624061346054077,0.09111166,0.10628119999999998,-0.06516953999633787,3
2026-08-25,VEDL,9,1,0.051306769650175554,0.34061843156814575,0.03644228,0.10628119999999998,-0.11983892018432615,3
2026-08-25,VEDL,10,1,0.05766542614464674,0.3210691809654236,-0.18205047,0.10628119999999998,-0.33833166653747554,3
2026-08-25,VEDL,11,1,0.06441785664175716,0.3145506680011749,0.12763739,0.1062812,-0.028643813677978525,3
2026-08-25,VEDL,12,1,0.0648226980291294,0.30578362941741943,0.0182271,0.1062812,-0.13805409962768556,3
2026-08-25,VEDL,13,1,0.07654011807547216,0.3161821663379669,0.4207015,0.10628119999999998,0.26442030375366216,3
2026-08-25,VEDL,14,1,0.07851794838672752,0.27663254737854004,0.25566816,0.10628119999999998,0.09938696329956058,3
2026-08-25,VEDL,15,1,0.05340531216471568,0.2756757140159607,0.2366662,0.10628119999999998,0.08038500254516605,3
2026-08-25,VEDL,16,1,0.09073515214004696,0.26411640644073486,0.05464554,0.1062812,-0.10163566166992188,3
2026-08-25,VEDL,67,-1,-0.12526163778920552,0.1530533879995346,0.12711287,0.1062812,-0.029168334552001962,3
2026-08-25,VOLTAS,13,1,0.048495375743351235,0.20938517153263092,-0.0649631,0.1062812,-0.22124430234069825,3
2026-08-25,VOLTAS,14,1,0.04754738582043268,0.16823172569274902,0.048708916,0.10628119999999998,-0.10757228428955076,3
2026-08-25,VOLTAS,16,1,0.0683162855688559,0.15851180255413055,0.30885935,0.10628119999999998,0.1525781482971192,3
2026-08-25,VOLTAS,63,-1,-0.046730863393887136,0.11207667738199234,-0.40433407,0.1062812,-0.5606152682983399,3
2026-08-25,VOLTAS,67,-1,-0.12291631543364995,0.1147446259856224,-0.3309369,0.10628119999999998,-0.4872181087219238,3
2026-08-25,WIPRO,6,1,0.045903307475431206,0.3232666850090027,-0.12229085,0.10628119999999998,-0.2785720496856689,3
2026-08-25,WIPRO,7,1,0.0667845060683433,0.3199771046638489,-0.055640936,0.1062812,-0.21192213589782716,3
2026-08-25,WIPRO,8,1,0.0538044676778455,0.3112836480140686,-0.13897419,0.1062812,-0.2952553897583008,3
2026-08-25,WIPRO,9,1,0.05345618661365966,0.3021543622016907,-0.28325915,0.1062812,-0.4395403533660889,3
2026-08-25,WIPRO,10,1,0.05287276555374955,0.2836797535419464,-0.30539036,0.1062812,-0.4616715579711914,3
2026-08-25,WIPRO,11,1,0.06350063587842723,0.26469650864601135,-0.26099682,0.1062812,-0.4172780185424805,3
2026-08-25,WIPRO,13,1,0.05032181625019195,0.2508414685726166,-0.027817488,0.1062812,-0.1840986877166748,3
2026-08-25,WIPRO,14,1,0.047630113549345474,0.21277283132076263,0.005567074,0.10628119999999998,-0.1507141261779785,3
2026-08-25,WIPRO,16,1,0.06010662620836881,0.18419988453388214,-0.116962194,0.10628119999999998,-0.273243394442749,3
2026-08-25,WIPRO,67,-1,-0.1284896743548592,0.1274939775466919,-0.44059753,0.10628119999999998,-0.5968787341796875,3
2026-08-25,YESBANK,7,1,0.05846338593180199,0.3598293960094452,-0.22143126,0.10628120000000002,-0.3777124553405762,3
2026-08-25,YESBANK,8,1,0.049025498114554526,0.33475926518440247,-0.17722249,0.1062812,-0.33350369031066895,3
2026-08-25,YESBANK,9,1,0.0615363037308189,0.3147142231464386,-0.17729998,0.1062812,-0.33358117634887696,3
2026-08-25,YESBANK,10,1,0.0614880967994567,0.2981923222541809,-0.13309717,0.10628119999999998,-0.2893783717834472,3
2026-08-25,YESBANK,11,1,0.05710597398329672,0.2918119430541992,-0.088733435,0.10628119999999998,-0.24501463467712398,3
2026-08-25,YESBANK,12,1,0.06322022296866882,0.28350603580474854,0.13320446,0.10628119999999998,-0.023076739855957012,3
2026-08-25,YESBANK,13,1,0.06372084731791207,0.2758205533027649,0.08884668,0.1062812,-0.06743451649780274,3
2026-08-25,YESBANK,16,1,0.058807918091710376,0.180790975689888,0.044429302,0.1062812,-0.11185189778442384,3
2026-08-25,YESBANK,63,-1,-0.04881362121879239,0.18095168471336365,-0.26677847,0.1062812,-0.42305966908569337,3
2026-08-25,YESBANK,67,-1,-0.11954380917062114,0.20607370138168335,0.08881092,0.10628119999999998,-0.06747027928466795,3
2026-08-25,ZYDUSLIFE,12,1,0.04386385456845076,0.19583328068256378,-0.2646029,0.1062812,-0.4208840995513916,3
2026-08-25,ZYDUSLIFE,13,1,0.04686169865242954,0.18851780891418457,-0.036543608,0.1062812,-0.192824807711792,3
2026-08-25,ZYDUSLIFE,16,1,0.06310948411432829,0.1572917252779007,0.3286481,0.1062812,0.17236689036254882,3
2026-08-25,ZYDUSLIFE,63,-1,-0.04727323273742486,0.1923585832118988,-0.394547,0.1062812,-0.5508281856262207,3
2026-08-25,ZYDUSLIFE,67,-1,-0.12429803877598626,0.19987234473228455,-0.8610606,0.1062812,-1.017341819354248,3
2026-08-26,360ONE,3,1,0.05297061342594143,0.5133735537528992,0.3477335,0.10628119999999998,0.19145229761962895,3
2026-08-26,360ONE,4,1,0.07394005372595487,0.4647332727909088,0.15702248,0.1062812,0.0007412761962890535,3
2026-08-26,360ONE,13,1,0.04885022776597666,0.28936952352523804,-0.20626783,0.1062812,-0.3625490337097168,3
2026-08-26,3MINDIA,3,1,0.04531096044775497,0.34094277024269104,-0.14781952,0.1062812,-0.30410071904296876,3
2026-08-26,3MINDIA,4,1,0.0738322947268434,0.33170443773269653,0.1482606,0.1062812,-0.008020606585693368,3
2026-08-26,3MINDIA,5,1,0.043445416552718795,0.33057036995887756,-0.14781952,0.1062812,-0.30410071904296876,3
2026-08-26,3MINDIA,13,1,0.04413061877461789,0.19682539999485016,-0.56296587,0.10628119999999998,-0.7192470699035645,3
2026-08-26,3MINDIA,42,-1,-0.046776978084614215,0.11611803621053696,0.16405582,0.10628119999999998,0.007774624279785175,3
2026-08-26,ABB,4,1,0.07120126062715237,0.4986979067325592,-0.5143225,0.1062812,-0.6706037193023682,3
2026-08-26,ABB,12,1,0.0471368405605274,0.4236007630825043,-0.49783587,0.1062812,-0.6541170745574951,3
2026-08-26,ABB,13,1,0.059021835420203554,0.423395037651062,-0.14438629,0.1062812,-0.30066749150390626,3
2026-08-26,ABB,15,1,0.044687495972523285,0.31631311774253845,-0.026279688,0.10628120000000002,-0.18256088788146974,3
2026-08-26,ABB,16,1,0.043476586816730396,0.31828567385673523,0.15796423,0.1062812,0.0016830295837402254,3
2026-08-26,ABBOTINDIA,4,1,0.07032425758091723,0.3323262929916382,0.34052134,0.10628119999999998,0.1842401356018067,3
2026-08-26,ABBOTINDIA,13,1,0.050774498417400546,0.2948700785636902,0.018846989,0.10628120000000002,-0.1374342113220215,3
2026-08-26,ABBOTINDIA,42,-1,-0.04619729972737392,0.15592236816883087,-0.11291504,0.1062812,-0.2691962390625,3
2026-08-26,ABCAPITAL,4,1,0.07041207814641251,0.393246054649353,-0.19299984,0.1062812,-0.34928103978271485,3
2026-08-26,ABCAPITAL,5,1,0.04323761522208135,0.414316326379776,-0.6606579,0.1062812,-0.8169390826904297,3
2026-08-26,ABCAPITAL,13,1,0.0492112262259406,0.301860511302948,0.0,0.10628119999999998,-0.15628119999999998,3
2026-08-26,ABCAPITAL,42,-1,-0.045933518100758165,0.16062042117118835,0.35244823,0.1062812,0.1961670250213623,3
2026-08-26,ACC,4,1,0.05880403417597561,0.25816065073013306,0.060725212,0.1062812,-0.09555598790283204,3
2026-08-26,ACC,12,1,0.0516745465511924,0.2790074646472931,0.076043606,0.10628119999999998,-0.08023759419555662,3
2026-08-26,ACC,13,1,0.059153149481331616,0.2762911915779114,0.0,0.10628119999999995,-0.15628119999999995,3
2026-08-26,ACC,42,-1,-0.043850848320187666,0.19842824339866638,-0.18017292,0.10628119999999998,-0.33645412022705073,3
2026-08-26,ADANIENSOL,3,1,0.06430740179021908,0.8340072631835938,0.5416155,0.1062812,0.3853342861450195,3
2026-08-26,ADANIENSOL,4,1,0.0978297758546952,0.8944188356399536,-0.50511956,0.10628119999999998,-0.6614007621490479,3
2026-08-26,ADANIENSOL,5,1,0.07291676677198537,0.809260368347168,-0.9529054,0.1062812,-1.1091866164886475,3
2026-08-26,ADANIENSOL,12,1,0.04628718653372796,0.6259464621543884,-0.16753078,0.10628119999999998,-0.3238119750701904,3
2026-08-26,ADANIENSOL,15,1,0.04611291525206302,0.47450295090675354,-0.09329915,0.10628119999999998,-0.2495803504669189,3
2026-08-26,ADANIENSOL,16,1,0.045903535715395426,0.4567132592201233,-0.043582916,0.1062812,-0.19986411625976563,3
2026-08-26,ADANIENSOL,42,-1,-0.04716539222094845,0.17464885115623474,0.27444363,0.1062812,0.11816242640380857,3
2026-08-26,ADANIENT,4,1,0.07070569228828578,0.6064660549163818,-0.22568703,0.10628119999999998,-0.381968226977539,3
2026-08-26,ADANIENT,42,-1,-0.04426944331408411,0.1740654855966568,-0.17906427,0.1062812,-0.3353454738342285,3
2026-08-26,ADANIGREEN,3,1,0.04387906455424495,0.7633025646209717,-0.6881058,0.1062812,-0.8443870216094971,3
2026-08-26,ADANIGREEN,4,1,0.07874011867191737,0.7398046255111694,-1.0123551,0.1062812,-1.168636289187622,3
2026-08-26,ADANIGREEN,5,1,0.049901463110822074,0.7051001787185669,-1.1775255,0.1062812,-1.333806720324707,3
2026-08-26,ADANIGREEN,12,1,0.05581862716544667,0.5656108856201172,-0.18862486,0.1062812,-0.3449060588562012,3
2026-08-26,ADANIGREEN,13,1,0.05472944989019326,0.5458036065101624,-0.15086532,0.1062812,-0.3071465163909912,3
2026-08-26,ADANIGREEN,15,1,0.053297759341255295,0.4309549033641815,-0.037777424,0.10628119999999998,-0.19405862385864253,3
2026-08-26,ADANIGREEN,16,1,0.045686386298575646,0.411060631275177,-0.14351606,0.10628119999999998,-0.2997972636901855,3
2026-08-26,ADANIGREEN,42,-1,-0.04768902406269849,0.1569039672613144,0.07573962,0.10628119999999998,-0.08054157788391111,3
2026-08-26,ADANIPORTS,4,1,0.06923150460522683,0.42991846799850464,-0.93735456,0.10628119999999998,-1.093635764666748,3
2026-08-26,ADANIPORTS,12,1,0.062395983410752455,0.3219081461429596,-0.2590537,0.1062812,-0.41533490712280274,3
2026-08-26,ADANIPORTS,13,1,0.0765555010196724,0.3171880543231964,-0.041276217,0.10628119999999998,-0.19755741650695796,3
2026-08-26,ADANIPORTS,15,1,0.04752233460663593,0.2582668662071228,0.38404465,0.1062812,0.22776344721679687,3
2026-08-26,ADANIPORTS,42,-1,-0.04768902406269849,0.13955216109752655,-0.07083416,0.10628119999999998,-0.22711535985107417,3
2026-08-26,ADANIPOWER,3,1,0.04358374769564831,0.6681146025657654,0.77468157,0.10628119999999998,0.6184003681457519,3
2026-08-26,ADANIPOWER,4,1,0.07207690564884434,0.7184867858886719,0.028467178,0.1062812,-0.12781402165527345,3
2026-08-26,ADANIPOWER,5,1,0.04768318853984891,0.6928675770759583,-0.56711435,0.10628119999999998,-0.7233955531799316,3
2026-08-26,ADANIPOWER,12,1,0.044431942462035905,0.5867934226989746,-0.2899766,0.1062812,-0.4462577968322754,3
2026-08-26,ADANIPOWER,13,1,0.0464627083866837,0.5638458728790283,-0.23310184,0.1062812,-0.38938304478759767,3
2026-08-26,ADANIPOWER,15,1,0.046046729278131505,0.4805024564266205,-0.10012388,0.1062812,-0.2564050822937012,3
2026-08-26,ADANIPOWER,42,-1,-0.04684556407884244,0.12047435343265533,0.2156198,0.1062812,0.05933860247497558,3
2026-08-26,AIAENG,3,1,0.045539939575715525,0.284832626581192,-0.27099848,0.1062812,-0.427279677935791,3
2026-08-26,AIAENG,4,1,0.06008962089162335,0.2692536413669586,-0.33407807,0.1062812,-0.4903592735015869,3
2026-08-26,AIAENG,42,-1,-0.046776978084614215,0.12325303256511688,0.044727325,0.1062812,-0.11155387456054688,3
2026-08-26,AJANTPHARM,3,1,0.07084309878874342,0.6596393585205078,0.5278468,0.10628119999999998,0.37156561320190434,3
2026-08-26,AJANTPHARM,4,1,0.08050088016823126,0.5580333471298218,0.6749511,0.1062812,0.5186698765075684,3
2026-08-26,AJANTPHARM,5,1,0.06519090564499873,0.4967172145843506,0.5000591,0.1062812,0.3437779278076172,3
2026-08-26,AJANTPHARM,12,1,0.05204752442120089,0.36479634046554565,0.23345947,0.10628119999999998,0.07717827265625003,3
2026-08-26,AJANTPHARM,13,1,0.05333809553428899,0.3601263463497162,-0.114929676,0.1062812,-0.2712108760559082,3
2026-08-26,ALKEM,4,1,0.07252898010299895,0.4089254140853882,0.11203289,0.10628119999999998,-0.04424830968017576,3
2026-08-26,ALKEM,5,1,0.044596748321543415,0.37984931468963623,-0.065386295,0.1062812,-0.22166749531860352,3
2026-08-26,ALKEM,12,1,0.05369098909796312,0.2839949131011963,0.028038025,0.1062812,-0.12824317509765626,3
2026-08-26,ALKEM,13,1,0.059266068087027474,0.2701837122440338,-0.028020144,0.10628119999999998,-0.1843013435089111,3
2026-08-26,ALKEM,42,-1,-0.04426944331408411,0.10909723490476608,-0.07492304,0.10628119999999998,-0.23120423848266597,3
2026-08-26,AMBUJACEM,4,1,0.0698956272009593,0.35933980345726013,0.56654215,0.1062812,0.4102609485900879,3
2026-08-26,AMBUJACEM,5,1,0.044002945236980257,0.3375944197177887,0.36153793,0.10628119999999998,0.20525673334960942,3
2026-08-26,AMBUJACEM,12,1,0.04812462384395198,0.3491469919681549,0.024020672,0.1062812,-0.1322605281555176,3
2026-08-26,AMBUJACEM,13,1,0.0529845735027624,0.33911454677581787,0.07209778,0.10628119999999998,-0.08418342167968748,3
2026-08-26,AMBUJACEM,42,-1,-0.044087673918335984,0.22485829889774323,-0.23764372,0.1062812,-0.39392491871948243,3
2026-08-26,AMBUJACEM,67,1,0.04834964077505201,0.24117031693458557,-0.7223189,0.10628119999999998,-0.8786000877105713,3
2026-08-26,APARINDS,3,1,0.053509194290581576,0.5508749485015869,-0.22972226,0.1062812,-0.386003461428833,3
2026-08-26,APARINDS,4,1,0.07491133080009632,0.4796982705593109,-0.09429455,0.1062812,-0.250575748034668,3
2026-08-26,APARINDS,5,1,0.051224537359161694,0.44361817836761475,0.0531435,0.1062812,-0.10313769871826173,3
2026-08-26,APARINDS,12,1,0.049132665864836104,0.31958597898483276,0.4366517,0.10628119999999998,0.2803705066955567,3
2026-08-26,APARINDS,13,1,0.07095844561111035,0.316522479057312,0.8156538,0.10628119999999998,0.6593726009643555,3
2026-08-26,APARINDS,65,1,0.04370849653966649,0.2771706283092499,-0.7038951,0.1062812,-0.8601762920104981,3
2026-08-26,APARINDS,67,1,0.05397347687977084,0.3047841191291809,-0.5830884,0.1062812,-0.7393695979797363,3
2026-08-26,APLAPOLLO,4,1,0.07423373479909694,0.355034202337265,-0.032782555,0.1062812,-0.18906375462646485,3
2026-08-26,APLAPOLLO,13,1,0.048186567439987414,0.2449229508638382,-0.023394823,0.10628119999999998,-0.17967602307434077,3
2026-08-26,APLAPOLLO,42,-1,-0.04564625220925359,0.17257213592529297,-0.037384033,0.10628119999999998,-0.19366523320312495,3
2026-08-26,APOLLOHOSP,4,1,0.07554113006369303,0.41536274552345276,0.24477243,0.1062812,0.08849123423461912,3
2026-08-26,APOLLOHOSP,5,1,0.04843243489391418,0.372921884059906,-0.0056922436,0.1062812,-0.1619734435760498,3
2026-08-26,APOLLOHOSP,12,1,0.062327460728768984,0.29914286732673645,0.7519245,0.1062812,0.5956433147705078,3
2026-08-26,APOLLOHOSP,13,1,0.07646670347559768,0.28706422448158264,0.71156025,0.1062812,0.5552790493286133,3
2026-08-26,APOLLOHOSP,28,-1,-0.043770798144249876,0.1479146033525467,0.119143724,0.10628119999999998,-0.03713747555847166,3
2026-08-26,APOLLOHOSP,42,-1,-0.04540816855720353,0.09050324559211731,0.051140785,0.10628119999999998,-0.10514041478271482,3
2026-08-26,APOLLOTYRE,4,1,0.07643021365710809,0.4134189188480377,0.20329952,0.1062812,0.047018322399902335,3
2026-08-26,APOLLOTYRE,5,1,0.04330142595776927,0.3576134145259857,0.05646944,0.10628119999999998,-0.0998117595397949,3
2026-08-26,APOLLOTYRE,42,-1,-0.047034544017192995,0.123542919754982,0.1809597,0.1062812,0.02467850153808593,3
2026-08-26,ASHOKLEY,4,1,0.07071708831376274,0.46864208579063416,0.016987324,0.1062812,-0.13929387623901368,3
2026-08-26,ASHOKLEY,12,1,0.048828935691343195,0.4825683832168579,0.23239851,0.1062812,0.07611730997924802,3
2026-08-26,ASHOKLEY,13,1,0.05461348634930874,0.4711903929710388,0.40316582,0.1062812,0.24688461726074218,3
2026-08-26,ASHOKLEY,15,1,0.04542204901817347,0.39887580275535583,0.5221009,0.10628119999999998,0.3658197254455567,3
2026-08-26,ASIANPAINT,4,1,0.06923150460522683,0.34095168113708496,-0.5095005,0.10628120000000002,-0.6657817035400391,3
2026-08-26,ASIANPAINT,42,-1,-0.04768902406269849,0.09682668745517731,0.045323372,0.1062812,-0.11095782811279298,3
2026-08-26,ASTRAL,3,1,0.04341048848382135,0.5266268849372864,0.58208704,0.10628120000000002,0.42580583994750976,3
2026-08-26,ASTRAL,4,1,0.06948961385198947,0.4833773672580719,0.7189512,0.10628119999999998,0.5626700252807617,3
2026-08-26,ASTRAL,5,1,0.04826944112629072,0.4312058389186859,0.53573847,0.1062812,0.379457268170166,3
2026-08-26,ASTRAL,42,-1,-0.045152320326429345,0.1312629133462906,-0.14392138,0.1062812,-0.3002025752746582,3
2026-08-26,ATGL,4,1,0.061510860900870906,0.599384069442749,-0.077039,0.1062812,-0.2333202033721924,3
2026-08-26,ATGL,12,1,0.04812462384395198,0.42655783891677856,0.03862381,0.1062812,-0.11765739018554688,3
2026-08-26,ATGL,13,1,0.051134616598398366,0.4166620373725891,-0.0077188015,0.1062812,-0.1640000014984131,3
2026-08-26,ATGL,15,1,0.04494569040078601,0.33521875739097595,0.1778245,0.1062812,0.02154329722290038,3
2026-08-26,ATGL,42,-1,-0.04330024700644099,0.11764728277921677,-0.046360493,0.10628119999999998,-0.20264169270629878,3
2026-08-26,AUBANK,4,1,0.07252898010299895,0.387728750705719,-0.02669692,0.1062812,-0.18297812039489747,3
2026-08-26,AUBANK,5,1,0.045338824455496016,0.36898764967918396,-0.2222836,0.10628119999999998,-0.3785648017608642,3
2026-08-26,AUBANK,12,1,0.06354475151088954,0.2762434482574463,0.2050519,0.1062812,0.04877069895629882,3
2026-08-26,AUBANK,13,1,0.07084162591657021,0.2661779224872589,0.16047955,0.1062812,0.00419834559326171,3
2026-08-26,AUBANK,42,-1,-0.045675952168179386,0.14478379487991333,-0.04466772,0.1062812,-0.20094892079467774,3
2026-08-26,AUROPHARMA,4,1,0.07602156459050954,0.5605420470237732,0.60848,0.1062812,0.4521987766540528,3
2026-08-26,AUROPHARMA,12,1,0.044519763027531196,0.3857695162296295,-0.26319027,0.1062812,-0.41947146947021485,3
2026-08-26,AUROPHARMA,13,1,0.05332318349363277,0.37587088346481323,-0.08581877,0.1062812,-0.24209996754760743,3
2026-08-26,AUROPHARMA,15,1,0.04402923678354671,0.2936922013759613,-0.116574764,0.10628119999999998,-0.27285596425170894,3
2026-08-26,AWL,3,1,0.06810920464213165,0.8118970394134521,0.06457567,0.10628119999999998,-0.09170552785034178,3
2026-08-26,AWL,4,1,0.0723167578215262,0.7224371433258057,0.08929968,0.1062812,-0.06698152119750977,3
2026-08-26,AWL,5,1,0.0497801373489593,0.6346694827079773,0.17365217,0.1062812,0.017370972088623038,3
2026-08-26,AWL,13,1,0.0451209248769327,0.4147713780403137,-1.0514379,0.10628119999999998,-1.2077190547668457,3
2026-08-26,AWL,15,1,0.04723879928018752,0.3244655132293701,-0.77993274,0.10628119999999998,-0.9362139373504639,3
2026-08-26,AWL,42,-1,-0.046142851098755336,0.21725799143314362,-0.29991865,0.1062812,-0.45619985158081056,3
2026-08-26,AWL,67,1,0.047047821403447675,0.2599146068096161,-0.0049591064,0.1062812,-0.1612403064453125,3
2026-08-26,AXISBANK,4,1,0.07215499949949371,0.3485916256904602,-0.12851357,0.1062812,-0.28479477460021974,3
2026-08-26,AXISBANK,42,-1,-0.04557746910143452,0.138304203748703,-0.023913383,0.1062812,-0.18019458348388673,3
2026-08-26,BAJAJ-AUTO,4,1,0.059823065813676836,0.3166049122810364,0.37043095,0.1062812,0.21414974635009765,3
2026-08-26,BAJAJ-AUTO,5,1,0.043925278622222196,0.32328492403030396,-0.16792417,0.1062812,-0.324205365725708,3
2026-08-26,BAJAJ-AUTO,13,1,0.05327422316071743,0.24350649118423462,-0.025242567,0.1062812,-0.18152376706237794,3
2026-08-26,BAJAJ-AUTO,42,-1,-0.04920692668030022,0.16171589493751526,-0.14469624,0.1062812,-0.3009774356567383,3
2026-08-26,BAJAJFINSV,3,1,0.04363169974229534,0.3637392818927765,0.42705536,0.10628119999999998,0.2707741588867188,3
2026-08-26,BAJAJFINSV,4,1,0.07411236412705656,0.34407487511634827,0.24781227,0.10628119999999998,0.0915310711181641,3
2026-08-26,BAJAJFINSV,5,1,0.04326370383465373,0.3407922089099884,-0.4603982,0.1062812,-0.6166793971740723,3
2026-08-26,BAJAJFINSV,12,1,0.05429541264956034,0.30031639337539673,0.074625015,0.10628119999999998,-0.08165618474121092,3
2026-08-26,BAJAJFINSV,13,1,0.06843292431178893,0.2958851754665375,0.25889874,0.1062812,0.1026175350463867,3
2026-08-26,BAJAJHLDNG,4,1,0.07518796267632841,0.4817582368850708,0.36059618,0.1062812,0.2043149799621582,3
2026-08-26,BAJAJHLDNG,5,1,0.04461433845527258,0.4164833426475525,0.31673908,0.1062812,0.16045788233642577,3
2026-08-26,BAJAJHLDNG,12,1,0.05111405186489865,0.2941454350948334,-0.035083294,0.10628119999999998,-0.19136449391479488,3
2026-08-26,BAJAJHLDNG,13,1,0.05968107853191027,0.27682095766067505,-0.05262494,0.1062812,-0.2089061408721924,3
2026-08-26,BAJAJHLDNG,42,-1,-0.04564625220925359,0.16754308342933655,-0.27247667,0.1062812,-0.4287578731262207,3
2026-08-26,BAJFINANCE,4,1,0.07181550696012454,0.3828544318675995,-0.29311776,0.10628120000000002,-0.4493989616119385,3
2026-08-26,BAJFINANCE,5,1,0.046594516803275754,0.37145328521728516,-0.6941974,0.10628120000000002,-0.850478616305542,3
2026-08-26,BAJFINANCE,12,1,0.0548390255198806,0.2865520715713501,0.036776066,0.10628119999999998,-0.11950513417358397,3
2026-08-26,BAJFINANCE,13,1,0.06387720825333695,0.2809511125087738,0.3132224,0.1062812,0.15694120829467773,3
2026-08-26,BALKRISIND,4,1,0.073825098235552,0.4811691641807556,-0.20644069,0.1062812,-0.36272188717956544,3
2026-08-26,BALKRISIND,12,1,0.05531131913801965,0.4279117286205292,0.22866726,0.1062812,0.07238605921630858,3
2026-08-26,BALKRISIND,13,1,0.060181217471957794,0.41509580612182617,0.45745373,0.1062812,0.30117252772216796,3
2026-08-26,BALKRISIND,15,1,0.048108454880443026,0.34353482723236084,0.11854172,0.10628119999999998,-0.037739482470703106,3
2026-08-26,BALKRISIND,42,-1,-0.04382387884819104,0.1987142562866211,1.6941249,0.1062812,1.537843737057495,3
2026-08-26,BANKBARODA,4,1,0.07832547849447179,0.47856852412223816,-0.3681183,0.1062812,-0.5243994861328125,3
2026-08-26,BANKBARODA,12,1,0.05053551896917128,0.2970860004425049,0.03697872,0.1062812,-0.11930247838134767,3
2026-08-26,BANKBARODA,13,1,0.05803694625101777,0.2863490879535675,0.08635521,0.1062812,-0.06992599064941407,3
2026-08-26,BANKBARODA,42,-1,-0.04703116119543353,0.09842521697282791,0.2993703,0.1062812,0.14308908884887694,3
2026-08-26,BANKINDIA,4,1,0.07698816189790939,0.7170053124427795,-0.49622655,0.10628119999999998,-0.6525077491485596,3
2026-08-26,BANKINDIA,5,1,0.05098644584305483,0.6969369649887085,-0.93515515,0.1062812,-1.0914363532745361,3
2026-08-26,BANKINDIA,12,1,0.048599820235384186,0.47619813680648804,0.10261536,0.10628120000000002,-0.05366584355468752,3
2026-08-26,BANKINDIA,13,1,0.05063058616003198,0.44994020462036133,0.0752449,0.10628119999999998,-0.08103629643554686,3
2026-08-26,BANKINDIA,15,1,0.043557560861857324,0.34643954038619995,-0.3270507,0.10628120000000002,-0.48333188588256837,3
2026-08-26,BANKINDIA,42,-1,-0.045152320326429345,0.11984719336032867,0.4107356,0.1062812,0.2544544071472168,3
2026-08-26,BDL,3,1,0.06272470288594753,0.9244683980941772,0.56979656,0.10628119999999998,0.41351536219482427,3
2026-08-26,BDL,4,1,0.07775536946044076,0.8213666081428528,0.50866604,0.1062812,0.3523848385131836,3
2026-08-26,BDL,5,1,0.06379851606438665,0.727183997631073,0.7249594,0.1062812,0.5686781734741211,3
2026-08-26,BDL,7,1,0.04618571857673936,0.6413869261741638,1.5580535,0.10628119999999998,1.4017722934997559,3
2026-08-26,BDL,12,1,0.050894813578214855,0.5576463341712952,-0.059336424,0.10628119999999998,-0.21561762387390132,3
2026-08-26,BDL,13,1,0.05605854064348725,0.5343778133392334,-0.12604594,0.1062812,-0.28232714230651856,3
2026-08-26,BDL,15,1,0.04798466283235561,0.5132184028625488,-0.2657771,0.10628119999999998,-0.42205831105346675,3
2026-08-26,BDL,16,1,0.04884753480323782,0.4197324216365814,0.19273758,0.10628119999999998,0.036456379345703144,3
2026-08-26,BDL,67,1,0.05144551615264434,0.16884490847587585,0.10281801,0.1062812,-0.05346318776245118,3
2026-08-26,BEL,4,1,0.06233449013397785,0.30754148960113525,-0.21967888,0.1062812,-0.3759600787841797,3
2026-08-26,BEL,13,1,0.05913084458247303,0.20120671391487122,0.073480606,0.1062812,-0.08280059392089845,3
2026-08-26,BEL,42,-1,-0.04379417888926525,0.08120948076248169,-0.04889965,0.1062812,-0.20518085057373048,3
2026-08-26,BERGEPAINT,4,1,0.07826092942277287,0.43704283237457275,0.20577908,0.1062812,0.049497875622558585,3
2026-08-26,BERGEPAINT,13,1,0.04724508057199799,0.26833027601242065,-0.13689399,0.1062812,-0.29317518765563966,3
2026-08-26,BHARATFORG,4,1,0.0604636185492493,0.2885042428970337,-0.0049054623,0.1062812,-0.16118666226501466,3
2026-08-26,BHARATFORG,12,1,0.0574497462572672,0.25159814953804016,-0.15759468,0.10628120000000002,-0.3138758807861328,3
2026-08-26,BHARATFORG,13,1,0.07030490269489746,0.2498045414686203,0.064110756,0.1062812,-0.09217044407958985,3
2026-08-26,BHARATFORG,42,-1,-0.04401187738150533,0.15879268944263458,-0.0,0.1062812,-0.1562812,3
2026-08-26,BHARTIARTL,4,1,0.06499752257575117,0.3151003420352936,0.005197525,0.1062812,-0.15108367497558595,3
2026-08-26,BHARTIARTL,12,1,0.04526368841558853,0.2263275533914566,-0.14554858,0.1062812,-0.3018297820770264,3
2026-08-26,BHARTIARTL,13,1,0.06323966912072733,0.2282690554857254,0.06766319,0.10628119999999995,-0.08861800725097652,3
2026-08-26,BHARTIARTL,28,-1,-0.045229402618120765,0.14742161333560944,0.04169345,0.1062812,-0.11458775097961427,3
2026-08-26,BHARTIARTL,42,-1,-0.0444686722084862,0.07534392923116684,0.1305461,0.10628119999999998,-0.025735107012939434,3
2026-08-26,BHEL,4,1,0.0713236758644756,0.6002146601676941,-0.20245314,0.10628119999999998,-0.35873433644409175,3
2026-08-26,BHEL,5,1,0.04346829775182901,0.5415374636650085,-0.5474925,0.1062812,-0.7037737041198731,3
2026-08-26,BHEL,12,1,0.048828935691343195,0.38664010167121887,0.07183552,0.10628119999999998,-0.0844456821166992,3
2026-08-26,BHEL,13,1,0.055794985641745225,0.38080352544784546,0.3955841,0.10628119999999998,0.23930290644531255,3
2026-08-26,BHEL,42,-1,-0.044123390942238674,0.1419515460729599,-0.21549463,0.10628119999999998,-0.3717758327209472,3
2026-08-26,BIOCON,4,1,0.0714545085001606,0.35268598794937134,0.095939636,0.10628119999999998,-0.06034156376953123,3
2026-08-26,BIOCON,5,1,0.04607806585782255,0.32722702622413635,-0.23943782,0.10628119999999998,-0.39571901852722163,3
2026-08-26,BIOCON,12,1,0.04740114302300404,0.2557015120983124,0.07200241,0.10628119999999995,-0.08427878911132808,3
2026-08-26,BIOCON,13,1,0.04385538840917878,0.2516167163848877,-0.11981726,0.10628119999999998,-0.2760984569274902,3
2026-08-26,BLUESTARCO,4,1,0.07067802611866425,0.41428130865097046,0.09324551,0.1062812,-0.06303569371337892,3
2026-08-26,BLUESTARCO,5,1,0.047208227244404016,0.37919187545776367,-0.13306737,0.10628120000000002,-0.2893485694610596,3
2026-08-26,BLUESTARCO,12,1,0.06037287681980985,0.26034075021743774,-0.086551905,0.1062812,-0.24283310467834474,3
2026-08-26,BLUESTARCO,13,1,0.07244818732348164,0.2611452639102936,0.20680428,0.1062812,0.050523075512695304,3
2026-08-26,BLUESTARCO,42,-1,-0.044894754393850565,0.15769067406654358,0.060212612,0.10628119999999998,-0.09606858784790037,3
2026-08-26,BOSCHLTD,4,1,0.0743867328870465,0.3891691565513611,-0.19555092,0.1062812,-0.35183211857910157,3
2026-08-26,BOSCHLTD,42,-1,-0.04551773602488698,0.14646005630493164,-0.23572445,0.10628119999999998,-0.3920056491577148,3
2026-08-26,BPCL,3,1,0.05551020113639302,0.8605989813804626,-0.27902722,0.10628119999999998,-0.4353084235870361,3
2026-08-26,BPCL,4,1,0.07261918897088332,0.7249078750610352,-0.44939518,0.1062812,-0.6056763797485352,3
2026-08-26,BPCL,5,1,0.04500073192554422,0.6909940838813782,-0.24830103,0.1062812,-0.4045822292053223,3
2026-08-26,BPCL,13,1,0.04401500783862826,0.4134988784790039,0.0,0.1062812,-0.1562812,3
2026-08-26,BPCL,42,-1,-0.046776978084614215,0.121843121945858,0.015640259,0.10628119999999998,-0.14064094121093748,3
2026-08-26,BRITANNIA,4,1,0.07396421038075049,0.4418344497680664,0.2703905,0.1062812,0.11410931055908201,3
2026-08-26,BRITANNIA,5,1,0.04612047934237295,0.38821080327033997,-0.1211226,0.1062812,-0.2774037986480713,3
2026-08-26,BRITANNIA,12,1,0.04808416779576052,0.3351033329963684,-0.16791224,0.10628119999999998,-0.3241934447967529,3
2026-08-26,BRITANNIA,13,1,0.06479144299082254,0.32194849848747253,-0.12130141,0.1062812,-0.27758261258239747,3
2026-08-26,BRITANNIA,42,-1,-0.044894754393850565,0.09508631378412247,-0.046896935,0.10628119999999998,-0.2031781345092773,3
2026-08-26,BSE,3,1,0.055888599125931394,1.0285366773605347,-0.26159286,0.10628119999999998,-0.41787406499023433,3
2026-08-26,BSE,4,1,0.09056321404929935,0.9335033297538757,0.11624098,0.1062812,-0.04004022175903321,3
2026-08-26,BSE,5,1,0.05719814248412472,0.8668332099914551,0.32815933,0.1062812,0.17187813227539062,3
2026-08-26,CANBK,4,1,0.08028844512314691,0.6090337038040161,-0.36807656,0.10628119999999998,-0.5243577628814697,3
2026-08-26,CANBK,5,1,0.0448403052636675,0.5743585824966431,-0.4977882,0.1062812,-0.6540693908416748,3
2026-08-26,CANBK,12,1,0.04903666676862545,0.38186225295066833,0.1077652,0.10628119999999998,-0.04851600224609373,3
2026-08-26,CANBK,13,1,0.050598585394646144,0.36228281259536743,0.06924868,0.10628119999999998,-0.08703252369995115,3
2026-08-26,CANBK,42,-1,-0.04348824553975528,0.08532657474279404,0.23890138,0.1062812,0.08262017672424314,3
2026-08-26,CGPOWER,4,1,0.059107524135685575,0.28787538409233093,0.03980398,0.10628119999999998,-0.11647721821899412,3
2026-08-26,CGPOWER,13,1,0.05414239968171861,0.2505123019218445,0.13090372,0.1062812,-0.02537747914428712,3
2026-08-26,CHOLAFIN,3,1,0.04504066518699574,0.6312081813812256,-0.13067722,0.1062812,-0.2869584232055664,3
2026-08-26,CHOLAFIN,4,1,0.07545021411488725,0.618224024772644,-0.4793644,0.10628119999999998,-0.6356455951416016,3
2026-08-26,CHOLAFIN,12,1,0.04820305980896824,0.44695034623146057,-0.41493773,0.10628119999999998,-0.5712189346038818,3
2026-08-26,CHOLAFIN,13,1,0.05471145707253436,0.43544894456863403,-0.37839413,0.1062812,-0.5346753268920899,3
2026-08-26,CHOLAFIN,15,1,0.04425986246407979,0.3632734417915344,-0.48962831,0.1062812,-0.6459095149719238,3
2026-08-26,CIPLA,4,1,0.07952113392198551,0.4447578191757202,0.32577515,0.1062812,0.169493946484375,3
2026-08-26,CIPLA,5,1,0.0491918855091954,0.40176084637641907,0.099003315,0.1062812,-0.05727788502807618,3
2026-08-26,CIPLA,12,1,0.05650205007309694,0.2641087770462036,0.0,0.10628119999999998,-0.15628119999999998,3
2026-08-26,CIPLA,13,1,0.059438325272557546,0.25129902362823486,-0.01412034,0.1062812,-0.17040154034729005,3
2026-08-26,CIPLA,42,-1,-0.045695434448708105,0.12600882351398468,-0.0,0.1062812,-0.1562812,3
2026-08-26,COALINDIA,4,1,0.07749673285285283,0.38585302233695984,-0.2967,0.1062812,-0.45298120076293946,3
2026-08-26,COALINDIA,5,1,0.04673723535835716,0.3443443477153778,-0.2969861,0.1062812,-0.45326730305786134,3
2026-08-26,COALINDIA,42,-1,-0.04619729972737392,0.11738313734531403,0.098884106,0.10628119999999998,-0.057397094317626934,3
2026-08-26,COCHINSHIP,3,1,0.0482069484625325,0.687001645565033,-0.47309995,0.1062812,-0.629381146975708,3
2026-08-26,COCHINSHIP,4,1,0.08569111945694244,0.6614394783973694,-0.16468763,0.10628120000000002,-0.3209688335144043,3
2026-08-26,COCHINSHIP,5,1,0.05305365010110355,0.5964927673339844,-0.19105673,0.10628119999999998,-0.34733792836303706,3
2026-08-26,COCHINSHIP,12,1,0.05055617045268657,0.3797914385795593,-0.03300309,0.1062812,-0.1892842918121338,3
2026-08-26,COCHINSHIP,13,1,0.05396859774679444,0.3662396967411041,0.06600618,0.1062812,-0.09027501637573243,3
2026-08-26,COFORGE,3,1,0.05628508734480287,0.8710117340087891,0.45070648,0.1062812,0.29442528193359374,3
2026-08-26,COFORGE,4,1,0.07233893591993074,0.7490560412406921,0.624311,0.10628120000000002,0.46802977030639653,3
2026-08-26,COFORGE,5,1,0.045042472552621976,0.6874381303787231,0.18825531,0.10628119999999998,0.03197411005859377,3
2026-08-26,COFORGE,13,1,0.04674778883590413,0.38971978425979614,-0.5117774,0.10628120000000002,-0.668058600970459,3
2026-08-26,COFORGE,42,-1,-0.046854268332606835,0.11997514218091965,-0.021195412,0.1062812,-0.17747661168212892,3
2026-08-26,COLPAL,3,1,0.04594395213001041,0.40130558609962463,0.28358698,0.1062812,0.1273057789123535,3
2026-08-26,COLPAL,4,1,0.07108116755961022,0.3758670687675476,0.02669096,0.1062812,-0.1295902400695801,3
2026-08-26,COLPAL,5,1,0.04451939618243346,0.33635812997817993,-0.3149867,0.1062812,-0.4712679057800293,3
2026-08-26,COLPAL,12,1,0.06136295291691322,0.3143334686756134,0.12851954,0.10628120000000002,-0.027761664935302757,3
2026-08-26,COLPAL,13,1,0.0667479856553465,0.3008688688278198,0.149858,0.1062812,-0.0064232021057129,3
2026-08-26,COLPAL,42,-1,-0.04429445298132714,0.12211096286773682,0.053590536,0.10628119999999998,-0.10269066388244627,3
2026-08-26,CONCOR,4,1,0.0692346151547359,0.5003849267959595,-0.57742,0.10628119999999998,-0.7337011962615967,3
2026-08-26,CONCOR,12,1,0.05270628893126753,0.439453125,0.09698868,0.1062812,-0.059292522021484384,3
2026-08-26,CONCOR,13,1,0.05509040580333896,0.41849634051322937,0.22310019,0.1062812,0.0668189853942871,3
2026-08-26,CONCOR,15,1,0.046816953528629066,0.38909396529197693,-0.07753372,0.1062812,-0.23381492192382813,3
2026-08-26,COROMANDEL,3,1,0.055737879285682156,0.8392199873924255,0.44898987,0.10628119999999998,0.29270866816406255,3
2026-08-26,COROMANDEL,4,1,0.08760354021030674,0.8110212683677673,1.1756182,0.10628119999999998,1.0193369716918945,3
2026-08-26,COROMANDEL,5,1,0.054347332252939785,0.7267398238182068,1.0969162,0.1062812,0.9406349987304687,3
2026-08-26,COROMANDEL,67,1,0.0539482211924708,0.2035258710384369,0.16936064,0.10628119999999998,0.01307943766479494,3
2026-08-26,CRISIL,4,1,0.07419649024080498,0.3705853521823883,0.28352737,0.1062812,0.12724617426757812,3
2026-08-26,CRISIL,5,1,0.04934713738599452,0.33593422174453735,0.31437874,0.1062812,0.1580975384033203,3
2026-08-26,CRISIL,13,1,0.05466178142960151,0.32277560234069824,-0.18019676,0.1062812,-0.33647796208496095,3
2026-08-26,CRISIL,15,1,0.050462409520311786,0.2607387602329254,-0.31366944,0.1062812,-0.4699506431304932,3
2026-08-26,CRISIL,28,-1,-0.044838704199231035,0.13926179707050323,-0.4345417,0.10628119999999998,-0.5908229022705078,3
2026-08-26,CRISIL,42,-1,-0.04443897224956041,0.16208206117153168,-0.0066637993,0.1062812,-0.16294499928588868,3
2026-08-26,CUMMINSIND,4,1,0.07546152334277723,0.6623026728630066,0.14441013,0.10628120000000002,-0.011871066638183617,3
2026-08-26,CUMMINSIND,5,1,0.04637453967158237,0.6179395318031311,0.3377676,0.10628120000000002,0.18148640101318358,3
2026-08-26,CUMMINSIND,13,1,0.061690329798774333,0.41506627202033997,-0.09636879,0.1062812,-0.25264998967285157,3
2026-08-26,CUMMINSIND,42,-1,-0.04761241929289064,0.15388436615467072,0.6279588,0.10628119999999998,0.47167757456665044,3
2026-08-26,DABUR,4,1,0.07265011432579618,0.3669523596763611,0.06326437,0.1062812,-0.0930168300354004,3
2026-08-26,DABUR,5,1,0.044002945236980257,0.3452081084251404,-0.4295051,0.10628119999999998,-0.5857863097869873,3
2026-08-26,DABUR,12,1,0.05688162157604278,0.2957095205783844,0.20298958,0.1062812,0.046708378247070304,3
2026-08-26,DABUR,13,1,0.06436022450618202,0.28991973400115967,0.2029419,0.1062812,0.04666069453124999,3
2026-08-26,DABUR,42,-1,-0.045675952168179386,0.08699727803468704,0.063449144,0.1062812,-0.09283205563659669,3
2026-08-26,DALBHARAT,4,1,0.08532874596576431,0.8974756002426147,1.7559886,0.10628119999999998,1.599707397869873,3
2026-08-26,DALBHARAT,5,1,0.06064695625702212,0.783543586730957,1.7784238,0.1062812,1.62214258616333,3
2026-08-26,DALBHARAT,12,1,0.0585931487255356,0.6586559414863586,-0.6864846,0.1062812,-0.8427657752716065,3
2026-08-26,DALBHARAT,13,1,0.07338779949511459,0.7098982930183411,-0.4765451,0.1062812,-0.6328262954437256,3
2026-08-26,DALBHARAT,14,1,0.047674056466743595,0.5972885489463806,-0.96973777,0.1062812,-1.1260189681732178,3
2026-08-26,DALBHARAT,15,1,0.06911901200439691,0.5779233574867249,-1.012671,0.10628120000000002,-1.1689521938049316,3
2026-08-26,DALBHARAT,16,1,0.07426176026218174,0.5776789784431458,-1.0799944,0.1062812,-1.2362756400787354,3
2026-08-26,DALBHARAT,17,1,0.061852267991946035,0.5569846630096436,-1.1534393,0.10628119999999998,-1.3097204833709717,3
2026-08-26,DALBHARAT,19,1,0.04424325128529673,0.48652181029319763,-0.39874315,0.10628119999999998,-0.5550243526184082,3
2026-08-26,DALBHARAT,63,1,0.044114027299722365,0.1198936328291893,0.31539202,0.1062812,0.15911081736450194,3
2026-08-26,DALBHARAT,67,1,0.05060939865071777,0.13651172816753387,1.3185263,0.10628119999999998,1.162245068005371,3
2026-08-26,DIVISLAB,4,1,0.07008897754144822,0.4911092221736908,0.44025183,0.10628119999999998,0.2839706272399903,3
2026-08-26,DIVISLAB,5,1,0.04595953538500536,0.46814897656440735,0.095665455,0.1062812,-0.060615745135498056,3
2026-08-26,DIVISLAB,12,1,0.047603914785367324,0.3291081190109253,0.022482872,0.1062812,-0.13379832799072267,3
2026-08-26,DIVISLAB,13,1,0.058346570465365406,0.3135085701942444,-0.14611483,0.1062812,-0.3023960262023926,3
2026-08-26,DIVISLAB,63,1,0.043293050887338175,0.12887518107891083,0.14988184,0.1062812,-0.006399360247802743,3
2026-08-26,DIVISLAB,67,1,0.04907447604190277,0.10577608644962311,0.110924244,0.1062812,-0.045356956072998056,3
2026-08-26,DIXON,4,1,0.07556422345719718,0.4921458959579468,0.51237345,0.1062812,0.3560922474182129,3
2026-08-26,DIXON,5,1,0.04883068644054132,0.4724162518978119,-0.2014935,0.1062812,-0.357774701663208,3
2026-08-26,DIXON,12,1,0.05248248176372397,0.4172555208206177,0.006723404,0.1062812,-0.14955779606933595,3
2026-08-26,DIXON,13,1,0.06140306390726976,0.40623795986175537,0.18193722,0.1062812,0.025656017712402335,3
2026-08-26,DIXON,15,1,0.047434504933145376,0.3318127393722534,-0.22187829,0.1062812,-0.3781594901763916,3
2026-08-26,DIXON,16,1,0.04640635775486096,0.31177040934562683,-0.1412332,0.1062812,-0.2975144057952881,3
2026-08-26,DIXON,28,-1,-0.043770798144249876,0.17624233663082123,0.03361702,0.1062812,-0.1226641803466797,3
2026-08-26,DIXON,42,-1,-0.043885307290188615,0.13444358110427856,0.42501688,0.10628119999999998,0.26873568003540044,3
2026-08-26,DLF,3,1,0.048927060117927815,0.3486414849758148,-0.16062856,0.10628119999999998,-0.31690975720520015,3
2026-08-26,DLF,4,1,0.0635242588532115,0.31521308422088623,-0.05836487,0.1062812,-0.2146460681640625,3
2026-08-26,DLF,12,1,0.04890449210729342,0.2680811882019043,-0.32158494,0.10628119999999998,-0.477866139956665,3
2026-08-26,DLF,13,1,0.056977389304171615,0.2622092068195343,-0.34362078,0.10628119999999998,-0.4999019771301269,3
2026-08-26,DLF,42,-1,-0.04616064265507836,0.12778474390506744,-0.029456615,0.1062812,-0.18573781544799806,3
2026-08-26,DMART,13,1,0.05091988318642647,0.16075389087200165,0.41997433,0.10628120000000002,0.26369312708740233,3
2026-08-26,DMART,42,-1,-0.04596816752032426,0.08156057447195053,0.04864335,0.1062812,-0.10763784939880372,3
2026-08-26,DMART,64,1,0.04954401349768721,0.7161321043968201,0.72003603,0.1062812,0.5637548298156738,3
2026-08-26,DMART,65,1,0.06865230600789778,0.761667013168335,0.10485649,0.1062812,-0.05142470891113282,3
2026-08-26,DMART,66,1,0.09381559454637843,0.782568097114563,-0.09679198,0.1062812,-0.25307318265075684,3
2026-08-26,DMART,67,1,0.11415536777924074,0.816240131855011,0.39613247,0.10628119999999998,0.23985126917724614,3
2026-08-26,DRREDDY,4,1,0.07493607191472612,0.4650784730911255,-0.16794205,0.1062812,-0.32422324711914063,3
2026-08-26,DRREDDY,5,1,0.04429005751112458,0.41866227984428406,-0.25205612,0.1062812,-0.4083373218261719,3
2026-08-26,DRREDDY,12,1,0.059807730737592026,0.29157084226608276,-0.126338,0.10628119999999998,-0.2826192050659179,3
2026-08-26,DRREDDY,13,1,0.06942355646129199,0.2784481942653656,-0.14315248,0.10628119999999998,-0.2994336753570556,3
2026-08-26,DRREDDY,42,-1,-0.04619729972737392,0.1550830453634262,-0.14306307,0.10628119999999998,-0.29934426838989253,3
2026-08-26,EICHERMOT,4,1,0.058443035716011664,0.3090863823890686,-0.0124156475,0.1062812,-0.16869684750671388,3
2026-08-26,EICHERMOT,42,-1,-0.04398217742257954,0.12243635207414627,-0.012373924,0.1062812,-0.1686551242553711,3
2026-08-26,ENDURANCE,3,1,0.04377651940531627,0.5594709515571594,0.17379522,0.10628120000000002,0.01751402323608396,3
2026-08-26,ENDURANCE,4,1,0.07066476297115384,0.4848717749118805,0.17362833,0.1062812,0.01734713023071288,3
2026-08-26,ENDURANCE,5,1,0.04630850466347678,0.44314542412757874,0.0700593,0.10628119999999998,-0.08622190053100584,3
2026-08-26,ENDURANCE,13,1,0.05173894201275409,0.3091714084148407,-0.0066697598,0.10628119999999998,-0.1629509597503662,3
2026-08-26,ESCORTS,3,1,0.053307571336980074,0.3510560393333435,-0.18558502,0.1062812,-0.34186622197265626,3
2026-08-26,ESCORTS,4,1,0.07537378822713818,0.3357548415660858,-0.1270771,0.10628119999999998,-0.28335830266113277,3
2026-08-26,ETERNAL,4,1,0.0741086696753097,0.47633346915245056,0.15169382,0.10628119999999998,-0.004587379046630841,3
2026-08-26,ETERNAL,5,1,0.04641272490856063,0.4851413071155548,0.0,0.1062812,-0.1562812,3
2026-08-26,ETERNAL,12,1,0.04808416779576052,0.3592456579208374,0.16678572,0.1062812,0.010504517010498038,3
2026-08-26,ETERNAL,13,1,0.054434057722051225,0.3483787477016449,-0.3180325,0.1062812,-0.47431370312805177,3
2026-08-26,ETERNAL,15,1,0.04418324926506472,0.296447217464447,-0.30298233,0.1062812,-0.45926353032226563,3
2026-08-26,ETERNAL,16,1,0.04802791607691113,0.2780543863773346,-0.48477054,0.1062812,-0.6410517364227295,3
2026-08-26,ETERNAL,28,-1,-0.045229402618120765,0.22182269394397736,0.6545961,0.1062812,0.4983148903167725,3
2026-08-26,ETERNAL,42,-1,-0.04604451860318211,0.17440356314182281,-0.04608631,0.1062812,-0.20236751134033204,3
2026-08-26,EXIDEIND,3,1,0.044760139994795535,0.609076738357544,-0.63411,0.1062812,-0.7903911739074707,3
2026-08-26,EXIDEIND,4,1,0.07675810766913922,0.6048426628112793,-0.3348589,0.10628119999999998,-0.4911400943481445,3
2026-08-26,EXIDEIND,5,1,0.05819368214570754,0.5788322687149048,-0.21291375,0.10628119999999998,-0.3691949516021728,3
2026-08-26,EXIDEIND,12,1,0.06486474123581369,0.3990839421749115,0.41550398,0.1062812,0.25922277872924804,3
2026-08-26,EXIDEIND,13,1,0.0659281598350679,0.3799901008605957,0.38160086,0.1062812,0.22531965678100585,3
2026-08-26,EXIDEIND,42,-1,-0.04474720144141933,0.14454250037670135,0.044959784,0.10628119999999998,-0.11132141644592283,3
2026-08-26,FEDERALBNK,3,1,0.05587018853039316,0.7286801934242249,0.9282112,0.1062812,0.7719300121582031,3
2026-08-26,FEDERALBNK,4,1,0.07368914150404957,0.6406700611114502,0.73912144,0.1062812,0.5828402370727539,3
2026-08-26,FEDERALBNK,5,1,0.04776909951747616,0.5625556111335754,0.65197945,0.10628119999999998,0.49569824641113286,3
2026-08-26,FEDERALBNK,13,1,0.04674997427818827,0.44327858090400696,0.44635534,0.1062812,0.2900741428649902,3
2026-08-26,FLUOROCHEM,3,1,0.07183698846599283,0.8268561959266663,0.08691549,0.10628119999999998,-0.06936570698852537,3
2026-08-26,FLUOROCHEM,4,1,0.07375001618745322,0.7022047638893127,0.10422468,0.10628119999999998,-0.052056518145751934,3
2026-08-26,FLUOROCHEM,5,1,0.051301037885572595,0.6113221049308777,0.15865564,0.1062812,0.0023744434631347566,3
2026-08-26,FLUOROCHEM,13,1,0.045576409474677025,0.3526649475097656,0.8720517,0.1062812,0.7157705158508301,3
2026-08-26,FLUOROCHEM,65,1,0.06175599151235123,0.30962932109832764,0.4387617,0.10628119999999998,0.2824805111206055,3
2026-08-26,FLUOROCHEM,66,1,0.07289643225087587,0.32453641295433044,-0.08662939,0.10628119999999998,-0.2429105907165527,3
2026-08-26,FLUOROCHEM,67,1,0.08659781727489418,0.33935222029685974,-0.078082085,0.10628120000000002,-0.23436328465576173,3
2026-08-26,FORTIS,3,1,0.06362401154871804,0.9002900123596191,-0.14599562,0.1062812,-0.3022768169128418,3
2026-08-26,FORTIS,4,1,0.07741899698882751,0.761355996131897,0.07574558,0.10628119999999998,-0.08053561741943357,3
2026-08-26,FORTIS,5,1,0.04502223028968651,0.6815244555473328,0.33646822,0.10628119999999998,0.18018701975708012,3
2026-08-26,FORTIS,42,-1,-0.04581398863569656,0.14932331442832947,0.14014244,0.1062812,-0.01613875920410157,3
2026-08-26,GAIL,4,1,0.07151894807029648,0.4154837131500244,-0.39269328,0.1062812,-0.5489744811737061,3
2026-08-26,GAIL,5,1,0.04934713738599452,0.4053504467010498,-0.5912423,0.1062812,-0.7475235133850098,3
2026-08-26,GAIL,12,1,0.05611073954789168,0.3017812669277191,-0.011438131,0.1062812,-0.16771933133239747,3
2026-08-26,GAIL,13,1,0.06266124234341251,0.2867608070373535,0.011444092,0.1062812,-0.144837108203125,3
2026-08-26,GAIL,28,-1,-0.04438692403930099,0.08055489510297775,0.005733967,0.1062812,-0.15054723317260743,3
2026-08-26,GAIL,42,-1,-0.05115773636529209,0.10169099271297455,0.17151833,0.10628119999999995,0.015237125805664109,3
2026-08-26,GICRE,4,1,0.06321559782589728,0.31809353828430176,-0.113618374,0.10628119999999998,-0.26989957387084956,3
2026-08-26,GICRE,5,1,0.04452665586564814,0.28654205799102783,-0.2699256,0.10628119999999998,-0.42620679432983394,3
2026-08-26,GICRE,12,1,0.04546091906169375,0.22134573757648468,-0.14244914,0.1062812,-0.29873034054870606,3
2026-08-26,GICRE,13,1,0.048649946497803125,0.2137056440114975,-0.28489828,0.1062812,-0.4411794810974121,3
2026-08-26,GICRE,42,-1,-0.043616637985386786,0.17036224901676178,-0.1867652,0.1062812,-0.343046393939209,3
2026-08-26,GLAXO,4,1,0.0779601089577579,0.7034329771995544,0.14859438,0.10628119999999998,-0.007686820574951153,3
2026-08-26,GLAXO,5,1,0.05233321062694028,0.6441504955291748,-0.13509989,0.1062812,-0.2913810878479004,3
2026-08-26,GLAXO,12,1,0.05308434659311444,0.4604315459728241,0.29367208,0.10628119999999998,0.13739088480834966,3
2026-08-26,GLAXO,13,1,0.054304797269023694,0.44898608326911926,0.20427704,0.10628120000000002,0.04799583857421873,3
2026-08-26,GLAXO,15,1,0.05006836246951256,0.3395988643169403,-0.03618002,0.10628119999999998,-0.19246121937866206,3
2026-08-26,GLAXO,16,1,0.04980170828385069,0.32269009947776794,-0.09536147,0.1062812,-0.25164267117614747,3
2026-08-26,GLAXO,42,-1,-0.05024569038720782,0.22443948686122894,0.5153775,0.10628119999999998,0.3590963215148926,3
2026-08-26,GLAXO,67,1,0.054487108619051566,0.2854026257991791,0.3045559,0.1062812,0.14827469294433593,3
2026-08-26,GLENMARK,4,1,0.07511222161416141,0.6841417551040649,0.92766285,0.1062812,0.7713816494262695,3
2026-08-26,GLENMARK,5,1,0.04744895030975603,0.614142894744873,0.5913973,0.1062812,0.4351160854614258,3
2026-08-26,GLENMARK,12,1,0.05648976208352594,0.46900781989097595,0.5673647,0.10628119999999998,0.41108349268798833,3
2026-08-26,GLENMARK,13,1,0.050248090251294994,0.4722932279109955,0.523901,0.1062812,0.36761978571777343,3
2026-08-26,GLENMARK,15,1,0.049874434552337005,0.35261452198028564,-0.26994348,0.10628119999999998,-0.42622467572326656,3
2026-08-26,GLENMARK,16,1,0.046618782199590245,0.33294445276260376,-0.5959213,0.1062812,-0.7522024779998779,3
2026-08-26,GODFRYPHLP,4,1,0.06839194622377567,0.4679676294326782,0.44010878,0.10628119999999998,0.28382757609252934,3
2026-08-26,GODFRYPHLP,5,1,0.04607806585782255,0.4530009925365448,0.35594702,0.10628119999999998,0.19966581766967778,3
2026-08-26,GODFRYPHLP,13,1,0.044321878475101786,0.41716718673706055,0.1634121,0.1062812,0.0071308941162109285,3
2026-08-26,GODFRYPHLP,15,1,0.0450364865829168,0.3840928077697754,-0.0046670437,0.10628120000000002,-0.1609482436859131,3
2026-08-26,GODFRYPHLP,42,-1,-0.04382711243878159,0.15770134329795837,0.11172891,0.1062812,-0.04455229336853028,3
2026-08-26,GODFRYPHLP,67,1,0.0471591671526011,0.16295301914215088,-0.37475228,0.1062812,-0.5310334830963135,3
2026-08-26,GODREJCP,4,1,0.07061152347242179,0.3829614818096161,0.15060902,0.10628119999999998,-0.00567218358154295,3
2026-08-26,GODREJCP,5,1,0.04461865694839085,0.3352349102497101,0.17215014,0.1062812,0.015868935040283194,3
2026-08-26,GODREJCP,42,-1,-0.04402412358404839,0.12145567685365677,-0.08609295,0.10628119999999998,-0.24237414891357417,3
2026-08-26,GODREJIND,3,1,0.05793834606184896,0.6595450639724731,-0.52726865,0.10628119999999998,-0.683549848147583,3
2026-08-26,GODREJIND,4,1,0.08683032464254603,0.5857386589050293,-0.32929182,0.1062812,-0.48557302052612306,3
2026-08-26,GODREJIND,5,1,0.07954482071226093,0.5875695943832397,0.5483389,0.1062812,0.3920576900756836,3
2026-08-26,GODREJIND,7,1,0.05031956569492726,0.5223296284675598,0.76642036,0.10628119999999998,0.6101391643798828,3
2026-08-26,GODREJIND,8,1,0.04372300535502293,0.5082629323005676,0.76715946,0.10628119999999998,0.6108782619750976,3
2026-08-26,GODREJIND,12,1,0.04425734173136816,0.4894265830516815,-0.0346303,0.10628119999999998,-0.1909114986145019,3
2026-08-26,GODREJIND,13,1,0.047497620744021744,0.4714128077030182,-0.27698874,0.1062812,-0.4332699447357178,3
2026-08-26,GODREJIND,15,1,0.04623448636536833,0.40290307998657227,-0.30276775,0.1062812,-0.4590489536010742,3
2026-08-26,GODREJIND,16,1,0.047044855788101685,0.37743937969207764,-0.22526383,0.10628119999999998,-0.38154503399963374,3
2026-08-26,GODREJPROP,3,1,0.06254950814802432,0.8135886192321777,-0.17899871,0.1062812,-0.3352799087249756,3
2026-08-26,GODREJPROP,4,1,0.07371932453947211,0.7066795825958252,-0.07737279,0.1062812,-0.23365398938293458,3
2026-08-26,GODREJPROP,5,1,0.045848679977657014,0.632686972618103,-0.35774112,0.10628120000000002,-0.514022317477417,3
2026-08-26,GODREJPROP,12,1,0.054691911465717336,0.4493498206138611,-0.08242726,0.1062812,-0.2387084632598877,3
2026-08-26,GODREJPROP,13,1,0.05959643408243517,0.43331095576286316,0.23306608,0.1062812,0.0767848820007324,3
2026-08-26,GODREJPROP,15,1,0.046316359553891365,0.28793686628341675,0.43267012,0.10628119999999998,0.2763889164245606,3
2026-08-26,GRASIM,4,1,0.0698956272009593,0.4105619490146637,0.2893448,0.1062812,0.13306358759765624,3
2026-08-26,GRASIM,5,1,0.044002945236980257,0.3905967175960541,0.12803078,0.1062812,-0.028250423022460946,3
2026-08-26,GRASIM,13,1,0.050296182957045556,0.3168313503265381,0.2071619,0.1062812,0.05088070338134765,3
2026-08-26,GRASIM,42,-1,-0.044964321793115054,0.1730981022119522,-0.030565262,0.10628119999999998,-0.18684646184082027,3
2026-08-26,HAL,4,1,0.07377940905647856,0.3276747763156891,-0.077712536,0.1062812,-0.2339937358581543,3
2026-08-26,HAVELLS,3,1,0.05234319365501283,0.3972930908203125,0.047433376,0.1062812,-0.10884782368774415,3
2026-08-26,HAVELLS,4,1,0.07614292829607397,0.3366759419441223,0.13440847,0.10628119999999998,-0.021872726031494122,3
2026-08-26,HAVELLS,42,-1,-0.045675952168179386,0.0992063507437706,0.015872717,0.1062812,-0.14040848309631349,3
2026-08-26,HCLTECH,4,1,0.06944680817550009,0.3924875855445862,-0.06847978,0.1062812,-0.2247609763824463,3
2026-08-26,HCLTECH,5,1,0.04451939618243346,0.346009761095047,-0.15969276,0.1062812,-0.31597396428222657,3
2026-08-26,HCLTECH,42,-1,-0.04580680037193484,0.09295805543661118,0.0230968,0.1062812,-0.13318440014953614,3
2026-08-26,HDFCAMC,4,1,0.07357996373046928,0.4248519241809845,-0.21948814,0.1062812,-0.37576934392089845,3
2026-08-26,HDFCAMC,5,1,0.047208227244404016,0.38494500517845154,0.0074386597,0.1062812,-0.14884254033203126,3
2026-08-26,HDFCAMC,12,1,0.04921928028420489,0.3083897829055786,-0.17850399,0.10628119999999998,-0.3347851901733398,3
2026-08-26,HDFCAMC,13,1,0.06385114479717376,0.29971253871917725,-0.14517307,0.10628119999999998,-0.30145427281494136,3
2026-08-26,HDFCAMC,15,1,0.04526239185448591,0.2685290575027466,-0.37519336,0.10628119999999998,-0.5314745574676514,3
2026-08-26,HDFCBANK,42,-1,-0.04398217742257954,0.13166794180870056,0.23985505,0.1062812,0.08357385104064939,3
2026-08-26,HDFCLIFE,4,1,0.06875120850030039,0.44203880429267883,-0.23456812,0.10628119999999998,-0.3908493190490722,3
2026-08-26,HDFCLIFE,12,1,0.05000285279681118,0.28766003251075745,0.5703926,0.1062812,0.4141114086425781,3
2026-08-26,HDFCLIFE,13,1,0.055265049022670765,0.27885594964027405,0.6431103,0.1062812,0.48682907526855473,3
2026-08-26,HDFCLIFE,42,-1,-0.045069683641273325,0.18686255812644958,-0.10713339,0.1062812,-0.2634145885192871,3
2026-08-26,HEROMOTOCO,3,1,0.05919292202737477,0.35446763038635254,0.59741735,0.1062812,0.4411361545837402,3
2026-08-26,HEROMOTOCO,4,1,0.07265011432579618,0.33635878562927246,0.57839155,0.1062812,0.42211035197143554,3
2026-08-26,HEROMOTOCO,13,1,0.04755657643170424,0.27316877245903015,0.93837976,0.10628119999999998,0.7820985645568848,3
2026-08-26,HINDALCO,4,1,0.07357996373046928,0.46566900610923767,0.0952363,0.1062812,-0.06104489857788087,3
2026-08-26,HINDALCO,5,1,0.0463844653111274,0.41970059275627136,-0.25222898,0.1062812,-0.4085101752960205,3
2026-08-26,HINDALCO,12,1,0.05469496768940606,0.33360210061073303,-0.05723834,0.10628119999999998,-0.21351954037780757,3
2026-08-26,HINDALCO,13,1,0.05188477214850166,0.3245813548564911,-0.019097328,0.1062812,-0.17537852818603517,3
2026-08-26,HINDALCO,42,-1,-0.04564625220925359,0.1364646553993225,-0.057327747,0.1062812,-0.2136089473449707,3
2026-08-26,HINDPETRO,3,1,0.04633787736009225,0.7322742342948914,-0.13248324,0.1062812,-0.28876444394226075,3
2026-08-26,HINDPETRO,4,1,0.0711948590159501,0.616729736328125,-0.2117753,0.1062812,-0.3680565028869629,3
2026-08-26,HINDPETRO,5,1,0.04548879613717605,0.5652719736099243,-0.23847222,0.1062812,-0.39475342328186036,3
2026-08-26,HINDPETRO,12,1,0.04388528311056775,0.33711370825767517,-0.066417456,0.1062812,-0.22269865567321778,3
2026-08-26,HINDPETRO,13,1,0.051059001560680245,0.3275239169597626,0.02657175,0.1062812,-0.12970944935913087,3
2026-08-26,HINDPETRO,42,-1,-0.046776978084614215,0.0932822972536087,0.053310394,0.10628119999999998,-0.1029708057128906,3
2026-08-26,HINDUNILVR,4,1,0.05880403417597561,0.30801066756248474,0.20599365,0.10628119999999998,0.04971245234375002,3
2026-08-26,HINDUNILVR,12,1,0.0483688658866973,0.28223133087158203,0.0,0.1062812,-0.1562812,3
2026-08-26,HINDUNILVR,13,1,0.0492112262259406,0.27845248579978943,-0.16646385,0.1062812,-0.32274505192871095,3
2026-08-26,HINDUNILVR,42,-1,-0.045933518100758165,0.1080596074461937,0.1380086,0.1062812,-0.018272605487060556,3
2026-08-26,HINDZINC,3,1,0.06790384102534776,0.9799187183380127,0.6076336,0.10628120000000002,0.45135239069824223,3
2026-08-26,HINDZINC,4,1,0.10026488655120971,0.8810730576515198,0.5729079,0.1062812,0.4166267246520996,3
2026-08-26,HINDZINC,5,1,0.07569132829853763,0.8100461959838867,0.38876534,0.10628119999999998,0.23248413508300786,3
2026-08-26,HINDZINC,13,1,0.050191361308949904,0.5873538851737976,0.08888245,0.1062812,-0.06739875371093751,3
2026-08-26,HINDZINC,15,1,0.04499158305018492,0.5016191005706787,0.68798065,0.1062812,0.5316994518554687,3
2026-08-26,HINDZINC,67,1,0.05047209217392331,0.21546906232833862,-0.30235648,0.1062812,-0.45863768155212403,3
2026-08-26,HONAUT,3,1,0.047986498303964786,0.363253653049469,0.32590628,0.10628119999999998,0.1696250767028809,3
2026-08-26,HONAUT,4,1,0.06193470286182382,0.2906029224395752,0.14938116,0.10628119999999998,-0.006900039263915997,3
2026-08-26,HONAUT,13,1,0.044496734002677535,0.1926577091217041,-1.0571957,0.10628119999999998,-1.2134768634521484,3
2026-08-26,HONAUT,42,-1,-0.045242437898931294,0.14911210536956787,-0.054252148,0.1062812,-0.21053334767456056,3
2026-08-26,HUDCO,4,1,0.062262457970596735,0.27606016397476196,-0.26113987,0.10628119999999998,-0.41742106968994136,3
2026-08-26,HUDCO,12,1,0.051257736057050675,0.2794962227344513,-0.053411722,0.1062812,-0.20969292218322755,3
2026-08-26,HUDCO,13,1,0.0505579520904651,0.2696356177330017,-0.09610653,0.10628119999999998,-0.2523877292358398,3
2026-08-26,HUDCO,42,-1,-0.045675952168179386,0.10252086073160172,-0.032126904,0.10628119999999998,-0.1884081035339355,3
2026-08-26,ICICIBANK,4,1,0.07602156459050954,0.5063132047653198,-0.083214045,0.1062812,-0.23949524457092286,3
2026-08-26,ICICIBANK,5,1,0.04326370383465373,0.4450778365135193,-0.07632971,0.10628119999999998,-0.2326109080993652,3
2026-08-26,ICICIBANK,13,1,0.06252583398853058,0.26788273453712463,0.07652044,0.10628119999999998,-0.0797607570373535,3
2026-08-26,ICICIBANK,42,-1,-0.04684556407884244,0.10479478538036346,0.12515187,0.1062812,-0.031129327365112314,3
2026-08-26,ICICIGI,4,1,0.07315813624982508,0.5083589553833008,-0.19742846,0.10628119999999998,-0.3537096648895263,3
2026-08-26,ICICIGI,5,1,0.04451939618243346,0.4612782299518585,-0.3699124,0.10628119999999998,-0.5261935859405518,3
2026-08-26,ICICIGI,12,1,0.04788215466918345,0.3122607171535492,0.11757612,0.1062812,-0.03870507771606446,3
2026-08-26,ICICIGI,13,1,0.05735574781531569,0.294891357421875,0.222826,0.1062812,0.0665448040283203,3
2026-08-26,ICICIGI,42,-1,-0.046558298187337865,0.1821439564228058,0.14818907,0.1062812,-0.008092132159423837,3
2026-08-26,ICICIPRULI,3,1,0.043589539572858896,0.6288871169090271,0.795877,0.1062812,0.6395957798278809,3
2026-08-26,ICICIPRULI,4,1,0.07411021542139616,0.6860012412071228,0.08671284,0.1062812,-0.06956836278076173,3
2026-08-26,ICICIPRULI,5,1,0.04346829775182901,0.6029704809188843,-0.49072504,0.10628119999999998,-0.647006240435791,3
2026-08-26,ICICIPRULI,12,1,0.048828935691343195,0.422476202249527,0.6862521,0.1062812,0.5299709171569824,3
2026-08-26,ICICIPRULI,13,1,0.05141799880786308,0.4112008810043335,0.6664634,0.10628119999999998,0.5101821750915527,3
2026-08-26,IDEA,3,1,0.05082077989487505,0.723210871219635,-0.59171915,0.10628119999999998,-0.7480003505432129,3
2026-08-26,IDEA,4,1,0.08484933264099123,0.6987496614456177,-0.65876245,0.10628120000000002,-0.8150436549865723,3
2026-08-26,IDEA,5,1,0.06349981222038571,0.649066150188446,-0.52840114,0.1062812,-0.6846823363983154,3
2026-08-26,IDEA,12,1,0.047206530375536127,0.5005620718002319,0.19932985,0.1062812,0.04304865305786132,3
2026-08-26,IDEA,13,1,0.05597837448833004,0.4966888129711151,-0.13235807,0.1062812,-0.28863927418823243,3
2026-08-26,IDEA,15,1,0.05562012422751315,0.39787760376930237,0.5968213,0.1062812,0.4405401081359863,3
2026-08-26,IDEA,16,1,0.051519684730250814,0.36945754289627075,0.5308509,0.1062812,0.374569687298584,3
2026-08-26,IDEA,42,-1,-0.04782463774808902,0.23194247484207153,-0.066268444,0.1062812,-0.2225496440612793,3
2026-08-26,IDFCFIRSTB,4,1,0.05914053483908597,0.31249913573265076,-0.17462373,0.1062812,-0.3309049277984619,3
2026-08-26,INDHOTEL,4,1,0.07269771552168632,0.4079146981239319,-0.061398745,0.10628120000000002,-0.2176799445831299,3
2026-08-26,INDHOTEL,13,1,0.051435861674373334,0.24345673620700836,0.1232028,0.1062812,-0.03307839924926759,3
2026-08-26,INDHOTEL,42,-1,-0.04658799814626366,0.11848272383213043,0.027543306,0.10628119999999998,-0.12873789364929197,3
2026-08-26,INDIANB,3,1,0.05683129848400696,0.9931567311286926,-0.5731821,0.1062812,-0.7294633060180664,3
2026-08-26,INDIANB,4,1,0.08567668446261593,0.8661250472068787,-0.57958364,0.1062812,-0.7358648448669434,3
2026-08-26,INDIANB,5,1,0.04654273275840803,0.7738763093948364,-0.7803798,0.1062812,-0.9366609721862793,3
2026-08-26,INDIANB,12,1,0.046538641938615614,0.4974074959754944,0.0505805,0.1062812,-0.10570069844360352,3
2026-08-26,INDIANB,13,1,0.05350305403008564,0.4710022807121277,0.07301569,0.10628119999999998,-0.08326551015014647,3
2026-08-26,INDIANB,42,-1,-0.04500476737399811,0.16004903614521027,0.1291573,0.1062812,-0.027123895236206064,3
2026-08-26,INDIGO,4,1,0.0705237718035913,0.4559703767299652,-0.28501153,0.10628119999999998,-0.4412927299224853,3
2026-08-26,INDIGO,12,1,0.05253050918516429,0.28329652547836304,0.23857355,0.1062812,0.08229235117797849,3
2026-08-26,INDIGO,13,1,0.06575453134979573,0.2894553542137146,0.4110098,0.10628119999999998,0.25472858851318364,3
2026-08-26,INDUSINDBK,4,1,0.07215676610888208,0.3656374216079712,-0.39312243,0.10628119999999998,-0.5494036346160889,3
2026-08-26,INDUSINDBK,5,1,0.044577323402629154,0.3481108546257019,-0.21675229,0.1062812,-0.373033490725708,3
2026-08-26,INDUSINDBK,12,1,0.051280041756162485,0.2627894878387451,-2.0039499,0.10628119999999998,-2.1602310805999756,3
2026-08-26,INDUSINDBK,13,1,0.07154727243872516,0.2702350616455078,-1.3265967,0.1062812,-1.482877936907959,3
2026-08-26,INDUSINDBK,42,-1,-0.04564625220925359,0.20509977638721466,-0.079762936,0.1062812,-0.23604413563842774,3
2026-08-26,INDUSTOWER,4,1,0.07088172223360094,0.5269930958747864,-0.20666718,0.1062812,-0.3629483848297119,3
2026-08-26,INDUSTOWER,12,1,0.0612541897716368,0.3743552565574646,-0.078070164,0.1062812,-0.23435136372680665,3
2026-08-26,INDUSTOWER,13,1,0.06285625674443115,0.3639194667339325,-0.12997389,0.10628119999999998,-0.28625508839721675,3
2026-08-26,INDUSTOWER,15,1,0.04816440400632131,0.27426043152809143,-0.13015866,0.1062812,-0.2864398627960205,3
2026-08-26,INDUSTOWER,16,1,0.045065122625122356,0.25938552618026733,-0.19525886,0.1062812,-0.35154005581970216,3
2026-08-26,INDUSTOWER,42,-1,-0.04658799814626366,0.13237865269184113,-0.078868866,0.1062812,-0.23515006596679688,3
2026-08-26,INFY,4,1,0.07067683716177532,0.4045204520225525,-0.37095547,0.1062812,-0.5272366672241211,3
2026-08-26,INFY,5,1,0.04870508400195876,0.36359819769859314,-0.4062593,0.1062812,-0.562540498324585,3
2026-08-26,INFY,12,1,0.07249114723552365,0.26943883299827576,-0.1507461,0.10628120000000002,-0.30702730710144044,3
2026-08-26,INFY,13,1,0.07593070015294946,0.2627447247505188,-0.23930669,0.10628119999999998,-0.3955878883087158,3
2026-08-26,INFY,42,-1,-0.04639999961294937,0.10833287239074707,0.08921623,0.1062812,-0.06706496770019532,3
2026-08-26,IOC,3,1,0.04338657774026625,0.5658717155456543,-0.13561845,0.1062812,-0.2918996482574463,3
2026-08-26,IOC,4,1,0.07271168605955097,0.48349350690841675,-0.34222007,0.1062812,-0.4985012679779053,3
2026-08-26,IOC,13,1,0.05059851720890585,0.2708936035633087,0.1502037,0.1062812,-0.006077495166015634,3
2026-08-26,IOC,42,-1,-0.04439783575971562,0.11093325912952423,0.14380217,0.10628120000000002,-0.012479034014892601,3
2026-08-26,IPCALAB,4,1,0.0730048465837055,0.6170714497566223,0.23345947,0.10628119999999998,0.07717827265625003,3
2026-08-26,IPCALAB,13,1,0.04655052895217899,0.5393921136856079,-0.59844255,0.10628119999999998,-0.754723754473877,3
2026-08-26,IPCALAB,15,1,0.04691233855184972,0.5317680239677429,-0.11768341,0.1062812,-0.27396461064453126,3
2026-08-26,IPCALAB,42,-1,-0.045933518100758165,0.1989113688468933,0.04607439,0.10628120000000002,-0.11020680958862307,3
2026-08-26,IRCTC,5,1,0.04323761522208135,0.32984665036201477,-0.13322234,0.1062812,-0.2895035415374756,3
2026-08-26,IRCTC,42,-1,-0.04523448404537178,0.1814870536327362,-0.0,0.10628119999999998,-0.15628119999999998,3
2026-08-26,IRFC,3,1,0.04338657774026625,0.4156033396720886,0.429976,0.1062812,0.2736947864807129,3
2026-08-26,IRFC,4,1,0.07317025021265211,0.38269954919815063,0.33643246,0.10628119999999998,0.1801512569702149,3
2026-08-26,IRFC,12,1,0.044797644318556734,0.37712734937667847,0.092720985,0.10628120000000002,-0.06356021458740237,3
2026-08-26,IRFC,13,1,0.04850833028789018,0.36530300974845886,0.20874739,0.10628119999999998,0.052466186932373066,3
2026-08-26,IRFC,42,-1,-0.04438843194446226,0.10273708403110504,0.10443926,0.1062812,-0.051841941424560556,3
2026-08-26,ITC,4,1,0.06048401851645369,0.28666335344314575,0.14704466,0.1062812,-0.009236541339111337,3
2026-08-26,ITC,5,1,0.044002945236980257,0.32656213641166687,-0.34805536,0.10628119999999998,-0.504336562701416,3
2026-08-26,ITC,12,1,0.0516745465511924,0.2686677575111389,0.018382072,0.1062812,-0.13789912755126954,3
2026-08-26,ITC,13,1,0.06229049287261871,0.26148703694343567,0.07356405,0.1062812,-0.0827171474182129,3
2026-08-26,ITC,42,-1,-0.04606436630451362,0.09073248505592346,0.1840949,0.1062812,0.027813705853271475,3
2026-08-26,JINDALSTEL,4,1,0.07088172223360094,0.4409726560115814,0.61609745,0.10628119999999998,0.4598162502563477,3
2026-08-26,JINDALSTEL,5,1,0.04418456314465358,0.38161352276802063,0.45107603,0.1062812,0.29479483073120116,3
2026-08-26,JINDALSTEL,13,1,0.05777173946826042,0.31629252433776855,0.37255287,0.10628119999999998,0.2162716717041016,3
2026-08-26,JINDALSTEL,42,-1,-0.04511894057253934,0.17704084515571594,-0.111413,0.10628119999999998,-0.2676942020141601,3
2026-08-26,JINDALSTEL,67,1,0.04505998312122952,0.2171461284160614,-0.47417283,0.1062812,-0.630454030581665,3
2026-08-26,JIOFIN,4,1,0.062262457970596735,0.2825550436973572,-0.061422586,0.10628119999999998,-0.21770378644104,3
2026-08-26,JIOFIN,13,1,0.043474985008773434,0.23027299344539642,0.0,0.1062812,-0.1562812,3
2026-08-26,JKCEMENT,4,1,0.058624083893632765,0.3090718388557434,0.6200552,0.1062812,0.46377399866943364,3
2026-08-26,JKCEMENT,12,1,0.051161394851546235,0.2701360881328583,0.5034685,0.1062812,0.3471873134887695,3
2026-08-26,JKCEMENT,13,1,0.05599565221097967,0.2615140676498413,0.21803379,0.1062812,0.0617525905883789,3
2026-08-26,JKCEMENT,42,-1,-0.04588896496114077,0.11199719458818436,0.11331439,0.10628119999999998,-0.042966809817504864,3
2026-08-26,JSL,4,1,0.07745550201748942,0.4503328204154968,0.57725906,0.10628119999999998,0.42097786372070317,3
2026-08-26,JSL,5,1,0.044002945236980257,0.44494760036468506,0.049698353,0.10628120000000002,-0.10658284718627932,3
2026-08-26,JSL,12,1,0.0483688658866973,0.3035214841365814,-0.14193654,0.1062812,-0.2982177406036377,3
2026-08-26,JSL,13,1,0.04992937035539785,0.2904585897922516,-0.078082085,0.1062812,-0.23436328465576173,3
2026-08-26,JSWENERGY,4,1,0.07268307151994897,0.45471081137657166,0.08186102,0.1062812,-0.07442018086547852,3
2026-08-26,JSWENERGY,5,1,0.04595953538500536,0.45620638132095337,-0.33536553,0.1062812,-0.49164673382873536,3
2026-08-26,JSWENERGY,13,1,0.051548774740514815,0.30776360630989075,0.39087534,0.1062812,0.23459413950805663,3
2026-08-26,JSWINFRA,4,1,0.07482690207461139,0.33996662497520447,-0.62464476,0.1062812,-0.7809259563171387,3
2026-08-26,JSWINFRA,5,1,0.04818278277428173,0.37365853786468506,-0.45098066,0.10628120000000002,-0.6072618632995606,3
2026-08-26,JSWINFRA,12,1,0.051366322630552096,0.2900211215019226,0.7306695,0.1062812,0.5743882984436035,3
2026-08-26,JSWINFRA,13,1,0.049227362982436684,0.3095652461051941,0.2620101,0.1062812,0.10572889750366209,3
2026-08-26,JSWINFRA,42,-1,-0.04379417888926525,0.1504523903131485,-0.07263422,0.1062812,-0.22891542012329102,3
2026-08-26,JSWSTEEL,4,1,0.07391291880104728,0.4842122495174408,-0.23527145,0.1062812,-0.3915526538574219,3
2026-08-26,JSWSTEEL,12,1,0.0510529366655736,0.3261995017528534,0.09895563,0.1062812,-0.05732556874389649,3
2026-08-26,JSWSTEEL,13,1,0.04859583669081199,0.32702621817588806,0.18277168,0.10628119999999998,0.02649048273925783,3
2026-08-26,JSWSTEEL,42,-1,-0.04398217742257954,0.14158287644386292,-0.17397404,0.1062812,-0.33025523717041017,3
2026-08-26,JUBLFOOD,3,1,0.08660453713108031,0.8205059170722961,0.048410892,0.1062812,-0.10787030751342774,3
2026-08-26,JUBLFOOD,4,1,0.08332785561645031,0.7178811430931091,-0.10642409,0.1062812,-0.26270529324645997,3
2026-08-26,JUBLFOOD,5,1,0.08064818543592878,0.6496666073799133,0.058197975,0.1062812,-0.0980832248413086,3
2026-08-26,JUBLFOOD,12,1,0.059042327013372205,0.4734998941421509,-0.6397188,0.1062812,-0.795999970980835,3
2026-08-26,JUBLFOOD,13,1,0.07558456643950126,0.466170996427536,-0.6109297,0.1062812,-0.7672109275543213,3
2026-08-26,JUBLFOOD,15,1,0.06898682473990998,0.3366669714450836,-0.583148,0.10628119999999998,-0.7394292026245117,3
2026-08-26,JUBLFOOD,16,1,0.04768624679582238,0.3187606632709503,-0.233984,0.1062812,-0.39026519353027345,3
2026-08-26,KALYANKJIL,4,1,0.0724019006139648,0.3884117007255554,0.32639503,0.10628119999999998,0.1701138347900391,3
2026-08-26,KALYANKJIL,5,1,0.044002945236980257,0.4002479910850525,-0.2035141,0.1062812,-0.35979529912109376,3
2026-08-26,KALYANKJIL,12,1,0.045343848879463584,0.3231542408466339,0.032627583,0.1062812,-0.12365361744995118,3
2026-08-26,KALYANKJIL,13,1,0.04885022776597666,0.31382542848587036,0.04891157,0.1062812,-0.10736962849731446,3
2026-08-26,KALYANKJIL,42,-1,-0.04382387884819104,0.11977654695510864,-0.1963377,0.1062812,-0.3526188998901367,3
2026-08-26,KEI,3,1,0.06277504688538525,0.71285080909729,0.44683218,0.1062812,0.29055098002319335,3
2026-08-26,KEI,4,1,0.07529714044990868,0.6332108974456787,0.5054116,0.1062812,0.34913042490844726,3
2026-08-26,KEI,5,1,0.04682806255734395,0.5453956127166748,0.6082773,0.1062812,0.45199612086181645,3
2026-08-26,KEI,13,1,0.0484786243796127,0.41972029209136963,0.039589405,0.1062812,-0.11669179494018556,3
2026-08-26,KEI,15,1,0.04760199387526694,0.33920592069625854,0.06480217,0.1062812,-0.09147903020019532,3
2026-08-26,KEI,16,1,0.04558394232352277,0.3419915735721588,0.124287605,0.10628119999999998,-0.03199359471435545,3
2026-08-26,KEI,42,-1,-0.045675952168179386,0.18541991710662842,0.60685277,0.1062812,0.4505715698516846,3
2026-08-26,KOTAKBANK,4,1,0.06712413478803617,0.4873873293399811,0.41656494,0.10628119999999998,0.26028374140625005,3
2026-08-26,KOTAKBANK,13,1,0.04322800618095177,0.3544437885284424,0.7071376,0.10628119999999998,0.5508563846862793,3
2026-08-26,KOTAKBANK,67,1,0.0471591671526011,0.12344800680875778,0.036013126,0.1062812,-0.120268073626709,3
2026-08-26,KPITTECH,4,1,0.07214859375698371,0.5415432453155518,0.16877651,0.10628119999999998,0.012495312145996113,3
2026-08-26,KPITTECH,13,1,0.04899018240362566,0.303989052772522,-0.09269714,0.1062812,-0.2489783435546875,3
2026-08-26,KPRMILL,3,1,0.044079510253375,0.695244550704956,0.0,0.1062812,-0.1562812,3
2026-08-26,KPRMILL,4,1,0.07597656697554259,0.5761900544166565,-0.08859038,0.10628119999999998,-0.24487158352966304,3
2026-08-26,KPRMILL,13,1,0.048877204071010566,0.2946103513240814,-0.43455362,0.1062812,-0.5908348231994629,3
2026-08-26,KPRMILL,42,-1,-0.043739972892450664,0.17873193323612213,-0.1149416,0.1062812,-0.2712227969848633,3
2026-08-26,LAURUSLABS,3,1,0.0454527668104805,0.7246757745742798,0.14981031,0.1062812,-0.006470885821533212,3
2026-08-26,LAURUSLABS,4,1,0.07762002803105725,0.6222885847091675,0.8407831,0.10628119999999998,0.6845019192016601,3
2026-08-26,LAURUSLABS,5,1,0.043343830548105124,0.5560320019721985,0.9638548,0.1062812,0.8075735897338867,3
2026-08-26,LICHSGFIN,3,1,0.04339855950757856,1.0372443199157715,1.099968,0.10628119999999998,0.9436867565429687,3
2026-08-26,LICHSGFIN,4,1,0.08697052887156038,0.9978926777839661,0.3928423,0.1062812,0.23656109278564452,3
2026-08-26,LICHSGFIN,5,1,0.06226508263348118,0.9369908571243286,-0.23912191,0.10628119999999998,-0.39540311390991206,3
2026-08-26,LICHSGFIN,13,1,0.04395950537734948,0.6276137232780457,0.057530403,0.10628119999999998,-0.09875079686279295,3
2026-08-26,LICHSGFIN,15,1,0.043638030719572875,0.5088843703269958,0.047957897,0.1062812,-0.10832330281372071,3
2026-08-26,LICHSGFIN,67,1,0.04810050973719336,0.19703330099582672,-0.25677085,0.1062812,-0.4130520492279053,3
2026-08-26,LICI,3,1,0.0621478928088969,0.7113084197044373,0.2976179,0.1062812,0.14133671229248046,3
2026-08-26,LICI,4,1,0.08131746038218673,0.6864599585533142,0.02374649,0.10628119999999998,-0.13253470952148436,3
2026-08-26,LICI,5,1,0.05847923219241347,0.6136912107467651,-0.059378147,0.10628119999999998,-0.2156593471252441,3
2026-08-26,LICI,12,1,0.055160388920169896,0.3948524296283722,-0.427711,0.10628120000000002,-0.5839922099792481,3
2026-08-26,LICI,13,1,0.07263966029648841,0.4048755466938019,-0.10741353,0.1062812,-0.26369473034973145,3
2026-08-26,LICI,15,1,0.06042806073545313,0.33823394775390625,-0.047582388,0.1062812,-0.20386358792419434,3
2026-08-26,LICI,16,1,0.05654294438501017,0.3373771011829376,0.32200813,0.1062812,0.1657269329345703,3
2026-08-26,LINDEINDIA,4,1,0.07083950355108597,0.36557501554489136,1.8737197,0.1062812,1.7174384922302246,3
2026-08-26,LINDEINDIA,15,1,0.049299232767523286,0.425932914018631,0.2415061,0.1062812,0.08522489970092771,3
2026-08-26,LINDEINDIA,42,-1,-0.04712730867540984,0.15931622684001923,0.09050965,0.1062812,-0.06577154690856934,3
2026-08-26,LLOYDSME,3,1,0.05264411197649192,0.705031156539917,0.0054478645,0.1062812,-0.1508333354675293,3
2026-08-26,LLOYDSME,4,1,0.07586214184273454,0.586057186126709,0.27240515,0.1062812,0.11612394755249021,3
2026-08-26,LLOYDSME,5,1,0.04743184779859952,0.5249777436256409,0.027251244,0.1062812,-0.12902995640869142,3
2026-08-26,LLOYDSME,12,1,0.044878551881760154,0.38650158047676086,0.010895729,0.1062812,-0.1453854709350586,3
2026-08-26,LLOYDSME,13,1,0.04656014126207556,0.37192240357398987,0.08723736,0.1062812,-0.06904384190673829,3
2026-08-26,LODHA,3,1,0.04404530255650255,0.7660977244377136,-0.3878355,0.1062812,-0.5441167026245117,3
2026-08-26,LODHA,4,1,0.07534308452322856,0.6651147603988647,-0.25581717,0.1062812,-0.41209837491149903,3
2026-08-26,LODHA,5,1,0.04661554222986664,0.6183823943138123,-0.44933558,0.1062812,-0.6056167751037598,3
2026-08-26,LODHA,12,1,0.048040830271832195,0.46572837233543396,0.15563965,0.1062812,-0.000641551562500009,3
2026-08-26,LODHA,42,-1,-0.04750740615502517,0.1583835631608963,-0.14106035,0.1062812,-0.29734155232543946,3
2026-08-26,LT,4,1,0.07347749916323665,0.327107310295105,-0.20256639,0.1062812,-0.35884758526916505,3
2026-08-26,LT,13,1,0.058507864340884674,0.1986066997051239,-0.036740303,0.10628120000000002,-0.1930215030395508,3
2026-08-26,LTF,4,1,0.07494784791374927,0.48682019114494324,-0.046527386,0.1062812,-0.20280858571166993,3
2026-08-26,LTF,13,1,0.04703825445827292,0.33627864718437195,-0.062143803,0.10628120000000002,-0.21842500264282227,3
2026-08-26,LTF,42,-1,-0.05044455204578366,0.22461947798728943,0.44525862,0.1062812,0.28897741740112304,3
2026-08-26,LTTS,4,1,0.07165395382616987,0.4161916673183441,-0.18076897,0.1062812,-0.3370501666748047,3
2026-08-26,LTTS,13,1,0.06305295515555549,0.26258373260498047,-0.5446315,0.1062812,-0.7009126811706543,3
2026-08-26,LTTS,42,-1,-0.04639999961294937,0.16032326221466064,0.09586811,0.1062812,-0.06041308934326173,3
2026-08-26,LUPIN,3,1,0.04506919343190434,0.6574113368988037,0.03207922,0.10628119999999998,-0.12420198018188475,3
2026-08-26,LUPIN,4,1,0.0709246980100851,0.56474769115448,0.073337555,0.1062812,-0.08294364506835938,3
2026-08-26,LUPIN,5,1,0.04362667467324976,0.49727192521095276,-0.059574842,0.1062812,-0.21585604245300294,3
2026-08-26,LUPIN,12,1,0.04982045143094674,0.31395819783210754,0.077962875,0.10628119999999998,-0.07831832463378904,3
2026-08-26,LUPIN,13,1,0.057380860166880134,0.30331847071647644,-0.03207326,0.10628119999999998,-0.18835445935363765,3
2026-08-26,LUPIN,42,-1,-0.046388696802411755,0.12757252156734467,-1.3533235,0.1062812,-1.5096046596252441,3
2026-08-26,MAHABANK,3,1,0.0668830074948882,1.2742230892181396,0.023496151,0.1062812,-0.13278504902954102,3
2026-08-26,MAHABANK,4,1,0.12241629029080062,1.4805434942245483,-2.2565007,0.1062812,-2.412781920977783,3
2026-08-26,MAHABANK,5,1,0.05896580532719057,1.5812666416168213,-0.26919842,0.10628119999999998,-0.42547961766357417,3
2026-08-26,MAHABANK,12,1,0.050038128695991994,1.024617075920105,-0.37554502,0.1062812,-0.5318262248718262,3
2026-08-26,MAHABANK,13,1,0.0525689219976653,0.9646615982055664,-0.50427914,0.10628119999999998,-0.6605603366577149,3
2026-08-26,MAHABANK,15,1,0.05262301858343921,0.8071961402893066,0.20012856,0.1062812,0.043847355297851554,3
2026-08-26,MAHABANK,67,1,0.04653112240228993,0.18616808950901031,0.0,0.1062812,-0.1562812,3
2026-08-26,MANKIND,3,1,0.06069740083323026,0.910659909248352,-0.020754337,0.1062812,-0.17703553731079102,3
2026-08-26,MANKIND,4,1,0.09078731170908852,0.8043842315673828,0.12447834,0.10628120000000002,-0.03180285985107424,3
2026-08-26,MANKIND,5,1,0.053214468251058265,0.6964629888534546,-0.06638765,0.1062812,-0.2226688533508301,3
2026-08-26,MANKIND,12,1,0.046538641938615614,0.5021095275878906,-0.06642938,0.1062812,-0.22271057660217286,3
2026-08-26,MANKIND,13,1,0.04986023008371065,0.47107136249542236,-0.116205215,0.10628119999999998,-0.2724864154541015,3
2026-08-26,MANKIND,15,1,0.04359035337652137,0.29953598976135254,0.66919327,0.1062812,0.5129120678222656,3
2026-08-26,MARICO,4,1,0.07662377274905287,0.34599578380584717,-0.005942583,0.1062812,-0.16222378308410645,3
2026-08-26,MARICO,5,1,0.04346389562589994,0.3105151355266571,-0.18452406,0.1062812,-0.3408052592956543,3
2026-08-26,MARICO,12,1,0.061342217304667074,0.2417462170124054,0.16100407,0.10628119999999998,0.004722866467285175,3
2026-08-26,MARICO,13,1,0.05568402916338075,0.23247434198856354,0.10133982,0.1062812,-0.05494138295288087,3
2026-08-26,MARUTI,3,1,0.04856106267100195,0.3659518361091614,0.036597252,0.1062812,-0.11968394810791017,3
2026-08-26,MARUTI,4,1,0.0713236758644756,0.3462381362915039,-0.15333891,0.1062812,-0.30962010914916993,3
2026-08-26,MARUTI,12,1,0.04861091442269717,0.240754634141922,0.06594658,0.1062812,-0.09033462102050782,3
2026-08-26,MARUTI,13,1,0.048677445250877735,0.23828727006912231,0.12464523,0.1062812,-0.031635966845703134,3
2026-08-26,MARUTI,42,-1,-0.04412437299996442,0.10493399947881699,0.044071674,0.10628119999999998,-0.11220952565307615,3
2026-08-26,MAXHEALTH,3,1,0.046665792168839135,0.8843885660171509,-0.0395298,0.1062812,-0.19581100041503907,3
2026-08-26,MAXHEALTH,4,1,0.07641894888591802,0.7569179534912109,0.08889437,0.1062812,-0.06738683278198243,3
2026-08-26,MAXHEALTH,5,1,0.050828276803591824,0.668775737285614,0.28653145,0.10628119999999998,0.13025024836425786,3
2026-08-26,MAXHEALTH,15,1,0.0441910323646052,0.27867767214775085,0.6108403,0.1062812,0.45455912058715825,3
2026-08-26,MAXHEALTH,42,-1,-0.04457517110216872,0.1729465276002884,0.26561618,0.1062812,0.10933497851257322,3
2026-08-26,MAZDOCK,4,1,0.07579946384313191,0.4554585814476013,-0.003874302,0.1062812,-0.1601555019104004,3
2026-08-26,MAZDOCK,5,1,0.05067426146203902,0.41978901624679565,-0.23183227,0.1062812,-0.38811346585388184,3
2026-08-26,MAZDOCK,12,1,0.05309869839640455,0.3145906925201416,0.054204464,0.1062812,-0.10207673604125977,3
2026-08-26,MAZDOCK,13,1,0.060859856994583794,0.30133056640625,0.20531416,0.1062812,0.04903295939331054,3
2026-08-26,MCX,3,1,0.06428676189215915,0.7028773427009583,0.6742716,0.1062812,0.5179903835571289,3
2026-08-26,MCX,4,1,0.0959058959154566,0.7062445282936096,1.1688709,0.10628120000000002,1.0125897259033203,3
2026-08-26,MCX,5,1,0.05427464137732942,0.6818669438362122,0.9196758,0.1062812,0.7633946270263672,3
2026-08-26,MCX,15,1,0.04563870740117376,0.39825040102005005,-0.03349781,0.1062812,-0.18977901036376954,3
2026-08-26,MCX,42,-1,-0.04330814079982554,0.17847302556037903,-0.3119588,0.1062812,-0.46823998982543946,3
2026-08-26,MEDANTA,4,1,0.07149158834402372,0.5380353927612305,2.261722,0.10628119999999998,2.1054408878601074,3
2026-08-26,MEDANTA,67,1,0.05074783623577307,0.12059404700994492,0.1298666,0.1062812,-0.026414599963378915,3
2026-08-26,MFSL,3,1,0.05997635521283677,0.6320132613182068,-0.04413128,0.1062812,-0.20041247899169923,3
2026-08-26,MFSL,4,1,0.07703319107261403,0.5523405075073242,-0.24534464,0.1062812,-0.4016258388244629,3
2026-08-26,MFSL,5,1,0.05131702711883986,0.49180009961128235,-0.49072504,0.1062812,-0.647006240435791,3
2026-08-26,MFSL,12,1,0.06506647648574371,0.3297325074672699,0.2465725,0.1062812,0.09029129450683591,3
2026-08-26,MFSL,13,1,0.06781071880151184,0.31774070858955383,0.3033042,0.10628120000000002,0.14702299540405273,3
2026-08-26,MFSL,42,-1,-0.046776978084614215,0.10500412434339523,0.025248528,0.1062812,-0.13103267247314454,3
2026-08-26,MOTILALOFS,3,1,0.04857532481702819,0.6442429423332214,0.55145025,0.1062812,0.395169052532959,3
2026-08-26,MOTILALOFS,4,1,0.07860116787268766,0.5491872429847717,1.1126518,0.10628119999999998,0.9563706249511719,3
2026-08-26,MOTILALOFS,5,1,0.048357312820130574,0.4800364673137665,1.2505531,0.1062812,1.0942719311035156,3
2026-08-26,MOTILALOFS,67,1,0.04884031030829772,0.19837509095668793,-0.3974557,0.1062812,-0.5537368922912598,3
2026-08-26,MPHASIS,4,1,0.07510014211083313,0.5711468458175659,0.11507273,0.1062812,-0.04120847279663087,3
2026-08-26,MPHASIS,5,1,0.04608346428972952,0.5242522358894348,-0.17626286,0.10628120000000002,-0.33254405552978517,3
2026-08-26,MPHASIS,12,1,0.05175795331881949,0.33355578780174255,-0.01232028,0.1062812,-0.16860148007507325,3
2026-08-26,MPHASIS,13,1,0.06866716137034648,0.3163265585899353,-0.07801652,0.1062812,-0.2342977195465088,3
2026-08-26,MPHASIS,42,-1,-0.051274949373172056,0.1921684443950653,-0.3263712,0.10628119999999998,-0.48265239293212886,3
2026-08-26,MRF,42,-1,-0.04486404333656415,0.04808206111192703,0.05235672,0.07078411697830964,-0.06842739700760651,3
2026-08-26,MUTHOOTFIN,3,1,0.05875783782784937,0.7493438124656677,0.49510002,0.1062812,0.3388188213623047,3
2026-08-26,MUTHOOTFIN,4,1,0.07264264182412339,0.7077162861824036,-0.06237626,0.1062812,-0.2186574607574463,3
2026-08-26,MUTHOOTFIN,5,1,0.04742425375853624,0.6376129984855652,-0.2894938,0.1062812,-0.44577499920959474,3
2026-08-26,MUTHOOTFIN,12,1,0.048456737757804826,0.44810983538627625,-0.07804632,0.1062812,-0.2343275218688965,3
2026-08-26,MUTHOOTFIN,13,1,0.04537912480429054,0.42483821511268616,-0.02809763,0.10628119999999998,-0.1843788295471191,3
2026-08-26,M_AND_M,4,1,0.06266677091448832,0.29623106122016907,0.07275343,0.10628119999999998,-0.08352777058715818,3
2026-08-26,M_AND_M,13,1,0.05189405351607917,0.22394387423992157,0.31237602,0.10628119999999998,0.15609482233886723,3
2026-08-26,M_AND_M,42,-1,-0.044706755860536275,0.09949936717748642,0.078845024,0.1062812,-0.07743617589111329,3
2026-08-26,M_AND_MFIN,4,1,0.07785331964880851,0.4475090801715851,0.26015043,0.1062812,0.1038692325866699,3
2026-08-26,M_AND_MFIN,12,1,0.04973061820620601,0.3319702446460724,0.8580327,0.1062812,0.7017515033996582,3
2026-08-26,NAM-INDIA,4,1,0.07429407684512161,0.40664395689964294,0.22674799,0.1062812,0.070466789654541,3
2026-08-26,NAM-INDIA,12,1,0.05709252461554053,0.30974552035331726,0.30081272,0.10628119999999998,0.14453152125244145,3
2026-08-26,NAM-INDIA,13,1,0.055100331681685946,0.3162253201007843,0.08919239,0.1062812,-0.06708880955810548,3
2026-08-26,NATIONALUM,4,1,0.0725104205058199,0.5950307250022888,0.16319752,0.10628120000000002,0.006916317395019508,3
2026-08-26,NATIONALUM,5,1,0.047208227244404016,0.5377034544944763,-0.22596121,0.10628120000000002,-0.38224240834350587,3
2026-08-26,NATIONALUM,12,1,0.04837143368726509,0.42003875970840454,-0.088089705,0.1062812,-0.2443709045135498,3
2026-08-26,NATIONALUM,13,1,0.055513200311472416,0.4055180549621582,-0.15105605,0.10628119999999998,-0.3073372512542724,3
2026-08-26,NATIONALUM,15,1,0.049668172750973634,0.314120888710022,0.025200844,0.10628120000000002,-0.13108035618896485,3
2026-08-26,NATIONALUM,16,1,0.04882215284624928,0.2970195710659027,-0.012600422,0.1062812,-0.1688816219055176,3
2026-08-26,NATIONALUM,42,-1,-0.04475688218498931,0.17748983204364777,-0.40363073,0.1062812,-0.5599119334899902,3
2026-08-26,NAUKRI,4,1,0.07485842688299969,0.5453187227249146,0.20973682,0.10628119999999998,0.05345562403564455,3
2026-08-26,NAUKRI,5,1,0.049531260768779145,0.48007383942604065,0.0074744225,0.1062812,-0.14880677754516602,3
2026-08-26,NAUKRI,12,1,0.054738873296575855,0.33377331495285034,-0.32899976,0.10628119999999998,-0.4852809577667236,3
2026-08-26,NAUKRI,13,1,0.057223652639055954,0.31984615325927734,-0.3363967,0.10628119999999998,-0.49267789418334956,3
2026-08-26,NESTLEIND,4,1,0.07538740800233769,0.375048965215683,-0.33286214,0.1062812,-0.48914333874816895,3
2026-08-26,NESTLEIND,5,1,0.04523109447125679,0.3641420900821686,-0.39474964,0.1062812,-0.551030841418457,3
2026-08-26,NESTLEIND,12,1,0.0659044575789283,0.2938150465488434,-0.24596453,0.1062812,-0.40224572713012696,3
2026-08-26,NESTLEIND,13,1,0.08679369298356412,0.29157426953315735,-0.11623502,0.1062812,-0.27251621777648927,3
2026-08-26,NESTLEIND,42,-1,-0.044894754393850565,0.11504948884248734,-0.020647049,0.1062812,-0.17692824895019532,3
2026-08-26,NHPC,13,1,0.050318512333376794,0.19690851867198944,0.0,0.1062812,-0.1562812,3
2026-08-26,NIACL,4,1,0.0733257105184647,0.47373804450035095,-0.58442354,0.1062812,-0.7407047420227051,3
2026-08-26,NIACL,5,1,0.043758968530025755,0.4446465075016022,0.5325079,0.1062812,0.37622669642333983,3
2026-08-26,NIACL,15,1,0.044496242169814834,0.4271179437637329,-0.063592196,0.1062812,-0.21987339551086427,3
2026-08-26,NIACL,42,-1,-0.043739972892450664,0.1750858724117279,0.49328804,0.10628119999999998,0.33700684016113286,3
2026-08-26,NLCINDIA,3,1,0.04347258025829292,0.4272320568561554,0.34912825,0.10628120000000002,0.19284704630737304,3
2026-08-26,NLCINDIA,4,1,0.07260692701253264,0.43565672636032104,-0.16473532,0.1062812,-0.3210165172302246,3
2026-08-26,NLCINDIA,13,1,0.04767111142913242,0.33307772874832153,0.091814995,0.1062812,-0.06446620518798829,3
2026-08-26,NLCINDIA,42,-1,-0.045313687474818766,0.09707256406545639,0.1837194,0.1062812,0.027438196591186514,3
2026-08-26,NMDC,4,1,0.062063012644587454,0.271431565284729,0.42903423,0.10628119999999998,0.27275303309326177,3
2026-08-26,NMDC,12,1,0.05196181244269697,0.285856693983078,-0.04630685,0.1062812,-0.20258804852600099,3
2026-08-26,NMDC,13,1,0.061061196064550106,0.28055012226104736,0.011575222,0.10628119999999998,-0.14470597798461912,3
2026-08-26,NMDC,42,-1,-0.04566998809065967,0.17613497376441956,-0.22935867,0.1062812,-0.38563987309570313,3
2026-08-26,NMDC,67,1,0.04480213089060074,0.23970425128936768,-0.6420374,0.1062812,-0.7983185916625977,3
2026-08-26,NTPC,4,1,0.07202007709227165,0.41976460814476013,-0.55393577,0.1062812,-0.7102169662200928,3
2026-08-26,NTPC,5,1,0.044002945236980257,0.4238108992576599,-1.0754228,0.1062812,-1.231703963824463,3
2026-08-26,NTPC,12,1,0.05038983576566051,0.340148001909256,-0.13225675,0.10628120000000002,-0.28853794629211427,3
2026-08-26,NTPC,13,1,0.05652088001990066,0.33117520809173584,-0.04413724,0.1062812,-0.20041843945617677,3
2026-08-26,NYKAA,4,1,0.07169697648730734,0.41933193802833557,-0.28265715,0.10628120000000002,-0.43893834645385743,3
2026-08-26,NYKAA,5,1,0.04371415309557846,0.4305422604084015,0.13437271,0.10628119999999998,-0.021908488818359356,3
2026-08-26,NYKAA,12,1,0.04399392435828755,0.27755242586135864,0.119280815,0.10628119999999998,-0.03700038487548826,3
2026-08-26,NYKAA,13,1,0.05318577950043413,0.27078983187675476,0.16419888,0.10628119999999998,0.007917675427246113,3
2026-08-26,OBEROIRLTY,4,1,0.07300568585522034,0.47933894395828247,0.08461475,0.10628119999999998,-0.07166644627685545,3
2026-08-26,OBEROIRLTY,5,1,0.0432758177974808,0.42902153730392456,-0.031721592,0.10628119999999998,-0.18800279194946284,3
2026-08-26,OBEROIRLTY,42,-1,-0.04464702278398873,0.15449170768260956,0.064098835,0.10628120000000002,-0.09218236500854494,3
2026-08-26,OFSS,4,1,0.07181550696012454,0.46211349964141846,2.2001386,0.10628119999999998,2.043857368878174,3
2026-08-26,OFSS,15,1,0.04506101142040915,0.43945953249931335,-0.74296594,0.10628120000000002,-0.8992471366607666,3
2026-08-26,OFSS,16,1,0.043248515638769816,0.4219183325767517,-0.9575367,0.1062812,-1.1138178973876953,3
2026-08-26,OIL,4,1,0.081820819432006,0.5892465114593506,0.15053749,0.1062812,-0.0057437091552734465,3
2026-08-26,OIL,5,1,0.047329183639475816,0.5329448580741882,0.22598505,0.1062812,0.069703850201416,3
2026-08-26,OIL,13,1,0.05024972054533353,0.34732767939567566,0.24698973,0.1062812,0.09070852702026365,3
2026-08-26,OIL,42,-1,-0.04826423251939511,0.1584244668483734,0.3092289,0.1062812,0.15294769709472655,3
2026-08-26,OIL,67,1,0.045834293533379956,0.13823960721492767,-0.191468,0.1062812,-0.3477492004119873,3
2026-08-26,ONGC,4,1,0.07495948553617311,0.5483459234237671,-0.14607906,0.1062812,-0.30236026341552735,3
2026-08-26,ONGC,5,1,0.04473777904563046,0.5047892928123474,-0.051623583,0.10628119999999998,-0.20790478283996577,3
2026-08-26,ONGC,12,1,0.04839996523354836,0.3109101355075836,-0.021517277,0.10628119999999998,-0.17779847676391597,3
2026-08-26,ONGC,13,1,0.057138002838897514,0.293992280960083,0.073194504,0.10628119999999998,-0.0830866962158203,3
2026-08-26,ONGC,42,-1,-0.04581398863569656,0.09282800555229187,0.17156005,0.1062812,0.015278849057006827,3
2026-08-26,PAGEIND,3,1,0.044977088138754624,0.31333616375923157,-0.014084578,0.10628120000000002,-0.1703657775604248,3
2026-08-26,PAGEIND,4,1,0.06341116710787335,0.2956081032752991,-0.04222989,0.1062812,-0.19851109082336427,3
2026-08-26,PAGEIND,13,1,0.0481610279781726,0.23265650868415833,0.15491247,0.10628120000000002,-0.0013687282287597885,3
2026-08-26,PAGEIND,42,-1,-0.04768902406269849,0.1138424351811409,-0.0564456,0.1062812,-0.21272679860229493,3
2026-08-26,PATANJALI,12,1,0.04833589133879369,0.28330743312835693,-0.200665,0.1062812,-0.3569461971008301,3
2026-08-26,PATANJALI,13,1,0.0721454604037313,0.27582916617393494,-0.028705597,0.1062812,-0.18498679692382813,3
2026-08-26,PATANJALI,42,-1,-0.04382387884819104,0.10093715041875839,0.043272972,0.1062812,-0.11300822789306642,3
2026-08-26,PAYTM,4,1,0.07819283179456549,0.6616750955581665,0.19153357,0.1062812,0.035252365521240225,3
2026-08-26,PAYTM,5,1,0.05094841837373778,0.6138416528701782,0.08131266,0.1062812,-0.07496854359741212,3
2026-08-26,PAYTM,12,1,0.05471507595995607,0.47231587767601013,-0.37705302,0.1062812,-0.5333342223846436,3
2026-08-26,PAYTM,13,1,0.05358665313956645,0.4621369540691376,-0.56738853,0.10628119999999998,-0.7236697345458984,3
2026-08-26,PAYTM,15,1,0.04779550339310932,0.35579878091812134,-0.59069395,0.10628120000000002,-0.7469751506530762,3
2026-08-26,PAYTM,16,1,0.0499203035740643,0.355876624584198,-0.37786365,0.1062812,-0.5341448455535889,3
2026-08-26,PAYTM,42,-1,-0.04564625220925359,0.18410491943359375,0.20273328,0.1062812,0.046452078274536124,3
2026-08-26,PERSISTENT,4,1,0.07769451708229198,0.4780806303024292,0.39696693,0.1062812,0.24068573420410155,3
2026-08-26,PERSISTENT,13,1,0.04635129486715399,0.32147881388664246,-0.21087527,0.1062812,-0.3671564727508545,3
2026-08-26,PETRONET,3,1,0.04363169974229534,0.4258969724178314,0.42589903,0.1062812,0.26961782877807616,3
2026-08-26,PETRONET,4,1,0.07390874758995161,0.44068002700805664,-0.067836046,0.10628119999999998,-0.22411724621887202,3
2026-08-26,PETRONET,12,1,0.04400123153696324,0.3235035836696625,0.033950806,0.1062812,-0.12233039433593751,3
2026-08-26,PETRONET,13,1,0.05032108810199615,0.3139328360557556,0.050902367,0.1062812,-0.10537883336181642,3
2026-08-26,PFC,13,1,0.049134355706371036,0.2241278439760208,0.19099712,0.1062812,0.03471592371826171,3
2026-08-26,PHOENIXLTD,4,1,0.07163612640783391,0.44711315631866455,-0.09313226,0.1062812,-0.24941345746154786,3
2026-08-26,PHOENIXLTD,5,1,0.04625968376549587,0.42821264266967773,-0.284338,0.10628119999999998,-0.4406191974365234,3
2026-08-26,PHOENIXLTD,12,1,0.0512307639121112,0.32702675461769104,0.49253702,0.10628119999999998,0.33625582163696294,3
2026-08-26,PHOENIXLTD,13,1,0.05805930457386083,0.31427693367004395,0.25906563,0.1062812,0.10278442805175779,3
2026-08-26,PHOENIXLTD,42,-1,-0.04658799814626366,0.15750262141227722,-0.32143593,0.10628119999999998,-0.4777171283447265,3
2026-08-26,PIDILITIND,4,1,0.07150362614681845,0.3880681097507477,-0.054234266,0.1062812,-0.21051546628112794,3
2026-08-26,PIDILITIND,12,1,0.054388676641553294,0.26818475127220154,-0.17521977,0.1062812,-0.33150097424621583,3
2026-08-26,PIDILITIND,13,1,0.062222344028820605,0.269076943397522,-0.07862449,0.10628120000000002,-0.23490568692321778,3
2026-08-26,PIDILITIND,42,-1,-0.045675952168179386,0.11501995474100113,0.078982115,0.1062812,-0.07729908520812989,3
2026-08-26,PIIND,4,1,0.07510014211083313,0.33735135197639465,1.344037,0.10628119999999998,1.1877558559692383,3
2026-08-26,PIIND,12,1,0.048180601194522096,0.33565473556518555,0.2142787,0.1062812,0.05799749796752929,3
2026-08-26,PIIND,13,1,0.056415836873729086,0.3330826759338379,0.40911436,0.1062812,0.25283316080932616,3
2026-08-26,PIIND,15,1,0.045789703491200165,0.3115798234939575,0.13086796,0.10628119999999998,-0.025413241931152325,3
2026-08-26,PIIND,16,1,0.04565906329881426,0.2881951630115509,0.13085604,0.1062812,-0.02542516286010743,3
2026-08-26,PIIND,42,-1,-0.04619729972737392,0.18750764429569244,-0.0,0.10628119999999998,-0.15628119999999998,3
2026-08-26,PNB,4,1,0.0754302948719538,0.5080696940422058,-0.49277544,0.1062812,-0.6490566402160645,3
2026-08-26,PNB,12,1,0.05053551896917128,0.3142658472061157,-0.17094016,0.1062812,-0.3272213607513428,3
2026-08-26,PNB,13,1,0.056092842220794296,0.3021966814994812,-0.15391111,0.10628119999999998,-0.3101923137390136,3
2026-08-26,POLICYBZR,4,1,0.0705583458495767,0.44618695974349976,1.7417789,0.1062812,1.58549765055542,3
2026-08-26,POLICYBZR,13,1,0.04648950061709728,0.49410298466682434,-0.5681515,0.1062812,-0.7244326739990234,3
2026-08-26,POLICYBZR,15,1,0.046540395407798585,0.4984109401702881,-0.09698272,0.1062812,-0.2532639175140381,3
2026-08-26,POLYCAB,3,1,0.05510892986898839,0.4779452383518219,0.5207777,0.10628119999999998,0.364496502331543,3
2026-08-26,POLYCAB,4,1,0.07293688451274546,0.48457419872283936,0.7892251,0.10628119999999998,0.6329439014709473,3
2026-08-26,POLYCAB,5,1,0.04478055709594153,0.42904654145240784,0.60629845,0.1062812,0.4500172466552735,3
2026-08-26,POLYCAB,42,-1,-0.04486505443492477,0.09949035942554474,0.72671175,0.1062812,0.5704305500305176,3
2026-08-26,POWERGRID,4,1,0.07252979095265387,0.3653796911239624,-0.36920905,0.1062812,-0.5254902511322022,3
2026-08-26,POWERGRID,5,1,0.0479929277061369,0.3323482275009155,-0.5538106,0.1062812,-0.7100917964660645,3
2026-08-26,POWERGRID,12,1,0.06211327635519293,0.2598850727081299,-0.037121773,0.1062812,-0.1934029727661133,3
2026-08-26,POWERGRID,13,1,0.06295564252442988,0.2574245035648346,0.13004541,0.1062812,-0.026235786029052743,3
2026-08-26,POWERINDIA,4,1,0.07135370579112402,0.4391992688179016,0.17931461,0.10628119999999998,0.023033413342285175,3
2026-08-26,POWERINDIA,12,1,0.04783735795244741,0.3307899832725525,-0.10483861,0.10628119999999998,-0.2611198096954345,3
2026-08-26,POWERINDIA,13,1,0.059559257710468556,0.3333476185798645,0.15006065,0.1062812,-0.0062205463134765715,3
2026-08-26,PRESTIGE,3,1,0.04365106322559174,0.6089341640472412,0.435853,0.1062812,0.2795718044555664,3
2026-08-26,PRESTIGE,4,1,0.07408233420040815,0.5507971048355103,0.3979683,0.1062812,0.24168709223632812,3
2026-08-26,PRESTIGE,13,1,0.04339813567701844,0.3522969186306,0.55633783,0.1062812,0.400056633404541,3
2026-08-26,PRESTIGE,42,-1,-0.04549043886386005,0.23383262753486633,0.39379,0.1062812,0.23750880663757323,3
2026-08-26,RADICO,3,1,0.04667935669128362,0.4176103472709656,-0.39926767,0.10628120000000002,-0.5555488734924316,3
2026-08-26,RADICO,4,1,0.08459873326289669,0.3991342782974243,-0.15135407,0.1062812,-0.3076352744781494,3
2026-08-26,RADICO,5,1,0.05847694916957117,0.3435713052749634,-0.3093183,0.10628119999999998,-0.4655995040618896,3
2026-08-26,RADICO,12,1,0.05502621933511692,0.27055785059928894,0.46869516,0.1062812,0.31241396372680663,3
2026-08-26,RADICO,13,1,0.05760241635968445,0.27351707220077515,0.3031373,0.1062812,0.14685610239868163,3
2026-08-26,RADICO,42,-1,-0.04611911521734926,0.09134713560342789,0.017285347,0.1062812,-0.13899585301513673,3
2026-08-26,RECLTD,4,1,0.060800537866204686,0.28379762172698975,0.09152889,0.1062812,-0.06475230748291017,3
2026-08-26,RECLTD,12,1,0.05053551896917128,0.2773292064666748,-0.09165406,0.1062812,-0.24793526227111817,3
2026-08-26,RECLTD,13,1,0.06095766991464151,0.26956450939178467,-0.04581809,0.1062812,-0.20209929043884278,3
2026-08-26,RELIANCE,4,1,0.045553690184531884,0.24126267433166504,0.19847155,0.1062812,0.042190346173095694,3
2026-08-26,RELIANCE,13,1,0.04352601886123874,0.20649662613868713,0.030517578,0.1062812,-0.125763621875,3
2026-08-26,RVNL,4,1,0.0725215135418307,0.48103368282318115,0.87703466,0.10628119999999998,0.7207534641540527,3
2026-08-26,RVNL,13,1,0.0531210991466331,0.4758254289627075,0.06318092,0.10628119999999998,-0.09310027653808592,3
2026-08-26,SAIL,3,1,0.05724614852630341,0.769731342792511,-0.19583106,0.1062812,-0.3521122604095459,3
2026-08-26,SAIL,4,1,0.07422270064766615,0.7058173418045044,-0.21207333,0.1062812,-0.36835452611083985,3
2026-08-26,SAIL,5,1,0.05167790870571519,0.6261906027793884,-0.51175356,0.1062812,-0.6680347591125488,3
2026-08-26,SAIL,12,1,0.06941945473524411,0.4887145459651947,0.46534538,0.1062812,0.3090641826904297,3
2026-08-26,SAIL,13,1,0.08140179891679049,0.46873676776885986,0.6239414,0.1062812,0.4676602215087891,3
2026-08-26,SAIL,14,1,0.05091942169977841,0.3944815695285797,0.9897232,0.1062812,0.8334420055664062,3
2026-08-26,SAIL,15,1,0.06867939095989807,0.34253785014152527,1.3576388,0.10628120000000002,1.2013576359069824,3
2026-08-26,SAIL,16,1,0.06526976970604888,0.3301524519920349,1.3250828,0.1062812,1.168801578930664,3
2026-08-26,SAIL,64,1,0.051757908321549376,0.43685606122016907,1.211369,0.1062812,1.0550878376281738,3
2026-08-26,SAIL,65,1,0.07143093821343978,0.46198537945747375,1.253295,0.1062812,1.0970137447631836,3
2026-08-26,SAIL,66,1,0.09410436060541078,0.5326092839241028,0.5606413,0.10628119999999998,0.40436008875732427,3
2026-08-26,SAIL,67,1,0.10898506511329187,0.5612554550170898,0.32428503,0.1062812,0.16800383036499023,3
2026-08-26,SBICARD,3,1,0.06790384102534776,0.8510647416114807,0.053167343,0.10628119999999998,-0.10311385686035154,3
2026-08-26,SBICARD,4,1,0.10235705781045847,0.8142886161804199,-0.37827492,0.1062812,-0.5345561176025391,3
2026-08-26,SBICARD,5,1,0.05301444184496431,0.7187811732292175,-0.04529357,0.1062812,-0.20157476956481934,3
2026-08-26,SBILIFE,4,1,0.07476613519568422,0.5205748081207275,-0.38790107,0.10628119999999998,-0.5441822677337647,3
2026-08-26,SBILIFE,12,1,0.044431942462035905,0.3441907465457916,0.44127703,0.10628119999999998,0.284995827130127,3
2026-08-26,SBILIFE,13,1,0.05628985924623699,0.3349728584289551,0.49821138,0.10628120000000002,0.34193018381958007,3
2026-08-26,SBILIFE,42,-1,-0.046358666875763344,0.14517444372177124,0.16282201,0.10628119999999998,0.006540808132934589,3
2026-08-26,SBIN,4,1,0.07150362614681845,0.32626211643218994,-0.31120777,0.10628119999999998,-0.4674889713012695,3
2026-08-26,SBIN,42,-1,-0.045933518100758165,0.09602382034063339,0.15147924,0.10628120000000002,-0.0048019557678222885,3
2026-08-26,SCHAEFFLER,4,1,0.05880403417597561,0.30297592282295227,-0.18953085,0.1062812,-0.3458120494567871,3
2026-08-26,SCHAEFFLER,42,-1,-0.04398217742257954,0.11723583191633224,-0.022411346,0.1062812,-0.17869254643554688,3
2026-08-26,SHREECEM,4,1,0.07135370579112402,0.5792437791824341,0.6438613,0.1062812,0.48758009379272466,3
2026-08-26,SHREECEM,12,1,0.04621968867530319,0.45049893856048584,0.45981407,0.10628119999999998,0.3035328716552735,3
2026-08-26,SHREECEM,42,-1,-0.045539385555895914,0.20163020491600037,-0.14020205,0.1062812,-0.29648324544067384,3
2026-08-26,SHRIRAMFIN,3,1,0.0642775014243926,1.203294038772583,1.1121035,0.1062812,0.9558222622192383,3
2026-08-26,SHRIRAMFIN,4,1,0.08515355756431309,1.0507618188858032,1.0759354,0.10628119999999998,0.9196541637695312,3
2026-08-26,SHRIRAMFIN,5,1,0.06383971903279724,1.0071971416473389,0.68130493,0.10628119999999998,0.525023731640625,3
2026-08-26,SHRIRAMFIN,15,1,0.04803964404898875,0.38669663667678833,-0.68880916,0.1062812,-0.8450903564178467,3
2026-08-26,SHRIRAMFIN,16,1,0.045742376711175876,0.3590986430644989,-0.7066488,0.1062812,-0.8629300265991211,3
2026-08-26,SIEMENS,4,1,0.0713236758644756,0.5087888240814209,-0.1586914,0.1062812,-0.31497260625,3
2026-08-26,SIEMENS,13,1,0.05498310619420458,0.351135790348053,0.09303093,0.1062812,-0.06325027043457032,3
2026-08-26,SJVN,3,1,0.04953014988529785,0.27672895789146423,0.075769424,0.10628119999999998,-0.08051177556152342,3
2026-08-26,SJVN,4,1,0.06358211407067908,0.28135398030281067,-0.060516596,0.1062812,-0.2167977958404541,3
2026-08-26,SJVN,13,1,0.04527292897869329,0.24470184743404388,0.18188953,0.1062812,0.025608333996582022,3
2026-08-26,SJVN,42,-1,-0.04794658999527727,0.10275042057037354,0.030297041,0.1062812,-0.12598415906066895,3
2026-08-26,SOLARINDS,4,1,0.07538740800233769,0.32755494117736816,0.46870708,0.1062812,0.3124258846557617,3
2026-08-26,SOLARINDS,12,1,0.050395907735441406,0.2683183252811432,0.13076067,0.1062812,-0.025520530291748056,3
2026-08-26,SOLARINDS,13,1,0.05452882736183747,0.25664034485816956,0.07035732,0.1062812,-0.08592387730712892,3
2026-08-26,SOLARINDS,42,-1,-0.04566998809065967,0.20377680659294128,0.009959936,0.10628120000000002,-0.14632126385803224,3
2026-08-26,SRF,42,-1,-0.0454161019530451,0.08668933063745499,-0.12795925,0.10628119999999998,-0.28424045140380855,3
2026-08-26,SUNDARMFIN,4,1,0.06148384180691783,0.27545976638793945,0.25533438,0.10628119999999998,0.09905317728881839,3
2026-08-26,SUNDARMFIN,13,1,0.04915402022599086,0.2261783331632614,-0.07506609,0.1062812,-0.23134728963012696,3
2026-08-26,SUNDARMFIN,42,-1,-0.04475688218498931,0.14594154059886932,0.024145842,0.1062812,-0.13213535840148927,3
2026-08-26,SUNPHARMA,4,1,0.07441184647612384,0.4857465922832489,-0.010418892,0.1062812,-0.1667000919067383,3
2026-08-26,SUNPHARMA,5,1,0.043847693360181135,0.41612496972084045,-0.15116334,0.1062812,-0.3074445396148682,3
2026-08-26,SUNPHARMA,12,1,0.05358120151677473,0.2698494791984558,0.0,0.1062812,-0.1562812,3
2026-08-26,SUNPHARMA,13,1,0.06134707033841852,0.25787052512168884,-0.09908676,0.1062812,-0.2553679614746094,3
2026-08-26,SUNPHARMA,42,-1,-0.04398217742257954,0.1472412794828415,-0.14612675,0.10628119999999998,-0.3024079471313476,3
2026-08-26,SUPREMEIND,4,1,0.07923386803048095,0.4006255269050598,-0.092196465,0.1062812,-0.24847766453857423,3
2026-08-26,SUPREMEIND,5,1,0.04835969455449446,0.368413507938385,0.10625124,0.1062812,-0.05002996022338868,3
2026-08-26,SUPREMEIND,12,1,0.04431294618755931,0.29069235920906067,-0.18430948,0.1062812,-0.3405906825744629,3
2026-08-26,SUPREMEIND,13,1,0.05768502846877821,0.2821007966995239,-0.1618743,0.10628119999999998,-0.3181554942810058,3
2026-08-26,SUPREMEIND,42,-1,-0.043627741357609835,0.17587745189666748,-0.2962947,0.1062812,-0.4525758891784668,3
2026-08-26,SUZLON,4,1,0.058624083893632765,0.30945295095443726,-0.12723207,0.10628119999999998,-0.2835132747375488,3
2026-08-26,SUZLON,5,1,0.04346829775182901,0.3241027891635895,-0.69708824,0.1062812,-0.8533694415771484,3
2026-08-26,SUZLON,12,1,0.053249649059532174,0.2798093855381012,0.06378889,0.10628119999999998,-0.09249230916137693,3
2026-08-26,SUZLON,13,1,0.0599481991509566,0.2721518576145172,0.29799938,0.1062812,0.14171818201904296,3
2026-08-26,TATACOMM,3,1,0.049966781230928306,0.4818812608718872,-0.48039556,0.10628120000000002,-0.6366767554962158,3
2026-08-26,TATACOMM,4,1,0.08339621719677119,0.4298785626888275,-0.5460322,0.1062812,-0.702313390322876,3
2026-08-26,TATACOMM,5,1,0.05622449946110951,0.3950587809085846,-0.61204433,0.1062812,-0.7683255344116211,3
2026-08-26,TATACOMM,12,1,0.06476911350451475,0.32469069957733154,0.095653534,0.1062812,-0.060627666064453134,3
2026-08-26,TATACOMM,13,1,0.0696458066969187,0.32308733463287354,-0.20292401,0.1062812,-0.3592052131378174,3
2026-08-26,TATACOMM,14,1,0.04477701158199019,0.2757270932197571,-0.33460855,0.10628119999999998,-0.49088975484008784,3
2026-08-26,TATACOMM,15,1,0.06469671089389006,0.2613399922847748,-0.36470294,0.1062812,-0.5209841399871826,3
2026-08-26,TATACOMM,16,1,0.05270049370085045,0.24733716249465942,-0.35883188,0.1062812,-0.5151130824768066,3
2026-08-26,TATACONSUM,4,1,0.07229171702199451,0.367838054895401,0.0,0.1062812,-0.1562812,3
2026-08-26,TATACONSUM,5,1,0.046384703859082416,0.32852864265441895,-0.43593645,0.1062812,-0.592217650958252,3
2026-08-26,TATACONSUM,12,1,0.06723681481289477,0.2936040461063385,-0.019031763,0.10628119999999998,-0.17531296307678218,3
2026-08-26,TATACONSUM,13,1,0.07600060309720995,0.29744771122932434,0.0666976,0.1062812,-0.0895836024963379,3
2026-08-26,TATAELXSI,4,1,0.07105480712135923,0.4376325011253357,0.12251139,0.1062812,-0.03376981312866212,3
2026-08-26,TATAELXSI,5,1,0.04401477862393063,0.4103761911392212,-0.12494922,0.10628120000000002,-0.2812304168426514,3
2026-08-26,TATAELXSI,13,1,0.05913009811104513,0.2634250521659851,-0.068092346,0.10628119999999998,-0.2243735461914062,3
2026-08-26,TATAELXSI,42,-1,-0.043865825009659895,0.09763480722904205,-0.019216537,0.1062812,-0.17549773747558595,3
2026-08-26,TATAINVEST,4,1,0.05880403417597561,0.3075248599052429,0.20771027,0.1062812,0.05142906611328124,3
2026-08-26,TATAINVEST,13,1,0.052042888400916615,0.24488157033920288,0.15416145,0.10628119999999998,-0.0021197467529296687,3
2026-08-26,TATAINVEST,42,-1,-0.04330024700644099,0.11529715359210968,0.14674067,0.1062812,-0.00954052502746583,3
2026-08-26,TATAPOWER,4,1,0.06791186744051589,0.3358186185359955,-0.34675598,0.1062812,-0.5030371814453125,3
2026-08-26,TATAPOWER,13,1,0.05984149356122541,0.27501964569091797,-0.28173327,0.1062812,-0.4380144744598389,3
2026-08-26,TATASTEEL,4,1,0.07438129156507692,0.5686008334159851,-0.17198324,0.10628119999999998,-0.32826444203491206,3
2026-08-26,TATASTEEL,5,1,0.04934713738599452,0.5097171068191528,-0.30629635,0.1062812,-0.46257754857177735,3
2026-08-26,TATASTEEL,12,1,0.04353883215907889,0.359072744846344,-0.07545352,0.10628119999999998,-0.23173471982116695,3
2026-08-26,TATASTEEL,13,1,0.05799764841685826,0.35986095666885376,0.18361807,0.10628119999999998,0.027336868695068378,3
2026-08-26,TATASTEEL,15,1,0.048250872977383334,0.27937018871307373,0.35107136,0.1062812,0.19479015772705077,3
2026-08-26,TATASTEEL,16,1,0.047042982575978456,0.28338515758514404,0.25906563,0.1062812,0.10278442805175779,3
2026-08-26,TATASTEEL,28,-1,-0.045486968550699544,0.14752192795276642,0.2487123,0.10628119999999998,0.0924311012542725,3
2026-08-26,TATASTEEL,42,-1,-0.04378603993199833,0.14490780234336853,-0.14028549,0.1062812,-0.2965666919433594,3
2026-08-26,TATASTEEL,67,1,0.059799194296984506,0.26235339045524597,-0.63946843,0.1062812,-0.7957496314727783,3
2026-08-26,TCS,3,1,0.04731859142590379,0.4034368395805359,-0.07851124,0.1062812,-0.23479243809814454,3
2026-08-26,TCS,4,1,0.0748944712544189,0.3462255299091339,-0.06541014,0.1062812,-0.22169133717651368,3
2026-08-26,TCS,42,-1,-0.04658799814626366,0.09664832055568695,-0.01322031,0.1062812,-0.16950151021118165,3
2026-08-26,TECHM,3,1,0.05649680448060754,0.6515470743179321,-0.2506733,0.1062812,-0.4069544940673828,3
2026-08-26,TECHM,4,1,0.0860210663752636,0.5774542093276978,-0.06901026,0.10628119999999998,-0.22529145772094722,3
2026-08-26,TECHM,5,1,0.057053997167706566,0.5166826248168945,-0.18832684,0.1062812,-0.3446080356323242,3
2026-08-26,TECHM,12,1,0.06506647648574371,0.3299465477466583,-0.1886785,0.1062812,-0.34495970303649903,3
2026-08-26,TECHM,13,1,0.06746135311980812,0.31303873658180237,-0.38354993,0.10628119999999998,-0.5398311286651611,3
2026-08-26,TECHM,42,-1,-0.04871617379282418,0.1252163201570511,0.089251995,0.1062812,-0.06702920491333009,3
2026-08-26,THERMAX,3,1,0.044306104840218546,0.5492934584617615,0.06532669,0.10628119999999998,-0.09095450932617186,3
2026-08-26,THERMAX,4,1,0.07150362614681845,0.4870102107524872,-0.08028746,0.10628119999999998,-0.23656865651245113,3
2026-08-26,THERMAX,12,1,0.05966445555843918,0.28007957339286804,-0.10057092,0.1062812,-0.2568521171295166,3
2026-08-26,THERMAX,13,1,0.06165277120195856,0.2685559093952179,-0.28668046,0.1062812,-0.4429616599761963,3
2026-08-26,TIINDIA,3,1,0.06845298963524865,0.8910013437271118,-0.19023418,0.10628119999999998,-0.34651538426513667,3
2026-08-26,TIINDIA,4,1,0.0776989147609851,0.7617711424827576,-0.096946955,0.10628119999999998,-0.2532281547271728,3
2026-08-26,TIINDIA,5,1,0.05391367365226023,0.6690430045127869,-0.29093623,0.1062812,-0.4472174316131592,3
2026-08-26,TIINDIA,12,1,0.0650120009738796,0.4438270330429077,0.19110441,0.10628119999999998,0.03482321207885744,3
2026-08-26,TIINDIA,13,1,0.0507678458738617,0.42438364028930664,0.104177,0.10628119999999998,-0.05210420186157225,3
2026-08-26,TIINDIA,15,1,0.0443406062474672,0.30123409628868103,-0.020837784,0.1062812,-0.17711898381347657,3
2026-08-26,TIINDIA,42,-1,-0.04674936529465308,0.16259658336639404,0.319463,0.1062812,0.16318181460266112,3
2026-08-26,TITAN,4,1,0.057778913120279184,0.29790064692497253,-0.2245009,0.10628119999999998,-0.38078209454650874,3
2026-08-26,TITAN,12,1,0.05214781724784557,0.2616145610809326,-0.10578632,0.1062812,-0.2620675235473633,3
2026-08-26,TITAN,13,1,0.06296048577766739,0.2571137249469757,0.033330917,0.1062812,-0.12295028264160157,3
2026-08-26,TITAN,42,-1,-0.04421519069136361,0.11255214363336563,0.023549795,0.1062812,-0.13273140484924317,3
2026-08-26,TMCV,4,1,0.07767353435652488,0.5408821105957031,0.22095442,0.10628119999999998,0.06467321818237307,3
2026-08-26,TMCV,5,1,0.047208227244404016,0.47659116983413696,-0.010514259,0.1062812,-0.16679545933837892,3
2026-08-26,TMCV,12,1,0.05471507595995607,0.33079078793525696,0.48365593,0.10628119999999998,0.32737472956542973,3
2026-08-26,TMCV,13,1,0.06611787579679691,0.31685927510261536,0.64115524,0.1062812,0.4848740429199219,3
2026-08-26,TORNTPHARM,4,1,0.07430571446754546,0.3427172601222992,-0.09179711,0.10628119999999998,-0.24807831341857906,3
2026-08-26,TORNTPHARM,12,1,0.04766564366373948,0.23844186961650848,0.42966604,0.10628119999999998,0.2733848423278809,3
2026-08-26,TORNTPHARM,13,1,0.05180896384457524,0.2263864278793335,0.3271699,0.10628119999999998,0.1708886951721192,3
2026-08-26,TORNTPHARM,42,-1,-0.04619729972737392,0.11141371726989746,-0.40779114,0.10628119999999998,-0.5640723376953125,3
2026-08-26,TORNTPOWER,4,1,0.07535054602949876,0.6465837955474854,-0.039446354,0.1062812,-0.19572755391235352,3
2026-08-26,TORNTPOWER,5,1,0.04349832767847742,0.5849090218544006,-0.14983416,0.1062812,-0.30611535603637696,3
2026-08-26,TORNTPOWER,42,-1,-0.04609488524914759,0.1326749473810196,-0.0,0.10628119999999998,-0.15628119999999998,3
2026-08-26,TRENT,4,1,0.058443035716011664,0.3141801655292511,-0.27534366,0.10628119999999998,-0.43162485653991695,3
2026-08-26,TRENT,12,1,0.044052126978466395,0.23962907493114471,0.3345847,0.1062812,0.17830351298217773,3
2026-08-26,TRENT,13,1,0.051824789874955556,0.22945410013198853,0.38614273,0.10628119999999998,0.22986153071289067,3
2026-08-26,TVSMOTOR,4,1,0.0724019006139648,0.34042051434516907,0.4271984,0.1062812,0.2709172100341797,3
2026-08-26,TVSMOTOR,42,-1,-0.04564625220925359,0.13221633434295654,0.03144741,0.1062812,-0.12483378941650392,3
2026-08-26,UBL,3,1,0.0554009622060682,1.0589067935943604,-0.9549558,0.1062812,-1.111237016268921,3
2026-08-26,UBL,4,1,0.08199795087833889,0.9351795315742493,-1.05685,0.10628119999999998,-1.2131311565124512,3
2026-08-26,UBL,5,1,0.07488627700791071,0.9162082672119141,-0.5431235,0.1062812,-0.6994046836578369,3
2026-08-26,UBL,9,1,0.05067631424304016,0.8153509497642517,0.19158125,0.1062812,0.03530004923706054,3
2026-08-26,UBL,12,1,0.05418163179362674,0.7038942575454712,0.11063814,0.1062812,-0.04564305836791993,3
2026-08-26,UBL,13,1,0.058891492657512666,0.6777440905570984,-0.044196844,0.10628119999999998,-0.2004780441009521,3
2026-08-26,UBL,15,1,0.05072635567458008,0.5443182587623596,-0.5299151,0.10628119999999998,-0.6861962943756104,3
2026-08-26,UBL,17,1,0.04339062667154803,0.4385327100753784,-0.24334192,0.1062812,-0.3996231227600098,3
2026-08-26,UBL,42,-1,-0.046723420128851396,0.1598249226808548,-0.08150339,0.1062812,-0.23778459126586915,3
2026-08-26,ULTRACEMCO,4,1,0.0713236758644756,0.3687821626663208,0.2657771,0.10628119999999998,0.10949591105346683,3
2026-08-26,ULTRACEMCO,12,1,0.046880472622972486,0.3142271935939789,0.0942111,0.1062812,-0.06207009846801759,3
2026-08-26,ULTRACEMCO,13,1,0.05404757969340547,0.3016471266746521,0.017130375,0.1062812,-0.13915082509155274,3
2026-08-26,ULTRACEMCO,42,-1,-0.04611911521734926,0.16706648468971252,-0.1543045,0.1062812,-0.31058570439453126,3
2026-08-26,UNIONBANK,3,1,0.06388670900254953,0.9701372981071472,-0.7948458,0.1062812,-0.9511270194732666,3
2026-08-26,UNIONBANK,4,1,0.08516087172257204,0.8853442668914795,-0.7394552,0.1062812,-0.8957364230834961,3
2026-08-26,UNIONBANK,5,1,0.05909804968162356,0.8063238263130188,-0.73038936,0.1062812,-0.8866705566131592,3
2026-08-26,UNIONBANK,12,1,0.04775171467847882,0.5472396612167358,-0.12699366,0.10628119999999998,-0.2832748561584472,3
2026-08-26,UNIONBANK,13,1,0.05478947635942664,0.5210142135620117,0.031781197,0.1062812,-0.12450000340576173,3
2026-08-26,UNIONBANK,42,-1,-0.045995780310285395,0.15427164733409882,0.1224041,0.1062812,-0.03387710148925782,3
2026-08-26,UNITDSPR,4,1,0.06266677091448832,0.2872680425643921,-0.86067915,0.1062812,-1.0169603496276856,3
2026-08-26,UNITDSPR,5,1,0.046067864085549574,0.30607882142066956,-0.8890271,0.10628119999999998,-1.0453083186828613,3
2026-08-26,UNITDSPR,12,1,0.06996791533970077,0.2890981435775757,0.12443066,0.10628119999999998,-0.03185054356689451,3
2026-08-26,UNITDSPR,13,1,0.0802958101533094,0.2973673641681671,-0.26753545,0.1062812,-0.42381664807434083,3
2026-08-26,UNITDSPR,15,1,0.05821005370720403,0.2834508717060089,0.05891323,0.1062812,-0.09736796910400392,3
2026-08-26,UNITDSPR,16,1,0.055280625791149,0.2678573727607727,0.03272295,0.1062812,-0.12355825001831056,3
2026-08-26,UNOMINDA,4,1,0.07181550696012454,0.41081610321998596,0.33285618,0.10628119999999998,0.17657497828369145,3
2026-08-26,UNOMINDA,5,1,0.04431482605028634,0.38077008724212646,0.16658306,0.10628119999999998,0.010301861218261738,3
2026-08-26,UNOMINDA,12,1,0.04888708612688876,0.3649073541164398,0.31683445,0.10628119999999998,0.16055324976806645,3
2026-08-26,UNOMINDA,13,1,0.053459769894194605,0.3586154282093048,0.3488779,0.1062812,0.1925967067993164,3
2026-08-26,UNOMINDA,15,1,0.04782352783606788,0.32459697127342224,0.22999048,0.1062812,0.07370928233032226,3
2026-08-26,UNOMINDA,42,-1,-0.045933518100758165,0.20104043185710907,0.06343126,0.1062812,-0.0928499370300293,3
2026-08-26,UPL,3,1,0.050555427405257085,0.3922403156757355,0.5948305,0.1062812,0.4385493130004883,3
2026-08-26,UPL,4,1,0.07280160199276617,0.40353530645370483,0.18036366,0.10628119999999998,0.02408245509033205,3
2026-08-26,UPL,12,1,0.05514133537570966,0.29667219519615173,0.24909973,0.10628119999999998,0.09281853144531253,3
2026-08-26,UPL,13,1,0.0655187342351702,0.289202481508255,0.33524036,0.1062812,0.17895916407470702,3
2026-08-26,UPL,42,-1,-0.04467705590161048,0.16733378171920776,0.017088652,0.1062812,-0.13919254834289552,3
2026-08-26,VBL,3,1,0.09082990554246587,1.8155268430709839,0.9808421,0.1062812,0.824560913494873,3
2026-08-26,VBL,4,1,0.10638218216191213,1.6438651084899902,0.6487489,0.1062812,0.4924676746643067,3
2026-08-26,VBL,5,1,0.09294483527184759,1.4418785572052002,-0.2436161,0.1062812,-0.39989730412597657,3
2026-08-26,VBL,6,1,0.05856219380564652,1.2901294231414795,-0.37053823,0.1062812,-0.5268194347106934,3
2026-08-26,VBL,7,1,0.0605410964754874,1.2140854597091675,0.33744574,0.10628119999999998,0.18116453593139653,3
2026-08-26,VBL,8,1,0.04525778900497577,1.115634799003601,-0.06979704,0.1062812,-0.22607823903198243,3
2026-08-26,VBL,9,1,0.0513756102033542,1.035084843635559,0.19818544,0.10628119999999998,0.04190424387817385,3
2026-08-26,VBL,10,1,0.05675769359076428,1.0291392803192139,-0.578171,0.1062812,-0.7344522147857666,3
2026-08-26,VBL,11,1,0.0534283783546394,1.0004218816757202,-1.0711789,0.1062812,-1.227460113116455,3
2026-08-26,VBL,12,1,0.0839372462750158,1.0197964906692505,-0.0813961,0.1062812,-0.23767730290527345,3
2026-08-26,VBL,13,1,0.0882143244193448,0.9688185453414917,-0.2672851,0.1062812,-0.4235663085662842,3
2026-08-26,VBL,15,1,0.06515537582366261,0.7158657908439636,-0.26766062,0.1062812,-0.42394181782836915,3
2026-08-26,VBL,16,1,0.054943711098601605,0.6299347281455994,-0.570029,0.1062812,-0.7263102203094483,3
2026-08-26,VEDL,3,1,0.0472324280303341,0.7613758444786072,0.8063078,0.1062812,0.6500265926635742,3
2026-08-26,VEDL,4,1,0.07746173758732126,0.6977992057800293,1.3242722,0.1062812,1.1679909557617187,3
2026-08-26,VEDL,5,1,0.0510295245553477,0.6620349884033203,0.053441525,0.10628119999999998,-0.10283967549438475,3
2026-08-26,VEDL,12,1,0.048939166986585944,0.6492451429367065,0.23151636,0.1062812,0.07523516123657224,3
2026-08-26,VEDL,13,1,0.04633254784919396,0.6220593452453613,0.23143291,0.1062812,0.0751517147338867,3
2026-08-26,VEDL,15,1,0.04421189800142776,0.5635421276092529,0.6413698,0.10628119999999998,0.48508861964111333,3
2026-08-26,VEDL,67,1,0.07818121909902816,0.27289631962776184,0.42061806,0.10628119999999998,0.2643368572509766,3
2026-08-26,VOLTAS,4,1,0.0714094936111547,0.5283263921737671,0.34137964,0.10628119999999998,0.1850984424865723,3
2026-08-26,VOLTAS,5,1,0.04734194847817586,0.4680732488632202,0.1461029,0.10628119999999998,-0.010178294726562481,3
2026-08-26,VOLTAS,12,1,0.04328352478831137,0.3273189663887024,0.008106232,0.1062812,-0.14817496831054688,3
2026-08-26,VOLTAS,13,1,0.056366710536875766,0.3161989748477936,0.12165308,0.10628119999999998,-0.034628120013427716,3
2026-08-26,WIPRO,4,1,0.07201495228613382,0.3394356966018677,-0.005543232,0.1062812,-0.16182443196411134,3
2026-08-26,YESBANK,4,1,0.06583894076480366,0.30863893032073975,-0.13233423,0.1062812,-0.2886154323303223,3
2026-08-26,YESBANK,13,1,0.044254573444405525,0.20859606564044952,0.0,0.1062812,-0.1562812,3
2026-08-26,YESBANK,42,-1,-0.04537944488074954,0.11121190339326859,0.044482946,0.1062812,-0.11179825360412599,3
2026-08-26,ZYDUSLIFE,3,1,0.04550637967910334,0.6895143389701843,0.43424368,0.1062812,0.27796247904663085,3
2026-08-26,ZYDUSLIFE,4,1,0.07268916650546936,0.6010621190071106,0.8687973,0.1062812,0.7125161022460937,3
2026-08-26,ZYDUSLIFE,42,-1,-0.04372611311370495,0.19548267126083374,0.1486361,0.10628120000000002,-0.007645097323608421,3
2026-08-27,360ONE,7,1,0.04860341191487956,0.38049864768981934,0.0,0.10628119999999998,-0.15628119999999998,3
2026-08-27,360ONE,9,1,0.0609944820609726,0.34684497117996216,-0.16715527,0.10628119999999998,-0.3234364658081054,3
2026-08-27,360ONE,10,1,0.04405168836519104,0.33335378766059875,-0.29254556,0.1062812,-0.44882675702209474,3
2026-08-27,360ONE,11,1,0.04836061884131393,0.31684356927871704,-0.33425093,0.1062812,-0.49053212697143556,3
2026-08-27,360ONE,12,1,0.05501364586716678,0.3061515986919403,-0.066787004,0.1062812,-0.2230682044708252,3
2026-08-27,360ONE,13,1,0.05853144714210009,0.309286504983902,0.083613396,0.1062812,-0.07266780430908204,3
2026-08-27,360ONE,17,1,0.04875144857482235,0.21915292739868164,0.4442215,0.10628119999999998,0.2879402965820313,3
2026-08-27,3MINDIA,7,1,0.043890474848917733,0.29285290837287903,-0.5483091,0.1062812,-0.7045902877532959,3
2026-08-27,3MINDIA,8,1,0.05076463828551854,0.3041422963142395,-0.28240085,0.1062812,-0.43868204648132325,3
2026-08-27,3MINDIA,9,1,0.06549052755537428,0.2855443060398102,-0.08928776,0.10628119999999998,-0.2455689578735351,3
2026-08-27,3MINDIA,10,1,0.05559374145987335,0.2651515007019043,-0.08928776,0.10628119999999998,-0.2455689578735351,3
2026-08-27,3MINDIA,12,1,0.04660248049280226,0.23837901651859283,0.0,0.10628119999999998,-0.15628119999999998,3
2026-08-27,3MINDIA,64,1,0.05458226223758008,0.3799281716346741,-0.56678057,0.10628119999999998,-0.7230617671691895,3
2026-08-27,3MINDIA,65,1,0.07205704350390897,0.3768662214279175,-0.6811619,0.1062812,-0.8374430804931641,3
2026-08-27,3MINDIA,66,1,0.08189315238598874,0.3936433792114258,0.029182434,0.10628119999999998,-0.12709876591796873,3
2026-08-27,3MINDIA,67,1,0.09593752353038185,0.3728615343570709,0.02925396,0.1062812,-0.1270272403442383,3
2026-08-27,ABB,7,1,0.045538302680513384,0.4755033850669861,-0.5573392,0.1062812,-0.7136203914367676,3
2026-08-27,ABB,8,1,0.046656803706373075,0.45633095502853394,-0.38762093,0.10628120000000002,-0.5439021259033203,3
2026-08-27,ABB,9,1,0.07056875379621566,0.42895618081092834,-0.36146045,0.1062812,-0.5177416473114014,3
2026-08-27,ABB,10,1,0.05660216694979316,0.4324725866317749,-0.08562803,0.10628120000000002,-0.24190923268432618,3
2026-08-27,ABB,11,1,0.053320340985534606,0.4109604060649872,0.0,0.10628120000000002,-0.1562812,3
2026-08-27,ABB,12,1,0.06338201599902776,0.3939962387084961,0.0,0.1062812,-0.1562812,3
2026-08-27,ABB,13,1,0.06791965416046661,0.3834616243839264,-0.013208389,0.10628119999999998,-0.16948958928222654,3
2026-08-27,ABB,14,1,0.061716174717948484,0.30048418045043945,-0.43518543,0.10628119999999998,-0.591466632434082,3
2026-08-27,ABB,15,1,0.04761041969293949,0.30009233951568604,-0.38912892,0.1062812,-0.5454101234161377,3
2026-08-27,ABB,16,1,0.05428624266498444,0.27419978380203247,-0.527668,0.10628119999999998,-0.6839491992675781,3
2026-08-27,ABB,17,1,0.06348006235973119,0.26134127378463745,-0.79767704,0.1062812,-0.9539582401000977,3
2026-08-27,ABBOTINDIA,9,1,0.04790746799694937,0.18116626143455505,0.01887083,0.1062812,-0.13741036946411134,3
2026-08-27,ABBOTINDIA,16,1,0.04556779365063581,0.19811320304870605,-0.35849214,0.1062812,-0.5147733360015869,3
2026-08-27,ABBOTINDIA,17,1,0.052153174590770464,0.20531661808490753,-0.1134634,0.10628119999999998,-0.26974460179443355,3
2026-08-27,ABBOTINDIA,18,1,0.04621017438233838,0.2040044367313385,-0.17023087,0.10628119999999998,-0.3265120654785156,3
2026-08-27,ABBOTINDIA,19,1,0.04597702003874635,0.2127140760421753,0.07584095,0.1062812,-0.08044024998779298,3
2026-08-27,ABCAPITAL,7,1,0.04938740553967949,0.27821770310401917,-0.14598966,0.1062812,-0.30227085644836427,3
2026-08-27,ABCAPITAL,8,1,0.05766572675391082,0.2944698631763458,0.2319932,0.1062812,0.07571199839477537,3
2026-08-27,ABCAPITAL,9,1,0.08713601374377689,0.29357871413230896,0.41594505,0.1062812,0.25966385310058593,3
2026-08-27,ABCAPITAL,10,1,0.06659656887904157,0.2777383327484131,0.09775162,0.1062812,-0.058529582568359384,3
2026-08-27,ABCAPITAL,11,1,0.05290472799979504,0.272658109664917,0.1098752,0.10628119999999998,-0.0464059978210449,3
2026-08-27,ABCAPITAL,12,1,0.054247577652105,0.278070330619812,-0.43816566,0.1062812,-0.5944468646728516,3
2026-08-27,ABCAPITAL,13,1,0.05424088994358785,0.26773908734321594,-0.38943887,0.10628119999999998,-0.5457200675689697,3
2026-08-27,ABCAPITAL,17,1,0.0455893564836443,0.20752102136611938,0.061011314,0.10628119999999998,-0.09526988560791014,3
2026-08-27,ACC,7,1,0.04632320055169891,0.277294784784317,-0.21134019,0.1062812,-0.36762138898010255,3
2026-08-27,ACC,9,1,0.07907058204904678,0.25935766100883484,-0.18140674,0.1062812,-0.3376879363739014,3
2026-08-27,ACC,10,1,0.04447827630053792,0.24590478837490082,-0.16619563,0.1062812,-0.3224768310272217,3
2026-08-27,ACC,11,1,0.04382040132361908,0.2370152324438095,-0.060540438,0.10628119999999998,-0.2168216376983642,3
2026-08-27,ACC,12,1,0.052904671517753,0.22699829936027527,-0.068074465,0.1062812,-0.22435566479797364,3
2026-08-27,ACC,13,1,0.04632786770710058,0.21884150803089142,-0.09075999,0.1062812,-0.2470411925994873,3
2026-08-27,ACC,16,1,0.051763646227872086,0.14549677073955536,0.02270937,0.10628119999999998,-0.13357183034057615,3
2026-08-27,ACC,17,1,0.04618283308656167,0.1443169265985489,0.02272129,0.1062812,-0.1335599094116211,3
2026-08-27,ACC,18,1,0.048367555179586866,0.13737383484840393,0.03784895,0.1062812,-0.11843225056762696,3
2026-08-27,ADANIENSOL,4,1,0.05693021449409897,0.7975559234619141,-0.6292045,0.1062812,-0.7854857116424561,3
2026-08-27,ADANIENSOL,7,1,0.04798539974332093,0.6602770686149597,-0.4184842,0.10628119999999998,-0.5747654109680176,3
2026-08-27,ADANIENSOL,8,1,0.049520239976886204,0.629494309425354,0.15650988,0.1062812,0.00022867625122069413,3
2026-08-27,ADANIENSOL,9,1,0.06130644164295179,0.5838223695755005,-0.025004148,0.10628119999999998,-0.18128534848327632,3
2026-08-27,ADANIENSOL,10,1,0.051158354239216566,0.5841909050941467,0.5272746,0.10628119999999998,0.3709934086120606,3
2026-08-27,ADANIENSOL,11,1,0.04409025126606034,0.5543016195297241,0.49517155,0.1062812,0.33889034693603515,3
2026-08-27,ADANIENSOL,12,1,0.05211752025989577,0.5414068102836609,0.23751259,0.1062812,0.08123138850097654,3
2026-08-27,ADANIENSOL,13,1,0.0490729328005996,0.5238481760025024,0.19407272,0.1062812,0.037791523388671866,3
2026-08-27,ADANIENSOL,14,1,0.04900936520614979,0.43771985173225403,0.5645156,0.1062812,0.4082343906677246,3
2026-08-27,ADANIENSOL,17,1,0.052078888771697654,0.3742028772830963,0.24354458,0.1062812,0.08726337855224607,3
2026-08-27,ADANIENSOL,18,1,0.046811047028529465,0.33546847105026245,0.15586615,0.10628119999999998,-0.00041505391235349687,3
2026-08-27,ADANIENSOL,19,1,0.0484666304539292,0.3166777491569519,0.13092756,0.10628119999999998,-0.025353637286376934,3
2026-08-27,ADANIENSOL,20,1,0.04402518126658145,0.30617278814315796,0.38739443,0.1062812,0.23111322825317382,3
2026-08-27,ADANIENSOL,21,1,0.043552837731361364,0.2971542179584503,0.38046837,0.10628120000000002,0.22418716853027343,3
2026-08-27,ADANIENSOL,22,1,0.051553735502343705,0.29452306032180786,0.29280186,0.1062812,0.1365206569946289,3
2026-08-27,ADANIENT,8,1,0.04342057477563968,0.37467899918556213,0.06674528,0.1062812,-0.08953591878051759,3
2026-08-27,ADANIENT,9,1,0.06258286890275948,0.3718870282173157,-0.19356012,0.1062812,-0.3498413234436035,3
2026-08-27,ADANIENT,10,1,0.051761782433869565,0.36329010128974915,-0.09218454,0.1062812,-0.24846574360961915,3
2026-08-27,ADANIENT,11,1,0.048504376861080375,0.35647714138031006,0.006353855,0.10628119999999998,-0.14992734486694334,3
2026-08-27,ADANIENT,12,1,0.048801018330126934,0.3596821129322052,-0.3232956,0.1062812,-0.47957679326171876,3
2026-08-27,ADANIENT,13,1,0.04972119715206812,0.3682919442653656,-0.24476647,0.1062812,-0.4010476737701416,3
2026-08-27,ADANIENT,14,1,0.056779521072204645,0.3077995181083679,0.079619884,0.1062812,-0.07666131550903321,3
2026-08-27,ADANIENT,16,1,0.04675672390588844,0.2958965301513672,-0.09855032,0.1062812,-0.25483151967163087,3
2026-08-27,ADANIENT,17,1,0.06017472093980762,0.2827316224575043,-0.0826478,0.1062812,-0.23892900044555665,3
2026-08-27,ADANIENT,18,1,0.05911322394031182,0.272793710231781,-0.11128783,0.10628119999999998,-0.2675690322601318,3
2026-08-27,ADANIENT,19,1,0.04810563199396526,0.2716493606567383,-0.16534925,0.1062812,-0.32163044507141114,3
2026-08-27,ADANIENT,20,1,0.043354043035737456,0.2754163146018982,-0.041413307,0.1062812,-0.19769450718994142,3
2026-08-27,ADANIENT,21,1,0.043274040504725914,0.273212194442749,-0.14955997,0.1062812,-0.30584117467041017,3
2026-08-27,ADANIENT,22,1,0.053220697863179386,0.26777970790863037,-0.08272529,0.1062812,-0.23900648648376466,3
2026-08-27,ADANIGREEN,9,1,0.06258286890275948,0.37993013858795166,0.30443668,0.1062812,0.14815548365478515,3
2026-08-27,ADANIGREEN,12,1,0.04808287420066969,0.3457682728767395,0.23577213,0.1062812,0.07949093287353513,3
2026-08-27,ADANIGREEN,13,1,0.04972119715206812,0.34534206986427307,0.15985966,0.1062812,0.0035784572875976473,3
2026-08-27,ADANIGREEN,14,1,0.04341028743427644,0.32252541184425354,0.46483278,0.1062812,0.3085515827453613,3
2026-08-27,ADANIGREEN,17,1,0.05692571092065886,0.3062934875488281,0.06071329,0.1062812,-0.09556790883178712,3
2026-08-27,ADANIGREEN,18,1,0.0612613561269685,0.2720576226711273,0.037956238,0.1062812,-0.11832496220703126,3
2026-08-27,ADANIGREEN,19,1,0.0574915755090532,0.2601547837257385,0.068330765,0.10628119999999998,-0.08795043522949217,3
2026-08-27,ADANIGREEN,20,1,0.04325228740061809,0.26328426599502563,0.20523071,0.1062812,0.04894951289062499,3
2026-08-27,ADANIGREEN,21,1,0.043552837731361364,0.27685126662254333,0.037920475,0.1062812,-0.1183607249938965,3
2026-08-27,ADANIGREEN,22,1,0.04831625659635673,0.2764319181442261,-0.053024292,0.1062812,-0.2093054919921875,3
2026-08-27,ADANIPORTS,7,1,0.051329405724611636,0.3075217604637146,-0.047188997,0.10628119999999998,-0.2034701972686767,3
2026-08-27,ADANIPORTS,8,1,0.04607835380221727,0.28574034571647644,0.17105341,0.10628119999999998,0.014772209576416034,3
2026-08-27,ADANIPORTS,9,1,0.06394263902427864,0.2728179097175598,-0.12373924,0.1062812,-0.28002044255371095,3
2026-08-27,ADANIPORTS,10,1,0.043834443661531226,0.26153138279914856,-0.10611415,0.10628119999999998,-0.2623953490936279,3
2026-08-27,ADANIPORTS,12,1,0.048356914374605126,0.24178773164749146,-0.11794567,0.10628119999999998,-0.2742268710815429,3
2026-08-27,ADANIPOWER,3,1,0.05167248927017299,0.8201234936714172,0.84575415,0.1062812,0.6894729465759277,3
2026-08-27,ADANIPOWER,8,1,0.04386005121536833,0.7293798923492432,0.5522728,0.1062812,0.39599159663085937,3
2026-08-27,ADANIPOWER,9,1,0.06689054621546245,0.7013720870018005,0.5300522,0.1062812,0.37377098505859374,3
2026-08-27,ADANIPOWER,10,1,0.046923107778125084,0.6909167766571045,0.7391572,0.1062812,0.5828759998596191,3
2026-08-27,ADANIPOWER,11,1,0.05658953196853917,0.6733952760696411,1.2304068,0.1062812,1.0741255611694336,3
2026-08-27,ADANIPOWER,12,1,0.05727748799833277,0.6460461616516113,1.224494,0.1062812,1.0682127804077148,3
2026-08-27,ADANIPOWER,13,1,0.0467568245079407,0.6273254752159119,0.75865984,0.10628119999999998,0.6023786396301269,3
2026-08-27,ADANIPOWER,14,1,0.04616631906868242,0.559824526309967,1.85045,0.1062812,1.694168838909912,3
2026-08-27,ADANIPOWER,17,1,0.05048705729335399,0.5536612868309021,1.4106393,0.10628119999999998,1.2543580860412598,3
2026-08-27,ADANIPOWER,18,1,0.04956085483296075,0.552078127861023,1.1309147,0.10628119999999998,0.9746334881103516,3
2026-08-27,ADANIPOWER,19,1,0.044834103922456604,0.528143048286438,0.8114457,0.1062812,0.6551645130432129,3
2026-08-27,ADANIPOWER,20,1,0.05285951948334198,0.5371406674385071,1.2705922,0.10628119999999998,1.114311012677002,3
2026-08-27,AIAENG,7,1,0.04604486937230822,0.3835037350654602,-0.21580458,0.10628119999999998,-0.37208577687377925,3
2026-08-27,AIAENG,8,1,0.0527964986288396,0.37143877148628235,-0.016456842,0.1062812,-0.17273804242248536,3
2026-08-27,AIAENG,9,1,0.07476735406155335,0.3424689769744873,0.002348423,0.1062812,-0.15393277699584962,3
2026-08-27,AIAENG,10,1,0.056525211718695144,0.32283446192741394,-0.10805726,0.1062812,-0.2643384605133057,3
2026-08-27,AIAENG,12,1,0.0591265674792371,0.316870778799057,-0.1478672,0.1062812,-0.30414840275878907,3
2026-08-27,AIAENG,13,1,0.05585317693055758,0.29898032546043396,-0.0140964985,0.10628119999999998,-0.17037769848937986,3
2026-08-27,AJANTPHARM,6,1,0.04993820054337984,0.32691922783851624,-0.27756095,0.1062812,-0.43384214932556153,3
2026-08-27,AJANTPHARM,7,1,0.06135779239621903,0.294534832239151,-0.20673871,0.1062812,-0.3630199104034424,3
2026-08-27,AJANTPHARM,8,1,0.06323265240355247,0.2682541310787201,-0.10484457,0.10628119999999998,-0.26112577015991206,3
2026-08-27,AJANTPHARM,9,1,0.08970654321276032,0.30503764748573303,0.29565096,0.10628119999999995,0.13936975901489262,3
2026-08-27,AJANTPHARM,10,1,0.07547095302137194,0.2880342900753021,0.1734972,0.1062812,0.017216000012207022,3
2026-08-27,AJANTPHARM,11,1,0.07136264473999748,0.27367448806762695,0.05966425,0.10628119999999998,-0.09661695057983397,3
2026-08-27,AJANTPHARM,12,1,0.08003142140342002,0.27172476053237915,0.113761425,0.1062812,-0.04251977498168946,3
2026-08-27,AJANTPHARM,13,1,0.06894509278112769,0.27406957745552063,-0.06248355,0.10628119999999998,-0.21876474911804195,3
2026-08-27,AJANTPHARM,17,1,0.051616699809484176,0.19935257732868195,0.11357069,0.1062812,-0.04271050984497071,3
2026-08-27,AJANTPHARM,18,1,0.04621017438233838,0.18941502273082733,-0.017040968,0.1062812,-0.1733221679412842,3
2026-08-27,ALKEM,7,1,0.045943876306185225,0.30238139629364014,0.22600889,0.10628119999999998,0.06972769205932619,3
2026-08-27,ALKEM,8,1,0.04432241877697978,0.2874734699726105,0.22577047,0.1062812,0.0694892734802246,3
2026-08-27,ALKEM,9,1,0.06410083102092906,0.29127126932144165,0.27253628,0.1062812,0.11625507777099607,3
2026-08-27,ALKEM,10,1,0.05600719768672527,0.2865770757198334,0.21642447,0.1062812,0.06014326517944335,3
2026-08-27,ALKEM,11,1,0.04521392321550171,0.28322848677635193,0.10331869,0.1062812,-0.0529625087463379,3
2026-08-27,ALKEM,12,1,0.05395933633879439,0.27359089255332947,-0.056308508,0.1062812,-0.21258970791931153,3
2026-08-27,ALKEM,13,1,0.053250728569025386,0.2647985517978668,0.07507801,0.1062812,-0.08120318944091798,3
2026-08-27,AMBUJACEM,6,1,0.045731672288474266,0.30286043882369995,-0.19164681,0.1062812,-0.3479280143463135,3
2026-08-27,AMBUJACEM,7,1,0.05681912838971206,0.2802096903324127,-0.08391142,0.10628119999999998,-0.24019261891479488,3
2026-08-27,AMBUJACEM,8,1,0.05931495861483891,0.26528140902519226,0.059986115,0.10628119999999998,-0.09629508549804686,3
2026-08-27,AMBUJACEM,9,1,0.06753754327829332,0.25450268387794495,-0.048023462,0.1062812,-0.20430466229553224,3
2026-08-27,AMBUJACEM,16,1,0.04552526950437772,0.14155367016792297,-0.024014711,0.10628119999999998,-0.18029591138000484,3
2026-08-27,AMBUJACEM,17,1,0.04686908835089613,0.1390463411808014,-0.09613037,0.10628119999999998,-0.25241157109374995,3
2026-08-27,AMBUJACEM,18,1,0.044008248873955866,0.1347866654396057,-0.08413792,0.1062812,-0.24041911656494142,3
2026-08-27,APARINDS,7,1,0.044403460938843155,0.40948522090911865,0.37665367,0.1062812,0.22037247126464843,3
2026-08-27,APARINDS,8,1,0.04413871890509693,0.38970765471458435,0.25132895,0.10628119999999998,0.09504774515991214,3
2026-08-27,APARINDS,9,1,0.06311018053947373,0.3701169192790985,-0.10266304,0.10628119999999998,-0.25894424016113277,3
2026-08-27,APARINDS,12,1,0.050542462388804096,0.35575664043426514,-0.4038453,0.1062812,-0.5601265102111816,3
2026-08-27,APARINDS,13,1,0.048316232237362214,0.33762097358703613,-0.32984614,0.1062812,-0.4861273437225342,3
2026-08-27,APARINDS,16,1,0.057122001126412414,0.2605929672718048,-0.14845133,0.1062812,-0.3047325282775879,3
2026-08-27,APARINDS,17,1,0.0475735201917834,0.25129932165145874,0.16561747,0.10628119999999998,0.00933626597290041,3
2026-08-27,APARINDS,67,1,0.061563223000720306,0.25460630655288696,-1.0321319,0.1062812,-1.1884131103240967,3
2026-08-27,APLAPOLLO,5,1,0.04497095033612536,1.002326488494873,-0.48627257,0.1062812,-0.6425537734710693,3
2026-08-27,APLAPOLLO,7,1,0.04414528710876657,0.9104540348052979,0.0,0.10628120000000002,-0.1562812,3
2026-08-27,APLAPOLLO,9,1,0.0606260998895471,0.7865983843803406,-0.5304396,0.10628119999999998,-0.6867208152496338,3
2026-08-27,APLAPOLLO,12,1,0.04735977653737324,0.7040776014328003,-0.6199062,0.10628119999999998,-0.7761873870574951,3
2026-08-27,APLAPOLLO,13,1,0.054787400910543814,0.6912330389022827,-0.4669726,0.10628119999999998,-0.6232537894927979,3
2026-08-27,APLAPOLLO,14,1,0.05364388134236222,0.6247554421424866,-0.3178954,0.10628120000000002,-0.47417661244506837,3
2026-08-27,APLAPOLLO,16,1,0.053309050904043545,0.45025330781936646,0.06836653,0.10628119999999998,-0.08791467244262693,3
2026-08-27,APLAPOLLO,17,1,0.06182613028265637,0.362710177898407,-0.26892424,0.1062812,-0.42520543629760743,3
2026-08-27,APLAPOLLO,18,1,0.046393860050933745,0.3610420227050781,-0.5186498,0.1062812,-0.6749310165130615,3
2026-08-27,APLAPOLLO,19,1,0.047167376293493365,0.3648984432220459,-0.2369523,0.10628119999999998,-0.39323350484008784,3
2026-08-27,APLAPOLLO,21,1,0.04657686315697384,0.305564284324646,-0.29603243,0.1062812,-0.4523136287414551,3
2026-08-27,APLAPOLLO,22,1,0.056093809230902375,0.29812008142471313,-0.2550006,0.1062812,-0.4112817912780762,3
2026-08-27,APOLLOHOSP,7,1,0.04550444990406906,0.3276166617870331,0.05698204,0.1062812,-0.09929915959472657,3
2026-08-27,APOLLOHOSP,8,1,0.056965300415116736,0.3157033920288086,0.16534328,0.1062812,0.009062084606933585,3
2026-08-27,APOLLOHOSP,9,1,0.07459857989459125,0.29418471455574036,0.114023685,0.1062812,-0.04225751454467774,3
2026-08-27,APOLLOHOSP,10,1,0.0645593358524889,0.27747809886932373,0.18262863,0.1062812,0.026347431591796866,3
2026-08-27,APOLLOHOSP,11,1,0.051602276101835494,0.2627328038215637,0.22236109,0.1062812,0.06607988779907226,3
2026-08-27,APOLLOHOSP,12,1,0.05165326908982322,0.26309338212013245,-0.19346476,0.1062812,-0.3497459560119629,3
2026-08-27,APOLLOTYRE,7,1,0.043964015639137675,0.40022581815719604,0.112748146,0.10628119999999998,-0.043533053942871075,3
2026-08-27,APOLLOTYRE,8,1,0.04429929888784863,0.3709556758403778,-0.045126677,0.1062812,-0.20140787655944825,3
2026-08-27,APOLLOTYRE,9,1,0.06892619517318607,0.3431153893470764,-0.05643964,0.1062812,-0.2127208381378174,3
2026-08-27,APOLLOTYRE,10,1,0.05327160066626932,0.3224020302295685,-0.11290312,0.1062812,-0.26918431813354493,3
2026-08-27,APOLLOTYRE,12,1,0.04951680675631576,0.3461889922618866,-0.47249794,0.1062812,-0.6287791400634766,3
2026-08-27,APOLLOTYRE,13,1,0.04922285315629403,0.3354252874851227,-0.5179584,0.1062812,-0.674239602633667,3
2026-08-27,APOLLOTYRE,14,1,0.05688761808218508,0.28075945377349854,-0.473243,0.10628119999999998,-0.629524198123169,3
2026-08-27,APOLLOTYRE,17,1,0.049128769062335445,0.20668859779834747,-0.31648874,0.10628119999999998,-0.4727699428283691,3
2026-08-27,ASHOKLEY,3,1,0.05845417686971467,0.7478374242782593,-0.15154481,0.10628119999999998,-0.3078260093414306,3
2026-08-27,ASHOKLEY,4,1,0.07416533337845621,0.64436274766922,0.2812147,0.1062812,0.12493351405029295,3
2026-08-27,ASHOKLEY,5,1,0.0690555195665004,0.5721244812011719,0.4558444,0.1062812,0.2995632023132324,3
2026-08-27,ASHOKLEY,7,1,0.06935733588799356,0.6004215478897095,0.05619526,0.1062812,-0.10008594090576173,3
2026-08-27,ASHOKLEY,8,1,0.07253509920113493,0.5484037399291992,0.1292944,0.1062812,-0.026986804553222665,3
2026-08-27,ASHOKLEY,9,1,0.09346301907081796,0.5194224119186401,0.09555817,0.1062812,-0.06072303349609376,3
2026-08-27,ASHOKLEY,10,1,0.07527481278773589,0.4834180176258087,0.07869005,0.1062812,-0.0775911479675293,3
2026-08-27,ASHOKLEY,11,1,0.05932488345479258,0.47952932119369507,-0.370121,0.1062812,-0.5264022021972656,3
2026-08-27,ASHOKLEY,12,1,0.05625405238050695,0.4611080586910248,-0.56582093,0.1062812,-0.7221021323883057,3
2026-08-27,ASHOKLEY,13,1,0.06502240572147608,0.447480708360672,-0.3533423,0.1062812,-0.5096234946929932,3
2026-08-27,ASHOKLEY,14,1,0.07419117399564504,0.3397552967071533,-0.3424883,0.1062812,-0.49876948887939454,3
2026-08-27,ASHOKLEY,15,1,0.0534222190681149,0.3047548234462738,-0.30872226,0.1062812,-0.46500345761413575,3
2026-08-27,ASHOKLEY,16,1,0.06845078972139626,0.2848171889781952,-0.3481269,0.1062812,-0.5044080882751465,3
2026-08-27,ASHOKLEY,17,1,0.06969331401228422,0.27480387687683105,-0.23579597,0.10628120000000002,-0.3920771747314453,3
2026-08-27,ASHOKLEY,18,1,0.08009423018615336,0.29269447922706604,-0.03377199,0.10628119999999998,-0.19005319172973628,3
2026-08-27,ASHOKLEY,19,1,0.07852676388613684,0.29659658670425415,0.15774965,0.1062812,0.0014684528625488191,3
2026-08-27,ASTRAL,7,1,0.045893276196395626,0.3344171643257141,-0.57120323,0.1062812,-0.7274844318115234,3
2026-08-27,ASTRAL,8,1,0.04842622074964784,0.31343767046928406,-0.42248964,0.10628119999999998,-0.5787708430969238,3
2026-08-27,ASTRAL,9,1,0.07129912424051327,0.2932386100292206,-0.46798587,0.10628119999999998,-0.6242670684539795,3
2026-08-27,ASTRAL,10,1,0.04885339525846743,0.3058655858039856,-0.53899884,0.1062812,-0.6952800422393799,3
2026-08-27,ASTRAL,11,1,0.04835278535425711,0.29275012016296387,-0.63678026,0.10628119999999998,-0.7930614619934082,3
2026-08-27,ASTRAL,12,1,0.06790551608653268,0.30031368136405945,-0.4169643,0.1062812,-0.5732454925262451,3
2026-08-27,ASTRAL,13,1,0.06783053359199034,0.29119452834129333,-0.25450587,0.1062812,-0.41078707272644044,3
2026-08-27,ASTRAL,14,1,0.06041429708802673,0.2615974545478821,-0.20231605,0.1062812,-0.3585972457611084,3
2026-08-27,ATGL,8,1,0.04531559696296179,0.33160969614982605,0.0,0.10628119999999998,-0.15628119999999998,3
2026-08-27,ATGL,9,1,0.07012178790472395,0.31281670928001404,-0.031208992,0.1062812,-0.18749019200439454,3
2026-08-27,ATGL,10,1,0.059445987132689754,0.30518314242362976,0.0078082085,0.10628120000000002,-0.14847299153442384,3
2026-08-27,ATGL,11,1,0.06723416165347267,0.2977125942707062,0.06253719,0.10628120000000002,-0.09374400670166018,3
2026-08-27,ATGL,12,1,0.07221235570753218,0.28320834040641785,0.054717064,0.1062812,-0.10156413609619142,3
2026-08-27,ATGL,13,1,0.05912014815828417,0.2755621373653412,-0.093746185,0.1062812,-0.2500273853027344,3
2026-08-27,AUBANK,3,1,0.054983912710842776,0.7751217484474182,-0.61261654,0.1062812,-0.7688977390014649,3
2026-08-27,AUBANK,4,1,0.05418550910200366,0.7212405800819397,-0.60441494,0.1062812,-0.7606961398803711,3
2026-08-27,AUBANK,5,1,0.05593385264527672,0.6609458923339844,-0.35291314,0.10628119999999998,-0.5091943412506104,3
2026-08-27,AUBANK,6,1,0.04839783288497636,0.6431168913841248,-0.46195388,0.1062812,-0.61823507840271,3
2026-08-27,AUBANK,7,1,0.06762656960536303,0.592760443687439,-0.5698204,0.1062812,-0.7261016040527344,3
2026-08-27,AUBANK,8,1,0.06579081891299611,0.5789035558700562,-0.23599863,0.1062812,-0.39227983052368165,3
2026-08-27,AUBANK,9,1,0.08011247328610271,0.5583717226982117,-0.4614234,0.10628120000000002,-0.617704597064209,3
2026-08-27,AUBANK,10,1,0.07580581653552457,0.5414008498191833,-0.49855113,0.1062812,-0.6548323302947998,3
2026-08-27,AUBANK,11,1,0.0660854390132518,0.5075026750564575,-0.25411248,0.10628119999999998,-0.4103936820709228,3
2026-08-27,AUBANK,12,1,0.06496374059131822,0.48199084401130676,-0.2451837,0.1062812,-0.40146490628356934,3
2026-08-27,AUBANK,13,1,0.07816733820671587,0.4725501537322998,-0.045502186,0.1062812,-0.2017833858215332,3
2026-08-27,AUBANK,14,1,0.07130976725792557,0.40675216913223267,-0.4184544,0.10628119999999998,-0.5747356086456299,3
2026-08-27,AUBANK,15,1,0.07176503242085337,0.3645838499069214,-0.1637876,0.1062812,-0.3200688033782959,3
2026-08-27,AUBANK,16,1,0.07150632607895649,0.3447423577308655,-0.25449395,0.10628119999999998,-0.4107751517974853,3
2026-08-27,AUBANK,17,1,0.08670189231703151,0.3084372878074646,-0.03644824,0.10628119999999998,-0.19272944028015132,3
2026-08-27,AUBANK,18,1,0.07055385911153442,0.28269803524017334,-0.10916591,0.1062812,-0.26544710690612794,3
2026-08-27,AUBANK,19,1,0.07484248434001427,0.26919761300086975,-0.091034174,0.10628119999999998,-0.24731537396545406,3
2026-08-27,AUBANK,21,1,0.05281222261645051,0.26099780201911926,0.24664402,0.1062812,0.09036282008056638,3
2026-08-27,AUROPHARMA,7,1,0.05732258772152116,0.33593013882637024,0.018620491,0.1062812,-0.13766070897216798,3
2026-08-27,AUROPHARMA,8,1,0.06255174180347009,0.3161785900592804,0.42248964,0.1062812,0.2662084430969238,3
2026-08-27,AUROPHARMA,9,1,0.08646369189331266,0.30380234122276306,0.34786463,0.10628119999999998,0.1915834278381348,3
2026-08-27,AUROPHARMA,10,1,0.06951603650724007,0.288223534822464,0.4538417,0.1062812,0.2975604862487793,3
2026-08-27,AUROPHARMA,11,1,0.06978992080974332,0.27093979716300964,0.32327175,0.1062812,0.16699055140380858,3
2026-08-27,AUROPHARMA,12,1,0.07505528352092451,0.26772540807724,0.09944439,0.1062812,-0.05683681065673829,3
2026-08-27,AUROPHARMA,13,1,0.06270863499129806,0.2607407569885254,0.043451786,0.1062812,-0.11282941395874024,3
2026-08-27,AWL,7,1,0.048922937545895155,0.47726839780807495,-0.4744351,0.1062812,-0.6307162910186768,3
2026-08-27,AWL,8,1,0.05565705999996856,0.45306339859962463,-0.4897058,0.10628119999999998,-0.6459870010101318,3
2026-08-27,AWL,9,1,0.07436980817867156,0.43163537979125977,-0.5692899,0.10628119999999998,-0.7255711227142334,3
2026-08-27,AWL,10,1,0.0662256399730742,0.40851613879203796,-0.31487942,0.1062812,-0.4711606174194336,3
2026-08-27,AWL,11,1,0.05420366863323224,0.38134458661079407,-0.5297065,0.1062812,-0.6859876781188965,3
2026-08-27,AWL,12,1,0.07929381326670466,0.3797215223312378,-0.1554668,0.1062812,-0.3117479949676514,3
2026-08-27,AWL,13,1,0.07644337968013003,0.36863741278648376,-0.055223703,0.1062812,-0.21150490338439942,3
2026-08-27,AWL,14,1,0.07433658655726907,0.27920687198638916,0.010037422,0.1062812,-0.14624377781982423,3
2026-08-27,AWL,15,1,0.0539446257838258,0.25502684712409973,-0.0351429,0.10628119999999998,-0.19142409855957027,3
2026-08-27,AWL,16,1,0.05137453450955348,0.23892156779766083,0.025117397,0.10628119999999998,-0.13116380269165037,3
2026-08-27,AWL,17,1,0.0458705909405995,0.22454732656478882,-0.18558502,0.1062812,-0.34186622197265626,3
2026-08-27,AWL,18,1,0.04842506897794241,0.2242807000875473,-0.10047555,0.10628119999999998,-0.25675674969787593,3
2026-08-27,AXISBANK,7,1,0.043890474848917733,0.28361737728118896,0.007927418,0.1062812,-0.14835378224487306,3
2026-08-27,AXISBANK,8,1,0.04495529755404445,0.26979824900627136,0.023806095,0.1062812,-0.132475104876709,3
2026-08-27,AXISBANK,9,1,0.06575548081516544,0.2855103313922882,-0.031727552,0.1062812,-0.18800875241394044,3
2026-08-27,AXISBANK,10,1,0.044970916283689905,0.2754817605018616,-0.04759431,0.10628119999999998,-0.20387550885314937,3
2026-08-27,AXISBANK,11,1,0.057425313319560856,0.2728329002857208,0.15099049,0.10628119999999995,-0.005290713854980422,3
2026-08-27,AXISBANK,12,1,0.06550244311155157,0.25842589139938354,0.039708614,0.1062812,-0.11657258565063477,3
2026-08-27,AXISBANK,13,1,0.055623522492719006,0.2630797326564789,-0.06350875,0.10628119999999998,-0.21978994900817866,3
2026-08-27,BAJAJ-AUTO,4,1,0.04593424276768348,0.4569661617279053,0.14613867,0.10628119999999998,-0.010142531939697247,3
2026-08-27,BAJAJ-AUTO,7,1,0.05788577577373835,0.3840872049331665,-0.094377995,0.10628119999999998,-0.25065919453735347,3
2026-08-27,BAJAJ-AUTO,8,1,0.060632425000128075,0.3626404106616974,0.034356117,0.1062812,-0.12192508275146485,3
2026-08-27,BAJAJ-AUTO,9,1,0.07765022997587706,0.34613072872161865,0.08583069,0.10628119999999998,-0.07045051152343748,3
2026-08-27,BAJAJ-AUTO,10,1,0.05974873838355413,0.33441418409347534,-0.09454489,0.10628119999999998,-0.25082608754272456,3
2026-08-27,BAJAJ-AUTO,11,1,0.05605233645217553,0.31974250078201294,-0.18025637,0.1062812,-0.33653756672973634,3
2026-08-27,BAJAJ-AUTO,12,1,0.05851724343604028,0.31193941831588745,-0.36862493,0.1062812,-0.5249061256134033,3
2026-08-27,BAJAJ-AUTO,13,1,0.061801928333931305,0.3039253056049347,-0.30035377,0.1062812,-0.4566349654876709,3
2026-08-27,BAJAJ-AUTO,14,1,0.06471945044322372,0.2650046646595001,-0.1459837,0.10628119999999998,-0.30226489598388667,3
2026-08-27,BAJAJ-AUTO,17,1,0.04507706710045587,0.22367516160011292,0.1032114,0.10628119999999998,-0.053069797106933575,3
2026-08-27,BAJAJFINSV,9,1,0.06642217398017834,0.31475216150283813,-0.12928247,0.1062812,-0.2855636745178223,3
2026-08-27,BAJAJFINSV,10,1,0.05822541013283352,0.29574862122535706,-0.17908216,0.10628119999999998,-0.3353633552276611,3
2026-08-27,BAJAJFINSV,11,1,0.05987824709269722,0.2853958308696747,-0.11447668,0.1062812,-0.27075788075561524,3
2026-08-27,BAJAJFINSV,12,1,0.06575206922245866,0.2705960273742676,-0.22888184,0.10628119999999998,-0.38516303593749995,3
2026-08-27,BAJAJHLDNG,9,1,0.06126958296694176,0.4545454680919647,-0.32218695,0.1062812,-0.4784681468688965,3
2026-08-27,BAJAJHLDNG,10,1,0.049578745062621866,0.42261213064193726,-0.26118755,0.1062812,-0.4174687534057617,3
2026-08-27,BAJAJHLDNG,11,1,0.049810271875567934,0.3965141475200653,-0.16554594,0.1062812,-0.32182714039916993,3
2026-08-27,BAJAJHLDNG,12,1,0.06787574049711488,0.38079404830932617,-0.08721948,0.10628119999999998,-0.24350067669982906,3
2026-08-27,BAJAJHLDNG,13,1,0.06832819171306714,0.36908191442489624,0.052404404,0.10628119999999998,-0.10387679631347654,3
2026-08-27,BAJAJHLDNG,14,1,0.06209370362643143,0.3174741864204407,0.00872612,0.1062812,-0.14755508000488282,3
2026-08-27,BAJAJHLDNG,16,1,0.04597672302997466,0.2258857637643814,0.096058846,0.10628119999999998,-0.06022235447998045,3
2026-08-27,BAJFINANCE,8,1,0.04333636127554562,0.4695259928703308,-0.24696589,0.1062812,-0.4032470851623535,3
2026-08-27,BAJFINANCE,9,1,0.07069536218657356,0.4434266984462738,-0.1465857,0.1062812,-0.3028669028961182,3
2026-08-27,BAJFINANCE,10,1,0.05555265224223817,0.41492781043052673,-0.15580058,0.10628119999999998,-0.3120817809783935,3
2026-08-27,BAJFINANCE,11,1,0.05422309543464952,0.39399009943008423,-0.21990538,0.10628120000000002,-0.3761865764343262,3
2026-08-27,BAJFINANCE,12,1,0.06403329923058906,0.38087716698646545,-0.27510524,0.10628119999999998,-0.4313864379608154,3
2026-08-27,BAJFINANCE,13,1,0.05169928184873321,0.366149365901947,-0.1926601,0.10628119999999998,-0.34894129330749507,3
2026-08-27,BAJFINANCE,14,1,0.05597337860250326,0.2666863799095154,-0.21098256,0.1062812,-0.3672637611114502,3
2026-08-27,BALKRISIND,8,1,0.043602192683313,0.3765103220939636,0.4804492,0.10628119999999998,0.3241679996765137,3
2026-08-27,BALKRISIND,9,1,0.06258286890275948,0.35639774799346924,0.55713654,0.1062812,0.40085533564453124,3
2026-08-27,BALKRISIND,12,1,0.04861018583738394,0.3561030328273773,-0.29990077,0.1062812,-0.45618197018737794,3
2026-08-27,BALKRISIND,13,1,0.04778892060064796,0.3637830913066864,0.26608706,0.10628119999999998,0.10980585520629886,3
2026-08-27,BALKRISIND,14,1,0.0477859276840068,0.30308207869529724,0.43542385,0.10628119999999998,0.27914265101318364,3
2026-08-27,BALKRISIND,16,1,0.05095467806841226,0.2830677628517151,0.5072713,0.1062812,0.35099008982543944,3
2026-08-27,BALKRISIND,17,1,0.05710732882833218,0.27352792024612427,0.5370617,0.1062812,0.3807804912841797,3
2026-08-27,BALKRISIND,19,1,0.057854261768170524,0.26388880610466003,0.72916746,0.10628119999999998,0.5728862613952637,3
2026-08-27,BALKRISIND,22,1,0.04841739378676692,0.29214543104171753,0.3070593,0.1062812,0.15077808802490233,3
2026-08-27,BANKBARODA,9,1,0.055578485257964695,0.22930662333965302,-0.23919344,0.1062812,-0.3954746394836426,3
2026-08-27,BANKBARODA,12,1,0.05078580103812179,0.20447583496570587,-0.2806127,0.1062812,-0.43689390713806153,3
2026-08-27,BANKBARODA,13,1,0.048216108761959184,0.20010103285312653,-0.08262396,0.10628119999999998,-0.23890515858764644,3
2026-08-27,BANKINDIA,7,1,0.04462950859889066,0.32535481452941895,-0.7072687,0.1062812,-0.8635499149047852,3
2026-08-27,BANKINDIA,8,1,0.05343478942848462,0.314773827791214,-0.5089104,0.10628119999999998,-0.6651916175567627,3
2026-08-27,BANKINDIA,9,1,0.07439175824563894,0.3030909299850464,-0.6391704,0.1062812,-0.7954516082489014,3
2026-08-27,BANKINDIA,10,1,0.055344821524951876,0.2912173867225647,-0.63251853,0.10628119999999998,-0.7887997298919678,3
2026-08-27,BANKINDIA,11,1,0.06871479986279867,0.2887401282787323,-0.275743,0.1062812,-0.4320242076599121,3
2026-08-27,BANKINDIA,12,1,0.07511362434137445,0.2837204933166504,-0.37208796,0.1062812,-0.5283691554748535,3
2026-08-27,BANKINDIA,13,1,0.07302265622800354,0.2719011604785919,-0.25527477,0.1062812,-0.411555972644043,3
2026-08-27,BANKINDIA,14,1,0.05212899895985716,0.24649153649806976,0.11063814,0.1062812,-0.04564305836791993,3
2026-08-27,BANKINDIA,16,1,0.04910735594099771,0.21492110192775726,0.19373894,0.1062812,0.03745773737792968,3
2026-08-27,BDL,9,1,0.06812098306471585,0.34967517852783203,-0.3164947,0.10628119999999998,-0.47277590329284663,3
2026-08-27,BDL,10,1,0.05650648448369091,0.33072391152381897,-0.47864318,0.10628119999999998,-0.6349243789398193,3
2026-08-27,BDL,11,1,0.06748119946791589,0.3123689889907837,-0.31666756,0.10628119999999998,-0.47294875676269527,3
2026-08-27,BDL,12,1,0.0742150961522908,0.3008473217487335,-0.4050672,0.10628119999999998,-0.5613484054290772,3
2026-08-27,BDL,13,1,0.07642254369999381,0.29948607087135315,-0.17715096,0.10628119999999998,-0.33343216473693843,3
2026-08-27,BDL,14,1,0.04442537983275803,0.25498926639556885,-0.1549542,0.10628119999999998,-0.31123539502258296,3
2026-08-27,BDL,16,1,0.04561044367967648,0.22942858934402466,-0.06645322,0.1062812,-0.22273441846008302,3
2026-08-27,BDL,17,1,0.056606926786251406,0.2225046157836914,0.04438162,0.10628119999999998,-0.11189958150024412,3
2026-08-27,BDL,18,1,0.04366983037715687,0.2189933806657791,-0.08126497,0.1062812,-0.2375461726867676,3
2026-08-27,BDL,19,1,0.04518138128407931,0.2049427330493927,-0.059133768,0.1062812,-0.21541496808166505,3
2026-08-27,BEL,7,1,0.04580387019633897,0.3815523087978363,-0.23103356,0.1062812,-0.3873147636138916,3
2026-08-27,BEL,8,1,0.046745720603024024,0.36374568939208984,-0.18255115,0.10628119999999998,-0.3388323455535888,3
2026-08-27,BEL,9,1,0.07068104947188467,0.3406333327293396,-0.21897554,0.1062812,-0.3752567439758301,3
2026-08-27,BEL,10,1,0.05132600612187024,0.31973719596862793,-0.24342537,0.1062812,-0.3997065692626953,3
2026-08-27,BEL,11,1,0.0582604171871189,0.30251461267471313,-0.073093176,0.10628119999999998,-0.22937437588806148,3
2026-08-27,BEL,12,1,0.06405191966982421,0.29045370221138,-0.09744167,0.1062812,-0.2537228732788086,3
2026-08-27,BEL,13,1,0.06418773031871257,0.28146281838417053,0.036597252,0.1062812,-0.11968394810791017,3
2026-08-27,BERGEPAINT,3,1,0.04776058469796164,0.8415826559066772,-0.128752,0.10628119999999998,-0.28503319317932124,3
2026-08-27,BERGEPAINT,4,1,0.04766263003432867,0.7404451966285706,0.05955696,0.10628119999999998,-0.09672423894042967,3
2026-08-27,BERGEPAINT,5,1,0.04689164362676438,0.6389233469963074,0.10924339,0.1062812,-0.04703780705566407,3
2026-08-27,BERGEPAINT,7,1,0.043964496505149483,0.5597370862960815,-0.39627552,0.10628119999999998,-0.552556720324707,3
2026-08-27,BERGEPAINT,8,1,0.04379274495433274,0.5175628066062927,-0.5352855,0.10628119999999998,-0.6915666728698731,3
2026-08-27,BERGEPAINT,9,1,0.0634125419345434,0.48826250433921814,-0.56485534,0.1062812,-0.7211365371429443,3
2026-08-27,BERGEPAINT,10,1,0.04928147025119276,0.463379442691803,-0.5255878,0.10628119999999998,-0.681868997164917,3
2026-08-27,BERGEPAINT,11,1,0.05563038577457464,0.4389873743057251,-0.49602985,0.1062812,-0.6523110538208008,3
2026-08-27,BERGEPAINT,12,1,0.06479694156083654,0.4174294173717499,-0.39682388,0.1062812,-0.5531050830566406,3
2026-08-27,BERGEPAINT,13,1,0.06279615001270743,0.4028935134410858,-0.3177762,0.10628119999999998,-0.47405740315551753,3
2026-08-27,BERGEPAINT,14,1,0.058226829478515714,0.3197017312049866,-0.159204,0.1062812,-0.31548520619506837,3
2026-08-27,BERGEPAINT,15,1,0.058775453874050004,0.30823761224746704,0.079762936,0.1062812,-0.07651826436157227,3
2026-08-27,BERGEPAINT,16,1,0.07029586599843109,0.2854578197002411,-0.019931793,0.1062812,-0.17621299321289063,3
2026-08-27,BERGEPAINT,17,1,0.049869251582086445,0.21860812604427338,-0.05981326,0.10628119999999998,-0.21609446103210445,3
2026-08-27,BHARATFORG,8,1,0.04803117050155372,0.4404080808162689,0.2418518,0.10628119999999998,0.08557060664062503,3
2026-08-27,BHARATFORG,9,1,0.06258286890275948,0.43876081705093384,0.08856058,0.1062812,-0.06772061879272462,3
2026-08-27,BHARATFORG,10,1,0.051761782433869565,0.431661456823349,0.31604767,0.1062812,0.15976646845703124,3
2026-08-27,BHARATFORG,12,1,0.0587957369356943,0.3910253942012787,0.06901026,0.1062812,-0.08727094227905274,3
2026-08-27,BHARATFORG,13,1,0.04778892060064796,0.38860055804252625,-0.108253956,0.1062812,-0.26453515584106446,3
2026-08-27,BHARATFORG,14,1,0.044528429934681216,0.34065553545951843,-0.014770031,0.10628119999999998,-0.17105123097534178,3
2026-08-27,BHARATFORG,17,1,0.059343095339462304,0.3101311922073364,-0.13291836,0.10628119999999998,-0.28919955784912105,3
2026-08-27,BHARATFORG,18,1,0.054611779818078035,0.28395479917526245,-0.42364597,0.1062812,-0.5799271732055664,3
2026-08-27,BHARATFORG,19,1,0.05617029970088772,0.275158166885376,-0.35465956,0.10628119999999998,-0.5109407573425293,3
2026-08-27,BHARTIARTL,7,1,0.044030429486566734,0.27849313616752625,-0.14712214,0.1062812,-0.3034033446990967,3
2026-08-27,BHARTIARTL,8,1,0.04509525219169345,0.26851123571395874,-0.005251169,0.10628119999999998,-0.1615323692047119,3
2026-08-27,BHARTIARTL,9,1,0.04933789394686247,0.25394347310066223,0.094628334,0.10628119999999998,-0.061652865954589825,3
2026-08-27,BHARTIARTL,12,1,0.045470866160151564,0.22814805805683136,0.07888079,0.1062812,-0.07740041310424806,3
2026-08-27,BHEL,3,1,0.05520165645812915,0.8652252554893494,0.7325053,0.10628119999999995,0.5762241215026855,3
2026-08-27,BHEL,4,1,0.05340104730614281,0.9328974485397339,-0.39733648,0.1062812,-0.553617683001709,3
2026-08-27,BHEL,5,1,0.05411173545749494,0.8798569440841675,-0.5022168,0.1062812,-0.6584980159484863,3
2026-08-27,BHEL,6,1,0.0655459304560898,0.8042408227920532,-0.5502224,0.10628119999999998,-0.706503596850586,3
2026-08-27,BHEL,9,1,0.06508553146636667,0.6507704257965088,0.974977,0.1062812,0.8186958164489746,3
2026-08-27,BHEL,12,1,0.046723994990072466,0.5715734958648682,2.336502,0.10628119999999998,2.1802208751953125,3
2026-08-27,BHEL,13,1,0.056337763872145105,0.559994101524353,2.295196,0.1062812,2.138914856365967,3
2026-08-27,BHEL,14,1,0.04373915261995933,0.47663646936416626,1.600647,0.10628119999999998,1.44436577265625,3
2026-08-27,BHEL,17,1,0.05176143542491468,0.4762466847896576,0.34786463,0.1062812,0.19158342783813476,3
2026-08-27,BHEL,22,1,0.05381177154473158,0.48518142104148865,-0.3338635,0.10628119999999998,-0.49014469678039546,3
2026-08-27,BIOCON,7,1,0.05119832967605911,0.4242900311946869,0.18053055,0.1062812,0.024249348095703116,3
2026-08-27,BIOCON,8,1,0.050845974329345775,0.3853099048137665,0.43346882,0.1062812,0.2771876186645508,3
2026-08-27,BIOCON,9,1,0.07125928770304382,0.3726857602596283,0.420928,0.1062812,0.2646468014038086,3
2026-08-27,BIOCON,10,1,0.04675960256640982,0.3520473539829254,0.5773425,0.10628119999999998,0.4210613102233887,3
2026-08-27,BIOCON,11,1,0.04435090316939998,0.33160993456840515,0.75712204,0.10628119999999998,0.6008408397949219,3
2026-08-27,BIOCON,12,1,0.06491964771889322,0.318818598985672,0.49284697,0.10628119999999998,0.33656576578979497,3
2026-08-27,BIOCON,13,1,0.06219737496800276,0.31234949827194214,0.36014318,0.1062812,0.20386198466186523,3
2026-08-27,BLUESTARCO,7,1,0.046797942004272106,0.45203959941864014,-0.08020997,0.10628119999999998,-0.23649117047424312,3
2026-08-27,BLUESTARCO,8,1,0.047739792410957174,0.42961007356643677,0.11378527,0.10628119999999998,-0.04249593312377928,3
2026-08-27,BLUESTARCO,9,1,0.07056875379621566,0.40714097023010254,-0.05350113,0.10628119999999998,-0.20978232915039058,3
2026-08-27,BLUESTARCO,12,1,0.04897516865402304,0.35516515374183655,-0.5407572,0.1062812,-0.6970383792602539,3
2026-08-27,BLUESTARCO,13,1,0.04979304664782124,0.34179651737213135,-0.42797923,0.1062812,-0.5842604308807373,3
2026-08-27,BLUESTARCO,14,1,0.056135411831426126,0.3034334182739258,-0.0736177,0.1062812,-0.22989889676208497,3
2026-08-27,BLUESTARCO,16,1,0.05673959240742648,0.28152674436569214,-0.15396476,0.1062812,-0.31024595791931153,3
2026-08-27,BLUESTARCO,17,1,0.06645670950151347,0.2643551528453827,-0.0066936016,0.10628119999999998,-0.16297480160827635,3
2026-08-27,BOSCHLTD,7,1,0.0523865950557085,0.2870617210865021,-0.23592114,0.1062812,-0.39220234448547364,3
2026-08-27,BOSCHLTD,8,1,0.04552745435547953,0.27996858954429626,-0.40979385,0.1062812,-0.5660750537597656,3
2026-08-27,BOSCHLTD,9,1,0.07666253177648238,0.29200083017349243,-0.020563602,0.1062812,-0.17684480244750977,3
2026-08-27,BOSCHLTD,10,1,0.0735707926189997,0.2931644916534424,0.15455484,0.1062812,-0.0017263560974121184,3
2026-08-27,BOSCHLTD,11,1,0.06168520106598204,0.30220532417297363,-0.17462969,0.1062812,-0.33091088826293946,3
2026-08-27,BOSCHLTD,12,1,0.07077434679705198,0.2967405915260315,-0.07198453,0.10628119999999998,-0.2282657294952392,3
2026-08-27,BOSCHLTD,13,1,0.06822346822279209,0.2815389931201935,-0.030869246,0.1062812,-0.1871504455291748,3
2026-08-27,BOSCHLTD,14,1,0.04758262189325167,0.2570429742336273,-0.11307597,0.1062812,-0.26935717160339356,3
2026-08-27,BPCL,6,1,0.04735463752401426,0.2700074017047882,-0.29929876,0.10628119999999998,-0.45557996327514644,3
2026-08-27,BPCL,7,1,0.05917129967112404,0.27027997374534607,-0.20520687,0.1062812,-0.36148807103271485,3
2026-08-27,BPCL,8,1,0.06350135054841852,0.2580704391002655,-0.22110343,0.10628119999999998,-0.3773846297943115,3
2026-08-27,BPCL,9,1,0.05584129049052807,0.24928884208202362,-0.33117533,0.1062812,-0.4874565273010254,3
2026-08-27,BPCL,11,1,0.051310361840742814,0.2648826539516449,-0.48757195,0.10628119999999998,-0.6438531547271729,3
2026-08-27,BPCL,12,1,0.05867748573405553,0.25911322236061096,-0.37776828,0.1062812,-0.5340494781219483,3
2026-08-27,BPCL,13,1,0.07357763596943397,0.2697323262691498,-0.18960238,0.10628119999999998,-0.34588357503051753,3
2026-08-27,BPCL,14,1,0.04631821164460938,0.23952580988407135,-0.015819073,0.10628119999999998,-0.17210027272338865,3
2026-08-27,BPCL,16,1,0.04686178647322893,0.22829893231391907,-0.15822649,0.10628119999999998,-0.3145076900207519,3
2026-08-27,BPCL,17,1,0.050083621638148154,0.20928409695625305,-0.1583755,0.1062812,-0.31465670163269044,3
2026-08-27,BRITANNIA,7,1,0.04382450917401861,0.33394262194633484,-0.1968503,0.1062812,-0.3531314998352051,3
2026-08-27,BRITANNIA,8,1,0.04701605902600204,0.309684693813324,-0.009381771,0.10628119999999998,-0.16566297108764647,3
2026-08-27,BRITANNIA,9,1,0.07391554118805226,0.2988160252571106,0.16924143,0.10628119999999998,0.01296022837524416,3
2026-08-27,BRITANNIA,10,1,0.054212871321779314,0.2902534604072571,-0.13146996,0.1062812,-0.2877511649810791,3
2026-08-27,BRITANNIA,11,1,0.04786350209906521,0.27146703004837036,-0.20655394,0.1062812,-0.3628351360046387,3
2026-08-27,BRITANNIA,12,1,0.054534843543609574,0.26393404603004456,-0.2718389,0.1062812,-0.42812010342712403,3
2026-08-27,BRITANNIA,13,1,0.05777164377345687,0.25893527269363403,-0.15026331,0.1062812,-0.3065445094787598,3
2026-08-27,BRITANNIA,17,1,0.04333743825758245,0.17999865114688873,0.19745827,0.10628119999999998,0.04117706721191408,3
2026-08-27,BSE,7,1,0.049270325167932914,0.4836168587207794,-0.089770555,0.1062812,-0.24605175549621583,3
2026-08-27,BSE,8,1,0.05184196448724157,0.45294299721717834,-0.0059962273,0.1062812,-0.1622774272644043,3
2026-08-27,BSE,9,1,0.06939501125547277,0.4380600154399872,-0.16461015,0.1062812,-0.3208913474761963,3
2026-08-27,BSE,12,1,0.04680644694086201,0.3919743001461029,-0.5373299,0.10628119999999998,-0.693611112185669,3
2026-08-27,BSE,13,1,0.0490729328005996,0.38285812735557556,-0.3017664,0.10628120000000002,-0.45804759556884767,3
2026-08-27,BSE,14,1,0.06007471736167442,0.31169313192367554,-0.06889701,0.1062812,-0.22517820889587403,3
2026-08-27,BSE,15,1,0.04822228580622863,0.2847716510295868,0.014984608,0.10628119999999998,-0.14129659230346678,3
2026-08-27,BSE,16,1,0.059742697930609705,0.27109241485595703,0.014984608,0.1062812,-0.1412965923034668,3
2026-08-27,BSE,17,1,0.05498984878085209,0.24445630609989166,0.23409128,0.1062812,0.07781008189086912,3
2026-08-27,CANBK,7,1,0.052360046118125246,0.36636701226234436,-0.25520325,0.1062812,-0.4114844470703125,3
2026-08-27,CANBK,8,1,0.050842807032148433,0.3436501622200012,-0.2474904,0.1062812,-0.40377160603637696,3
2026-08-27,CANBK,9,1,0.073940148871217,0.31948554515838623,-0.2088666,0.1062812,-0.36514779622192384,3
2026-08-27,CANBK,10,1,0.057042468787161016,0.2990199029445648,-0.10834932,0.10628119999999998,-0.26463052327270503,3
2026-08-27,CANBK,11,1,0.07588871757061895,0.28798019886016846,0.10851622,0.1062812,-0.04776498372192384,3
2026-08-27,CANBK,12,1,0.07819484957045272,0.27777060866355896,-0.0077426434,0.10628119999999998,-0.16402384335632322,3
2026-08-27,CANBK,13,1,0.07909798949733439,0.2635672688484192,0.10076761,0.1062812,-0.05551358754272462,3
2026-08-27,CGPOWER,3,1,0.0541075999666875,1.1898070573806763,-0.34248233,0.10628119999999998,-0.49876352841491695,3
2026-08-27,CGPOWER,4,1,0.05340104730614281,1.1469451189041138,-0.40263534,0.10628119999999998,-0.5589165359222412,3
2026-08-27,CGPOWER,5,1,0.05934603202449824,1.041549801826477,-0.4086256,0.1062812,-0.564906802722168,3
2026-08-27,CGPOWER,6,1,0.06132569491871221,0.9617912769317627,-1.0156214,0.1062812,-1.1719026237213135,3
2026-08-27,CGPOWER,7,1,0.07160884665566573,0.8936558365821838,-0.92809796,0.10628119999999998,-1.08437916333313,3
2026-08-27,CGPOWER,8,1,0.05272414299184976,0.8739076256752014,-0.39885044,0.10628119999999998,-0.5551316409790039,3
2026-08-27,CGPOWER,9,1,0.07708122487742677,0.8131359815597534,-0.32040477,0.10628119999999998,-0.47668596799011226,3
2026-08-27,CGPOWER,10,1,0.06336858436941445,0.7836107611656189,-0.14647841,0.10628119999999998,-0.3027596145355224,3
2026-08-27,CGPOWER,12,1,0.049537338943080704,0.7224513292312622,-0.48882365,0.1062812,-0.6451048522674561,3
2026-08-27,CGPOWER,13,1,0.04992490880143382,0.7063130736351013,-0.15783906,0.1062812,-0.3141202598297119,3
2026-08-27,CGPOWER,14,1,0.056569417232839134,0.5590941309928894,0.15244484,0.1062812,-0.0038363605224609465,3
2026-08-27,CGPOWER,16,1,0.04762171594038936,0.44469156861305237,-0.2819419,0.10628119999999998,-0.4382230907165527,3
2026-08-27,CGPOWER,17,1,0.05412818995423192,0.42436423897743225,-0.23134351,0.10628119999999998,-0.3876247077667236,3
2026-08-27,CGPOWER,18,1,0.047545097900388494,0.3712823688983917,-0.10139346,0.1062812,-0.257674661227417,3
2026-08-27,CGPOWER,19,1,0.05568616473735012,0.35651785135269165,-0.16365647,0.1062812,-0.31993767315979005,3
2026-08-27,CGPOWER,22,1,0.050402298366233465,0.2882785499095917,-0.282228,0.10628119999999998,-0.43850919301147456,3
2026-08-27,CHOLAFIN,4,1,0.05203728828146167,0.6745659708976746,0.4396081,0.1062812,0.283326897076416,3
2026-08-27,CHOLAFIN,8,1,0.04388878593323011,0.5055619478225708,0.0106573105,0.1062812,-0.14562388951416017,3
2026-08-27,CHOLAFIN,9,1,0.06596585986838834,0.4729367792606354,0.17075539,0.1062812,0.014474186352539054,3
2026-08-27,CHOLAFIN,10,1,0.05131187105192148,0.45677825808525085,0.19221306,0.1062812,0.03593185847167968,3
2026-08-27,CHOLAFIN,11,1,0.050610477152671994,0.43012166023254395,0.22411346,0.1062812,0.06783226435546874,3
2026-08-27,CHOLAFIN,12,1,0.04994348356148587,0.4061100482940674,-0.12264848,0.1062812,-0.2789296775543213,3
2026-08-27,CHOLAFIN,13,1,0.05146629898369579,0.3930128514766693,-0.03735423,0.10628119999999998,-0.19363543088073726,3
2026-08-27,CHOLAFIN,14,1,0.04627353176630889,0.3239299952983856,0.026679039,0.1062812,-0.12960216099853517,3
2026-08-27,CIPLA,7,1,0.045526497100407286,0.2943999469280243,0.042688847,0.1062812,-0.11359235341186524,3
2026-08-27,CIPLA,8,1,0.04897095603649723,0.272932231426239,0.17088652,0.10628119999999998,0.01460531657104494,3
2026-08-27,CIPLA,9,1,0.05607428925109153,0.25493162870407104,0.1139164,0.10628119999999998,-0.04236480290527342,3
2026-08-27,CIPLA,12,1,0.04609504843583161,0.21703968942165375,-0.078350306,0.1062812,-0.23463150555725099,3
2026-08-27,CIPLA,17,1,0.043436364034839574,0.13328227400779724,0.12819767,0.1062812,-0.028083530017089853,3
2026-08-27,COALINDIA,9,1,0.045074115079693645,0.1816391944885254,-0.34834146,0.1062812,-0.5046226649963379,3
2026-08-27,COALINDIA,12,1,0.05223025231359022,0.18440979719161987,0.062429905,0.10628119999999998,-0.09385129506225584,3
2026-08-27,COALINDIA,13,1,0.04494683397667062,0.17930935323238373,0.24981499,0.1062812,0.09353378718261716,3
2026-08-27,COALINDIA,17,1,0.047234466538967214,0.12217045575380325,0.3245592,0.1062812,0.16827801173095702,3
2026-08-27,COCHINSHIP,9,1,0.06861993193180721,0.5018184781074524,-0.8793175,0.1062812,-1.0355987220489502,3
2026-08-27,COCHINSHIP,12,1,0.060440747595609884,0.45248928666114807,-0.38363338,0.10628119999999998,-0.5399145751678467,3
2026-08-27,COCHINSHIP,13,1,0.05606761816511337,0.43249940872192383,-0.46039224,0.10628119999999998,-0.6166734367095947,3
2026-08-27,COCHINSHIP,14,1,0.058859710985566714,0.427656352519989,-0.096189976,0.1062812,-0.2524711757385254,3
2026-08-27,COCHINSHIP,15,1,0.04461408748687404,0.3947378396987915,-0.03851652,0.1062812,-0.19479772145385743,3
2026-08-27,COCHINSHIP,16,1,0.055154880067551704,0.38754063844680786,-0.032144785,0.1062812,-0.18842598492736817,3
2026-08-27,COCHINSHIP,17,1,0.06368331477850502,0.38125917315483093,-0.11577606,0.1062812,-0.27205726201171876,3
2026-08-27,COCHINSHIP,18,1,0.055513794090086936,0.36175739765167236,-0.17355084,0.10628119999999998,-0.32983204419250484,3
2026-08-27,COCHINSHIP,19,1,0.0497002876936071,0.30121123790740967,-0.3658831,0.10628119999999998,-0.5221643119537354,3
2026-08-27,COFORGE,8,1,0.045258787513754416,0.2971150577068329,-0.25731325,0.1062812,-0.41359445149536134,3
2026-08-27,COFORGE,9,1,0.06575548081516544,0.28873035311698914,-0.351727,0.1062812,-0.5080082088195801,3
2026-08-27,COFORGE,10,1,0.044970916283689905,0.29267212748527527,-0.55558085,0.1062812,-0.7118620544158936,3
2026-08-27,COFORGE,11,1,0.05694782262277336,0.30012375116348267,-0.34700036,0.1062812,-0.5032815604888916,3
2026-08-27,COFORGE,12,1,0.06285137563917564,0.2887755334377289,-0.49354434,0.1062812,-0.649825540133667,3
2026-08-27,COFORGE,13,1,0.06201911165094518,0.28032615780830383,-0.4150033,0.1062812,-0.5712844997131348,3
2026-08-27,COLPAL,7,1,0.04810739576498771,0.28823548555374146,-0.36466718,0.1062812,-0.5209483772003174,3
2026-08-27,COLPAL,8,1,0.052099388199443715,0.2768835425376892,-0.15040636,0.1062812,-0.3066875606262207,3
2026-08-27,COLPAL,9,1,0.0809745885016376,0.26828035712242126,-0.13440847,0.10628119999999998,-0.2906896739685058,3
2026-08-27,COLPAL,10,1,0.057013327049095786,0.2612897455692291,-0.4781127,0.1062812,-0.6343938976013184,3
2026-08-27,COLPAL,13,1,0.05218625591414605,0.25230076909065247,-0.19399524,0.10628119999999998,-0.3502764373504638,3
2026-08-27,COLPAL,17,1,0.04995124908238795,0.21475638449192047,0.016188622,0.1062812,-0.14009257847900392,3
2026-08-27,COLPAL,18,1,0.04367938887040933,0.2193952053785324,-0.016194582,0.10628120000000002,-0.17247578198547364,3
2026-08-27,CONCOR,7,1,0.05112643329641272,0.3385283052921295,-0.15530586,0.10628119999999998,-0.31158706242675777,3
2026-08-27,CONCOR,8,1,0.06109391457686975,0.3196209669113159,-0.019431114,0.1062812,-0.17571231419677735,3
2026-08-27,CONCOR,9,1,0.07621085117081633,0.3127131760120392,-0.10687709,0.1062812,-0.26315828854675294,3
2026-08-27,CONCOR,10,1,0.0475078948132342,0.30526623129844666,-0.31056404,0.10628119999999998,-0.46684524113769527,3
2026-08-27,CONCOR,11,1,0.04650757454977414,0.3093303442001343,-0.15509725,0.1062812,-0.31137844617004395,3
2026-08-27,CONCOR,12,1,0.05769762462656517,0.3067972660064697,-0.009703636,0.1062812,-0.1659848361694336,3
2026-08-27,CONCOR,13,1,0.0730735187489382,0.3041290044784546,0.048601627,0.10628119999999998,-0.10767957265014647,3
2026-08-27,CONCOR,14,1,0.06541363281229035,0.27638155221939087,0.03888607,0.10628119999999998,-0.11739512974853514,3
2026-08-27,CONCOR,15,1,0.05169922457886149,0.2686907947063446,0.106966496,0.1062812,-0.04931470448608399,3
2026-08-27,CONCOR,16,1,0.06470692800448835,0.26609453558921814,0.17507076,0.10628119999999998,0.018789562634277363,3
2026-08-27,CONCOR,17,1,0.05679449429451709,0.24268487095832825,0.16542673,0.1062812,0.009145531109619132,3
2026-08-27,COROMANDEL,7,1,0.04430877429138041,0.32456693053245544,0.21510124,0.1062812,0.05882004206542968,3
2026-08-27,COROMANDEL,8,1,0.04480931022602228,0.31025490164756775,0.29207468,0.1062812,0.13579348032836913,3
2026-08-27,COROMANDEL,9,1,0.06698532845939095,0.29697901010513306,0.29708147,0.10628119999999998,0.140800270489502,3
2026-08-27,COROMANDEL,10,1,0.05277461902302382,0.2774854004383087,0.27143955,0.1062812,0.11515835230712888,3
2026-08-27,COROMANDEL,11,1,0.051252375029646295,0.28717976808547974,0.010216236,0.10628119999999998,-0.14606496388549803,3
2026-08-27,COROMANDEL,12,1,0.06104487377980776,0.27294352650642395,-0.13783574,0.1062812,-0.29411694104309083,3
2026-08-27,COROMANDEL,13,1,0.06090996107488388,0.2758631408214569,0.025570393,0.1062812,-0.13071080739135743,3
2026-08-27,CRISIL,9,1,0.06194771188976819,0.5891841053962708,1.0831714,0.1062812,0.9268901676452637,3
2026-08-27,CRISIL,10,1,0.05650648448369091,0.5448534488677979,1.3124466,0.1062812,1.1561653942382812,3
2026-08-27,CRISIL,11,1,0.05462697169193159,0.5111657977104187,1.1807323,0.1062812,1.024451050213623,3
2026-08-27,CRISIL,12,1,0.05690097516980947,0.4879298806190491,0.89354515,0.1062812,0.7372639507568359,3
2026-08-27,CRISIL,13,1,0.05471440353521901,0.4745124280452728,0.37449598,0.1062812,0.2182147831237793,3
2026-08-27,CRISIL,14,1,0.05097834890090864,0.4478347599506378,1.5323639,0.10628119999999998,1.3760826916015625,3
2026-08-27,CRISIL,16,1,0.04727071990427204,0.3346885144710541,0.926435,0.10628119999999998,0.7701537937438965,3
2026-08-27,CRISIL,17,1,0.06099621537087796,0.3183418810367584,0.6967068,0.1062812,0.5404255718505859,3
2026-08-27,CRISIL,18,1,0.05317668886101892,0.32874107360839844,0.80645084,0.1062812,0.6501696438110351,3
2026-08-27,CRISIL,19,1,0.07050345725795497,0.3061455190181732,0.9325266,0.1062812,0.7762453884399414,3
2026-08-27,CRISIL,20,1,0.056702002598390755,0.3298276960849762,1.427722,0.10628119999999998,1.2714407772338867,3
2026-08-27,CRISIL,22,1,0.04483063176997231,0.45244839787483215,-0.54584146,0.1062812,-0.7021226554595947,3
2026-08-27,CRISIL,55,1,0.05611589123713918,0.37875717878341675,0.40887594,0.1062812,0.2525947422302246,3
2026-08-27,CRISIL,56,1,0.0557325008419974,0.3866662085056305,0.0,0.1062812,-0.1562812,3
2026-08-27,CRISIL,57,1,0.04820222731680601,0.38730207085609436,0.1830101,0.1062812,0.026728901318359366,3
2026-08-27,CRISIL,58,1,0.04981414170946662,0.38764721155166626,0.15741587,0.1062812,0.0011346668518066316,3
2026-08-27,CRISIL,59,1,0.05380678782833041,0.3723207414150238,-0.1934588,0.10628119999999998,-0.3497399955474853,3
2026-08-27,CRISIL,60,1,0.0595088150389219,0.3597272038459778,-0.2675712,0.10628119999999998,-0.423852410861206,3
2026-08-27,CRISIL,61,1,0.05620820625292575,0.36463260650634766,-0.29511452,0.1062812,-0.45139571721191407,3
2026-08-27,CRISIL,62,1,0.06751236351326854,0.34570547938346863,-0.40305257,0.10628119999999998,-0.559333768435669,3
2026-08-27,CRISIL,63,1,0.046193568634983626,0.30174291133880615,0.11268854,0.10628119999999998,-0.043592658587646466,3
2026-08-27,CRISIL,64,1,0.05694909408185017,0.26322975754737854,-0.07221699,0.1062812,-0.2284981876098633,3
2026-08-27,CRISIL,65,1,0.06362838559371395,0.24471548199653625,-0.06584525,0.1062812,-0.22212645108337403,3
2026-08-27,CRISIL,66,1,0.0824277248113164,0.26457831263542175,0.19592047,0.1062812,0.039639267376708975,3
2026-08-27,CRISIL,67,1,0.09835676067486034,0.2611362636089325,0.2171278,0.1062812,0.06084659998779296,3
2026-08-27,CUMMINSIND,7,1,0.05596077441425837,0.4555044174194336,-0.57564974,0.1062812,-0.7319309383117676,3
2026-08-27,CUMMINSIND,8,1,0.061966107124799996,0.44683897495269775,-0.259763,0.1062812,-0.4160442023956299,3
2026-08-27,CUMMINSIND,9,1,0.08646017213338757,0.4153846204280853,-0.3174305,0.10628119999999998,-0.47371169621582027,3
2026-08-27,CUMMINSIND,10,1,0.0671864152897323,0.39343228936195374,-0.3271103,0.1062812,-0.48339149052734376,3
2026-08-27,CUMMINSIND,11,1,0.057873063469468064,0.39262819290161133,-0.4038453,0.1062812,-0.5601265102111816,3
2026-08-27,CUMMINSIND,12,1,0.07520055707716188,0.3778001666069031,-0.37553906,0.1062812,-0.5318202644073486,3
2026-08-27,CUMMINSIND,13,1,0.07251696223069114,0.36865025758743286,-0.23152828,0.1062812,-0.38780948216552735,3
2026-08-27,CUMMINSIND,14,1,0.06254932758542141,0.3156835436820984,-0.1834333,0.10628119999999998,-0.3397144942962646,3
2026-08-27,CUMMINSIND,15,1,0.05095923522180219,0.29282474517822266,-0.183326,0.10628119999999998,-0.3396072059356689,3
2026-08-27,CUMMINSIND,16,1,0.06300229330898617,0.27019202709198,-0.414896,0.10628119999999998,-0.5711772113525391,3
2026-08-27,CUMMINSIND,17,1,0.04939881784320334,0.25648096203804016,-0.40548444,0.10628119999999998,-0.5617656379425049,3
2026-08-27,CUMMINSIND,18,1,0.04653125714254042,0.2427385300397873,-0.42487383,0.1062812,-0.5811550288879395,3
2026-08-27,CUMMINSIND,19,1,0.05106812396292629,0.24163928627967834,-0.31896234,0.1062812,-0.47524353558654786,3
2026-08-27,DABUR,9,1,0.05399435785661513,0.19537875056266785,-0.3447771,0.1062812,-0.5010583072387695,3
2026-08-27,DABUR,12,1,0.051096811935053436,0.18685030937194824,-0.3068328,0.1062812,-0.46311399037475587,3
2026-08-27,DABUR,13,1,0.049355136343980296,0.1893911361694336,-0.11526346,0.1062812,-0.2715446620666504,3
2026-08-27,DABUR,14,1,0.04413075378341142,0.16377265751361847,-0.08966327,0.1062812,-0.24594446713562013,3
2026-08-27,DABUR,16,1,0.04368872218406628,0.15285268425941467,-0.025629997,0.1062812,-0.18191119725341798,3
2026-08-27,DABUR,17,1,0.05003536261561133,0.15950503945350647,0.11552572,0.1062812,-0.0407554774963379,3
2026-08-27,DABUR,18,1,0.04367938887040933,0.16038033366203308,0.07697344,0.10628119999999998,-0.07930776173706053,3
2026-08-27,DALBHARAT,9,1,0.05306803592637323,0.4036410450935364,1.1563182,0.10628120000000002,1.000036987713623,3
2026-08-27,DALBHARAT,10,1,0.045403936419841605,0.37972021102905273,1.0216594,0.10628119999999998,0.8653781742370605,3
2026-08-27,DALBHARAT,11,1,0.04998601424719292,0.35628989338874817,1.1885643,0.10628119999999998,1.0322831005371094,3
2026-08-27,DALBHARAT,12,1,0.07248946204207082,0.3365804851055145,1.146102,0.10628119999999998,0.9898207515991211,3
2026-08-27,DALBHARAT,16,1,0.06835312411590665,0.31790634989738464,0.38597584,0.1062812,0.22969463770751952,3
2026-08-27,DALBHARAT,17,1,0.06894178314243884,0.310510516166687,0.4503131,0.1062812,0.29403189127807616,3
2026-08-27,DALBHARAT,18,1,0.05868149992435465,0.3114140033721924,-0.1798451,0.1062812,-0.33612629468078614,3
2026-08-27,DALBHARAT,19,1,0.06564258797218082,0.29575979709625244,-0.14840364,0.1062812,-0.3046848445617676,3
2026-08-27,DALBHARAT,21,1,0.052129951258979595,0.30709007382392883,-0.8959174,0.1062812,-1.0521986156188965,3
2026-08-27,DALBHARAT,22,1,0.06851312973135029,0.3193868100643158,-1.2448192,0.10628119999999998,-1.401100364276123,3
2026-08-27,DIVISLAB,7,1,0.04757823003711713,0.5115301609039307,0.48673153,0.10628119999999998,0.3304503292358399,3
2026-08-27,DIVISLAB,8,1,0.04533041043207811,0.4716372787952423,0.56381226,0.1062812,0.407531055859375,3
2026-08-27,DIVISLAB,9,1,0.06347516335611282,0.4434993863105774,0.4140854,0.1062812,0.25780418818359374,3
2026-08-27,DIVISLAB,10,1,0.04335447332246743,0.420136421918869,0.44174194,0.1062812,0.285460743359375,3
2026-08-27,DIVISLAB,12,1,0.047896026064601846,0.37867864966392517,0.38042068,0.1062812,0.22413948481445312,3
2026-08-27,DIVISLAB,13,1,0.04868121505400131,0.3583241403102875,0.33614635,0.10628119999999998,0.17986515467529302,3
2026-08-27,DIVISLAB,14,1,0.048832328333405464,0.2822859585285187,0.23121834,0.1062812,0.0749371380126953,3
2026-08-27,DIXON,7,1,0.049674671431184064,0.2940182387828827,-0.18940568,0.1062812,-0.3456868797027588,3
2026-08-27,DIXON,8,1,0.04513691546171777,0.2807997465133667,-0.26353002,0.1062812,-0.4198112159454346,3
2026-08-27,DIXON,9,1,0.06647362494462268,0.2636916935443878,-0.121718645,0.1062812,-0.2779998450958252,3
2026-08-27,DIXON,10,1,0.056690958521518175,0.2641739547252655,-0.081282854,0.1062812,-0.2375640540802002,3
2026-08-27,DIXON,11,1,0.05718790822621156,0.26309847831726074,0.054216385,0.10628120000000002,-0.10206481511230471,3
2026-08-27,DIXON,12,1,0.051041324246234296,0.25274503231048584,-0.013548136,0.1062812,-0.1698293357574463,3
2026-08-27,DLF,8,1,0.04342057477563968,0.378145694732666,0.52301884,0.1062812,0.36673763697509765,3
2026-08-27,DLF,9,1,0.06493890216621792,0.35756412148475647,0.35387278,0.10628119999999998,0.1975915760314942,3
2026-08-27,DLF,11,1,0.05008728773079682,0.3583974242210388,0.08836985,0.10628119999999998,-0.06791135365600584,3
2026-08-27,DLF,12,1,0.04808287420066969,0.35733580589294434,-0.1764059,0.10628119999999998,-0.33268710667724605,3
2026-08-27,DLF,13,1,0.05609835719276953,0.3497031033039093,-0.058871508,0.1062812,-0.21515270764465333,3
2026-08-27,DLF,14,1,0.0461480385500056,0.30298104882240295,-0.066161156,0.1062812,-0.2224423557006836,3
2026-08-27,DLF,16,1,0.04603857977643119,0.30855345726013184,-0.22036433,0.1062812,-0.3766455321990967,3
2026-08-27,DLF,17,1,0.06656165671903753,0.2766691744327545,-0.051504374,0.1062812,-0.20778557355041505,3
2026-08-27,DLF,18,1,0.06034791044718915,0.2580696940422058,0.07361174,0.1062812,-0.08266946370239259,3
2026-08-27,DLF,19,1,0.05676453571655102,0.2582407295703888,-0.022089481,0.1062812,-0.17837068135375977,3
2026-08-27,DMART,7,1,0.044960033023689484,0.29685157537460327,0.1403451,0.10628119999999998,-0.015936103411865216,3
2026-08-27,DMART,8,1,0.04386471920680971,0.29951202869415283,-0.01295805,0.1062812,-0.16923924977416993,3
2026-08-27,DMART,9,1,0.06629478570193563,0.313179075717926,0.051891804,0.1062812,-0.10438939625854493,3
2026-08-27,DMART,10,1,0.048135251129010174,0.307817280292511,-0.18134713,0.1062812,-0.337628331729126,3
2026-08-27,DMART,11,1,0.04816195286151412,0.3011901378631592,-0.25352836,0.10628119999999998,-0.409809556552124,3
2026-08-27,DMART,12,1,0.05758618087005918,0.29063114523887634,-0.23306608,0.1062812,-0.38934728200073243,3
2026-08-27,DMART,13,1,0.05536795661861357,0.2842690944671631,-0.12956858,0.1062812,-0.28584977681274415,3
2026-08-27,DMART,14,1,0.05926734546304639,0.26694464683532715,0.049304962,0.1062812,-0.10697623784179688,3
2026-08-27,DMART,16,1,0.060275962122813186,0.2606313228607178,-0.080382824,0.1062812,-0.2366640239440918,3
2026-08-27,DRREDDY,7,1,0.04507156032200929,0.3020603656768799,0.6529212,0.10628119999999998,0.49663999979858403,3
2026-08-27,DRREDDY,8,1,0.04346954534823135,0.2807447016239166,0.6104231,0.10628119999999998,0.4541418880737305,3
2026-08-27,DRREDDY,9,1,0.07433309540751061,0.2757498621940613,0.627923,0.1062812,0.4716418117797852,3
2026-08-27,DRREDDY,10,1,0.05913365321793005,0.2614361345767975,0.59387684,0.1062812,0.437595638684082,3
2026-08-27,DRREDDY,12,1,0.0545856198452521,0.2754671275615692,0.0844717,0.10628119999999998,-0.07180949742431639,3
2026-08-27,DRREDDY,13,1,0.056981266911553155,0.26446038484573364,0.16061068,0.1062812,0.004329475811767569,3
2026-08-27,EICHERMOT,9,1,0.07127009677776677,0.3385806977748871,0.40605068,0.1062812,0.24976948206787108,3
2026-08-27,EICHERMOT,10,1,0.049490924497126575,0.32899028062820435,0.13730526,0.10628119999999998,-0.018975940295410137,3
2026-08-27,EICHERMOT,11,1,0.06246406767979425,0.3122791647911072,0.15587807,0.10628120000000002,-0.0004031329833984604,3
2026-08-27,EICHERMOT,12,1,0.06379809750863434,0.3109452724456787,0.14309883,0.1062812,-0.013182368823242196,3
2026-08-27,EICHERMOT,13,1,0.06204240411199655,0.2952878177165985,0.006210804,0.10628119999999998,-0.15007039601440428,3
2026-08-27,EICHERMOT,14,1,0.05387073290160063,0.2655700445175171,-0.06839633,0.1062812,-0.22467752987976075,3
2026-08-27,EICHERMOT,16,1,0.044391525501635436,0.22708891332149506,-0.15553236,0.1062812,-0.3118135600769043,3
2026-08-27,EICHERMOT,17,1,0.04910836103921892,0.20878778398036957,-0.08721948,0.10628119999999998,-0.24350067669982906,3
2026-08-27,ENDURANCE,7,1,0.04638118824516778,0.4325549900531769,-0.030207634,0.10628119999999998,-0.18648883397216792,3
2026-08-27,ENDURANCE,8,1,0.048595096018023996,0.40219637751579285,0.06046295,0.10628119999999998,-0.09581824833984373,3
2026-08-27,ENDURANCE,9,1,0.06553369650142912,0.3824847936630249,0.05041361,0.10628119999999998,-0.10586759144897459,3
2026-08-27,ENDURANCE,10,1,0.045478517121719436,0.3561950623989105,0.0705719,0.1062812,-0.08570930058593751,3
2026-08-27,ENDURANCE,11,1,0.05259118602398577,0.33706557750701904,0.2219677,0.1062812,0.06568649714355468,3
2026-08-27,ENDURANCE,12,1,0.05742045976345088,0.3278438150882721,-0.030207634,0.10628119999999998,-0.18648883397216792,3
2026-08-27,ENDURANCE,13,1,0.06390565834597751,0.31095564365386963,-0.030231476,0.10628119999999998,-0.18651267583007808,3
2026-08-27,ESCORTS,7,1,0.045538302680513384,0.36568617820739746,-0.7444918,0.1062812,-0.9007730155670166,3
2026-08-27,ESCORTS,9,1,0.06500100195641706,0.33398309350013733,-0.6966114,0.1062812,-0.8528926044189453,3
2026-08-27,ESCORTS,10,1,0.06432293736553572,0.34848353266716003,-0.25163293,0.10628119999999998,-0.40791412884826656,3
2026-08-27,ESCORTS,11,1,0.06459499526526338,0.3475850820541382,-0.026202202,0.1062812,-0.18248340184326173,3
2026-08-27,ESCORTS,12,1,0.06832369081795411,0.3337351083755493,-0.065511465,0.1062812,-0.22179266507263184,3
2026-08-27,ESCORTS,13,1,0.0740567284418399,0.3174488842487335,-0.13093352,0.1062812,-0.2872147231781006,3
2026-08-27,ESCORTS,14,1,0.06082918686843593,0.2791155278682709,-0.06223321,0.1062812,-0.21851440960998536,3
2026-08-27,ESCORTS,15,1,0.05421977294969873,0.2690417468547821,0.06557703,0.1062812,-0.09070416981811524,3
2026-08-27,ESCORTS,16,1,0.06995994492829896,0.2666914463043213,0.016379356,0.10628119999999998,-0.13990184361572264,3
2026-08-27,ETERNAL,6,1,0.04721530928865987,0.46104174852371216,-0.22932291,0.1062812,-0.3856041103088379,3
2026-08-27,ETERNAL,7,1,0.05792268065891622,0.44068053364753723,0.0,0.1062812,-0.1562812,3
2026-08-27,ETERNAL,8,1,0.058691811092963786,0.4084341526031494,0.107204914,0.10628119999999998,-0.0490762859069824,3
2026-08-27,ETERNAL,9,1,0.08452267339233543,0.3848518133163452,0.5060673,0.1062812,0.34978607600097655,3
2026-08-27,ETERNAL,10,1,0.07024405768418884,0.37704232335090637,0.3839016,0.1062812,0.22762039606933593,3
2026-08-27,ETERNAL,11,1,0.06227248493753017,0.3591510057449341,0.3373742,0.1062812,0.181093010357666,3
2026-08-27,ETERNAL,12,1,0.06762196118193481,0.34224751591682434,0.3988266,0.1062812,0.24254539912109374,3
2026-08-27,ETERNAL,13,1,0.05737312449007018,0.32835692167282104,0.5212307,0.1062812,0.36494949763183593,3
2026-08-27,ETERNAL,14,1,0.054004075416072043,0.2659689784049988,0.49020052,0.1062812,0.33391931956176757,3
2026-08-27,ETERNAL,16,1,0.04380281326530107,0.25829318165779114,-0.28980374,0.1062812,-0.44608494336242677,3
2026-08-27,ETERNAL,17,1,0.06525791605703009,0.2633352279663086,-0.0764668,0.1062812,-0.23274799878234864,3
2026-08-27,EXIDEIND,8,1,0.046394739552382984,0.527247428894043,-0.28229356,0.1062812,-0.43857475812072755,3
2026-08-27,EXIDEIND,9,1,0.07296211997931186,0.4970628023147583,-0.29372573,0.1062812,-0.45000692898864747,3
2026-08-27,EXIDEIND,10,1,0.05188582796344606,0.4661480486392975,-0.30501485,0.1062812,-0.46129604870910645,3
2026-08-27,EXIDEIND,11,1,0.053742332976683314,0.4370598793029785,-0.293988,0.1062812,-0.4502691894256592,3
2026-08-27,EXIDEIND,12,1,0.06360527211961248,0.41241440176963806,-0.31673908,0.1062812,-0.4730202823364258,3
2026-08-27,EXIDEIND,13,1,0.06369725416924017,0.39291808009147644,-0.260365,0.10628119999999998,-0.4166462093078613,3
2026-08-27,EXIDEIND,14,1,0.0581527073819139,0.3226543664932251,-0.1924634,0.10628119999999998,-0.3487445979797363,3
2026-08-27,EXIDEIND,15,1,0.04344166832220555,0.2911825478076935,0.20383596,0.1062812,0.04755476420288085,3
2026-08-27,EXIDEIND,16,1,0.06009129369287914,0.2759706377983093,0.13598204,0.1062812,-0.020299163409423837,3
2026-08-27,EXIDEIND,65,1,0.0470541831751183,0.400039404630661,-0.27371645,0.1062812,-0.42999764973754884,3
2026-08-27,EXIDEIND,66,1,0.04902007794666372,0.4034366309642792,-0.19401908,0.1062812,-0.35030027920837403,3
2026-08-27,EXIDEIND,67,1,0.08363347740891514,0.3901599049568176,-0.14855266,0.10628120000000002,-0.30483385617370606,3
2026-08-27,FEDERALBNK,7,1,0.04804478819717914,0.3040436804294586,-0.12952685,0.1062812,-0.2858080535614014,3
2026-08-27,FEDERALBNK,8,1,0.044594299094080504,0.28625285625457764,-0.2734542,0.1062812,-0.4297353893005371,3
2026-08-27,FEDERALBNK,9,1,0.06575548081516544,0.28193289041519165,-0.21579862,0.1062812,-0.37207981640930177,3
2026-08-27,FEDERALBNK,10,1,0.05416502262809169,0.2856055498123169,-0.12970567,0.1062812,-0.28598686749572755,3
2026-08-27,FEDERALBNK,11,1,0.05718790822621156,0.2702507972717285,-0.12974143,0.1062812,-0.2860226302825928,3
2026-08-27,FEDERALBNK,12,1,0.06550244311155157,0.2581830620765686,-0.24491549,0.1062812,-0.4011966853820801,3
2026-08-27,FEDERALBNK,13,1,0.047084500261651965,0.2555435299873352,-0.028848648,0.1062812,-0.18512984807128907,3
2026-08-27,FLUOROCHEM,9,1,0.04471135029695663,0.2406608909368515,0.36506653,0.10628119999999998,0.20878532832031255,3
2026-08-27,FLUOROCHEM,17,1,0.04445955031266602,0.16981680691242218,-0.37908554,0.10628119999999998,-0.5353667407714844,3
2026-08-27,FORTIS,9,1,0.051026103836837235,0.21494229137897491,-0.010943413,0.10628119999999998,-0.1672246127807617,3
2026-08-27,FORTIS,12,1,0.044256112995561654,0.20054855942726135,-0.10383129,0.10628120000000002,-0.2601124911987305,3
2026-08-27,FORTIS,13,1,0.0434628616057479,0.19858664274215698,0.21891594,0.10628119999999998,0.0626347393310547,3
2026-08-27,GAIL,4,1,0.045958725459502796,0.3019123375415802,-0.16135573,0.10628119999999998,-0.3176369338714599,3
2026-08-27,GAIL,9,1,0.04925720986274209,0.21946220099925995,-0.13287663,0.1062812,-0.28915783459777833,3
2026-08-27,GAIL,14,1,0.04412109390308467,0.17185774445533752,-0.17350316,0.1062812,-0.3297843604766846,3
2026-08-27,GAIL,16,1,0.05025054790615615,0.14709576964378357,-0.15618205,0.10628119999999998,-0.312463250704956,3
2026-08-27,GAIL,17,1,0.0559894257278646,0.14061467349529266,-0.08685589,0.1062812,-0.24313708836669923,3
2026-08-27,GAIL,18,1,0.04840932352513037,0.12992903590202332,-0.110024214,0.1062812,-0.26630541379089356,3
2026-08-27,GAIL,19,1,0.0452180848015689,0.13035769760608673,-0.063729286,0.1062812,-0.22001048619384767,3
2026-08-27,GICRE,7,1,0.05526888903394922,0.30073121190071106,-0.11457801,0.1062812,-0.2708592086517334,3
2026-08-27,GICRE,8,1,0.06300258350912293,0.2851058542728424,-0.057291985,0.1062812,-0.21357318455810548,3
2026-08-27,GICRE,9,1,0.0703109975958964,0.27073609828948975,-0.014322996,0.1062812,-0.17060419613952638,3
2026-08-27,GICRE,10,1,0.06707741862162316,0.2660001814365387,-0.014346838,0.10628119999999998,-0.1706280379974365,3
2026-08-27,GICRE,11,1,0.04620596782512363,0.2534324824810028,0.12911558,0.1062812,-0.027165618487548837,3
2026-08-27,GICRE,12,1,0.05312809262113954,0.24052374064922333,-0.028669834,0.1062812,-0.1849510341369629,3
2026-08-27,GLAXO,7,1,0.045686010640203556,0.3020854890346527,0.8858919,0.1062812,0.7296107143676758,3
2026-08-27,GLAXO,8,1,0.04514691418764141,0.2816610038280487,1.024723,0.1062812,0.8684418529785156,3
2026-08-27,GLAXO,9,1,0.0646649024679307,0.27195584774017334,0.74255466,0.10628119999999998,0.5862734646118164,3
2026-08-27,GLAXO,12,1,0.04899939827264785,0.37199223041534424,0.27531385,0.1062812,0.11903265421752927,3
2026-08-27,GLAXO,13,1,0.05772255881559038,0.3572361469268799,-0.009828806,0.10628119999999998,-0.1661100059234619,3
2026-08-27,GLAXO,14,1,0.055289884716375505,0.32086652517318726,-0.1636684,0.1062812,-0.3199495940887451,3
2026-08-27,GLAXO,16,1,0.060076516796803904,0.3135494589805603,-0.029480457,0.10628119999999998,-0.18576165730590816,3
2026-08-27,GLAXO,17,1,0.06871333727092134,0.298809677362442,-0.016391277,0.1062812,-0.17267247731323243,3
2026-08-27,GLAXO,18,1,0.06271784546127994,0.29524314403533936,-0.17997622,0.1062812,-0.336257424899292,3
2026-08-27,GLAXO,19,1,0.053397163899191115,0.2969774603843689,-0.37593842,0.1062812,-0.5322196155273438,3
2026-08-27,GLAXO,21,1,0.046304205410052875,0.2995319664478302,-0.009822845,0.1062812,-0.16610404545898438,3
2026-08-27,GLAXO,22,1,0.06127615520549412,0.3142181634902954,-0.16693473,0.1062812,-0.32321592862243653,3
2026-08-27,GLAXO,65,1,0.05695833856236419,0.26488110423088074,-1.4817417,0.1062812,-1.6380228667938233,3
2026-08-27,GLAXO,66,1,0.06007872885186896,0.28007492423057556,-0.7879317,0.10628119999999998,-0.9442128806793213,3
2026-08-27,GLAXO,67,1,0.08361256474591612,0.2860262095928192,-0.93108416,0.10628119999999998,-1.087365356036377,3
2026-08-27,GLENMARK,7,1,0.043852186434481764,0.5837729573249817,-0.13436675,0.10628119999999998,-0.29064795071716304,3
2026-08-27,GLENMARK,9,1,0.06735513745025978,0.5148208737373352,0.15045404,0.10628119999999998,-0.005827155657958966,3
2026-08-27,GLENMARK,10,1,0.04345392938637678,0.4924289584159851,-0.04476905,0.1062812,-0.2010502486907959,3
2026-08-27,GLENMARK,11,1,0.046031179337084206,0.46414709091186523,0.024402142,0.1062812,-0.1318790584289551,3
2026-08-27,GLENMARK,12,1,0.06227969621784805,0.475843220949173,-0.106066465,0.1062812,-0.2623476653778076,3
2026-08-27,GLENMARK,13,1,0.05658738214602043,0.4551258385181427,-0.17928481,0.1062812,-0.33556601101989747,3
2026-08-27,GLENMARK,14,1,0.05483051547764625,0.34393399953842163,-0.2691388,0.10628119999999998,-0.4254200130187988,3
2026-08-27,GLENMARK,17,1,0.05889652417199783,0.27772143483161926,-0.20363927,0.10628119999999998,-0.359920468875122,3
2026-08-27,GLENMARK,18,1,0.057544939499054405,0.2792157828807831,-0.34191608,0.1062812,-0.4981972842895508,3
2026-08-27,GLENMARK,19,1,0.06253824297535726,0.2870420515537262,0.27769804,0.1062812,0.1214168400085449,3
2026-08-27,GLENMARK,21,1,0.04903891105590081,0.2687020003795624,0.27372837,0.10628119999999998,0.11744717066650394,3
2026-08-27,GLENMARK,22,1,0.04687351615979874,0.2612326145172119,0.25720596,0.1062812,0.1009247631347656,3
2026-08-27,GODFRYPHLP,7,1,0.04896248419190547,0.27115598320961,-0.4058659,0.1062812,-0.5621471076690674,3
2026-08-27,GODFRYPHLP,9,1,0.046542349682579094,0.24453939497470856,-0.29402375,0.1062812,-0.4503049522125244,3
2026-08-27,GODFRYPHLP,12,1,0.05267126464174549,0.218731090426445,-0.18707514,0.10628119999999998,-0.34335633809204097,3
2026-08-27,GODFRYPHLP,13,1,0.04686325606915003,0.2068106234073639,-0.11699796,0.1062812,-0.27327915722961427,3
2026-08-27,GODFRYPHLP,14,1,0.04734427483444395,0.17029790580272675,-0.06557107,0.1062812,-0.22185226971740724,3
2026-08-27,GODFRYPHLP,16,1,0.04916921523926752,0.14309722185134888,-0.1216948,0.1062812,-0.27797600323791505,3
2026-08-27,GODFRYPHLP,17,1,0.051383256377019654,0.14058025181293488,-0.19212365,0.10628120000000002,-0.3484048515045166,3
2026-08-27,GODFRYPHLP,18,1,0.045310841491050316,0.1254592090845108,-0.2903402,0.1062812,-0.4466213851654053,3
2026-08-27,GODREJCP,9,1,0.05894231905863882,0.22608482837677002,-0.30434728,0.1062812,-0.4606284766876221,3
2026-08-27,GODREJCP,11,1,0.04517749134278046,0.23739169538021088,0.02182722,0.1062812,-0.13445397908325196,3
2026-08-27,GODREJCP,12,1,0.053266503568739396,0.22658836841583252,0.09816885,0.10628120000000002,-0.058112350054931664,3
2026-08-27,GODREJCP,13,1,0.04983908190479994,0.23127053678035736,0.26249886,0.1062812,0.10621765559082029,3
2026-08-27,GODREJCP,14,1,0.04398569110398468,0.19600427150726318,0.20771027,0.1062812,0.05142906611328124,3
2026-08-27,GODREJIND,5,1,0.04421235636872716,0.4618520140647888,1.5987158,0.1062812,1.4424345821655273,3
2026-08-27,GODREJIND,7,1,0.04995449492913722,0.4386153221130371,1.18438,0.1062812,1.028098854473877,3
2026-08-27,GODREJIND,9,1,0.061642746412441114,0.4474716782569885,0.5975485,0.10628119999999998,0.44126728480224614,3
2026-08-27,GODREJIND,10,1,0.04469995271665956,0.4149668514728546,0.40433407,0.1062812,0.24805286829833983,3
2026-08-27,GODREJIND,12,1,0.04899897526848816,0.5500752925872803,0.507617,0.1062812,0.3513357967651367,3
2026-08-27,GODREJIND,13,1,0.048070547263750645,0.5368222594261169,0.4197359,0.1062812,0.2634547085083008,3
2026-08-27,GODREJIND,14,1,0.054131413222392524,0.4760659635066986,0.29684305,0.1062812,0.14056185191040038,3
2026-08-27,GODREJIND,17,1,0.05966165351656356,0.46210116147994995,0.26263,0.1062812,0.10634878580932615,3
2026-08-27,GODREJIND,18,1,0.04704647969477316,0.4682926833629608,-0.11321306,0.10628119999999998,-0.2694942622863769,3
2026-08-27,GODREJIND,19,1,0.04341206555083784,0.43974268436431885,-0.052195787,0.10628119999999998,-0.20847698742980952,3
2026-08-27,GODREJIND,22,1,0.04875741277124696,0.37960198521614075,-0.18265247,0.1062812,-0.33893367344970704,3
2026-08-27,GODREJIND,65,1,0.04797502758036967,0.25997817516326904,-0.42358637,0.1062812,-0.579867568560791,3
2026-08-27,GODREJIND,67,1,0.068384862291827,0.2646206319332123,0.47793388,0.10628119999999998,0.32165268366699223,3
2026-08-27,GODREJPROP,7,1,0.0435327543943064,0.4990493357181549,0.9464264,0.10628119999999998,0.7901451916015625,3
2026-08-27,GODREJPROP,9,1,0.061642746412441114,0.4694809317588806,0.8142352,0.10628119999999998,0.6579540104187012,3
2026-08-27,GODREJPROP,10,1,0.047867500572594056,0.4883033037185669,0.15999079,0.10628119999999998,0.0037095875061035344,3
2026-08-27,GODREJPROP,11,1,0.050326614086547906,0.5023899078369141,0.7170677,0.1062812,0.5607865185058594,3
2026-08-27,GODREJPROP,12,1,0.045594043962832606,0.5082187056541443,-0.04364848,0.10628119999999998,-0.1999296813690185,3
2026-08-27,GODREJPROP,13,1,0.05195252181231092,0.48501959443092346,0.048542023,0.1062812,-0.10773917729492188,3
2026-08-27,GODREJPROP,17,1,0.05739756243578507,0.45982491970062256,-0.2129674,0.1062812,-0.3692485957824707,3
2026-08-27,GODREJPROP,18,1,0.05519767221015279,0.44350817799568176,-0.014537573,0.10628120000000002,-0.17081877286071778,3
2026-08-27,GODREJPROP,19,1,0.05316884019753409,0.4429609775543213,0.10186434,0.10628119999999998,-0.0544168620788574,3
2026-08-27,GODREJPROP,20,1,0.04594852549354077,0.38983550667762756,0.2523303,0.10628119999999998,0.0960491031921387,3
2026-08-27,GODREJPROP,22,1,0.05299031056711245,0.3657741844654083,0.85867643,0.10628119999999998,0.7023952335632324,3
2026-08-27,GRASIM,7,1,0.046747599391246654,0.29926493763923645,-0.07901788,0.1062812,-0.23529907757873536,3
2026-08-27,GRASIM,8,1,0.04480931022602228,0.28579992055892944,-0.20958185,0.1062812,-0.3658630519592285,3
2026-08-27,GRASIM,9,1,0.06499271898766162,0.27529582381248474,-0.22167563,0.1062812,-0.3779568343841553,3
2026-08-27,GRASIM,10,1,0.06410296009570186,0.27310067415237427,-0.015217066,0.10628119999999998,-0.1714982658111572,3
2026-08-27,GRASIM,11,1,0.06095559653624506,0.26470687985420227,0.076174736,0.10628120000000002,-0.0801064639770508,3
2026-08-27,GRASIM,12,1,0.06706196944151022,0.26100558042526245,-0.10651946,0.1062812,-0.2628006606781006,3
2026-08-27,GRASIM,17,1,0.04541261636605917,0.19765092432498932,0.030446053,0.10628119999999995,-0.12583514744873042,3
2026-08-27,HAL,8,1,0.04645845471151945,0.38371869921684265,-0.2245009,0.1062812,-0.3807820945465088,3
2026-08-27,HAL,9,1,0.07154527376622116,0.3618156611919403,-0.11846423,0.10628119999999998,-0.2747454314910888,3
2026-08-27,HAL,10,1,0.05344864799194415,0.3468620777130127,-0.14919639,0.10628119999999998,-0.3054775863372802,3
2026-08-27,HAL,11,1,0.05378772056975703,0.33012786507606506,0.0020503998,0.1062812,-0.15423080021972657,3
2026-08-27,HAL,12,1,0.067552363825717,0.3171015679836273,-0.15327334,0.1062812,-0.309554544039917,3
2026-08-27,HAL,13,1,0.0660814793886623,0.3112313449382782,-0.008189678,0.1062812,-0.16447087819213868,3
2026-08-27,HAL,14,1,0.045435662141572374,0.27137666940689087,-0.15535355,0.1062812,-0.31163474614257813,3
2026-08-27,HAVELLS,9,1,0.07248621783652096,0.3444156050682068,0.23082495,0.1062812,0.07454374735717773,3
2026-08-27,HAVELLS,10,1,0.0587705755644694,0.33089321851730347,0.13512373,0.10628120000000002,-0.021157470294189476,3
2026-08-27,HAVELLS,11,1,0.06655269458608021,0.3135019838809967,0.19087791,0.1062812,0.03459671442871093,3
2026-08-27,HAVELLS,12,1,0.06422897574658704,0.3027745187282562,-0.00795126,0.1062812,-0.16423245961303712,3
2026-08-27,HAVELLS,13,1,0.0617774508522054,0.2958208918571472,-0.26234388,0.1062812,-0.4186250835144043,3
2026-08-27,HCLTECH,5,1,0.04461177312062056,0.46754300594329834,0.0077962875,0.10628119999999998,-0.1484849124633789,3
2026-08-27,HCLTECH,6,1,0.04782233540890408,0.41185107827186584,0.08571148,0.1062812,-0.07056972081298829,3
2026-08-27,HCLTECH,7,1,0.05067810451907105,0.37784168124198914,0.070118904,0.1062812,-0.08616229588623048,3
2026-08-27,HCLTECH,8,1,0.05005845679807027,0.35000893473625183,0.07799864,0.10628119999999998,-0.07828256184692381,3
2026-08-27,HCLTECH,9,1,0.07887633655500835,0.3269078731536865,0.09365082,0.10628119999999998,-0.06263038212890623,3
2026-08-27,HCLTECH,10,1,0.062333694335296334,0.3290722072124481,-0.13233423,0.1062812,-0.2886154323303223,3
2026-08-27,HCLTECH,11,1,0.06706156194399877,0.31364402174949646,0.046753883,0.10628119999999998,-0.10952731663818357,3
2026-08-27,HCLTECH,12,1,0.07269129518078452,0.29728636145591736,0.062334538,0.1062812,-0.0939466624938965,3
2026-08-27,HCLTECH,13,1,0.0708336557800354,0.29305359721183777,0.10899305,0.10628119999999998,-0.047288146563720684,3
2026-08-27,HCLTECH,14,1,0.048557953218629026,0.25635308027267456,0.109028816,0.10628119999999998,-0.04725238377685545,3
2026-08-27,HCLTECH,16,1,0.04554840088514674,0.20328599214553833,0.17929077,0.1062812,0.02300957148437499,3
2026-08-27,HCLTECH,17,1,0.04720475843262344,0.16814623773097992,0.265038,0.1062812,0.10875681345825193,3
2026-08-27,HDFCAMC,7,1,0.04887711790389041,0.42512428760528564,-0.8734286,0.1062812,-1.0297097831451416,3
2026-08-27,HDFCAMC,8,1,0.057625427059112874,0.4160729646682739,-1.0531962,0.10628119999999998,-1.2094773917877197,3
2026-08-27,HDFCAMC,9,1,0.07297420892679873,0.39266571402549744,-1.0900378,0.10628120000000002,-1.2463190227233887,3
2026-08-27,HDFCAMC,10,1,0.07427861022754877,0.38821327686309814,-0.8510828,0.10628119999999998,-1.0073640018188477,3
2026-08-27,HDFCAMC,11,1,0.0619949689244981,0.3827490210533142,-0.8654535,0.10628119999999998,-1.0217346816741943,3
2026-08-27,HDFCAMC,12,1,0.07046860321458043,0.371747225522995,-1.2045503,0.10628119999999998,-1.3608314662658691,3
2026-08-27,HDFCAMC,13,1,0.06494640683478033,0.39447370171546936,-0.79705715,0.1062812,-0.9533383517944336,3
2026-08-27,HDFCAMC,14,1,0.052451371402780195,0.3285202085971832,-0.75930357,0.10628119999999998,-0.9155847697937012,3
2026-08-27,HDFCAMC,15,1,0.044684821314026894,0.3398095369338989,-0.17933846,0.1062812,-0.3356196552001953,3
2026-08-27,HDFCAMC,16,1,0.06883430355259719,0.3325725793838501,-0.38893223,0.1062812,-0.5452134280883789,3
2026-08-27,HDFCAMC,17,1,0.07069314162979616,0.3248225152492523,-0.37005544,0.10628119999999998,-0.5263366370880127,3
2026-08-27,HDFCAMC,18,1,0.06987620973394983,0.296540230512619,-0.59491396,0.1062812,-0.7511951595031738,3
2026-08-27,HDFCAMC,19,1,0.08207393654884848,0.3046705722808838,-0.5159557,0.10628119999999998,-0.6722368865692139,3
2026-08-27,HDFCAMC,20,1,0.05330857368201927,0.31017813086509705,-0.57356954,0.1062812,-0.7298507362091065,3
2026-08-27,HDFCAMC,21,1,0.062261642784857706,0.3016720414161682,-0.53561926,0.1062812,-0.6919004588806152,3
2026-08-27,HDFCAMC,22,1,0.07410618380324056,0.2858779728412628,-1.1549592,0.1062812,-1.3112404018127441,3
2026-08-27,HDFCAMC,23,1,0.04381961852183192,0.2857252359390259,-0.9531915,0.10628119999999998,-1.1094727187835693,3
2026-08-27,HDFCBANK,7,1,0.05012902900643147,0.3590272068977356,-0.09019375,0.10628119999999998,-0.24647494847412105,3
2026-08-27,HDFCBANK,8,1,0.04994379284023795,0.3394128382205963,-0.041645765,0.1062812,-0.19792696530456544,3
2026-08-27,HDFCBANK,9,1,0.07414339037453217,0.311633437871933,-0.09716749,0.1062812,-0.2534486919128418,3
2026-08-27,HDFCBANK,10,1,0.05624684637461271,0.29571712017059326,-0.11791587,0.10628120000000002,-0.2741970687591553,3
2026-08-27,HDFCBANK,11,1,0.05574623647040239,0.2826728820800781,-0.18033981,0.10628120000000002,-0.3366210132324219,3
2026-08-27,HDFCBANK,12,1,0.07371165025371836,0.2669278383255005,-0.2082169,0.1062812,-0.3644981055938721,3
2026-08-27,HDFCBANK,13,1,0.07129681091289707,0.2584330141544342,-0.15970469,0.1062812,-0.31598588521118165,3
2026-08-27,HDFCLIFE,9,1,0.05082868375075415,0.22936740517616272,-0.08124709,0.1062812,-0.23752829129333497,3
2026-08-27,HEROMOTOCO,4,1,0.04402301925619321,0.5276040434837341,0.23565292,0.1062812,0.07937172358398435,3
2026-08-27,HEROMOTOCO,7,1,0.049624757172037265,0.49436935782432556,-0.18017888,0.1062812,-0.33646008069152833,3
2026-08-27,HEROMOTOCO,8,1,0.05237277153245672,0.4815216064453125,0.02708435,0.1062812,-0.1291968494140625,3
2026-08-27,HEROMOTOCO,9,1,0.07832337745990395,0.4612329602241516,0.0,0.1062812,-0.1562812,3
2026-08-27,HEROMOTOCO,10,1,0.06454560832848875,0.43806660175323486,0.036156178,0.1062812,-0.12012502247924806,3
2026-08-27,HEROMOTOCO,11,1,0.059491391616346645,0.4106760621070862,0.15374422,0.10628119999999998,-0.002536979266357403,3
2026-08-27,HEROMOTOCO,12,1,0.06491792355564725,0.39454856514930725,-0.18966794,0.10628120000000002,-0.3459491401397705,3
2026-08-27,HEROMOTOCO,13,1,0.05531663192458947,0.3840453624725342,-0.37899017,0.1062812,-0.5352713733398438,3
2026-08-27,HEROMOTOCO,14,1,0.053871909355570374,0.3455389440059662,-0.32491088,0.1062812,-0.48119207913513184,3
2026-08-27,HEROMOTOCO,15,1,0.044298109548686355,0.30237385630607605,-0.40617585,0.1062812,-0.5624570518218994,3
2026-08-27,HEROMOTOCO,16,1,0.06460925574419743,0.2714027762413025,-0.44203997,0.1062812,-0.598321166583252,3
2026-08-27,HEROMOTOCO,17,1,0.07693671870675617,0.2588365972042084,-0.18982291,0.1062812,-0.34610411221618653,3
2026-08-27,HEROMOTOCO,19,1,0.04557940157852749,0.2352728247642517,0.18098354,0.10628119999999998,0.024702343395996113,3
2026-08-27,HINDALCO,7,1,0.05607920326216439,0.4126201868057251,-0.0526309,0.1062812,-0.20891210133666993,3
2026-08-27,HINDALCO,8,1,0.05219406024329718,0.3803384602069855,-0.16254187,0.1062812,-0.31882306630249024,3
2026-08-27,HINDALCO,9,1,0.0735093352424649,0.35379496216773987,-0.16251802,0.10628119999999998,-0.31879922444458003,3
2026-08-27,HINDALCO,10,1,0.05314202415124164,0.3288474977016449,-0.39183497,0.10628119999999998,-0.5481161742889404,3
2026-08-27,HINDALCO,11,1,0.059494449170248424,0.3092159926891327,-0.3873229,0.1062812,-0.5436041026794434,3
2026-08-27,HINDALCO,12,1,0.0690093247368962,0.2993074655532837,-0.7313609,0.10628119999999998,-0.8876421123229981,3
2026-08-27,HINDALCO,13,1,0.07732079671768895,0.289925754070282,-0.43552518,0.1062812,-0.5918063789093018,3
2026-08-27,HINDALCO,17,1,0.05505007034861925,0.16859197616577148,-0.2494216,0.10628119999999998,-0.40570279652709956,3
2026-08-27,HINDALCO,18,1,0.04567670480554897,0.17966914176940918,-0.13437271,0.10628119999999998,-0.2906539111816406,3
2026-08-27,HINDPETRO,3,1,0.04966117203901193,0.3787895143032074,-0.308311,0.10628119999999998,-0.4645921855651855,3
2026-08-27,HINDPETRO,4,1,0.04668883377861071,0.3624177575111389,-0.10738373,0.1062812,-0.26366492802734376,3
2026-08-27,HINDPETRO,6,1,0.05300575362007693,0.31068548560142517,-0.16109943,0.1062812,-0.3173806338989258,3
2026-08-27,HINDPETRO,7,1,0.058054186030913224,0.2989002764225006,-0.33593178,0.10628119999999998,-0.4922129779541015,3
2026-08-27,HINDPETRO,8,1,0.06139045191217832,0.2900002598762512,-0.13458729,0.10628120000000002,-0.29086848790283204,3
2026-08-27,HINDPETRO,9,1,0.08065799899611158,0.2742692530155182,-0.28244257,0.10628119999999998,-0.43872376973266597,3
2026-08-27,HINDPETRO,10,1,0.06558985193088247,0.266482949256897,-0.32262802,0.10628119999999998,-0.47890922124023433,3
2026-08-27,HINDPETRO,11,1,0.061304924974327116,0.2665073275566101,-0.3492236,0.1062812,-0.5055048137390137,3
2026-08-27,HINDPETRO,12,1,0.06721493843592681,0.26140591502189636,0.04029274,0.1062812,-0.11598846013183595,3
2026-08-27,HINDPETRO,13,1,0.052841883925730936,0.25548088550567627,-0.1343906,0.10628119999999998,-0.2906717925750732,3
2026-08-27,HINDPETRO,14,1,0.05946819023563505,0.24750278890132904,0.20215511,0.1062812,0.045873913220214835,3
2026-08-27,HINDPETRO,16,1,0.053837290595718755,0.21388235688209534,0.1888156,0.10628119999999998,0.03253439371948244,3
2026-08-27,HINDPETRO,17,1,0.05107071767606135,0.19555062055587769,0.16183853,0.10628119999999998,0.005557331494140644,3
2026-08-27,HINDPETRO,18,1,0.045111396165041034,0.18389171361923218,0.08087158,0.1062812,-0.07540961796875001,3
2026-08-27,HINDUNILVR,9,1,0.0521099283661235,0.20635594427585602,-0.23359656,0.1062812,-0.3898777633392334,3
2026-08-27,HINDUNILVR,12,1,0.051919291955105924,0.20050333440303802,0.1993537,0.10628120000000002,0.04307249491577146,3
2026-08-27,HINDUNILVR,13,1,0.04496473362173286,0.1958126276731491,0.19439459,0.1062812,0.038113388470458975,3
2026-08-27,HINDZINC,6,1,0.05141951015669672,0.48094961047172546,-0.24162531,0.10628119999999998,-0.39790650899047847,3
2026-08-27,HINDZINC,7,1,0.06380637262763358,0.4526236653327942,-0.23382306,0.10628119999999998,-0.39010426098937984,3
2026-08-27,HINDZINC,8,1,0.06708109716169029,0.4232138693332672,-0.08878708,0.10628119999999998,-0.24506827885742183,3
2026-08-27,HINDZINC,9,1,0.08456798107307,0.3951951265335083,-0.19356608,0.10628119999999998,-0.349847283908081,3
2026-08-27,HINDZINC,10,1,0.07805776561373189,0.39372554421424866,-0.113123655,0.1062812,-0.2694048553192139,3
2026-08-27,HINDZINC,11,1,0.0740815330680133,0.38524875044822693,-0.05658269,0.10628119999999998,-0.21286388928527827,3
2026-08-27,HINDZINC,12,1,0.07284155944882861,0.3719789981842041,-0.2906263,0.10628119999999998,-0.4469074874603271,3
2026-08-27,HINDZINC,13,1,0.06849843421444103,0.35178038477897644,-0.3712654,0.10628119999999998,-0.5275466113769531,3
2026-08-27,HINDZINC,14,1,0.06840178844169657,0.2949977219104767,-0.17774105,0.10628120000000002,-0.33402225072021485,3
2026-08-27,HINDZINC,15,1,0.053839721574479305,0.27006468176841736,-0.16156435,0.10628119999999998,-0.3178455501281738,3
2026-08-27,HINDZINC,16,1,0.06017860905182906,0.2551223635673523,-0.2908826,0.1062812,-0.44716378743286134,3
2026-08-27,HINDZINC,17,1,0.05820943989858827,0.2421008199453354,-0.24271607,0.1062812,-0.3989972739898682,3
2026-08-27,HINDZINC,18,1,0.044682269530892396,0.2379794418811798,-0.36381483,0.10628119999999998,-0.5200960307800293,3
2026-08-27,HONAUT,7,1,0.04784534287116986,0.27987638115882874,-0.09628534,0.1062812,-0.252566543170166,3
2026-08-27,HONAUT,8,1,0.050235402213773844,0.2979874312877655,0.24834871,0.1062812,0.09206751292114256,3
2026-08-27,HONAUT,9,1,0.07208621262803805,0.2999449670314789,-0.20638704,0.1062812,-0.3626682429992676,3
2026-08-27,HONAUT,10,1,0.05529025150016338,0.2726772427558899,-0.20638704,0.1062812,-0.3626682429992676,3
2026-08-27,HONAUT,11,1,0.06121827916922705,0.2639309763908386,-0.17886758,0.1062812,-0.33514877850646974,3
2026-08-27,HONAUT,12,1,0.06828191310282983,0.2618161737918854,-0.22005439,0.1062812,-0.37633558804626466,3
2026-08-27,HUDCO,9,1,0.05032248728055187,0.19073320925235748,0.06467104,0.10628119999999998,-0.09161016041870115,3
2026-08-27,HUDCO,17,1,0.04995124908238795,0.11529912054538727,-0.026994944,0.1062812,-0.18327614361877442,3
2026-08-27,HUDCO,18,1,0.04367938887040933,0.1145462617278099,-0.107991695,0.1062812,-0.26427289540405274,3
2026-08-27,ICICIBANK,8,1,0.044930530993813,0.26475468277931213,0.16671419,0.10628119999999998,0.010432991436767597,3
2026-08-27,ICICIBANK,9,1,0.04492813404902096,0.2502101957798004,0.30587912,0.10628119999999998,0.14959791605834966,3
2026-08-27,ICICIGI,7,1,0.0472011582920724,0.2993716895580292,-0.2570927,0.1062812,-0.4133739143096924,3
2026-08-27,ICICIGI,8,1,0.04480931022602228,0.2809140384197235,-0.18818378,0.10628119999999998,-0.34446498448486323,3
2026-08-27,ICICIGI,9,1,0.06698532845939095,0.2666575312614441,-0.14431477,0.10628119999999998,-0.30059596593017573,3
2026-08-27,ICICIGI,10,1,0.05175298493385661,0.27114853262901306,-0.30709505,0.10628119999999998,-0.46337625081176753,3
2026-08-27,ICICIGI,11,1,0.06438833833121813,0.278247594833374,-0.21339655,0.10628119999999998,-0.36967774922485347,3
2026-08-27,ICICIGI,12,1,0.06303276749373544,0.3013096749782562,-0.81838965,0.1062812,-0.9746708541595459,3
2026-08-27,ICICIGI,13,1,0.07060291735431638,0.31948134303092957,-0.4141271,0.10628119999999998,-0.5704083114349365,3
2026-08-27,ICICIGI,14,1,0.0610656821249974,0.30220267176628113,-0.14459491,0.10628120000000002,-0.3008761077606201,3
2026-08-27,ICICIGI,15,1,0.04763556259988482,0.2940278649330139,-0.23241043,0.1062812,-0.38869163090820313,3
2026-08-27,ICICIGI,16,1,0.06814625924000467,0.27871325612068176,-0.12562871,0.1062812,-0.28190990979309083,3
2026-08-27,ICICIGI,17,1,0.06825740229018214,0.2653828263282776,-0.21366477,0.10628119999999995,-0.3699459701263427,3
2026-08-27,ICICIGI,18,1,0.0714792949719387,0.2596762180328369,-0.11947751,0.10628120000000002,-0.2757587104522705,3
2026-08-27,ICICIGI,19,1,0.07454473759175856,0.2672509551048279,0.42213202,0.1062812,0.2658508152282715,3
2026-08-27,ICICIGI,22,1,0.04731274470320136,0.24869433045387268,0.5663991,0.10628119999999998,0.410117897442627,3
2026-08-27,ICICIPRULI,7,1,0.04356221832897632,0.30776435136795044,-0.22206306,0.1062812,-0.3783442645751953,3
2026-08-27,ICICIPRULI,8,1,0.04327061783315966,0.2864968478679657,-0.18343925,0.1062812,-0.3397204547607422,3
2026-08-27,ICICIPRULI,9,1,0.07269807764101488,0.27659550309181213,-0.09667277,0.1062812,-0.25295397336120606,3
2026-08-27,ICICIPRULI,10,1,0.04328623656280512,0.2771562933921814,-0.4149437,0.1062812,-0.5712248950683594,3
2026-08-27,ICICIPRULI,11,1,0.05544309318423142,0.27053120732307434,-0.29951334,0.1062812,-0.4557945399963379,3
2026-08-27,ICICIPRULI,12,1,0.05321116228268873,0.25982511043548584,-0.5983949,0.1062812,-0.7546760707580566,3
2026-08-27,ICICIPRULI,13,1,0.047290690417643874,0.25552132725715637,-0.4544556,0.1062812,-0.6107368140899658,3
2026-08-27,IDEA,3,1,0.07112749317984969,0.9846464991569519,0.0,0.1062812,-0.1562812,3
2026-08-27,IDEA,4,1,0.08506042570231627,0.8823527097702026,0.46790838,0.1062812,0.3116271824157715,3
2026-08-27,IDEA,5,1,0.06016267520608988,0.8216741681098938,0.19973516,0.10628119999999998,0.043453964642334,3
2026-08-27,IDEA,6,1,0.07436898158196541,0.7819956541061401,0.2002716,0.1062812,0.04399040644531249,3
2026-08-27,IDEA,7,1,0.05888588662242645,0.7323577404022217,0.0,0.1062812,-0.1562812,3
2026-08-27,IDEA,8,1,0.06851417711931651,0.6893494129180908,0.46697855,0.10628119999999998,0.31069734995727544,3
2026-08-27,IDEA,9,1,0.08887813078302283,0.6412832140922546,0.2670288,0.1062812,0.11074760859374998,3
2026-08-27,IDEA,10,1,0.07229316305674405,0.5951299667358398,0.40106773,0.1062812,0.24478653376464843,3
2026-08-27,IDEA,12,1,0.04783008825351206,0.5877845883369446,-0.33222437,0.1062812,-0.4885055690490723,3
2026-08-27,IDEA,13,1,0.05835531728216815,0.5805659294128418,-0.13333559,0.1062812,-0.28961679036254884,3
2026-08-27,IDEA,14,1,0.059918802528535715,0.49490904808044434,-0.13324618,0.1062812,-0.28952738339538575,3
2026-08-27,IDEA,16,1,0.04794379264487958,0.4470241665840149,-0.33289194,0.10628119999999998,-0.4891731410705566,3
2026-08-27,IDEA,17,1,0.0590625985168461,0.37569043040275574,-0.2663195,0.10628119999999998,-0.4226007133209228,3
2026-08-27,IDEA,18,1,0.06283425938573572,0.3566682040691376,0.0,0.1062812,-0.1562812,3
2026-08-27,IDEA,19,1,0.06228189898160251,0.33809661865234375,0.13343096,0.10628119999999998,-0.022850242205810528,3
2026-08-27,IDEA,20,1,0.05341117509960564,0.31947454810142517,0.1335144,0.1062812,-0.02276679570312501,3
2026-08-27,IDEA,21,1,0.04970406364840586,0.3049658238887787,0.06670952,0.10628119999999998,-0.0895716815673828,3
2026-08-27,IDEA,22,1,0.06693997453013856,0.3055773973464966,0.46790838,0.1062812,0.3116271824157715,3
2026-08-27,IDFCFIRSTB,6,1,0.047827698310637344,0.3933718502521515,0.262177,0.1062812,0.10589579050903318,3
2026-08-27,IDFCFIRSTB,7,1,0.05546628943677381,0.356078565120697,0.13104677,0.10628119999999998,-0.025234427996826153,3
2026-08-27,IDFCFIRSTB,8,1,0.0588083559561363,0.33112144470214844,0.19073486,0.1062812,0.03445366328124999,3
2026-08-27,IDFCFIRSTB,9,1,0.07858516198775506,0.3145102858543396,0.21443367,0.10628119999999998,0.05815247004394533,3
2026-08-27,IDFCFIRSTB,10,1,0.05533944937330495,0.3092661499977112,-0.0356853,0.1062812,-0.19196650082702638,3
2026-08-27,IDFCFIRSTB,11,1,0.05296501163497919,0.3145774304866791,-0.1899302,0.1062812,-0.34621140057678224,3
2026-08-27,IDFCFIRSTB,12,1,0.061952916220005816,0.303451269865036,-0.19001961,0.1062812,-0.3463008075439453,3
2026-08-27,IDFCFIRSTB,13,1,0.06256709811761486,0.2903667986392975,-0.05942583,0.10628119999999998,-0.2157070308410644,3
2026-08-27,IDFCFIRSTB,14,1,0.06845830707617412,0.2651485204696655,-0.09512901,0.1062812,-0.25141021306152345,3
2026-08-27,IDFCFIRSTB,15,1,0.04575312989468194,0.26769793033599854,0.03569126,0.1062812,-0.1205899387084961,3
2026-08-27,IDFCFIRSTB,16,1,0.04375755928999685,0.2564367353916168,-0.09510517,0.1062812,-0.2513863712036133,3
2026-08-27,IDFCFIRSTB,17,1,0.05022850122892373,0.24648204445838928,0.03569126,0.10628120000000002,-0.12058993870849612,3
2026-08-27,INDHOTEL,6,1,0.0484438604325583,0.2776813507080078,-0.34698248,0.10628119999999998,-0.503263679095459,3
2026-08-27,INDHOTEL,7,1,0.05945423459699253,0.275576114654541,-0.22255182,0.1062812,-0.3788330226623535,3
2026-08-27,INDHOTEL,8,1,0.06237777901453017,0.26696476340293884,-0.11840463,0.10628119999999998,-0.27468582684631343,3
2026-08-27,INDHOTEL,9,1,0.06546770878103395,0.2548753321170807,-0.3064096,0.10628120000000002,-0.4626907973968506,3
2026-08-27,INDHOTEL,13,1,0.04628443851814881,0.2283128947019577,-0.50836205,0.10628120000000002,-0.6646432548248291,3
2026-08-27,INDHOTEL,16,1,0.04927126838741068,0.20406749844551086,-0.15366077,0.1062812,-0.30994197423095704,3
2026-08-27,INDHOTEL,17,1,0.05110824244179927,0.19789955019950867,-0.18191338,0.1062812,-0.3381945758544922,3
2026-08-27,INDHOTEL,18,1,0.04367938887040933,0.1742526888847351,-0.2307713,0.1062812,-0.3870525031768799,3
2026-08-27,INDIANB,7,1,0.05059745338688697,0.3391658365726471,-0.11802912,0.10628119999999998,-0.27431031758422847,3
2026-08-27,INDIANB,8,1,0.05149159804204002,0.314782977104187,-0.0674665,0.10628119999999998,-0.2237476974212646,3
2026-08-27,INDIANB,9,1,0.074304196205234,0.29839760065078735,-0.123625994,0.1062812,-0.2799071937286377,3
2026-08-27,INDIANB,10,1,0.04432265193222139,0.2988477349281311,-0.48244,0.1062812,-0.6387211948120117,3
2026-08-27,INDIANB,11,1,0.051008116886619166,0.2944751977920532,-0.3426969,0.10628120000000002,-0.4989781051361084,3
2026-08-27,INDIANB,12,1,0.05532672024152619,0.2777174711227417,-0.47723055,0.10628119999999998,-0.6335117488586426,3
2026-08-27,INDIANB,13,1,0.06726491377229094,0.2685944736003876,-0.258559,0.10628119999999998,-0.41484018857116695,3
2026-08-27,INDIANB,17,1,0.048899592849685314,0.19769679009914398,0.022542477,0.1062812,-0.13373872334594727,3
2026-08-27,INDIGO,4,1,0.04565216449926818,0.29129934310913086,0.019168854,0.10628119999999998,-0.13711234624023436,3
2026-08-27,INDIGO,6,1,0.052789159678311715,0.26043808460235596,-0.124675035,0.1062812,-0.2809562354766846,3
2026-08-27,INDIGO,7,1,0.04530319039083149,0.24116912484169006,-0.08637905,0.10628119999999998,-0.24266025120849605,3
2026-08-27,INDIGO,9,1,0.05117464373479037,0.22089895606040955,0.028824806,0.10628119999999998,-0.12745639378662107,3
2026-08-27,INDIGO,12,1,0.04386237284239983,0.22791476547718048,0.105547905,0.1062812,-0.05073329503173829,3
2026-08-27,INDIGO,14,1,0.04412258433168096,0.1928091049194336,0.15369654,0.10628120000000002,-0.0025846629821777573,3
2026-08-27,INDUSINDBK,7,1,0.04987638212124969,0.2856855094432831,0.0,0.1062812,-0.1562812,3
2026-08-27,INDUSINDBK,8,1,0.05011854962403579,0.276384562253952,-0.010031462,0.1062812,-0.16631266171569825,3
2026-08-27,INDUSINDBK,9,1,0.07035468203378231,0.26864463090896606,-0.08019805,0.1062812,-0.2364792495452881,3
2026-08-27,INDUSINDBK,10,1,0.05373840127795771,0.2588545083999634,-0.040107965,0.1062812,-0.19638916546936036,3
2026-08-27,INDUSINDBK,12,1,0.04769436661593281,0.23982968926429749,-0.19045472,0.1062812,-0.3467359214508057,3
2026-08-27,INDUSINDBK,18,1,0.045061333043518774,0.16214138269424438,0.4520297,0.1062812,0.2957485050476074,3
2026-08-27,INDUSTOWER,3,1,0.051417137393909115,0.5223586559295654,0.11976957,0.10628120000000002,-0.0365116267883301,3
2026-08-27,INDUSTOWER,4,1,0.053110624866678995,0.49880000948905945,0.55992603,0.1062812,0.4036448330200195,3
2026-08-27,INDUSTOWER,6,1,0.05223677076534138,0.45285123586654663,0.69259405,0.1062812,0.536312851361084,3
2026-08-27,INDUSTOWER,7,1,0.05375137077145259,0.4142281711101532,0.86539984,0.10628119999999998,0.7091186374938965,3
2026-08-27,INDUSTOWER,8,1,0.06348880629240299,0.40026864409446716,1.0940671,0.10628119999999998,0.9377858967102051,3
2026-08-27,INDUSTOWER,9,1,0.07589839836624261,0.3951587975025177,0.77199936,0.1062812,0.6157181591308594,3
2026-08-27,INDUSTOWER,10,1,0.0494392528986452,0.3890596628189087,0.5716562,0.10628120000000002,0.4153750271118164,3
2026-08-27,INDUSTOWER,11,1,0.04454946664759035,0.39219722151756287,0.2652526,0.1062812,0.10897139017944334,3
2026-08-27,INDUSTOWER,12,1,0.04998067423853356,0.41335877776145935,-0.092470646,0.1062812,-0.24875184590454102,3
2026-08-27,INDUSTOWER,13,1,0.051827297443659735,0.40721994638442993,0.23812056,0.1062812,0.08183935587768552,3
2026-08-27,INDUSTOWER,14,1,0.04567089516604015,0.36110493540763855,0.47519207,0.1062812,0.3189108700073242,3
2026-08-27,INDUSTOWER,17,1,0.06304730089824008,0.33424800634384155,1.1238933,0.1062812,0.9676120609558105,3
2026-08-27,INDUSTOWER,18,1,0.06046817417350152,0.32218649983406067,1.4155269,0.1062812,1.2592456669128418,3
2026-08-27,INDUSTOWER,19,1,0.0527312021360377,0.3230029344558716,1.3222218,0.1062812,1.1659405559814453,3
2026-08-27,INDUSTOWER,22,1,0.044272989936447626,0.3615465760231018,0.5245209,0.1062812,0.3682396740234375,3
2026-08-27,INFY,7,1,0.044741755971412736,0.3679104447364807,-0.42948723,0.1062812,-0.5857684283935547,3
2026-08-27,INFY,8,1,0.04694280422899465,0.34921300411224365,-0.3939867,0.1062812,-0.550267901965332,3
2026-08-27,INFY,9,1,0.06775164870573319,0.3310084044933319,-0.53667426,0.1062812,-0.6929554610931397,3
2026-08-27,INFY,10,1,0.04745350258435079,0.3233998119831085,-0.7506728,0.10628119999999998,-0.9069540172302246,3
2026-08-27,INFY,11,1,0.05555018677991598,0.32249540090560913,-0.27779937,0.1062812,-0.4340805679046631,3
2026-08-27,INFY,12,1,0.06885007614562809,0.31075310707092285,-0.26872158,0.1062812,-0.4250027805053711,3
2026-08-27,INFY,13,1,0.06834561950582334,0.3046609163284302,-0.10755062,0.1062812,-0.26383182103271485,3
2026-08-27,INFY,14,1,0.0566536694686809,0.25675415992736816,0.179708,0.1062812,0.023426803997802725,3
2026-08-27,INFY,16,1,0.04939839145191765,0.21454516053199768,0.03595352,0.10628119999999998,-0.12032767827148436,3
2026-08-27,INFY,17,1,0.051582701703028935,0.2128850519657135,0.35116673,0.10628119999999998,0.19488552515869145,3
2026-08-27,IOC,3,1,0.048438951092775205,0.29621848464012146,-0.4336536,0.10628119999999998,-0.5899347930633545,3
2026-08-27,IOC,4,1,0.0514750847819664,0.28966397047042847,-0.2824247,0.10628120000000002,-0.4387058883392334,3
2026-08-27,IOC,5,1,0.04395290790717827,0.2679589092731476,-0.23172498,0.10628120000000002,-0.38800617749328614,3
2026-08-27,IOC,6,1,0.04394298360246109,0.2504613697528839,-0.27520657,0.1062812,-0.4314877658569336,3
2026-08-27,IOC,7,1,0.044590949761466325,0.2410094439983368,-0.29028058,0.10628119999999998,-0.44656178052062984,3
2026-08-27,IOC,8,1,0.044663642068473106,0.24207091331481934,-0.17428398,0.1062812,-0.3305651813232422,3
2026-08-27,IOC,9,1,0.05131476252371002,0.22519072890281677,-0.21067262,0.1062812,-0.3669538169586182,3
2026-08-27,IOC,14,1,0.04756300800936133,0.18662746250629425,0.14563799,0.1062812,-0.010643210955810556,3
2026-08-27,IOC,16,1,0.05485968380332096,0.17886975407600403,0.014567375,0.1062812,-0.14171382481689454,3
2026-08-27,IOC,17,1,0.0559894257278646,0.16285744309425354,0.0,0.1062812,-0.1562812,3
2026-08-27,IOC,18,1,0.045111396165041034,0.1575048267841339,-0.021833181,0.10628119999999998,-0.17811438138122554,3
2026-08-27,IPCALAB,7,1,0.04597769359827304,0.33189842104911804,0.07176399,0.10628119999999998,-0.08451720769042967,3
2026-08-27,IPCALAB,8,1,0.05396653061151975,0.3122510015964508,0.23584366,0.1062812,0.0795624584472656,3
2026-08-27,IPCALAB,9,1,0.06829245934470973,0.2880430221557617,0.09738207,0.1062812,-0.058899131365966806,3
2026-08-27,IPCALAB,10,1,0.05892410731884093,0.2773892879486084,0.1743555,0.1062812,0.018074306896972647,3
2026-08-27,IPCALAB,11,1,0.05879910048953961,0.26524847745895386,0.56381226,0.10628119999999998,0.40753105585937505,3
2026-08-27,IPCALAB,12,1,0.05357677087454704,0.2570676803588867,0.3639102,0.10628119999999998,0.20762899821166997,3
2026-08-27,IPCALAB,13,1,0.04351990935687932,0.24774421751499176,0.35862923,0.1062812,0.2023480266845703,3
2026-08-27,IRCTC,9,1,0.048372243407308925,0.23417489230632782,-0.1329422,0.10628119999999998,-0.2892233997070312,3
2026-08-27,IRCTC,16,1,0.04495913968219531,0.12214397639036179,-0.10239482,0.1062812,-0.25867601925964356,3
2026-08-27,IRCTC,17,1,0.05273154304184854,0.11490055918693542,-0.040984154,0.10628119999999998,-0.19726535374755855,3
2026-08-27,IRCTC,18,1,0.045111396165041034,0.10168566554784775,-0.040972233,0.1062812,-0.19725343281860352,3
2026-08-27,IRCTC,19,1,0.04651000548973628,0.10471929609775543,0.11284351,0.1062812,-0.04343768651123048,3
2026-08-27,IRFC,9,1,0.05036150465175733,0.20653404295444489,-0.4200697,0.10628119999999998,-0.576350894519043,3
2026-08-27,IRFC,12,1,0.04769758460388475,0.1912287175655365,-0.5137801,0.1062812,-0.6700613170349121,3
2026-08-27,IRFC,14,1,0.043453650579868844,0.1645769327878952,-0.222224,0.1062812,-0.3785051971160889,3
2026-08-27,IRFC,16,1,0.04661809749245706,0.16572266817092896,-0.09371042,0.1062812,-0.24999162251586915,3
2026-08-27,IRFC,17,1,0.04995124908238795,0.16332663595676422,-0.05862713,0.1062812,-0.21490832860107423,3
2026-08-27,IRFC,18,1,0.04367938887040933,0.15990124642848969,-0.07032156,0.1062812,-0.22660275990600587,3
2026-08-27,ITC,13,1,0.04359216211487379,0.1763191968202591,-0.14847517,0.1062812,-0.30475637013549806,3
2026-08-27,ITC,16,1,0.04763238369615155,0.13940763473510742,0.074350834,0.1062812,-0.08193036610717774,3
2026-08-27,ITC,17,1,0.05405764121270183,0.13818222284317017,0.16744137,0.1062812,0.011160168103027335,3
2026-08-27,ITC,18,1,0.04367424841282148,0.13279396295547485,0.0,0.10628119999999998,-0.15628119999999998,3
2026-08-27,JINDALSTEL,9,1,0.0636746086821221,0.4089231789112091,0.18581152,0.1062812,0.029530319622802725,3
2026-08-27,JINDALSTEL,10,1,0.04929301645434059,0.38701167702674866,0.04222393,0.1062812,-0.11405726964111329,3
2026-08-27,JINDALSTEL,11,1,0.04978368566447513,0.36857062578201294,0.29598475,0.10628119999999998,0.1397035450256348,3
2026-08-27,JINDALSTEL,12,1,0.04926243454552761,0.3551699221134186,0.11818409,0.10628119999999998,-0.03809711033935545,3
2026-08-27,JINDALSTEL,13,1,0.04788933835608469,0.34116995334625244,0.38805008,0.1062812,0.23176887934570312,3
2026-08-27,JINDALSTEL,14,1,0.04811418420394822,0.29925018548965454,0.65749884,0.10628120000000002,0.501217636517334,3
2026-08-27,JINDALSTEL,16,1,0.04576895891924369,0.2818133234977722,0.39622784,0.1062812,0.2399466366088867,3
2026-08-27,JINDALSTEL,17,1,0.06745236981692129,0.2647305727005005,0.09286404,0.1062812,-0.06341716343994142,3
2026-08-27,JIOFIN,9,1,0.05256456525540979,0.18903274834156036,-0.35313368,0.1062812,-0.5094148784362793,3
2026-08-27,JIOFIN,12,1,0.0539109215261303,0.1905864030122757,-0.3123045,0.1062812,-0.4685856967651367,3
2026-08-27,JIOFIN,13,1,0.048216108761959184,0.1875782459974289,-0.18757582,0.1062812,-0.3438570171081543,3
2026-08-27,JIOFIN,14,1,0.044305504857182904,0.16531597077846527,-0.12508035,0.1062812,-0.28136154706115724,3
2026-08-27,JKCEMENT,6,1,0.04841355214632849,0.30493614077568054,-0.3431201,0.10628119999999998,-0.4994012981140136,3
2026-08-27,JKCEMENT,7,1,0.0626076474784445,0.3041507601737976,-0.06684661,0.1062812,-0.2231278091156006,3
2026-08-27,JKCEMENT,8,1,0.06603888683074835,0.2822880148887634,-0.08596182,0.1062812,-0.24224301869506837,3
2026-08-27,JKCEMENT,9,1,0.08804424951052933,0.2758423089981079,-0.12410283,0.1062812,-0.28038403088684083,3
2026-08-27,JKCEMENT,10,1,0.05242420551765101,0.25611862540245056,-0.14315844,0.1062812,-0.2994396358215332,3
2026-08-27,JKCEMENT,12,1,0.05066405068462659,0.22916069626808167,-0.38193464,0.1062812,-0.5382158427917481,3
2026-08-27,JKCEMENT,13,1,0.0462120063356109,0.23636463284492493,-0.21986365,0.1062812,-0.3761448531829834,3
2026-08-27,JSL,7,1,0.05109418878828245,0.4194518029689789,-0.021320581,0.1062812,-0.17760178143615724,3
2026-08-27,JSL,8,1,0.05496967908032081,0.38398709893226624,0.0,0.1062812,-0.1562812,3
2026-08-27,JSL,9,1,0.09428600222308402,0.3660457730293274,0.4700303,0.10628119999999998,0.31374910776977544,3
2026-08-27,JSL,10,1,0.062290562360811166,0.34477514028549194,0.26324987,0.1062812,0.10696867411499021,3
2026-08-27,JSL,11,1,0.051504361921848686,0.3312954604625702,0.34139156,0.10628119999999998,0.1851103634155274,3
2026-08-27,JSL,12,1,0.05382034164277351,0.32927343249320984,-0.014191866,0.1062812,-0.17047306592102052,3
2026-08-27,JSL,13,1,0.061569093904636524,0.31861114501953125,0.09944439,0.10628119999999998,-0.05683681065673826,3
2026-08-27,JSL,14,1,0.06023926267572502,0.27224478125572205,0.20619631,0.10628119999999998,0.04991510813598635,3
2026-08-27,JSWENERGY,7,1,0.059781037916519654,0.45357275009155273,-1.0891795,0.10628119999999998,-1.245460715838623,3
2026-08-27,JSWENERGY,8,1,0.07334997687341326,0.5035818815231323,0.121986866,0.1062812,-0.034294334002685556,3
2026-08-27,JSWENERGY,9,1,0.08423744267410119,0.5192610025405884,1.1995912,0.1062812,1.0433099598205566,3
2026-08-27,JSWENERGY,10,1,0.07647484206622121,0.5599798560142517,0.581336,0.10628120000000002,0.42505482142333983,3
2026-08-27,JSWENERGY,11,1,0.07299841838227628,0.544072687625885,0.25247335,0.1062812,0.09619215433959959,3
2026-08-27,JSWENERGY,12,1,0.05690713223609177,0.5399136543273926,0.8635998,0.10628119999999998,0.7073185772216797,3
2026-08-27,JSWENERGY,13,1,0.06825121450145165,0.5385395288467407,1.0542154,0.10628119999999998,0.8979342312133789,3
2026-08-27,JSWENERGY,14,1,0.06110014546543412,0.49277424812316895,1.139152,0.1062812,0.9828708500183105,3
2026-08-27,JSWENERGY,16,1,0.05873839450783704,0.5286827087402344,0.47605038,0.10628119999999998,0.3197691768920899,3
2026-08-27,JSWENERGY,17,1,0.061402248761544494,0.5140587687492371,0.1210928,0.10628119999999998,-0.03518840367431639,3
2026-08-27,JSWENERGY,18,1,0.06076515714751648,0.5003545880317688,0.41993856,0.1062812,0.2636573643005371,3
2026-08-27,JSWENERGY,19,1,0.05656560691020049,0.5118668079376221,0.24199486,0.1062812,0.08571365778808591,3
2026-08-27,JSWENERGY,20,1,0.0489934550749462,0.49965471029281616,0.43789148,0.1062812,0.28161028330688476,3
2026-08-27,JSWENERGY,22,1,0.049344019510639055,0.43489310145378113,0.241673,0.10628119999999998,0.08539179270629886,3
2026-08-27,JSWINFRA,3,1,0.05940152377165358,0.7591297626495361,-1.2171924,0.1062812,-1.3734736114227295,3
2026-08-27,JSWINFRA,4,1,0.08120256528930794,0.8046132922172546,-0.6655812,0.1062812,-0.821862426348877,3
2026-08-27,JSWINFRA,5,1,0.07016247022680637,0.7716265916824341,-0.59356093,0.10628120000000002,-0.7498421340667725,3
2026-08-27,JSWINFRA,6,1,0.06108888255415113,0.6936038136482239,0.43059587,0.1062812,0.27431467478637694,3
2026-08-27,JSWINFRA,7,1,0.0732235548381198,0.6257417798042297,0.77266693,0.1062812,0.6163857311523437,3
2026-08-27,JSWINFRA,8,1,0.07078540170683169,0.5784454941749573,0.8627057,0.1062812,0.7064245075500488,3
2026-08-27,JSWINFRA,9,1,0.08766422693519198,0.5466427206993103,0.99509954,0.1062812,0.8388183445251465,3
2026-08-27,JSWINFRA,10,1,0.07284963857797515,0.5114980936050415,0.9501219,0.10628119999999998,0.7938406795776367,3
2026-08-27,JSWINFRA,11,1,0.08320821167483672,0.5050123333930969,1.1762977,0.1062812,1.020016464642334,3
2026-08-27,JSWINFRA,12,1,0.07107615189305763,0.4983510971069336,1.4181256,0.10628119999999998,1.2618444294250488,3
2026-08-27,JSWINFRA,13,1,0.061623887510702934,0.5280041098594666,0.26607513,0.1062812,0.10979393427734373,3
2026-08-27,JSWINFRA,14,1,0.06875358079827733,0.5076451301574707,0.17696619,0.1062812,0.020684990338134757,3
2026-08-27,JSWINFRA,15,1,0.052176721132904495,0.46558547019958496,0.25069714,0.1062812,0.09441593592529295,3
2026-08-27,JSWINFRA,16,1,0.06670032626015637,0.44957906007766724,0.058829784,0.1062812,-0.09745141560668946,3
2026-08-27,JSWINFRA,17,1,0.07265299137549908,0.43487292528152466,0.014698505,0.1062812,-0.14158269459838868,3
2026-08-27,JSWINFRA,18,1,0.06491258204091797,0.39209362864494324,0.41201115,0.1062812,0.25572994654541015,3
2026-08-27,JSWINFRA,19,1,0.06304710699639872,0.36586761474609375,0.6770611,0.10628119999999998,0.5207798809326172,3
2026-08-27,JSWINFRA,20,1,0.05580756388159537,0.36856719851493835,0.7223964,0.1062812,0.5661151737487793,3
2026-08-27,JSWINFRA,22,1,0.05275688838091081,0.3646012544631958,0.36776066,0.10628119999999998,0.2114794582641602,3
2026-08-27,JSWSTEEL,7,1,0.05309272289150632,0.4134545922279358,0.284338,0.1062812,0.12805679743652343,3
2026-08-27,JSWSTEEL,8,1,0.04802531875693597,0.40251633524894714,0.044810772,0.10628120000000002,-0.11147042805786135,3
2026-08-27,JSWSTEEL,9,1,0.06974093081790067,0.3841277062892914,-0.11934042,0.10628119999999998,-0.27562161976928706,3
2026-08-27,JSWSTEEL,10,1,0.0466990414530001,0.36556267738342285,-0.12683272,0.1062812,-0.2831139236175537,3
2026-08-27,JSWSTEEL,11,1,0.047397806397004395,0.3465486466884613,-0.03732443,0.1062812,-0.19360562855834962,3
2026-08-27,JSWSTEEL,12,1,0.05233124471065035,0.3347473740577698,-0.29806495,0.1062812,-0.4543461471282959,3
2026-08-27,JSWSTEEL,13,1,0.05503507659064531,0.32508713006973267,-0.09699464,0.1062812,-0.2532758384429932,3
2026-08-27,JSWSTEEL,14,1,0.05176540794829277,0.2702159285545349,-0.05222559,0.1062812,-0.20850678975219727,3
2026-08-27,JUBLFOOD,3,1,0.04678197355033447,0.5478469729423523,0.11057854,0.1062812,-0.04570266301269532,3
2026-08-27,JUBLFOOD,4,1,0.04760572924395226,0.5103363990783691,0.37320852,0.10628119999999998,0.2169273227966309,3
2026-08-27,JUBLFOOD,5,1,0.0462242505521416,0.46604567766189575,0.48456192,0.10628120000000002,0.3282807201660156,3
2026-08-27,JUBLFOOD,6,1,0.04490233146668396,0.42792147397994995,0.37320852,0.10628119999999998,0.2169273227966309,3
2026-08-27,JUBLFOOD,8,1,0.047799914862106864,0.4361882507801056,-0.21082163,0.10628119999999998,-0.3671028285705566,3
2026-08-27,JUBLFOOD,9,1,0.06779635657405658,0.4469205439090729,-0.10046959,0.1062812,-0.25675078923339845,3
2026-08-27,JUBLFOOD,10,1,0.06418482243894363,0.425421804189682,-0.19074082,0.10628119999999998,-0.3470220237457275,3
2026-08-27,JUBLFOOD,11,1,0.05740101300369595,0.4019681215286255,-0.07035136,0.1062812,-0.22663256222839356,3
2026-08-27,JUBLFOOD,12,1,0.064144179375276,0.3840731084346771,0.060272217,0.10628119999999998,-0.09600898320312498,3
2026-08-27,JUBLFOOD,13,1,0.05629854239322213,0.36464250087738037,0.13068914,0.1062812,-0.025592055865478525,3
2026-08-27,JUBLFOOD,14,1,0.05625819534488336,0.3093094229698181,0.110542774,0.1062812,-0.045738425799560556,3
2026-08-27,JUBLFOOD,15,1,0.05476552249573934,0.2867187559604645,0.2414465,0.10628119999999998,0.08516529505615238,3
2026-08-27,JUBLFOOD,16,1,0.06869291922526269,0.2765747308731079,0.28181076,0.10628119999999998,0.12552956049804692,3
2026-08-27,JUBLFOOD,17,1,0.05846150935474667,0.2521754205226898,0.23133755,0.10628119999999998,0.07505634730224613,3
2026-08-27,KALYANKJIL,7,1,0.04844172227154278,0.6660093665122986,-0.40315986,0.10628119999999998,-0.5594410567962647,3
2026-08-27,KALYANKJIL,8,1,0.05246994044342905,0.654545247554779,-0.41959882,0.1062812,-0.5758800178253174,3
2026-08-27,KALYANKJIL,9,1,0.07608608049127066,0.6424177289009094,-0.15392303,0.10628119999999998,-0.3102042346679687,3
2026-08-27,KALYANKJIL,10,1,0.055872398659469615,0.6138228178024292,-0.08106232,0.1062812,-0.23734351689453126,3
2026-08-27,KALYANKJIL,11,1,0.05267365262762857,0.581474781036377,0.056791306,0.1062812,-0.09948989445800782,3
2026-08-27,KALYANKJIL,12,1,0.04733588737362164,0.5725873112678528,-0.32339096,0.10628119999999998,-0.47967216069335933,3
2026-08-27,KALYANKJIL,13,1,0.04987111750776255,0.5559412240982056,0.29126406,0.1062812,0.13498285715942382,3
2026-08-27,KALYANKJIL,14,1,0.04631623942437685,0.48112553358078003,-0.016188622,0.10628119999999998,-0.17246982152099607,3
2026-08-27,KALYANKJIL,16,1,0.05057075069367675,0.4282824993133545,0.048661232,0.1062812,-0.1076199680053711,3
2026-08-27,KALYANKJIL,17,1,0.05895741179810848,0.38362693786621094,0.19464493,0.10628119999999998,0.038363727978515644,3
2026-08-27,KALYANKJIL,18,1,0.05368687631524553,0.36783093214035034,0.22706985,0.1062812,0.07078865473632812,3
2026-08-27,KALYANKJIL,22,1,0.05468379960230713,0.3093494474887848,0.397408,0.10628119999999998,0.2411268085754395,3
2026-08-27,KALYANKJIL,56,1,0.044785758582414105,0.5906640291213989,1.3288617,0.1062812,1.1725805134094238,3
2026-08-27,KALYANKJIL,64,1,0.057655127922510714,0.5145612359046936,-0.17402172,0.10628120000000002,-0.3303029208862305,3
2026-08-27,KALYANKJIL,65,1,0.08429972122831948,0.5101230144500732,-0.09499192,0.1062812,-0.25127312237854005,3
2026-08-27,KALYANKJIL,66,1,0.09256796331659818,0.5026663541793823,0.19849539,0.1062812,0.04221418803100585,3
2026-08-27,KALYANKJIL,67,1,0.10476417613221355,0.48809510469436646,-0.10318756,0.1062812,-0.25946876103515626,3
2026-08-27,KEI,7,1,0.049829961798034,0.6356964111328125,-1.242125,0.10628120000000002,-1.3984062343322754,3
2026-08-27,KEI,9,1,0.07085601968772022,0.5676445960998535,-1.4777303,0.1062812,-1.6340114742004395,3
2026-08-27,KEI,12,1,0.06036231163059363,0.5006649494171143,-1.0850608,0.10628119999999998,-1.2413420348846436,3
2026-08-27,KEI,13,1,0.06255961307143042,0.5006427764892578,-0.7469237,0.1062812,-0.9032048850738525,3
2026-08-27,KEI,14,1,0.06912892838955623,0.4974989891052246,0.13843775,0.1062812,-0.017843452044677743,3
2026-08-27,KEI,16,1,0.049942669382166675,0.4969649314880371,0.1769185,0.10628119999999998,0.020637306622314472,3
2026-08-27,KEI,17,1,0.06294536496398595,0.48919159173965454,-0.0054597855,0.1062812,-0.1617409854614258,3
2026-08-27,KEI,18,1,0.044292552473897524,0.4739740192890167,0.18609762,0.10628119999999998,0.029816421917724628,3
2026-08-27,KEI,19,1,0.05031337834671578,0.47559037804603577,0.043725967,0.1062812,-0.11255523259277345,3
2026-08-27,KEI,22,1,0.045278295889447415,0.3876604437828064,0.020003319,0.10628119999999998,-0.1362778812133789,3
2026-08-27,KOTAKBANK,3,1,0.05602992930760179,0.8298736810684204,0.79431534,0.1062812,0.6380341381347656,3
2026-08-27,KOTAKBANK,7,1,0.051580634662681174,0.6774972081184387,-0.035196543,0.1062812,-0.19147774273986817,3
2026-08-27,KOTAKBANK,8,1,0.054152656216110574,0.6377139091491699,-0.07043481,0.10628119999999998,-0.22671600873107906,3
2026-08-27,KOTAKBANK,9,1,0.06287041746264274,0.5887168645858765,-0.16418695,0.10628119999999998,-0.32046815449829097,3
2026-08-27,KOTAKBANK,10,1,0.052501591729322145,0.5774029493331909,-0.16466975,0.1062812,-0.3209509521209717,3
2026-08-27,KOTAKBANK,11,1,0.04666310715541066,0.5462701320648193,-0.058853626,0.1062812,-0.2151348262512207,3
2026-08-27,KOTAKBANK,12,1,0.05244148362886489,0.5360421538352966,-0.5396545,0.10628119999999998,-0.6959356933319092,3
2026-08-27,KOTAKBANK,13,1,0.049697249852245134,0.5178163647651672,-0.41118264,0.10628119999999998,-0.5674638419830322,3
2026-08-27,KOTAKBANK,14,1,0.04481597849456448,0.3889998495578766,-0.35211444,0.10628119999999998,-0.5083956390106201,3
2026-08-27,KOTAKBANK,17,1,0.06283958983090612,0.36690381169319153,0.047123432,0.1062812,-0.10915776784057618,3
2026-08-27,KOTAKBANK,18,1,0.06034092442280668,0.3423789143562317,0.09419918,0.1062812,-0.062082019396972665,3
2026-08-27,KOTAKBANK,19,1,0.06273257766581286,0.3016209006309509,0.047183037,0.1062812,-0.10909816319580079,3
2026-08-27,KPITTECH,8,1,0.04481905456152851,0.37838056683540344,-0.17021298,0.1062812,-0.326494184085083,3
2026-08-27,KPITTECH,9,1,0.07317836281341265,0.36255401372909546,-0.085151196,0.1062812,-0.24143239552612306,3
2026-08-27,KPITTECH,10,1,0.05857113023846012,0.36116722226142883,-0.4584074,0.1062812,-0.6146886020385742,3
2026-08-27,KPITTECH,11,1,0.053824170326813504,0.3589881658554077,-0.04259348,0.1062812,-0.19887467915649415,3
2026-08-27,KPITTECH,12,1,0.06714347645000922,0.3475091755390167,-0.25523305,0.1062812,-0.4115142493927002,3
2026-08-27,KPITTECH,13,1,0.06633258308944373,0.3354770839214325,-0.26362538,0.10628119999999998,-0.41990658337707515,3
2026-08-27,KPITTECH,14,1,0.06634782884823712,0.2908253073692322,-0.09369254,0.1062812,-0.24997374112243653,3
2026-08-27,KPITTECH,16,1,0.048770841061440674,0.24166616797447205,0.068199635,0.1062812,-0.08808156544799806,3
2026-08-27,KPITTECH,17,1,0.045793637086127145,0.23391184210777283,-0.017052889,0.1062812,-0.17333408887023927,3
2026-08-27,KPITTECH,19,1,0.04357511561587939,0.21506436169147491,-0.0341177,0.10628120000000002,-0.1903988986694336,3
2026-08-27,KPRMILL,7,1,0.04861141108623164,0.26857098937034607,-0.6498575,0.1062812,-0.8061387210571289,3
2026-08-27,KPRMILL,9,1,0.0444917439629339,0.24133498966693878,-0.79016685,0.1062812,-0.9464480548583984,3
2026-08-27,KPRMILL,12,1,0.04937986416604103,0.23507145047187805,-0.5989671,0.10628119999999998,-0.7552482753479004,3
2026-08-27,KPRMILL,13,1,0.05653622342125335,0.2559831738471985,-0.15043616,0.10628119999999998,-0.30671736294860835,3
2026-08-27,KPRMILL,17,1,0.044915087570846966,0.2458714097738266,-0.55580735,0.10628119999999998,-0.71208855206604,3
2026-08-27,KPRMILL,18,1,0.06549743281965843,0.2645036578178406,-0.5042553,0.1062812,-0.6605364947998047,3
2026-08-27,KPRMILL,19,1,0.07422987931374692,0.26647239923477173,-0.062072277,0.1062812,-0.2183534770690918,3
2026-08-27,KPRMILL,20,1,0.04710297729204087,0.2665204107761383,-0.044316053,0.1062812,-0.20059725339050294,3
2026-08-27,KPRMILL,21,1,0.0536580135060093,0.2708563208580017,-0.070905685,0.1062812,-0.2271868854248047,3
2026-08-27,KPRMILL,22,1,0.06337605381507982,0.26917287707328796,-0.19507408,0.10628119999999998,-0.3513552814208984,3
2026-08-27,LAURUSLABS,7,1,0.04430877429138041,0.37240439653396606,0.20598173,0.1062812,0.04970053141479491,3
2026-08-27,LAURUSLABS,9,1,0.06363535588417046,0.34451824426651,0.21072626,0.1062812,0.05444506113891601,3
2026-08-27,LAURUSLABS,10,1,0.05792069832348116,0.33796226978302,0.50702095,0.1062812,0.3507397503173828,3
2026-08-27,LAURUSLABS,11,1,0.05533001801812683,0.32820141315460205,0.51671267,0.10628119999999998,0.3604314655578614,3
2026-08-27,LAURUSLABS,12,1,0.07091936338941643,0.3128468096256256,0.37926435,0.1062812,0.22298315470581054,3
2026-08-27,LAURUSLABS,13,1,0.058985690423460004,0.299342542886734,0.42119026,0.1062812,0.2649090618408203,3
2026-08-27,LICHSGFIN,4,1,0.060959587190784294,0.9589170217514038,-1.0714293,0.10628119999999998,-1.2277104526245117,3
2026-08-27,LICHSGFIN,5,1,0.046218200759546094,0.8345867395401001,-1.0151386,0.1062812,-1.1714198260986328,3
2026-08-27,LICHSGFIN,6,1,0.06161722551468359,0.791106104850769,-0.67970157,0.1062812,-0.835982766696167,3
2026-08-27,LICHSGFIN,7,1,0.050881483325303865,0.7407243251800537,-0.39749742,0.10628119999999998,-0.5537786155426025,3
2026-08-27,LICHSGFIN,8,1,0.04991082372390993,0.71711665391922,-0.68886876,0.1062812,-0.8451499610626221,3
2026-08-27,LICHSGFIN,9,1,0.06257278498060276,0.6985126733779907,-0.1137197,0.1062812,-0.2700009017669678,3
2026-08-27,LICHSGFIN,10,1,0.063149787416165,0.6556284427642822,-0.19903183,0.1062812,-0.3553130298339844,3
2026-08-27,LICHSGFIN,11,1,0.0661121303840953,0.6238534450531006,-0.018996,0.1062812,-0.175277200289917,3
2026-08-27,LICHSGFIN,12,1,0.06199303304564475,0.5938524007797241,-0.00950098,0.1062812,-0.16578218037719727,3
2026-08-27,LICHSGFIN,13,1,0.06061385931295844,0.5926933288574219,0.38995743,0.10628119999999998,0.23367622797851567,3
2026-08-27,LICHSGFIN,16,1,0.044186478077269394,0.40797096490859985,1.3092995,0.10628119999999998,1.1530182689941406,3
2026-08-27,LICHSGFIN,17,1,0.06268393248484717,0.37851154804229736,1.907742,0.10628120000000002,1.7514608234680176,3
2026-08-27,LICHSGFIN,18,1,0.05731223426075681,0.32418325543403625,1.6331196,0.1062812,1.4768383831298828,3
2026-08-27,LICHSGFIN,19,1,0.06345005000996046,0.3197084963321686,1.4543772,0.10628119999999998,1.2980959743774414,3
2026-08-27,LICHSGFIN,65,1,0.04572964564367744,0.3258247673511505,-0.093239546,0.10628119999999998,-0.2495207458221435,3
2026-08-27,LICHSGFIN,67,1,0.08273940565362042,0.32938122749328613,0.17771721,0.1062812,0.02143600886230468,3
2026-08-27,LICI,4,1,0.04567327873498505,0.5620262622833252,0.19209385,0.10628119999999998,0.035812649182128925,3
2026-08-27,LICI,7,1,0.04803999130434904,0.42156800627708435,0.04800558,0.1062812,-0.1082756190979004,3
2026-08-27,LICI,8,1,0.04764856881844772,0.39606353640556335,0.09598732,0.10628119999999998,-0.06029388005371092,3
2026-08-27,LICI,9,1,0.07271662171525797,0.3882676661014557,0.060105324,0.10628119999999998,-0.09617587620849607,3
2026-08-27,LICI,12,1,0.047471738938279745,0.3503628075122833,-0.08390546,0.1062812,-0.2401866584503174,3
2026-08-27,LICI,13,1,0.04742792214068402,0.3395252823829651,-0.21551847,0.1062812,-0.37179967457885743,3
2026-08-27,LICI,14,1,0.058121491942048055,0.2853371798992157,-0.035989285,0.1062812,-0.19227048451538087,3
2026-08-27,LICI,16,1,0.051728138445545496,0.24799223244190216,-0.09609461,0.1062812,-0.2523758083068848,3
2026-08-27,LINDEINDIA,8,1,0.044189967539145544,0.2665119767189026,0.19589663,0.1062812,0.03961542551879882,3
2026-08-27,LINDEINDIA,9,1,0.05819833343250489,0.34285715222358704,-0.14289021,0.1062812,-0.29917141492004395,3
2026-08-27,LINDEINDIA,11,1,0.047933425289961765,0.3067868649959564,-1.0743797,0.10628120000000002,-1.2306608825408936,3
2026-08-27,LINDEINDIA,12,1,0.06742671376297545,0.3098934292793274,-1.0246336,0.10628119999999998,-1.1809148460113525,3
2026-08-27,LINDEINDIA,13,1,0.05755196381152846,0.31370657682418823,-1.3737679,0.1062812,-1.5300490527832031,3
2026-08-27,LINDEINDIA,14,1,0.05604965510161796,0.29817870259284973,-1.3824165,0.10628120000000002,-1.5386976867401123,3
2026-08-27,LINDEINDIA,16,1,0.05792241871756315,0.30716758966445923,-1.136452,0.10628119999999998,-1.2927331596099854,3
2026-08-27,LINDEINDIA,17,1,0.05869359006508715,0.38198259472846985,0.06095171,0.1062812,-0.09532949025268556,3
2026-08-27,LINDEINDIA,18,1,0.05959042128571513,0.3846195638179779,-0.20524263,0.1062812,-0.3615238338195801,3
2026-08-27,LINDEINDIA,19,1,0.05459662054507924,0.4083341360092163,-0.17507672,0.10628119999999998,-0.33135792309875484,3
2026-08-27,LINDEINDIA,22,1,0.04681448308389108,0.38978829979896545,-0.17499924,0.1062812,-0.3312804370605469,3
2026-08-27,LLOYDSME,7,1,0.05325743691221378,0.3315628468990326,-1.034522,0.1062812,-1.1908032565795899,3
2026-08-27,LLOYDSME,8,1,0.060998126856648904,0.3295406103134155,-0.4855156,0.1062812,-0.6417967944824219,3
2026-08-27,LLOYDSME,9,1,0.08899172328902381,0.3186376094818115,-0.48014522,0.10628119999999998,-0.6364264159881592,3
2026-08-27,LLOYDSME,10,1,0.04796873975984333,0.33570969104766846,-0.6976247,0.10628119999999998,-0.853905883380127,3
2026-08-27,LLOYDSME,11,1,0.051486418113917486,0.3243562877178192,-0.7144034,0.10628119999999998,-0.8706845908843994,3
2026-08-27,LLOYDSME,12,1,0.07146073794597008,0.31378310918807983,-0.7633567,0.1062812,-0.9196378856384277,3
2026-08-27,LLOYDSME,13,1,0.08896324703513288,0.37242814898490906,0.0054955482,0.10628119999999998,-0.15078565175170897,3
2026-08-27,LLOYDSME,14,1,0.07124778054246257,0.34975478053092957,0.56687593,0.1062812,0.41059473460083007,3
2026-08-27,LLOYDSME,15,1,0.04987845525521084,0.34496521949768066,0.06579161,0.1062812,-0.09048959309692384,3
2026-08-27,LLOYDSME,16,1,0.05095694109545205,0.336779922246933,0.1371026,0.10628119999999998,-0.019178596087646466,3
2026-08-27,LLOYDSME,17,1,0.06614199939483635,0.3312690854072571,0.2469778,0.1062812,0.09069660609130857,3
2026-08-27,LLOYDSME,18,1,0.0681544961950685,0.3374093472957611,0.24168491,0.1062812,0.08540371363525388,3
2026-08-27,LLOYDSME,19,1,0.07161233563745417,0.32339146733283997,0.1922965,0.10628119999999998,0.03601530497436525,3
2026-08-27,LLOYDSME,20,1,0.04701491064020104,0.31828972697257996,0.0054836273,0.1062812,-0.15079757268066407,3
2026-08-27,LLOYDSME,22,1,0.050716007764184654,0.30873963236808777,-0.19156933,0.1062812,-0.3478505283081055,3
2026-08-27,LODHA,8,1,0.04703062479448994,0.49085208773612976,-0.03937483,0.10628119999999998,-0.195656028338623,3
2026-08-27,LODHA,9,1,0.06878663453616701,0.4621449112892151,-0.5438566,0.1062812,-0.7001378207885742,3
2026-08-27,LODHA,10,1,0.053730964646067296,0.44714081287384033,-1.0230601,0.10628119999999998,-1.1793412833892822,3
2026-08-27,LODHA,11,1,0.05380019241521727,0.45660313963890076,-0.75793266,0.1062812,-0.9142138629638672,3
2026-08-27,LODHA,12,1,0.0579425896365603,0.43527665734291077,-0.96298456,0.10628119999999998,-1.119265761920166,3
2026-08-27,LODHA,13,1,0.059160453469749096,0.42275434732437134,-1.0732293,0.1062812,-1.2295105128967285,3
2026-08-27,LODHA,14,1,0.046847195354231645,0.3578190505504608,-1.0566056,0.10628119999999998,-1.212886777468872,3
2026-08-27,LODHA,16,1,0.053816746115206135,0.36455869674682617,-0.5151391,0.10628119999999998,-0.671420302935791,3
2026-08-27,LODHA,17,1,0.06806796182361252,0.35722818970680237,-0.21467209,0.1062812,-0.3709532886230469,3
2026-08-27,LODHA,18,1,0.06367593069052105,0.3284466862678528,-0.09544492,0.1062812,-0.251726117678833,3
2026-08-27,LODHA,19,1,0.07858601818758096,0.310261994600296,-0.15942454,0.10628119999999998,-0.31570574338073726,3
2026-08-27,LODHA,20,1,0.051016881690027334,0.303126722574234,0.0,0.1062812,-0.1562812,3
2026-08-27,LODHA,21,1,0.05423948380032767,0.2971443831920624,0.8051038,0.10628119999999998,0.6488225788391113,3
2026-08-27,LODHA,22,1,0.060843416981410985,0.30330994725227356,0.7008076,0.1062812,0.5445263714111328,3
2026-08-27,LT,9,1,0.047607948750792446,0.22520789504051208,-0.12125969,0.1062812,-0.2775408893310547,3
2026-08-27,LT,12,1,0.04751451163047337,0.20993506908416748,0.16607046,0.1062812,0.00978926127319335,3
2026-08-27,LTF,3,1,0.045363403537034316,0.3780183494091034,-0.2182424,0.10628119999999998,-0.3745236068450927,3
2026-08-27,LTF,4,1,0.0456012155842819,0.3939935863018036,0.40670633,0.10628120000000002,0.2504251331604004,3
2026-08-27,LTF,6,1,0.04596024999764961,0.3594854474067688,0.35942793,0.10628119999999998,0.2031467289245606,3
2026-08-27,LTF,7,1,0.05526123552566363,0.34613364934921265,0.5162716,0.10628119999999998,0.3599903911865235,3
2026-08-27,LTF,8,1,0.05968047173902157,0.327205628156662,0.6892204,0.10628119999999998,0.5329392284667969,3
2026-08-27,LTF,9,1,0.08130140657147841,0.316315233707428,0.62646866,0.10628119999999998,0.47018745844726567,3
2026-08-27,LTF,10,1,0.055956414979715534,0.3167099952697754,0.14066696,0.1062812,-0.015614238330078134,3
2026-08-27,LTF,11,1,0.04658159478618543,0.3271515369415283,-0.07790327,0.1062812,-0.23418447072143556,3
2026-08-27,LTF,12,1,0.0492996252225753,0.3333553373813629,-0.4661262,0.10628120000000002,-0.6224074035369873,3
2026-08-27,LTF,13,1,0.054455052662387066,0.33256039023399353,-0.23346543,0.1062812,-0.38974663312072755,3
2026-08-27,LTF,14,1,0.04709594644167351,0.3290700912475586,-0.23342967,0.10628119999999998,-0.38971087033386226,3
2026-08-27,LTF,16,1,0.0478750592108353,0.29905325174331665,0.015556812,0.1062812,-0.14072438771362306,3
2026-08-27,LTF,17,1,0.07874919019765751,0.29766425490379333,0.14039278,0.1062812,-0.01588841969604493,3
2026-08-27,LTF,18,1,0.0707383591773042,0.27956512570381165,0.10915995,0.1062812,-0.04712125355834962,3
2026-08-27,LTF,19,1,0.07161039219476284,0.26983577013015747,0.09366274,0.1062812,-0.06261846119995118,3
2026-08-27,LTTS,7,1,0.04434558270549522,0.3193463981151581,-0.18892884,0.1062812,-0.3452100425445557,3
2026-08-27,LTTS,8,1,0.044535377730861817,0.30767393112182617,-0.15823245,0.1062812,-0.3145136504852295,3
2026-08-27,LTTS,9,1,0.06370567775797789,0.298759788274765,-0.07062554,0.10628119999999998,-0.2269067435943603,3
2026-08-27,LTTS,10,1,0.058143625986999355,0.2868751287460327,-0.098878145,0.10628119999999998,-0.25515934521789546,3
2026-08-27,LTTS,11,1,0.054991948610413115,0.27623870968818665,-0.048053265,0.1062812,-0.20433446461791993,3
2026-08-27,LTTS,12,1,0.06301921760424856,0.26309412717819214,-0.23434758,0.1062812,-0.39062878186340333,3
2026-08-27,LUPIN,9,1,0.051322934094745545,0.506206214427948,0.6901264,0.10628119999999998,0.5338452190673828,3
2026-08-27,LUPIN,10,1,0.04534237353200219,0.47385334968566895,0.88118315,0.10628119999999998,0.7249019474304199,3
2026-08-27,LUPIN,11,1,0.04667151091315258,0.4483230710029602,0.79636574,0.10628119999999998,0.640084537915039,3
2026-08-27,LUPIN,12,1,0.06796148966387669,0.42618322372436523,0.5324125,0.1062812,0.3761313289916992,3
2026-08-27,LUPIN,13,1,0.05561322934941501,0.4139921963214874,0.40216446,0.1062812,0.24588325922851562,3
2026-08-27,LUPIN,14,1,0.05203350418896555,0.3133292496204376,0.3605485,0.1062812,0.20426729624633788,3
2026-08-27,LUPIN,16,1,0.05865124660572532,0.288814902305603,-0.1333952,0.1062812,-0.2896763950073242,3
2026-08-27,LUPIN,17,1,0.06863829318272889,0.26729777455329895,-0.14711022,0.10628120000000002,-0.3033914237701416,3
2026-08-27,LUPIN,18,1,0.06504456272129887,0.26609230041503906,-0.2710104,0.1062812,-0.4272915988647461,3
2026-08-27,LUPIN,19,1,0.043555285605345474,0.24900320172309875,0.059866905,0.10628119999999998,-0.09641429478759764,3
2026-08-27,MAHABANK,7,1,0.057169150618985316,0.4138792157173157,-0.42253733,0.10628119999999998,-0.5788185268127441,3
2026-08-27,MAHABANK,8,1,0.057813483512534646,0.4142823815345764,-0.34101605,0.1062812,-0.4972972541534424,3
2026-08-27,MAHABANK,9,1,0.08872714965654052,0.40188702940940857,-0.25918484,0.1062812,-0.4154660373413086,3
2026-08-27,MAHABANK,10,1,0.0701747704951832,0.38570886850357056,-0.30642748,0.10628119999999998,-0.46270867879028316,3
2026-08-27,MAHABANK,11,1,0.06752493122375956,0.367359459400177,-0.24757981,0.1062812,-0.40386101300354005,3
2026-08-27,MAHABANK,12,1,0.07017683717245861,0.3544316291809082,-0.25934577,0.1062812,-0.41562696988220216,3
2026-08-27,MAHABANK,13,1,0.06392197504842206,0.3451080322265625,-0.21218657,0.1062812,-0.3684677749359131,3
2026-08-27,MAHABANK,14,1,0.04363022824442785,0.2525782287120819,-0.18865466,0.10628119999999998,-0.3449358611785888,3
2026-08-27,MAHABANK,16,1,0.056452936659223296,0.23539607226848602,-0.2243936,0.10628120000000002,-0.3806748061859131,3
2026-08-27,MAHABANK,17,1,0.05505007034861925,0.21194753050804138,-0.28381944,0.10628119999999998,-0.4401006370269775,3
2026-08-27,MAHABANK,18,1,0.045118668589352304,0.1933247148990631,-0.047272444,0.1062812,-0.2035536437713623,3
2026-08-27,MANKIND,8,1,0.046097762785403375,0.31596997380256653,0.5227685,0.1062812,0.366487297467041,3
2026-08-27,MANKIND,9,1,0.06575548081516544,0.30463504791259766,0.4516244,0.1062812,0.29534319346313476,3
2026-08-27,MANKIND,10,1,0.044970916283689905,0.30766794085502625,0.27134418,0.1062812,0.11506298487548826,3
2026-08-27,MANKIND,11,1,0.047251884101415446,0.29786452651023865,0.19205809,0.1062812,0.03577688639526366,3
2026-08-27,MANKIND,12,1,0.05489584200357352,0.2905028462409973,-0.27100444,0.1062812,-0.42728563840026856,3
2026-08-27,MANKIND,13,1,0.06103868566843844,0.2798413336277008,-0.2956748,0.10628119999999998,-0.4519560008728027,3
2026-08-27,MANKIND,14,1,0.04811418420394822,0.26089000701904297,-0.28731823,0.1062812,-0.443599429675293,3
2026-08-27,MANKIND,17,1,0.045481175438269676,0.24205844104290009,-0.34564734,0.10628119999999998,-0.5019285350524902,3
2026-08-27,MARICO,7,1,0.055239284880212784,0.30539393424987793,0.01809597,0.1062812,-0.13818522984619142,3
2026-08-27,MARICO,8,1,0.0559134001372842,0.29743435978889465,0.2839327,0.10628120000000002,0.12765148585205077,3
2026-08-27,MARICO,9,1,0.08558134019906766,0.2854044735431671,0.3023386,0.10628119999999998,0.14605740015869145,3
2026-08-27,MARICO,10,1,0.04910377926448207,0.29564523696899414,-0.06636977,0.1062812,-0.22265097195739747,3
2026-08-27,MARICO,11,1,0.05136243445049417,0.2843952476978302,-0.10249019,0.1062812,-0.2587713866912842,3
2026-08-27,MARICO,12,1,0.058368559883842944,0.2685646414756775,0.078356266,0.1062812,-0.0779249339782715,3
2026-08-27,MARICO,13,1,0.05873475138434393,0.26024329662323,0.16883612,0.1062812,0.012554916790771475,3
2026-08-27,MARICO,17,1,0.04760212348568842,0.18932105600833893,0.38036108,0.1062812,0.22407988016967773,3
2026-08-27,MARUTI,4,1,0.04404885363688246,0.2975083589553833,-0.14878511,0.1062812,-0.3050663142883301,3
2026-08-27,MARUTI,8,1,0.06355879547231522,0.2654757499694824,0.14145374,0.1062812,-0.014827457019042978,3
2026-08-27,MARUTI,9,1,0.08879713883645274,0.260117769241333,0.22360086,0.10628119999999998,0.06731966441040041,3
2026-08-27,MARUTI,10,1,0.04925037204768249,0.2446197271347046,0.16403198,0.1062812,0.007750782421874991,3
2026-08-27,MAXHEALTH,7,1,0.04344829434746266,0.3956812620162964,-0.15918612,0.1062812,-0.31546732480163575,3
2026-08-27,MAXHEALTH,8,1,0.04355201744146784,0.38253286480903625,-0.22885203,0.10628119999999998,-0.38513323361511226,3
2026-08-27,MAXHEALTH,9,1,0.06453381861026214,0.36133894324302673,-0.12940168,0.1062812,-0.28568288380737306,3
2026-08-27,MAXHEALTH,10,1,0.05262343835822036,0.3411925733089447,-0.16924143,0.10628119999999998,-0.3255226283752441,3
2026-08-27,MAXHEALTH,11,1,0.05313974827731568,0.32277941703796387,-0.15933514,0.1062812,-0.3156163364135742,3
2026-08-27,MAXHEALTH,12,1,0.06548744385837336,0.315503865480423,-0.27874708,0.10628119999999998,-0.43502828175659175,3
2026-08-27,MAXHEALTH,13,1,0.06357411004102632,0.30022817850112915,-0.15942454,0.1062812,-0.3157057433807373,3
2026-08-27,MAXHEALTH,14,1,0.04344992911254145,0.2526874542236328,-0.18941164,0.1062812,-0.34569284016723634,3
2026-08-27,MAXHEALTH,17,1,0.04463992838359227,0.21297527849674225,-0.2790749,0.10628119999999998,-0.4353561073028564,3
2026-08-27,MAZDOCK,7,1,0.04804424738030845,0.3838522136211395,0.06494522,0.1062812,-0.09133597905273438,3
2026-08-27,MAZDOCK,8,1,0.04806238660604469,0.3700175881385803,-0.122219324,0.1062812,-0.2785005241119385,3
2026-08-27,MAZDOCK,9,1,0.06347516335611282,0.35504576563835144,-0.503391,0.1062812,-0.6596722274505615,3
2026-08-27,MAZDOCK,11,1,0.057489016974731376,0.3190326988697052,-0.3549695,0.10628119999999998,-0.5112507014953613,3
2026-08-27,MAZDOCK,12,1,0.0639060203050393,0.3061543405056,-0.47317743,0.10628119999999998,-0.629458633013916,3
2026-08-27,MAZDOCK,13,1,0.06657055833656607,0.29974624514579773,-0.22935867,0.10628119999999998,-0.3856398730957031,3
2026-08-27,MAZDOCK,14,1,0.050651162733492516,0.26180294156074524,-0.42373538,0.1062812,-0.5800165801727295,3
2026-08-27,MAZDOCK,15,1,0.0512485666399174,0.2592185139656067,-0.18745065,0.1062812,-0.343731847354126,3
2026-08-27,MAZDOCK,16,1,0.06994362362571072,0.26474279165267944,-0.0076651573,0.10628119999999998,-0.16394635731811522,3
2026-08-27,MAZDOCK,17,1,0.0769214047717539,0.2585547864437103,-0.09202361,0.10628119999999998,-0.24830481106872554,3
2026-08-27,MAZDOCK,18,1,0.04433015332024627,0.24050273001194,-0.1111567,0.1062812,-0.267437902041626,3
2026-08-27,MCX,7,1,0.04971198798935506,0.6768044829368591,-0.8256972,0.1062812,-0.9819783836090088,3
2026-08-27,MCX,9,1,0.07493030840167682,0.5916736125946045,-0.7925749,0.1062812,-0.9488560825073242,3
2026-08-27,MCX,10,1,0.07061100186371311,0.5613154768943787,-0.5985856,0.1062812,-0.7548668056213379,3
2026-08-27,MCX,11,1,0.06970015587592032,0.5331952571868896,-0.4384637,0.1062812,-0.5947448878967285,3
2026-08-27,MCX,12,1,0.07687548917279392,0.5033451318740845,-0.47171712,0.1062812,-0.627998319216919,3
2026-08-27,MCX,13,1,0.07426911667425436,0.49898287653923035,0.15767813,0.10628119999999998,0.0013969272888183781,3
2026-08-27,MCX,14,1,0.0490113001153231,0.4727168381214142,0.3494382,0.1062812,0.19315699046020507,3
2026-08-27,MCX,16,1,0.06861892889737815,0.4124714732170105,0.28250217,0.1062812,0.1262209743774414,3
2026-08-27,MCX,17,1,0.07655914780226003,0.34932178258895874,0.49589872,0.10628119999999998,0.33961752360229497,3
2026-08-27,MCX,18,1,0.06541871502958517,0.3330073952674866,0.3189087,0.1062812,0.16262749140625,3
2026-08-27,MCX,19,1,0.07942646075397913,0.303595632314682,0.21568537,0.1062812,0.05940416758422851,3
2026-08-27,MCX,20,1,0.044266136571323056,0.3144230246543884,-0.21495819,0.1062812,-0.37123939091796876,3
2026-08-27,MCX,21,1,0.05594206233350239,0.2787929177284241,-0.19379258,0.1062812,-0.35007378155822755,3
2026-08-27,MCX,22,1,0.06872338177637805,0.2693212330341339,-0.43859482,0.1062812,-0.5948760181152344,3
2026-08-27,MCX,23,1,0.0445558992116825,0.2635326385498047,-0.45427084,0.10628119999999998,-0.6105520396911621,3
2026-08-27,MEDANTA,7,1,0.04382450917401861,0.5454739332199097,-0.109016895,0.1062812,-0.26529809529418946,3
2026-08-27,MEDANTA,9,1,0.06304428511816015,0.5100289583206177,-0.23801327,0.10628119999999998,-0.3942944675170898,3
2026-08-27,MEDANTA,10,1,0.05308294613542332,0.5277535319328308,0.0341177,0.10628119999999998,-0.12216350133056639,3
2026-08-27,MEDANTA,11,1,0.04921859301109099,0.5039641857147217,0.12955666,0.1062812,-0.026724544116210946,3
2026-08-27,MEDANTA,12,1,0.060700921621464,0.4854300022125244,0.21855831,0.10628119999999998,0.06227711146240236,3
2026-08-27,MEDANTA,13,1,0.05523372670817994,0.4677439033985138,0.21144152,0.1062812,0.055160316876220694,3
2026-08-27,MEDANTA,14,1,0.05285098415743081,0.3961200714111328,0.25900602,0.1062812,0.1027248234069824,3
2026-08-27,MEDANTA,16,1,0.0467562849558244,0.35300299525260925,0.46378374,0.1062812,0.30750254099731444,3
2026-08-27,MEDANTA,17,1,0.06504138794798356,0.3176543712615967,0.4842162,0.1062812,0.32793501322631835,3
2026-08-27,MEDANTA,18,1,0.05326301637146934,0.29380813241004944,0.2793908,0.1062812,0.12310961192016599,3
2026-08-27,MEDANTA,19,1,0.051708782407827183,0.28475961089134216,0.24533272,0.1062812,0.08905151789550779,3
2026-08-27,MEDANTA,44,1,0.05017589358683774,0.5002663731575012,-0.749284,0.1062812,-0.905565229006958,3
2026-08-27,MEDANTA,64,1,0.05457360600030248,0.4763484597206116,0.039815903,0.10628119999999998,-0.11646529729003904,3
2026-08-27,MEDANTA,65,1,0.07268939893813789,0.44235286116600037,-0.1390338,0.10628119999999998,-0.2953149944030761,3
2026-08-27,MEDANTA,66,1,0.08011714718226418,0.4080824553966522,0.27167797,0.10628119999999998,0.1153967708862305,3
2026-08-27,MEDANTA,67,1,0.10477754952044305,0.39753758907318115,1.2229204,0.1062812,1.0666392177856445,3
2026-08-27,MFSL,9,1,0.06719845407480131,0.3089323341846466,-0.0063061714,0.1062812,-0.16258737141723634,3
2026-08-27,MFSL,10,1,0.054345199090553374,0.29730069637298584,-0.11342168,0.1062812,-0.26970287854309083,3
2026-08-27,MFSL,11,1,0.06653038324933205,0.29337435960769653,-0.06309152,0.1062812,-0.21937271649475099,3
2026-08-27,MFSL,12,1,0.06634738308218392,0.29386478662490845,-0.24551749,0.10628119999999998,-0.4017986922943115,3
2026-08-27,MFSL,13,1,0.06383871544284102,0.28580376505851746,-0.27095675,0.1062812,-0.42723795468444825,3
2026-08-27,MFSL,18,1,0.04385119024802658,0.16729842126369476,-0.107336044,0.1062812,-0.26361724431152345,3
2026-08-27,MFSL,39,-1,-0.04363789423400355,0.15937192738056183,0.5372584,0.10628119999999998,0.3809771866119385,3
2026-08-27,MOTILALOFS,7,1,0.04471509627929686,0.4999528229236603,-0.5513847,0.10628119999999998,-0.7076658874237061,3
2026-08-27,MOTILALOFS,8,1,0.04728023686879559,0.47979119420051575,-0.33439398,0.1062812,-0.4906751781188965,3
2026-08-27,MOTILALOFS,9,1,0.07778218284949731,0.4543688893318176,-0.4362762,0.1062812,-0.5925573974334717,3
2026-08-27,MOTILALOFS,10,1,0.06938343934630428,0.4296259880065918,-0.55752397,0.1062812,-0.7138051658355713,3
2026-08-27,MOTILALOFS,11,1,0.06017732955781956,0.4126637279987335,-0.48991442,0.10628119999999998,-0.6461956172668457,3
2026-08-27,MOTILALOFS,12,1,0.06998240126284655,0.3941606879234314,-0.85809827,0.1062812,-1.0143794685089111,3
2026-08-27,MOTILALOFS,13,1,0.07206456230779434,0.37880295515060425,-0.50460696,0.1062812,-0.6608881622039795,3
2026-08-27,MOTILALOFS,14,1,0.06771004332999131,0.3296806514263153,-0.06805658,0.10628119999999998,-0.22433778340454097,3
2026-08-27,MOTILALOFS,15,1,0.050689375041965974,0.2952311635017395,0.072944164,0.1062812,-0.08333703572387696,3
2026-08-27,MOTILALOFS,16,1,0.08069703044051807,0.2872578799724579,0.18494129,0.1062812,0.028660091809082022,3
2026-08-27,MOTILALOFS,17,1,0.08857113728975342,0.27858173847198486,0.2829075,0.1062812,0.12662628596191405,3
2026-08-27,MOTILALOFS,18,1,0.08141603418259738,0.2788895070552826,0.85303783,0.10628119999999998,0.6967566341674805,3
2026-08-27,MOTILALOFS,19,1,0.06076181423605107,0.2462439239025116,1.3398528,0.1062812,1.1835716099060059,3
2026-08-27,MPHASIS,7,1,0.04813571283557475,0.3563220202922821,-0.13360977,0.1062812,-0.28989097172851563,3
2026-08-27,MPHASIS,8,1,0.04707632976249512,0.3448246419429779,0.08364916,0.10628119999999998,-0.07263204152221678,3
2026-08-27,MPHASIS,9,1,0.07461824690756991,0.3310853838920593,0.08790493,0.10628119999999998,-0.06837626988525389,3
2026-08-27,MPHASIS,10,1,0.055707789835341213,0.32390064001083374,-0.20058751,0.10628119999999998,-0.356868711062622,3
2026-08-27,MPHASIS,11,1,0.05386336419591821,0.30809861421585083,-0.025111437,0.1062812,-0.18139263684387208,3
2026-08-27,MPHASIS,12,1,0.056740011346327154,0.2992190420627594,-0.21300912,0.1062812,-0.3692903190338135,3
2026-08-27,MPHASIS,13,1,0.056344816600262145,0.29503265023231506,-0.24220347,0.1062812,-0.3984846740447998,3
2026-08-27,MPHASIS,17,1,0.043709924290182854,0.20008990168571472,0.058603287,0.1062812,-0.09767791325683595,3
2026-08-27,MPHASIS,18,1,0.04444956129298559,0.19819548726081848,0.012552738,0.10628120000000002,-0.14372846181030274,3
2026-08-27,MRF,9,1,0.043668576195072015,0.1548115611076355,0.04132986,0.07095258616465638,-0.07962272547740053,3
2026-08-27,MRF,12,1,0.04828838972650768,0.13300487399101257,0.24058819,0.07096858769219201,0.11961960047919472,3
2026-08-27,MRF,17,1,0.04995124908238795,0.1183750331401825,0.15431643,0.07101132909782078,0.03330509622566555,3
2026-08-27,MRF,18,1,0.044008248873955866,0.11617900431156158,0.26738644,0.07103273843256883,0.1463536980298335,3
2026-08-27,MUTHOOTFIN,3,1,0.07609159454276805,0.7977638244628906,-0.40970445,0.10628119999999998,-0.5659856467926025,3
2026-08-27,MUTHOOTFIN,4,1,0.0805542785245861,0.6904177665710449,-0.54258704,0.1062812,-0.6988682418548584,3
2026-08-27,MUTHOOTFIN,5,1,0.0737259228962408,0.6220948696136475,-0.7638395,0.1062812,-0.9201206832611084,3
2026-08-27,MUTHOOTFIN,6,1,0.04986000646164789,0.5934958457946777,-1.2269557,0.10628120000000002,-1.3832368522369385,3
2026-08-27,MUTHOOTFIN,7,1,0.06412093151000571,0.540809154510498,-1.4484525,0.1062812,-1.6047336726867676,3
2026-08-27,MUTHOOTFIN,8,1,0.07739035295738377,0.5098929405212402,-1.1445999,0.10628120000000002,-1.3008811145507813,3
2026-08-27,MUTHOOTFIN,9,1,0.09831827282706677,0.4915800988674164,-1.0394633,0.10628119999999998,-1.1957444816314697,3
2026-08-27,MUTHOOTFIN,10,1,0.08892977488100573,0.4784229099750519,-1.098311,0.1062812,-1.254592147418213,3
2026-08-27,MUTHOOTFIN,11,1,0.08526969420359412,0.46757352352142334,-0.6246865,0.1062812,-0.7809676795684815,3
2026-08-27,MUTHOOTFIN,12,1,0.0749785211733369,0.4761202037334442,-0.61068535,0.1062812,-0.7669665485107422,3
2026-08-27,MUTHOOTFIN,13,1,0.06698903621391888,0.466619610786438,-0.35054088,0.1062812,-0.5068220763885498,3
2026-08-27,MUTHOOTFIN,14,1,0.045536892617876495,0.39185458421707153,-0.009584427,0.1062812,-0.16586562687988282,3
2026-08-27,MUTHOOTFIN,15,1,0.05161490549219188,0.3342339098453522,-0.07019043,0.1062812,-0.2264716296875,3
2026-08-27,MUTHOOTFIN,16,1,0.07491226829658384,0.3286139667034149,0.21710396,0.1062812,0.060822758129882804,3
2026-08-27,MUTHOOTFIN,17,1,0.07217875976552561,0.32620206475257874,0.39684772,0.1062812,0.24056652491455077,3
2026-08-27,MUTHOOTFIN,18,1,0.05421253063130969,0.3355009853839874,-0.0223279,0.10628119999999998,-0.17860909993286128,3
2026-08-27,MUTHOOTFIN,19,1,0.056927809519982865,0.342878520488739,0.220716,0.10628119999999998,0.0644347996032715,3
2026-08-27,MUTHOOTFIN,21,1,0.05230745522058103,0.3314184248447418,-0.14055371,0.1062812,-0.29683491284484864,3
2026-08-27,MUTHOOTFIN,22,1,0.0441976232855885,0.32339000701904297,-0.1691699,0.1062812,-0.3254511028015137,3
2026-08-27,M_AND_M,3,1,0.04367756292564523,0.5283089876174927,-0.10652542,0.1062812,-0.26280662114257813,3
2026-08-27,M_AND_M,7,1,0.04696922326072456,0.3347741961479187,-0.24803877,0.1062812,-0.40431996876831056,3
2026-08-27,M_AND_M,8,1,0.053438429011751803,0.3164363503456116,-0.029575825,0.1062812,-0.18585702473754884,3
2026-08-27,M_AND_M,9,1,0.08136219665020163,0.2983831763267517,0.0059247017,0.10628119999999998,-0.15035649830932615,3
2026-08-27,M_AND_M,10,1,0.06526982357052888,0.2824910283088684,-0.07701516,0.10628119999999998,-0.23329636151428218,3
2026-08-27,M_AND_M,11,1,0.06490142825423667,0.26533716917037964,-0.19844174,0.1062812,-0.354722943850708,3
2026-08-27,M_AND_M,12,1,0.0451274385071636,0.2556055784225464,-0.41425228,0.10628119999999998,-0.5705334811889649,3
2026-08-27,M_AND_M,16,1,0.043287939515167885,0.1668153554201126,-0.50910115,0.1062812,-0.665382352420044,3
2026-08-27,M_AND_M,17,1,0.04666573659735184,0.1431485414505005,-0.35575628,0.1062812,-0.5120374828063965,3
2026-08-27,M_AND_M,18,1,0.044490001983648664,0.14880889654159546,-0.28787255,0.1062812,-0.4441537528717041,3
2026-08-27,M_AND_MFIN,4,1,0.045214887662964366,0.5592568516731262,0.5749464,0.10628119999999998,0.418665203503418,3
2026-08-27,M_AND_MFIN,6,1,0.047912648551239195,0.47967469692230225,0.7451892,0.1062812,0.5889079899108887,3
2026-08-27,M_AND_MFIN,7,1,0.05656340870326548,0.4361037015914917,0.6141424,0.10628119999999998,0.4578612179077149,3
2026-08-27,M_AND_MFIN,8,1,0.06816003378072305,0.428190141916275,0.7863641,0.10628120000000002,0.6300828785217285,3
2026-08-27,M_AND_MFIN,9,1,0.08347412229964135,0.399371474981308,0.89098215,0.10628119999999998,0.7347009510314941,3
2026-08-27,M_AND_MFIN,12,1,0.0492996252225753,0.42308154702186584,-0.28534532,0.10628119999999998,-0.4416265159332275,3
2026-08-27,M_AND_MFIN,13,1,0.048250336816048636,0.40413698554039,-0.23358464,0.1062812,-0.38986584241027833,3
2026-08-27,M_AND_MFIN,14,1,0.04631623942437685,0.3552868962287903,-0.24675727,0.1062812,-0.40303846890563966,3
2026-08-27,M_AND_MFIN,15,1,0.04415441260324864,0.3074491620063782,-0.025999546,0.1062812,-0.1822807460510254,3
2026-08-27,M_AND_MFIN,16,1,0.052405201510139617,0.29777342081069946,-0.116825104,0.10628119999999998,-0.2731063037597656,3
2026-08-27,M_AND_MFIN,17,1,0.059610000704058724,0.3053531050682068,-0.052016973,0.1062812,-0.2082981734954834,3
2026-08-27,M_AND_MFIN,18,1,0.05362401483143328,0.29150694608688354,-0.116962194,0.10628119999999998,-0.273243394442749,3
2026-08-27,M_AND_MFIN,19,1,0.05868979939048166,0.2917344570159912,-0.22112727,0.1062812,-0.3774084716522217,3
2026-08-27,M_AND_MFIN,21,1,0.046651634282299424,0.27340155839920044,-0.3512442,0.1062812,-0.5075254111968994,3
2026-08-27,M_AND_MFIN,22,1,0.047709251531488556,0.2581866383552551,-0.53308606,0.10628119999999998,-0.6893672614776611,3
2026-08-27,NAM-INDIA,9,1,0.07186356503870917,0.6223331093788147,-0.2300322,0.1062812,-0.38631340558166505,3
2026-08-27,NAM-INDIA,10,1,0.057832877757985866,0.584294319152832,-0.14794469,0.1062812,-0.3042258887969971,3
2026-08-27,NAM-INDIA,11,1,0.047411966379357975,0.5560582876205444,-0.23807883,0.10628119999999998,-0.3943600326263427,3
2026-08-27,NAM-INDIA,12,1,0.05371855176601504,0.5223260521888733,-0.44284463,0.1062812,-0.5991258292877197,3
2026-08-27,NAM-INDIA,13,1,0.056895322917913126,0.5002355575561523,-0.37776232,0.1062812,-0.5340435176574707,3
2026-08-27,NAM-INDIA,14,1,0.05543971697673306,0.40925484895706177,-0.18897057,0.10628119999999998,-0.3452517657958984,3
2026-08-27,NAM-INDIA,15,1,0.04509715639087726,0.407693088054657,0.19791126,0.1062812,0.04163006251220702,3
2026-08-27,NAM-INDIA,16,1,0.062208818102976314,0.4081977307796478,0.09881258,0.1062812,-0.05746861989135743,3
2026-08-27,NAM-INDIA,17,1,0.06879044918956838,0.361024409532547,-0.15645623,0.1062812,-0.31273743207092286,3
2026-08-27,NAM-INDIA,18,1,0.057508753462938114,0.34092050790786743,-0.29622912,0.1062812,-0.4525103240692139,3
2026-08-27,NAM-INDIA,19,1,0.062507002605822,0.3289017677307129,-0.21425486,0.10628119999999998,-0.3705360561096191,3
2026-08-27,NAM-INDIA,20,1,0.04997218833413094,0.28145158290863037,-0.18140674,0.1062812,-0.3376879363739014,3
2026-08-27,NATIONALUM,7,1,0.054917117781512044,0.5268152356147766,0.063085556,0.1062812,-0.09319564396972657,3
2026-08-27,NATIONALUM,8,1,0.04987839405805954,0.484675794839859,-0.05041957,0.10628119999999998,-0.20670076901550288,3
2026-08-27,NATIONALUM,9,1,0.06873406468401176,0.460841566324234,-0.2266407,0.1062812,-0.3829219012939453,3
2026-08-27,NATIONALUM,10,1,0.04647941995951444,0.4347534775733948,-0.31478405,0.1062812,-0.471065249987793,3
2026-08-27,NATIONALUM,11,1,0.04795166030142474,0.4094752371311188,-0.1889646,0.1062812,-0.3452458053314209,3
2026-08-27,NATIONALUM,12,1,0.060409440807557356,0.3922182321548462,-0.36514997,0.1062812,-0.5214311748229981,3
2026-08-27,NATIONALUM,13,1,0.06246038722651778,0.3745192289352417,-0.13860464,0.1062812,-0.29488584096069337,3
2026-08-27,NATIONALUM,14,1,0.05772260921337678,0.268420547246933,-0.025218725,0.1062812,-0.18149992520446778,3
2026-08-27,NATIONALUM,17,1,0.0501827611637975,0.2039015144109726,0.075781345,0.1062812,-0.08049985463256837,3
2026-08-27,NATIONALUM,67,1,0.04544348560720026,0.2594912052154541,-0.0513494,0.10628119999999998,-0.20763060147399898,3
2026-08-27,NAUKRI,9,1,0.07115982456222598,0.41977596282958984,0.20338297,0.1062812,0.04710176890258788,3
2026-08-27,NAUKRI,10,1,0.048212336581696096,0.4233750104904175,-0.082820654,0.1062812,-0.23910185391540528,3
2026-08-27,NAUKRI,11,1,0.04754122683238551,0.4059223234653473,0.24884939,0.10628119999999998,0.09256819193725589,3
2026-08-27,NAUKRI,12,1,0.05810937821225819,0.39003512263298035,0.84342957,0.1062812,0.6871483654296875,3
2026-08-27,NAUKRI,13,1,0.055274542226199215,0.3713243901729584,0.61774254,0.1062812,0.4614613384521485,3
2026-08-27,NAUKRI,14,1,0.05276921276736371,0.3067927062511444,0.7007241,0.1062812,0.5444429249084473,3
2026-08-27,NAUKRI,16,1,0.0600542928889777,0.2609716057777405,0.6465316,0.1062812,0.49025038187866216,3
2026-08-27,NAUKRI,17,1,0.07077570766364392,0.2653685510158539,0.64759254,0.1062812,0.4913113445556641,3
2026-08-27,NAUKRI,18,1,0.07391469305009994,0.2702624797821045,0.5566001,0.10628119999999998,0.4003188938415528,3
2026-08-27,NAUKRI,19,1,0.05182303033016242,0.345648854970932,-0.097090006,0.1062812,-0.2533712058746338,3
2026-08-27,NAUKRI,20,1,0.04442127649058182,0.362063467502594,0.3370762,0.10628119999999998,0.1807949871337891,3
2026-08-27,NAUKRI,22,1,0.06327752040881733,0.3348461985588074,0.08971691,0.10628119999999998,-0.06656428868408201,3
2026-08-27,NESTLEIND,6,1,0.04859199440196397,0.4217386543750763,-0.027656555,0.1062812,-0.18393775517578126,3
2026-08-27,NESTLEIND,7,1,0.05671069416299126,0.40007856488227844,-0.089854,0.1062812,-0.24613520199890138,3
2026-08-27,NESTLEIND,8,1,0.06044317153636971,0.3704240322113037,0.11757612,0.10628119999999998,-0.038705077716064434,3
2026-08-27,NESTLEIND,9,1,0.07572404593505534,0.34535446763038635,0.1937747,0.1062812,0.03749350016479491,3
2026-08-27,NESTLEIND,10,1,0.05525486097546828,0.33733052015304565,-0.07598996,0.1062812,-0.23227116162414552,3
2026-08-27,NESTLEIND,11,1,0.056485961442964756,0.3263019919395447,0.110685825,0.10628119999999998,-0.04559537465209959,3
2026-08-27,NESTLEIND,12,1,0.061203758678424286,0.3084600865840912,-0.041490793,0.1062812,-0.19777199322814942,3
2026-08-27,NESTLEIND,13,1,0.0650571856845056,0.29490435123443604,-0.06915927,0.10628119999999998,-0.2254404693328857,3
2026-08-27,NHPC,7,1,0.04774588654881732,0.3143616020679474,-0.119149685,0.1062812,-0.27543088490600587,3
2026-08-27,NHPC,8,1,0.04527294282561459,0.3020929992198944,0.106072426,0.1062812,-0.05020877415771485,3
2026-08-27,NHPC,9,1,0.07207310798348557,0.28116747736930847,0.13262033,0.1062812,-0.02366086537475587,3
2026-08-27,NHPC,10,1,0.055598582023144195,0.27219757437705994,-0.039756298,0.1062812,-0.19603749806518556,3
2026-08-27,NHPC,11,1,0.05815468580747042,0.2639017105102539,-0.05298257,0.1062812,-0.20926376874084474,3
2026-08-27,NHPC,12,1,0.052495699626877244,0.2567155361175537,-0.013244152,0.1062812,-0.1695253520690918,3
2026-08-27,NHPC,13,1,0.045869857175733456,0.24986198544502258,0.039744377,0.10628119999999998,-0.11653682286376951,3
2026-08-27,NHPC,17,1,0.052320020681506804,0.13916295766830444,0.14572144,0.1062812,-0.010559764453125009,3
2026-08-27,NHPC,18,1,0.04637702047307473,0.14103734493255615,0.15904903,0.10628119999999998,0.0027678341186523625,3
2026-08-27,NHPC,19,1,0.04342323611427095,0.1400163471698761,0.14567375,0.1062812,-0.010607448168945321,3
2026-08-27,NIACL,6,1,0.0456799598403282,0.3516257107257843,-0.6537378,0.1062812,-0.8100189834320068,3
2026-08-27,NIACL,7,1,0.05726676728351722,0.3375827968120575,-0.4566729,0.1062812,-0.6129541068756104,3
2026-08-27,NIACL,8,1,0.060977738594562236,0.3326382637023926,-0.16690493,0.1062812,-0.32318612630004884,3
2026-08-27,NIACL,9,1,0.08268782526872226,0.3221109211444855,-0.3068328,0.1062812,-0.46311399037475587,3
2026-08-27,NIACL,10,1,0.07108147597284223,0.30811607837677,-0.35508275,0.1062812,-0.5113639503204346,3
2026-08-27,NIACL,11,1,0.05861052717028073,0.29463961720466614,-0.23681521,0.10628119999999998,-0.39309641415710445,3
2026-08-27,NIACL,12,1,0.07667661139497212,0.2950752377510071,0.021576881,0.10628119999999998,-0.13470431859130857,3
2026-08-27,NIACL,13,1,0.0728871235542972,0.2881792485713959,-0.0053942204,0.1062812,-0.16167542035217286,3
2026-08-27,NIACL,14,1,0.05419762592414406,0.2567538022994995,-0.043195486,0.1062812,-0.1994766860687256,3
2026-08-27,NIACL,16,1,0.043514659532239694,0.23063793778419495,-0.21058321,0.1062812,-0.3668644099914551,3
2026-08-27,NLCINDIA,7,1,0.051613024987257984,0.417363703250885,-0.16694069,0.10628119999999998,-0.323221889086914,3
2026-08-27,NLCINDIA,8,1,0.05559027090468247,0.3896121382713318,-0.14836788,0.10628119999999998,-0.3046490817749023,3
2026-08-27,NLCINDIA,9,1,0.07889023136375332,0.37305304408073425,-0.12992024,0.1062812,-0.28620144421691895,3
2026-08-27,NLCINDIA,10,1,0.04766043641729948,0.3591863811016083,-0.27824044,0.10628119999999998,-0.43452164227600093,3
2026-08-27,NLCINDIA,11,1,0.059901448448908386,0.3497384488582611,-0.0557065,0.10628119999999998,-0.21198770100708003,3
2026-08-27,NLCINDIA,12,1,0.05633102515580208,0.3312837779521942,-0.12994409,0.1062812,-0.2862252860748291,3
2026-08-27,NLCINDIA,13,1,0.07558004117767272,0.3171378970146179,-0.09287,0.1062812,-0.24915119702453614,3
2026-08-27,NLCINDIA,14,1,0.04458580816957157,0.24685588479042053,0.07431507,0.1062812,-0.08196612889404298,3
2026-08-27,NLCINDIA,16,1,0.04337618348310799,0.21238912642002106,0.14874935,0.1062812,-0.007531848498535165,3
2026-08-27,NLCINDIA,17,1,0.051588351076690096,0.20062842965126038,0.13018847,0.10628119999999998,-0.026092734881591778,3
2026-08-27,NMDC,6,1,0.04623539982710569,0.4428766965866089,-0.49960613,0.1062812,-0.6558873325073242,3
2026-08-27,NMDC,7,1,0.060170651309801176,0.4299028515815735,-0.4327476,0.1062812,-0.5890288024627686,3
2026-08-27,NMDC,8,1,0.05659309845792419,0.4023362398147583,-0.3985405,0.10628120000000002,-0.5548216968261719,3
2026-08-27,NMDC,9,1,0.08287295677953092,0.37813034653663635,-0.39864182,0.10628120000000002,-0.55492302472229,3
2026-08-27,NMDC,10,1,0.06785977713435677,0.36471280455589294,-0.4673481,0.10628119999999998,-0.6236292987548828,3
2026-08-27,NMDC,11,1,0.0681177820428343,0.35185718536376953,-0.3877759,0.1062812,-0.5440570979797363,3
2026-08-27,NMDC,12,1,0.07143904072379208,0.3438286781311035,-0.6385386,0.1062812,-0.7948197990142822,3
2026-08-27,NMDC,13,1,0.07180585961099141,0.3301214277744293,-0.51351786,0.10628119999999998,-0.6697990565979004,3
2026-08-27,NMDC,14,1,0.07084286777886638,0.2761390507221222,-0.19443631,0.10628119999999998,-0.3507175117218017,3
2026-08-27,NMDC,16,1,0.04994831032357641,0.2270684391260147,-0.38874745,0.1062812,-0.5450286536895752,3
2026-08-27,NMDC,17,1,0.04810118964909672,0.2249525636434555,-0.35501122,0.10628120000000002,-0.5112924247467041,3
2026-08-27,NMDC,19,1,0.044429570112210964,0.21722036600112915,-0.17212033,0.1062812,-0.3284015327178955,3
2026-08-27,NTPC,6,1,0.04727657720320961,0.26375579833984375,-0.66066384,0.1062812,-0.8169450431549072,3
2026-08-27,NTPC,7,1,0.061590103630590275,0.267158567905426,-0.46651363,0.1062812,-0.6227948337280274,3
2026-08-27,NTPC,8,1,0.04597411607778145,0.2493686079978943,-0.6929755,0.10628119999999998,-0.8492567210876465,3
2026-08-27,NTPC,9,1,0.07071592928615951,0.24434499442577362,-0.75414777,0.1062812,-0.9104289680206299,3
2026-08-27,NTPC,10,1,0.0520603910888864,0.24989460408687592,-0.543648,0.10628119999999998,-0.6999292045318604,3
2026-08-27,NTPC,11,1,0.043554483055017634,0.24036164581775665,-0.5586624,0.1062812,-0.7149436145507813,3
2026-08-27,NTPC,12,1,0.05415563285153138,0.2324676513671875,-0.27198195,0.1062812,-0.42826315457458497,3
2026-08-27,NTPC,14,1,0.04547234052083586,0.17603470385074615,-0.22672415,0.1062812,-0.38300534779663087,3
2026-08-27,NTPC,16,1,0.05171010384614857,0.20191161334514618,0.22792816,0.10628120000000002,0.07164696162109373,3
2026-08-27,NTPC,17,1,0.04647827298754839,0.20064271986484528,0.015175343,0.1062812,-0.14110585744018556,3
2026-08-27,NYKAA,4,1,0.04901286558421708,0.4218660593032837,0.08909702,0.1062812,-0.0671841769897461,3
2026-08-27,NYKAA,5,1,0.04428697277928556,0.40541934967041016,0.014829636,0.1062812,-0.14145156437988282,3
2026-08-27,NYKAA,6,1,0.04898378112606547,0.37320631742477417,0.08906126,0.10628120000000002,-0.06721993977661135,3
2026-08-27,NYKAA,7,1,0.05233038798165142,0.3507799506187439,0.22275448,0.1062812,0.06647327845458983,3
2026-08-27,NYKAA,8,1,0.05513200818752241,0.3283507227897644,0.29691458,0.10628119999999998,0.1406333774841309,3
2026-08-27,NYKAA,9,1,0.07947698253832655,0.3071218430995941,0.17806292,0.10628120000000002,0.02178171580200193,3
2026-08-27,NYKAA,10,1,0.06410534551338747,0.28598809242248535,0.38580894,0.10628120000000002,0.22952774470214843,3
2026-08-27,NYKAA,11,1,0.06012390851654207,0.2732440233230591,0.56380033,0.1062812,0.4075191349304199,3
2026-08-27,NYKAA,12,1,0.056719718266477565,0.25781694054603577,0.6080389,0.1062812,0.4517577022827149,3
2026-08-27,NYKAA,13,1,0.04753558992509514,0.24787572026252747,0.57837963,0.1062812,0.42209843104248046,3
2026-08-27,OBEROIRLTY,7,1,0.04491677449039523,0.3553081750869751,-0.4392743,0.1062812,-0.5955555110656738,3
2026-08-27,OBEROIRLTY,8,1,0.05299484762369323,0.363330602645874,0.091302395,0.10628119999999998,-0.06497880513305662,3
2026-08-27,OBEROIRLTY,9,1,0.08653008595398014,0.3667210340499878,0.3175974,0.10628120000000002,0.1613161892211914,3
2026-08-27,OBEROIRLTY,10,1,0.06666392813683023,0.35806038975715637,0.21531582,0.10628120000000002,0.05903461878662107,3
2026-08-27,OBEROIRLTY,11,1,0.06727197155142266,0.34903812408447266,0.3827095,0.1062812,0.22642830317382812,3
2026-08-27,OBEROIRLTY,12,1,0.06191756581242867,0.3337823748588562,0.021541119,0.1062812,-0.13474008137817384,3
2026-08-27,OBEROIRLTY,13,1,0.06723999629511332,0.3168286085128784,-0.053805113,0.1062812,-0.21008631283874513,3
2026-08-27,OBEROIRLTY,14,1,0.05889123202995878,0.27787405252456665,-0.16133189,0.1062812,-0.3176130920135498,3
2026-08-27,OBEROIRLTY,16,1,0.05026282035999978,0.26063272356987,-0.4348755,0.10628119999999998,-0.59115668828125,3
2026-08-27,OBEROIRLTY,17,1,0.04451075595438453,0.25053924322128296,-0.49386024,0.1062812,-0.6501414447509766,3
2026-08-27,OFSS,7,1,0.053008540304604494,0.4126007556915283,-0.06785989,0.10628119999999998,-0.22414108807678218,3
2026-08-27,OFSS,8,1,0.05099285872055676,0.3817441463470459,-0.07634759,0.1062812,-0.23262878949279786,3
2026-08-27,OFSS,9,1,0.07869702158359462,0.3828522861003876,-0.025457144,0.1062812,-0.18173834378356934,3
2026-08-27,OFSS,11,1,0.05891709277754367,0.3927479684352875,-0.05941987,0.1062812,-0.21570107037658692,3
2026-08-27,OFSS,12,1,0.06206322068381846,0.374040424823761,-0.14427304,0.10628119999999998,-0.30055424267883296,3
2026-08-27,OFSS,13,1,0.05915955122342915,0.3534747362136841,-0.11883378,0.1062812,-0.2751149802886963,3
2026-08-27,OFSS,14,1,0.05333334288618447,0.29041919112205505,0.11035204,0.1062812,-0.045929160662841806,3
2026-08-27,OFSS,16,1,0.05159504482115845,0.26371946930885315,-0.11036396,0.10628119999999998,-0.26664516026611323,3
2026-08-27,OFSS,17,1,0.07433077748631672,0.26295334100723267,0.085020065,0.1062812,-0.07126113469238282,3
2026-08-27,OIL,7,1,0.045737748006522666,0.39250192046165466,-0.4592538,0.10628119999999998,-0.6155349879943848,3
2026-08-27,OIL,8,1,0.04630691898688769,0.37449103593826294,-0.17115474,0.1062812,-0.3274359374725342,3
2026-08-27,OIL,9,1,0.06578070897371371,0.3489234149456024,-0.12844205,0.1062812,-0.28472324902648927,3
2026-08-27,OIL,10,1,0.05812856952410951,0.3272485136985779,-0.117856264,0.1062812,-0.2741374641143799,3
2026-08-27,OIL,11,1,0.0633595015946602,0.3063915967941284,-0.20366907,0.10628119999999998,-0.3599502711975097,3
2026-08-27,OIL,12,1,0.06815333314164829,0.2912246882915497,-0.042903423,0.1062812,-0.19918462330932618,3
2026-08-27,OIL,13,1,0.05872927184359445,0.27731776237487793,-0.17142296,0.10628119999999998,-0.3277041583740234,3
2026-08-27,OIL,17,1,0.04486223234179575,0.15784500539302826,0.12873411,0.1062812,-0.027547088214111337,3
2026-08-27,OIL,18,1,0.043509080181620384,0.16341865062713623,0.31158924,0.10628119999999998,0.15530804102783208,3
2026-08-27,ONGC,7,1,0.045829987060117254,0.29688605666160583,-0.124782324,0.1062812,-0.2810635238372803,3
2026-08-27,ONGC,8,1,0.04499921121279608,0.2730521559715271,-0.15063882,0.1062812,-0.30692001874084474,3
2026-08-27,ONGC,9,1,0.04781703749630869,0.2557673752307892,-0.12487173,0.10628119999999998,-0.2811529308044433,3
2026-08-27,ONGC,12,1,0.04617973412075217,0.21806490421295166,0.41359663,0.10628119999999998,0.2573154300964356,3
2026-08-27,ONGC,13,1,0.044265470273640625,0.20847061276435852,0.5173564,0.10628119999999998,0.3610751957214356,3
2026-08-27,ONGC,17,1,0.04653925746659683,0.08993630856275558,0.72438717,0.1062812,0.5681059688842773,3
2026-08-27,PAGEIND,9,1,0.06286433483581731,0.4526404142379761,0.08382797,0.10628119999999998,-0.0724532275878906,3
2026-08-27,PAGEIND,12,1,0.048891651770441774,0.3962346911430359,-0.36191344,0.10628119999999998,-0.5181946426116943,3
2026-08-27,PAGEIND,13,1,0.04972119715206812,0.38243964314460754,0.055789948,0.10628119999999998,-0.10049125249023436,3
2026-08-27,PAGEIND,14,1,0.043691753367334274,0.32263845205307007,0.5020976,0.10628119999999998,0.3458164066589356,3
2026-08-27,PAGEIND,16,1,0.05421438161679192,0.301108717918396,0.3907919,0.10628119999999998,0.23451069300537114,3
2026-08-27,PAGEIND,17,1,0.06839926252474601,0.2974942624568939,0.685215,0.10628120000000002,0.5289337963378906,3
2026-08-27,PAGEIND,18,1,0.061177120203505506,0.28240132331848145,0.69891214,0.10628119999999998,0.5426309437072754,3
2026-08-27,PAGEIND,19,1,0.049466240516444285,0.2694288194179535,0.5586624,0.1062812,0.40238121455078124,3
2026-08-27,PAGEIND,22,1,0.05089980343039144,0.26447662711143494,0.33426285,0.1062812,0.17798164790039062,3
2026-08-27,PATANJALI,8,1,0.04362679236573819,0.346020370721817,0.057697296,0.1062812,-0.09858390385742188,3
2026-08-27,PATANJALI,9,1,0.07104413916943814,0.33314067125320435,-0.04326701,0.10628119999999998,-0.199548211642456,3
2026-08-27,PATANJALI,10,1,0.04723693124620385,0.332865446805954,0.07207394,0.1062812,-0.08420726353759767,3
2026-08-27,PATANJALI,11,1,0.05488869750703158,0.323659211397171,0.043296814,0.1062812,-0.11298438603515626,3
2026-08-27,PATANJALI,12,1,0.06990206453544291,0.31227052211761475,0.18777847,0.1062812,0.031497272900390616,3
2026-08-27,PATANJALI,13,1,0.0649348652034165,0.31145530939102173,0.101053715,0.1062812,-0.05522748524780274,3
2026-08-27,PAYTM,6,1,0.04336753004305037,0.4220057725906372,-0.51300526,0.1062812,-0.669286456652832,3
2026-08-27,PAYTM,7,1,0.0594652322101868,0.492312490940094,0.36970377,0.1062812,0.21342256968383788,3
2026-08-27,PAYTM,8,1,0.061733130756695564,0.508851945400238,0.47619343,0.10628119999999998,0.31991222803955083,3
2026-08-27,PAYTM,9,1,0.0828195506503238,0.4965171813964844,-0.29277205,0.1062812,-0.4490532546722412,3
2026-08-27,PAYTM,10,1,0.055645651838751885,0.4758893847465515,-0.076168776,0.10628119999999998,-0.23244997555847163,3
2026-08-27,PAYTM,11,1,0.04952135748253915,0.4539962112903595,-0.035107136,0.1062812,-0.1913883357727051,3
2026-08-27,PAYTM,12,1,0.06890231663347755,0.4689001142978668,0.39399862,0.1062812,0.2377174228942871,3
2026-08-27,PAYTM,13,1,0.05725467287635286,0.4603974521160126,0.29298067,0.10628119999999998,0.13669947092895512,3
2026-08-27,PAYTM,14,1,0.05274676463277149,0.4297241270542145,-0.058424473,0.10628119999999998,-0.21470567280883784,3
2026-08-27,PAYTM,16,1,0.05991454132647895,0.43373897671699524,0.5639434,0.10628119999999998,0.4076621860778809,3
2026-08-27,PAYTM,17,1,0.07112715245633935,0.4318462908267975,0.45747757,0.1062812,0.3011963695800781,3
2026-08-27,PAYTM,18,1,0.055746226484017086,0.4318734109401703,0.26339293,0.1062812,0.10711172526245115,3
2026-08-27,PAYTM,19,1,0.055356567094628745,0.40751683712005615,0.3280282,0.10628119999999998,0.1717470020568848,3
2026-08-27,PAYTM,22,1,0.0436747959187595,0.3229699730873108,-0.035005808,0.1062812,-0.19128700787658692,3
2026-08-27,PERSISTENT,9,1,0.06304428511816015,0.35578033328056335,-0.079870224,0.10628119999999998,-0.2361514239990234,3
2026-08-27,PERSISTENT,12,1,0.04926243454552761,0.3273322284221649,-0.29260516,0.1062812,-0.4488863616668701,3
2026-08-27,PERSISTENT,13,1,0.05460188840355179,0.31760090589523315,-0.3101766,0.1062812,-0.4664578109466553,3
2026-08-27,PETRONET,7,1,0.045150902448313567,0.3771625757217407,-0.30854344,0.1062812,-0.4648246436798096,3
2026-08-27,PETRONET,9,1,0.06297877718437828,0.33476290106773376,-0.22322536,0.10628120000000002,-0.37950655514831544,3
2026-08-27,PETRONET,12,1,0.049366886400621326,0.32974568009376526,0.22287369,0.1062812,0.06659248774414062,3
2026-08-27,PETRONET,13,1,0.06175366625728774,0.33271101117134094,0.48134327,0.10628120000000002,0.3250620693481445,3
2026-08-27,PETRONET,14,1,0.05847787719242483,0.2738748788833618,0.73946714,0.1062812,0.5831859440124512,3
2026-08-27,PETRONET,15,1,0.04618452285040205,0.275481641292572,1.0506392,0.10628120000000002,0.8943579525268555,3
2026-08-27,PETRONET,16,1,0.0557108821746347,0.2691934406757355,0.946486,0.1062812,0.7902047962463379,3
2026-08-27,PETRONET,17,1,0.044715129187524134,0.2530398666858673,0.8081198,0.1062812,0.6518385738647461,3
2026-08-27,PETRONET,18,1,0.05311309601577491,0.2683161497116089,0.44596195,0.1062812,0.28968075220947265,3
2026-08-27,PETRONET,19,1,0.0502828557521774,0.26880407333374023,0.1026392,0.1062812,-0.05364200169677735,3
2026-08-27,PETRONET,22,1,0.04888702612843342,0.2702769935131073,-0.17047524,0.1062812,-0.32675644452209474,3
2026-08-27,PFC,3,1,0.04533995830603702,0.5037792325019836,-0.7415652,0.1062812,-0.8978464275085449,3
2026-08-27,PFC,5,1,0.04465519421895266,0.39699220657348633,-0.6726444,0.1062812,-0.8289255767547608,3
2026-08-27,PFC,6,1,0.051326399472751465,0.352289617061615,-0.85457563,0.10628119999999998,-1.0108568340026856,3
2026-08-27,PFC,7,1,0.06845123298671994,0.34210526943206787,-0.7158935,0.1062812,-0.8721747070037842,3
2026-08-27,PFC,8,1,0.06677694037992443,0.3344276249408722,-0.5486727,0.1062812,-0.7049538760864258,3
2026-08-27,PFC,9,1,0.09840303341044214,0.32398927211761475,-0.5775511,0.1062812,-0.7338323264801025,3
2026-08-27,PFC,10,1,0.09426339704977299,0.3101213872432709,-0.54976344,0.1062812,-0.7060446410858154,3
2026-08-27,PFC,11,1,0.0944230236381424,0.29484981298446655,-0.49337745,0.1062812,-0.6496586471282959,3
2026-08-27,PFC,12,1,0.09863487319219166,0.28759267926216125,-0.36661625,0.10628119999999998,-0.5228974490844727,3
2026-08-27,PFC,13,1,0.09689653169441341,0.28462374210357666,-0.14132261,0.1062812,-0.2976038127624512,3
2026-08-27,PFC,14,1,0.05196142471579151,0.21611322462558746,0.056552887,0.1062812,-0.09972831303710938,3
2026-08-27,PFC,15,1,0.04522061274607466,0.19905775785446167,0.099015236,0.10628119999999998,-0.057265964099121075,3
2026-08-27,PFC,16,1,0.06595799268742708,0.19633206725120544,0.4816532,0.10628119999999998,0.3253720135009766,3
2026-08-27,PFC,17,1,0.05888467949009938,0.18021653592586517,0.5954981,0.10628119999999998,0.4392168850219727,3
2026-08-27,PFC,18,1,0.04979983134175004,0.17505501210689545,0.59506893,0.1062812,0.43878773157958983,3
2026-08-27,PFC,19,1,0.045058557139702256,0.19611039757728577,0.46708584,0.1062812,0.3108046383178711,3
2026-08-27,PHOENIXLTD,7,1,0.04421190940621843,0.3879133462905884,-0.8654177,0.10628120000000002,-1.021698918887329,3
2026-08-27,PHOENIXLTD,8,1,0.046656803706373075,0.3853127658367157,-0.15070438,0.1062812,-0.30698558385009767,3
2026-08-27,PHOENIXLTD,9,1,0.07366348818424454,0.3712957501411438,-0.22916794,0.10628119999999998,-0.38544913823242183,3
2026-08-27,PHOENIXLTD,10,1,0.06440037428121265,0.3808255195617676,-0.05223155,0.1062812,-0.2085127502166748,3
2026-08-27,PHOENIXLTD,11,1,0.06094080051642226,0.35989394783973694,-0.08364916,0.1062812,-0.2399303584777832,3
2026-08-27,PHOENIXLTD,12,1,0.06387851025578457,0.3462683856487274,-0.21426678,0.1062812,-0.3705479770385742,3
2026-08-27,PHOENIXLTD,13,1,0.06124338646181743,0.32960113883018494,-0.08894205,0.1062812,-0.2452232509338379,3
2026-08-27,PHOENIXLTD,14,1,0.04918480114924437,0.30580249428749084,-0.17773509,0.10628119999999998,-0.33401629025573726,3
2026-08-27,PHOENIXLTD,16,1,0.054459388906388566,0.2938287556171417,-0.3183365,0.10628119999999998,-0.4746176868164062,3
2026-08-27,PHOENIXLTD,17,1,0.0704121585942509,0.26055535674095154,-0.2613008,0.1062812,-0.41758200223083497,3
2026-08-27,PHOENIXLTD,18,1,0.04934221151934913,0.2451845109462738,-0.12559295,0.1062812,-0.2818741470062256,3
2026-08-27,PHOENIXLTD,19,1,0.048076651500939906,0.24652525782585144,0.05238056,0.10628119999999998,-0.1039006381713867,3
2026-08-27,PIDILITIND,10,1,0.04976037546212727,0.2883912920951843,0.07838011,0.1062812,-0.07790109212036134,3
2026-08-27,PIDILITIND,11,1,0.04956325551762692,0.2843591272830963,0.21704435,0.1062812,0.06076315348510741,3
2026-08-27,PIDILITIND,12,1,0.057590524511462356,0.27080050110816956,0.19892454,0.1062812,0.04264334147338866,3
2026-08-27,PIDILITIND,13,1,0.05699308095173066,0.26652783155441284,-0.07836223,0.1062812,-0.23464342648620606,3
2026-08-27,PIIND,7,1,0.04348803213899942,0.33575764298439026,-0.7473886,0.10628119999999998,-0.9036698013031006,3
2026-08-27,PIIND,8,1,0.04912860585448553,0.3333069980144501,-0.50596595,0.10628119999999998,-0.6622471481048584,3
2026-08-27,PIIND,9,1,0.07739225053923084,0.30937325954437256,-0.45844316,0.10628119999999998,-0.6147243648254395,3
2026-08-27,PIIND,10,1,0.0580901603153367,0.31647685170173645,-0.6970465,0.1062812,-0.8533277183258057,3
2026-08-27,PIIND,11,1,0.06334139554858409,0.3016653060913086,-0.7211983,0.10628119999999998,-0.877479520388794,3
2026-08-27,PIIND,12,1,0.06676068781139827,0.2911960184574127,-0.6259978,0.1062812,-0.78227898175354,3
2026-08-27,PIIND,13,1,0.07521394351453639,0.2841845154762268,-0.45140386,0.10628119999999998,-0.6076850562774658,3
2026-08-27,PIIND,14,1,0.04349382304574929,0.2308845818042755,-0.2321899,0.1062812,-0.3884710937225342,3
2026-08-27,PIIND,16,1,0.04438712233445098,0.19566239416599274,-0.16023517,0.1062812,-0.3165163665496826,3
2026-08-27,PIIND,17,1,0.0461267130030567,0.1896647959947586,-0.06418228,0.10628119999999998,-0.22046348149414058,3
2026-08-27,PNB,12,1,0.04885753376400878,0.20426660776138306,-0.32539368,0.10628119999999998,-0.48167487675781245,3
2026-08-27,POLICYBZR,6,1,0.052431276527634754,0.5452986359596252,0.16976595,0.10628119999999998,0.013484749249267597,3
2026-08-27,POLICYBZR,7,1,0.06006986765377122,0.5218595862388611,-0.049239397,0.1062812,-0.2055205970489502,3
2026-08-27,POLICYBZR,8,1,0.06044545795043846,0.49559739232063293,0.021898746,0.1062812,-0.1343824535095215,3
2026-08-27,POLICYBZR,9,1,0.07193361939298346,0.4852985143661499,0.22414923,0.10628119999999998,0.067868027142334,3
2026-08-27,POLICYBZR,10,1,0.05755312525410626,0.45969414710998535,0.060153008,0.1062812,-0.09612819249267579,3
2026-08-27,POLICYBZR,11,1,0.06366776308781177,0.43160805106163025,0.13688803,0.1062812,-0.0193931728088379,3
2026-08-27,POLICYBZR,12,1,0.06272050973008252,0.4220256507396698,-0.14747977,0.1062812,-0.30376097256774903,3
2026-08-27,POLICYBZR,13,1,0.05677612682363393,0.39871230721473694,-0.15302896,0.10628120000000002,-0.3093101649963379,3
2026-08-27,POLICYBZR,14,1,0.058730389244689575,0.3287976086139679,-0.032824278,0.1062812,-0.18910547787780763,3
2026-08-27,POLICYBZR,15,1,0.05059489949970079,0.31701672077178955,0.37759542,0.1062812,0.2213142246520996,3
2026-08-27,POLICYBZR,16,1,0.04961455600853126,0.31755509972572327,0.23466349,0.1062812,0.07838228648071287,3
2026-08-27,POLICYBZR,17,1,0.06637677260678966,0.3001880645751953,0.18583536,0.10628119999999998,0.02955416148071291,3
2026-08-27,POLICYBZR,18,1,0.06096878838123354,0.28824445605278015,0.05464554,0.1062812,-0.10163566166992188,3
2026-08-27,POLICYBZR,19,1,0.06801548005346976,0.26766082644462585,0.14771223,0.1062812,-0.008568969317626962,3
2026-08-27,POLYCAB,7,1,0.04739164182696751,0.4964616894721985,-1.8705428,0.1062812,-2.0268239646636963,3
2026-08-27,POLYCAB,8,1,0.04775973109899468,0.45658761262893677,-1.5965343,0.1062812,-1.752815452166748,3
2026-08-27,POLYCAB,9,1,0.06855991436011567,0.4339715838432312,-1.5148997,0.1062812,-1.671180930682373,3
2026-08-27,POLYCAB,10,1,0.05335026651938225,0.4087315797805786,-1.5594959,0.10628119999999998,-1.7157771259033203,3
2026-08-27,POLYCAB,11,1,0.05808835650031559,0.3877778947353363,-1.5987277,0.10628119999999998,-1.7550089030944824,3
2026-08-27,POLYCAB,12,1,0.07039158162485609,0.39804625511169434,-1.1967778,0.1062812,-1.3530590205871582,3
2026-08-27,POLYCAB,13,1,0.09270935243661917,0.4182325601577759,-0.6435156,0.10628119999999998,-0.7997967868530274,3
2026-08-27,POLYCAB,16,1,0.053648729998437894,0.39450323581695557,-0.17834306,0.1062812,-0.3346242576324463,3
2026-08-27,POLYCAB,17,1,0.05544619353400894,0.38051143288612366,-0.039064884,0.10628119999999998,-0.19534608418579097,3
2026-08-27,POLYCAB,18,1,0.05492512101197971,0.3756669759750366,0.01116991,0.1062812,-0.1451112895690918,3
2026-08-27,POLYCAB,19,1,0.059061200048035625,0.3763805329799652,0.03349781,0.1062812,-0.12278338963623048,3
2026-08-27,POLYCAB,20,1,0.045595924686797316,0.3653186559677124,0.05583763,0.1062812,-0.10044356877441407,3
2026-08-27,POLYCAB,22,1,0.05211388066504429,0.3676675260066986,-0.14485717,0.1062812,-0.30113836819763184,3
2026-08-27,POWERGRID,7,1,0.05711007382289578,0.29648956656455994,-0.36060214,0.1062812,-0.5168833404266358,3
2026-08-27,POWERGRID,8,1,0.06177785219434585,0.28273674845695496,-0.28489828,0.1062812,-0.4411794810974121,3
2026-08-27,POWERGRID,9,1,0.08964012820058372,0.2777256369590759,-0.13315678,0.1062812,-0.28943797642822267,3
2026-08-27,POWERGRID,10,1,0.07271857796714438,0.2699248492717743,0.019025803,0.1062812,-0.13725539738769532,3
2026-08-27,POWERGRID,11,1,0.053780741757994785,0.257046103477478,0.0,0.1062812,-0.1562812,3
2026-08-27,POWERGRID,12,1,0.05796881248915061,0.251871794462204,0.05711317,0.1062812,-0.09916802937622071,3
2026-08-27,POWERGRID,13,1,0.04651385995702552,0.24217753112316132,0.057137012,0.1062812,-0.09914418751831056,3
2026-08-27,POWERGRID,16,1,0.04370504348665453,0.16598738729953766,0.34285784,0.1062812,0.18657663767700194,3
2026-08-27,POWERINDIA,3,1,0.0541075999666875,0.8868119120597839,-0.6329119,0.1062812,-0.7891931205474854,3
2026-08-27,POWERINDIA,4,1,0.05340104730614281,0.9024103283882141,-0.72048306,0.1062812,-0.8767642646514893,3
2026-08-27,POWERINDIA,5,1,0.0481693521443834,0.8410801291465759,-0.4723251,0.1062812,-0.6286062865936279,3
2026-08-27,POWERINDIA,7,1,0.049849394079995925,0.7246108055114746,0.014829636,0.1062812,-0.14145156437988282,3
2026-08-27,POWERINDIA,8,1,0.04428913401887433,0.6725016236305237,0.34109354,0.1062812,0.18481234019165038,3
2026-08-27,POWERINDIA,9,1,0.0682980147119685,0.6320307850837708,0.29598475,0.1062812,0.13970354502563476,3
2026-08-27,POWERINDIA,12,1,0.0581504538428823,0.5316054224967957,0.65271854,0.10628119999999998,0.4964373440063477,3
2026-08-27,POWERINDIA,13,1,0.050304830289158574,0.5117934942245483,0.43020248,0.10628119999999998,0.2739212841308594,3
2026-08-27,POWERINDIA,14,1,0.05432002740960876,0.42471614480018616,0.38564205,0.1062812,0.22936085169677733,3
2026-08-27,POWERINDIA,17,1,0.05365016686315387,0.35275977849960327,-0.16260147,0.1062812,-0.31888267094726563,3
2026-08-27,POWERINDIA,18,1,0.05165786917749066,0.3106505870819092,-0.57471395,0.10628119999999998,-0.730995145388794,3
2026-08-27,POWERINDIA,19,1,0.04877012041363917,0.2968733608722687,-0.6335616,0.10628119999999998,-0.7898428111755371,3
2026-08-27,POWERINDIA,22,1,0.05519482931275854,0.28195488452911377,-0.5617976,0.1062812,-0.7180788188659668,3
2026-08-27,PRESTIGE,8,1,0.04803117050155372,0.3608570992946625,1.0382533,0.1062812,0.8819721073425293,3
2026-08-27,PRESTIGE,9,1,0.07212509330943705,0.3503457009792328,0.81557035,0.1062812,0.6592891544616699,3
2026-08-27,PRESTIGE,10,1,0.049484567986965315,0.33505791425704956,0.36423206,0.1062812,0.20795086329345702,3
2026-08-27,PRESTIGE,12,1,0.048285668618740285,0.3230592608451843,-0.17858148,0.10628119999999998,-0.3348626762115478,3
2026-08-27,PRESTIGE,13,1,0.04778892060064796,0.32643043994903564,-0.23366213,0.1062812,-0.38994332844848634,3
2026-08-27,PRESTIGE,14,1,0.04667535018671985,0.28816697001457214,-0.508821,0.1062812,-0.6651022105895996,3
2026-08-27,PRESTIGE,16,1,0.045735089816721225,0.27972644567489624,-0.8273065,0.1062812,-0.9835877090179443,3
2026-08-27,PRESTIGE,17,1,0.06876496438126684,0.2781227231025696,-0.4798174,0.1062812,-0.6360985904418945,3
2026-08-27,PRESTIGE,18,1,0.06159996611783888,0.2685057520866394,-0.49215555,0.10628119999999998,-0.6484367519104004,3
2026-08-27,PRESTIGE,19,1,0.06349569683540084,0.27936965227127075,-0.26527047,0.10628119999999998,-0.42155167157287593,3
2026-08-27,PRESTIGE,21,1,0.043902203413065076,0.2684793472290039,0.06161928,0.1062812,-0.09466191823120118,3
2026-08-27,PRESTIGE,22,1,0.04932823274106663,0.2673894166946411,0.1603365,0.1062812,0.004055294445800772,3
2026-08-27,RADICO,6,1,0.0440793946019027,0.38836610317230225,-0.2849102,0.10628119999999998,-0.44119140202636714,3
2026-08-27,RADICO,7,1,0.055921252895070855,0.35622379183769226,-0.17196536,0.1062812,-0.3282465606414795,3
2026-08-27,RADICO,8,1,0.049666324455901675,0.328261137008667,-0.1044631,0.10628120000000002,-0.2607443004333496,3
2026-08-27,RADICO,9,1,0.07571745633504036,0.32454702258110046,0.00436306,0.1062812,-0.15191814000244142,3
2026-08-27,RADICO,10,1,0.059474092527359114,0.3052714765071869,-0.09146929,0.10628119999999998,-0.2477504878723144,3
2026-08-27,RADICO,11,1,0.05646775348623425,0.28845611214637756,-0.034856796,0.10628119999999998,-0.1911379962646484,3
2026-08-27,RADICO,12,1,0.06495340612623578,0.2713238298892975,0.021791458,0.10628119999999998,-0.13448974187011717,3
2026-08-27,RADICO,13,1,0.0739693434419031,0.26016929745674133,0.065398216,0.1062812,-0.09088298375244142,3
2026-08-27,RECLTD,6,1,0.05168393219395982,0.25820183753967285,-0.71662664,0.1062812,-0.8729078441345215,3
2026-08-27,RECLTD,7,1,0.06147569685222028,0.2755623757839203,-0.35965443,0.10628119999999998,-0.515935626574707,3
2026-08-27,RECLTD,8,1,0.06843448604527286,0.2875817120075226,-0.07843375,0.10628119999999998,-0.23471495205993648,3
2026-08-27,RECLTD,9,1,0.09775008514414582,0.2809610068798065,-0.12558699,0.1062812,-0.28186818654174806,3
2026-08-27,RECLTD,10,1,0.08160836817546799,0.2681354284286499,-0.15688539,0.1062812,-0.3131665855133057,3
2026-08-27,RECLTD,11,1,0.06372462556008464,0.26907047629356384,-0.18805265,0.1062812,-0.34433385426635743,3
2026-08-27,RECLTD,12,1,0.06723821597678092,0.26055216789245605,-0.109773874,0.10628119999999998,-0.26605507428283687,3
2026-08-27,RECLTD,13,1,0.05684013645071538,0.25666344165802,0.04707575,0.10628119999999998,-0.10920545155639647,3
2026-08-27,RECLTD,14,1,0.047694681049476086,0.21859025955200195,0.21970272,0.10628119999999998,0.06342152064208986,3
2026-08-27,RECLTD,16,1,0.05439739667628774,0.20658332109451294,0.53441525,0.1062812,0.37813404505615233,3
2026-08-27,RECLTD,17,1,0.04575966802080557,0.2031513750553131,0.4711032,0.1062812,0.3148219913757324,3
2026-08-27,RELIANCE,12,1,0.051907425048292766,0.17617300152778625,-0.24676919,0.1062812,-0.40305038983459474,3
2026-08-27,RELIANCE,13,1,0.04426850825389819,0.1697271764278412,-0.32398105,0.1062812,-0.48026224667663575,3
2026-08-27,RELIANCE,17,1,0.04651875178843966,0.11799165606498718,-0.5712569,0.1062812,-0.7275380759918213,3
2026-08-27,RELIANCE,18,1,0.044490001983648664,0.11477223038673401,-0.46349764,0.10628119999999998,-0.6197788387023926,3
2026-08-27,RVNL,7,1,0.047013959597479386,0.2600409984588623,-0.56954026,0.1062812,-0.72582146222229,3
2026-08-27,RVNL,8,1,0.05420548849103533,0.26789650321006775,-0.3489554,0.1062812,-0.5052365928375244,3
2026-08-27,RVNL,9,1,0.06889383368551166,0.2571674883365631,-0.5079806,0.1062812,-0.6642617850982666,3
2026-08-27,RVNL,10,1,0.04768289642180529,0.24577917158603668,-0.5760968,0.1062812,-0.732377973147583,3
2026-08-27,RVNL,11,1,0.05013363793993336,0.24539975821971893,-0.3861904,0.1062812,-0.542471614428711,3
2026-08-27,RVNL,12,1,0.051430176237322586,0.23820246756076813,-0.7219434,0.10628119999999998,-0.8782245784484863,3
2026-08-27,RVNL,13,1,0.04616350991405723,0.23350630700588226,-0.42746067,0.10628119999999998,-0.5837418704711914,3
2026-08-27,RVNL,16,1,0.04943621594454425,0.2149111032485962,-0.18690825,0.1062812,-0.34318944508666993,3
2026-08-27,RVNL,17,1,0.05003536261561133,0.20205171406269073,-0.1596868,0.10628119999999998,-0.315968003817749,3
2026-08-27,SAIL,9,1,0.06964203588648689,0.5599409341812134,-0.05710721,0.1062812,-0.21338841015930177,3
2026-08-27,SAIL,10,1,0.06829454191831444,0.5316452383995056,-0.12993813,0.10628119999999998,-0.2862193256103515,3
2026-08-27,SAIL,11,1,0.06887186644253668,0.5090179443359375,-0.10924339,0.1062812,-0.26552459294433595,3
2026-08-27,SAIL,12,1,0.05760578813903895,0.530681848526001,-0.84185004,0.1062812,-0.9981312423431397,3
2026-08-27,SAIL,13,1,0.056585745689660405,0.5405699610710144,-0.6368816,0.1062812,-0.7931627898895264,3
2026-08-27,SAIL,14,1,0.05344037325565459,0.4734730124473572,-0.22833347,0.10628120000000002,-0.3846146732055664,3
2026-08-27,SAIL,16,1,0.06460314906143515,0.3925381302833557,-0.21814704,0.1062812,-0.37442823941345216,3
2026-08-27,SAIL,17,1,0.07777917706380459,0.38660308718681335,-0.1925826,0.10628119999999998,-0.34886380726928706,3
2026-08-27,SAIL,18,1,0.07354897675554861,0.33551377058029175,0.2187252,0.1062812,0.06244400446777343,3
2026-08-27,SAIL,19,1,0.07551140510316656,0.337444007396698,0.20318031,0.1062812,0.046899113110351554,3
2026-08-27,SAIL,20,1,0.0534734310863102,0.3223412334918976,0.23443699,0.1062812,0.07815578883056638,3
2026-08-27,SAIL,21,1,0.05327746289965239,0.3235953748226166,0.062417984,0.1062812,-0.09386321599121095,3
2026-08-27,SAIL,22,1,0.07965027416074827,0.3141157627105713,-0.062447786,0.10628120000000002,-0.21872898633117677,3
2026-08-27,SAIL,66,1,0.05043377011271665,0.4810098707675934,0.54033995,0.1062812,0.38405874674682616,3
2026-08-27,SAIL,67,1,0.07499470316492897,0.5052990913391113,0.8096099,0.10628119999999998,0.6533286899841309,3
2026-08-27,SBICARD,3,1,0.04322541494718699,0.5220593810081482,0.11395216,0.10628119999999998,-0.042329040118408184,3
2026-08-27,SBICARD,4,1,0.04382923705262561,0.4575507640838623,0.24324656,0.1062812,0.08696535532836912,3
2026-08-27,SBICARD,7,1,0.04443758356044289,0.39281272888183594,-0.39378405,0.1062812,-0.5500652461730957,3
2026-08-27,SBICARD,8,1,0.054511061896139634,0.38744881749153137,-0.0759542,0.1062812,-0.23223539883728028,3
2026-08-27,SBICARD,9,1,0.0882470410216497,0.384907603263855,0.25914907,0.1062812,0.10286787455444334,3
2026-08-27,SBICARD,10,1,0.05685747384814492,0.3987054228782654,-0.2882898,0.1062812,-0.44457098538513184,3
2026-08-27,SBICARD,11,1,0.04536948464541145,0.3854506313800812,-0.43963194,0.1062812,-0.5959131389343262,3
2026-08-27,SBICARD,12,1,0.05279411703897814,0.36840900778770447,-0.7123947,0.1062812,-0.8686759143554688,3
2026-08-27,SBICARD,13,1,0.055131121790818104,0.3615323603153229,-0.9031594,0.1062812,-1.0594405799591065,3
2026-08-27,SBICARD,14,1,0.0678861401278149,0.31986063718795776,-0.6536901,0.1062812,-0.8099712997161865,3
2026-08-27,SBICARD,15,1,0.05096973348102858,0.283953458070755,-0.58528185,0.1062812,-0.7415630489074707,3
2026-08-27,SBICARD,16,1,0.06444335217792412,0.2655338943004608,-0.51699877,0.1062812,-0.6732799678527832,3
2026-08-27,SBICARD,17,1,0.05077500428036397,0.2510826289653778,-0.42608976,0.1062812,-0.5823709636413574,3
2026-08-27,SBICARD,18,1,0.06842701948394833,0.2588489353656769,-0.3730774,0.1062812,-0.529358592578125,3
2026-08-27,SBICARD,19,1,0.07236511368269145,0.26769959926605225,-0.13732314,0.1062812,-0.29360434109802247,3
2026-08-27,SBICARD,20,1,0.05601507322062601,0.27352529764175415,0.22211075,0.1062812,0.06582954829101562,3
2026-08-27,SBICARD,21,1,0.052787437660298996,0.26942795515060425,0.306046,0.1062812,0.1497648090637207,3
2026-08-27,SBICARD,22,1,0.05887813599628517,0.27088120579719543,-0.03823042,0.10628119999999998,-0.1945116191589355,3
2026-08-27,SBILIFE,9,1,0.06575548081516544,0.30608659982681274,0.7343888,0.1062812,0.5781076282775879,3
2026-08-27,SBILIFE,12,1,0.049071602052784616,0.3459325432777405,-0.43412447,0.10628119999999998,-0.5904056697570801,3
2026-08-27,SBILIFE,13,1,0.05628553057907794,0.3401920795440674,-0.122743845,0.10628119999999998,-0.27902504498596187,3
2026-08-27,SBILIFE,14,1,0.04864149584066247,0.3137434422969818,-0.30112267,0.1062812,-0.45740386540527345,3
2026-08-27,SBILIFE,16,1,0.04629627055595794,0.3096598982810974,-0.48949122,0.1062812,-0.6457724242889404,3
2026-08-27,SBILIFE,17,1,0.06134343886273961,0.2631054222583771,-0.37893653,0.1062812,-0.5352177291595459,3
2026-08-27,SBILIFE,18,1,0.06306893347171276,0.2589295506477356,-0.43519735,0.1062812,-0.5914785533630371,3
2026-08-27,SBILIFE,19,1,0.06144491149655828,0.273911714553833,-0.41354895,0.1062812,-0.5698301463806152,3
2026-08-27,SBILIFE,21,1,0.046938900173804,0.27726122736930847,-0.35796165,0.1062812,-0.514242854663086,3
2026-08-27,SBILIFE,22,1,0.0566453527544859,0.27271366119384766,-0.2906859,0.1062812,-0.44696709210510255,3
2026-08-27,SBIN,9,1,0.04540193159942458,0.21583513915538788,-0.057303905,0.10628120000000002,-0.21358510548706056,3
2026-08-27,SBIN,12,1,0.04740068565362315,0.18665048480033875,-0.08597374,0.1062812,-0.24225493962402345,3
2026-08-27,SCHAEFFLER,7,1,0.04430877429138041,0.32445040345191956,-0.37183762,0.10628119999999998,-0.5281188159667969,3
2026-08-27,SCHAEFFLER,8,1,0.0464391934600272,0.30958428978919983,-0.36999583,0.1062812,-0.5262770324432373,3
2026-08-27,SCHAEFFLER,9,1,0.06698532845939095,0.29674032330513,-0.49785376,0.10628119999999998,-0.6541349559509277,3
2026-08-27,SCHAEFFLER,10,1,0.0639894692758396,0.29913330078125,-0.35822988,0.1062812,-0.5145110755645752,3
2026-08-27,SCHAEFFLER,11,1,0.0649156898261609,0.2900686264038086,-0.3486216,0.1062812,-0.5049028068267822,3
2026-08-27,SCHAEFFLER,12,1,0.07636408929919673,0.2877819836139679,-0.49234033,0.10628119999999998,-0.6486215263092041,3
2026-08-27,SCHAEFFLER,13,1,0.07276727360917844,0.27485987544059753,-0.49749613,0.1062812,-0.6537773280822754,3
2026-08-27,SCHAEFFLER,14,1,0.059523619456487764,0.2960728406906128,-0.64827204,0.1062812,-0.8045532375061035,3
2026-08-27,SCHAEFFLER,15,1,0.04484717806950586,0.268799751996994,-0.4187107,0.1062812,-0.5749919086181641,3
2026-08-27,SCHAEFFLER,16,1,0.04596985535167474,0.2577802538871765,-0.44339895,0.1062812,-0.5996801524841309,3
2026-08-27,SCHAEFFLER,17,1,0.05830306647723661,0.24776394665241241,-0.42152405,0.1062812,-0.5778052478515625,3
2026-08-27,SCHAEFFLER,18,1,0.0470261381235101,0.24031533300876617,-0.42655468,0.10628119999999998,-0.5828358798706055,3
2026-08-27,SCHAEFFLER,19,1,0.07266781351281708,0.2607077360153198,-0.14921427,0.1062812,-0.3054954677307129,3
2026-08-27,SHREECEM,6,1,0.04456481678107086,0.3147650957107544,-0.04042983,0.10628119999999998,-0.19671103055114741,3
2026-08-27,SHREECEM,7,1,0.05205168231035847,0.29785946011543274,-0.020200014,0.1062812,-0.1764812141143799,3
2026-08-27,SHREECEM,8,1,0.05253552124556547,0.29204294085502625,0.14152527,0.1062812,-0.014755931445312509,3
2026-08-27,SHREECEM,9,1,0.07144526038101705,0.28496360778808594,-0.080776215,0.1062812,-0.23705741459960938,3
2026-08-27,SHREECEM,10,1,0.06302357925881888,0.27587223052978516,-0.14161468,0.1062812,-0.2978958755218506,3
2026-08-27,SHREECEM,11,1,0.06359484271057207,0.2664238512516022,-0.5256772,0.1062812,-0.6819584041320801,3
2026-08-27,SHREECEM,12,1,0.06804568526968884,0.2675585150718689,-0.46502352,0.1062812,-0.6213047176086426,3
2026-08-27,SHREECEM,17,1,0.05047578181195198,0.22574670612812042,-0.38508177,0.10628119999999998,-0.5413629680358887,3
2026-08-27,SHREECEM,18,1,0.049679431146852734,0.24099883437156677,-0.14227629,0.10628119999999998,-0.2985574870788574,3
2026-08-27,SHREECEM,19,1,0.04740346302898751,0.2437538057565689,-0.24385452,0.10628119999999998,-0.4001357227050781,3
2026-08-27,SHRIRAMFIN,3,1,0.061430647430396314,1.041100263595581,-0.14516115,0.1062812,-0.30144235188598634,3
2026-08-27,SHRIRAMFIN,4,1,0.07638553046758331,0.9185993671417236,0.23651123,0.10628119999999998,0.08023003046875003,3
2026-08-27,SHRIRAMFIN,5,1,0.07170012606347255,0.8431137204170227,0.31844378,0.1062812,0.16216257517700194,3
2026-08-27,SHRIRAMFIN,6,1,0.05808263239412423,0.7776845097541809,0.12738705,0.1062812,-0.028894153186035165,3
2026-08-27,SHRIRAMFIN,7,1,0.08659482436383781,0.7256971597671509,0.41077137,0.1062812,0.254490169934082,3
2026-08-27,SHRIRAMFIN,8,1,0.08618669720379726,0.6649242639541626,0.31933784,0.1062812,0.1630566448486328,3
2026-08-27,SHRIRAMFIN,9,1,0.09177014413350028,0.6304097175598145,0.15488863,0.10628119999999998,-0.0013925700866699031,3
2026-08-27,SHRIRAMFIN,10,1,0.06612022442310328,0.6128337979316711,-0.3633082,0.1062812,-0.5195893912994385,3
2026-08-27,SHRIRAMFIN,11,1,0.05910286147932998,0.5830844640731812,-0.5807638,0.10628119999999998,-0.7370450168334961,3
2026-08-27,SHRIRAMFIN,12,1,0.051927509238357525,0.5532389879226685,-0.88872313,0.10628119999999998,-1.0450043349945068,3
2026-08-27,SHRIRAMFIN,13,1,0.07498407240669129,0.5316258072853088,-0.6268203,0.1062812,-0.7831015258514404,3
2026-08-27,SHRIRAMFIN,14,1,0.07810219449611765,0.4129876494407654,-0.608933,0.1062812,-0.7652141719543457,3
2026-08-27,SHRIRAMFIN,15,1,0.07024172321902639,0.3118308484554291,-0.24548173,0.1062812,-0.4017629295074463,3
2026-08-27,SHRIRAMFIN,16,1,0.08089177965946011,0.2872231602668762,-0.15468001,0.1062812,-0.3109612136566162,3
2026-08-27,SHRIRAMFIN,17,1,0.08810172615001183,0.2838917672634125,0.027346611,0.1062812,-0.1289345889770508,3
2026-08-27,SHRIRAMFIN,18,1,0.07908560136934456,0.26860737800598145,0.045621395,0.1062812,-0.11065980488891602,3
2026-08-27,SHRIRAMFIN,19,1,0.0780458488306879,0.2581605911254883,0.18298626,0.1062812,0.02670505946044921,3
2026-08-27,SIEMENS,7,1,0.04633837731339126,0.6925472617149353,-0.19761324,0.10628119999999998,-0.35389443928833003,3
2026-08-27,SIEMENS,8,1,0.04745534391541506,0.6492180228233337,0.014662743,0.1062812,-0.14161845738525392,3
2026-08-27,SIEMENS,9,1,0.07256643743980476,0.6015346646308899,-0.07329583,0.1062812,-0.22957703168029786,3
2026-08-27,SIEMENS,11,1,0.04779699397806924,0.5722402930259705,0.024425983,0.1062812,-0.13185521657104493,3
2026-08-27,SIEMENS,12,1,0.04759261528767821,0.5441336035728455,-0.10262728,0.1062812,-0.2589084773742676,3
2026-08-27,SIEMENS,13,1,0.056337763872145105,0.5210841298103333,-0.18097162,0.10628119999999998,-0.33725282246704097,3
2026-08-27,SIEMENS,14,1,0.0446184111557993,0.40403205156326294,-0.28600097,0.1062812,-0.44228216702575684,3
2026-08-27,SIEMENS,16,1,0.0440332759960736,0.3594128489494324,-0.44498444,0.1062812,-0.6012656360351563,3
2026-08-27,SIEMENS,17,1,0.05546974291781576,0.3358009457588196,-0.4353881,0.1062812,-0.5916692882263184,3
2026-08-27,SIEMENS,18,1,0.046811047028529465,0.3308912515640259,-0.4517734,0.1062812,-0.6080546050750733,3
2026-08-27,SIEMENS,19,1,0.04947427358327672,0.33771514892578125,-0.30076504,0.1062812,-0.4570462375366211,3
2026-08-27,SIEMENS,20,1,0.04493308432612307,0.2849023640155792,0.17889738,0.1062812,0.022616180828857413,3
2026-08-27,SJVN,7,1,0.05268728181303965,0.3042225241661072,-0.29087663,0.1062812,-0.4471578269683838,3
2026-08-27,SJVN,8,1,0.05129956608182081,0.29100659489631653,-0.27569532,0.10628119999999998,-0.43197652394409175,3
2026-08-27,SJVN,9,1,0.0839996634614115,0.28229227662086487,-0.16876459,0.10628119999999998,-0.32504579121704097,3
2026-08-27,SJVN,10,1,0.06670772431112959,0.26774537563323975,-0.21475554,0.1062812,-0.37103673512573243,3
2026-08-27,SJVN,11,1,0.04915779461274501,0.25325822830200195,-0.061428547,0.1062812,-0.2177097469055176,3
2026-08-27,SJVN,12,1,0.060843513862707706,0.24927964806556702,-0.2148211,0.1062812,-0.37110230023498536,3
2026-08-27,SJVN,13,1,0.04635579314032451,0.24448858201503754,-0.13815165,0.1062812,-0.2944328456604004,3
2026-08-27,SJVN,16,1,0.05001736076121285,0.16026519238948822,-0.015372038,0.1062812,-0.17165323788757325,3
2026-08-27,SJVN,17,1,0.0521694958933587,0.1482357680797577,0.015366077,0.1062812,-0.1409151225769043,3
2026-08-27,SJVN,19,1,0.04444027102448155,0.1351003348827362,-0.046104193,0.1062812,-0.20238539273376466,3
2026-08-27,SOLARINDS,7,1,0.045150902448313567,0.47174447774887085,-0.2802372,0.1062812,-0.43651839787597657,3
2026-08-27,SOLARINDS,9,1,0.07189514707051063,0.4394468665122986,-0.42815208,0.1062812,-0.584433284350586,3
2026-08-27,SOLARINDS,10,1,0.05175655286112836,0.42166706919670105,0.18219948,0.1062812,0.025918278149414054,3
2026-08-27,SOLARINDS,11,1,0.05042699605353971,0.40534332394599915,0.1377821,0.1062812,-0.01849910313720704,3
2026-08-27,SOLARINDS,12,1,0.04818329195610642,0.3948163688182831,0.18664598,0.1062812,0.030364784649658194,3
2026-08-27,SOLARINDS,13,1,0.05030199574571522,0.39299434423446655,0.27091503,0.1062812,0.11463383143310545,3
2026-08-27,SOLARINDS,14,1,0.05422636710983586,0.36061161756515503,0.3944397,0.1062812,0.238158497265625,3
2026-08-27,SOLARINDS,16,1,0.05673959240742648,0.2997225224971771,0.5782008,0.10628119999999998,0.42191961710815434,3
2026-08-27,SOLARINDS,17,1,0.05747826220823406,0.2963316738605499,0.024592876,0.10628120000000002,-0.13168832356567384,3
2026-08-27,SOLARINDS,18,1,0.053566506331179306,0.29378730058670044,-0.044226646,0.1062812,-0.20050784642333985,3
2026-08-27,SOLARINDS,19,1,0.04966937454366129,0.2951970100402832,-0.3041327,0.10628119999999995,-0.4604138999664306,3
2026-08-27,SOLARINDS,22,1,0.0566453527544859,0.2765882909297943,-0.039315224,0.1062812,-0.19559642369384767,3
2026-08-27,SRF,9,1,0.06422075803676067,0.421657532453537,-0.336653,0.10628119999999998,-0.49293419415588374,3
2026-08-27,SRF,11,1,0.04972158587427599,0.39105889201164246,-0.336653,0.1062812,-0.4929341941558838,3
2026-08-27,SRF,12,1,0.04911251418983318,0.37759631872177124,-0.34800172,0.1062812,-0.5042829185211182,3
2026-08-27,SRF,13,1,0.058888231650726805,0.3766176402568817,-0.046044588,0.1062812,-0.20232578808898927,3
2026-08-27,SRF,14,1,0.05538288864364314,0.2895304262638092,-0.03452301,0.1062812,-0.19080421025390626,3
2026-08-27,SRF,16,1,0.05328146054846026,0.26897746324539185,0.24181604,0.10628119999999998,0.0855348438537598,3
2026-08-27,SRF,17,1,0.05908340657184768,0.2657485604286194,0.21116734,0.1062812,0.0548861355102539,3
2026-08-27,SRF,18,1,0.053512074868969514,0.26211273670196533,0.092089176,0.1062812,-0.0641920238220215,3
2026-08-27,SUNDARMFIN,9,1,0.05823074146943163,0.4065662622451782,0.84118843,0.1062812,0.6849072307861328,3
2026-08-27,SUNDARMFIN,10,1,0.04886060093316461,0.39334991574287415,1.386714,0.1062812,1.230432781628418,3
2026-08-27,SUNDARMFIN,11,1,0.0507387767574036,0.3804008364677429,1.0918617,0.1062812,0.9355805248535156,3
2026-08-27,SUNDARMFIN,12,1,0.06026709948794836,0.3955393433570862,0.5731106,0.1062812,0.41682938044433593,3
2026-08-27,SUNDARMFIN,13,1,0.05819404473024206,0.38094568252563477,0.6358504,0.1062812,0.47956922953491216,3
2026-08-27,SUNDARMFIN,14,1,0.04719126896187232,0.35865235328674316,0.14023781,0.1062812,-0.016043391772460946,3
2026-08-27,SUNDARMFIN,16,1,0.05061290476690428,0.3622889220714569,0.40842295,0.1062812,0.25214174692993163,3
2026-08-27,SUNDARMFIN,17,1,0.04991895440608149,0.40076640248298645,-0.12913346,0.1062812,-0.2854146629058838,3
2026-08-27,SUNDARMFIN,18,1,0.05897576385089896,0.39944151043891907,0.099253654,0.1062812,-0.05702754552001954,3
2026-08-27,SUNDARMFIN,19,1,0.05701332710462059,0.3765066862106323,0.06687641,0.10628119999999998,-0.0894047885620117,3
2026-08-27,SUNDARMFIN,20,1,0.05719480592996904,0.37290728092193604,0.038814545,0.1062812,-0.11746665532226563,3
2026-08-27,SUNDARMFIN,21,1,0.047622644388307565,0.3419382870197296,-0.23682117,0.1062812,-0.39310237462158204,3
2026-08-27,SUNDARMFIN,22,1,0.06592904781265564,0.3443338871002197,-0.34014583,0.10628119999999998,-0.49642702633972163,3
2026-08-27,SUNDARMFIN,67,1,0.0438523212690075,0.11202128976583481,0.19608736,0.1062812,0.03980616038208007,3
2026-08-27,SUNPHARMA,7,1,0.045373603381330146,0.3151369094848633,0.089108944,0.10628119999999998,-0.067172256060791,3
2026-08-27,SUNPHARMA,8,1,0.04808653462666297,0.30412641167640686,0.30931234,0.10628120000000002,0.1530311435974121,3
2026-08-27,SUNPHARMA,9,1,0.07782469563826094,0.30368268489837646,0.51494837,0.1062812,0.35866716807250976,3
2026-08-27,SUNPHARMA,10,1,0.06708742453102537,0.28932082653045654,0.5786419,0.10628119999999998,0.42236069147949223,3
2026-08-27,SUNPHARMA,11,1,0.062006355292571556,0.286751925945282,0.5357623,0.1062812,0.37948111002807616,3
2026-08-27,SUNPHARMA,12,1,0.05165326908982322,0.2827633023262024,0.23072958,0.10628120000000002,0.07444837992553709,3
2026-08-27,SUNPHARMA,13,1,0.05227474428964523,0.2728534936904907,0.24638176,0.1062812,0.09010055964355466,3
2026-08-27,SUPREMEIND,9,1,0.06258286890275948,0.45759880542755127,-0.7410109,0.1062812,-0.8972921043121338,3
2026-08-27,SUPREMEIND,11,1,0.05008728773079682,0.47429904341697693,-0.7661879,0.10628119999999998,-0.9224691062652588,3
2026-08-27,SUPREMEIND,12,1,0.06072801348711446,0.4576011300086975,-0.92220306,0.10628120000000002,-1.0784842639648438,3
2026-08-27,SUPREMEIND,13,1,0.059253933507247634,0.455500990152359,-0.7101059,0.10628119999999998,-0.8663870959960938,3
2026-08-27,SUPREMEIND,14,1,0.055368400496630825,0.39586496353149414,-0.15294552,0.1062812,-0.30922671849365235,3
2026-08-27,SUPREMEIND,16,1,0.055154880067551704,0.36332061886787415,-0.08356571,0.10628119999999998,-0.2398469119750976,3
2026-08-27,SUPREMEIND,17,1,0.06368331477850502,0.3313511908054352,0.06686449,0.1062812,-0.0894167094909668,3
2026-08-27,SUPREMEIND,18,1,0.05802445303013158,0.32174283266067505,0.0055789948,0.1062812,-0.15070220524902345,3
2026-08-27,SUPREMEIND,19,1,0.057950255818128606,0.3324255645275116,0.26836395,0.10628119999999998,0.11208275263671878,3
2026-08-27,SUPREMEIND,22,1,0.04579437357037755,0.29150864481925964,0.061297417,0.10628120000000002,-0.0949837833129883,3
2026-08-27,SUZLON,7,1,0.052250235008436695,0.2633533179759979,-0.21290779,0.1062812,-0.3691889911376953,3
2026-08-27,SUZLON,8,1,0.05814583538880166,0.27030858397483826,-0.021332502,0.1062812,-0.1776137023651123,3
2026-08-27,SUZLON,9,1,0.08290407011804837,0.26062750816345215,0.021362305,0.1062812,-0.1349188953125,3
2026-08-27,SUZLON,10,1,0.04785723128832327,0.2541414499282837,-0.08535981,0.1062812,-0.24164101178283692,3
2026-08-27,TATACOMM,8,1,0.04413871890509693,0.3758034408092499,0.33943653,0.10628119999999998,0.18315533106689458,3
2026-08-27,TATACOMM,9,1,0.0709102256845348,0.36125648021698,0.41222572,0.10628119999999998,0.2559445232666016,3
2026-08-27,TATACOMM,10,1,0.049484567986965315,0.3383133113384247,0.6972194,0.1062812,0.5409381717956543,3
2026-08-27,TATACOMM,11,1,0.053223662847918414,0.3177737891674042,0.55121183,0.1062812,0.3949306339538574,3
2026-08-27,TATACOMM,12,1,0.053951330438798115,0.3089044988155365,0.4117489,0.1062812,0.25546768610839843,3
2026-08-27,TATACOMM,13,1,0.05263574274960917,0.2982499301433563,0.33271313,0.10628119999999998,0.17643192713623052,3
2026-08-27,TATACOMM,14,1,0.0461480385500056,0.287060022354126,0.27155876,0.1062812,0.11527756159667966,3
2026-08-27,TATACOMM,16,1,0.04380281326530107,0.2677939236164093,0.38638115,0.1062812,0.23009994929199218,3
2026-08-27,TATACOMM,17,1,0.05661429486425428,0.2580372393131256,0.07827282,0.1062812,-0.07800838048095704,3
2026-08-27,TATACOMM,66,1,0.04745826321523876,0.2815723717212677,-0.6185591,0.1062812,-0.7748403220855713,3
2026-08-27,TATACOMM,67,1,0.06639297622293396,0.2995966374874115,-0.88818073,0.10628119999999998,-1.0444619327270508,3
2026-08-27,TATACONSUM,9,1,0.0603105636886543,0.24824446439743042,0.03848076,0.10628119999999998,-0.1178004413330078,3
2026-08-27,TATACONSUM,12,1,0.0448543837088287,0.23316752910614014,0.08660555,0.1062812,-0.06967565114135743,3
2026-08-27,TATACONSUM,14,1,0.0445080050988174,0.18644975125789642,0.31791925,0.1062812,0.1616380543029785,3
2026-08-27,TATAELXSI,7,1,0.046747599391246654,0.3006336987018585,-0.2581656,0.1062812,-0.4144467979156494,3
2026-08-27,TATAELXSI,8,1,0.04577470504035329,0.28969815373420715,-0.3625393,0.10628119999999998,-0.518820491381836,3
2026-08-27,TATAELXSI,9,1,0.06888293271934545,0.28574544191360474,-0.19812584,0.1062812,-0.35440703923339845,3
2026-08-27,TATAELXSI,10,1,0.06420434922137905,0.2734353840351105,-0.21464229,0.10628119999999998,-0.37092348630065913,3
2026-08-27,TATAELXSI,11,1,0.06329408982969578,0.2597144842147827,-0.12669563,0.10628119999999998,-0.28297683293457027,3
2026-08-27,TATAELXSI,12,1,0.053938855513475104,0.24475884437561035,-0.1514554,0.1062812,-0.3077366023742676,3
2026-08-27,TATAELXSI,17,1,0.0441480447440869,0.1483268290758133,0.09102821,0.1062812,-0.06525298649902345,3
2026-08-27,TATAELXSI,18,1,0.0446655514061778,0.14064821600914001,0.024819374,0.1062812,-0.13146182591552735,3
2026-08-27,TATAINVEST,6,1,0.04728664327194457,0.33827728033065796,-0.15639663,0.10628119999999998,-0.3126778274261474,3
2026-08-27,TATAINVEST,7,1,0.0601313378005351,0.31768181920051575,-0.16422272,0.10628119999999998,-0.3205039172851562,3
2026-08-27,TATAINVEST,8,1,0.06519589746661737,0.3095606565475464,-0.09391904,0.1062812,-0.250200238772583,3
2026-08-27,TATAINVEST,9,1,0.08903058870641256,0.2969532608985901,0.054836273,0.10628119999999998,-0.1014449268066406,3
2026-08-27,TATAINVEST,10,1,0.07071727598607205,0.2870975732803345,-0.086158514,0.10628119999999998,-0.2424397140228271,3
2026-08-27,TATAINVEST,11,1,0.0688430281019186,0.2760603129863739,-0.023514032,0.1062812,-0.1797952323638916,3
2026-08-27,TATAINVEST,12,1,0.06511856751986689,0.26504573225975037,-0.09402633,0.10628119999999998,-0.25030752713317866,3
2026-08-27,TATAINVEST,13,1,0.05008820109349296,0.253984659910202,-0.12523532,0.1062812,-0.28151651913757325,3
2026-08-27,TATAPOWER,3,1,0.0608950902468577,1.135393738746643,-0.3416896,0.10628120000000002,-0.4979707866394043,3
2026-08-27,TATAPOWER,4,1,0.058090525486833564,0.9830951690673828,-0.5965948,0.1062812,-0.7528760104858399,3
2026-08-27,TATAPOWER,5,1,0.06328904701095003,0.8712132573127747,-0.7381141,0.1062812,-0.8943953185760498,3
2026-08-27,TATAPOWER,6,1,0.056982752730479425,0.7859988808631897,-0.90729,0.10628119999999998,-1.063571181842041,3
2026-08-27,TATAPOWER,7,1,0.06718108546139373,0.7604372501373291,-0.39892197,0.1062812,-0.5552031665527344,3
2026-08-27,TATAPOWER,8,1,0.05595563178772437,0.7348041534423828,0.15746355,0.1062812,0.0011823505676269441,3
2026-08-27,TATAPOWER,9,1,0.08157501790278551,0.7047898173332214,0.042903423,0.10628119999999998,-0.11337777669067381,3
2026-08-27,TATAPOWER,10,1,0.07483267162605586,0.6649352312088013,-0.21428466,0.1062812,-0.37056585843200684,3
2026-08-27,TATAPOWER,11,1,0.07243203437446302,0.6227968335151672,-0.14289618,0.10628119999999998,-0.29917737538452144,3
2026-08-27,TATAPOWER,12,1,0.0822450379891542,0.5896003246307373,-0.07148981,0.1062812,-0.22777101094360352,3
2026-08-27,TATAPOWER,13,1,0.08442949173604336,0.5599828958511353,-0.11449456,0.1062812,-0.27077576214904786,3
2026-08-27,TATAPOWER,14,1,0.0748746254208646,0.3678186237812042,-0.12873411,0.10628120000000002,-0.2850153117858887,3
2026-08-27,TATAPOWER,15,1,0.05633343910859005,0.33891963958740234,-0.100046396,0.1062812,-0.2563275962554932,3
2026-08-27,TATAPOWER,16,1,0.08104411187866373,0.3144640624523163,-0.028580427,0.1062812,-0.1848616271697998,3
2026-08-27,TATAPOWER,17,1,0.09361594843093082,0.2955296039581299,-0.20046234,0.1062812,-0.35674354130859376,3
2026-08-27,TATAPOWER,18,1,0.08241372464082258,0.282114177942276,-0.071549416,0.10628119999999998,-0.22783061558837886,3
2026-08-27,TATAPOWER,19,1,0.08016988978481415,0.28513970971107483,0.042915344,0.1062812,-0.11336585576171876,3
2026-08-27,TATAPOWER,20,1,0.05908174225208857,0.2814541161060333,0.14322996,0.1062812,-0.013051238604736337,3
2026-08-27,TATAPOWER,21,1,0.04990868339028676,0.255757212638855,0.20051003,0.1062812,0.044228825024414054,3
2026-08-27,TATASTEEL,7,1,0.0500794260685686,0.47390416264533997,-0.122106075,0.1062812,-0.27838727528686524,3
2026-08-27,TATASTEEL,8,1,0.04830384326233163,0.4482264220714569,-0.005310774,0.1062812,-0.1615919738494873,3
2026-08-27,TATASTEEL,9,1,0.07056875379621566,0.44198188185691833,-0.19094348,0.10628119999999998,-0.3472246795379638,3
2026-08-27,TATASTEEL,10,1,0.04597989554911316,0.4295925199985504,-0.292027,0.10628119999999998,-0.4483081966125488,3
2026-08-27,TATASTEEL,12,1,0.06140373625364791,0.39604881405830383,-0.43014288,0.1062812,-0.586424079486084,3
2026-08-27,TATASTEEL,13,1,0.05009901898913678,0.37665942311286926,-0.36110282,0.1062812,-0.517384019442749,3
2026-08-27,TATASTEEL,14,1,0.04906019842121811,0.34550657868385315,-0.10099411,0.1062812,-0.2572753101074219,3
2026-08-27,TATASTEEL,16,1,0.045503722064573544,0.3055603802204132,0.122225285,0.10628119999999998,-0.034055915423583966,3
2026-08-27,TATASTEEL,17,1,0.07299938195713492,0.2776676416397095,0.10648966,0.1062812,-0.04979154164428712,3
2026-08-27,TATASTEEL,18,1,0.06501083232580881,0.2661851644515991,0.35668612,0.10628119999999998,0.20040491526489262,3
2026-08-27,TATASTEEL,19,1,0.0510448087618925,0.2464773952960968,0.7731199,0.1062812,0.6168387264526367,3
2026-08-27,TCS,7,1,0.05772216848602624,0.3532108664512634,-0.10649562,0.1062812,-0.26277681882019044,3
2026-08-27,TCS,8,1,0.05792548707562166,0.3254883289337158,-0.19528866,0.10628119999999998,-0.3515698581420898,3
2026-08-27,TCS,9,1,0.08669049040669392,0.3027712404727936,-0.19977689,0.10628119999999998,-0.3560580878936767,3
2026-08-27,TCS,10,1,0.07017838577208967,0.2978544235229492,-0.4079461,0.10628119999999998,-0.5642273097717285,3
2026-08-27,TCS,11,1,0.06822404116233347,0.2866775691509247,-0.21751523,0.10628120000000002,-0.373796430178833,3
2026-08-27,TCS,12,1,0.07545608327962021,0.2718084156513214,-0.15985966,0.10628120000000002,-0.31614085728759767,3
2026-08-27,TCS,13,1,0.0735295792079742,0.2587810754776001,-0.11099577,0.1062812,-0.26727696950073243,3
2026-08-27,TCS,16,1,0.04610641432104633,0.15950515866279602,0.10231733,0.1062812,-0.05396386677856446,3
2026-08-27,TCS,17,1,0.051020654554539094,0.14470013976097107,0.20925999,0.1062812,0.0529787868774414,3
2026-08-27,TECHM,9,1,0.06465163627471335,0.3635673522949219,0.5428195,0.10628119999999998,0.38653829996948247,3
2026-08-27,TECHM,12,1,0.04839437006037593,0.34809067845344543,0.1948595,0.10628119999999998,0.03857830469970705,3
2026-08-27,TECHM,13,1,0.048100416460354206,0.34233444929122925,-0.012540817,0.10628119999999998,-0.16882201726074217,3
2026-08-27,TECHM,14,1,0.04676302436942181,0.2806398868560791,0.106692314,0.10628119999999998,-0.04958888585205076,3
2026-08-27,THERMAX,8,1,0.04359280776304753,0.4438883364200592,-0.18000603,0.1062812,-0.3362872272216797,3
2026-08-27,THERMAX,9,1,0.06915318741145222,0.4149157404899597,-0.0775218,0.10628120000000002,-0.23380300099487306,3
2026-08-27,THERMAX,10,1,0.05238242874350331,0.4053444266319275,-0.067561865,0.10628119999999998,-0.22384306485290523,3
2026-08-27,THERMAX,11,1,0.05042699605353971,0.38199281692504883,-0.02503395,0.1062812,-0.18131515080566407,3
2026-08-27,THERMAX,12,1,0.05599072864058737,0.35903435945510864,-0.13762116,0.1062812,-0.2939023643218994,3
2026-08-27,THERMAX,13,1,0.04868121505400131,0.3389100730419159,-0.20259023,0.1062812,-0.3588714271270752,3
2026-08-27,THERMAX,14,1,0.04935966892242942,0.28088656067848206,0.01001358,0.1062812,-0.14626761967773438,3
2026-08-27,THERMAX,15,1,0.044535743653442116,0.2583284080028534,-0.20036697,0.10628120000000002,-0.35664817387695313,3
2026-08-27,TIINDIA,7,1,0.049357268240690505,0.32225367426872253,-0.35880208,0.1062812,-0.515083280154419,3
2026-08-27,TIINDIA,8,1,0.04362112309068666,0.36281561851501465,0.01746416,0.1062812,-0.13881703908081056,3
2026-08-27,TIINDIA,9,1,0.06363535588417046,0.3571167588233948,0.06980896,0.1062812,-0.08647224003906251,3
2026-08-27,TIINDIA,10,1,0.04886060093316461,0.3439435660839081,0.031387806,0.1062812,-0.1248933940612793,3
2026-08-27,TIINDIA,11,1,0.04818949118385402,0.3323209881782532,0.08023977,0.1062812,-0.07604142720336915,3
2026-08-27,TIINDIA,12,1,0.07470818857632239,0.31923723220825195,-0.066292286,0.10628120000000002,-0.22257348591918946,3
2026-08-27,TIINDIA,13,1,0.07093082352324984,0.30408865213394165,0.26183128,0.1062812,0.10555008356933591,3
2026-08-27,TIINDIA,14,1,0.06351730427136405,0.2841755747795105,0.47943592,0.10628119999999998,0.3231547207153321,3
2026-08-27,TIINDIA,16,1,0.05843351219726379,0.27480143308639526,0.017440319,0.10628119999999998,-0.13884088093872068,3
2026-08-27,TIINDIA,17,1,0.06842055877426736,0.26273322105407715,-0.06623864,0.1062812,-0.2225198417388916,3
2026-08-27,TITAN,7,1,0.0516515867981338,0.3277434706687927,0.68303347,0.10628119999999998,0.5267522663391113,3
2026-08-27,TITAN,8,1,0.04921367576093625,0.32492122054100037,0.5604744,0.1062812,0.4041931957519531,3
2026-08-27,TITAN,9,1,0.06304428511816015,0.3283681571483612,0.30033588,0.1062812,0.14405468409423827,3
2026-08-27,TITAN,10,1,0.044970916283689905,0.31488779187202454,0.32559633,0.1062812,0.16931513255004882,3
2026-08-27,TITAN,11,1,0.04843184520119802,0.30716851353645325,0.5600095,0.10628119999999998,0.4037282795227051,3
2026-08-27,TITAN,12,1,0.05527915309525088,0.3040229082107544,0.38443804,0.10628119999999998,0.2281568378723145,3
2026-08-27,TITAN,13,1,0.05460188840355179,0.31522637605667114,-0.039064884,0.1062812,-0.19534608418579102,3
2026-08-27,TITAN,14,1,0.048417674163658185,0.28948941826820374,0.03323555,0.10628119999999998,-0.12304565007324217,3
2026-08-27,TITAN,16,1,0.05792241871756315,0.2616860568523407,0.18392801,0.1062812,0.02764681284790038,3
2026-08-27,TMCV,3,1,0.05652066314237842,1.01595938205719,0.67020655,0.1062812,0.5139253467834473,3
2026-08-27,TMCV,4,1,0.06764526524750605,0.9358111023902893,0.40322542,0.1062812,0.24694422190551757,3
2026-08-27,TMCV,5,1,0.06424340422931642,0.8575983643531799,0.10586977,0.10628119999999998,-0.05041142994995115,3
2026-08-27,TMCV,6,1,0.07004411406262698,0.7874263525009155,0.3393054,0.1062812,0.18302420084838866,3
2026-08-27,TMCV,7,1,0.08179346222185982,0.7470813393592834,0.4246235,0.1062812,0.2683422893798828,3
2026-08-27,TMCV,8,1,0.07416634140895227,0.6870063543319702,0.3072977,0.1062812,0.1510165066040039,3
2026-08-27,TMCV,9,1,0.08520240700560999,0.65355384349823,0.45454502,0.10628119999999998,0.29826382105712895,3
2026-08-27,TMCV,10,1,0.0683698618015898,0.6186777949333191,0.5178094,0.10628119999999998,0.36152819102172856,3
2026-08-27,TMCV,11,1,0.06411658434500647,0.5803919434547424,0.5178571,0.1062812,0.3615758747375488,3
2026-08-27,TMCV,12,1,0.0767239451574994,0.5523560643196106,0.49682856,0.10628119999999998,0.34054735606079106,3
2026-08-27,TMCV,13,1,0.071777870971121,0.5253546833992004,0.23248196,0.10628119999999998,0.07620075648193363,3
2026-08-27,TMCV,14,1,0.0715771417985055,0.3699788451194763,0.06341934,0.10628119999999998,-0.09286185795898436,3
2026-08-27,TMCV,15,1,0.05929124532326131,0.3086230754852295,-0.021123886,0.1062812,-0.17740508610839845,3
2026-08-27,TMCV,16,1,0.054190347761642006,0.32170283794403076,-0.42092204,0.10628120000000002,-0.5772032409393311,3
2026-08-27,TMCV,17,1,0.06683654368930579,0.3168925642967224,-0.7043719,0.1062812,-0.8606531291687012,3
2026-08-27,TMCV,18,1,0.061302221273863644,0.283881276845932,-0.67297816,0.1062812,-0.8292593627655029,3
2026-08-27,TMCV,19,1,0.05841833697666147,0.2622120678424835,-0.683707,0.10628119999999998,-0.8399881988250733,3
2026-08-27,TMCV,20,1,0.04669645785190166,0.26056161522865295,-0.40063262,0.10628119999999998,-0.5569138198577881,3
2026-08-27,TORNTPHARM,8,1,0.04495529755404445,0.3080442547798157,0.25482178,0.1062812,0.09854057734374998,3
2026-08-27,TORNTPHARM,9,1,0.06575548081516544,0.30741041898727417,0.12212992,0.1062812,-0.03415128285522462,3
2026-08-27,TORNTPHARM,10,1,0.04527440624339987,0.29707643389701843,-0.2850473,0.1062812,-0.4413284927093506,3
2026-08-27,TORNTPHARM,11,1,0.04758671713919533,0.29019448161125183,-0.14259815,0.10628120000000002,-0.29887935216064454,3
2026-08-27,TORNTPHARM,12,1,0.06550244311155157,0.27259910106658936,-0.38672686,0.1062812,-0.5430080562316895,3
2026-08-27,TORNTPHARM,13,1,0.06134217562814841,0.27324390411376953,-0.2950132,0.10628119999999998,-0.45129438931579585,3
2026-08-27,TORNTPOWER,6,1,0.04762853908051035,0.4187858998775482,-0.51406026,0.1062812,-0.6703414588653565,3
2026-08-27,TORNTPOWER,7,1,0.060608487743192045,0.4019627869129181,-0.51447153,0.1062812,-0.6707527309143066,3
2026-08-27,TORNTPOWER,8,1,0.06868425461013251,0.3873061239719391,-0.39436817,0.10628119999999998,-0.5506493716918945,3
2026-08-27,TORNTPOWER,9,1,0.08039085140708926,0.3661382496356964,-0.46661496,0.10628119999999998,-0.6228961616241455,3
2026-08-27,TORNTPOWER,10,1,0.08419326301509969,0.34795984625816345,-0.4995525,0.1062812,-0.6558336883270264,3
2026-08-27,TORNTPOWER,11,1,0.07320147048281678,0.33024534583091736,-0.44301152,0.10628120000000002,-0.5992927222930908,3
2026-08-27,TORNTPOWER,12,1,0.0924126618462264,0.33647221326828003,-0.35512447,0.10628119999999998,-0.5114056735717774,3
2026-08-27,TORNTPOWER,13,1,0.09074312592237696,0.32928869128227234,-0.3711462,0.1062812,-0.5274274020874024,3
2026-08-27,TORNTPOWER,14,1,0.0866622508841661,0.26606783270835876,-0.2665639,0.1062812,-0.42284509236450196,3
2026-08-27,TORNTPOWER,15,1,0.060808116807876046,0.2551017701625824,-0.16974807,0.10628119999999998,-0.3260292678558349,3
2026-08-27,TORNTPOWER,16,1,0.060571930403480766,0.23786403238773346,-0.3877282,0.1062812,-0.544009414263916,3
2026-08-27,TORNTPOWER,17,1,0.05796123239873583,0.2313663363456726,-0.2509892,0.1062812,-0.4072703986846924,3
2026-08-27,TORNTPOWER,18,1,0.048018996388566715,0.2340499311685562,-0.38838387,0.1062812,-0.5446650653564453,3
2026-08-27,TORNTPOWER,19,1,0.04686303287257675,0.22795066237449646,-0.3400743,0.1062812,-0.4963555007659912,3
2026-08-27,TRENT,7,1,0.050756505905572485,0.303753525018692,-0.3717482,0.1062812,-0.5280294089996338,3
2026-08-27,TRENT,8,1,0.05603973509721003,0.287057489156723,-0.38246512,0.10628119999999998,-0.538746324130249,3
2026-08-27,TRENT,9,1,0.06992667538804459,0.27372094988822937,-0.38567185,0.1062812,-0.541953054019165,3
2026-08-27,TRENT,12,1,0.047424133081223604,0.2319575697183609,-0.40647984,0.1062812,-0.5627610355102539,3
2026-08-27,TRENT,13,1,0.04377574876489274,0.2339838445186615,-0.19336939,0.10628119999999998,-0.3496505885803222,3
2026-08-27,TRENT,14,1,0.04378251058341538,0.20556709170341492,-0.110554695,0.1062812,-0.26683589512939454,3
2026-08-27,TRENT,16,1,0.04466845679719661,0.18518643081188202,-0.06913543,0.1062812,-0.2254166274749756,3
2026-08-27,TRENT,17,1,0.045361401034131235,0.18917006254196167,-0.207448,0.1062812,-0.36372920567626954,3
2026-08-27,TVSMOTOR,3,1,0.05080797748594578,0.6831735372543335,-0.17806292,0.1062812,-0.33434411580200196,3
2026-08-27,TVSMOTOR,4,1,0.05894026880926244,0.6107044816017151,0.41629076,0.1062812,0.2600095600402832,3
2026-08-27,TVSMOTOR,5,1,0.05416510899395886,0.5346245765686035,0.37696362,0.1062812,0.22068241541748046,3
2026-08-27,TVSMOTOR,6,1,0.04734903218522798,0.525955319404602,0.18675327,0.1062812,0.030472073010253897,3
2026-08-27,TVSMOTOR,7,1,0.05634449241394786,0.49092191457748413,0.26921034,0.1062812,0.11292913859252927,3
2026-08-27,TVSMOTOR,8,1,0.06823865527135327,0.4652690887451172,0.43429136,0.1062812,0.27801016276245116,3
2026-08-27,TVSMOTOR,9,1,0.09668043937972907,0.4362833797931671,0.49848557,0.1062812,0.34220436518554687,3
2026-08-27,TVSMOTOR,10,1,0.08491966132972353,0.41395002603530884,0.18749237,0.10628119999999998,0.03121117060546877,3
2026-08-27,TVSMOTOR,11,1,0.058070562755468694,0.41152223944664,-0.30944347,0.1062812,-0.465724673815918,3
2026-08-27,TVSMOTOR,12,1,0.06238974281261397,0.40671011805534363,-0.2821803,0.10628119999999998,-0.43846150929565425,3
2026-08-27,TVSMOTOR,13,1,0.06323478647051102,0.3961939513683319,-0.38645267,0.1062812,-0.5427338748657227,3
2026-08-27,TVSMOTOR,14,1,0.06299421393612217,0.3039167821407318,-0.20477772,0.1062812,-0.36105891759033204,3
2026-08-27,TVSMOTOR,16,1,0.05703743353977316,0.244427889585495,-0.036406517,0.10628119999999998,-0.19268771702880855,3
2026-08-27,TVSMOTOR,17,1,0.067344760501105,0.25332537293434143,0.21908283,0.1062812,0.06280163233642577,3
2026-08-27,TVSMOTOR,18,1,0.0594357982948242,0.2411157190799713,0.2213955,0.1062812,0.06511429255371093,3
2026-08-27,TVSMOTOR,19,1,0.04805050668944451,0.23636113107204437,0.21682978,0.10628119999999998,0.060548576763916034,3
2026-08-27,UBL,12,1,0.04446713104176136,0.17805473506450653,-0.2679348,0.1062812,-0.42421599919433595,3
2026-08-27,UBL,13,1,0.04541117074846238,0.1827016919851303,0.04476309,0.10628119999999998,-0.11151811177368162,3
2026-08-27,UBL,14,1,0.04332193832666867,0.15036641061306,0.3358245,0.10628119999999998,0.1795432895935059,3
2026-08-27,UBL,16,1,0.04350705436150765,0.15926489233970642,0.13414621,0.1062812,-0.02213498646850587,3
2026-08-27,UBL,18,1,0.04764234306767979,0.1550966054201126,0.14178753,0.10628119999999998,-0.014493671008300762,3
2026-08-27,ULTRACEMCO,7,1,0.04492685108345647,0.2941928803920746,0.36667585,0.1062812,0.21039465372924804,3
2026-08-27,ULTRACEMCO,8,1,0.04383153726657669,0.27754098176956177,0.2385974,0.1062812,0.08231619303588865,3
2026-08-27,ULTRACEMCO,9,1,0.06422738897276271,0.3059840798377991,-0.34751892,0.1062812,-0.5038001208984375,3
2026-08-27,ULTRACEMCO,10,1,0.048766557608451076,0.2958648204803467,-0.4152894,0.1062812,-0.5715706020080566,3
2026-08-27,ULTRACEMCO,11,1,0.04988672839595467,0.2908211052417755,-0.4159212,0.1062812,-0.5722024112426758,3
2026-08-27,ULTRACEMCO,12,1,0.06689981780605425,0.2849002778530121,-0.3311515,0.10628119999999998,-0.4874326854431152,3
2026-08-27,ULTRACEMCO,13,1,0.06478363787560708,0.2730914056301117,-0.45879483,0.1062812,-0.6150760322296143,3
2026-08-27,ULTRACEMCO,17,1,0.04617582189589748,0.19331307709217072,-0.23829937,0.1062812,-0.3945805698120117,3
2026-08-27,ULTRACEMCO,18,1,0.04341629339203878,0.1850859671831131,-0.17892122,0.1062812,-0.3352024226867676,3
2026-08-27,UNIONBANK,4,1,0.04613248195608979,0.42869138717651367,-0.1764059,0.10628120000000002,-0.3326871066772461,3
2026-08-27,UNIONBANK,6,1,0.05038194098281668,0.34673523902893066,-0.37413836,0.1062812,-0.530419555255127,3
2026-08-27,UNIONBANK,7,1,0.053712370860469,0.32287731766700745,-0.42780638,0.1062812,-0.5840875774108887,3
2026-08-27,UNIONBANK,8,1,0.06104050760150046,0.2979682683944702,-0.43878555,0.1062812,-0.5950667529785156,3
2026-08-27,UNIONBANK,9,1,0.07546776263040382,0.2869337201118469,-0.5718887,0.1062812,-0.7281698852264404,3
2026-08-27,UNIONBANK,10,1,0.054995175066476644,0.26910659670829773,-0.6839454,0.10628119999999998,-0.8402266174041748,3
2026-08-27,UNIONBANK,11,1,0.06927890548961764,0.2695353031158447,-0.51406026,0.10628119999999998,-0.6703414588653565,3
2026-08-27,UNIONBANK,12,1,0.0768651473939784,0.2731177508831024,-0.4344344,0.1062812,-0.5907156139099121,3
2026-08-27,UNIONBANK,13,1,0.07578446797669017,0.26325738430023193,-0.26828647,0.1062812,-0.42456766659851075,3
2026-08-27,UNIONBANK,14,1,0.04899936680232364,0.19257226586341858,-0.03222227,0.10628119999999998,-0.18850347096557613,3
2026-08-27,UNIONBANK,16,1,0.04906836966108934,0.20119546353816986,0.34936666,0.10628119999999998,0.19308546488647466,3
2026-08-27,UNIONBANK,17,1,0.05158417939965978,0.19329825043678284,0.7267833,0.1062812,0.570502075604248,3
2026-08-27,UNITDSPR,7,1,0.04929361006234707,0.3163943290710449,-0.48108697,0.1062812,-0.6373681693756104,3
2026-08-27,UNITDSPR,8,1,0.04984821269772224,0.3142104148864746,-0.01322031,0.1062812,-0.16950151021118165,3
2026-08-27,UNITDSPR,9,1,0.07911658468316965,0.29976987838745117,-0.013196468,0.10628119999999998,-0.16947766835327147,3
2026-08-27,UNITDSPR,10,1,0.07232107996820478,0.2946524918079376,0.046300888,0.1062812,-0.10998031193847657,3
2026-08-27,UNITDSPR,11,1,0.07827754368856901,0.29093626141548157,0.17223358,0.1062812,0.01595238154296874,3
2026-08-27,UNITDSPR,12,1,0.08771809327825797,0.27625536918640137,0.33794641,0.1062812,0.18166521494750976,3
2026-08-27,UNITDSPR,13,1,0.08131835355887458,0.2642534673213959,0.4441738,0.1062812,0.28789261286621093,3
2026-08-27,UNITDSPR,16,1,0.05052895872920583,0.2456398904323578,0.20484924,0.1062812,0.04856804316406249,3
2026-08-27,UNITDSPR,17,1,0.05777179404979138,0.24225161969661713,0.15206337,0.1062812,-0.0042178302490234465,3
2026-08-27,UNITDSPR,18,1,0.04841166366825963,0.22861747443675995,0.31077862,0.1062812,0.1544974178588867,3
2026-08-27,UNITDSPR,19,1,0.04554855551249926,0.23020252585411072,0.22454262,0.10628119999999998,0.06826141779785158,3
2026-08-27,UNOMINDA,8,1,0.04357049513133411,0.4212743639945984,0.039494038,0.1062812,-0.11678716237182618,3
2026-08-27,UNOMINDA,9,1,0.06304428511816015,0.39415502548217773,0.039494038,0.1062812,-0.11678716237182618,3
2026-08-27,UNOMINDA,12,1,0.049071602052784616,0.34507521986961365,0.12613535,0.1062812,-0.03014585072631837,3
2026-08-27,UNOMINDA,13,1,0.05637604488426799,0.3435755968093872,0.30013323,0.1062812,0.14385202830200194,3
2026-08-27,UNOMINDA,14,1,0.0552007525241105,0.272512823343277,0.29215813,0.10628119999999998,0.13587692683105473,3
2026-08-27,UPL,7,1,0.04374775910662877,0.3683086037635803,-0.3084302,0.10628119999999998,-0.4647113948547363,3
2026-08-27,UPL,8,1,0.04745217532343037,0.3566390573978424,0.060081482,0.1062812,-0.09619971806640626,3
2026-08-27,UPL,9,1,0.0794553936126065,0.33299046754837036,-0.034338236,0.1062812,-0.19061943585510255,3
2026-08-27,UPL,10,1,0.07507294508132945,0.31364163756370544,-0.18022656,0.1062812,-0.33650776440734864,3
2026-08-27,UPL,11,1,0.0762688858079108,0.2990502417087555,-0.13740659,0.1062812,-0.293687787600708,3
2026-08-27,UPL,12,1,0.08297276218311081,0.2825533449649811,-0.28333068,0.1062812,-0.43961187893981934,3
2026-08-27,UPL,13,1,0.08208124491501573,0.270595908164978,-0.26629567,0.10628119999999998,-0.42257687146301265,3
2026-08-27,UPL,16,1,0.047029763375860296,0.16682733595371246,-0.12021661,0.1062812,-0.27649780804748536,3
2026-08-27,UPL,17,1,0.051504239375424185,0.1633578985929489,-0.05159974,0.1062812,-0.20788094098205567,3
2026-08-27,UPL,18,1,0.05368646278366996,0.1566430926322937,0.0172019,0.10628119999999998,-0.13907929951782225,3
2026-08-27,UPL,19,1,0.052116004751822397,0.16482749581336975,0.111961365,0.1062812,-0.04431983525390626,3
2026-08-27,VBL,3,1,0.050344885852271856,0.9047223925590515,-0.41528344,0.1062812,-0.5715646415435791,3
2026-08-27,VBL,4,1,0.059050613588904656,0.8212330341339111,-0.19035935,0.10628120000000002,-0.34664055401916505,3
2026-08-27,VBL,7,1,0.05539782116590917,0.6504517793655396,-0.17863512,0.10628119999999998,-0.33491632039184566,3
2026-08-27,VBL,8,1,0.059114920186536,0.6247261166572571,0.19099712,0.10628119999999998,0.03471592371826174,3
2026-08-27,VBL,9,1,0.07850879510686881,0.5804368257522583,0.56113005,0.1062812,0.4048488468444824,3
2026-08-27,VBL,10,1,0.04780241401062296,0.5524083971977234,0.51232576,0.10628120000000002,0.35604456370239257,3
2026-08-27,VBL,11,1,0.0441853115711644,0.5284699201583862,0.87018013,0.1062812,0.7138989300048828,3
2026-08-27,VBL,12,1,0.05124894550476715,0.5012739300727844,0.6314039,0.1062812,0.475122723034668,3
2026-08-27,VBL,13,1,0.05811464099812276,0.48379942774772644,0.6797075,0.1062812,0.5234263271606445,3
2026-08-27,VBL,14,1,0.05995252679013862,0.35790979862213135,1.0970712,0.1062812,0.9407899708068848,3
2026-08-27,VBL,16,1,0.046220409416598926,0.29680687189102173,0.3679514,0.10628119999999998,0.21167019312744145,3
2026-08-27,VBL,17,1,0.0523903846314039,0.3352980315685272,0.11854172,0.10628119999999998,-0.037739482470703106,3
2026-08-27,VBL,18,1,0.046359141324025174,0.33511167764663696,-0.14181137,0.10628119999999998,-0.29809257084960933,3
2026-08-27,VBL,19,1,0.04555208485638816,0.34078022837638855,0.04736185,0.1062812,-0.10891934926147462,3
2026-08-27,VBL,22,1,0.04719385369705423,0.3254421055316925,-0.47197938,0.10628119999999998,-0.6282605796539307,3
2026-08-27,VEDL,3,1,0.0883533905372781,0.799789547920227,-0.45703053,0.1062812,-0.6133117347442627,3
2026-08-27,VEDL,4,1,0.05912738882925637,0.7775835990905762,-0.963223,0.10628119999999998,-1.1195041804992676,3
2026-08-27,VEDL,5,1,0.06746805466113018,0.7261649966239929,-0.94670653,0.1062812,-1.1029877334320068,3
2026-08-27,VEDL,6,1,0.05820918072060302,0.6766902208328247,-0.9296596,0.1062812,-1.0859408050262451,3
2026-08-27,VEDL,7,1,0.08525608493643934,0.6772831678390503,-0.31768084,0.10628119999999998,-0.4739620357238769,3
2026-08-27,VEDL,8,1,0.07685512436417827,0.6201168298721313,-0.2119422,0.1062812,-0.368223395892334,3
2026-08-27,VEDL,9,1,0.09675961799283449,0.5812703371047974,-0.12369752,0.10628119999999998,-0.2799787193023681,3
2026-08-27,VEDL,10,1,0.08438494629877083,0.5522274374961853,-0.3001988,0.1062812,-0.4564799934112549,3
2026-08-27,VEDL,11,1,0.0814358162738544,0.5201866626739502,-0.07073879,0.1062812,-0.2270199924194336,3
2026-08-27,VEDL,12,1,0.07843484968549462,0.5037423968315125,-0.2123177,0.10628119999999998,-0.3685989051544189,3
2026-08-27,VEDL,13,1,0.07596914855057682,0.47804442048072815,0.0,0.10628120000000002,-0.1562812,3
2026-08-27,VEDL,14,1,0.07171699170723755,0.3642241060733795,0.01770258,0.1062812,-0.138578620501709,3
2026-08-27,VEDL,15,1,0.062211207957254475,0.3438686728477478,0.17704964,0.10628120000000002,0.02076843684082029,3
2026-08-27,VEDL,16,1,0.06329143225143939,0.3172072470188141,-0.3891766,0.1062812,-0.545457807131958,3
2026-08-27,VEDL,17,1,0.07487980532954182,0.30109721422195435,-0.26567578,0.10628119999999998,-0.4219569831573486,3
2026-08-27,VEDL,18,1,0.06525772710385766,0.2629108428955078,-0.23004413,0.1062812,-0.3863253265106201,3
2026-08-27,VEDL,19,1,0.05073905294038939,0.25075894594192505,-0.08863807,0.10628119999999998,-0.24491926724548335,3
2026-08-27,VOLTAS,7,1,0.05138686953541938,0.48761114478111267,-0.45781136,0.1062812,-0.6140925555908203,3
2026-08-27,VOLTAS,8,1,0.05582358009566504,0.4811508059501648,-0.22954941,0.10628119999999998,-0.38583060795898433,3
2026-08-27,VOLTAS,9,1,0.08488400780654716,0.4538370966911316,-0.17231107,0.10628119999999998,-0.3285922675811767,3
2026-08-27,VOLTAS,10,1,0.06124257191412846,0.43229708075523376,-0.22147298,0.1062812,-0.37775417859191895,3
2026-08-27,VOLTAS,11,1,0.06303557250996861,0.41047534346580505,-0.016409159,0.1062812,-0.17269035870666505,3
2026-08-27,VOLTAS,12,1,0.057643241226508324,0.3931346535682678,-0.638932,0.1062812,-0.7952131896697998,3
2026-08-27,VOLTAS,13,1,0.061819903027353705,0.38161730766296387,-0.45973063,0.10628119999999998,-0.6160118251525879,3
2026-08-27,VOLTAS,14,1,0.05664073824986953,0.3279286324977875,-0.21360517,0.1062812,-0.3698863654815674,3
2026-08-27,VOLTAS,15,1,0.05183388485549184,0.3028523027896881,-0.13146996,0.1062812,-0.2877511649810791,3
2026-08-27,VOLTAS,16,1,0.06530750355238737,0.28475069999694824,0.024652481,0.1062812,-0.13162871892089845,3
2026-08-27,VOLTAS,17,1,0.07448016049939377,0.26483213901519775,-0.016450882,0.1062812,-0.17273208195800782,3
2026-08-27,VOLTAS,19,1,0.05344090377879194,0.2520311176776886,0.3297925,0.10628119999999998,0.17351129954223637,3
2026-08-27,WIPRO,7,1,0.04979912439662209,0.26097485423088074,-0.03951192,0.1062812,-0.19579311902160645,3
2026-08-27,WIPRO,9,1,0.04673726733417575,0.22304940223693848,-0.11293292,0.1062812,-0.2692141204559326,3
2026-08-27,WIPRO,12,1,0.044406033351256084,0.1997307986021042,-0.20320415,0.1062812,-0.3594853549682617,3
2026-08-27,WIPRO,17,1,0.04479386590268994,0.1200428232550621,0.24331808,0.10628119999999998,0.08703688090209964,3
2026-08-27,YESBANK,9,1,0.06349048343219048,0.25055819749832153,0.3581047,0.1062812,0.20182350581054687,3
2026-08-27,ZYDUSLIFE,5,1,0.04950423093229385,0.5738092064857483,-0.017422438,0.10628120000000002,-0.1737036376678467,3
2026-08-27,ZYDUSLIFE,6,1,0.05840487768058839,0.5671797394752502,0.73451996,0.1062812,0.5782387584960937,3
2026-08-27,ZYDUSLIFE,7,1,0.0662256231108532,0.5253828763961792,1.1712313,0.1062812,1.0149500698364258,3
2026-08-27,ZYDUSLIFE,8,1,0.05788083477052264,0.5145185589790344,1.3690233,0.1062812,1.212742123059082,3
2026-08-27,ZYDUSLIFE,9,1,0.08143886656039766,0.5019631385803223,1.3966441,0.1062812,1.240362915447998,3
2026-08-27,ZYDUSLIFE,10,1,0.06436077845388205,0.47992920875549316,1.3000607,0.1062812,1.143779549053955,3
2026-08-27,ZYDUSLIFE,11,1,0.04526419105430567,0.4679601192474365,1.0795832,0.10628119999999998,0.9233019680297851,3
2026-08-27,ZYDUSLIFE,12,1,0.059929804663911006,0.4565098285675049,1.0623455,0.1062812,0.9060643047607422,3
2026-08-27,ZYDUSLIFE,13,1,0.05025189897890285,0.47246918082237244,0.9030938,0.1062812,0.7468126148498535,3
2026-08-27,ZYDUSLIFE,14,1,0.04376309991978231,0.4369017481803894,0.26779175,0.1062812,0.11151054804687498,3
2026-08-27,ZYDUSLIFE,17,1,0.05260620040841191,0.39498016238212585,-0.034457445,0.10628119999999998,-0.19073864514465327,3
2026-08-27,ZYDUSLIFE,18,1,0.056821478641566524,0.38267549872398376,0.31018257,0.1062812,0.1539013714111328,3
2026-08-27,ZYDUSLIFE,19,1,0.04492852531105575,0.3655746281147003,0.6634593,0.1062812,0.507178100994873,3
2026-08-27,ZYDUSLIFE,22,1,0.048092434919352445,0.31681856513023376,1.1284351,0.10628119999999998,0.9721539348876953,3
