day,symbol,bar,side,pred,atr,actual,fee_pct,net_fwd_pct,fold
2026-08-28,360ONE,14,-1,-0.05476919267895291,0.19781820476055145,-0.16639233,0.10628119999999995,-0.3226735263549804,4
2026-08-28,360ONE,26,-1,-0.09416409020681724,0.1633726805448532,0.2071917,0.10628119999999998,0.05091050570373537,4
2026-08-28,360ONE,28,-1,-0.07352745908271807,0.18299740552902222,-0.10813475,0.1062812,-0.2644159465515137,4
2026-08-28,3MINDIA,26,-1,-0.09272873234234015,0.14988629519939423,0.13036132,0.10628119999999998,-0.025919881411743145,4
2026-08-28,3MINDIA,28,-1,-0.05993112462330744,0.14496955275535583,0.029021502,0.10628119999999998,-0.12725969845886229,4
2026-08-28,ABB,26,-1,-0.09151216127651483,0.1526557356119156,-0.14020205,0.1062812,-0.29648324544067384,4
2026-08-28,ABB,28,-1,-0.0744745399271836,0.11526883393526077,-0.12003183,0.1062812,-0.27631303364868165,4
2026-08-28,ABBOTINDIA,26,-1,-0.08692843344548976,0.17884239554405212,0.3984034,0.1062812,0.24212220614318847,4
2026-08-28,ABBOTINDIA,28,-1,-0.05714191973837961,0.2015140801668167,-0.057196617,0.1062812,-0.21347781712646485,4
2026-08-28,ABCAPITAL,26,-1,-0.09111176857053759,0.12889719009399414,0.13510585,0.1062812,-0.02117535168762208,4
2026-08-28,ABCAPITAL,28,-1,-0.0708667991865603,0.1404513716697693,0.20902753,0.1062812,0.052746328762817374,4
2026-08-28,ACC,26,-1,-0.08846847010236357,0.11711520701646805,0.19816756,0.10628119999999998,0.04188636248474123,4
2026-08-28,ACC,28,-1,-0.06821792266681327,0.11119197309017181,0.061035156,0.1062812,-0.09524604375000001,4
2026-08-28,ADANIENSOL,3,1,0.05493980958733646,0.7219882607460022,0.0063061714,0.10628119999999998,-0.14997502858276365,4
2026-08-28,ADANIENSOL,26,-1,-0.07976791252304356,0.18042609095573425,0.3607869,0.1062812,0.20450571482543944,4
2026-08-28,ADANIENSOL,28,-1,-0.06503522591836211,0.19042235612869263,0.44312477,0.1062812,0.28684357111816405,4
2026-08-28,ADANIENT,26,-1,-0.08848276062767506,0.1423218995332718,0.21607876,0.1062812,0.059797558239746085,4
2026-08-28,ADANIENT,28,-1,-0.06968982873783744,0.14035367965698242,0.3491938,0.10628119999999998,0.19291261141662602,4
2026-08-28,ADANIGREEN,14,-1,-0.046695230088194546,0.2565772533416748,0.015223026,0.10628119999999998,-0.14105817372436522,4
2026-08-28,ADANIGREEN,26,-1,-0.08389777578412881,0.1753319948911667,0.11436343,0.1062812,-0.04191776806945802,4
2026-08-28,ADANIGREEN,28,-1,-0.06917775693918211,0.17472168803215027,0.25154948,0.1062812,0.09526828234558103,4
2026-08-28,ADANIPORTS,26,-1,-0.08443473678929722,0.18601803481578827,0.19356012,0.1062812,0.03727892344360351,4
2026-08-28,ADANIPORTS,28,-1,-0.07162639871482455,0.1805829554796219,0.18770695,0.10628119999999998,0.031425747326660175,4
2026-08-28,ADANIPOWER,3,1,0.06783947806878993,0.6979764699935913,0.065910816,0.1062812,-0.09037038380737306,4
2026-08-28,ADANIPOWER,26,-1,-0.08098100930697331,0.18633605539798737,0.09449124,0.10628119999999998,-0.06178995663757322,4
2026-08-28,ADANIPOWER,28,-1,-0.06705132913140106,0.1786816120147705,0.22656322,0.1062812,0.0702820152557373,4
2026-08-28,AIAENG,26,-1,-0.08255717181091068,0.17780843377113342,0.38470626,0.1062812,0.2284250587738037,4
2026-08-28,AIAENG,28,-1,-0.07176266134389499,0.1893148422241211,-0.21145344,0.10628119999999998,-0.36773463780517573,4
2026-08-28,AJANTPHARM,26,-1,-0.08971836603448756,0.19131608307361603,0.25001764,0.1062812,0.09373644297485349,4
2026-08-28,AJANTPHARM,28,-1,-0.06774392322559342,0.20569653809070587,-0.042259693,0.1062812,-0.19854089314575196,4
2026-08-28,ALKEM,26,-1,-0.09016394866011973,0.13982214033603668,0.42656064,0.1062812,0.270279440335083,4
2026-08-28,ALKEM,28,-1,-0.06574601538056869,0.1553516685962677,0.15800595,0.10628119999999998,0.0017247528350830266,4
2026-08-28,AMBUJACEM,26,-1,-0.09078200225263819,0.15304280817508698,0.42372942,0.1062812,0.26744821970825194,4
2026-08-28,AMBUJACEM,28,-1,-0.07048487238380038,0.14996469020843506,0.12140274,0.10628119999999998,-0.034878459521484356,4
2026-08-28,APARINDS,3,1,0.05360921170181114,0.8933150768280029,0.82064867,0.1062812,0.6643674701965332,4
2026-08-28,APARINDS,26,-1,-0.08683521275394424,0.22215700149536133,-0.45644045,0.1062812,-0.6127216487609863,4
2026-08-28,APLAPOLLO,26,-1,-0.08919200810177472,0.21288588643074036,0.07664561,0.10628119999999998,-0.07963558728332518,4
2026-08-28,APLAPOLLO,28,-1,-0.07043241498820628,0.21597079932689667,-0.75815916,0.10628119999999998,-0.9144403606140137,4
2026-08-28,APLAPOLLO,64,1,0.04837226696202082,0.24227331578731537,-0.14076829,0.10628119999999998,-0.29704948956604,4
2026-08-28,APLAPOLLO,65,1,0.05005456469391247,0.2596757709980011,0.030839443,0.1062812,-0.1254417567932129,4
2026-08-28,APLAPOLLO,66,1,0.04901461863630225,0.2788237929344177,0.2605796,0.1062812,0.10429838602905271,4
2026-08-28,APOLLOHOSP,26,-1,-0.08325630153095066,0.14209234714508057,-0.06762743,0.1062812,-0.2239086299621582,4
2026-08-28,APOLLOHOSP,28,-1,-0.06842793249520539,0.14856627583503723,0.07327795,0.1062812,-0.08300324971313477,4
2026-08-28,APOLLOTYRE,26,-1,-0.08731098379502805,0.19285595417022705,-0.07812977,0.10628119999999998,-0.23441096837158198,4
2026-08-28,APOLLOTYRE,28,-1,-0.06780592920095725,0.20909826457500458,-0.24580956,0.1062812,-0.40209075505371095,4
2026-08-28,ASHOKLEY,26,-1,-0.092033083177108,0.12449939548969269,0.15900135,0.1062812,0.0027201504028320223,4
2026-08-28,ASHOKLEY,28,-1,-0.06955405500573549,0.13448527455329895,0.05118847,0.1062812,-0.10509273106689454,4
2026-08-28,ASIANPAINT,26,-1,-0.08734310972284809,0.1282663643360138,0.43358207,0.1062812,0.277300867489624,4
2026-08-28,ASIANPAINT,28,-1,-0.06477758400288386,0.11949237436056137,0.18838644,0.1062812,0.0321052402770996,4
2026-08-28,ASTRAL,26,-1,-0.08905453420024023,0.20085535943508148,0.4210949,0.10628119999999998,0.26481369440917973,4
2026-08-28,ASTRAL,28,-1,-0.06841855660879874,0.2010507583618164,0.38264394,0.1062812,0.2263627380645752,4
2026-08-28,ATGL,26,-1,-0.08996749419189132,0.09486675262451172,0.0546813,0.1062812,-0.10159989888305665,4
2026-08-28,ATGL,28,-1,-0.06919525397137943,0.09202557057142258,0.1952827,0.1062812,0.039001497677612296,4
2026-08-28,AUBANK,26,-1,-0.08807047172108187,0.15855513513088226,0.6512046,0.1062812,0.4949233860290528,4
2026-08-28,AUBANK,28,-1,-0.06010617931170345,0.16845333576202393,0.46044588,0.10628119999999998,0.3041646808898926,4
2026-08-28,AUROPHARMA,26,-1,-0.08162861358349942,0.15232104063034058,-0.024580956,0.10628120000000002,-0.1808621555053711,4
2026-08-28,AUROPHARMA,28,-1,-0.07212097348128256,0.15048237144947052,-0.0,0.1062812,-0.1562812,4
2026-08-28,AWL,26,-1,-0.08991051709536362,0.18856121599674225,-0.1419425,0.10628119999999998,-0.2982237010681152,4
2026-08-28,AWL,28,-1,-0.0699172502707467,0.14050352573394775,-0.096297264,0.10628119999999998,-0.25257846409912105,4
2026-08-28,AXISBANK,26,-1,-0.0881753954256773,0.17227965593338013,-0.071406364,0.1062812,-0.22768756444091798,4
2026-08-28,AXISBANK,28,-1,-0.06997056257768096,0.159786194562912,-0.18250942,0.10628120000000002,-0.3387906223022461,4
2026-08-28,BAJAJ-AUTO,26,-1,-0.08598445601815144,0.13603730499744415,-0.22660494,0.1062812,-0.3828861385070801,4
2026-08-28,BAJAJ-AUTO,28,-1,-0.06867475907657829,0.1306547075510025,-0.19299984,0.1062812,-0.34928103978271485,4
2026-08-28,BAJAJFINSV,26,-1,-0.09391283514092924,0.1526673138141632,0.42548776,0.10628119999999998,0.269206556729126,4
2026-08-28,BAJAJFINSV,28,-1,-0.06281770984325977,0.17068220674991608,0.22588968,0.10628119999999998,0.06960848276977541,4
2026-08-28,BAJAJHLDNG,26,-1,-0.09446203489300511,0.12795424461364746,0.070273876,0.10628119999999998,-0.08600732380981443,4
2026-08-28,BAJAJHLDNG,28,-1,-0.07486419098904618,0.14284461736679077,0.43871403,0.1062812,0.28243282740478515,4
2026-08-28,BAJFINANCE,14,-1,-0.04995983509185398,0.22937041521072388,0.2776265,0.1062812,0.12134531443481443,4
2026-08-28,BAJFINANCE,26,-1,-0.09064984671745954,0.12059175223112106,0.19480586,0.1062812,0.03852466051940917,4
2026-08-28,BAJFINANCE,27,-1,-0.04190805205883107,0.12731225788593292,0.2785027,0.1062812,0.12222150271301267,4
2026-08-28,BAJFINANCE,28,-1,-0.07463656960229877,0.13062773644924164,0.37136674,0.10628120000000002,0.21508553927307128,4
2026-08-28,BALKRISIND,26,-1,-0.08910740264596068,0.21844318509101868,-0.30411482,0.1062812,-0.46039601857299806,4
2026-08-28,BALKRISIND,28,-1,-0.04575771935269221,0.2545894980430603,-0.01707077,0.1062812,-0.17335197026367188,4
2026-08-28,BALKRISIND,32,1,0.05046241926638667,0.34942740201950073,-0.14514327,0.1062812,-0.3014244704925537,4
2026-08-28,BALKRISIND,33,1,0.04708528845053817,0.3559523820877075,0.12384653,0.10628119999999998,-0.03243466908569334,4
2026-08-28,BALKRISIND,34,1,0.04146031812243216,0.32943522930145264,-0.24722219,0.10628119999999998,-0.40350338513488765,4
2026-08-28,BALKRISIND,35,1,0.053453699364217344,0.36145490407943726,-0.33707023,0.10628119999999998,-0.4933514266693115,4
2026-08-28,BALKRISIND,64,1,0.042330732717016026,0.3379096984863281,-0.0042676926,0.1062812,-0.16054889256591798,4
2026-08-28,BALKRISIND,65,1,0.046667424811478106,0.32890310883522034,-0.32461286,0.10628119999999998,-0.48089405591125484,4
2026-08-28,BANKBARODA,26,-1,-0.09045382012726229,0.10082937031984329,0.054126978,0.1062812,-0.10215422207946778,4
2026-08-28,BANKBARODA,28,-1,-0.07248465764326227,0.1169060692191124,0.07914901,0.1062812,-0.0771321922027588,4
2026-08-28,BANKINDIA,26,-1,-0.0888268134111598,0.15027064085006714,0.083601475,0.1062812,-0.07267972523803712,4
2026-08-28,BANKINDIA,28,-1,-0.06232313507680178,0.15507282316684723,-0.020945072,0.10628119999999998,-0.17722627217407222,4
2026-08-28,BDL,26,-1,-0.06715080490664872,0.24847577512264252,0.06836057,0.1062812,-0.0879206329071045,4
2026-08-28,BEL,26,-1,-0.0902565186492384,0.09706848859786987,-0.29375553,0.10628119999999998,-0.4500367313110351,4
2026-08-28,BEL,28,-1,-0.07361799937204018,0.10758885741233826,-0.269413,0.1062812,-0.42569419438476563,4
2026-08-28,BERGEPAINT,26,-1,-0.08017123331546867,0.1468595266342163,0.040322542,0.10628120000000002,-0.11595865780944827,4
2026-08-28,BERGEPAINT,28,-1,-0.06734198236826082,0.14901913702487946,0.12099147,0.10628119999999998,-0.03528973157043455,4
2026-08-28,BHARATFORG,26,-1,-0.08873999623804919,0.14927904307842255,0.1380384,0.1062812,-0.01824280316467286,4
2026-08-28,BHARATFORG,28,-1,-0.07176266134389499,0.1556318700313568,0.21190047,0.1062812,0.0556192726409912,4
2026-08-28,BHARTIARTL,26,-1,-0.08593049375576232,0.13456295430660248,0.19209981,0.1062812,0.035818609646606436,4
2026-08-28,BHARTIARTL,28,-1,-0.05998470975580884,0.15149739384651184,0.10150671,0.1062812,-0.054774489947509775,4
2026-08-28,BHEL,26,-1,-0.08370144618955695,0.20847205817699432,0.46511889,0.1062812,0.3088376850402832,4
2026-08-28,BHEL,28,-1,-0.0472366707370992,0.22743217647075653,-0.16328096,0.1062812,-0.3195621638977051,4
2026-08-28,BIOCON,26,-1,-0.08369802901762437,0.13699884712696075,0.98938346,0.10628119999999998,0.8331022590911865,4
2026-08-28,BIOCON,28,-1,-0.06469008692591459,0.167681023478508,0.5929351,0.10628119999999998,0.4366538852966309,4
2026-08-28,BLUESTARCO,26,-1,-0.08907302632947703,0.14997540414333344,0.13504624,0.1062812,-0.02123495633239747,4
2026-08-28,BLUESTARCO,28,-1,-0.07095923324184764,0.15703365206718445,0.04737377,0.1062812,-0.10890742833251954,4
2026-08-28,BOSCHLTD,26,-1,-0.08925335842249439,0.13039250671863556,-0.7325649,0.1062812,-0.888846126147461,4
2026-08-28,BOSCHLTD,28,-1,-0.06883205870636817,0.15078051388263702,-0.6418228,0.1062812,-0.7981040149414063,4
2026-08-28,BPCL,26,-1,-0.08446393530800939,0.2010466307401657,-0.25299788,0.10628119999999998,-0.409279075213623,4
2026-08-28,BPCL,28,-1,-0.06973786037764261,0.2308121919631958,0.11032224,0.10628119999999998,-0.04595896298522947,4
2026-08-28,BRITANNIA,26,-1,-0.08895437821864428,0.12326885014772415,0.084894896,0.10628119999999998,-0.07138630444641111,4
2026-08-28,BRITANNIA,28,-1,-0.07499682923146136,0.13762210309505463,0.09444952,0.10628119999999998,-0.061831679888916,4
2026-08-28,BSE,26,-1,-0.05185552853889506,0.3064056932926178,0.2514422,0.10628119999999998,0.09516099398498538,4
2026-08-28,BSE,28,-1,-0.04927461868203585,0.25594714283943176,0.21308064,0.10628119999999998,0.056799444607543964,4
2026-08-28,CANBK,26,-1,-0.08808219529320822,0.1237027496099472,0.07054806,0.10628119999999998,-0.08573314244384764,4
2026-08-28,CANBK,28,-1,-0.07125988320304562,0.12382889539003372,-0.039231777,0.10628119999999998,-0.19551297719116206,4
2026-08-28,CGPOWER,26,-1,-0.08863822535813931,0.19435691833496094,-0.14650822,0.1062812,-0.30278941685791017,4
2026-08-28,CGPOWER,28,-1,-0.06283681532279602,0.19490543007850647,-0.32202005,0.10628120000000002,-0.4783012538635254,4
2026-08-28,CHOLAFIN,26,-1,-0.07942489037296357,0.2124895602464676,0.123769045,0.1062812,-0.032512155123901376,4
2026-08-28,CHOLAFIN,28,-1,-0.06748610552730158,0.20211449265480042,0.2957642,0.1062812,0.1394830078399658,4
2026-08-28,CIPLA,26,-1,-0.08854436119802206,0.11472740769386292,0.2546668,0.1062812,0.09838560526733396,4
2026-08-28,CIPLA,28,-1,-0.07282519398159575,0.10019112378358841,-0.13459921,0.1062812,-0.2908804088317871,4
2026-08-28,COALINDIA,26,-1,-0.0896975140545976,0.21008284389972687,0.38286448,0.1062812,0.22658327525024413,4
2026-08-28,COALINDIA,32,1,0.044298525874310386,0.4329800605773926,-0.7434964,0.10628120000000002,-0.8997776179992676,4
2026-08-28,COALINDIA,33,1,0.055374626204314235,0.4365761876106262,-0.58283806,0.1062812,-0.7391192584716797,4
2026-08-28,COALINDIA,35,1,0.05301675696892484,0.454262375831604,-0.31113625,0.1062812,-0.46741744572753907,4
2026-08-28,COALINDIA,36,1,0.04569124989431514,0.4672897160053253,-0.11219382,0.10628119999999998,-0.2684750228607177,4
2026-08-28,COALINDIA,37,1,0.061480870293013426,0.4745221436023712,0.2502203,0.10628119999999998,0.09393909876708988,4
2026-08-28,COALINDIA,38,1,0.04418428621118451,0.47142845392227173,0.26249886,0.1062812,0.10621765559082029,4
2026-08-28,COCHINSHIP,26,-1,-0.0885166466602023,0.1706673949956894,0.06510615,0.1062812,-0.09117504651184083,4
2026-08-28,COCHINSHIP,28,-1,-0.06992766763020727,0.1637980192899704,0.071656704,0.10628119999999998,-0.08462449605102537,4
2026-08-28,COLPAL,26,-1,-0.0916326646143364,0.1207687184214592,-0.0,0.1062812,-0.1562812,4
2026-08-28,COLPAL,28,-1,-0.06078991891571791,0.12838126718997955,-0.0764966,0.1062812,-0.23277780110473634,4
2026-08-28,CONCOR,26,-1,-0.08843584266086575,0.1873643696308136,-0.5169153,0.1062812,-0.6731965213500977,4
2026-08-28,CONCOR,35,1,0.05621232388283211,0.32609322667121887,-0.03887415,0.1062812,-0.19515534932250977,4
2026-08-28,CONCOR,37,1,0.04318680572624428,0.3441319167613983,-0.17482042,0.1062812,-0.3311016231262207,4
2026-08-28,COROMANDEL,26,-1,-0.08754420997841658,0.1813892126083374,0.18811226,0.1062812,0.031831058911132804,4
2026-08-28,COROMANDEL,28,-1,-0.0699172502707467,0.17919720709323883,0.067949295,0.1062812,-0.0883319049560547,4
2026-08-28,CRISIL,3,1,0.04728649990915698,0.8530696034431458,-0.40220618,0.1062812,-0.5584873824798584,4
2026-08-28,CRISIL,26,-1,-0.08703611519001536,0.2259136140346527,-0.008380413,0.1062812,-0.16466161305541993,4
2026-08-28,CRISIL,28,-1,-0.06986563887308554,0.21838422119617462,-0.17603636,0.10628119999999998,-0.3323175578796386,4
2026-08-28,CUMMINSIND,26,-1,-0.08872226011458514,0.13537342846393585,0.20410419,0.1062812,0.04782298510437011,4
2026-08-28,CUMMINSIND,28,-1,-0.06872360059749336,0.12580102682113647,0.06811619,0.1062812,-0.0881650119506836,4
2026-08-28,DABUR,26,-1,-0.08999282942260022,0.11758068948984146,0.1685679,0.10628119999999998,0.012286695889282245,4
2026-08-28,DABUR,28,-1,-0.07181777753745021,0.12806405127048492,-0.0,0.10628120000000002,-0.1562812,4
2026-08-28,DALBHARAT,14,-1,-0.04271605858388348,0.19957756996154785,0.6677449,0.1062812,0.5114636749542236,4
2026-08-28,DALBHARAT,26,-1,-0.06250855628763338,0.2467624396085739,-0.22854805,0.1062812,-0.3848292499267578,4
2026-08-28,DALBHARAT,28,-1,-0.04567826313085113,0.24268598854541779,-0.22860765,0.1062812,-0.3848888545715332,4
2026-08-28,DIVISLAB,26,-1,-0.08505171491425179,0.18619096279144287,0.35700798,0.1062812,0.20072678034667968,4
2026-08-28,DIVISLAB,28,-1,-0.05937323028890285,0.21280884742736816,-0.021708012,0.10628119999999998,-0.17798921162719722,4
2026-08-28,DIXON,26,-1,-0.09121284979205348,0.14989396929740906,0.23616552,0.1062812,0.07988432352905271,4
2026-08-28,DIXON,28,-1,-0.06735668053597292,0.15695933997631073,-0.04056692,0.1062812,-0.19684812123413087,4
2026-08-28,DLF,26,-1,-0.08147558407343132,0.14657989144325256,0.2879858,0.1062812,0.13170460169677733,4
2026-08-28,DLF,28,-1,-0.062016224350169166,0.1641010344028473,0.43583512,0.10628119999999998,0.27955392306213384,4
2026-08-28,DMART,26,-1,-0.08999282942260022,0.07918260991573334,0.039064884,0.1062812,-0.117216315814209,4
2026-08-28,DMART,28,-1,-0.060140951190801206,0.10118681937456131,-0.35288334,0.10628119999999998,-0.5091645389282227,4
2026-08-28,DRREDDY,26,-1,-0.09164923828446926,0.11903725564479828,0.26224256,0.1062812,0.10596135561828611,4
2026-08-28,DRREDDY,28,-1,-0.07054843571800745,0.12267372757196426,0.21154284,0.1062812,0.05526164477233886,4
2026-08-28,EICHERMOT,26,-1,-0.08199229774547913,0.14852319657802582,0.031036139,0.1062812,-0.1252450614654541,4
2026-08-28,EICHERMOT,28,-1,-0.06556493089674224,0.16025926172733307,-0.031089783,0.1062812,-0.18737098271484376,4
2026-08-28,ENDURANCE,26,-1,-0.08908183091195374,0.22188225388526917,-0.31545162,0.1062812,-0.47173282200927735,4
2026-08-28,ENDURANCE,28,-1,-0.042284575115383784,0.25602564215660095,-0.09474754,0.1062812,-0.25102874333496095,4
2026-08-28,ESCORTS,26,-1,-0.09179682112901555,0.167640820145607,0.04963875,0.10628119999999998,-0.10664245183105467,4
2026-08-28,ESCORTS,28,-1,-0.07222471542888492,0.1489955335855484,0.15537143,0.10628119999999998,-0.0009097724639892391,4
2026-08-28,ETERNAL,26,-1,-0.08751649544059682,0.1650942862033844,-0.015318394,0.10628119999999998,-0.17159959370727537,4
2026-08-28,ETERNAL,28,-1,-0.06612740869064103,0.17189158499240875,-0.10728836,0.1062812,-0.26356956059570313,4
2026-08-28,EXIDEIND,3,1,0.04778468538574202,1.2841131687164307,0.49939156,0.1062812,0.3431103557861328,4
2026-08-28,EXIDEIND,29,1,0.05286131564982112,0.4175274968147278,0.12341738,0.1062812,-0.03286382252807618,4
2026-08-28,EXIDEIND,30,1,0.041892826425865705,0.42393168807029724,-0.089633465,0.10628119999999998,-0.24591466481323238,4
2026-08-28,EXIDEIND,31,1,0.04191648231483579,0.4359110891819,-0.089752674,0.1062812,-0.2460338741027832,4
2026-08-28,EXIDEIND,35,1,0.04409670010244923,0.4115781784057617,0.14601946,0.1062812,-0.010261741229248056,4
2026-08-28,FEDERALBNK,26,-1,-0.0886166578852011,0.15692788362503052,-0.07274151,0.10628120000000002,-0.22902270848388673,4
2026-08-28,FEDERALBNK,28,-1,-0.07054808766627517,0.14857129752635956,-0.029087067,0.10628119999999998,-0.18536826665039058,4
2026-08-28,FLUOROCHEM,14,-1,-0.052832339511397146,0.18860159814357758,0.17130375,0.1062812,0.015022549084472647,4
2026-08-28,FLUOROCHEM,26,-1,-0.09278470808063882,0.13672474026679993,-0.75155497,0.10628119999999998,-0.9078361659729004,4
2026-08-28,FLUOROCHEM,28,-1,-0.06173936366966079,0.1351584643125534,-0.7242203,0.10628119999999998,-0.8805014758789063,4
2026-08-28,FORTIS,29,1,0.041896651890693797,0.43715453147888184,-0.058931112,0.1062812,-0.21521231228942872,4
2026-08-28,FORTIS,32,1,0.046111271339163915,0.3939523696899414,0.15021563,0.10628119999999998,-0.006065574237060528,4
2026-08-28,FORTIS,33,1,0.04357691733542073,0.35635706782341003,0.32758713,0.1062812,0.17130592768554687,4
2026-08-28,FORTIS,35,1,0.0522651658217853,0.32446590065956116,0.39782524,0.1062812,0.24154404108886718,4
2026-08-28,GAIL,26,-1,-0.09367610382315507,0.10753682255744934,0.3152132,0.1062812,0.15893200343017577,4
2026-08-28,GAIL,28,-1,-0.07142529845925608,0.10174307227134705,0.36777854,0.1062812,0.21149733965759276,4
2026-08-28,GICRE,26,-1,-0.09237123458383656,0.1560235172510147,0.14092326,0.10628119999999998,-0.015357938357543927,4
2026-08-28,GICRE,28,-1,-0.0705876351724528,0.1509479582309723,0.0140964985,0.1062812,-0.14218470151062013,4
2026-08-28,GLAXO,26,-1,-0.09416409020681724,0.15387862920761108,0.12239814,0.1062812,-0.03388306195373536,4
2026-08-28,GLAXO,27,-1,-0.042189967655667654,0.14670252799987793,0.1320839,0.10628119999999998,-0.024197307177734356,4
2026-08-28,GLAXO,28,-1,-0.06974294119093355,0.14915433526039124,-0.41595697,0.1062812,-0.572238174029541,4
2026-08-28,GLENMARK,26,-1,-0.09168450316593951,0.17125363647937775,-0.41803122,0.10628119999999998,-0.5743124156677246,4
2026-08-28,GLENMARK,28,-1,-0.07367151678306234,0.19375251233577728,-0.20009279,0.1062812,-0.35637399251098634,4
2026-08-28,GLENMARK,65,1,0.05231252238476903,0.3112943768501282,-0.53391457,0.1062812,-0.6901957660400391,4
2026-08-28,GLENMARK,66,1,0.05039014345649284,0.3166685402393341,-0.624311,0.1062812,-0.7805921703063965,4
2026-08-28,GODFRYPHLP,26,-1,-0.08611905649413436,0.13021117448806763,-0.06580353,0.10628119999999998,-0.2220847278320312,4
2026-08-28,GODFRYPHLP,28,-1,-0.07240170732112608,0.130576953291893,0.122094154,0.10628119999999998,-0.034187045642089825,4
2026-08-28,GODREJCP,26,-1,-0.08931677665612905,0.1320459395647049,0.40243864,0.1062812,0.2461574405944824,4
2026-08-28,GODREJCP,28,-1,-0.06057035791277896,0.1510157436132431,0.11987686,0.1062812,-0.036404338427734384,4
2026-08-28,GODREJIND,26,-1,-0.09143573391458627,0.20799089968204498,-0.1733303,0.1062812,-0.32961150700683595,4
2026-08-28,GODREJIND,28,-1,-0.07043579586367654,0.21240800619125366,0.21624565,0.1062812,0.05996445124511718,4
2026-08-28,GODREJPROP,26,-1,-0.07760280984262379,0.2033376544713974,0.8126497,0.10628119999999998,0.6563685268676758,4
2026-08-28,GODREJPROP,28,-1,-0.06057035791277896,0.22280186414718628,1.1000216,0.1062812,0.9437404007232666,4
2026-08-28,GRASIM,26,-1,-0.0816105124852853,0.18240302801132202,-0.012350082,0.10628119999999998,-0.16863128239746092,4
2026-08-28,GRASIM,28,-1,-0.0699172502707467,0.18376632034778595,-0.037062168,0.10628120000000002,-0.1933433681213379,4
2026-08-28,HAL,26,-1,-0.08849721961417707,0.11874482780694962,-0.03296137,0.1062812,-0.18924256856079102,4
2026-08-28,HAL,27,-1,-0.04182271316062944,0.1405993402004242,0.06170273,0.10628120000000002,-0.09457847172851565,4
2026-08-28,HAL,28,-1,-0.07321036475060935,0.14204123616218567,0.14203191,0.1062812,-0.014249291964721689,4
2026-08-28,HAVELLS,26,-1,-0.08217376662255266,0.15039512515068054,-0.13821125,0.10628119999999998,-0.29449245030517573,4
2026-08-28,HAVELLS,28,-1,-0.07282023857953579,0.16110064089298248,0.129807,0.10628119999999998,-0.026474204608154278,4
2026-08-28,HAVELLS,64,1,0.04216540301475802,0.47849157452583313,0.20483732,0.10628119999999998,0.04855612223510744,4
2026-08-28,HAVELLS,65,1,0.04578294006953846,0.4811799228191376,0.12279749,0.10628120000000002,-0.03348371083374026,4
2026-08-28,HAVELLS,66,1,0.048140870120627545,0.4724099338054657,0.10641813,0.1062812,-0.04986306721801759,4
2026-08-28,HCLTECH,3,1,0.042173082988877224,0.7866403460502625,0.6444812,0.1062812,0.4881999820983887,4
2026-08-28,HDFCAMC,26,-1,-0.08763792571174563,0.15949799120426178,0.14029741,0.10628119999999998,-0.015983787127685528,4
2026-08-28,HDFCAMC,28,-1,-0.07387375064530538,0.1574121117591858,0.035107136,0.10628119999999998,-0.1211740642272949,4
2026-08-28,HDFCBANK,26,-1,-0.09200673604297284,0.11760527640581131,-0.1471281,0.1062812,-0.3034093051635742,4
2026-08-28,HDFCBANK,28,-1,-0.0749691146936416,0.13479094207286835,0.11882186,0.1062812,-0.0374593406402588,4
2026-08-28,HDFCLIFE,26,-1,-0.09303536574791162,0.11747970432043076,0.4087925,0.1062812,0.25251129572753905,4
2026-08-28,HDFCLIFE,28,-1,-0.07072389780152326,0.11023086309432983,0.5446613,0.1062812,0.388380083493042,4
2026-08-28,HEROMOTOCO,26,-1,-0.09259607440131143,0.2186782956123352,0.2662897,0.10628119999999998,0.11000851099853519,4
2026-08-28,HEROMOTOCO,28,-1,-0.06566449714833701,0.23492063581943512,0.16885996,0.10628120000000002,0.012578758648681618,4
2026-08-28,HEROMOTOCO,29,1,0.04625264585349292,0.26986679434776306,0.4197955,0.1062812,0.26351431315307616,4
2026-08-28,HINDALCO,26,-1,-0.0873724999087591,0.16278612613677979,0.18950701,0.1062812,0.033225807598876944,4
2026-08-28,HINDALCO,28,-1,-0.07171992959268991,0.15792116522789001,0.16035438,0.1062812,0.0040731758392333894,4
2026-08-28,HINDPETRO,26,-1,-0.09276393991808769,0.10819414258003235,0.20477772,0.10628119999999998,0.04849651759033205,4
2026-08-28,HINDPETRO,28,-1,-0.07156156108832654,0.10624455660581589,0.30022264,0.10628119999999998,0.14394143526916509,4
2026-08-28,HINDUNILVR,26,-1,-0.08775433433296666,0.0928007960319519,0.29369593,0.1062812,0.13741472666625976,4
2026-08-28,HINDUNILVR,28,-1,-0.06046986347368318,0.10624725371599197,-0.03992319,0.10628119999999998,-0.1962043910705566,4
2026-08-28,HINDZINC,26,-1,-0.0792600898655668,0.22911037504673004,-0.065636635,0.1062812,-0.22191783482666017,4
2026-08-28,HINDZINC,28,-1,-0.04526678545812833,0.24363946914672852,-0.08199215,0.10628120000000002,-0.23827334935302735,4
2026-08-28,HONAUT,14,-1,-0.05466426897435748,0.18852965533733368,0.25717616,0.1062812,0.1008949608123779,4
2026-08-28,HONAUT,26,-1,-0.09402782757774683,0.1217861995100975,0.47361255,0.10628119999999998,0.3173313469207764,4
2026-08-28,HONAUT,27,-1,-0.042189967655667654,0.1182078942656517,0.23060441,0.1062812,0.07432321017150878,4
2026-08-28,HONAUT,28,-1,-0.0665958197747244,0.11627005785703659,0.2170384,0.1062812,0.060757193020629874,4
2026-08-28,HUDCO,26,-1,-0.0857964212886699,0.13015113770961761,0.19580126,0.10628119999999998,0.03952005808715822,4
2026-08-28,HUDCO,28,-1,-0.06759145873360695,0.1299460232257843,0.005453825,0.10628119999999998,-0.15082737500305174,4
2026-08-28,ICICIBANK,14,-1,-0.047379124968958936,0.14125023782253265,0.027942657,0.1062812,-0.12833854252929688,4
2026-08-28,ICICIBANK,26,-1,-0.09150417107292215,0.09301164746284485,0.28706193,0.1062812,0.13078072970275878,4
2026-08-28,ICICIBANK,28,-1,-0.07339037798529276,0.11014490574598312,0.1121521,0.1062812,-0.04412910039062501,4
2026-08-28,ICICIGI,26,-1,-0.08083859573277516,0.1950766146183014,0.019329786,0.1062812,-0.13695141369934083,4
2026-08-28,ICICIGI,28,-1,-0.06300990631058506,0.19847655296325684,0.006443262,0.1062812,-0.14983793789978028,4
2026-08-28,ICICIPRULI,26,-1,-0.08854436119802206,0.1623220592737198,0.39522052,0.10628119999999998,0.23893931811218266,4
2026-08-28,ICICIPRULI,28,-1,-0.06435233896291434,0.18756058812141418,-0.14867783,0.1062812,-0.3049590259277344,4
2026-08-28,IDFCFIRSTB,26,-1,-0.08455035396140513,0.19746334850788116,0.3950715,0.10628119999999998,0.2387903065002442,4
2026-08-28,IDFCFIRSTB,28,-1,-0.06010617931170345,0.19857977330684662,0.40742755,0.1062812,0.2511463493621826,4
2026-08-28,INDHOTEL,26,-1,-0.09092629793259563,0.17125169932842255,-0.0070929527,0.10628119999999998,-0.16337415272827147,4
2026-08-28,INDHOTEL,27,-1,-0.04342296095322588,0.15655790269374847,0.021284819,0.10628119999999998,-0.134996381350708,4
2026-08-28,INDHOTEL,28,-1,-0.07153503995714756,0.16204993426799774,0.042533875,0.10628119999999998,-0.11374732548828123,4
2026-08-28,INDIANB,26,-1,-0.08939168747659135,0.1294558346271515,-0.19392967,0.10628119999999998,-0.3502108722412109,4
2026-08-28,INDIANB,28,-1,-0.07176266134389499,0.12542779743671417,-0.06271601,0.10628119999999998,-0.21899720723266597,4
2026-08-28,INDIGO,26,-1,-0.08199229774547913,0.09087251126766205,0.116539,0.1062812,-0.03974219853515626,4
2026-08-28,INDIGO,28,-1,-0.06947770618451722,0.10335881263017654,0.048559904,0.10628119999999998,-0.10772129590148924,4
2026-08-28,INDUSINDBK,14,-1,-0.05476919267895291,0.18316923081874847,0.20034313,0.10628119999999998,0.04406193201904299,4
2026-08-28,INDUSINDBK,26,-1,-0.09571042759054195,0.13569219410419464,0.19099116,0.10628119999999998,0.0347099632537842,4
2026-08-28,INDUSINDBK,27,-1,-0.04415537461205372,0.1364511251449585,0.2312243,0.1062812,0.07494309847717284,4
2026-08-28,INDUSINDBK,28,-1,-0.0722674536159754,0.1407603770494461,0.4826069,0.10628119999999998,0.32632568781738286,4
2026-08-28,INDUSTOWER,26,-1,-0.09055095633307367,0.17300714552402496,0.01308918,0.1062812,-0.14319202000732423,4
2026-08-28,INDUSTOWER,28,-1,-0.07306025925447425,0.17291659116744995,0.22242665,0.10628119999999998,0.06614545290832521,4
2026-08-28,INFY,26,-1,-0.08887028493373315,0.17171023786067963,0.16668439,0.10628119999999998,0.010403189114379902,4
2026-08-28,INFY,28,-1,-0.06467236893732883,0.18532632291316986,-0.09673834,0.1062812,-0.253019538470459,4
2026-08-28,IOC,26,-1,-0.09316482116617306,0.10356573015451431,-0.051259995,0.10628119999999998,-0.2075411945068359,4
2026-08-28,IOC,28,-1,-0.07160316251699302,0.09938038140535355,0.014644861,0.1062812,-0.14163633877868653,4
2026-08-28,IPCALAB,26,-1,-0.04081678789800792,0.2997618615627289,0.45248866,0.1062812,0.2962074608123779,4
2026-08-28,IRCTC,26,-1,-0.08835992201111292,0.13295644521713257,0.21597743,0.1062812,0.05969623034362792,4
2026-08-28,IRCTC,28,-1,-0.06748817195232819,0.11188415437936783,-0.020599365,0.10628119999999998,-0.17688056523437495,4
2026-08-28,IRFC,26,-1,-0.09216354809058872,0.11560100317001343,0.36622286,0.1062812,0.20994165842895507,4
2026-08-28,IRFC,28,-1,-0.06809532906902178,0.12165071070194244,0.3664732,0.1062812,0.2101919979370117,4
2026-08-28,ITC,14,-1,-0.05476919267895291,0.14368018507957458,0.0931263,0.1062812,-0.0631549030029297,4
2026-08-28,ITC,26,-1,-0.09244345684611383,0.11071241647005081,0.4295051,0.1062812,0.2732239097869873,4
2026-08-28,ITC,28,-1,-0.06383047416514923,0.12036433070898056,0.2621174,0.10628119999999998,0.10583618586425785,4
2026-08-28,JINDALSTEL,26,-1,-0.08532386081569583,0.20404678583145142,0.051009655,0.10628119999999998,-0.10527154500122068,4
2026-08-28,JINDALSTEL,28,-1,-0.07004765812659759,0.19677716493606567,0.2891183,0.1062812,0.13283708994750976,4
2026-08-28,JIOFIN,26,-1,-0.08534063691160089,0.1915535032749176,0.125736,0.1062812,-0.030545201846313486,4
2026-08-28,JIOFIN,28,-1,-0.06364637758612232,0.19620728492736816,0.27253628,0.1062812,0.11625507777099607,4
2026-08-28,JKCEMENT,26,-1,-0.07998976443839514,0.16819697618484497,0.15432239,0.10628119999999998,-0.001958814212036114,4
2026-08-28,JKCEMENT,28,-1,-0.06977312711170594,0.16814829409122467,0.028944016,0.10628120000000002,-0.12733718449707032,4
2026-08-28,JSL,26,-1,-0.08798818586121705,0.16906209290027618,0.14258027,0.1062812,-0.013700929232788095,4
2026-08-28,JSL,28,-1,-0.07162639871482455,0.1547711342573166,0.17816424,0.10628119999999998,0.021883043698120136,4
2026-08-28,JSWENERGY,14,-1,-0.052716751767751854,0.20381875336170197,0.055396557,0.1062812,-0.10088464314575196,4
2026-08-28,JSWENERGY,26,-1,-0.08374567021149032,0.14207737147808075,0.31449795,0.10628119999999998,0.15821674769287114,4
2026-08-28,JSWENERGY,27,-1,-0.04419826955952738,0.1414690613746643,0.23137331,0.10628119999999998,0.07509211008911136,4
2026-08-28,JSWENERGY,28,-1,-0.06320612142398917,0.1381637156009674,0.26839375,0.10628119999999998,0.11211255495910648,4
2026-08-28,JSWINFRA,26,-1,-0.08596671216318237,0.2235385626554489,-0.10188818,0.1062812,-0.25816937977905274,4
2026-08-28,JSWINFRA,28,-1,-0.06150562005752092,0.23906472325325012,0.072705746,0.10628120000000002,-0.08357545430297854,4
2026-08-28,JSWSTEEL,14,-1,-0.054910540517043645,0.2323356419801712,0.16525984,0.1062812,0.008978638104248038,4
2026-08-28,JSWSTEEL,26,-1,-0.09465967748727894,0.1786525398492813,0.07533431,0.1062812,-0.0809468894683838,4
2026-08-28,JSWSTEEL,27,-1,-0.04131264555064511,0.1765139251947403,0.045198202,0.1062812,-0.1110829978668213,4
2026-08-28,JSWSTEEL,28,-1,-0.0651250455869892,0.1630970537662506,0.097966194,0.1062812,-0.05831500584716798,4
2026-08-28,JUBLFOOD,26,-1,-0.07617575119372208,0.21929165720939636,-0.060594082,0.1062812,-0.21687528187866212,4
2026-08-28,JUBLFOOD,28,-1,-0.05556322271495614,0.23113703727722168,-0.24272203,0.10628119999999998,-0.39900323445434566,4
2026-08-28,KALYANKJIL,26,-1,-0.05026090037255156,0.2593114972114563,0.42651892,0.1062812,0.2702377170837402,4
2026-08-28,KEI,26,-1,-0.06217611052260112,0.24076983332633972,-0.050735474,0.10628119999999998,-0.20701667363281245,4
2026-08-28,KEI,28,-1,-0.06766269127675147,0.21835605800151825,-0.25362968,0.10628119999999998,-0.40991088444824214,4
2026-08-28,KOTAKBANK,26,-1,-0.08203218833980054,0.17762519419193268,0.05892515,0.10628119999999998,-0.09735604817504881,4
2026-08-28,KOTAKBANK,28,-1,-0.07065687210035453,0.16484245657920837,0.12951493,0.10628119999999998,-0.026766267367553692,4
2026-08-28,KPITTECH,29,1,0.04148472790099579,0.3606906235218048,-0.50492287,0.10628119999999998,-0.6612040668212891,4
2026-08-28,KPITTECH,31,1,0.045173206516062867,0.36537039279937744,0.08314848,0.1062812,-0.07313272053833009,4
2026-08-28,KPITTECH,32,1,0.0465517961508929,0.36257240176200867,0.0,0.10628119999999998,-0.15628119999999998,4
2026-08-28,KPITTECH,33,1,0.04751016620458285,0.35675686597824097,0.19116402,0.10628119999999998,0.03488281672363283,4
2026-08-28,KPRMILL,26,-1,-0.08370144618955695,0.1832161247730255,0.594002,0.10628119999999998,0.4377208084381104,4
2026-08-28,KPRMILL,28,-1,-0.07361799937204018,0.1883762925863266,0.6120682,0.1062812,0.4557869762695313,4
2026-08-28,LAURUSLABS,26,-1,-0.08974294590146449,0.1698192059993744,0.18773079,0.1062812,0.031449589184570304,4
2026-08-28,LAURUSLABS,28,-1,-0.06920753790202844,0.16890433430671692,-0.04696846,0.1062812,-0.20324966008300782,4
2026-08-28,LICHSGFIN,26,-1,-0.07638860479109098,0.2131376415491104,0.6150961,0.10628119999999998,0.45881489222412114,4
2026-08-28,LICHSGFIN,28,-1,-0.05659123774121063,0.23433251678943634,0.35514235,0.10628119999999998,0.19886115496521,4
2026-08-28,LICI,26,-1,-0.08678516764608252,0.21340066194534302,0.048559904,0.10628119999999998,-0.10772129590148924,4
2026-08-28,LICI,28,-1,-0.06992087465740199,0.2145105004310608,0.024223328,0.10628119999999998,-0.13205787236328123,4
2026-08-28,LINDEINDIA,14,-1,-0.04272009071764398,0.19962474703788757,0.35122633,0.10628120000000002,0.1949451298034668,4
2026-08-28,LINDEINDIA,26,-1,-0.09185055805654263,0.1262819468975067,0.18368363,0.1062812,0.02740243380432128,4
2026-08-28,LINDEINDIA,27,-1,-0.04203283751517951,0.12352967262268066,0.2603352,0.1062812,0.10405400698547361,4
2026-08-28,LINDEINDIA,28,-1,-0.06917775693918211,0.11153025925159454,0.24502277,0.1062812,0.08874157374267576,4
2026-08-28,LLOYDSME,29,1,0.0414612671453314,0.32819488644599915,0.9526491,0.10628119999999998,0.7963679165161133,4
2026-08-28,LLOYDSME,35,1,0.045834868013817726,0.3287511467933655,0.010919571,0.1062812,-0.14536162907714845,4
2026-08-28,LODHA,26,-1,-0.06161043660453844,0.24305914342403412,0.6158173,0.1062812,0.45953610842590337,4
2026-08-28,LT,26,-1,-0.09192698556145039,0.1356513351202011,0.1584351,0.1062812,0.0021539062774658113,4
2026-08-28,LT,28,-1,-0.06790999496077302,0.15386667847633362,0.027269125,0.10628119999999998,-0.12901207501525877,4
2026-08-28,LTF,26,-1,-0.08370144618955695,0.1423160880804062,0.3635168,0.1062812,0.20723560755615233,4
2026-08-28,LTF,28,-1,-0.06217901191776101,0.160718634724617,0.1742959,0.1062812,0.018014702252197257,4
2026-08-28,LTTS,26,-1,-0.09220919722482658,0.18638914823532104,0.4853487,0.1062812,0.3290675014770508,4
2026-08-28,LTTS,28,-1,-0.06813037726493962,0.19700373709201813,-0.11279583,0.10628119999999998,-0.26907702977294917,4
2026-08-28,LUPIN,26,-1,-0.08682013992076645,0.14460550248622894,-0.04621744,0.10628119999999998,-0.20249864155883784,4
2026-08-28,LUPIN,28,-1,-0.06970574291996265,0.14993597567081451,-0.19419193,0.1062812,-0.35047313267822267,4
2026-08-28,MAHABANK,26,-1,-0.07691448970031946,0.17801594734191895,0.09585619,0.1062812,-0.060425010272216806,4
2026-08-28,MAHABANK,28,-1,-0.0699172502707467,0.17104609310626984,0.25140643,0.10628119999999998,0.09512523119812015,4
2026-08-28,MANKIND,26,-1,-0.08754627640344313,0.1610546112060547,0.1923263,0.1062812,0.03604510729675292,4
2026-08-28,MANKIND,28,-1,-0.07031133059810896,0.1260678470134735,0.28845668,0.1062812,0.13217547839050292,4
2026-08-28,MARICO,26,-1,-0.08940262012645976,0.14289221167564392,0.38447976,0.10628120000000002,0.22819856112365722,4
2026-08-28,MARICO,28,-1,-0.07085653604393843,0.1640118509531021,0.67741275,0.1062812,0.521131548336792,4
2026-08-28,MARUTI,26,-1,-0.09381646441039937,0.12533192336559296,0.2601862,0.10628119999999998,0.10390499537353519,4
2026-08-28,MARUTI,28,-1,-0.06046986347368318,0.141738161444664,0.07457137,0.1062812,-0.0817098289215088,4
2026-08-28,MAXHEALTH,26,-1,-0.08283035125729553,0.23485182225704193,0.4443109,0.10628119999999998,0.2880297035491944,4
2026-08-28,MAXHEALTH,28,-1,-0.06464973414226176,0.2371552735567093,0.28653145,0.10628119999999998,0.13025024836425786,4
2026-08-28,MAZDOCK,26,-1,-0.09111176857053759,0.13172346353530884,0.23400784,0.10628119999999998,0.07772663538818363,4
2026-08-28,MAZDOCK,28,-1,-0.06217901191776101,0.1382434368133545,0.023460388,0.10628119999999998,-0.13282081181640623,4
2026-08-28,MCX,26,-1,-0.08263103295009243,0.23593249917030334,-0.47234297,0.1062812,-0.6286241679870606,4
2026-08-28,MCX,28,-1,-0.07240170732112608,0.20994894206523895,-0.30430555,0.1062812,-0.4605867534362793,4
2026-08-28,MEDANTA,3,1,0.04457407423230095,1.2453243732452393,-0.44627786,0.1062812,-0.6025590568267822,4
2026-08-28,MEDANTA,26,-1,-0.08165483352881521,0.23178808391094208,0.6556332,0.1062812,0.4993520111358643,4
2026-08-28,MEDANTA,28,-1,-0.06421128353643155,0.23218411207199097,0.85396767,0.10628119999999998,0.6976864666259766,4
2026-08-28,MFSL,26,-1,-0.08892873064951957,0.11350055038928986,0.30279756,0.10628119999999998,0.14651635592346196,4
2026-08-28,MFSL,28,-1,-0.07361746400806739,0.1267935037612915,0.21478534,0.10628119999999998,0.058504137448120136,4
2026-08-28,MOTILALOFS,26,-1,-0.08943932867045733,0.20673809945583344,-0.08637905,0.1062812,-0.2426602512084961,4
2026-08-28,MOTILALOFS,28,-1,-0.06800127024476116,0.21076026558876038,0.15807152,0.1062812,0.0017903179443359285,4
2026-08-28,MRF,26,-1,-0.08951557867187562,0.06511852890253067,-0.045216084,0.07104747232311055,-0.16626355584972188,4
2026-08-28,MRF,28,-1,-0.07381909962760863,0.06963787972927094,-0.09038448,0.07103139959328163,-0.21141588293068397,4
2026-08-28,MUTHOOTFIN,26,-1,-0.08980382721132103,0.13125932216644287,0.07106066,0.1062812,-0.0852205424987793,4
2026-08-28,MUTHOOTFIN,28,-1,-0.0732599662495638,0.15462784469127655,-0.058174133,0.1062812,-0.21445533330078126,4
2026-08-28,M_AND_M,26,-1,-0.07991946513942158,0.1743772327899933,0.087291,0.1062812,-0.06899019772644044,4
2026-08-28,M_AND_M,28,-1,-0.05815320817688539,0.18029539287090302,-0.033211708,0.10628119999999998,-0.1894929080688476,4
2026-08-28,M_AND_MFIN,26,-1,-0.08098100930697331,0.14257480204105377,0.19828081,0.10628119999999998,0.04199961130981447,4
2026-08-28,M_AND_MFIN,28,-1,-0.05674663760268685,0.1467008888721466,0.17229915,0.10628119999999998,0.0160179466522217,4
2026-08-28,NAM-INDIA,26,-1,-0.08581850281754785,0.21525968611240387,0.13355613,0.1062812,-0.022725072451782236,4
2026-08-28,NAM-INDIA,27,-1,-0.04422598409734716,0.21211890876293182,0.1752615,0.10628119999999998,0.018980297497558613,4
2026-08-28,NAM-INDIA,28,-1,-0.07237258986269775,0.20621217787265778,0.2503574,0.1062812,0.09407618945007322,4
2026-08-28,NATIONALUM,26,-1,-0.08993270938141752,0.18275299668312073,-0.0,0.1062812,-0.1562812,4
2026-08-28,NATIONALUM,28,-1,-0.06659603563206824,0.19732242822647095,0.0895381,0.1062812,-0.06674310261840821,4
2026-08-28,NESTLEIND,26,-1,-0.09234166183880874,0.11579753458499908,0.04848838,0.1062812,-0.10779282147521974,4
2026-08-28,NESTLEIND,28,-1,-0.07031133059810896,0.11789145320653915,-0.062406063,0.10628119999999998,-0.21868726307983394,4
2026-08-28,NHPC,26,-1,-0.09220890136533885,0.11776601523160934,0.21275878,0.10628119999999998,0.056477579525756855,4
2026-08-28,NHPC,28,-1,-0.06173936366966079,0.11695677042007446,0.2662003,0.1062812,0.10991910403137205,4
2026-08-28,NIACL,27,1,0.048051253384406786,0.5002992749214172,-0.66123605,0.1062812,-0.817517247744751,4
2026-08-28,NIACL,29,1,0.07175588133370954,0.5483097434043884,-0.0106573105,0.1062812,-0.16693851048583985,4
2026-08-28,NIACL,30,1,0.043264923344911804,0.5245964527130127,-0.0053167343,0.1062812,-0.16159793431396485,4
2026-08-28,NIACL,31,1,0.04258373205598456,0.5230015516281128,-0.07970929,0.10628119999999998,-0.23599049145812984,4
2026-08-28,NIACL,32,1,0.046608998882447336,0.534328043460846,0.117218494,0.10628119999999998,-0.03906270558471678,4
2026-08-28,NIACL,33,1,0.05223753993152509,0.5364004373550415,0.3142476,0.1062812,0.15796640818481444,4
2026-08-28,NIACL,34,1,0.04590547437694896,0.4978976249694824,0.39942265,0.1062812,0.24314144556884765,4
2026-08-28,NIACL,35,1,0.062351798954946504,0.49300622940063477,1.1254549,0.1062812,0.9691737026489258,4
2026-08-28,NLCINDIA,26,-1,-0.09140921526151138,0.11938165873289108,0.092852116,0.10628119999999998,-0.06342908436889647,4
2026-08-28,NLCINDIA,28,-1,-0.07102813981332176,0.11266497522592545,0.018572807,0.1062812,-0.1377083926879883,4
2026-08-28,NTPC,14,-1,-0.05466426897435748,0.16400596499443054,-0.030231476,0.1062812,-0.18651267583007813,4
2026-08-28,NTPC,26,-1,-0.09413275128234226,0.15025104582309723,0.16649365,0.1062812,0.010212454251098624,4
2026-08-28,NTPC,27,-1,-0.04266321613540129,0.15575002133846283,-0.1816988,0.10628119999999998,-0.33797999913330073,4
2026-08-28,NTPC,28,-1,-0.07217408593437867,0.15772227942943573,0.030249357,0.10628119999999998,-0.12603184277648924,4
2026-08-28,NYKAA,26,-1,-0.08569093837529797,0.10313326865434647,0.014895201,0.1062812,-0.1413859992706299,4
2026-08-28,NYKAA,28,-1,-0.06563283392418302,0.1106419637799263,-0.01488924,0.1062812,-0.1711704402648926,4
2026-08-28,OBEROIRLTY,26,-1,-0.08887414441870589,0.1955907940864563,0.010704994,0.1062812,-0.14557620579833985,4
2026-08-28,OBEROIRLTY,28,-1,-0.06997056257768096,0.17857207357883453,0.22973418,0.1062812,0.07345298235778808,4
2026-08-28,OFSS,26,-1,-0.06220767895799147,0.24882903695106506,0.46774745,0.10628119999999998,0.311466249874878,4
2026-08-28,OIL,26,-1,-0.08456460064628853,0.23814406991004944,0.29081702,0.1062812,0.1345358223236084,4
2026-08-28,OIL,28,-1,-0.05726594121891306,0.23211264610290527,0.23883581,0.1062812,0.08255461161499021,4
2026-08-28,ONGC,26,-1,-0.0902560885617052,0.1301833838224411,0.36532283,0.1062812,0.20904162829284667,4
2026-08-28,ONGC,28,-1,-0.07253578816762786,0.12565366923809052,0.37842393,0.1062812,0.22214272921447753,4
2026-08-28,PAGEIND,26,-1,-0.09121284979205348,0.12432822585105896,0.2526641,0.1062812,0.09638288920288084,4
2026-08-28,PAGEIND,28,-1,-0.07204988124736172,0.12842895090579987,0.14047027,0.1062812,-0.015810933657836923,4
2026-08-28,PATANJALI,26,-1,-0.08815343352013674,0.1332443803548813,0.4595101,0.1062812,0.30322888796691894,4
2026-08-28,PATANJALI,28,-1,-0.07009176959517001,0.13239003717899323,0.5457401,0.1062812,0.38945892756347655,4
2026-08-28,PAYTM,26,-1,-0.08878170504860836,0.1651308834552765,-0.05376339,0.1062812,-0.21004458958740235,4
2026-08-28,PAYTM,28,-1,-0.07224919955456481,0.1446758210659027,0.20901561,0.10628119999999998,0.05273440783386232,4
2026-08-28,PETRONET,26,-1,-0.09088692595723362,0.08186618983745575,0.10262728,0.1062812,-0.05365392262573243,4
2026-08-28,PETRONET,28,-1,-0.06774582442046755,0.08438069373369217,-0.03424883,0.10628119999999998,-0.1905300288879394,4
2026-08-28,PFC,26,-1,-0.09296710659868274,0.126539945602417,0.31178594,0.1062812,0.1555047363555908,4
2026-08-28,PFC,28,-1,-0.06977312711170594,0.12049925327301025,0.5387068,0.10628119999999998,0.3824255794799805,4
2026-08-28,PHOENIXLTD,26,-1,-0.08498743125345098,0.17782269418239594,-0.115299225,0.1062812,-0.27158042485351563,4
2026-08-28,PHOENIXLTD,28,-1,-0.06845479115499889,0.1850031167268753,-0.015723705,0.10628119999999998,-0.17200490529174803,4
2026-08-28,PIDILITIND,26,-1,-0.09068008501427842,0.21174758672714233,0.11051297,0.1062812,-0.04576822812194825,4
2026-08-28,PIDILITIND,28,-1,-0.06691029881200164,0.17944903671741486,0.0061392784,0.1062812,-0.15014192158813477,4
2026-08-28,PIIND,26,-1,-0.09198708840183789,0.12438559532165527,0.7595062,0.10628119999999998,0.6032250255859375,4
2026-08-28,PIIND,28,-1,-0.05423784217065383,0.16385531425476074,0.08537769,0.1062812,-0.07090350682373048,4
2026-08-28,PNB,26,-1,-0.09270347613179686,0.11571917682886124,0.017416477,0.1062812,-0.13886472279663087,4
2026-08-28,PNB,28,-1,-0.07169164690067546,0.12011650204658508,-0.034856796,0.10628119999999998,-0.1911379962646484,4
2026-08-28,POLICYBZR,26,-1,-0.09175253292106293,0.1318054497241974,0.36577582,0.1062812,0.20949462359313964,4
2026-08-28,POLICYBZR,28,-1,-0.06491483582458528,0.1315731406211853,0.3060937,0.10628119999999998,0.14981249277954106,4
2026-08-28,POLYCAB,26,-1,-0.09168450316593951,0.13074631989002228,-0.016593933,0.1062812,-0.17287513310546876,4
2026-08-28,POLYCAB,28,-1,-0.07178034271400967,0.13060909509658813,-0.3535509,0.1062812,-0.509832110949707,4
2026-08-28,POWERGRID,26,-1,-0.08438617280815428,0.1567651778459549,0.037509203,0.1062812,-0.11877199704284669,4
2026-08-28,POWERGRID,28,-1,-0.07277817528611574,0.1551346331834793,0.37446022,0.10628119999999998,0.2181790203369141,4
2026-08-28,POWERINDIA,14,-1,-0.04100364398624989,0.23447158932685852,0.089496374,0.1062812,-0.06678482586975099,4
2026-08-28,POWERINDIA,26,-1,-0.09521585282408394,0.1313653439283371,0.1345694,0.10628119999999998,-0.021711793490600567,4
2026-08-28,POWERINDIA,28,-1,-0.06600228255455344,0.13037531077861786,0.014960766,0.1062812,-0.14132043416137696,4
2026-08-28,PRESTIGE,26,-1,-0.07151857662820624,0.16254116594791412,0.7669747,0.1062812,0.6106934875762939,4
2026-08-28,PRESTIGE,28,-1,-0.059746870863438994,0.18291153013706207,1.0156453,0.10628119999999998,0.8593640655792236,4
2026-08-28,RADICO,26,-1,-0.09768902111987977,0.1631612926721573,0.28230548,0.1062812,0.1260242790496826,4
2026-08-28,RADICO,28,-1,-0.06986563887308554,0.15445631742477417,0.23243427,0.10628119999999998,0.07615307276611331,4
2026-08-28,RECLTD,26,-1,-0.08841515591022962,0.1473201960325241,0.32812357,0.1062812,0.17184236948852538,4
2026-08-28,RECLTD,28,-1,-0.06621280196163722,0.16304738819599152,0.42234063,0.10628120000000002,0.26605943148498534,4
2026-08-28,RELIANCE,26,-1,-0.08258478179207843,0.13404595851898193,0.13238192,0.10628119999999998,-0.023899283953857403,4
2026-08-28,RELIANCE,28,-1,-0.06306249828827988,0.1274213045835495,0.16358495,0.1062812,0.007303747586059561,4
2026-08-28,RVNL,26,-1,-0.08509550700045836,0.13994602859020233,0.08825064,0.1062812,-0.06803056294555665,4
2026-08-28,RVNL,28,-1,-0.07190885092796234,0.1426255702972412,0.09751916,0.1062812,-0.05876204068298341,4
2026-08-28,SAIL,35,1,0.04810441779175119,0.33066821098327637,-0.07647872,0.1062812,-0.23275991971130372,4
2026-08-28,SAIL,64,1,0.060465494653361485,0.4382075071334839,-0.14514923,0.1062812,-0.30143043095703126,4
2026-08-28,SAIL,65,1,0.0685491517612232,0.4417528212070465,0.00500679,0.1062812,-0.1512744098388672,4
2026-08-28,SAIL,66,1,0.0619594287960936,0.4745061695575714,-0.61273575,0.1062812,-0.7690169482910156,4
2026-08-28,SAIL,67,1,0.04267155062727754,0.43029770255088806,-0.14977455,0.1062812,-0.30605575139160157,4
2026-08-28,SBICARD,26,-1,-0.061216949444949,0.24609462916851044,0.15589595,0.1062812,-0.0003852515899658293,4
2026-08-28,SBICARD,28,-1,-0.04537543638883284,0.24953240156173706,0.21057129,0.1062812,0.05429008906249999,4
2026-08-28,SBILIFE,26,-1,-0.08098100930697331,0.15669235587120056,0.43206215,0.10628120000000002,0.27578094904785155,4
2026-08-28,SBILIFE,28,-1,-0.06116731657832099,0.1648079752922058,-0.0854373,0.1062812,-0.24171849782104493,4
2026-08-28,SBIN,26,-1,-0.09024222162241408,0.1344863474369049,0.01911521,0.1062812,-0.13716599042053224,4
2026-08-28,SBIN,28,-1,-0.07135111081039644,0.14270709455013275,0.03823042,0.1062812,-0.11805078084106446,4
2026-08-28,SCHAEFFLER,14,-1,-0.044529228941647396,0.2509852647781372,0.12111068,0.1062812,-0.0351705222808838,4
2026-08-28,SCHAEFFLER,26,-1,-0.09408985633486859,0.16849198937416077,0.31201243,0.1062812,0.1557312340057373,4
2026-08-28,SCHAEFFLER,27,-1,-0.04412052054341312,0.17327776551246643,0.2875924,0.1062812,0.13131121104125976,4
2026-08-28,SCHAEFFLER,28,-1,-0.07446075946705069,0.1751175969839096,0.28030872,0.1062812,0.12402752344970701,4
2026-08-28,SHREECEM,26,-1,-0.09182283222003647,0.1451679766178131,0.43523312,0.10628119999999998,0.2789519161499024,4
2026-08-28,SHREECEM,28,-1,-0.06203568366611655,0.1770833283662796,-0.10416508,0.10628119999999998,-0.2604462772094726,4
2026-08-28,SHRIRAMFIN,26,-1,-0.08390274968487904,0.14618845283985138,0.064241886,0.1062812,-0.092039313861084,4
2026-08-28,SHRIRAMFIN,28,-1,-0.06454284680641525,0.14235903322696686,0.20201802,0.1062812,0.045736822537231436,4
2026-08-28,SIEMENS,26,-1,-0.08980543998830487,0.15130069851875305,-0.06866455,0.10628119999999998,-0.22494575078124995,4
2026-08-28,SIEMENS,27,-1,-0.04255512681945728,0.14080746471881866,-0.06619692,0.1062812,-0.22247811848754884,4
2026-08-28,SIEMENS,28,-1,-0.06970004624345988,0.13463112711906433,-0.039219856,0.10628119999999998,-0.19550105626220698,4
2026-08-28,SJVN,26,-1,-0.08903747329737763,0.1043277159333229,0.123006105,0.1062812,-0.033275094577026376,4
2026-08-28,SJVN,28,-1,-0.07006513895549307,0.09114870429039001,0.12298226,0.1062812,-0.03329893643493653,4
2026-08-28,SOLARINDS,26,-1,-0.08754420997841658,0.15684384107589722,0.23471713,0.1062812,0.07843593066101072,4
2026-08-28,SOLARINDS,28,-1,-0.07005351289981715,0.15391072630882263,0.08818507,0.1062812,-0.06809612805480958,4
2026-08-28,SRF,26,-1,-0.0864700659248621,0.14886628091335297,0.29332638,0.1062812,0.13704517786865233,4
2026-08-28,SRF,28,-1,-0.06046986347368318,0.1537729650735855,0.20475388,0.1062812,0.048472675732421866,4
2026-08-28,SUNDARMFIN,14,-1,-0.047941980647456015,0.19376789033412933,0.22826791,0.1062812,0.07198670809631347,4
2026-08-28,SUNDARMFIN,26,-1,-0.09092629793259563,0.16811752319335938,-0.019657612,0.10628119999999998,-0.17593881184692378,4
2026-08-28,SUNDARMFIN,27,-1,-0.04342296095322588,0.16910141706466675,-0.017476082,0.10628119999999998,-0.1737572818481445,4
2026-08-28,SUNDARMFIN,28,-1,-0.06968176835402899,0.1665036827325821,0.045853853,0.1062812,-0.110427346774292,4
2026-08-28,SUNPHARMA,26,-1,-0.08935509165102824,0.15283618867397308,-0.07343292,0.1062812,-0.22971412236328126,4
2026-08-28,SUNPHARMA,28,-1,-0.06872360059749336,0.1568748652935028,-0.27256012,0.10628119999999998,-0.4288413196289062,4
2026-08-28,SUPREMEIND,3,1,0.04305902770328247,0.9083450436592102,0.5713701,0.1062812,0.4150889248168945,4
2026-08-28,SUPREMEIND,26,-1,-0.04948913132977877,0.2995348274707794,0.5238652,0.1062812,0.3675840229309082,4
2026-08-28,SUZLON,26,-1,-0.09321725408997507,0.14160917699337006,0.19180775,0.10628119999999998,0.03552654688720705,4
2026-08-28,SUZLON,28,-1,-0.06273384098036888,0.14322318136692047,0.042670965,0.1062812,-0.11361023480529786,4
2026-08-28,TATACONSUM,26,-1,-0.08991051709536362,0.12464777380228043,0.4628241,0.10628120000000002,0.30654290621643066,4
2026-08-28,TATACONSUM,28,-1,-0.07031133059810896,0.1179552674293518,0.36697984,0.10628119999999998,0.21069863741760259,4
2026-08-28,TATAELXSI,26,-1,-0.08150290474739351,0.2273683249950409,0.673002,0.10628120000000002,0.5167208046234131,4
2026-08-28,TATAELXSI,28,-1,-0.06824750690699784,0.20836792886257172,0.27225614,0.1062812,0.11597493594055173,4
2026-08-28,TATAINVEST,26,-1,-0.08895141555025574,0.22874882817268372,0.5207062,0.10628119999999998,0.36442497675781255,4
2026-08-28,TATAINVEST,28,-1,-0.06751650169268412,0.1879103034734726,0.24129152,0.1062812,0.0850103229797363,4
2026-08-28,TATAPOWER,26,-1,-0.09465351119402116,0.18364299833774567,0.22730827,0.10628119999999998,0.0710270733154297,4
2026-08-28,TATAPOWER,28,-1,-0.06986563887308554,0.18658068776130676,0.28392673,0.10628120000000002,0.12764552538757323,4
2026-08-28,TCS,3,1,0.04124523528204883,0.8827314376831055,-0.025773048,0.1062812,-0.18205424840087892,4
2026-08-28,TCS,26,-1,-0.08160597480259624,0.202589213848114,-0.1977086,0.10628119999999998,-0.35398980671997066,4
2026-08-28,TCS,28,-1,-0.0570745880996943,0.19191037118434906,-0.5511522,0.1062812,-0.707433429309082,4
2026-08-28,TECHM,26,-1,-0.04999919809532413,0.2525847256183624,0.47192574,0.1062812,0.3156445354736328,4
2026-08-28,THERMAX,26,-1,-0.09226256649772391,0.07471156120300293,0.14942288,0.1062812,-0.006858316012573251,4
2026-08-28,THERMAX,28,-1,-0.06519805752828248,0.07532023638486862,0.08364916,0.10628120000000002,-0.07263204152221682,4
2026-08-28,TIINDIA,26,-1,-0.08684987380345138,0.1472979485988617,0.16877651,0.1062812,0.012495312145996085,4
2026-08-28,TIINDIA,28,-1,-0.07419380608734011,0.15827827155590057,0.3125608,0.1062812,0.1562795967376709,4
2026-08-28,TITAN,26,-1,-0.09034945624330194,0.09732002019882202,0.05248785,0.1062812,-0.10379334981079102,4
2026-08-28,TITAN,28,-1,-0.07029135179218698,0.09639357030391693,-0.017499924,0.1062812,-0.1737811237060547,4
2026-08-28,TMCV,26,-1,-0.046968578710454005,0.27383801341056824,-0.17231703,0.1062812,-0.3285982280456543,4
2026-08-28,TORNTPHARM,26,-1,-0.092491150696716,0.11325431615114212,-0.0,0.1062812,-0.1562812,4
2026-08-28,TORNTPHARM,28,-1,-0.06986563887308554,0.11828754097223282,0.009977818,0.1062812,-0.14630338246459962,4
2026-08-28,TORNTPOWER,26,-1,-0.08672733318992128,0.11930117756128311,0.6875098,0.1062812,0.5312285751617432,4
2026-08-28,TORNTPOWER,28,-1,-0.05385276990257169,0.13447187840938568,0.065779686,0.1062812,-0.09050151402587892,4
2026-08-28,TRENT,26,-1,-0.08704377018499394,0.20939014852046967,0.08268952,0.10628120000000002,-0.07359167630310061,4
2026-08-28,TRENT,28,-1,-0.07275283550377892,0.20473597943782806,-0.055122375,0.1062812,-0.21140357548828126,4
2026-08-28,TVSMOTOR,29,1,0.0467349510542315,0.4995717406272888,0.50011873,0.1062812,0.34383753245239257,4
2026-08-28,TVSMOTOR,35,1,0.042691466955874245,0.5781396627426147,0.08774996,0.10628119999999998,-0.0685312419616699,4
2026-08-28,TVSMOTOR,37,1,0.041257031425900315,0.5860222578048706,0.72215796,0.1062812,0.5658767551696777,4
2026-08-28,UBL,26,-1,-0.09203089014956,0.1828516721725464,0.3581345,0.1062812,0.20185330813293456,4
2026-08-28,UBL,28,-1,-0.07010870804797949,0.2047099620103836,0.06734729,0.1062812,-0.08893391186828614,4
2026-08-28,ULTRACEMCO,26,-1,-0.08964644243897973,0.11314315348863602,0.017309189,0.10628119999999998,-0.13897201115722654,4
2026-08-28,ULTRACEMCO,28,-1,-0.06755127357178187,0.12321676313877106,-0.25134087,0.1062812,-0.4076220660888672,4
2026-08-28,UNIONBANK,26,-1,-0.08961117755750947,0.13017141819000244,0.16716123,0.1062812,0.010880026272582999,4
2026-08-28,UNIONBANK,28,-1,-0.06552133591319799,0.13447244465351105,0.40463805,0.10628119999999998,0.24835685198669438,4
2026-08-28,UNITDSPR,26,-1,-0.08013388759743592,0.15005770325660706,0.10569692,0.1062812,-0.050584283419799814,4
2026-08-28,UNITDSPR,28,-1,-0.07248465764326227,0.14678384363651276,0.09250045,0.1062812,-0.0637807517730713,4
2026-08-28,UNOMINDA,3,1,0.045520932468738305,0.8051292300224304,-0.20324588,0.1062812,-0.3595270782196045,4
2026-08-28,UNOMINDA,26,-1,-0.08695508106067076,0.16793550550937653,-0.14110804,0.10628119999999998,-0.2973892360412597,4
2026-08-28,UNOMINDA,28,-1,-0.06933449400279652,0.1961861401796341,-0.40813684,0.1062812,-0.5644180446350098,4
2026-08-28,UPL,26,-1,-0.0816983775185002,0.16010400652885437,0.5541146,0.1062812,0.39783338015441894,4
2026-08-28,UPL,28,-1,-0.062022770482768635,0.18733374774456024,0.24316311,0.10628119999999998,0.08688190882568363,4
2026-08-28,VBL,26,-1,-0.08184485433967069,0.12144339829683304,0.1077652,0.10628119999999998,-0.04851600224609373,4
2026-08-28,VBL,28,-1,-0.06306269156870695,0.13789105415344238,0.08391738,0.1062812,-0.07236382062072755,4
2026-08-28,VEDL,27,1,0.0408447134749542,0.3509010970592499,-0.13985634,0.10628119999999998,-0.2961375385009765,4
2026-08-28,VEDL,29,1,0.04978724832800517,0.34745869040489197,-0.15739202,0.1062812,-0.3136732249938965,4
2026-08-28,VOLTAS,26,-1,-0.08569093837529797,0.15497030317783356,0.36575198,0.1062812,0.20947078173522948,4
2026-08-28,VOLTAS,28,-1,-0.06046986347368318,0.1625002920627594,0.09999871,0.1062812,-0.05628248746032716,4
2026-08-28,WIPRO,26,-1,-0.08829241179340663,0.22115550935268402,-0.011122227,0.10628119999999998,-0.16740342671508787,4
2026-08-28,WIPRO,28,-1,-0.06467236893732883,0.19777284562587738,-0.35111904,0.1062812,-0.5074002414428711,4
2026-08-28,YESBANK,26,-1,-0.08845766405501661,0.2223089188337326,0.13532043,0.1062812,-0.020960774966430673,4
2026-08-28,YESBANK,28,-1,-0.0699172502707467,0.21908698976039886,0.09025335,0.1062812,-0.06602784688110352,4
2026-08-28,ZYDUSLIFE,26,-1,-0.08370144618955695,0.16604338586330414,0.008481741,0.10628119999999998,-0.1477994590484619,4
2026-08-28,ZYDUSLIFE,28,-1,-0.06899415371581095,0.15388432145118713,0.08484721,0.1062812,-0.07143398816223145,4
2026-08-31,360ONE,3,1,0.04578640976876698,0.729432225227356,0.16951561,0.10628119999999998,0.013234409741210956,4
2026-08-31,360ONE,4,1,0.050529691166011366,0.6316338181495667,0.27176142,0.1062812,0.11548021738891599,4
2026-08-31,360ONE,5,1,0.16523920106649154,0.6121938824653625,0.43389797,0.1062812,0.2776167721069336,4
2026-08-31,360ONE,6,1,0.07459578944611514,0.5783650279045105,0.09337664,0.1062812,-0.06290456349487306,4
2026-08-31,360ONE,7,1,0.07052228740487018,0.5410796403884888,0.008487701,0.1062812,-0.14779349858398438,4
2026-08-31,360ONE,8,1,0.08320462306411512,0.5429433584213257,-2.2194147,0.1062812,-2.375695910998535,4
2026-08-31,360ONE,9,1,0.06722866933697391,0.5288095474243164,-1.1847317,0.10628120000000002,-1.3410129218780518,4
2026-08-31,360ONE,11,1,0.07743413831072553,0.4658253788948059,-0.9912789,0.1062812,-1.147560086795044,4
2026-08-31,360ONE,12,1,0.07510369492899942,0.45156827569007874,-1.1522591,0.1062812,-1.308540311404419,4
2026-08-31,360ONE,13,1,0.07093677608673926,0.43306559324264526,-1.1701882,0.10628119999999998,-1.3264693885528565,4
2026-08-31,360ONE,15,1,0.08020061916465476,0.4580259323120117,0.09479523,0.1062812,-0.06148597294921876,4
2026-08-31,360ONE,16,1,0.09933157665804863,0.5034319758415222,-0.81356764,0.1062812,-0.9698488383972168,4
2026-08-31,360ONE,17,1,0.09108601389302273,0.5120877623558044,-0.6520808,0.10628119999999998,-0.808361974307251,4
2026-08-31,360ONE,19,1,0.061039865070877414,0.5142710208892822,-0.18859506,0.1062812,-0.3448762565338135,4
2026-08-31,360ONE,20,1,0.05330668544661178,0.5013179183006287,0.06861687,0.1062812,-0.08766433293457032,4
2026-08-31,360ONE,21,1,0.05317169652067211,0.5016528964042664,0.48139095,0.1062812,0.32510975306396483,4
2026-08-31,360ONE,22,1,0.06516135329499519,0.4753715693950653,0.4993558,0.10628119999999998,0.3430745929992676,4
2026-08-31,360ONE,23,1,0.061774793506404024,0.47240930795669556,0.75980425,0.1062812,0.6035230488098144,4
2026-08-31,360ONE,25,1,0.041425146805444034,0.53562331199646,0.58369637,0.10628119999999998,0.42741516535644536,4
2026-08-31,360ONE,66,-1,-0.0677427634898978,0.21401381492614746,0.9733379,0.1062812,0.8170566887176514,4
2026-08-31,3MINDIA,5,1,0.14354608497159657,0.5476613640785217,0.059247017,0.10628119999999998,-0.0970341830932617,4
2026-08-31,3MINDIA,7,1,0.05035433238027545,0.475644052028656,-0.20728707,0.1062812,-0.363568273135376,4
2026-08-31,3MINDIA,8,1,0.10838824648410608,0.43095648288726807,-0.47351122,0.10628119999999998,-0.6297924190246582,4
2026-08-31,3MINDIA,9,1,0.08861708929482562,0.40366700291633606,-0.5175233,0.1062812,-0.6738044887268066,4
2026-08-31,3MINDIA,10,1,0.04882762141327222,0.39924466609954834,-0.2962947,0.10628119999999998,-0.45257588917846675,4
2026-08-31,3MINDIA,11,1,0.09371849374062383,0.3781699538230896,-0.08901954,0.1062812,-0.2453007369720459,4
2026-08-31,3MINDIA,12,1,0.08999616396003865,0.36662566661834717,-0.16320348,0.1062812,-0.3194846778594971,4
2026-08-31,3MINDIA,13,1,0.0793140996733288,0.3581494987010956,-0.14834404,0.10628119999999998,-0.30462523991699214,4
2026-08-31,3MINDIA,15,1,0.04275148351943232,0.23682086169719696,0.08914471,0.1062812,-0.06713649327392579,4
2026-08-31,3MINDIA,66,-1,-0.06991271546136492,0.21240714192390442,0.22431612,0.10628120000000002,0.06803492014770506,4
2026-08-31,ABB,5,1,0.13764304770042332,0.6903420090675354,-0.6585181,0.1062812,-0.8147992759429932,4
2026-08-31,ABB,8,1,0.08427461589654364,0.5855498909950256,-0.5162358,0.1062812,-0.6725170283996582,4
2026-08-31,ABB,9,1,0.07919358562114102,0.5756276845932007,-0.3810823,0.10628119999999998,-0.53736349637146,4
2026-08-31,ABB,11,1,0.0872335276948105,0.546271026134491,0.07503033,0.1062812,-0.08125087315673829,4
2026-08-31,ABB,12,1,0.06474109932342877,0.5335674285888672,0.14350414,0.10628119999999998,-0.012777057238769512,4
2026-08-31,ABB,13,1,0.06164768231392737,0.510831356048584,0.17769337,0.1062812,0.021412167004394522,4
2026-08-31,ABB,15,1,0.06957627328755397,0.41600826382637024,0.27310848,0.1062812,0.11682728236083982,4
2026-08-31,ABB,16,1,0.057945228949396445,0.41327959299087524,0.41680336,0.10628119999999998,0.2605221599853516,4
2026-08-31,ABB,17,1,0.08435095724398875,0.3988817632198334,0.40911436,0.1062812,0.25283316080932616,4
2026-08-31,ABB,18,1,0.045382511947029955,0.3933902680873871,0.43609142,0.1062812,0.27981022303466796,4
2026-08-31,ABB,19,1,0.042071181358684054,0.29341521859169006,0.52548647,0.1062812,0.3692052692687988,4
2026-08-31,ABB,20,1,0.05720873590280045,0.2670409083366394,0.423038,0.10628119999999998,0.26675680582885747,4
2026-08-31,ABB,21,1,0.04845900125182434,0.266066312789917,0.47067404,0.1062812,0.3143928379333496,4
2026-08-31,ABB,39,-1,-0.04256023028161939,0.21312583982944489,0.16238093,0.10628119999999998,0.0060997337615966984,4
2026-08-31,ABB,47,-1,-0.042121932081260284,0.18012085556983948,-0.3728509,0.1062812,-0.5291320949279785,4
2026-08-31,ABB,49,-1,-0.04554056658862202,0.15821406245231628,-0.22352934,0.1062812,-0.37981053883666993,4
2026-08-31,ABB,53,-1,-0.04736643540698307,0.1577652394771576,-0.101327896,0.10628119999999998,-0.257609096118164,4
2026-08-31,ABB,55,-1,-0.04464528460519691,0.1669207513332367,-0.11483431,0.10628119999999998,-0.27111550862426753,4
2026-08-31,ABB,66,-1,-0.07056916420311767,0.1543491780757904,0.16823411,0.10628119999999998,0.011952909878540058,4
2026-08-31,ABBOTINDIA,5,1,0.14649072697385965,0.3496725857257843,-0.15243888,0.10628119999999998,-0.3087200790130615,4
2026-08-31,ABBOTINDIA,6,1,0.043767635645561756,0.32127201557159424,-0.4002273,0.10628119999999998,-0.5565085082733154,4
2026-08-31,ABBOTINDIA,8,1,0.06278005787295725,0.29395592212677,-0.5894661,0.10628119999999998,-0.7457472949707031,4
2026-08-31,ABBOTINDIA,9,1,0.05368790383487007,0.28190475702285767,-0.3810227,0.10628119999999998,-0.5373038917266846,4
2026-08-31,ABBOTINDIA,11,1,0.06112672162956704,0.26825398206710815,-0.8000016,0.1062812,-0.9562828212463379,4
2026-08-31,ABBOTINDIA,12,1,0.06145433757006308,0.2701115608215332,-0.5156636,0.10628119999999998,-0.6719448238098145,4
2026-08-31,ABBOTINDIA,13,1,0.056482244783077805,0.27062490582466125,-0.49713254,0.1062812,-0.6534137397491455,4
2026-08-31,ABBOTINDIA,66,-1,-0.06316892263206744,0.17105336487293243,-0.13518333,0.1062812,-0.29146453435058595,4
2026-08-31,ABCAPITAL,5,1,0.12457495079522544,0.4825173616409302,0.388515,0.10628120000000002,0.23223379557495116,4
2026-08-31,ABCAPITAL,8,1,0.08935664633184827,0.43178218603134155,-0.57456493,0.1062812,-0.7308461337768555,4
2026-08-31,ABCAPITAL,9,1,0.0772438912722623,0.41453301906585693,-0.4621446,0.1062812,-0.6184258132659912,4
2026-08-31,ABCAPITAL,11,1,0.06806748885994926,0.39325830340385437,-0.4244089,0.1062812,-0.5806901126586914,4
2026-08-31,ABCAPITAL,12,1,0.06985597067675485,0.37549251317977905,-0.39960146,0.1062812,-0.5558826595031738,4
2026-08-31,ABCAPITAL,13,1,0.06326667557794903,0.36012929677963257,-0.38701296,0.10628119999999998,-0.5432941585266113,4
2026-08-31,ABCAPITAL,15,1,0.08342770357203376,0.29791826009750366,0.26381016,0.1062812,0.10752895777587888,4
2026-08-31,ABCAPITAL,16,1,0.06095941870152959,0.2984779179096222,0.07528067,0.10628119999999998,-0.08100053364868162,4
2026-08-31,ABCAPITAL,17,1,0.07084441596363927,0.28675377368927,0.16311407,0.10628119999999998,0.006832870892334003,4
2026-08-31,ABCAPITAL,47,-1,-0.044273190173000805,0.1742803305387497,-0.13691187,0.10628120000000002,-0.2931930690490723,4
2026-08-31,ABCAPITAL,49,-1,-0.043182881087829666,0.1705757975578308,0.22391677,0.10628119999999998,0.06763556902770998,4
2026-08-31,ABCAPITAL,53,-1,-0.05429808814504531,0.14392389357089996,0.44775605,0.10628119999999998,0.29147485201721196,4
2026-08-31,ABCAPITAL,54,-1,-0.04506273482188877,0.13673165440559387,0.58428645,0.10628119999999998,0.4280052513397217,4
2026-08-31,ABCAPITAL,55,-1,-0.04604837934319489,0.1386108547449112,0.44775605,0.10628119999999998,0.29147485201721196,4
2026-08-31,ABCAPITAL,66,-1,-0.06732766149125272,0.19550049304962158,0.4851401,0.10628119999999998,0.32885888522033696,4
2026-08-31,ACC,5,1,0.12290101825662075,0.4303494393825531,0.05401373,0.1062812,-0.10226747090454102,4
2026-08-31,ACC,8,1,0.09629809588330467,0.32415059208869934,-0.13891459,0.1062812,-0.2951957851135254,4
2026-08-31,ACC,9,1,0.06807405108520849,0.29706883430480957,-0.32407045,0.1062812,-0.48035165364379884,4
2026-08-31,ACC,11,1,0.06270497945960059,0.281636118888855,-0.20073652,0.1062812,-0.35701772267456056,4
2026-08-31,ACC,12,1,0.06210088310380632,0.27110281586647034,-0.1929164,0.10628119999999998,-0.34919759328002925,4
2026-08-31,ACC,13,1,0.06044269525158394,0.27489539980888367,-0.054103136,0.10628119999999998,-0.21038433606262202,4
2026-08-31,ACC,39,-1,-0.045382226007013596,0.205259770154953,0.13868809,0.10628119999999998,-0.017593112536621075,4
2026-08-31,ACC,42,-1,-0.041477939371971154,0.1915331780910492,0.069350004,0.1062812,-0.08693119580383302,4
2026-08-31,ACC,47,-1,-0.04437811387759622,0.15252673625946045,0.408566,0.10628119999999998,0.2522847980773926,4
2026-08-31,ACC,49,-1,-0.04321272952838509,0.14760498702526093,0.44708848,0.10628119999999998,0.2908072799957276,4
2026-08-31,ACC,53,-1,-0.052491991254531606,0.1301715224981308,0.32425523,0.10628119999999995,0.16797402804260259,4
2026-08-31,ACC,55,-1,-0.043205871447293924,0.1414986550807953,0.23219585,0.1062812,0.0759146541870117,4
2026-08-31,ACC,66,-1,-0.06784995079553048,0.14085818827152252,1.75547,0.1062812,1.5991888374603271,4
2026-08-31,ADANIENSOL,3,1,0.06565763121541163,1.1192362308502197,-0.27588606,0.1062812,-0.43216725880737306,4
2026-08-31,ADANIENSOL,4,1,0.06985239787058015,0.9591151475906372,-0.30222535,0.10628120000000002,-0.4585065513336182,4
2026-08-31,ADANIENSOL,5,1,0.17829246268544346,0.8558292388916016,0.15465021,0.1062812,-0.0016309886657714934,4
2026-08-31,ADANIENSOL,6,1,0.09022011321465075,0.7715288400650024,-0.025749207,0.1062812,-0.18203040654296876,4
2026-08-31,ADANIENSOL,7,1,0.0697861292064579,0.7057096362113953,0.051510334,0.1062812,-0.10477086598510743,4
2026-08-31,ADANIENSOL,8,1,0.09414328442728954,0.6491366028785706,-0.30240417,0.1062812,-0.45868536526794434,4
2026-08-31,ADANIENSOL,9,1,0.08747284941964362,0.6037197113037109,-0.52140355,0.1062812,-0.6776847511016846,4
2026-08-31,ADANIENSOL,11,1,0.09678052713618804,0.5444834232330322,-0.109654665,0.10628119999999998,-0.2659358649932861,4
2026-08-31,ADANIENSOL,12,1,0.08047886900930969,0.5221589207649231,-0.019299984,0.1062812,-0.1755811839782715,4
2026-08-31,ADANIENSOL,13,1,0.07053872515531548,0.49670302867889404,0.36059618,0.1062812,0.2043149799621582,4
2026-08-31,ADANIENSOL,15,1,0.07567150149167078,0.2885727882385254,0.58083534,0.10628119999999998,0.4245541424072266,4
2026-08-31,ADANIENSOL,16,1,0.06727422834879096,0.29164940118789673,0.8798003,0.1062812,0.7235191196716309,4
2026-08-31,ADANIENSOL,17,1,0.06760348868512304,0.25908413529396057,0.99093914,0.1062812,0.8346579403198242,4
2026-08-31,ADANIENSOL,20,1,0.0429609871429706,0.26855647563934326,0.21817684,0.10628120000000002,0.06189564173583982,4
2026-08-31,ADANIENSOL,47,-1,-0.04608736990857088,0.437868595123291,-0.5934119,0.10628119999999998,-0.749693122454834,4
2026-08-31,ADANIENT,3,1,0.05172199037489666,0.8630146980285645,-0.8458972,0.10628119999999998,-1.0021783977233887,4
2026-08-31,ADANIENT,5,1,0.13786171623861398,0.6950967907905579,-0.34052134,0.10628119999999998,-0.4968025356018066,4
2026-08-31,ADANIENT,6,1,0.04207839901081106,0.6169092059135437,-0.34370422,0.10628119999999998,-0.49998542363281245,4
2026-08-31,ADANIENT,7,1,0.05128067211602147,0.5946574211120605,-0.13974905,0.10628119999999998,-0.2960302501403808,4
2026-08-31,ADANIENT,8,1,0.10552397735343054,0.5727190375328064,-0.110566616,0.1062812,-0.2668478160583496,4
2026-08-31,ADANIENT,9,1,0.09221640095012724,0.534430742263794,-0.2829373,0.1062812,-0.43921848828430177,4
2026-08-31,ADANIENT,10,1,0.04535615267760131,0.5017449855804443,-0.30929446,0.10628119999999998,-0.46557566220397945,4
2026-08-31,ADANIENT,11,1,0.08697574305226483,0.47771233320236206,-0.104403496,0.1062812,-0.2606846957885742,4
2026-08-31,ADANIENT,12,1,0.09047576728229903,0.4688479006290436,-0.18220544,0.1062812,-0.3384866386138916,4
2026-08-31,ADANIENT,13,1,0.07913786867513602,0.44597864151000977,0.13340712,0.10628119999999998,-0.022874084063720684,4
2026-08-31,ADANIENT,15,1,0.07662012336467666,0.2762637436389923,0.11720657,0.1062812,-0.039074626513671884,4
2026-08-31,ADANIENT,16,1,0.06527722171383542,0.2716248631477356,0.15000105,0.10628119999999998,-0.006280150958251934,4
2026-08-31,ADANIENT,17,1,0.06267924409268458,0.25986728072166443,0.45068264,0.1062812,0.2944014400756836,4
2026-08-31,ADANIENT,20,1,0.0421920546601074,0.2580859661102295,0.04223585,0.10628119999999998,-0.11404534871215818,4
2026-08-31,ADANIENT,39,-1,-0.04700921320864857,0.23016877472400665,3.1175911,0.10628119999999998,2.961309942654419,4
2026-08-31,ADANIENT,44,-1,-0.044669848025168185,0.41721364855766296,-1.4536619,0.1062812,-1.6099431186401367,4
2026-08-31,ADANIENT,45,-1,-0.041648288624013124,0.46822741627693176,-0.6919384,0.1062812,-0.8482196002685547,4
2026-08-31,ADANIENT,46,-1,-0.04536378037106384,0.4865182638168335,-0.85430145,0.10628120000000002,-1.0105826526367188,4
2026-08-31,ADANIENT,47,-1,-0.05385206688964656,0.5161561965942383,-0.6066203,0.1062812,-0.7629015117370606,4
2026-08-31,ADANIENT,49,-1,-0.041752809253417025,0.549030601978302,-0.20962954,0.10628119999999995,-0.3659107356750488,4
2026-08-31,ADANIENT,50,-1,-0.05341255131087683,0.557684063911438,-0.043189526,0.10628119999999998,-0.199470725604248,4
2026-08-31,ADANIENT,66,-1,-0.07723880799190244,0.22787488996982574,1.5502572,0.1062812,1.3939760059631348,4
2026-08-31,ADANIENT,67,-1,-0.040797530186390436,0.24050331115722656,4.8900547,0.1062812,4.7337735027587895,4
2026-08-31,ADANIGREEN,5,1,0.12593714709538378,0.5855871438980103,-0.0077188015,0.1062812,-0.1640000014984131,4
2026-08-31,ADANIGREEN,8,1,0.08648300967192873,0.4622495472431183,-0.26242733,0.1062812,-0.41870853001708985,4
2026-08-31,ADANIGREEN,9,1,0.07475042023935023,0.43367600440979004,-0.37794113,0.10628119999999998,-0.5342223315917969,4
2026-08-31,ADANIGREEN,11,1,0.06934755647018057,0.3981456756591797,-0.10052323,0.10628119999999998,-0.25680443341369624,4
2026-08-31,ADANIGREEN,12,1,0.07108960486943117,0.3879133462905884,-0.20090938,0.10628119999999998,-0.35719057614440913,4
2026-08-31,ADANIGREEN,13,1,0.05895122606892048,0.36908799409866333,-0.092715025,0.1062812,-0.24899622494812013,4
2026-08-31,ADANIGREEN,15,1,0.06568588439933913,0.26422297954559326,-0.123780966,0.1062812,-0.2800621658050537,4
2026-08-31,ADANIGREEN,16,1,0.055190336086071046,0.26932239532470703,-0.0464499,0.1062812,-0.20273109967346192,4
2026-08-31,ADANIGREEN,66,-1,-0.04506076396664412,0.2703259289264679,0.8479178,0.1062812,0.6916365951812744,4
2026-08-31,ADANIPORTS,4,1,0.041109864439360044,0.6026396751403809,-0.36834478,0.1062812,-0.524625983782959,4
2026-08-31,ADANIPORTS,5,1,0.17009090291023848,0.5514885783195496,-0.02976656,0.1062812,-0.1860477596008301,4
2026-08-31,ADANIPORTS,6,1,0.08228721078351175,0.4931972920894623,-0.07737279,0.10628120000000002,-0.23365398938293458,4
2026-08-31,ADANIPORTS,7,1,0.06653744108117896,0.45216506719589233,-0.053542852,0.10628119999999998,-0.20982405240173335,4
2026-08-31,ADANIPORTS,8,1,0.09953948136569928,0.4294630289077759,0.011909008,0.1062812,-0.14437219197387696,4
2026-08-31,ADANIPORTS,9,1,0.08834062298834355,0.40011951327323914,-0.07144809,0.10628120000000002,-0.22772928769226075,4
2026-08-31,ADANIPORTS,10,1,0.045853900494612056,0.3762172758579254,-0.02977252,0.1062812,-0.18605372006530763,4
2026-08-31,ADANIPORTS,11,1,0.088360936770624,0.3607637584209442,0.08345842,0.1062812,-0.07282277638549806,4
2026-08-31,ADANIPORTS,12,1,0.08267083424922654,0.349026083946228,-0.08929968,0.10628119999999998,-0.2455808788024902,4
2026-08-31,ADANIPORTS,13,1,0.0713715984833474,0.3293169438838959,0.07742643,0.10628119999999998,-0.07885476643676756,4
2026-08-31,ADANIPORTS,66,-1,-0.07013910075184666,0.16026172041893005,0.48248172,0.10628120000000002,0.3262005180633545,4
2026-08-31,ADANIPOWER,5,1,0.149832517581265,0.6509666442871094,-0.35680532,0.1062812,-0.5130865245544434,4
2026-08-31,ADANIPOWER,6,1,0.05894540983778302,0.585975706577301,-0.33324957,0.10628119999999998,-0.48953076893920894,4
2026-08-31,ADANIPOWER,7,1,0.05640336036590082,0.5458621978759766,-0.2335608,0.1062812,-0.3898420005523682,4
2026-08-31,ADANIPOWER,8,1,0.09217316838187903,0.5193937420845032,-0.3954172,0.10628119999999998,-0.5516984134399414,4
2026-08-31,ADANIPOWER,9,1,0.07463502891745608,0.4869449734687805,-0.49075484,0.10628119999999998,-0.6470360427581787,4
2026-08-31,ADANIPOWER,11,1,0.08115433350883236,0.4598437547683716,-0.18156171,0.1062812,-0.3378429084503174,4
2026-08-31,ADANIPOWER,12,1,0.07375291854972585,0.44365230202674866,-0.24827123,0.1062812,-0.4045524268829346,4
2026-08-31,ADANIPOWER,13,1,0.06867841276073011,0.4223954975605011,-0.1241982,0.10628119999999998,-0.2804793983184814,4
2026-08-31,ADANIPOWER,15,1,0.06778080467090601,0.2883508503437042,-0.14352202,0.10628119999999998,-0.29980322415466304,4
2026-08-31,ADANIPOWER,16,1,0.06575823333206018,0.28831276297569275,-0.07659793,0.10628119999999998,-0.23287912900085445,4
2026-08-31,ADANIPOWER,17,1,0.04665113258225657,0.24602128565311432,0.014364719,0.10628119999999998,-0.14191648060913084,4
2026-08-31,ADANIPOWER,66,-1,-0.06715095890003876,0.21292705833911896,1.7341077,0.10628119999999998,1.5778265327728271,4
2026-08-31,AIAENG,3,1,0.05554845967130901,0.7834916710853577,-0.44953823,0.1062812,-0.6058194308959961,4
2026-08-31,AIAENG,4,1,0.061943037364188706,0.6569862961769104,-0.04310608,0.10628119999999998,-0.19938727910156245,4
2026-08-31,AIAENG,5,1,0.16941634228480307,0.6206784844398499,-0.0048041344,0.10628119999999998,-0.16108533436889647,4
2026-08-31,AIAENG,6,1,0.07906413938879868,0.5859435200691223,0.08870363,0.1062812,-0.06757756764526368,4
2026-08-31,AIAENG,7,1,0.06955293096492814,0.5704822540283203,-0.2945006,0.10628119999999998,-0.4507817893707275,4
2026-08-31,AIAENG,8,1,0.09233614231487255,0.5324785113334656,-0.43010712,0.1062812,-0.5863883166992188,4
2026-08-31,AIAENG,9,1,0.08432264625170205,0.5117344856262207,-0.4041195,0.1062812,-0.5604006915771484,4
2026-08-31,AIAENG,10,1,0.04533611750005894,0.5142459869384766,0.08165836,0.1062812,-0.07462283665771485,4
2026-08-31,AIAENG,11,1,0.08800808027590395,0.49117088317871094,-0.13659,0.1062812,-0.29287120396728517,4
2026-08-31,AIAENG,12,1,0.0874157680581632,0.46355023980140686,0.040757656,0.1062812,-0.1155235439025879,4
2026-08-31,AIAENG,13,1,0.07098204148840567,0.448417603969574,-0.107795,0.1062812,-0.26407620007629395,4
2026-08-31,AIAENG,15,1,0.06516879007593344,0.3104316294193268,0.20413399,0.10628120000000002,0.04785278742675779,4
2026-08-31,AIAENG,16,1,0.06279700412722385,0.2742229700088501,0.22087097,0.10628119999999998,0.06458977167968752,4
2026-08-31,AIAENG,17,1,0.057814543129975485,0.2732342779636383,0.13910532,0.1062812,-0.01717588002319337,4
2026-08-31,AIAENG,66,-1,-0.07094382894520675,0.19758319854736328,0.6348252,0.1062812,0.47854402964477544,4
2026-08-31,AJANTPHARM,5,1,0.1531880687974094,0.4254258871078491,0.3255248,0.1062812,0.16924360697631835,4
2026-08-31,AJANTPHARM,6,1,0.05533340074588817,0.4040534496307373,0.1696825,0.1062812,0.013401302746582022,4
2026-08-31,AJANTPHARM,7,1,0.04979372121585389,0.38595548272132874,0.14157295,0.10628119999999998,-0.014708247729492169,4
2026-08-31,AJANTPHARM,8,1,0.07646212825723937,0.35771238803863525,0.15281439,0.10628119999999998,-0.003466811724853497,4
2026-08-31,AJANTPHARM,9,1,0.07059531171794628,0.3339654207229614,0.24915934,0.10628119999999998,0.09287813609008792,4
2026-08-31,AJANTPHARM,11,1,0.0558664549431147,0.3180876076221466,-0.13833642,0.10628120000000002,-0.2946176200592041,4
2026-08-31,AJANTPHARM,12,1,0.05417081886075804,0.3123105466365814,-0.2652049,0.10628119999999998,-0.421486106463623,4
2026-08-31,AJANTPHARM,13,1,0.0431029166158936,0.30631524324417114,-0.2399683,0.1062812,-0.39624949986572267,4
2026-08-31,AJANTPHARM,15,1,0.04236424141737011,0.24217863380908966,-0.24309158,0.1062812,-0.39937278325195313,4
2026-08-31,AJANTPHARM,66,-1,-0.06415161711734646,0.13610191643238068,-2.9106855,0.10628119999999998,-3.0669667392456055,4
2026-08-31,ALKEM,5,1,0.15463898172860985,0.43306344747543335,0.4425168,0.10628119999999998,0.2862356037414551,4
2026-08-31,ALKEM,6,1,0.057516549615749056,0.4159063994884491,0.084495544,0.1062812,-0.07178565556640626,4
2026-08-31,ALKEM,7,1,0.04753194037762192,0.3954656422138214,0.19716024,0.1062812,0.0408790439880371,4
2026-08-31,ALKEM,8,1,0.07497828499159466,0.3798403739929199,-0.0187397,0.1062812,-0.17502090031738282,4
2026-08-31,ALKEM,9,1,0.06870740864509928,0.36208832263946533,-0.056153536,0.1062812,-0.21243473584289552,4
2026-08-31,ALKEM,11,1,0.0652149613383218,0.3329278826713562,-0.11230707,0.1062812,-0.268588271685791,4
2026-08-31,ALKEM,12,1,0.07005516633559321,0.32808399200439453,0.028121471,0.1062812,-0.1281597285949707,4
2026-08-31,ALKEM,13,1,0.05116151810982209,0.3129187822341919,0.11245012,0.1062812,-0.043831077166748056,4
2026-08-31,ALKEM,66,-1,-0.06545138430734003,0.15284192562103271,-0.06541014,0.1062812,-0.22169133717651368,4
2026-08-31,AMBUJACEM,5,1,0.1507027315269807,0.40965262055397034,-0.012296438,0.1062812,-0.1685776382171631,4
2026-08-31,AMBUJACEM,6,1,0.062370042154095216,0.38838085532188416,-0.07381439,0.1062812,-0.23009559208984376,4
2026-08-31,AMBUJACEM,7,1,0.05910620092289745,0.35679247975349426,0.0,0.10628119999999998,-0.15628119999999998,4
2026-08-31,AMBUJACEM,8,1,0.09427870256346425,0.33359426259994507,-0.049221516,0.1062812,-0.2055027156555176,4
2026-08-31,AMBUJACEM,9,1,0.06737254080090874,0.3163085877895355,-0.19692183,0.1062812,-0.35320302540893556,4
2026-08-31,AMBUJACEM,11,1,0.0628436854312011,0.2984619140625,0.049245358,0.10628119999999998,-0.10703584248657225,4
2026-08-31,AMBUJACEM,12,1,0.06022490285649402,0.29141876101493835,-0.061500072,0.1062812,-0.21778127247924806,4
2026-08-31,AMBUJACEM,13,1,0.05541824118423973,0.27875056862831116,-0.024610758,0.1062812,-0.1808919578277588,4
2026-08-31,AMBUJACEM,42,-1,-0.04246883591407013,0.1716325730085373,0.11040568,0.1062812,-0.045875516482543954,4
2026-08-31,AMBUJACEM,49,-1,-0.043984599882464594,0.1517537534236908,0.2456069,0.1062812,0.08932569926147459,4
2026-08-31,AMBUJACEM,66,-1,-0.06442680388952693,0.12404796481132507,0.32027364,0.10628119999999998,0.1639924377716065,4
2026-08-31,APARINDS,5,1,0.15414440696215184,0.6692340970039368,-0.33963323,0.10628119999999998,-0.4959144263946533,4
2026-08-31,APARINDS,6,1,0.05533340074588817,0.6131346821784973,-0.4020393,0.1062812,-0.5583204894744873,4
2026-08-31,APARINDS,7,1,0.06542847664910145,0.5928376913070679,0.034081936,0.10628119999999998,-0.12219926411743162,4
2026-08-31,APARINDS,8,1,0.08566663266659538,0.5517137050628662,-0.41348338,0.10628119999999998,-0.5697645812713623,4
2026-08-31,APARINDS,9,1,0.07381762969129438,0.5199591517448425,-0.26082993,0.1062812,-0.4171111255371094,4
2026-08-31,APARINDS,11,1,0.07006725886829977,0.4743662476539612,0.16458035,0.10628119999999998,0.008299145153808613,4
2026-08-31,APARINDS,12,1,0.07163045152116626,0.451332151889801,0.22720098,0.10628119999999998,0.070919784954834,4
2026-08-31,APARINDS,13,1,0.062443329033295275,0.42762115597724915,0.3581524,0.10628119999999998,0.20187118952636723,4
2026-08-31,APARINDS,15,1,0.06571418866515275,0.29291319847106934,0.2503395,0.10628119999999998,0.09405830805664066,4
2026-08-31,APARINDS,66,-1,-0.0626141412871665,0.09818913787603378,0.1914978,0.10628119999999998,0.03521660273437502,4
2026-08-31,APLAPOLLO,4,1,0.04685901878178537,0.6406933665275574,-0.094383955,0.1062812,-0.25066515500183106,4
2026-08-31,APLAPOLLO,5,1,0.15376306064167933,0.6740817427635193,0.82798004,0.10628119999999998,0.6716988415039062,4
2026-08-31,APLAPOLLO,6,1,0.056627441617700856,0.6489648818969727,1.6477227,0.1062812,1.4914415210998535,4
2026-08-31,APLAPOLLO,7,1,0.05188604289407085,0.5971463918685913,1.3837457,0.1062812,1.2274644703186035,4
2026-08-31,APLAPOLLO,8,1,0.10006075529823921,0.5640475749969482,0.9545803,0.1062812,0.7982991070068359,4
2026-08-31,APLAPOLLO,9,1,0.09229965620134807,0.5639668107032776,0.82975626,0.10628120000000002,0.6734750599182129,4
2026-08-31,APLAPOLLO,11,1,0.08435200795163496,0.5285860300064087,0.5624056,0.10628120000000002,0.4061243862426758,4
2026-08-31,APLAPOLLO,12,1,0.06813610956803937,0.5215628743171692,0.24682283,0.10628119999999998,0.09054163401489261,4
2026-08-31,APLAPOLLO,13,1,0.06273126692654472,0.5385352373123169,-0.39657354,0.1062812,-0.552854743548584,4
2026-08-31,APLAPOLLO,15,1,0.07245169908671503,0.4692523181438446,0.035846233,0.1062812,-0.12043496663208009,4
2026-08-31,APLAPOLLO,16,1,0.06960371512996648,0.4347861409187317,-0.11180639,0.1062812,-0.26808759266967774,4
2026-08-31,APLAPOLLO,17,1,0.07260532146483223,0.4249972999095917,-0.27731657,0.10628119999999998,-0.4335977702819824,4
2026-08-31,APLAPOLLO,19,1,0.05360329771712512,0.37476083636283875,-0.25511384,0.10628120000000002,-0.4113950401031494,4
2026-08-31,APLAPOLLO,20,1,0.06244284677835435,0.34990429878234863,-0.38474202,0.1062812,-0.541023221560669,4
2026-08-31,APLAPOLLO,21,1,0.05512226774810926,0.34217584133148193,-0.2104342,0.1062812,-0.3667153983795166,4
2026-08-31,APLAPOLLO,22,1,0.05807357156292638,0.33331185579299927,-0.34933686,0.1062812,-0.5056180625640869,4
2026-08-31,APLAPOLLO,42,-1,-0.04313499297081246,0.23669356107711792,0.017815828,0.1062812,-0.13846537167663575,4
2026-08-31,APLAPOLLO,49,-1,-0.043005714472950526,0.1572023630142212,-0.0,0.1062812,-0.1562812,4
2026-08-31,APLAPOLLO,53,-1,-0.04820660171609377,0.12653495371341705,0.08460283,0.10628119999999998,-0.07167836720581053,4
2026-08-31,APLAPOLLO,66,-1,-0.06363560224287677,0.15707355737686157,0.022298098,0.1062812,-0.13398310238952638,4
2026-08-31,APOLLOHOSP,5,1,0.12522078898636085,0.2912072241306305,0.36754608,0.10628119999999998,0.2112648815429688,4
2026-08-31,APOLLOHOSP,6,1,0.04095274440961219,0.2758576273918152,0.31062365,0.1062812,0.1543424457824707,4
2026-08-31,APOLLOHOSP,66,-1,-0.06987055802412068,0.15659557282924652,-0.0056505203,0.10628119999999998,-0.161931720324707,4
2026-08-31,APOLLOTYRE,5,1,0.15834724517365492,0.41272154450416565,-0.27397275,0.10628119999999998,-0.43025394971008296,4
2026-08-31,APOLLOTYRE,6,1,0.06454612722457796,0.37997469305992126,-0.39931536,0.1062812,-0.555596557208252,4
2026-08-31,APOLLOTYRE,7,1,0.0659998892686645,0.38459375500679016,-0.1714468,0.1062812,-0.3277280002319336,4
2026-08-31,APOLLOTYRE,8,1,0.08725483524762297,0.3580135703086853,-0.1713872,0.1062812,-0.3276683955871582,4
2026-08-31,APOLLOTYRE,9,1,0.07763123361306563,0.333828866481781,-0.2057612,0.1062812,-0.362042394229126,4
2026-08-31,APOLLOTYRE,11,1,0.07232861447245822,0.31864112615585327,0.0,0.10628119999999995,-0.15628119999999995,4
2026-08-31,APOLLOTYRE,12,1,0.06511255290033115,0.3081848621368408,0.045788288,0.10628119999999998,-0.1104929118835449,4
2026-08-31,APOLLOTYRE,13,1,0.060338067741633736,0.29618629813194275,0.022912025,0.1062812,-0.13336917454833985,4
2026-08-31,APOLLOTYRE,66,-1,-0.07507118333401223,0.24075312912464142,2.4651408,0.1062812,2.3088596195495605,4
2026-08-31,ASHOKLEY,5,1,0.1284251826941616,0.45591533184051514,0.28039217,0.1062812,0.12411096995239256,4
2026-08-31,ASHOKLEY,8,1,0.08375171772252588,0.38075655698776245,-0.1485169,0.10628120000000002,-0.30479809338684083,4
2026-08-31,ASHOKLEY,9,1,0.07662159304645588,0.36505940556526184,-0.0057160854,0.10628119999999998,-0.16199728543395994,4
2026-08-31,ASHOKLEY,11,1,0.06437829867712824,0.33220991492271423,-0.085663795,0.1062812,-0.24194499547119142,4
2026-08-31,ASHOKLEY,12,1,0.05622859752061815,0.32086020708084106,-0.25107265,0.1062812,-0.40735384518737794,4
2026-08-31,ASHOKLEY,13,1,0.04557675911680481,0.31305474042892456,-0.290668,0.10628119999999998,-0.4469492107116699,4
2026-08-31,ASHOKLEY,15,1,0.04559684549424469,0.24272647500038147,0.06862879,0.10628119999999998,-0.08765241200561522,4
2026-08-31,ASHOKLEY,42,-1,-0.04362524674857328,0.2277354598045349,0.07945299,0.10628119999999998,-0.07682820851440428,4
2026-08-31,ASHOKLEY,49,-1,-0.0437065821264425,0.17119818925857544,0.5111635,0.1062812,0.35488227312927245,4
2026-08-31,ASHOKLEY,53,-1,-0.04096001218300741,0.1623563915491104,0.22790432,0.10628119999999998,0.07162311976318361,4
2026-08-31,ASHOKLEY,66,-1,-0.06920556631320064,0.1721264272928238,0.40906668,0.1062812,0.25278547709350585,4
2026-08-31,ASIANPAINT,5,1,0.11637469347966012,0.36181172728538513,0.13999939,0.1062812,-0.01628181035156251,4
2026-08-31,ASIANPAINT,8,1,0.08771019196883459,0.2863623797893524,-0.015544891,0.1062812,-0.17182609135742188,4
2026-08-31,ASIANPAINT,9,1,0.07194345812304938,0.27310535311698914,-0.08934736,0.10628119999999998,-0.2456285625183105,4
2026-08-31,ASIANPAINT,39,-1,-0.04478394552569957,0.0913328006863594,0.019431114,0.10628119999999998,-0.13685008580322264,4
2026-08-31,ASIANPAINT,47,-1,-0.042451731566069496,0.07911764085292816,0.0038921833,0.10628119999999998,-0.15238901669616697,4
2026-08-31,ASIANPAINT,49,-1,-0.04258492521272002,0.08102050423622131,0.023311377,0.10628119999999998,-0.1329698234283447,4
2026-08-31,ASIANPAINT,53,-1,-0.05630906449946599,0.1010255292057991,-0.046622753,0.1062812,-0.20290395314331056,4
2026-08-31,ASIANPAINT,54,-1,-0.042745953561938776,0.09770341962575912,-0.05828142,0.10628119999999998,-0.2145626216613769,4
2026-08-31,ASIANPAINT,55,-1,-0.046718542245175874,0.09909894317388535,0.104916096,0.1062812,-0.05136510426635743,4
2026-08-31,ASIANPAINT,66,-1,-0.06634496700597373,0.1004166305065155,0.0038862228,0.1062812,-0.15239497716064454,4
2026-08-31,ASTRAL,5,1,0.12461255473011133,0.5992622971534729,0.5201578,0.1062812,0.3638766140258789,4
2026-08-31,ASTRAL,8,1,0.0747456692303385,0.6160911917686462,-0.25122762,0.1062812,-0.40750881726379395,4
2026-08-31,ASTRAL,9,1,0.06416533319806426,0.6163763999938965,-0.20611882,0.10628119999999998,-0.3624000220977783,4
2026-08-31,ASTRAL,11,1,0.06564340416210808,0.5953528881072998,0.5171299,0.1062812,0.36084869807128905,4
2026-08-31,ASTRAL,12,1,0.06270659972172746,0.567717432975769,0.49175024,0.1062812,0.3354690403259277,4
2026-08-31,ASTRAL,13,1,0.04777770104538878,0.5682073831558228,-0.045073032,0.1062812,-0.2013542323791504,4
2026-08-31,ASTRAL,15,1,0.06479438290466386,0.5470725297927856,-0.4649639,0.1062812,-0.6212451129638672,4
2026-08-31,ASTRAL,16,1,0.05700152962392448,0.4725630581378937,-0.6778121,0.10628120000000002,-0.8340932994567871,4
2026-08-31,ASTRAL,17,1,0.06103193708493454,0.4632475674152374,-0.48962831,0.10628120000000002,-0.6459095149719238,4
2026-08-31,ASTRAL,19,1,0.04423210255897651,0.4405931234359741,-0.44427514,0.1062812,-0.6005563407623291,4
2026-08-31,ASTRAL,20,1,0.05098994520163087,0.41183072328567505,-0.3478706,0.1062812,-0.5041517883026123,4
2026-08-31,ASTRAL,21,1,0.049352862705365326,0.40123698115348816,-0.122857094,0.1062812,-0.27913829381103517,4
2026-08-31,ASTRAL,22,1,0.062157864060470164,0.39484214782714844,0.10380745,0.10628119999999998,-0.05247375065917967,4
2026-08-31,ASTRAL,23,1,0.06273065163859244,0.3741799294948578,0.20800829,0.1062812,0.051727089337158194,4
2026-08-31,ASTRAL,39,-1,-0.04701779675199359,0.2197452038526535,-0.077712536,0.1062812,-0.2339937358581543,4
2026-08-31,ASTRAL,42,-1,-0.04306648414715206,0.21133282780647278,0.051683187,0.10628119999999998,-0.10459801251525877,4
2026-08-31,ASTRAL,47,-1,-0.042451731566069496,0.21468795835971832,0.05170703,0.10628119999999998,-0.10457417065734861,4
2026-08-31,ASTRAL,49,-1,-0.04554056658862202,0.20176087319850922,0.14864802,0.1062812,-0.007633176394653329,4
2026-08-31,ASTRAL,53,-1,-0.0474713591115785,0.1813993602991104,0.1034081,0.1062812,-0.052873101779174814,4
2026-08-31,ASTRAL,55,-1,-0.04457321641755117,0.16259050369262695,0.05173683,0.1062812,-0.10454436833496095,4
2026-08-31,ASTRAL,66,-1,-0.04607757722449847,0.27377521991729736,-0.84605217,0.1062812,-1.0023333697998047,4
2026-08-31,ATGL,5,1,0.12282792767411944,0.5054925680160522,-0.41273832,0.1062812,-0.5690195232116699,4
2026-08-31,ATGL,8,1,0.09167642447704905,0.4359199106693268,-0.095528364,0.10628120000000002,-0.25180956418151856,4
2026-08-31,ATGL,9,1,0.07971233928306462,0.4132815897464752,-0.08760095,0.10628119999999998,-0.24388214642639156,4
2026-08-31,ATGL,11,1,0.06968851153053833,0.37600961327552795,0.19133091,0.10628119999999998,0.035049709729003925,4
2026-08-31,ATGL,12,1,0.07257185055461869,0.3580385446548462,0.15149117,0.1062812,-0.0047900348388671965,4
2026-08-31,ATGL,13,1,0.0668897159702579,0.3358538746833801,0.15938282,0.10628119999999998,0.00310162012939455,4
2026-08-31,ATGL,39,-1,-0.04100182719797196,0.1601996272802353,0.6784797,0.10628120000000002,0.5221984714782715,4
2026-08-31,ATGL,42,-1,-0.041125473195207804,0.15171930193901062,0.5191684,0.1062812,0.3628871769226074,4
2026-08-31,ATGL,47,-1,-0.04185701744348361,0.24306225776672363,0.11228919,0.1062812,-0.04399200970764161,4
2026-08-31,ATGL,53,-1,-0.04947009367685499,0.24446427822113037,-0.0,0.1062812,-0.1562812,4
2026-08-31,ATGL,55,-1,-0.0430939214028863,0.2444249838590622,0.12050867,0.10628119999999998,-0.035772529193115216,4
2026-08-31,ATGL,66,-1,-0.06893002097608592,0.1435447633266449,0.23311973,0.1062812,0.07683852618103025,4
2026-08-31,AUBANK,4,1,0.042178045467851984,0.49389761686325073,0.15021563,0.1062812,-0.006065574237060556,4
2026-08-31,AUBANK,5,1,0.1568471208957741,0.43748635053634644,0.34708977,0.10628119999999998,0.19080856745605473,4
2026-08-31,AUBANK,6,1,0.05846384927290006,0.4109545946121216,0.28110743,0.10628119999999998,0.1248262256896973,4
2026-08-31,AUBANK,7,1,0.0545908801637835,0.3701271712779999,0.12181997,0.10628119999999998,-0.03446122700805662,4
2026-08-31,AUBANK,8,1,0.08463230700191933,0.3514139652252197,-0.08420348,0.10628119999999998,-0.2404846816741943,4
2026-08-31,AUBANK,9,1,0.07525885246089505,0.3486732542514801,0.18745661,0.1062812,0.031175407818603507,4
2026-08-31,AUBANK,11,1,0.07715181590218623,0.33983314037323,0.34695864,0.10628119999999998,0.19067743723754887,4
2026-08-31,AUBANK,12,1,0.06816385380248456,0.3422965407371521,0.08413792,0.1062812,-0.0721432834350586,4
2026-08-31,AUBANK,13,1,0.05812427139641731,0.3303796648979187,-0.018686056,0.10628119999999998,-0.17496725613708494,4
2026-08-31,AUBANK,15,1,0.06604375806574292,0.26222267746925354,0.0187397,0.1062812,-0.1375414996826172,4
2026-08-31,AUBANK,16,1,0.05555204983539207,0.2626209259033203,-0.08420348,0.10628119999999998,-0.2404846816741943,4
2026-08-31,AUBANK,66,-1,-0.06856939850458076,0.20940251648426056,-0.28754473,0.10628119999999998,-0.4438259273254394,4
2026-08-31,AUROPHARMA,3,1,0.042914677389017435,0.5731703639030457,0.42073727,0.10628119999999998,0.2644560665405274,4
2026-08-31,AUROPHARMA,5,1,0.155196304398195,0.5578885674476624,0.54166317,0.1062812,0.38538196986083983,4
2026-08-31,AUROPHARMA,6,1,0.05391066096966989,0.5162465572357178,0.38286448,0.10628119999999998,0.2265832752502442,4
2026-08-31,AUROPHARMA,7,1,0.04509233653066788,0.48400840163230896,0.30952692,0.1062812,0.1532457203186035,4
2026-08-31,AUROPHARMA,8,1,0.07297454116658775,0.4670127034187317,0.85645914,0.1062812,0.7001779407775879,4
2026-08-31,AUROPHARMA,9,1,0.06390059609354254,0.44436392188072205,1.1719704,0.1062812,1.0156891674316406,4
2026-08-31,AUROPHARMA,11,1,0.06213224192522266,0.41210153698921204,0.69003105,0.10628119999999998,0.5337498516357422,4
2026-08-31,AUROPHARMA,12,1,0.06087694965793746,0.4013780653476715,0.7021785,0.10628119999999998,0.5458972782409668,4
2026-08-31,AUROPHARMA,13,1,0.05083565850269601,0.3943747580051422,0.92020035,0.10628120000000002,0.7639191479003906,4
2026-08-31,AUROPHARMA,15,1,0.06327989157196032,0.33468616008758545,0.47590733,0.1062812,0.3196261257446289,4
2026-08-31,AUROPHARMA,16,1,0.055585673227841415,0.3442590832710266,0.24601221,0.10628119999999995,0.0897310108459473,4
2026-08-31,AUROPHARMA,17,1,0.060495716632045636,0.3420158326625824,0.54086447,0.1062812,0.3845832676208496,4
2026-08-31,AUROPHARMA,66,-1,-0.048602358774206406,0.2598704695701599,0.29081702,0.1062812,0.1345358223236084,4
2026-08-31,AWL,5,1,0.1623552609605432,0.4758733808994293,0.16521215,0.1062812,0.008930954388427725,4
2026-08-31,AWL,6,1,0.06048288771058262,0.44778886437416077,0.15984774,0.1062812,0.003566536358642569,4
2026-08-31,AWL,7,1,0.04856703328143376,0.5622006058692932,-1.048404,0.1062812,-1.2046851783477783,4
2026-08-31,AWL,8,1,0.07729207578640689,0.5450963973999023,-1.084137,0.1062812,-1.240418162890625,4
2026-08-31,AWL,9,1,0.06563839218656552,0.5160749554634094,-0.993526,0.10628119999999998,-1.1498071819030762,4
2026-08-31,AWL,10,1,0.0422021549404647,0.5658220052719116,-0.24110675,0.1062812,-0.3973879485809326,4
2026-08-31,AWL,11,1,0.08454283913982545,0.5320166945457458,-0.19000173,0.1062812,-0.3462829261505127,4
2026-08-31,AWL,12,1,0.08113626188676726,0.5352630615234375,0.23729801,0.10628119999999998,0.08101681177978519,4
2026-08-31,AWL,13,1,0.06354275481494509,0.5203171372413635,0.025737286,0.1062812,-0.13054391438598634,4
2026-08-31,AWL,15,1,0.06678782931545264,0.4535507261753082,-0.07209182,0.1062812,-0.22837301785583497,4
2026-08-31,AWL,16,1,0.06496858739661895,0.446612685918808,-0.23676753,0.1062812,-0.3930487304412842,4
2026-08-31,AWL,17,1,0.06615737999268417,0.44261831045150757,-0.18013716,0.10628119999999998,-0.3364183574401855,4
2026-08-31,AWL,19,1,0.049559265916989975,0.4212716817855835,-0.21612644,0.1062812,-0.3724076419555664,4
2026-08-31,AWL,20,1,0.05670974022865812,0.4150646924972534,0.010299683,0.10628119999999998,-0.14598151738281248,4
2026-08-31,AWL,21,1,0.05571332343107694,0.33722546696662903,0.3706813,0.1062812,0.2144000858581543,4
2026-08-31,AWL,22,1,0.05903808763509489,0.3235374093055725,0.20090342,0.10628119999999998,0.04462221567993166,4
2026-08-31,AWL,23,1,0.06191878486925204,0.33536234498023987,0.44375658,0.1062812,0.2874753803527832,4
2026-08-31,AWL,66,-1,-0.06454828923736874,0.22685742378234863,-0.05697012,0.10628120000000002,-0.21325131947631837,4
2026-08-31,AXISBANK,5,1,0.11562026675494301,0.34525638818740845,-0.09559989,0.10628119999999998,-0.251881089755249,4
2026-08-31,AXISBANK,8,1,0.08718074786017584,0.2803269326686859,0.12774467,0.10628119999999998,-0.028536525317382794,4
2026-08-31,AXISBANK,9,1,0.0715942678328244,0.27052831649780273,-0.007981062,0.1062812,-0.1642622619354248,4
2026-08-31,AXISBANK,11,1,0.040887996264965636,0.24136149883270264,-0.06380677,0.10628119999999998,-0.22008797223205562,4
2026-08-31,AXISBANK,39,-1,-0.04285756321417284,0.12570179998874664,0.023782253,0.10628119999999998,-0.13249894673461912,4
2026-08-31,AXISBANK,42,-1,-0.04536078410212173,0.1318994015455246,0.08715987,0.1062812,-0.0691213279449463,4
2026-08-31,AXISBANK,53,-1,-0.05437934951364994,0.11992622166872025,0.10294318,0.1062812,-0.05333801800842286,4
2026-08-31,AXISBANK,54,-1,-0.04437009061492746,0.11702366918325424,0.015825033,0.1062812,-0.1404561668121338,4
2026-08-31,AXISBANK,55,-1,-0.048342679298164555,0.11478109657764435,-0.063335896,0.1062812,-0.2196170955383301,4
2026-08-31,AXISBANK,66,-1,-0.05953402780818323,0.11804194003343582,0.36374927,0.1062812,0.20746806567077636,4
2026-08-31,BAJAJ-AUTO,5,1,0.1413450805171161,0.39566442370414734,0.3093958,0.1062812,0.15311459010009765,4
2026-08-31,BAJAJ-AUTO,6,1,0.047190454093596255,0.35576993227005005,0.23397207,0.1062812,0.07769087260131834,4
2026-08-31,BAJAJ-AUTO,8,1,0.08200425249338694,0.34667184948921204,0.0166893,0.1062812,-0.13959189946289063,4
2026-08-31,BAJAJ-AUTO,9,1,0.06876869365580156,0.3363303244113922,-0.14154911,0.1062812,-0.29783031041259767,4
2026-08-31,BAJAJ-AUTO,11,1,0.0563644343569681,0.30766451358795166,0.016665459,0.1062812,-0.1396157413208008,4
2026-08-31,BAJAJ-AUTO,12,1,0.05292579922505266,0.30266499519348145,-0.18346906,0.1062812,-0.3397502570831299,4
2026-08-31,BAJAJ-AUTO,13,1,0.04227416661067683,0.29119277000427246,-0.12509227,0.1062812,-0.2813734679901123,4
2026-08-31,BAJAJ-AUTO,42,-1,-0.043558941216942336,0.08694823831319809,0.108385086,0.1062812,-0.047896113940429696,4
2026-08-31,BAJAJ-AUTO,66,-1,-0.06567207513217727,0.09823884814977646,-0.01667738,0.1062812,-0.1729585796081543,4
2026-08-31,BAJAJFINSV,5,1,0.10747411787560615,0.2760198712348938,0.16713142,0.1062812,0.010850223950195304,4
2026-08-31,BAJAJFINSV,8,1,0.054805611417358714,0.22967636585235596,-0.17730594,0.1062812,-0.3335871368133545,4
2026-08-31,BAJAJFINSV,39,-1,-0.04478394552569957,0.1499399095773697,-0.38939714,0.10628119999999998,-0.545678344317627,4
2026-08-31,BAJAJFINSV,42,-1,-0.04546570780671716,0.15007337927818298,-0.24238825,0.1062812,-0.3986694484436035,4
2026-08-31,BAJAJFINSV,47,-1,-0.044273190173000805,0.135640949010849,0.050371885,0.1062812,-0.10590931470031739,4
2026-08-31,BAJAJFINSV,49,-1,-0.043540326800627895,0.12809841334819794,0.2619505,0.10628119999999998,0.10566929285888675,4
2026-08-31,BAJAJFINSV,53,-1,-0.05671016323851204,0.13651807606220245,0.10086298,0.1062812,-0.05541822011108399,4
2026-08-31,BAJAJFINSV,54,-1,-0.04437009061492746,0.13570886850357056,0.18646717,0.1062812,0.030185970715332022,4
2026-08-31,BAJAJFINSV,55,-1,-0.04515648378334076,0.14355750381946564,-0.01513958,0.1062812,-0.17142077977294923,4
2026-08-31,BAJAJFINSV,66,-1,-0.06815314932021031,0.16072431206703186,0.29634833,0.10628119999999998,0.1400671333587647,4
2026-08-31,BAJAJHLDNG,5,1,0.15104497722284435,0.5075917840003967,0.044178963,0.1062812,-0.11210223729248048,4
2026-08-31,BAJAJHLDNG,6,1,0.05488763197792173,0.46534502506256104,-0.105929375,0.10628119999999998,-0.26221057469482417,4
2026-08-31,BAJAJHLDNG,7,1,0.05299963165844375,0.44117647409439087,0.15921593,0.1062812,0.0029347271240234285,4
2026-08-31,BAJAJHLDNG,8,1,0.08574159418245843,0.40722379088401794,0.070858,0.10628120000000002,-0.08542319829101565,4
2026-08-31,BAJAJHLDNG,9,1,0.06824304535088836,0.40070608258247375,-0.061827898,0.10628119999999998,-0.21810909802551265,4
2026-08-31,BAJAJHLDNG,11,1,0.06684633431455247,0.38376709818840027,0.070643425,0.1062812,-0.08563777501220704,4
2026-08-31,BAJAJHLDNG,12,1,0.06480670257879043,0.37157297134399414,0.05300045,0.10628119999999998,-0.10328074986572264,4
2026-08-31,BAJAJHLDNG,13,1,0.05755500361480358,0.35411301255226135,0.11485815,0.10628119999999998,-0.04142304951782225,4
2026-08-31,BAJAJHLDNG,15,1,0.06267934830596493,0.2908226549625397,0.24760962,0.10628119999999998,0.09132841532592777,4
2026-08-31,BAJAJHLDNG,16,1,0.05108915747169604,0.2752351462841034,0.15027523,0.1062812,-0.006005969592285165,4
2026-08-31,BAJAJHLDNG,17,1,0.05531646610825017,0.2646436095237732,0.008833408,0.1062812,-0.14744779164428712,4
2026-08-31,BAJAJHLDNG,42,-1,-0.04359671991898919,0.07481077313423157,0.10561347,0.1062812,-0.05066772992248536,4
2026-08-31,BAJAJHLDNG,66,-1,-0.06377830464951904,0.14009298384189606,0.3607273,0.1062812,0.20444611018066405,4
2026-08-31,BAJFINANCE,5,1,0.12273032820587565,0.4206681251525879,-0.3484726,0.10628119999999998,-0.5047537952148438,4
2026-08-31,BAJFINANCE,8,1,0.09716830982902033,0.32901400327682495,-0.67899823,0.10628119999999998,-0.8352794318878174,4
2026-08-31,BAJFINANCE,9,1,0.07235413799632266,0.30810990929603577,-0.55592656,0.1062812,-0.7122077613555908,4
2026-08-31,BAJFINANCE,11,1,0.0715267485927842,0.29272669553756714,-0.3776431,0.1062812,-0.5339243083679199,4
2026-08-31,BAJFINANCE,12,1,0.07302707105526994,0.28279849886894226,-0.24568439,0.1062812,-0.4019655852996826,4
2026-08-31,BAJFINANCE,13,1,0.06293409310175192,0.27781811356544495,-0.08516312,0.1062812,-0.24144431645507813,4
2026-08-31,BAJFINANCE,15,1,0.04438637066577383,0.19667868316173553,-0.00949502,0.1062812,-0.16577621991271974,4
2026-08-31,BAJFINANCE,39,-1,-0.04509141444046684,0.1870511770248413,-0.0,0.1062812,-0.1562812,4
2026-08-31,BAJFINANCE,42,-1,-0.045288715914475995,0.16886812448501587,-0.06593466,0.10628119999999998,-0.22221585805053706,4
2026-08-31,BAJFINANCE,49,-1,-0.044313985970304115,0.1317761242389679,0.27284026,0.1062812,0.11655906145935056,4
2026-08-31,BAJFINANCE,53,-1,-0.055086026185523364,0.11705124378204346,0.30137897,0.10628119999999998,0.14509776537780766,4
2026-08-31,BAJFINANCE,54,-1,-0.044981036763164346,0.11836372315883636,0.3671527,0.1062812,0.21087149088745116,4
2026-08-31,BAJFINANCE,55,-1,-0.043894595370628404,0.1231994703412056,0.2355814,0.1062812,0.07930019801025388,4
2026-08-31,BAJFINANCE,66,-1,-0.06915797956702135,0.15964055061340332,0.06571412,0.1062812,-0.09056707913513184,4
2026-08-31,BALKRISIND,5,1,0.1211349288721201,1.007959246635437,-0.2730012,0.1062812,-0.42928239400024415,4
2026-08-31,BALKRISIND,8,1,0.0930012452266547,0.8067359924316406,-0.22500753,0.1062812,-0.3812887340270996,4
2026-08-31,BALKRISIND,9,1,0.08191050709814712,0.7855112552642822,-0.2423644,0.1062812,-0.39864560658569337,4
2026-08-31,BALKRISIND,11,1,0.07054697615997127,0.7022628784179688,0.27819872,0.10628119999999998,0.12191751902465824,4
2026-08-31,BALKRISIND,12,1,0.0699573710273734,0.6761780381202698,0.76475143,0.10628119999999998,0.6084702343261719,4
2026-08-31,BALKRISIND,13,1,0.05604091755609217,0.6590937972068787,0.5506873,0.10628119999999998,0.39440611307983403,4
2026-08-31,BALKRISIND,15,1,0.07212627716342113,0.40952688455581665,0.23418665,0.1062812,0.07790544932250974,4
2026-08-31,BALKRISIND,16,1,0.06377002433787383,0.38239896297454834,0.3383994,0.1062812,0.18211821024780273,4
2026-08-31,BALKRISIND,17,1,0.07011157964587751,0.3566945791244507,0.14317036,0.1062812,-0.013110843249511728,4
2026-08-31,BALKRISIND,19,1,0.04618454354954587,0.3634571433067322,0.18104315,0.10628120000000002,0.02476194804077146,4
2026-08-31,BALKRISIND,20,1,0.05177166560706758,0.3757939636707306,0.13369322,0.1062812,-0.022587981768798837,4
2026-08-31,BALKRISIND,21,1,0.04820439532171315,0.3588237464427948,0.9675622,0.1062812,0.811280998638916,4
2026-08-31,BALKRISIND,22,1,0.05672712048052812,0.3532481789588928,1.2624979,0.1062812,1.106216701916504,4
2026-08-31,BALKRISIND,23,1,0.047464359927402576,0.33231163024902344,0.973475,0.1062812,0.8171937794006348,4
2026-08-31,BALKRISIND,66,-1,-0.043516995033304195,0.31904590129852295,3.0373812,0.1062812,2.8810999721801758,4
2026-08-31,BANKBARODA,4,1,0.04191268323909957,0.5052976012229919,-0.20181537,0.1062812,-0.3580965667449951,4
2026-08-31,BANKBARODA,5,1,0.14479483609714222,0.45575761795043945,-0.1935184,0.10628119999999998,-0.3497996001922607,4
2026-08-31,BANKBARODA,8,1,0.09047908322485539,0.3616791069507599,-0.34062266,0.1062812,-0.4969038634979248,4
2026-08-31,BANKBARODA,9,1,0.08066272287224804,0.3418266475200653,-0.4582882,0.1062812,-0.6145693927490234,4
2026-08-31,BANKBARODA,11,1,0.07652830415669387,0.3121006488800049,-0.17275214,0.10628119999999998,-0.3290333419525146,4
2026-08-31,BANKBARODA,12,1,0.07707337165680983,0.29376280307769775,-0.3414333,0.10628119999999998,-0.49771448666687007,4
2026-08-31,BANKBARODA,13,1,0.05934322354471434,0.2803422212600708,-0.2865672,0.1062812,-0.44284841115112306,4
2026-08-31,BANKBARODA,42,-1,-0.04147273873894779,0.142454132437706,-0.02104044,0.1062812,-0.1773216396057129,4
2026-08-31,BANKBARODA,66,-1,-0.06294298132974492,0.1609421819448471,0.21057725,0.1062812,0.05429604952697753,4
2026-08-31,BANKINDIA,5,1,0.1224750303990782,0.5316864252090454,-0.091570616,0.1062812,-0.24785181576843263,4
2026-08-31,BANKINDIA,8,1,0.09229677509097745,0.4234038293361664,-0.26763678,0.10628119999999998,-0.42391797597045894,4
2026-08-31,BANKINDIA,9,1,0.08289706991835531,0.40425097942352295,-0.4929185,0.1062812,-0.6491996913635254,4
2026-08-31,BANKINDIA,11,1,0.07082949078776447,0.36142149567604065,-0.49382448,0.1062812,-0.6501056819641113,4
2026-08-31,BANKINDIA,12,1,0.06891071282611685,0.34328800439834595,-0.77563524,0.1062812,-0.9319164424621582,4
2026-08-31,BANKINDIA,13,1,0.0616254171424982,0.3273051977157593,-0.76137185,0.1062812,-0.9176530509674072,4
2026-08-31,BANKINDIA,15,1,0.05453335401180755,0.25473955273628235,-0.57219267,0.1062812,-0.7284738689147949,4
2026-08-31,BANKINDIA,39,-1,-0.04525888755385406,0.1655777096748352,0.16809702,0.10628119999999998,0.01181581919555666,4
2026-08-31,BANKINDIA,47,-1,-0.044273190173000805,0.15011334419250488,0.14711618,0.10628119999999998,-0.00916501576538084,4
2026-08-31,BANKINDIA,49,-1,-0.04483686658137376,0.13564954698085785,0.21029711,0.10628119999999998,0.05401590769653322,4
2026-08-31,BANKINDIA,53,-1,-0.05224355077518071,0.13031774759292603,0.14039874,0.10628119999999998,-0.015882459231567364,4
2026-08-31,BANKINDIA,54,-1,-0.044298022427281716,0.1287878006696701,0.25957227,0.1062812,0.10329106753234861,4
2026-08-31,BANKINDIA,55,-1,-0.04654155035293472,0.13231375813484192,0.20344257,0.1062812,0.04716137354736327,4
2026-08-31,BANKINDIA,66,-1,-0.06742926154063823,0.16248537600040436,-0.07698536,0.1062812,-0.23326655919189454,4
2026-08-31,BDL,3,1,0.05251941178668169,0.8562700152397156,-0.5786717,0.10628119999999998,-0.7349528938018799,4
2026-08-31,BDL,4,1,0.07555851341910659,0.7796070575714111,-0.42356253,0.10628119999999998,-0.5798437267028809,4
2026-08-31,BDL,5,1,0.1623699606863495,0.7009958028793335,-0.1257658,0.1062812,-0.2820470004760742,4
2026-08-31,BDL,6,1,0.0691855460245544,0.6478713750839233,-0.06285906,0.1062812,-0.21914025838012696,4
2026-08-31,BDL,7,1,0.06526592208922617,0.5929908156394958,0.062942505,0.1062812,-0.09333869511718751,4
2026-08-31,BDL,8,1,0.10965140869849911,0.5737935304641724,0.039362907,0.10628119999999998,-0.11691829259033201,4
2026-08-31,BDL,9,1,0.09773256184764195,0.5433080196380615,-0.055116415,0.10628119999999998,-0.21139761502380366,4
2026-08-31,BDL,10,1,0.04798010275396599,0.518398642539978,-0.07866025,0.1062812,-0.23494144971008302,4
2026-08-31,BDL,11,1,0.08856273553849006,0.4949464797973633,0.14178753,0.1062812,-0.01449367100830079,4
2026-08-31,BDL,12,1,0.08671475676854176,0.47823503613471985,-0.10229945,0.10628119999999998,-0.2585806518280029,4
2026-08-31,BDL,13,1,0.07706952089645756,0.45548543334007263,-0.26732087,0.10628119999999998,-0.42360207135314937,4
2026-08-31,BDL,14,1,0.04206054534745585,0.3245996832847595,-0.22014976,0.10628119999999998,-0.3764309554779052,4
2026-08-31,BDL,15,1,0.07168833309619398,0.30579471588134766,-0.16527176,0.1062812,-0.32155295903320313,4
2026-08-31,BDL,16,1,0.0686311331375973,0.27630650997161865,-0.086671114,0.10628119999999998,-0.24295231396789546,4
2026-08-31,BDL,17,1,0.07130109630082031,0.26203155517578125,0.0,0.1062812,-0.1562812,4
2026-08-31,BDL,42,-1,-0.042458378061585506,0.20754997432231903,0.14098287,0.1062812,-0.015298333712768564,4
2026-08-31,BDL,49,-1,-0.04673050438038447,0.1529400795698166,0.16470551,0.1062812,0.008424314907836905,4
2026-08-31,BDL,53,-1,-0.04093838371285899,0.158866286277771,-0.15717745,0.1062812,-0.3134586482727051,4
2026-08-31,BDL,66,-1,-0.06718976704439432,0.192158505320549,0.0862658,0.10628119999999998,-0.07001539761657713,4
2026-08-31,BEL,5,1,0.13575935030466413,0.4048108756542206,-0.15946627,0.1062812,-0.3157474666320801,4
2026-08-31,BEL,8,1,0.08251003326200744,0.311222642660141,0.024569035,0.1062812,-0.131712165423584,4
2026-08-31,BEL,9,1,0.06877325455609049,0.29115718603134155,-0.110542774,0.1062812,-0.26682397420043946,4
2026-08-31,BEL,11,1,0.0628436854312011,0.2724539041519165,-0.061434507,0.10628119999999998,-0.21771570736999507,4
2026-08-31,BEL,66,-1,-0.07201923419836241,0.1443968564271927,0.10893941,0.1062812,-0.047341790744018564,4
2026-08-31,BERGEPAINT,5,1,0.12775129798915666,0.40424761176109314,0.030827522,0.1062812,-0.12545367772216798,4
2026-08-31,BERGEPAINT,8,1,0.09745348389143167,0.356102854013443,0.071942806,0.1062812,-0.08433839375610352,4
2026-08-31,BERGEPAINT,9,1,0.082085703693765,0.3386693298816681,-0.2257824,0.1062812,-0.3820635944091797,4
2026-08-31,BERGEPAINT,11,1,0.0673394593612342,0.3169219195842743,0.020551682,0.1062812,-0.13572951848144532,4
2026-08-31,BERGEPAINT,12,1,0.06825449496810652,0.3034874498844147,0.07195473,0.1062812,-0.08432647282714845,4
2026-08-31,BERGEPAINT,13,1,0.05559709441682994,0.302936851978302,-0.1232326,0.1062812,-0.2795138030731201,4
2026-08-31,BERGEPAINT,39,-1,-0.04525888755385406,0.1933836042881012,-0.18320084,0.10628119999999998,-0.3394820361816406,4
2026-08-31,BERGEPAINT,42,-1,-0.04218902566549854,0.19328568875789642,-0.14247894,0.10628119999999998,-0.2987601428710937,4
2026-08-31,BERGEPAINT,53,-1,-0.05537901205875281,0.13356667757034302,-0.14227629,0.1062812,-0.29855748707885743,4
2026-08-31,BERGEPAINT,54,-1,-0.045195539454404965,0.13635960221290588,-0.030481815,0.10628119999999998,-0.18676301533813472,4
2026-08-31,BERGEPAINT,55,-1,-0.04463482478755077,0.13359428942203522,-0.10164976,0.1062812,-0.2579309611999512,4
2026-08-31,BERGEPAINT,66,-1,-0.06991707510976786,0.22454752027988434,-1.081574,0.1062812,-1.2378551631652832,4
2026-08-31,BHARATFORG,5,1,0.1428695408880717,0.37276342511177063,0.36779642,0.1062812,0.21151522105102538,4
2026-08-31,BHARATFORG,6,1,0.04562634160373069,0.34843188524246216,0.28818846,0.10628119999999998,0.13190725748901372,4
2026-08-31,BHARATFORG,8,1,0.07867347006096885,0.2981109023094177,-0.049597025,0.1062812,-0.20587822491760255,4
2026-08-31,BHARATFORG,9,1,0.06268924075962978,0.2900988757610321,-0.18321276,0.1062812,-0.3394939571105957,4
2026-08-31,BHARATFORG,11,1,0.06294495951153967,0.2720528244972229,-0.06441474,0.1062812,-0.22069593960876466,4
2026-08-31,BHARATFORG,12,1,0.04562534638658895,0.25826379656791687,-0.14855862,0.10628119999999998,-0.30483981663818355,4
2026-08-31,BHARATFORG,49,-1,-0.04367157870089405,0.1269976794719696,-0.46305656,0.1062812,-0.6193377643310547,4
2026-08-31,BHARATFORG,66,-1,-0.07105815494749182,0.16463643312454224,0.24416447,0.1062812,0.08788326685791013,4
2026-08-31,BHARTIARTL,5,1,0.06655732518960807,0.24785888195037842,-0.015938282,0.10628119999999998,-0.17221948201293943,4
2026-08-31,BHARTIARTL,6,1,0.042126754613542046,0.26540514826774597,-0.32288432,0.1062812,-0.47916552121276856,4
2026-08-31,BHARTIARTL,7,1,0.04283506591887269,0.2806829810142517,0.15921593,0.1062812,0.0029347271240234285,4
2026-08-31,BHARTIARTL,8,1,0.07111075919023911,0.2670206129550934,-0.100797415,0.10628119999999998,-0.25707861477966304,4
2026-08-31,BHARTIARTL,9,1,0.04192030779847595,0.24570180475711823,0.068986416,0.1062812,-0.0872947841369629,4
2026-08-31,BHARTIARTL,42,-1,-0.043701643623584606,0.11260513216257095,0.28038025,0.10628119999999998,0.12409904902343753,4
2026-08-31,BHARTIARTL,66,-1,-0.0626141412871665,0.15274210274219513,0.5424917,0.1062812,0.38621047442321776,4
2026-08-31,BHEL,5,1,0.1558903031804064,0.5995762944221497,0.011765957,0.1062812,-0.1445152431213379,4
2026-08-31,BHEL,6,1,0.06117436086203723,0.5566725730895996,-0.035208464,0.1062812,-0.19148966366882325,4
2026-08-31,BHEL,7,1,0.05844141197888612,0.5169773101806641,-0.18798709,0.1062812,-0.3442682891571045,4
2026-08-31,BHEL,8,1,0.08166853497312727,0.49011826515197754,-0.30494928,0.10628120000000002,-0.4612304835998535,4
2026-08-31,BHEL,9,1,0.06906844511195778,0.46620506048202515,-0.562191,0.1062812,-0.7184722095214844,4
2026-08-31,BHEL,11,1,0.07176039824080563,0.4384412467479706,-0.08223057,0.1062812,-0.23851176793212892,4
2026-08-31,BHEL,12,1,0.07297427243352184,0.41956308484077454,0.023496151,0.10628119999999998,-0.132785049029541,4
2026-08-31,BHEL,13,1,0.060940758650720975,0.40586239099502563,0.035238266,0.10628120000000002,-0.12104293400878909,4
2026-08-31,BHEL,15,1,0.07277432686155043,0.33781471848487854,0.058817863,0.1062812,-0.09746333653564454,4
2026-08-31,BHEL,16,1,0.0615297960888481,0.31633782386779785,0.10601282,0.1062812,-0.05026837880249024,4
2026-08-31,BHEL,17,1,0.057666326660262675,0.29142430424690247,0.23527145,0.10628119999999998,0.07899025385742191,4
2026-08-31,BHEL,20,1,0.044716762970434386,0.25992217659950256,0.0,0.10628119999999998,-0.15628119999999998,4
2026-08-31,BHEL,66,-1,-0.06279561016424003,0.17358824610710144,-0.46511889,0.1062812,-0.6214000850402832,4
2026-08-31,BIOCON,5,1,0.15867615745653688,0.3949735462665558,0.33152103,0.10628120000000002,0.17523983424072265,4
2026-08-31,BIOCON,6,1,0.06598764909280752,0.3647264838218689,0.3314972,0.1062812,0.1752159923828125,4
2026-08-31,BIOCON,7,1,0.06143722561749519,0.3285427987575531,0.5895376,0.1062812,0.4332564205444336,4
2026-08-31,BIOCON,8,1,0.07869578996816347,0.35316407680511475,0.0,0.1062812,-0.1562812,4
2026-08-31,BIOCON,9,1,0.06845374842173178,0.32970982789993286,-0.10994077,0.1062812,-0.266221967288208,4
2026-08-31,BIOCON,11,1,0.0631647364758791,0.2955082654953003,-0.15900135,0.10628119999999998,-0.315282550402832,4
2026-08-31,BIOCON,12,1,0.06400071765061695,0.2805417776107788,-0.12238622,0.10628119999999998,-0.2786674171173095,4
2026-08-31,BIOCON,13,1,0.052784405243122404,0.2665897309780121,-0.2325058,0.10628119999999998,-0.3887869983398437,4
2026-08-31,BIOCON,66,-1,-0.06411280897299092,0.14691078662872314,0.22304654,0.10628120000000002,0.06676534121398923,4
2026-08-31,BLUESTARCO,5,1,0.16873200281760453,0.46954721212387085,0.17774105,0.1062812,0.021459850720214835,4
2026-08-31,BLUESTARCO,6,1,0.05975786078193834,0.4447823464870453,0.23905039,0.10628119999999998,0.08276918833618167,4
2026-08-31,BLUESTARCO,7,1,0.07348304594555512,0.42964696884155273,0.4109621,0.1062812,0.2546809047973633,4
2026-08-31,BLUESTARCO,8,1,0.09646344988884446,0.4000576138496399,0.17796755,0.1062812,0.02168634837036132,4
2026-08-31,BLUESTARCO,9,1,0.08602216269617764,0.3770097494125366,0.19851923,0.10628119999999998,0.042238029888916034,4
2026-08-31,BLUESTARCO,11,1,0.07786204077769615,0.3403342366218567,0.16423464,0.1062812,0.007953438214111319,4
2026-08-31,BLUESTARCO,12,1,0.06749757751643361,0.3485528826713562,0.09555817,0.1062812,-0.06072303349609376,4
2026-08-31,BLUESTARCO,13,1,0.05708149460063603,0.34750625491142273,-0.177145,0.1062812,-0.33342620427246095,4
2026-08-31,BLUESTARCO,15,1,0.048164649400661744,0.24989113211631775,0.17085075,0.1062812,0.014569553784179679,4
2026-08-31,BLUESTARCO,66,-1,-0.06934826871984291,0.1685352474451065,0.44067502,0.1062812,0.2843938202178955,4
2026-08-31,BOSCHLTD,5,1,0.12692816635611223,0.2822525203227997,0.3099203,0.1062812,0.15363911097412108,4
2026-08-31,BOSCHLTD,6,1,0.050177773657235976,0.27290967106819153,0.35088062,0.10628119999999998,0.19459942286376958,4
2026-08-31,BOSCHLTD,8,1,0.05124731808074582,0.24378518760204315,0.27811527,0.1062812,0.12183407252197263,4
2026-08-31,BOSCHLTD,23,1,0.0486867341661989,0.26191455125808716,-0.09241104,0.1062812,-0.24869224125976563,4
2026-08-31,BOSCHLTD,49,-1,-0.04421489681658252,0.1394229382276535,0.15410185,0.1062812,-0.002179351397705087,4
2026-08-31,BOSCHLTD,66,-1,-0.06257533314281095,0.13822053372859955,-0.08189678,0.10628119999999998,-0.23817798192138667,4
2026-08-31,BPCL,5,1,0.12278906900798885,0.5510962009429932,0.06420612,0.1062812,-0.09207507664794923,4
2026-08-31,BPCL,8,1,0.09002309707765269,0.4191189706325531,0.16051531,0.1062812,0.004234108380126944,4
2026-08-31,BPCL,9,1,0.07584749049438633,0.3871482014656067,-0.032120943,0.1062812,-0.18840214306945802,4
2026-08-31,BPCL,11,1,0.06749885679012514,0.3682575523853302,0.12853146,0.1062812,-0.027749744006347665,4
2026-08-31,BPCL,12,1,0.06903058113284338,0.35660549998283386,-0.06417036,0.10628120000000002,-0.22045156056518556,4
2026-08-31,BPCL,13,1,0.061307788465653414,0.3393169641494751,0.16049147,0.10628119999999998,0.004210266522216816,4
2026-08-31,BPCL,39,-1,-0.0447940815079134,0.18016770482063293,0.03193021,0.1062812,-0.12435099179382325,4
2026-08-31,BPCL,42,-1,-0.04432837255986442,0.16871151328086853,0.015950203,0.1062812,-0.14033099705810548,4
2026-08-31,BPCL,47,-1,-0.04261233060741769,0.14360979199409485,-0.015950203,0.10628119999999998,-0.1722314029418945,4
2026-08-31,BPCL,49,-1,-0.04483686658137376,0.1310727447271347,-0.031912327,0.10628119999999998,-0.1881935268127441,4
2026-08-31,BPCL,53,-1,-0.05620414079487057,0.0809231624007225,0.11166334,0.1062812,-0.04461785847778321,4
2026-08-31,BPCL,54,-1,-0.04437009061492746,0.07635167986154556,-0.0,0.1062812,-0.1562812,4
2026-08-31,BPCL,55,-1,-0.048342679298164555,0.08089734613895416,0.031906366,0.1062812,-0.12437483365173341,4
2026-08-31,BPCL,66,-1,-0.0699986269697722,0.14308606088161469,0.17485023,0.1062812,0.01856902544860839,4
2026-08-31,BRITANNIA,5,1,0.10813036237473488,0.2904762029647827,0.10476112,0.1062812,-0.051520076342773446,4
2026-08-31,BRITANNIA,8,1,0.05611612704391514,0.24620911478996277,-0.038039684,0.10628119999999998,-0.19432088429565425,4
2026-08-31,BRITANNIA,9,1,0.0438969231815966,0.2409064918756485,0.0952363,0.1062812,-0.06104489857788087,4
2026-08-31,BRITANNIA,42,-1,-0.04536078410212173,0.12519456446170807,0.15154481,0.10628120000000002,-0.004736390658569359,4
2026-08-31,BRITANNIA,49,-1,-0.04554056658862202,0.12805919349193573,0.18026829,0.10628119999999998,0.023987087658691425,4
2026-08-31,BRITANNIA,53,-1,-0.045356474863109605,0.12414691597223282,0.22794008,0.1062812,0.07165888255004882,4
2026-08-31,BRITANNIA,66,-1,-0.06298741208106963,0.11449289321899414,-0.17174482,0.10628119999999998,-0.3280260234558105,4
2026-08-31,BSE,3,1,0.06287470319126578,0.755061149597168,0.25726557,0.1062812,0.10098436777954099,4
2026-08-31,BSE,4,1,0.07949745414439031,0.6562979221343994,0.15853643,0.1062812,0.0022552341735839754,4
2026-08-31,BSE,5,1,0.16602241277371407,0.5733373165130615,-0.22435188,0.1062812,-0.3806330829345703,4
2026-08-31,BSE,6,1,0.07133063857180261,0.5880371928215027,-0.6121218,0.10628119999999998,-0.7684030204498291,4
2026-08-31,BSE,7,1,0.06466161451369444,0.545101523399353,-0.72003007,0.10628120000000002,-0.8763112693511963,4
2026-08-31,BSE,8,1,0.0822806609427828,0.5066936016082764,-0.8565366,0.10628119999999998,-1.012817826815796,4
2026-08-31,BSE,9,1,0.07014782956975614,0.47087985277175903,-1.2138724,0.1062812,-1.3701536327087402,4
2026-08-31,BSE,11,1,0.08326106094415546,0.42160674929618835,-0.8806467,0.1062812,-1.0369279056274414,4
2026-08-31,BSE,12,1,0.09694955625546876,0.4277983009815216,-0.49467683,0.1062812,-0.6509580283843994,4
2026-08-31,BSE,13,1,0.09005145698115975,0.4270472526550293,-0.13824701,0.10628119999999998,-0.29452821309204097,4
2026-08-31,BSE,14,1,0.046732343013489296,0.3391939401626587,-0.021064281,0.1062812,-0.17734548146362306,4
2026-08-31,BSE,15,1,0.08737080591982198,0.32381442189216614,-0.19566417,0.1062812,-0.3519453674041748,4
2026-08-31,BSE,16,1,0.07071146396369886,0.3150681257247925,0.17813444,0.10628119999999998,0.02185324137573244,4
2026-08-31,BSE,17,1,0.06791930076223421,0.27292516827583313,0.16903877,0.1062812,0.012757572583007804,4
2026-08-31,BSE,19,1,0.041276689360817215,0.28450796008110046,-0.04519224,0.1062812,-0.20147344166870118,4
2026-08-31,BSE,42,-1,-0.04281878797948632,0.1583172082901001,0.14495254,0.10628119999999998,-0.01132866437072752,4
2026-08-31,BSE,47,-1,-0.041355867662254575,0.17186853289604187,0.35705566,0.10628119999999998,0.20077446406250005,4
2026-08-31,BSE,49,-1,-0.04690463890567478,0.17194390296936035,2.5251746,0.1062812,2.368893417767334,4
2026-08-31,CANBK,5,1,0.11977074040549937,0.4863307774066925,-0.35489202,0.1062812,-0.5111732154571533,4
2026-08-31,CANBK,8,1,0.09482116565144096,0.4028439521789551,-0.3632903,0.10628119999999998,-0.5195715099060059,4
2026-08-31,CANBK,9,1,0.08289706991835531,0.3758396804332733,-0.43430328,0.10628119999999998,-0.5905844836914063,4
2026-08-31,CANBK,11,1,0.07295700903771424,0.34406450390815735,-0.44290423,0.1062812,-0.5991854339324951,4
2026-08-31,CANBK,12,1,0.07580626079739025,0.32936662435531616,-0.38778186,0.1062812,-0.5440630584442139,4
2026-08-31,CANBK,13,1,0.053327715969599,0.3166067600250244,-0.34046173,0.10628119999999998,-0.4967429309570312,4
2026-08-31,CANBK,39,-1,-0.047540086056271365,0.15429718792438507,0.055396557,0.1062812,-0.10088464314575196,4
2026-08-31,CANBK,47,-1,-0.04282643802580098,0.10963983088731766,0.007915497,0.1062812,-0.14836570317382813,4
2026-08-31,CANBK,49,-1,-0.04120188352466213,0.10229267925024033,0.1977861,0.1062812,0.0415048927581787,4
2026-08-31,CANBK,53,-1,-0.05192675205714604,0.10468539595603943,-0.015842915,0.1062812,-0.17212411458129884,4
2026-08-31,CANBK,54,-1,-0.04579413763398887,0.11189959943294525,0.04746914,0.1062812,-0.10881206090087892,4
2026-08-31,CANBK,55,-1,-0.044707696241452925,0.11367547512054443,-0.05543232,0.1062812,-0.2117135196411133,4
2026-08-31,CANBK,66,-1,-0.06732766149125272,0.1369291990995407,0.36289096,0.1062812,0.20660975878601073,4
2026-08-31,CGPOWER,5,1,0.12905359447913153,0.46150916814804077,0.23417473,0.1062812,0.07789352839355466,4
2026-08-31,CGPOWER,8,1,0.08751441094258307,0.3829454779624939,-0.0739336,0.10628119999999998,-0.23021480137939448,4
2026-08-31,CGPOWER,9,1,0.07599370553921193,0.3703070282936096,-0.17074347,0.1062812,-0.327024665423584,4
2026-08-31,CGPOWER,11,1,0.07183259080576947,0.3496142029762268,0.034165382,0.10628119999999998,-0.12211581761474607,4
2026-08-31,CGPOWER,12,1,0.07741418133567936,0.3331336975097656,0.05698204,0.1062812,-0.09929915959472657,4
2026-08-31,CGPOWER,13,1,0.05558403831320647,0.3221798837184906,-0.04557967,0.10628119999999998,-0.20186087185974116,4
2026-08-31,CGPOWER,15,1,0.05042326394549503,0.2581368684768677,-0.14228225,0.1062812,-0.29856344754333497,4
2026-08-31,CGPOWER,16,1,0.057191392867826915,0.26185116171836853,0.18814802,0.10628119999999998,0.031866821697998066,4
2026-08-31,CGPOWER,17,1,0.048250428502788566,0.2522832453250885,0.24495125,0.1062812,0.08867004816894529,4
2026-08-31,CGPOWER,47,-1,-0.042382013208158195,0.1681526154279709,0.005632639,0.1062812,-0.1506485610687256,4
2026-08-31,CGPOWER,53,-1,-0.053909840839900906,0.1610383838415146,0.07324815,0.1062812,-0.08303305203552247,4
2026-08-31,CGPOWER,54,-1,-0.044885742929647615,0.16695547103881836,0.10701418,0.1062812,-0.04926702077026368,4
2026-08-31,CGPOWER,55,-1,-0.04499585181254743,0.17313626408576965,-0.10710955,0.1062812,-0.26339074666137696,4
2026-08-31,CGPOWER,66,-1,-0.06326976211752586,0.15942701697349548,-0.19670725,0.10628119999999998,-0.3529884486877441,4
2026-08-31,CHOLAFIN,5,1,0.12518212766586184,0.6416977643966675,-0.10450482,0.10628119999999998,-0.26078602368469234,4
2026-08-31,CHOLAFIN,8,1,0.10601546453613658,0.4939109683036804,-0.011020899,0.1062812,-0.16730209881896974,4
2026-08-31,CHOLAFIN,9,1,0.0883936201551739,0.47380512952804565,-0.3194511,0.10628119999999998,-0.475732293673706,4
2026-08-31,CHOLAFIN,11,1,0.0703056819916977,0.4376102685928345,-0.5660236,0.10628120000000002,-0.722304788180542,4
2026-08-31,CHOLAFIN,12,1,0.07344469765970396,0.44005826115608215,-0.3688991,0.1062812,-0.5251803069793701,4
2026-08-31,CHOLAFIN,13,1,0.06619153322390736,0.42419344186782837,-0.44561625,0.10628119999999998,-0.6018974452697754,4
2026-08-31,CHOLAFIN,15,1,0.056514488977445966,0.25755032896995544,-0.121331215,0.1062812,-0.27761241490478517,4
2026-08-31,CHOLAFIN,16,1,0.06850440092643888,0.27232781052589417,0.17695427,0.10628119999999998,0.020673069409179706,4
2026-08-31,CHOLAFIN,17,1,0.05376735226063224,0.2569921314716339,0.17133951,0.1062812,0.015058311871337882,4
2026-08-31,CHOLAFIN,39,-1,-0.041148436085884886,0.22456799447536469,-0.13645887,0.10628120000000002,-0.2927400737487793,4
2026-08-31,CHOLAFIN,49,-1,-0.041267134359142,0.1735251247882843,0.58734417,0.1062812,0.4310629696166992,4
2026-08-31,CHOLAFIN,53,-1,-0.0574372266082602,0.15098527073860168,0.67380667,0.10628119999999998,0.5175254673278809,4
2026-08-31,CHOLAFIN,54,-1,-0.043497464851494944,0.16982728242874146,0.37061572,0.10628119999999998,0.2143345207489014,4
2026-08-31,CHOLAFIN,55,-1,-0.04179313655403838,0.18063001334667206,0.13107657,0.1062812,-0.025204625674438486,4
2026-08-31,CHOLAFIN,66,-1,-0.0699986269697722,0.19377587735652924,-0.054359436,0.10628119999999998,-0.2106406360351562,4
2026-08-31,CIPLA,8,1,0.04229631194367999,0.17964281141757965,0.48007965,0.1062812,0.32379845087890624,4
2026-08-31,CIPLA,42,-1,-0.043558941216942336,0.11628652364015579,0.2396226,0.1062812,0.08334139292602537,4
2026-08-31,CIPLA,66,-1,-0.06972785561747841,0.13874217867851257,0.33907294,0.10628119999999998,0.1827917427337647,4
2026-08-31,COALINDIA,5,1,0.1546666962664296,0.42094886302948,0.012373924,0.1062812,-0.14390727574462892,4
2026-08-31,COALINDIA,6,1,0.05337319125573822,0.3786408603191376,0.09908676,0.10628119999999998,-0.057194438525390606,4
2026-08-31,COALINDIA,7,1,0.05061628414695933,0.3534233570098877,0.4836321,0.1062812,0.3273508877075195,4
2026-08-31,COALINDIA,8,1,0.07843252249016537,0.33899757266044617,0.55810213,0.1062812,0.40182093088989257,4
2026-08-31,COALINDIA,9,1,0.06761908422324428,0.32927513122558594,0.5839944,0.1062812,0.42771318858032226,4
2026-08-31,COALINDIA,11,1,0.0536524371451918,0.3020530641078949,0.26067495,0.1062812,0.10439375346069334,4
2026-08-31,COALINDIA,12,1,0.0505206858499457,0.31329238414764404,-0.012373924,0.1062812,-0.1686551242553711,4
2026-08-31,COALINDIA,66,-1,-0.0648433962817925,0.12200074642896652,-0.19949675,0.1062812,-0.35577794606323243,4
2026-08-31,COCHINSHIP,5,1,0.12380511823486366,0.5367432832717896,-0.30531883,0.1062812,-0.46160003239746095,4
2026-08-31,COCHINSHIP,8,1,0.09423587345232091,0.4450065791606903,-0.45155883,0.1062812,-0.6078400283538818,4
2026-08-31,COCHINSHIP,9,1,0.09331300580302829,0.4431733787059784,-0.4192233,0.1062812,-0.5755045085632324,4
2026-08-31,COCHINSHIP,10,1,0.04179854149986073,0.41742488741874695,-0.38556457,0.1062812,-0.5418457656585693,4
2026-08-31,COCHINSHIP,11,1,0.09156345463465637,0.40390685200691223,-0.5193114,0.1062812,-0.6755926280700684,4
2026-08-31,COCHINSHIP,12,1,0.09020689143899693,0.38922587037086487,-0.13988614,0.1062812,-0.29616734082336427,4
2026-08-31,COCHINSHIP,13,1,0.0833106452962205,0.3738630712032318,-0.13310313,0.10628119999999998,-0.28938433224792476,4
2026-08-31,COCHINSHIP,15,1,0.07595771718292126,0.27206847071647644,0.44693947,0.1062812,0.29065826838378905,4
2026-08-31,COCHINSHIP,16,1,0.04264448469544548,0.2529717981815338,0.60812235,0.10628119999999998,0.45184114878540044,4
2026-08-31,COCHINSHIP,19,1,0.04236535399987744,0.2611086964607239,0.6671071,0.1062812,0.5108259052551269,4
2026-08-31,COCHINSHIP,20,1,0.052918736547640906,0.2637035846710205,0.5929351,0.1062812,0.43665388529663085,4
2026-08-31,COCHINSHIP,22,1,0.044302795576750036,0.2988438904285431,0.44516325,0.10628119999999998,0.28888204996948247,4
2026-08-31,COCHINSHIP,39,-1,-0.04390703758896689,0.21052992343902588,0.059467554,0.1062812,-0.09681364590759278,4
2026-08-31,COCHINSHIP,42,-1,-0.04536078410212173,0.20861466228961945,0.3371656,0.1062812,0.18088439410095214,4
2026-08-31,COCHINSHIP,47,-1,-0.04243533871517653,0.11519398540258408,0.31725168,0.10628119999999998,0.1609704822814942,4
2026-08-31,COCHINSHIP,53,-1,-0.044209067211545064,0.13215360045433044,0.119405985,0.1062812,-0.03687521512145997,4
2026-08-31,COCHINSHIP,54,-1,-0.04191975104878007,0.12929458916187286,0.20564795,0.10628119999999998,0.04936674540405275,4
2026-08-31,COCHINSHIP,66,-1,-0.06302622022542517,0.13896816968917847,0.039809942,0.10628119999999998,-0.11647125775451658,4
2026-08-31,COFORGE,4,1,0.09806751117057946,0.936693012714386,-0.08084774,0.10628119999999998,-0.2371289401733398,4
2026-08-31,COFORGE,5,1,0.17859838948480253,0.8407450914382935,0.015163422,0.10628120000000002,-0.14111777836914063,4
2026-08-31,COFORGE,6,1,0.1006193237402676,0.7823118567466736,0.5116463,0.1062812,0.3553650707519531,4
2026-08-31,COFORGE,7,1,0.0743503618840979,0.7357777953147888,0.6844163,0.10628120000000002,0.5281350940979004,4
2026-08-31,COFORGE,8,1,0.10246075741540808,0.7036314010620117,0.020194054,0.10628120000000002,-0.13608714635009767,4
2026-08-31,COFORGE,9,1,0.0875081840382709,0.6596664190292358,-0.07066131,0.1062812,-0.2269425063812256,4
2026-08-31,COFORGE,11,1,0.096652872025938,0.606013298034668,0.28311014,0.10628119999999998,0.12682894175415044,4
2026-08-31,COFORGE,12,1,0.09340559016715613,0.5706920623779297,0.3438115,0.10628119999999998,0.18753031199340825,4
2026-08-31,COFORGE,13,1,0.07143823139311921,0.5547661185264587,-0.44345856,0.1062812,-0.5997397571289063,4
2026-08-31,COFORGE,15,1,0.08057920498694847,0.3886321187019348,0.060594082,0.1062812,-0.0956871181213379,4
2026-08-31,COFORGE,16,1,0.07958197347303117,0.3733752965927124,0.09088516,0.1062812,-0.06539603764648438,4
2026-08-31,COFORGE,17,1,0.07837053619915421,0.3441372215747833,0.17676353,0.1062812,0.02048233454589843,4
2026-08-31,COFORGE,20,1,0.05895266112239274,0.3134661018848419,0.36441088,0.10628119999999998,0.20812967722778325,4
2026-08-31,COFORGE,22,1,0.049772474468383926,0.2980990409851074,-0.050479174,0.10628120000000002,-0.20676037366027833,4
2026-08-31,COFORGE,66,-1,-0.06316892263206744,0.15853965282440186,0.18112063,0.1062812,0.024839434078979483,4
2026-08-31,COLPAL,5,1,0.15577980078398532,0.38832321763038635,-0.055080652,0.1062812,-0.21136185223693849,4
2026-08-31,COLPAL,6,1,0.06596021280694368,0.3601312041282654,-0.12660027,0.10628119999999998,-0.28288146550292964,4
2026-08-31,COLPAL,7,1,0.06282621719971243,0.3630196750164032,0.13247728,0.10628119999999998,-0.023803916522216778,4
2026-08-31,COLPAL,8,1,0.08926496108104344,0.3486977219581604,0.14891624,0.1062812,-0.0073649554931640715,4
2026-08-31,COLPAL,9,1,0.07756372366425637,0.3379095494747162,0.09921789,0.10628120000000002,-0.05706330830688479,4
2026-08-31,COLPAL,11,1,0.06027778530406525,0.2989808917045593,-0.011020899,0.1062812,-0.16730209881896974,4
2026-08-31,COLPAL,12,1,0.05883478996518258,0.28658074140548706,-0.049597025,0.1062812,-0.20587822491760255,4
2026-08-31,COLPAL,13,1,0.04878863473717566,0.27673962712287903,-0.038576126,0.1062812,-0.19485732609863282,4
2026-08-31,COLPAL,66,-1,-0.06784652445033652,0.17818285524845123,-0.0,0.1062812,-0.1562812,4
2026-08-31,CONCOR,5,1,0.12368830769861697,0.5887538194656372,-0.09807944,0.1062812,-0.2543606429779053,4
2026-08-31,CONCOR,8,1,0.09192206863124597,0.4606931805610657,-0.088220835,0.10628119999999998,-0.24450203473205562,4
2026-08-31,CONCOR,9,1,0.07696776065751151,0.4388796389102936,-0.049060583,0.10628119999999998,-0.20534178311462398,4
2026-08-31,CONCOR,11,1,0.07222384052460812,0.40782174468040466,-0.039303303,0.1062812,-0.1955845027648926,4
2026-08-31,CONCOR,12,1,0.06805622449107668,0.39873677492141724,0.01963377,0.10628119999999995,-0.13664743001098628,4
2026-08-31,CONCOR,13,1,0.05849570181270009,0.3799235224723816,-0.08837581,0.1062812,-0.2446570068084717,4
2026-08-31,CONCOR,15,1,0.0673677516597542,0.2964214086532593,-0.31406283,0.10628119999999998,-0.4703440337860107,4
2026-08-31,CONCOR,16,1,0.053123207109494607,0.26015999913215637,-0.34360886,0.1062812,-0.4998900562011719,4
2026-08-31,CONCOR,17,1,0.04966649812626667,0.2514635920524597,-0.117993355,0.10628119999999998,-0.27427455479736323,4
2026-08-31,CONCOR,47,-1,-0.04220502131591704,0.21577809751033783,0.13605952,0.1062812,-0.02022167737121583,4
2026-08-31,CONCOR,53,-1,-0.052092017525864565,0.14049378037452698,0.07790327,0.1062812,-0.07837792927856446,4
2026-08-31,CONCOR,54,-1,-0.042387001832172574,0.14597204327583313,0.10704398,0.1062812,-0.049237218447875986,4
2026-08-31,CONCOR,55,-1,-0.048342679298164555,0.14390040934085846,0.1752019,0.10628119999999998,0.018920692852783222,4
2026-08-31,CONCOR,66,-1,-0.06073699931489133,0.16186265647411346,-0.22380352,0.1062812,-0.3800847202026367,4
2026-08-31,COROMANDEL,5,1,0.11941450300646138,0.4487486481666565,-0.07867813,0.10628119999999998,-0.23495933110351558,4
2026-08-31,COROMANDEL,8,1,0.09186289965469349,0.37029263377189636,0.07879734,0.10628119999999998,-0.07748385960693357,4
2026-08-31,COROMANDEL,9,1,0.07611138829885897,0.3654767572879791,-0.2413392,0.10628119999999998,-0.3976204066955566,4
2026-08-31,COROMANDEL,11,1,0.06602762590671313,0.32377806305885315,-0.13651252,0.1062812,-0.29279371792907716,4
2026-08-31,COROMANDEL,12,1,0.06361449936938783,0.30769261717796326,-0.26771426,0.10628119999999998,-0.42399546200866695,4
2026-08-31,COROMANDEL,13,1,0.05043429549700724,0.2937118411064148,-0.2047658,0.1062812,-0.36104699666137696,4
2026-08-31,COROMANDEL,15,1,0.06596534022651317,0.28309008479118347,-0.42017102,0.1062812,-0.5764522224151611,4
2026-08-31,COROMANDEL,16,1,0.05826386163622202,0.27235615253448486,-0.17368793,0.1062812,-0.3299691348754883,4
2026-08-31,COROMANDEL,17,1,0.04919020348386623,0.2540702521800995,-0.39922,0.10628119999999998,-0.5555011897766113,4
2026-08-31,COROMANDEL,39,-1,-0.04452855876196977,0.17539800703525543,0.34725666,0.10628120000000002,0.19097546046142577,4
2026-08-31,COROMANDEL,47,-1,-0.04472341128963284,0.18354667723178864,0.031656027,0.1062812,-0.12462517315979005,4
2026-08-31,COROMANDEL,49,-1,-0.04349618347963181,0.18166221678256989,0.026392937,0.10628119999999998,-0.129888263293457,4
2026-08-31,COROMANDEL,53,-1,-0.05762818781393198,0.16433395445346832,0.04749894,0.1062812,-0.10878225857849122,4
2026-08-31,COROMANDEL,54,-1,-0.04294178317707352,0.12667618691921234,0.031667948,0.1062812,-0.12461325223083497,4
2026-08-31,COROMANDEL,55,-1,-0.04438681159724985,0.11125404387712479,-0.010561943,0.1062812,-0.16684314305419923,4
2026-08-31,COROMANDEL,66,-1,-0.06732766149125272,0.10846449434757233,-0.16288757,0.1062812,-0.3191687732421875,4
2026-08-31,CRISIL,5,1,0.15441210630599037,0.7519622445106506,-0.33465624,0.10628119999999998,-0.49093743855590816,4
2026-08-31,CRISIL,6,1,0.07996774775398778,0.7808518409729004,1.5932918,0.1062812,1.4370105594909668,4
2026-08-31,CRISIL,7,1,0.07409631556092358,0.8009665012359619,2.068913,0.10628120000000002,1.9126317829406738,4
2026-08-31,CRISIL,8,1,0.0956620655688659,0.7476469278335571,1.7800927,0.1062812,1.623811516217041,4
2026-08-31,CRISIL,9,1,0.07273660557911628,0.7945771217346191,0.9269595,0.1062812,0.7706783146179199,4
2026-08-31,CRISIL,11,1,0.06172912774269063,0.713831901550293,0.90544224,0.10628119999999998,0.7491610378540039,4
2026-08-31,CRISIL,12,1,0.06335987093336702,0.678989589214325,0.4866004,0.1062812,0.330319199017334,4
2026-08-31,CRISIL,13,1,0.04668124899437582,0.7134707570075989,-0.59487224,0.1062812,-0.7511534362518311,4
2026-08-31,CRISIL,15,1,0.0667359480028955,0.6129217743873596,-0.41704178,0.1062812,-0.5733229785644531,4
2026-08-31,CRISIL,16,1,0.06360668060647164,0.6267900466918945,-0.29690266,0.10628119999999998,-0.45318385655517573,4
2026-08-31,CRISIL,17,1,0.062498545148068754,0.5866389274597168,-0.3736019,0.1062812,-0.5298831134521484,4
2026-08-31,CRISIL,19,1,0.06124160900230446,0.5510441064834595,0.00834465,0.1062812,-0.14793654973144532,4
2026-08-31,CRISIL,20,1,0.05786030831253396,0.5031073093414307,0.037539005,0.1062812,-0.118742194720459,4
2026-08-31,CRISIL,21,1,0.048040550452464,0.45038384199142456,-0.0062584877,0.10628119999999998,-0.162539687701416,4
2026-08-31,CRISIL,22,1,0.049300542608303854,0.4506317675113678,-0.19170046,0.1062812,-0.34798165852661134,4
2026-08-31,CRISIL,23,1,0.052025807435530896,0.3824286460876465,-0.27083158,0.1062812,-0.42711278493041993,4
2026-08-31,CRISIL,25,1,0.04259880002809959,0.3848095238208771,-0.07297397,0.1062812,-0.22925516659851075,4
2026-08-31,CRISIL,49,-1,-0.04377650240548948,0.21170741319656372,0.19800663,0.1062812,0.04172542994384765,4
2026-08-31,CRISIL,66,-1,-0.06257533314281095,0.21177950501441956,-0.80217123,0.1062812,-0.9584524303161621,4
2026-08-31,CUMMINSIND,5,1,0.14309968447400573,0.4085286557674408,-0.009763241,0.10628119999999998,-0.16604444081420897,4
2026-08-31,CUMMINSIND,6,1,0.05145852098358101,0.3834623098373413,0.009763241,0.1062812,-0.14651795918579102,4
2026-08-31,CUMMINSIND,7,1,0.04849316729527775,0.3634146451950073,-0.03901124,0.10628119999999998,-0.19529244000549312,4
2026-08-31,CUMMINSIND,8,1,0.08745829903322161,0.3369629979133606,-0.16572475,0.10628119999999998,-0.32200595433349605,4
2026-08-31,CUMMINSIND,9,1,0.07277242900565443,0.3259490728378296,0.04878044,0.1062812,-0.10750075871582032,4
2026-08-31,CUMMINSIND,11,1,0.06382283597124057,0.30737704038619995,0.009763241,0.1062812,-0.14651795918579102,4
2026-08-31,CUMMINSIND,12,1,0.06477369957722637,0.29221755266189575,0.10739565,0.1062812,-0.04888555104370118,4
2026-08-31,CUMMINSIND,13,1,0.052091429866834474,0.2829820513725281,-0.07805824,0.1062812,-0.23433944279785157,4
2026-08-31,CUMMINSIND,49,-1,-0.04211283671823823,0.14067047834396362,0.058478117,0.1062812,-0.09780308301086427,4
2026-08-31,CUMMINSIND,66,-1,-0.062432630736168684,0.09407665580511093,0.32185912,0.10628119999999998,0.16557792132263188,4
2026-08-31,DABUR,5,1,0.1264933224321888,0.41502973437309265,0.1310587,0.10628120000000002,-0.025222507067871117,4
2026-08-31,DABUR,8,1,0.09137938435141257,0.32880911231040955,0.18330812,0.1062812,0.02702692454223632,4
2026-08-31,DABUR,9,1,0.06630197815632784,0.31290945410728455,0.10473728,0.1062812,-0.0515439182006836,4
2026-08-31,DABUR,11,1,0.05981960916887174,0.28690609335899353,0.23562908,0.1062812,0.0793478817260742,4
2026-08-31,DABUR,12,1,0.05980388763255481,0.2698359787464142,0.09162426,0.1062812,-0.06465694005126954,4
2026-08-31,DABUR,53,-1,-0.04807379708357756,0.10956145823001862,-0.026011467,0.10628119999999998,-0.18229266697998042,4
2026-08-31,DABUR,55,-1,-0.04128051947812876,0.10306192934513092,0.23397803,0.1062812,0.07769683306579588,4
2026-08-31,DABUR,66,-1,-0.06414451853834523,0.09763025492429733,0.039047003,0.1062812,-0.11723419720764161,4
2026-08-31,DALBHARAT,3,1,0.06712572357373471,0.7942633032798767,-0.14889836,0.1062812,-0.30517956311340333,4
2026-08-31,DALBHARAT,4,1,0.06926716482592701,0.7451139688491821,0.0551939,0.10628119999999998,-0.10108729893798826,4
2026-08-31,DALBHARAT,5,1,0.17482847549936437,0.7149456739425659,0.5882025,0.1062812,0.43192127650146483,4
2026-08-31,DALBHARAT,6,1,0.08001222671025834,0.7017624378204346,-0.25913715,0.10628120000000002,-0.4154183536254883,4
2026-08-31,DALBHARAT,7,1,0.07199991348293212,0.6588775515556335,0.2764225,0.1062812,0.12014130061035154,4
2026-08-31,DALBHARAT,8,1,0.0977312984729509,0.6135345697402954,0.08838177,0.1062812,-0.06789943272705079,4
2026-08-31,DALBHARAT,9,1,0.09658258103730698,0.5723277926445007,-0.15453696,0.1062812,-0.3108181625091553,4
2026-08-31,DALBHARAT,10,1,0.04075708684774547,0.5402235388755798,-0.16559958,0.10628119999999998,-0.3218807845794677,4
2026-08-31,DALBHARAT,11,1,0.08023775158808527,0.5075028538703918,-0.08829832,0.1062812,-0.24457952077026368,4
2026-08-31,DALBHARAT,12,1,0.08228467603730853,0.4888593554496765,-0.04415512,0.1062812,-0.20043632084960938,4
2026-08-31,DALBHARAT,13,1,0.07355371972093032,0.469478577375412,0.033164024,0.1062812,-0.12311717564697267,4
2026-08-31,DALBHARAT,15,1,0.08691101515372066,0.3508560061454773,0.67887306,0.10628119999999998,0.522591862133789,4
2026-08-31,DALBHARAT,16,1,0.07644433119815,0.326919823884964,0.98998547,0.1062812,0.833704266003418,4
2026-08-31,DALBHARAT,17,1,0.06409359427002376,0.31555691361427307,1.2717009,0.1062812,1.1154196590698242,4
2026-08-31,DALBHARAT,22,1,0.04516274598099428,0.27215081453323364,3.0151844,0.1062812,2.8589032024658203,4
2026-08-31,DIVISLAB,5,1,0.12034134053032926,0.3174000382423401,-0.30921102,0.1062812,-0.46549221570129395,4
2026-08-31,DIVISLAB,6,1,0.042357615454900806,0.31017225980758667,-0.4493773,0.1062812,-0.6056584983551025,4
2026-08-31,DIVISLAB,8,1,0.08588968549030022,0.33068424463272095,0.043463707,0.1062812,-0.11281749302978517,4
2026-08-31,DIVISLAB,9,1,0.06370193754921513,0.310481458902359,-0.1737237,0.10628119999999998,-0.33000489766235347,4
2026-08-31,DIVISLAB,11,1,0.06654961788678675,0.2978295087814331,-0.016319752,0.10628119999999998,-0.17260095173950193,4
2026-08-31,DIVISLAB,12,1,0.06326776078389137,0.28924116492271423,-0.043529272,0.1062812,-0.19981047207946778,4
2026-08-31,DIVISLAB,13,1,0.05103399734266653,0.2769814133644104,0.021755695,0.1062812,-0.13452550465698243,4
2026-08-31,DIVISLAB,66,-1,-0.06934826871984291,0.14765796065330505,0.49242377,0.1062812,0.33614257281188964,4
2026-08-31,DIXON,5,1,0.15545310286764435,0.5385914444923401,0.2190113,0.1062812,0.0627301067626953,4
2026-08-31,DIXON,6,1,0.053179814234342426,0.5211986303329468,-0.10229349,0.1062812,-0.2585746913635254,4
2026-08-31,DIXON,7,1,0.051859962879215606,0.49576762318611145,0.19125938,0.1062812,0.03497818415527343,4
2026-08-31,DIXON,8,1,0.07617132412420229,0.4637839198112488,0.08866787,0.10628119999999998,-0.06761333043212889,4
2026-08-31,DIXON,9,1,0.07034104846340992,0.4393804967403412,0.15012026,0.1062812,-0.006160941668701181,4
2026-08-31,DIXON,11,1,0.0652709073618489,0.3996407091617584,0.23884773,0.1062812,0.08256653254394529,4
2026-08-31,DIXON,12,1,0.06750862356003635,0.3792833685874939,0.20480156,0.10628119999999998,0.048520359448242206,4
2026-08-31,DIXON,13,1,0.056193600986536064,0.36374983191490173,0.20478964,0.1062812,0.0485084385192871,4
2026-08-31,DIXON,15,1,0.05510663058616147,0.28133365511894226,-0.013625622,0.10628119999999998,-0.16990682179565428,4
2026-08-31,DIXON,16,1,0.049977203230287676,0.26766854524612427,0.013625622,0.10628119999999998,-0.14265557820434568,4
2026-08-31,DIXON,66,-1,-0.06359683577244551,0.13103488087654114,0.21739006,0.10628119999999998,0.061108860424804706,4
2026-08-31,DLF,5,1,0.1284779967554602,0.4715117812156677,-0.14259219,0.1062812,-0.298873391696167,4
2026-08-31,DLF,8,1,0.0967968631784159,0.4155104458332062,0.16516447,0.1062812,0.008883270672607413,4
2026-08-31,DLF,9,1,0.09039680220112777,0.405710905790329,0.21790266,0.1062812,0.06162146036987304,4
2026-08-31,DLF,11,1,0.07391368322141122,0.3719017505645752,0.2179861,0.10628119999999998,0.06170490687255861,4
2026-08-31,DLF,12,1,0.08236337466804135,0.36131834983825684,0.2631545,0.1062812,0.10687330668334959,4
2026-08-31,DLF,13,1,0.06332268616365497,0.356313019990921,-0.060003996,0.10628119999999998,-0.2162851958953857,4
2026-08-31,DLF,15,1,0.07001747502258075,0.30248263478279114,-0.31479,0.10628120000000002,-0.4710712104522705,4
2026-08-31,DLF,16,1,0.05910340676823495,0.28597211837768555,-0.07498264,0.10628119999999998,-0.23126384312744136,4
2026-08-31,DLF,17,1,0.07084441596363927,0.2772583067417145,-0.014996529,0.1062812,-0.1712777286254883,4
2026-08-31,DLF,42,-1,-0.04536078410212173,0.14746853709220886,0.059622526,0.1062812,-0.09665867383117677,4
2026-08-31,DLF,47,-1,-0.04370795097561524,0.18530836701393127,0.15653968,0.10628119999999998,0.0002584785736084172,4
2026-08-31,DLF,53,-1,-0.050362956768280474,0.17879825830459595,-0.052309036,0.1062812,-0.20859023625488282,4
2026-08-31,DLF,54,-1,-0.04213856135282168,0.1775844544172287,0.08957982,0.10628120000000002,-0.06670137936706545,4
2026-08-31,DLF,55,-1,-0.046718542245175874,0.18302665650844574,-0.06723404,0.10628119999999998,-0.22351523930664058,4
2026-08-31,DLF,66,-1,-0.0699986269697722,0.16663207113742828,0.7798016,0.1062812,0.623520407131958,4
2026-08-31,DMART,5,1,0.15182254361340727,0.4336862862110138,-0.36345124,0.1062812,-0.5197324424468994,4
2026-08-31,DMART,6,1,0.06525632246161873,0.39057427644729614,-0.46616793,0.1062812,-0.6224491267883301,4
2026-08-31,DMART,7,1,0.06147622137868807,0.3693346679210663,-0.4036963,0.10628119999999998,-0.5599774985992432,4
2026-08-31,DMART,8,1,0.0903712532302122,0.3663806617259979,-0.36173463,0.10628120000000002,-0.5180158286773682,4
2026-08-31,DMART,9,1,0.07928304899970408,0.33704859018325806,-0.11886358,0.1062812,-0.275144782611084,4
2026-08-31,DMART,11,1,0.06766814963791554,0.30587685108184814,-0.06341934,0.10628120000000002,-0.21970054204101563,4
2026-08-31,DMART,12,1,0.06257959646501991,0.2871062159538269,0.015854836,0.1062812,-0.1404263644897461,4
2026-08-31,DMART,13,1,0.05270852991420054,0.2802932858467102,0.15876293,0.10628119999999998,0.0024817318237304875,4
2026-08-31,DMART,66,-1,-0.07201923419836241,0.1517648547887802,0.15993714,0.10628120000000002,0.003655943325805641,4
2026-08-31,DRREDDY,5,1,0.11614255605922078,0.3446992039680481,0.025641918,0.10628119999999998,-0.13063928181762693,4
2026-08-31,DRREDDY,8,1,0.08117233917497718,0.2687322795391083,0.31621456,0.10628119999999998,0.1599333614624024,4
2026-08-31,DRREDDY,9,1,0.046884111451577594,0.25724276900291443,0.26493073,0.10628119999999998,0.10864952509765628,4
2026-08-31,DRREDDY,11,1,0.04916734159420043,0.24253839254379272,0.54785013,0.1062812,0.3915689319885254,4
2026-08-31,DRREDDY,39,-1,-0.042225826421695846,0.12027142941951752,-0.10204315,0.10628119999999998,-0.2583243518554687,4
2026-08-31,DRREDDY,42,-1,-0.04536078410212173,0.11110392212867737,0.52698255,0.1062812,0.3707013458526611,4
2026-08-31,DRREDDY,49,-1,-0.04253333351522538,0.14587163925170898,0.07688999,0.1062812,-0.0793912082397461,4
2026-08-31,DRREDDY,53,-1,-0.052491991254531606,0.14720672369003296,-0.26495457,0.1062812,-0.4212357669555664,4
2026-08-31,DRREDDY,54,-1,-0.04579413763398887,0.15020866692066193,-0.2308011,0.10628119999999998,-0.38708230549926753,4
2026-08-31,DRREDDY,55,-1,-0.04682500430418144,0.15452224016189575,-0.12819767,0.10628119999999998,-0.2844788699829101,4
2026-08-31,DRREDDY,66,-1,-0.06732766149125272,0.17253802716732025,0.042533875,0.10628120000000002,-0.11374732548828127,4
2026-08-31,EICHERMOT,5,1,0.11370431174044489,0.2689860165119171,0.11924505,0.1062812,-0.037036147662353525,4
2026-08-31,EICHERMOT,8,1,0.05391376572861769,0.25208333134651184,-0.28117895,0.10628119999999998,-0.4374601512634277,4
2026-08-31,EICHERMOT,9,1,0.042731175406074316,0.24158811569213867,-0.41825175,0.1062812,-0.5745329528533936,4
2026-08-31,EICHERMOT,42,-1,-0.04402010100037978,0.1718413531780243,0.069093704,0.1062812,-0.0871874957763672,4
2026-08-31,EICHERMOT,47,-1,-0.04490040318187401,0.15391381084918976,0.15075207,0.1062812,-0.00552913243408204,4
2026-08-31,EICHERMOT,49,-1,-0.04176712272204771,0.14816410839557648,0.08171797,0.1062812,-0.07456323201293946,4
2026-08-31,EICHERMOT,53,-1,-0.055899127056347885,0.1608164757490158,-0.08172989,0.1062812,-0.23801108891601563,4
2026-08-31,EICHERMOT,55,-1,-0.045561091009933,0.1460936814546585,-0.26441813,0.1062812,-0.4206993251525879,4
2026-08-31,EICHERMOT,66,-1,-0.06429066421629799,0.17217105627059937,-0.18212795,0.1062812,-0.3384091525756836,4
2026-08-31,ENDURANCE,5,1,0.1558903031804064,0.5180405378341675,0.05837679,0.10628119999999998,-0.0979044109069824,4
2026-08-31,ENDURANCE,6,1,0.05609951334153218,0.49107393622398376,-0.044620037,0.10628119999999998,-0.20090123707885738,4
2026-08-31,ENDURANCE,7,1,0.0578202655865917,0.4735370874404907,0.048077106,0.1062812,-0.10820409352416993,4
2026-08-31,ENDURANCE,8,1,0.08022932642102142,0.47748884558677673,0.46572685,0.10628120000000002,0.3094456524169922,4
2026-08-31,ENDURANCE,9,1,0.07203018572917054,0.4443381130695343,0.27387142,0.1062812,0.11759022181396482,4
2026-08-31,ENDURANCE,11,1,0.07393205891625196,0.41965657472610474,0.59791803,0.10628119999999998,0.44163683359985356,4
2026-08-31,ENDURANCE,12,1,0.06771480163648673,0.4049837589263916,0.36056042,0.1062812,0.20427921717529296,4
2026-08-31,ENDURANCE,13,1,0.06083118897382609,0.3865381181240082,0.2405405,0.10628119999999998,0.08425930445556644,4
2026-08-31,ENDURANCE,15,1,0.06905801293773003,0.3506055176258087,-0.8830488,0.1062812,-1.0393299728118897,4
2026-08-31,ENDURANCE,16,1,0.06864051306952083,0.35749608278274536,-0.8362889,0.1062812,-0.9925701289855957,4
2026-08-31,ENDURANCE,17,1,0.06802501914568686,0.3430969715118408,-0.7339895,0.1062812,-0.8902706771575928,4
2026-08-31,ENDURANCE,19,1,0.052664820469435034,0.3328743278980255,-0.39348602,0.1062812,-0.5497672229492188,4
2026-08-31,ENDURANCE,20,1,0.06371733532965507,0.32419708371162415,-0.23996234,0.10628120000000002,-0.3962435394012451,4
2026-08-31,ENDURANCE,21,1,0.06181672844698785,0.33465754985809326,-0.01372695,0.10628120000000002,-0.17000814969177247,4
2026-08-31,ENDURANCE,22,1,0.059622883846295376,0.31597599387168884,0.6648302,0.1062812,0.508549007824707,4
2026-08-31,ENDURANCE,23,1,0.06084062444248363,0.32774946093559265,0.6991863,0.1062812,0.5429051250732422,4
2026-08-31,ENDURANCE,66,-1,-0.06902398320769966,0.19140306115150452,-0.19876957,0.10628119999999998,-0.3550507693969726,4
2026-08-31,ESCORTS,5,1,0.1504771715534901,0.34978458285331726,0.0,0.1062812,-0.1562812,4
2026-08-31,ESCORTS,6,1,0.044267025849936206,0.31851282715797424,0.06046295,0.10628119999999998,-0.09581824833984373,4
2026-08-31,ESCORTS,7,1,0.04141091874600356,0.2941693067550659,0.06043911,0.1062812,-0.09584209019775392,4
2026-08-31,ESCORTS,8,1,0.07814524833042574,0.2745394706726074,-0.0805676,0.1062812,-0.23684879834289552,4
2026-08-31,ESCORTS,9,1,0.06348047917287698,0.2612321078777313,-0.13754964,0.1062812,-0.29383083874816895,4
2026-08-31,ESCORTS,66,-1,-0.0626141412871665,0.19449059665203094,-0.016725063,0.1062812,-0.17300626332397462,4
2026-08-31,ETERNAL,4,1,0.07589262160891337,0.9103521108627319,0.19990206,0.1062812,0.04362085764770507,4
2026-08-31,ETERNAL,5,1,0.1665680791030195,0.8485899567604065,0.23072958,0.10628119999999998,0.07444837992553713,4
2026-08-31,ETERNAL,6,1,0.06871526249073377,0.75974041223526,0.35357475,0.10628119999999998,0.19729355280761723,4
2026-08-31,ETERNAL,7,1,0.06021428002553995,0.7429013848304749,0.7409692,0.1062812,0.584687981060791,4
2026-08-31,ETERNAL,8,1,0.09696113058187243,0.6895282864570618,0.46203136,0.1062812,0.30575016444091796,4
2026-08-31,ETERNAL,9,1,0.08460560007817114,0.6503716111183167,0.1383543,0.10628119999999998,-0.017926898547363262,4
2026-08-31,ETERNAL,11,1,0.07605169258370649,0.5755080580711365,0.13815165,0.10628119999999998,-0.01812955433959959,4
2026-08-31,ETERNAL,12,1,0.05923815571669536,0.547765851020813,0.32223463,0.1062812,0.1659534305847168,4
2026-08-31,ETERNAL,13,1,0.04570694477334799,0.5252114534378052,0.29109716,0.1062812,0.13481596415405273,4
2026-08-31,ETERNAL,15,1,0.07624607592408585,0.3821658194065094,0.45990944,0.1062812,0.30362823908691405,4
2026-08-31,ETERNAL,16,1,0.08155816749770521,0.33006006479263306,0.3837347,0.10628119999999998,0.2274535030639649,4
2026-08-31,ETERNAL,17,1,0.06448380441433728,0.3078450560569763,0.107347965,0.1062812,-0.04893323475952149,4
2026-08-31,EXIDEIND,5,1,0.1558903031804064,0.55289626121521,0.25080442,0.1062812,0.09452322428588865,4
2026-08-31,EXIDEIND,6,1,0.05670365778488505,0.5312679409980774,0.15927553,0.1062812,0.002994331768798819,4
2026-08-31,EXIDEIND,7,1,0.05147970625318795,0.4943750500679016,0.07959604,0.10628119999999998,-0.07668515736694334,4
2026-08-31,EXIDEIND,8,1,0.08050525562214418,0.4617019593715668,-0.21566749,0.10628119999999998,-0.37194868619079585,4
2026-08-31,EXIDEIND,9,1,0.07221233707099817,0.4370536804199219,-0.19307137,0.10628119999999998,-0.34935256535644527,4
2026-08-31,EXIDEIND,11,1,0.06882207009220588,0.3959687650203705,0.0,0.1062812,-0.1562812,4
2026-08-31,EXIDEIND,12,1,0.06625083187695556,0.37700560688972473,0.022745132,0.10628119999999998,-0.13353606755371092,4
2026-08-31,EXIDEIND,13,1,0.056696489511072916,0.36671701073646545,-0.22727251,0.1062812,-0.38355371052856446,4
2026-08-31,EXIDEIND,15,1,0.06461350142432422,0.28519508242607117,-0.045514107,0.10628119999999998,-0.20179530675048823,4
2026-08-31,EXIDEIND,66,-1,-0.05150513647457713,0.24705740809440613,0.2596259,0.1062812,0.10334471171264646,4
2026-08-31,FEDERALBNK,5,1,0.058123924993452626,0.24391284584999084,0.20480156,0.1062812,0.04852035944824218,4
2026-08-31,FEDERALBNK,53,-1,-0.048191884246460606,0.14827285706996918,0.12974143,0.1062812,-0.026539769717407236,4
2026-08-31,FEDERALBNK,66,-1,-0.0684266960979385,0.1531575471162796,0.1295209,0.10628119999999998,-0.026760306903076153,4
2026-08-31,FLUOROCHEM,3,1,0.050245053230020854,0.6423576474189758,0.8182764,0.1062812,0.6619952053344726,4
2026-08-31,FLUOROCHEM,4,1,0.06054742998220857,0.5790589451789856,1.2989521,0.1062812,1.1426709026611328,4
2026-08-31,FLUOROCHEM,5,1,0.15789374317205895,0.5070887207984924,1.7223,0.1062812,1.5660188526428223,4
2026-08-31,FLUOROCHEM,6,1,0.05888938314382204,0.5048584938049316,-0.010591745,0.1062812,-0.16687294537658692,4
2026-08-31,FLUOROCHEM,7,1,0.054266231841809606,0.46688446402549744,0.35625696,0.10628119999999998,0.1999757618225098,4
2026-08-31,FLUOROCHEM,8,1,0.07984305327390549,0.5045064687728882,-0.5176246,0.1062812,-0.6739058166229248,4
2026-08-31,FLUOROCHEM,9,1,0.06907145395954237,0.48677489161491394,-0.5350292,0.1062812,-0.6913103728973389,4
2026-08-31,FLUOROCHEM,11,1,0.07450030559232004,0.4791968762874603,0.23305416,0.10628119999999998,0.07677296107177738,4
2026-08-31,FLUOROCHEM,12,1,0.07102063628791505,0.48221462965011597,-0.18812418,0.1062812,-0.3444053798400879,4
2026-08-31,FLUOROCHEM,13,1,0.07251349048538726,0.5748101472854614,1.2944102,0.1062812,1.138129028729248,4
2026-08-31,FLUOROCHEM,15,1,0.08681372851712438,0.5357250571250916,1.6495943,0.1062812,1.4933131069458008,4
2026-08-31,FLUOROCHEM,16,1,0.06902764017099118,0.5362429618835449,1.757729,0.10628119999999998,1.6014478534973144,4
2026-08-31,FLUOROCHEM,17,1,0.06841214624715719,0.5006668567657471,0.6971121,0.10628119999999998,0.5408308834350586,4
2026-08-31,FLUOROCHEM,19,1,0.0498014483317267,0.5820494890213013,0.48357248,0.10628119999999998,0.3272912830627442,4
2026-08-31,FLUOROCHEM,20,1,0.05609609313109694,0.564986526966095,0.20074844,0.10628119999999998,0.044467243603515644,4
2026-08-31,FLUOROCHEM,21,1,0.04973152437031025,0.5729517340660095,0.27394295,0.1062812,0.11766174738769529,4
2026-08-31,FLUOROCHEM,22,1,0.04606333519231123,0.5718609094619751,0.058233738,0.1062812,-0.09804746205444337,4
2026-08-31,FLUOROCHEM,23,1,0.060771811784800484,0.5888205766677856,0.08536577,0.1062812,-0.07091542775268556,4
2026-08-31,FLUOROCHEM,24,1,0.04173719774502301,0.6002393364906311,0.2939582,0.1062812,0.13767698710327148,4
2026-08-31,FLUOROCHEM,25,1,0.04915870440320767,0.5798024535179138,0.50480366,0.10628120000000002,0.3485224575317383,4
2026-08-31,FLUOROCHEM,66,-1,-0.06316892263206744,0.21437545120716095,0.35538673,0.1062812,0.19910553400878905,4
2026-08-31,FORTIS,3,1,0.06175864937205414,0.7268239259719849,-0.38393736,0.1062812,-0.5402185588562012,4
2026-08-31,FORTIS,4,1,0.06534221511562725,0.6432149410247803,-0.49401522,0.1062812,-0.6502964168273926,4
2026-08-31,FORTIS,5,1,0.1701607471763349,0.5860344171524048,-0.39620996,0.10628119999999998,-0.5524911552154541,4
2026-08-31,FORTIS,6,1,0.08585836695579835,0.5409651398658752,-0.08248687,0.10628120000000002,-0.2387680679046631,4
2026-08-31,FORTIS,7,1,0.07529825651016558,0.4931492209434509,-0.022000074,0.1062812,-0.1782812743865967,4
2026-08-31,FORTIS,8,1,0.09447455917939251,0.45771780610084534,0.40688515,0.10628119999999998,0.2506039470947266,4
2026-08-31,FORTIS,9,1,0.09122091857307468,0.4299009144306183,0.4402399,0.10628119999999998,0.2839587063110352,4
2026-08-31,FORTIS,10,1,0.048005235984675584,0.4214603900909424,1.0183811,0.1062812,0.862099918774414,4
2026-08-31,FORTIS,11,1,0.09318367429445833,0.4077495038509369,0.8991599,0.1062812,0.7428787082946777,4
2026-08-31,FORTIS,12,1,0.07379155527599018,0.39311620593070984,0.6353617,0.1062812,0.47908047144775395,4
2026-08-31,FORTIS,13,1,0.07098204148840567,0.4017623960971832,-0.40192008,0.1062812,-0.5582012801849365,4
2026-08-31,FORTIS,15,1,0.06252935973643722,0.2968871593475342,-0.94736814,0.1062812,-1.1036493449890137,4
2026-08-31,FORTIS,16,1,0.053533026374516894,0.2809884548187256,-0.9040117,0.1062812,-1.0602929263793945,4
2026-08-31,FORTIS,17,1,0.05610942914526272,0.29659903049468994,-1.3514221,0.1062812,-1.5077032714569092,4
2026-08-31,FORTIS,19,1,0.04183512120825243,0.3203813135623932,-0.7027209,0.10628119999999998,-0.8590020805084229,4
2026-08-31,FORTIS,20,1,0.08719991566140152,0.37234675884246826,0.016582012,0.1062812,-0.13969918782348634,4
2026-08-31,FORTIS,21,1,0.07833000163808518,0.3802652657032013,-0.005531311,0.1062812,-0.16181251103515626,4
2026-08-31,FORTIS,22,1,0.0831685522996098,0.37870660424232483,-0.038701296,0.1062812,-0.19498249585266114,4
2026-08-31,FORTIS,23,1,0.06503609754684136,0.37319862842559814,-0.06081462,0.10628119999999998,-0.217095819064331,4
2026-08-31,FORTIS,66,-1,-0.06932593814980095,0.20718181133270264,0.54267645,0.1062812,0.3863952488220215,4
2026-08-31,GAIL,5,1,0.15046881227424797,0.3748277723789215,0.14603138,0.1062812,-0.010249820300292978,4
2026-08-31,GAIL,6,1,0.0575738521398882,0.3642069697380066,0.023329258,0.1062812,-0.13295194203491212,4
2026-08-31,GAIL,7,1,0.05019306148075309,0.3448736369609833,0.08163452,0.1062812,-0.07464667851562501,4
2026-08-31,GAIL,8,1,0.06306769195998142,0.3187187910079956,-0.2332151,0.1062812,-0.3894962936126709,4
2026-08-31,GAIL,9,1,0.055038862328400225,0.2968793511390686,-0.13412237,0.10628119999999998,-0.29040357167358394,4
2026-08-31,GAIL,11,1,0.06003677590467257,0.27923673391342163,0.19848347,0.1062812,0.04220226710205077,4
2026-08-31,GAIL,12,1,0.05588444093828554,0.27235329151153564,0.15170574,0.1062812,-0.00457545811767579,4
2026-08-31,GAIL,13,1,0.04356033106837988,0.26569119095802307,0.08741617,0.1062812,-0.06886502797241212,4
2026-08-31,GAIL,66,-1,-0.06995166700511876,0.1475665122270584,-0.011610985,0.1062812,-0.1678921848022461,4
2026-08-31,GICRE,5,1,0.15499560854931155,0.5090125203132629,-0.084131956,0.1062812,-0.24041315610046388,4
2026-08-31,GICRE,6,1,0.0537021035386202,0.45805543661117554,-0.14007688,0.1062812,-0.2963580756866455,4
2026-08-31,GICRE,7,1,0.04897272677338109,0.4216831624507904,-0.083988905,0.1062812,-0.24027010495300294,4
2026-08-31,GICRE,8,1,0.07488978192650518,0.39838215708732605,-0.35014153,0.1062812,-0.5064227252685547,4
2026-08-31,GICRE,9,1,0.06640665536620476,0.38154035806655884,-0.3504336,0.1062812,-0.5067147880279541,4
2026-08-31,GICRE,11,1,0.06703955972167316,0.33777493238449097,-0.30855536,0.10628119999999998,-0.4648365646087646,4
2026-08-31,GICRE,12,1,0.05073843589414138,0.32168278098106384,-0.25280714,0.1062812,-0.4090883403503418,4
2026-08-31,GICRE,66,-1,-0.06359683577244551,0.0905420333147049,0.11267662,0.1062812,-0.04360457951660157,4
2026-08-31,GLAXO,3,1,0.04380344942644158,0.654978334903717,-0.57001114,0.10628119999999998,-0.7262923389160156,4
2026-08-31,GLAXO,4,1,0.04454607844579208,0.5763203501701355,-0.5211711,0.10628119999999998,-0.6774522929870606,4
2026-08-31,GLAXO,5,1,0.15844594385037752,0.5408975481987,-0.18621087,0.1062812,-0.34249207074279786,4
2026-08-31,GLAXO,6,1,0.07022672555050381,0.5127519369125366,-0.16339421,0.1062812,-0.31967541272277833,4
2026-08-31,GLAXO,7,1,0.0881129300782201,0.4931340515613556,0.14747381,0.1062812,-0.008807387896728525,4
2026-08-31,GLAXO,8,1,0.10768621298676362,0.4557124376296997,-0.052416325,0.10628119999999998,-0.20869752461547847,4
2026-08-31,GLAXO,9,1,0.09647018442612916,0.42864102125167847,0.0426054,0.1062812,-0.11367579991455079,4
2026-08-31,GLAXO,10,1,0.048310214048273965,0.40710362792015076,-0.07534623,0.10628119999999998,-0.23162743146057124,4
2026-08-31,GLAXO,11,1,0.08676390524509651,0.38937926292419434,-0.1211524,0.10628119999999998,-0.27743360097045894,4
2026-08-31,GLAXO,12,1,0.08532090990621385,0.3703516721725464,-0.18000603,0.1062812,-0.3362872272216797,4
2026-08-31,GLAXO,13,1,0.07662961457199677,0.3621565103530884,0.09492636,0.1062812,-0.0613548427307129,4
2026-08-31,GLAXO,15,1,0.07618931026411185,0.2764977216720581,0.5866647,0.10628119999999998,0.4303834766662598,4
2026-08-31,GLAXO,16,1,0.06616131489449684,0.26252982020378113,0.11138916,0.10628119999999998,-0.04489203984374998,4
2026-08-31,GLAXO,17,1,0.041123007036673855,0.23603302240371704,0.49173832,0.1062812,0.33545711939697265,4
2026-08-31,GLAXO,25,1,0.050090533560669656,0.31493493914604187,0.24886131,0.1062812,0.09258011286621091,4
2026-08-31,GLAXO,66,-1,-0.06312449188074273,0.09175502508878708,0.006556511,0.1062812,-0.14972468907470704,4
2026-08-31,GLENMARK,3,1,0.06642418051011965,0.847745418548584,-0.5709648,0.1062812,-0.7272460132324219,4
2026-08-31,GLENMARK,4,1,0.0645554909659084,0.7189955115318298,-0.643605,0.10628119999999998,-0.7998861938201904,4
2026-08-31,GLENMARK,5,1,0.1691490135776224,0.6899096369743347,-0.3224492,0.1062812,-0.4787304073059082,4
2026-08-31,GLENMARK,6,1,0.09601929824248381,0.6738318204879761,0.07278919,0.1062812,-0.08349200780029298,4
2026-08-31,GLENMARK,7,1,0.09376388044156544,0.639180064201355,0.46191216,0.10628120000000002,0.3056309551513672,4
2026-08-31,GLENMARK,8,1,0.10836797786020642,0.5948024392127991,0.24318695,0.1062812,0.08690575068359373,4
2026-08-31,GLENMARK,9,1,0.0928773500357286,0.5870447754859924,0.13765097,0.1062812,-0.0186302333557129,4
2026-08-31,GLENMARK,11,1,0.08761760401322187,0.5337380170822144,0.21051168,0.1062812,0.0542304844177246,4
2026-08-31,GLENMARK,12,1,0.08372909118456485,0.5104353427886963,0.052571297,0.1062812,-0.10370990330810548,4
2026-08-31,GLENMARK,13,1,0.0694475842260314,0.4837327301502228,-0.04848838,0.1062812,-0.20476957852478028,4
2026-08-31,GLENMARK,15,1,0.0894995847392212,0.38151803612709045,-0.1294136,0.1062812,-0.28569480473632813,4
2026-08-31,GLENMARK,16,1,0.08400168891830984,0.3430783748626709,-0.05660057,0.1062812,-0.21288177067871095,4
2026-08-31,GLENMARK,17,1,0.06352964199736062,0.31019383668899536,-0.10511279,0.1062812,-0.2613939910614014,4
2026-08-31,GLENMARK,20,1,0.04453091143690503,0.2682597041130066,-0.4489243,0.1062812,-0.6052055030548096,4
2026-08-31,GLENMARK,42,-1,-0.043670930724223254,0.14622841775417328,-0.6594658,0.10628120000000002,-0.8157469897949219,4
2026-08-31,GLENMARK,66,-1,-0.051473683612955616,0.2830740213394165,0.21295547,0.10628119999999998,0.056674274853515644,4
2026-08-31,GODFRYPHLP,5,1,0.1667877501482211,0.5372494459152222,0.11891127,0.10628119999999998,-0.037369933673095684,4
2026-08-31,GODFRYPHLP,6,1,0.07576733726916637,0.549656867980957,-0.18483996,0.1062812,-0.3411211639129639,4
2026-08-31,GODFRYPHLP,7,1,0.06404639315231829,0.5171006321907043,-0.13750792,0.10628119999999998,-0.2937891154968261,4
2026-08-31,GODFRYPHLP,8,1,0.07431181200413031,0.4883532226085663,-0.5067706,0.1062812,-0.6630518108093262,4
2026-08-31,GODFRYPHLP,9,1,0.07125075040931982,0.47589579224586487,-0.2184987,0.1062812,-0.37477990681762696,4
2026-08-31,GODFRYPHLP,11,1,0.07585588579774769,0.4301110804080963,-0.3182888,0.10628119999999998,-0.4745700031005859,4
2026-08-31,GODFRYPHLP,12,1,0.07093162666627872,0.4114730954170227,-0.26603937,0.10628119999999998,-0.42232057149047847,4
2026-08-31,GODFRYPHLP,13,1,0.05671479475262621,0.3954674005508423,-0.33230186,0.10628119999999998,-0.4885830550872802,4
2026-08-31,GODFRYPHLP,15,1,0.06369252277411189,0.370963454246521,-0.19523501,0.1062812,-0.351516213961792,4
2026-08-31,GODFRYPHLP,16,1,0.0715116802805958,0.3655409812927246,-0.4141748,0.1062812,-0.5704559951507568,4
2026-08-31,GODFRYPHLP,17,1,0.07212038079627295,0.37255460023880005,-0.0762105,0.1062812,-0.23249169880981446,4
2026-08-31,GODFRYPHLP,66,-1,-0.06934826871984291,0.17108747363090515,0.4070878,0.1062812,0.2508066028869629,4
2026-08-31,GODREJCP,5,1,0.12321400140125695,0.35167136788368225,0.2099514,0.1062812,0.05367020075683593,4
2026-08-31,GODREJCP,8,1,0.08120805852960519,0.27501416206359863,0.04416704,0.10628120000000002,-0.11211415822143557,4
2026-08-31,GODREJCP,9,1,0.06154102036648129,0.2670480012893677,-0.0441432,0.1062812,-0.2004243999206543,4
2026-08-31,GODREJCP,11,1,0.05878299820672775,0.2811143100261688,0.011026859,0.10628119999999998,-0.14525434071655272,4
2026-08-31,GODREJCP,12,1,0.06026530681463759,0.26548483967781067,-0.11025071,0.1062812,-0.26653191144104005,4
2026-08-31,GODREJCP,42,-1,-0.04546570780671716,0.13392412662506104,-0.044119358,0.1062812,-0.20040055806274415,4
2026-08-31,GODREJCP,49,-1,-0.042600068901435514,0.10156811773777008,0.08817911,0.1062812,-0.06810208851928712,4
2026-08-31,GODREJCP,53,-1,-0.04574229835399442,0.11581695824861526,0.033080578,0.1062812,-0.12320062214965821,4
2026-08-31,GODREJCP,55,-1,-0.04475020830979234,0.10944115370512009,0.2204597,0.1062812,0.0641784996307373,4
2026-08-31,GODREJCP,66,-1,-0.062432630736168684,0.11773139238357544,0.12164116,0.1062812,-0.03464004094238282,4
2026-08-31,GODREJIND,3,1,0.05183162143811384,1.0051687955856323,0.14022589,0.10628119999999998,-0.016055312701415997,4
2026-08-31,GODREJIND,4,1,0.06175915891705166,0.8686496615409851,0.15791655,0.10628119999999998,0.0016353458679199406,4
2026-08-31,GODREJIND,5,1,0.1602401446223802,0.7492120862007141,0.03503561,0.10628119999999998,-0.12124558980102537,4
2026-08-31,GODREJIND,6,1,0.07720565200445027,0.6791989207267761,0.24559498,0.1062812,0.08931377833251951,4
2026-08-31,GODREJIND,7,1,0.0707112607399356,0.673136830329895,0.026249886,0.1062812,-0.13003131444091798,4
2026-08-31,GODREJIND,8,1,0.09718287390137921,0.63239586353302,-0.18353462,0.10628119999999998,-0.33981582219238277,4
2026-08-31,GODREJIND,9,1,0.08548784988366166,0.6097248792648315,-0.026273727,0.10628119999999998,-0.18255492741699214,4
2026-08-31,GODREJIND,10,1,0.04734059387058174,0.5744480490684509,-0.07007122,0.1062812,-0.22635242039794923,4
2026-08-31,GODREJIND,11,1,0.0924528701107236,0.5452878475189209,0.0,0.10628120000000002,-0.1562812,4
2026-08-31,GODREJIND,12,1,0.08229873058703525,0.5205433368682861,-0.11370778,0.10628119999999998,-0.26998898083801265,4
2026-08-31,GODREJIND,13,1,0.07244514250339125,0.4993571937084198,0.052511692,0.1062812,-0.10376950795288087,4
2026-08-31,GODREJIND,15,1,0.06555584719324638,0.2801874577999115,-0.53409934,0.10628119999999998,-0.6903805404388428,4
2026-08-31,GODREJIND,16,1,0.05691557575313377,0.2653632164001465,-0.3504157,0.10628120000000002,-0.5066969066345215,4
2026-08-31,GODREJIND,17,1,0.057249115617086635,0.26042455434799194,-0.36802888,0.10628119999999998,-0.5243100791656494,4
2026-08-31,GODREJIND,20,1,0.04603666696468469,0.26489901542663574,-0.22757053,0.1062812,-0.3838517337524414,4
2026-08-31,GODREJIND,22,1,0.045361217671850564,0.2527678310871124,1.0905862,0.1062812,0.9343049854553223,4
2026-08-31,GODREJIND,66,-1,-0.06721817484783367,0.2080327868461609,-0.19357204,0.1062812,-0.3498532443725586,4
2026-08-31,GODREJPROP,5,1,0.14778633401801852,0.5892348885536194,-0.10083914,0.1062812,-0.25712033803100587,4
2026-08-31,GODREJPROP,6,1,0.05163075738004144,0.5389479994773865,-0.05043745,0.1062812,-0.20671865040893556,4
2026-08-31,GODREJPROP,7,1,0.049724830774335205,0.5024243593215942,0.18677711,0.10628120000000002,0.03049591486816404,4
2026-08-31,GODREJPROP,8,1,0.10499959988134418,0.47034502029418945,-0.005042553,0.1062812,-0.16132375294799806,4
2026-08-31,GODREJPROP,9,1,0.0923942998498051,0.45982345938682556,-0.09086728,0.1062812,-0.24714848096008302,4
2026-08-31,GODREJPROP,10,1,0.044862723488161865,0.4612102806568146,-0.22181869,0.1062812,-0.3780998855316162,4
2026-08-31,GODREJPROP,11,1,0.08618892347953175,0.43775638937950134,-0.06057024,0.1062812,-0.21685144002075196,4
2026-08-31,GODREJPROP,12,1,0.0701940981886483,0.42085912823677063,-0.055539608,0.1062812,-0.211820808001709,4
2026-08-31,GODREJPROP,13,1,0.06287046865693262,0.41344770789146423,-0.33792257,0.1062812,-0.4942037730895996,4
2026-08-31,GODREJPROP,14,1,0.04428701654113758,0.35199713706970215,-0.6147325,0.10628120000000002,-0.7710137038909912,4
2026-08-31,GODREJPROP,15,1,0.0880605967156805,0.33804386854171753,-0.8022189,0.1062812,-0.9585001140319824,4
2026-08-31,GODREJPROP,16,1,0.05979372131865907,0.3179507851600647,-0.5657673,0.1062812,-0.7220484882080078,4
2026-08-31,GODREJPROP,17,1,0.07053147899314746,0.3103720545768738,-0.5556941,0.10628120000000002,-0.7119753032409668,4
2026-08-31,GODREJPROP,22,1,0.046694514043478526,0.25649118423461914,0.60014725,0.10628120000000002,0.4438660473144531,4
2026-08-31,GODREJPROP,53,-1,-0.04208003272529392,0.20634673535823822,-0.24114847,0.1062812,-0.3974296718322754,4
2026-08-31,GODREJPROP,55,-1,-0.04226943279022288,0.2266259640455246,-0.22052526,0.1062812,-0.37680646473999024,4
2026-08-31,GODREJPROP,66,-1,-0.051359187339193556,0.2580089271068573,0.741297,0.10628119999999998,0.5850158066070557,4
2026-08-31,GRASIM,5,1,0.13881653757328424,0.3731580078601837,0.04606247,0.1062812,-0.11021873051757813,4
2026-08-31,GRASIM,8,1,0.08709649702497638,0.3300335109233856,-0.18388033,0.10628120000000002,-0.3401615291320801,4
2026-08-31,GRASIM,9,1,0.07857225777676755,0.3279849886894226,-0.10738969,0.10628119999999998,-0.26367088849182124,4
2026-08-31,GRASIM,11,1,0.06560940076103722,0.28969353437423706,0.0644207,0.10628119999999998,-0.0918604999267578,4
2026-08-31,GRASIM,12,1,0.06138581266996631,0.27434685826301575,0.2240777,0.10628120000000002,0.06779650156860349,4
2026-08-31,GRASIM,13,1,0.04917976376656123,0.2674225866794586,0.26984215,0.1062812,0.11356094782714841,4
2026-08-31,GRASIM,53,-1,-0.04183997459325063,0.10750238597393036,0.057429075,0.1062812,-0.09885212475891114,4
2026-08-31,GRASIM,66,-1,-0.07094382894520675,0.14215874671936035,-0.087463856,0.10628119999999998,-0.24374505574340816,4
2026-08-31,HAL,5,1,0.12273032820587565,0.3751663267612457,-0.041764975,0.1062812,-0.19804617459411622,4
2026-08-31,HAL,8,1,0.07886209803708724,0.31820181012153625,0.010442734,0.1062812,-0.14583846623535157,4
2026-08-31,HAL,9,1,0.062441100976492525,0.3065418004989624,-0.029230118,0.1062812,-0.18551131779785157,4
2026-08-31,HAL,11,1,0.05846682078004312,0.2855508029460907,-0.09601712,0.1062812,-0.25229832226867677,4
2026-08-31,HAL,12,1,0.06020668958939456,0.2734966576099396,-0.09191632,0.1062812,-0.2481975227081299,4
2026-08-31,HAL,13,1,0.053349017784319455,0.2660254240036011,-0.102335215,0.10628119999999998,-0.2586164146148681,4
2026-08-31,HAL,39,-1,-0.04525888755385406,0.15957011282444,0.22793412,0.10628119999999998,0.07165292208557131,4
2026-08-31,HAL,42,-1,-0.043529806716336474,0.15348511934280396,0.25072694,0.10628119999999998,0.0944457382476807,4
2026-08-31,HAL,47,-1,-0.044273190173000805,0.1420089453458786,0.15775561,0.1062812,0.0014744133270263582,4
2026-08-31,HAL,53,-1,-0.04096001218300741,0.1422605961561203,0.09983182,0.10628120000000002,-0.056449380465698265,4
2026-08-31,HAL,66,-1,-0.06920556631320064,0.1803491860628128,0.0062286854,0.1062812,-0.1500525146209717,4
2026-08-31,HAVELLS,4,1,0.04418822438650399,0.4404478967189789,-0.43697357,0.10628119999999998,-0.5932547717773438,4
2026-08-31,HAVELLS,5,1,0.16735172995783698,0.5118414759635925,0.0248909,0.1062812,-0.13139030034179688,4
2026-08-31,HAVELLS,6,1,0.07708060308583431,0.48725518584251404,0.13278723,0.1062812,-0.023493972369384775,4
2026-08-31,HAVELLS,7,1,0.06565863530116609,0.4459100663661957,-0.049746037,0.1062812,-0.20602723652954102,4
2026-08-31,HAVELLS,8,1,0.08020161188320166,0.4315264821052551,-0.3561139,0.1062812,-0.5123951106750488,4
2026-08-31,HAVELLS,9,1,0.06773775913674236,0.4184630513191223,-0.414145,0.1062812,-0.5704261928283691,4
2026-08-31,HAVELLS,11,1,0.06938969139162272,0.38575321435928345,-0.33962727,0.1062812,-0.4959084659301758,4
2026-08-31,HAVELLS,12,1,0.07007537611607348,0.37265270948410034,-0.28185844,0.10628119999999998,-0.43813964421386714,4
2026-08-31,HAVELLS,13,1,0.06245602575576063,0.36054861545562744,-0.348109,0.10628119999999998,-0.5043902068817139,4
2026-08-31,HAVELLS,15,1,0.07480573791211692,0.2968297004699707,-0.18275976,0.10628120000000002,-0.33904096181030274,4
2026-08-31,HAVELLS,16,1,0.06650407505879456,0.28932827711105347,-0.25768876,0.1062812,-0.4139699607574463,4
2026-08-31,HAVELLS,17,1,0.06776379891782602,0.27616652846336365,-0.19958615,0.1062812,-0.3558673530303955,4
2026-08-31,HAVELLS,66,-1,-0.06502347116696197,0.19212280213832855,-0.471735,0.10628119999999998,-0.6280162006103516,4
2026-08-31,HCLTECH,5,1,0.1506750866569432,0.6100830435752869,0.31465292,0.1062812,0.1583717197692871,4
2026-08-31,HCLTECH,6,1,0.05533340074588817,0.5403856635093689,0.2147913,0.1062812,0.05851009791259765,4
2026-08-31,HCLTECH,7,1,0.04700965107334415,0.4942893385887146,0.2835393,0.10628119999999998,0.12725809519653325,4
2026-08-31,HCLTECH,8,1,0.07433952654195007,0.4774755537509918,-0.12233257,0.1062812,-0.2786137729370117,4
2026-08-31,HCLTECH,9,1,0.06742517908891571,0.45318707823753357,-0.11482835,0.1062812,-0.27110954815979005,4
2026-08-31,HCLTECH,11,1,0.06790532007702454,0.40231990814208984,0.02295971,0.1062812,-0.13332149083251954,4
2026-08-31,HCLTECH,12,1,0.06416390036182573,0.3766404688358307,-0.053548813,0.1062812,-0.20983001286621095,4
2026-08-31,HCLTECH,13,1,0.056432298490885664,0.37179532647132874,-0.09944439,0.10628119999999998,-0.25572558934326167,4
2026-08-31,HCLTECH,66,-1,-0.06927287687698726,0.12405011057853699,0.19716024,0.10628119999999998,0.04087904398803713,4
2026-08-31,HDFCAMC,5,1,0.11990907777291938,0.4352576732635498,0.16541481,0.10628119999999998,0.009133610180664081,4
2026-08-31,HDFCAMC,8,1,0.08829475284373835,0.35489585995674133,-0.043272972,0.1062812,-0.1995541721069336,4
2026-08-31,HDFCAMC,9,1,0.07487108525152412,0.33018675446510315,-0.15330315,0.1062812,-0.3095843463623047,4
2026-08-31,HDFCAMC,11,1,0.0627348088651704,0.3048807680606842,-0.19645095,0.1062812,-0.35273214871520997,4
2026-08-31,HDFCAMC,12,1,0.06375553249426129,0.29398345947265625,-0.10614395,0.1062812,-0.26242515141601563,4
2026-08-31,HDFCAMC,13,1,0.051247396367831766,0.2827143669128418,-0.6367743,0.10628119999999998,-0.7930555015289307,4
2026-08-31,HDFCAMC,42,-1,-0.04327584502921696,0.17838238179683685,0.011783838,0.10628119999999998,-0.14449736172790525,4
2026-08-31,HDFCAMC,53,-1,-0.05630906449946599,0.1109587699174881,0.13338327,0.1062812,-0.02289792592163087,4
2026-08-31,HDFCAMC,54,-1,-0.044475014319522874,0.11207929998636246,0.1647532,0.1062812,0.008471998623657218,4
2026-08-31,HDFCAMC,55,-1,-0.046718542245175874,0.10091880708932877,0.062823296,0.1062812,-0.09345790440673829,4
2026-08-31,HDFCAMC,66,-1,-0.06732766149125272,0.11888239532709122,-0.07047653,0.1062812,-0.22675773198242188,4
2026-08-31,HDFCBANK,5,1,0.1562912644553212,0.7916518449783325,-0.6338537,0.1062812,-0.7901348739349365,4
2026-08-31,HDFCBANK,6,1,0.06753572648124605,0.7216016054153442,-0.6415963,0.1062812,-0.7978775172912598,4
2026-08-31,HDFCBANK,7,1,0.059631007823305174,0.6744778752326965,-0.5188763,0.1062812,-0.675157514163208,4
2026-08-31,HDFCBANK,8,1,0.07911177275124981,0.6353131532669067,-0.60866475,0.1062812,-0.7649459510528565,4
2026-08-31,HDFCBANK,9,1,0.06938214514001802,0.5865074396133423,-0.7654965,0.1062812,-0.9217776923858643,4
2026-08-31,HDFCBANK,11,1,0.07159300599796495,0.5445213913917542,-0.69833994,0.10628119999999998,-0.8546211391174316,4
2026-08-31,HDFCBANK,12,1,0.06657307291493382,0.5255193114280701,-0.54202676,0.10628119999999998,-0.6983079581939697,4
2026-08-31,HDFCBANK,13,1,0.05757568638590286,0.5063841342926025,-0.48077106,0.1062812,-0.6370522647583008,4
2026-08-31,HDFCBANK,15,1,0.05984996118187776,0.374024897813797,-0.22010207,0.1062812,-0.37638327176208497,4
2026-08-31,HDFCBANK,16,1,0.07699741109206364,0.3251883387565613,-0.130862,0.10628119999999998,-0.28714319760437007,4
2026-08-31,HDFCBANK,17,1,0.05641395251438921,0.28173983097076416,-0.19962192,0.1062812,-0.35590311581726075,4
2026-08-31,HDFCBANK,66,-1,-0.06476660215381719,0.27305397391319275,-0.5098462,0.10628119999999998,-0.6661274104797363,4
2026-08-31,HDFCLIFE,5,1,0.12237872895234299,0.49597764015197754,0.24875402,0.1062812,0.09247282450561521,4
2026-08-31,HDFCLIFE,8,1,0.08286591481851215,0.41027602553367615,0.04593134,0.1062812,-0.110349860736084,4
2026-08-31,HDFCLIFE,9,1,0.07088494886798498,0.3977639675140381,-0.21079183,0.1062812,-0.36707302624816895,4
2026-08-31,HDFCLIFE,11,1,0.06570402806909771,0.36221936345100403,-0.210917,0.10628120000000002,-0.3671981960021973,4
2026-08-31,HDFCLIFE,12,1,0.07190754626427381,0.3520607650279999,-0.119411945,0.1062812,-0.2756931453430176,4
2026-08-31,HDFCLIFE,13,1,0.05659857294910371,0.35288822650909424,-0.5771935,0.1062812,-0.7334746986114502,4
2026-08-31,HDFCLIFE,15,1,0.05893651763414706,0.2610292434692383,-0.63355565,0.1062812,-0.7898368507110596,4
2026-08-31,HDFCLIFE,39,-1,-0.04277424408411305,0.16420280933380127,-0.05517006,0.10628119999999998,-0.21145125920410152,4
2026-08-31,HDFCLIFE,47,-1,-0.04437811387759622,0.13510404527187347,0.01835823,0.1062812,-0.1379229694091797,4
2026-08-31,HDFCLIFE,49,-1,-0.04321272952838509,0.12783117592334747,0.27533174,0.1062812,0.11905053561096189,4
2026-08-31,HDFCLIFE,53,-1,-0.05630906449946599,0.12323134392499924,0.33951998,0.1062812,0.18323877756958007,4
2026-08-31,HDFCLIFE,54,-1,-0.042180714364553194,0.12464573979377747,0.21120906,0.1062812,0.05492785876159667,4
2026-08-31,HDFCLIFE,55,-1,-0.045623656128212495,0.1293453425168991,0.17465353,0.1062812,0.0183723301208496,4
2026-08-31,HDFCLIFE,66,-1,-0.06559949346724453,0.16135604679584503,0.6336689,0.10628119999999998,0.47738769953613286,4
2026-08-31,HEROMOTOCO,5,1,0.12650715113217303,0.316692054271698,-0.11652708,0.1062812,-0.2728082805358887,4
2026-08-31,HEROMOTOCO,6,1,0.042365896396082764,0.29695239663124084,-0.19711256,0.10628120000000002,-0.3533937602722168,4
2026-08-31,HEROMOTOCO,8,1,0.07291523501213881,0.2634849548339844,-0.241673,0.10628119999999998,-0.3979541927062988,4
2026-08-31,HEROMOTOCO,9,1,0.05709658435278813,0.27075329422950745,-0.43789148,0.1062812,-0.5941726833068848,4
2026-08-31,HEROMOTOCO,11,1,0.06112556820125807,0.2635429799556732,-0.26869774,0.1062812,-0.42497893864746095,4
2026-08-31,HEROMOTOCO,12,1,0.06806025945030995,0.26370471715927124,-0.08971691,0.10628119999999998,-0.24599811131591792,4
2026-08-31,HEROMOTOCO,66,-1,-0.06836557423456391,0.1673458367586136,0.85814,0.1062812,0.7018587917602539,4
2026-08-31,HINDALCO,5,1,0.12177198047121993,0.6668317317962646,-0.13844967,0.10628120000000002,-0.29473086888427735,4
2026-08-31,HINDALCO,8,1,0.11079605792631537,0.49600714445114136,0.19840002,0.1062812,0.042118820599365225,4
2026-08-31,HINDALCO,9,1,0.09529245685497935,0.4758595824241638,0.34273863,0.1062812,0.18645742838745116,4
2026-08-31,HINDALCO,10,1,0.043239016392792026,0.4581270217895508,0.07432699,0.1062812,-0.0819542079650879,4
2026-08-31,HINDALCO,11,1,0.07259547230568508,0.4435482323169708,-0.029706955,0.1062812,-0.1859881549560547,4
2026-08-31,HINDALCO,12,1,0.07477073354721986,0.4185906946659088,-0.04951358,0.1062812,-0.205794778414917,4
2026-08-31,HINDALCO,13,1,0.06679755659486249,0.4039531946182251,0.0049471855,0.10628119999999998,-0.15133401448364256,4
2026-08-31,HINDALCO,15,1,0.04126132535650345,0.2397337108850479,-0.009894371,0.1062812,-0.16617557103271485,4
2026-08-31,HINDALCO,39,-1,-0.045252013481815054,0.17057088017463684,-0.14277697,0.1062812,-0.2990581660949707,4
2026-08-31,HINDALCO,42,-1,-0.04536078410212173,0.16205836832523346,-0.21162033,0.10628119999999998,-0.36790153081054683,4
2026-08-31,HINDALCO,53,-1,-0.055749008162567504,0.10927523672580719,-0.27947426,0.1062812,-0.43575545842285157,4
2026-08-31,HINDALCO,54,-1,-0.04321469025111506,0.10648921877145767,-0.451231,0.10628119999999998,-0.6075122028076172,4
2026-08-31,HINDALCO,55,-1,-0.04424096099899709,0.10261090099811554,-0.41675568,0.1062812,-0.5730368762695313,4
2026-08-31,HINDALCO,66,-1,-0.06892322171661655,0.14202189445495605,0.8575797,0.10628119999999998,0.7012985080993652,4
2026-08-31,HINDPETRO,5,1,0.13061249778521003,0.4444749057292938,-0.16755462,0.10628119999999998,-0.32383581692810054,4
2026-08-31,HINDPETRO,8,1,0.10425472812723394,0.3673090636730194,0.1680851,0.1062812,0.011803898266601554,4
2026-08-31,HINDPETRO,9,1,0.09684519473342978,0.3434249758720398,-0.028014183,0.1062812,-0.1842953830444336,4
2026-08-31,HINDPETRO,10,1,0.04120485769333338,0.3273128569126129,0.11206865,0.10628119999999998,-0.04421254689331053,4
2026-08-31,HINDPETRO,11,1,0.09237099162121298,0.3568746745586395,0.4914999,0.1062812,0.3352187008178711,4
2026-08-31,HINDPETRO,12,1,0.06920132907164767,0.3722422122955322,0.02797842,0.1062812,-0.12830277974243165,4
2026-08-31,HINDPETRO,13,1,0.06136644139355311,0.3526466190814972,0.16783476,0.1062812,0.011553558758544913,4
2026-08-31,HINDPETRO,15,1,0.06284480932725726,0.2746862471103668,0.23761988,0.1062812,0.08133867686157224,4
2026-08-31,HINDPETRO,16,1,0.058131160276691865,0.2591758668422699,0.308156,0.1062812,0.15187481348876952,4
2026-08-31,HINDPETRO,17,1,0.06564605915623258,0.26088497042655945,0.12598038,0.1062812,-0.030300822802734384,4
2026-08-31,HINDPETRO,20,1,0.04853274743158422,0.2682812511920929,-0.23736358,0.10628119999999998,-0.39364477688903804,4
2026-08-31,HINDPETRO,22,1,0.044577938672620415,0.2769094705581665,-0.4044652,0.1062812,-0.5607463985168457,4
2026-08-31,HINDPETRO,42,-1,-0.04402010100037978,0.15101909637451172,0.0700295,0.1062812,-0.08625170285339356,4
2026-08-31,HINDPETRO,49,-1,-0.04236589902470054,0.10311513394117355,-0.0,0.10628119999999998,-0.15628119999999998,4
2026-08-31,HINDPETRO,53,-1,-0.048790482426044494,0.10716423392295837,-0.07009506,0.1062812,-0.22637626225585938,4
2026-08-31,HINDPETRO,55,-1,-0.043304601503454956,0.1149512529373169,0.1259923,0.1062812,-0.030288901873779306,4
2026-08-31,HINDPETRO,66,-1,-0.06918323574315868,0.16360758244991302,0.055855513,0.10628119999999998,-0.10042568738098143,4
2026-08-31,HINDUNILVR,5,1,0.11647968310921807,0.282329261302948,-0.035190582,0.10628119999999998,-0.19147178227539058,4
2026-08-31,HINDUNILVR,8,1,0.05004736596313945,0.22880740463733673,-0.06528497,0.10628119999999998,-0.2215661674224853,4
2026-08-31,HINDUNILVR,42,-1,-0.04293085569104567,0.13022691011428833,-0.10983944,0.10628119999999998,-0.2661206393920898,4
2026-08-31,HINDUNILVR,66,-1,-0.0700912537212156,0.12720724940299988,-0.15468597,0.10628119999999998,-0.3109671741210937,4
2026-08-31,HINDZINC,5,1,0.09488671759931862,0.5860962867736816,-0.117498636,0.1062812,-0.27377983624572755,4
2026-08-31,HINDZINC,8,1,0.06898496384275482,0.5034835934638977,0.16782284,0.1062812,0.011541637829589835,4
2026-08-31,HINDZINC,9,1,0.07356329293113413,0.48604249954223633,0.33636093,0.1062812,0.18007973139648437,4
2026-08-31,HINDZINC,11,1,0.06571109739041014,0.45455920696258545,0.32773018,0.10628120000000002,0.1714489788330078,4
2026-08-31,HINDZINC,12,1,0.06339432590374111,0.4291827380657196,0.24367571,0.1062812,0.08739450877075193,4
2026-08-31,HINDZINC,15,1,0.0439167340598074,0.2884201407432556,-0.008374453,0.1062812,-0.1646556525909424,4
2026-08-31,HINDZINC,39,-1,-0.07283224737802213,0.18636131286621094,-0.11745691,0.10628119999999998,-0.2737381129943847,4
2026-08-31,HINDZINC,42,-1,-0.05031990215508771,0.18299560248851776,-0.260365,0.10628119999999998,-0.4166462093078613,4
2026-08-31,HINDZINC,45,-1,-0.041051556462563615,0.15940846502780914,-0.15940666,0.10628119999999998,-0.31568786198730464,4
2026-08-31,HINDZINC,47,-1,-0.07050526574621646,0.1567605584859848,-0.2429843,0.1062812,-0.39926549489135743,4
2026-08-31,HINDZINC,49,-1,-0.07070366090852435,0.16634836792945862,0.016748905,0.1062812,-0.13953229481811524,4
2026-08-31,HINDZINC,52,-1,-0.04850850000743049,0.18907122313976288,0.041878223,0.10628119999999998,-0.11440297658081053,4
2026-08-31,HINDZINC,53,-1,-0.0839251806267965,0.2012651115655899,0.20894408,0.10628119999999998,0.052662882260131855,4
2026-08-31,HINDZINC,54,-1,-0.07288055555482377,0.20478056371212006,0.36777258,0.1062812,0.21149137919311523,4
2026-08-31,HINDZINC,55,-1,-0.07662695916167288,0.20600879192352295,0.1922667,0.1062812,0.03598550265197753,4
2026-08-31,HINDZINC,64,-1,-0.04903814689546222,0.18099088966846466,-0.1756072,0.1062812,-0.33188840443725587,4
2026-08-31,HINDZINC,66,-1,-0.09568362495401149,0.16924521327018738,0.06673336,0.10628119999999998,-0.08954783970947264,4
2026-08-31,HINDZINC,67,-1,-0.05822764841135831,0.1586107462644577,0.584358,0.1062812,0.42807677691345214,4
2026-08-31,HONAUT,3,1,0.05958479451877462,0.6451835632324219,1.1172414,0.10628119999999998,0.9609601825988769,4
2026-08-31,HONAUT,5,1,0.15460938805269786,0.608723521232605,0.8800864,0.10628119999999998,0.7238052219665527,4
2026-08-31,HONAUT,6,1,0.057983528543670844,0.5738571882247925,0.5895257,0.1062812,0.4332444996154785,4
2026-08-31,HONAUT,7,1,0.05125745700396841,0.5159764289855957,0.49369335,0.10628120000000002,0.33741215174560546,4
2026-08-31,HONAUT,8,1,0.07164515496409077,0.4707065224647522,0.4797101,0.10628120000000002,0.3234289020812988,4
2026-08-31,HONAUT,9,1,0.06375576391420744,0.44496166706085205,0.34222603,0.10628120000000002,0.1859448284423828,4
2026-08-31,HONAUT,11,1,0.06514933389484823,0.4162117838859558,-0.16348958,0.1062812,-0.31977078015441895,4
2026-08-31,HONAUT,12,1,0.06380678909422419,0.399505078792572,-0.081813335,0.10628119999999998,-0.23809453541870113,4
2026-08-31,HONAUT,13,1,0.05315006973492157,0.3816273808479309,-0.06814599,0.1062812,-0.2244271903717041,4
2026-08-31,HONAUT,15,1,0.05917645686337887,0.26989108324050903,0.0,0.1062812,-0.1562812,4
2026-08-31,HONAUT,42,-1,-0.04485085563847446,0.1780795007944107,1.2809932,0.10628119999999998,1.1247120231903076,4
2026-08-31,HONAUT,66,-1,-0.07621391301665062,0.22337079048156738,-0.014030933,0.10628119999999998,-0.17031213338012693,4
2026-08-31,HUDCO,5,1,0.1452575129800907,0.5547812581062317,-0.18407106,0.10628119999999998,-0.3403522639953613,4
2026-08-31,HUDCO,6,1,0.059878377024107796,0.5065913200378418,-0.117093325,0.1062812,-0.2733745246612549,4
2026-08-31,HUDCO,7,1,0.06026692077723864,0.4644612967967987,0.016736984,0.1062812,-0.13954421574707032,4
2026-08-31,HUDCO,8,1,0.10722217369649518,0.4270404875278473,-0.07252097,0.10628119999999998,-0.22880217129821773,4
2026-08-31,HUDCO,9,1,0.09016073725324583,0.39850595593452454,-0.2732396,0.10628119999999998,-0.42952081257934566,4
2026-08-31,HUDCO,10,1,0.04376050389829994,0.37593787908554077,-0.22293925,0.1062812,-0.37922045285339356,4
2026-08-31,HUDCO,11,1,0.09448142752867902,0.38359078764915466,0.02233982,0.1062812,-0.1339413791381836,4
2026-08-31,HUDCO,12,1,0.0960547206613149,0.36365944147109985,-0.0055909157,0.10628119999999998,-0.16187211567993162,4
2026-08-31,HUDCO,13,1,0.08055325243771498,0.347293883562088,-0.13400912,0.1062812,-0.29029032284851075,4
2026-08-31,HUDCO,42,-1,-0.04565103991134788,0.14723487198352814,0.21170378,0.1062812,0.05542257731323241,4
2026-08-31,HUDCO,66,-1,-0.06419038358777773,0.1551772803068161,0.83013177,0.10628119999999998,0.6738505691802978,4
2026-08-31,ICICIBANK,5,1,0.04541986719253165,0.2400510162115097,-0.27399063,0.1062812,-0.43027183110351563,4
2026-08-31,ICICIBANK,8,1,0.043656286473318116,0.21971988677978516,-0.09146929,0.1062812,-0.24775048787231446,4
2026-08-31,ICICIBANK,66,-1,-0.06378434506059026,0.16624850034713745,-0.0,0.1062812,-0.1562812,4
2026-08-31,ICICIGI,5,1,0.15640269213339833,0.41156163811683655,-0.16768575,0.1062812,-0.32396694714660645,4
2026-08-31,ICICIGI,6,1,0.059681059771795254,0.37404853105545044,-0.19342303,0.1062812,-0.3497042327606201,4
2026-08-31,ICICIGI,7,1,0.05472366844862479,0.33927515149116516,-0.10963082,0.10628119999999998,-0.26591202313537593,4
2026-08-31,ICICIGI,8,1,0.07116063792874563,0.31170642375946045,-0.07094145,0.10628119999999998,-0.22722264821166988,4
2026-08-31,ICICIGI,9,1,0.05758401851220104,0.30027613043785095,-0.3413558,0.1062812,-0.4976370006286621,4
2026-08-31,ICICIGI,11,1,0.05678538914718012,0.27441170811653137,-0.4573524,0.1062812,-0.6136335998260498,4
2026-08-31,ICICIGI,12,1,0.06597395220264625,0.279285728931427,-0.20680428,0.1062812,-0.3630854755126953,4
2026-08-31,ICICIGI,13,1,0.05123678775052495,0.26993298530578613,-0.24548173,0.10628120000000002,-0.4017629295074463,4
2026-08-31,ICICIGI,66,-1,-0.0626141412871665,0.1828445941209793,-0.064480305,0.1062812,-0.2207615047180176,4
2026-08-31,ICICIPRULI,5,1,0.1383673388515078,0.6296801567077637,0.4874587,0.10628119999999998,0.33117750590209966,4
2026-08-31,ICICIPRULI,6,1,0.060993405950748536,0.5775729417800903,0.6170988,0.1062812,0.46081760828857427,4
2026-08-31,ICICIPRULI,7,1,0.0509349425314554,0.5371524691581726,0.5968332,0.1062812,0.4405520290649414,4
2026-08-31,ICICIPRULI,8,1,0.08421870320734076,0.5307254195213318,0.05943775,0.10628119999999998,-0.09684344822998045,4
2026-08-31,ICICIPRULI,9,1,0.0722377372568136,0.4946087598800659,-0.08903146,0.1062812,-0.24531265790100099,4
2026-08-31,ICICIPRULI,11,1,0.06846297631289368,0.43316832184791565,-0.0099003315,0.1062812,-0.1661815314971924,4
2026-08-31,ICICIPRULI,12,1,0.06682854453410075,0.40285444259643555,0.039601326,0.1062812,-0.11667987401123048,4
2026-08-31,ICICIPRULI,13,1,0.056496441812312545,0.3921540677547455,0.0,0.1062812,-0.1562812,4
2026-08-31,ICICIPRULI,15,1,0.06043546969079616,0.30053603649139404,0.0,0.1062812,-0.1562812,4
2026-08-31,ICICIPRULI,16,1,0.052806638361928684,0.2864210605621338,0.089108944,0.1062812,-0.06717225606079102,4
2026-08-31,ICICIPRULI,66,-1,-0.04362538735100599,0.27298426628112793,0.6038964,0.1062812,0.4476151794708252,4
2026-08-31,IDEA,3,1,0.04076039105773522,1.0731042623519897,-1.1401772,0.1062812,-1.2964584499084473,4
2026-08-31,IDEA,5,1,0.15829738736565607,0.9604513049125671,-0.06780028,0.10628119999999998,-0.2240814834320068,4
2026-08-31,IDEA,6,1,0.07879386939257967,0.8795668482780457,-0.2706349,0.1062812,-0.42691608960266114,4
2026-08-31,IDEA,7,1,0.06499848984905202,0.838982880115509,0.13549328,0.10628120000000002,-0.020787921496582054,4
2026-08-31,IDEA,8,1,0.07571984377903601,0.781308650970459,-0.33783913,0.10628119999999998,-0.494120326586914,4
2026-08-31,IDEA,9,1,0.07589766361077938,0.7598377466201782,-0.06788373,0.1062812,-0.2241649299346924,4
2026-08-31,IDEA,11,1,0.07977693810718554,0.6741448640823364,0.4081607,0.10628119999999998,0.25187948649291997,4
2026-08-31,IDEA,12,1,0.06380897850432232,0.6471144556999207,0.27136803,0.1062812,0.11508682673339841,4
2026-08-31,IDEA,13,1,0.0529518235391111,0.6154295802116394,0.47522783,0.1062812,0.31894663279418944,4
2026-08-31,IDEA,15,1,0.06844814211522901,0.5375310182571411,0.20353794,0.1062812,0.0472567409790039,4
2026-08-31,IDEA,16,1,0.06607932491787064,0.49010196328163147,0.13586283,0.10628119999999998,-0.02041837269897459,4
2026-08-31,IDEA,17,1,0.06485178797365364,0.4361322522163391,0.06784201,0.1062812,-0.0884391933166504,4
2026-08-31,IDEA,20,1,0.05030633974482841,0.3667968511581421,-0.20270348,0.10628119999999998,-0.3589846759521484,4
2026-08-31,IDEA,21,1,0.045152029925085956,0.34843355417251587,0.0,0.10628120000000002,-0.1562812,4
2026-08-31,IDEA,22,1,0.051977001085322466,0.3336891531944275,0.13549328,0.10628120000000002,-0.020787921496582054,4
2026-08-31,IDEA,66,-1,-0.06411549366496735,0.24098755419254303,0.8097172,0.1062812,0.6534359783447266,4
2026-08-31,IDFCFIRSTB,5,1,0.15285049365360515,0.33478614687919617,0.18154383,0.1062812,0.025262627056884757,4
2026-08-31,IDFCFIRSTB,6,1,0.05613242665755459,0.32640352845191956,0.1087904,0.1062812,-0.04749080235595704,4
2026-08-31,IDFCFIRSTB,7,1,0.041512729553500834,0.2947418689727783,-0.012087822,0.1062812,-0.16836902196044923,4
2026-08-31,IDFCFIRSTB,8,1,0.0708607529796104,0.30953702330589294,-0.39797425,0.1062812,-0.5542554527008057,4
2026-08-31,IDFCFIRSTB,9,1,0.06185995753630366,0.30815839767456055,-0.1450181,0.10628119999999998,-0.30129930073852534,4
2026-08-31,IDFCFIRSTB,11,1,0.0651862020977462,0.28217947483062744,-0.04837513,0.1062812,-0.20465632969970704,4
2026-08-31,IDFCFIRSTB,12,1,0.05560390794789443,0.2750910222530365,-0.024157763,0.1062812,-0.18043896252746583,4
2026-08-31,IDFCFIRSTB,13,1,0.04503596443726583,0.2673940658569336,-0.13283491,0.1062812,-0.28911611134643556,4
2026-08-31,IDFCFIRSTB,15,1,0.04450898868082202,0.24216100573539734,0.08473396,0.1062812,-0.0715472369873047,4
2026-08-31,IDFCFIRSTB,66,-1,-0.07105815494749182,0.19433467090129852,-0.15445948,0.10628119999999998,-0.3107406764709472,4
2026-08-31,INDHOTEL,5,1,0.11983349419199973,0.357863187789917,0.40531158,0.1062812,0.24903038447265624,4
2026-08-31,INDHOTEL,8,1,0.08370308918921858,0.33100590109825134,-0.077837706,0.1062812,-0.23411890561218263,4
2026-08-31,INDHOTEL,9,1,0.061649709792351313,0.31995436549186707,-0.14864802,0.10628119999999998,-0.30492922360534663,4
2026-08-31,INDHOTEL,11,1,0.05973595774547216,0.30079975724220276,0.09199381,0.1062812,-0.06428739125366212,4
2026-08-31,INDHOTEL,12,1,0.06429798806627383,0.2914578318595886,0.049591064,0.1062812,-0.10669013554687501,4
2026-08-31,INDHOTEL,13,1,0.04926293763635993,0.2918029725551605,0.07787943,0.1062812,-0.07840177113647462,4
2026-08-31,INDHOTEL,15,1,0.045776193632688936,0.24279825389385223,-0.035393238,0.10628119999999998,-0.1916744380676269,4
2026-08-31,INDHOTEL,53,-1,-0.050362956768280474,0.1945280283689499,0.15443563,0.1062812,-0.0018455653869628996,4
2026-08-31,INDHOTEL,55,-1,-0.040911571492324265,0.17976424098014832,-0.0,0.1062812,-0.1562812,4
2026-08-31,INDHOTEL,66,-1,-0.06732766149125272,0.21885737776756287,-0.06994009,0.1062812,-0.22622129017944337,4
2026-08-31,INDIANB,5,1,0.13317297325419328,0.5656514763832092,-0.16050935,0.10628119999999998,-0.31679054791564937,4
2026-08-31,INDIANB,8,1,0.0917088081036204,0.4716469943523407,-0.48738718,0.1062812,-0.6436683803283691,4
2026-08-31,INDIANB,9,1,0.07990924132592002,0.4520713984966278,-0.6990254,0.1062812,-0.8553065925323486,4
2026-08-31,INDIANB,11,1,0.07085823416400275,0.4105422794818878,-0.5799234,0.10628119999999998,-0.7362045913421631,4
2026-08-31,INDIANB,12,1,0.07275451512120581,0.385123610496521,-0.5570829,0.10628120000000002,-0.7133640914642334,4
2026-08-31,INDIANB,13,1,0.06370087468705785,0.36894169449806213,-0.5344868,0.1062812,-0.6907679706298828,4
2026-08-31,INDIANB,15,1,0.0775987255272667,0.2946870028972626,-0.2995789,0.10628119999999998,-0.4558601051055908,4
2026-08-31,INDIANB,16,1,0.061928852468342795,0.2897375226020813,-0.16734004,0.1062812,-0.3236212402069092,4
2026-08-31,INDIANB,17,1,0.07235826086493599,0.265451580286026,0.034618378,0.1062812,-0.12166282231445313,4
2026-08-31,INDIANB,42,-1,-0.04135109458567862,0.16791708767414093,-0.040233135,0.1062812,-0.19651433522338868,4
2026-08-31,INDIANB,47,-1,-0.04490040318187401,0.1349252462387085,0.09186268,0.1062812,-0.06441852147216798,4
2026-08-31,INDIANB,53,-1,-0.052798332120081656,0.10635250061750412,-0.18974543,0.1062812,-0.3460266261779785,4
2026-08-31,INDIANB,54,-1,-0.04561714574174771,0.1059054434299469,-0.08046627,0.1062812,-0.23674747044677735,4
2026-08-31,INDIANB,55,-1,-0.045272935438838494,0.11171012371778488,-0.3275752,0.1062812,-0.4838564067565918,4
2026-08-31,INDIANB,66,-1,-0.06634496700597373,0.16200508177280426,0.1713872,0.1062812,0.015105995587158194,4
2026-08-31,INDIGO,5,1,0.11941817761855614,0.5033666491508484,-0.29420257,0.10628119999999998,-0.45048376614685054,4
2026-08-31,INDIGO,8,1,0.0959968699250026,0.43596550822257996,0.07866621,0.10628119999999998,-0.07761498982543943,4
2026-08-31,INDIGO,9,1,0.07672160196798454,0.40778225660324097,-0.16704202,0.10628120000000002,-0.32332321698303224,4
2026-08-31,INDIGO,11,1,0.06638944626422652,0.3780439794063568,-0.26512146,0.1062812,-0.4214026599609375,4
2026-08-31,INDIGO,12,1,0.07001561063270581,0.3699752688407898,-0.20654798,0.10628120000000002,-0.36282917554016114,4
2026-08-31,INDIGO,13,1,0.06179394352988201,0.36019715666770935,-0.29489994,0.1062812,-0.45118114049072267,4
2026-08-31,INDIGO,15,1,0.04809738692030235,0.25196871161460876,-0.35370588,0.1062812,-0.5099870830261231,4
2026-08-31,INDIGO,17,1,0.05012323894578327,0.24676603078842163,-0.15749335,0.10628119999999998,-0.3137745528900146,4
2026-08-31,INDIGO,39,-1,-0.04343091776155441,0.17310495674610138,-0.117743015,0.10628119999999998,-0.2740242152893066,4
2026-08-31,INDIGO,42,-1,-0.04546570780671716,0.17018474638462067,-0.21568537,0.10628119999999998,-0.37196656758422847,4
2026-08-31,INDIGO,47,-1,-0.044273190173000805,0.1413734257221222,-0.07838011,0.1062812,-0.23466130787963868,4
2026-08-31,INDIGO,49,-1,-0.043182881087829666,0.13905581831932068,0.20543933,0.1062812,0.04915812914733886,4
2026-08-31,INDIGO,53,-1,-0.054475080037286475,0.13572128117084503,0.17628074,0.1062812,0.019999536923217764,4
2026-08-31,INDIGO,54,-1,-0.04387131158019497,0.13357016444206238,0.28378367,0.10628119999999998,0.12750247424011235,4
2026-08-31,INDIGO,55,-1,-0.04326679105496334,0.13858753442764282,0.17639995,0.10628119999999995,0.0201187462127686,4
2026-08-31,INDIGO,66,-1,-0.06732766149125272,0.1480819135904312,0.04889965,0.1062812,-0.10738154942626954,4
2026-08-31,INDUSINDBK,5,1,0.12658423179747275,0.40559491515159607,0.5402684,0.1062812,0.3839872211730957,4
2026-08-31,INDUSINDBK,8,1,0.08852351853682988,0.3379005789756775,0.25418997,0.1062812,0.09790876810913084,4
2026-08-31,INDUSINDBK,9,1,0.06154102036648129,0.31300923228263855,0.18292665,0.1062812,0.02664545481567382,4
2026-08-31,INDUSINDBK,11,1,0.05946874253350315,0.2801489531993866,0.10153055,0.1062812,-0.05475064808959962,4
2026-08-31,INDUSINDBK,12,1,0.05920567108150386,0.2737516164779663,0.03042221,0.10628119999999998,-0.1258589893066406,4
2026-08-31,INDUSINDBK,13,1,0.05074144089090843,0.26439061760902405,0.010144711,0.1062812,-0.14613648945922852,4
2026-08-31,INDUSINDBK,49,-1,-0.04120453613795605,0.11075460910797119,0.11076331,0.10628119999999998,-0.04551788861389158,4
2026-08-31,INDUSINDBK,53,-1,-0.046778498142163824,0.11433810740709305,0.100672245,0.10628119999999998,-0.055608954974365216,4
2026-08-31,INDUSINDBK,55,-1,-0.043306131374818924,0.10785557329654694,0.080537796,0.10628119999999998,-0.07574340397949217,4
2026-08-31,INDUSINDBK,66,-1,-0.07187653179172014,0.16258366405963898,0.22048354,0.1062812,0.06420234148864745,4
2026-08-31,INDUSTOWER,5,1,0.15345300468430786,0.4535764753818512,-0.078481436,0.1062812,-0.23476263577575684,4
2026-08-31,INDUSTOWER,6,1,0.05454720145966808,0.4583072066307068,-0.39134026,0.10628119999999998,-0.5476214557373047,4
2026-08-31,INDUSTOWER,7,1,0.052434447406692314,0.47228533029556274,-0.078469515,0.1062812,-0.23475071484680177,4
2026-08-31,INDUSTOWER,8,1,0.07549389459114256,0.4828416109085083,-0.62475204,0.1062812,-0.7810332446777344,4
2026-08-31,INDUSTOWER,9,1,0.06488091081900733,0.4907347559928894,-0.3133595,0.1062812,-0.46964069897766114,4
2026-08-31,INDUSTOWER,11,1,0.07942179533471107,0.45883721113204956,0.1311183,0.10628119999999998,-0.025162902423095684,4
2026-08-31,INDUSTOWER,12,1,0.06430610284397154,0.44105762243270874,0.06549358,0.1062812,-0.09078761632080079,4
2026-08-31,INDUSTOWER,13,1,0.05082187266988131,0.42000436782836914,0.02619028,0.10628119999999998,-0.13009091908569334,4
2026-08-31,INDUSTOWER,15,1,0.06792338332534045,0.36392632126808167,-0.039303303,0.1062812,-0.1955845027648926,4
2026-08-31,INDUSTOWER,16,1,0.0597167806597047,0.348957896232605,-0.0392735,0.1062812,-0.1955547004425049,4
2026-08-31,INDUSTOWER,17,1,0.06161965388497658,0.3393358290195465,-0.07852316,0.10628119999999998,-0.23480435902709956,4
2026-08-31,INDUSTOWER,20,1,0.043694777612016136,0.2899044454097748,0.11783838,0.1062812,-0.03844281727905274,4
2026-08-31,INDUSTOWER,42,-1,-0.04246883591407013,0.18370270729064941,0.15745163,0.10628119999999998,0.0011704296386718938,4
2026-08-31,INDUSTOWER,49,-1,-0.043984599882464594,0.14926013350486755,-0.2761364,0.1062812,-0.4324175983154297,4
2026-08-31,INDUSTOWER,66,-1,-0.06359683577244551,0.19574466347694397,0.53503513,0.1062812,0.3787539333618164,4
2026-08-31,INFY,3,1,0.06292632299815919,0.8956636786460876,0.35014153,0.1062812,0.19386032526855468,4
2026-08-31,INFY,4,1,0.07346969878425541,0.76909339427948,0.49415827,0.10628119999999998,0.33787706797485356,4
2026-08-31,INFY,5,1,0.1384197065898686,0.6642136573791504,0.35005808,0.10628119999999998,0.1937768787658692,4
2026-08-31,INFY,6,1,0.04627703780258973,0.596413791179657,0.35014153,0.1062812,0.19386032526855468,4
2026-08-31,INFY,7,1,0.04420937425072675,0.5676214694976807,0.21495819,0.1062812,0.05867699091796874,4
2026-08-31,INFY,8,1,0.10240937761374984,0.5308035612106323,-0.02682209,0.1062812,-0.1831032901489258,4
2026-08-31,INFY,9,1,0.08739875242227282,0.49334123730659485,-0.089371204,0.1062812,-0.2456524043762207,4
2026-08-31,INFY,10,1,0.04666888818524115,0.46849438548088074,0.08945465,0.1062812,-0.06682654912109376,4
2026-08-31,INFY,11,1,0.08711191575011898,0.4433020353317261,-0.008934736,0.1062812,-0.16521593625183106,4
2026-08-31,INFY,12,1,0.09074592961428198,0.4169531762599945,0.12524128,0.1062812,-0.031039920397949228,4
2026-08-31,INFY,13,1,0.07871093900090627,0.3987782895565033,0.0536561,0.10628119999999998,-0.10262509877319334,4
2026-08-31,INFY,42,-1,-0.045139622529490706,0.12785445153713226,-0.0,0.1062812,-0.1562812,4
2026-08-31,INFY,49,-1,-0.04279340586425065,0.11259002983570099,0.0890553,0.1062812,-0.06722590024108888,4
2026-08-31,INFY,55,-1,-0.041577039089749974,0.10304996371269226,-0.10685921,0.1062812,-0.2631404071533203,4
2026-08-31,INFY,66,-1,-0.06860738604787363,0.12047428637742996,0.09767413,0.10628120000000002,-0.058607068606567406,4
2026-08-31,IOC,5,1,0.11974925948118759,0.34516802430152893,-0.09614825,0.1062812,-0.2524294524871826,4
2026-08-31,IOC,8,1,0.07988072461686054,0.27681347727775574,-0.13307333,0.1062812,-0.2893545299255371,4
2026-08-31,IOC,9,1,0.06753152114450892,0.26265189051628113,-0.15537739,0.10628119999999998,-0.31165858800048823,4
2026-08-31,IOC,11,1,0.07304146130126653,0.26315757632255554,0.081539154,0.10628119999999998,-0.0747420459472656,4
2026-08-31,IOC,12,1,0.0669709292091922,0.2682364881038666,-0.12581348,0.10628119999999998,-0.2820946841918945,4
2026-08-31,IOC,39,-1,-0.047540086056271365,0.13836173713207245,0.08165836,0.10628119999999998,-0.07462283665771482,4
2026-08-31,IOC,42,-1,-0.04402010100037978,0.11866824328899384,0.28184056,0.1062812,0.12555936282043456,4
2026-08-31,IOC,53,-1,-0.05762818781393198,0.08797673135995865,0.0816226,0.10628119999999998,-0.07465859944458006,4
2026-08-31,IOC,54,-1,-0.04579413763398887,0.08636195957660675,0.06676316,0.1062812,-0.08951803738708497,4
2026-08-31,IOC,55,-1,-0.047001996196422605,0.0863683670759201,0.051933527,0.10628119999999998,-0.10434767300720213,4
2026-08-31,IOC,66,-1,-0.06732766149125272,0.10876978933811188,0.06651878,0.10628119999999998,-0.08976241643066404,4
2026-08-31,IPCALAB,5,1,0.1531069305435344,0.5250766277313232,0.14855862,0.10628119999999995,-0.00772258336181636,4
2026-08-31,IPCALAB,6,1,0.053499981096396615,0.4850044846534729,0.0,0.1062812,-0.1562812,4
2026-08-31,IPCALAB,7,1,0.04594874418679043,0.4398755133152008,0.015342236,0.10628120000000002,-0.14093896443481446,4
2026-08-31,IPCALAB,8,1,0.07196964812646373,0.40672630071640015,-0.025570393,0.10628119999999998,-0.18185159260864253,4
2026-08-31,IPCALAB,9,1,0.06442288539782029,0.3892127573490143,0.030648708,0.1062812,-0.12563249165649415,4
2026-08-31,IPCALAB,11,1,0.07130973645526044,0.38379502296447754,0.39955378,0.10628119999999998,0.24327257578735356,4
2026-08-31,IPCALAB,12,1,0.06565679948186826,0.3737954795360565,0.23527145,0.1062812,0.07899025385742185,4
2026-08-31,IPCALAB,13,1,0.05275083857547181,0.35570088028907776,0.18405914,0.1062812,0.02777794306640624,4
2026-08-31,IPCALAB,66,-1,-0.06442988167770548,0.1800149530172348,0.38383603,0.10628119999999998,0.22755483096008305,4
2026-08-31,IRCTC,5,1,0.11811975951659678,0.36145347356796265,0.11416674,0.1062812,-0.042114463397216806,4
2026-08-31,IRCTC,8,1,0.07548726202264869,0.30051714181900024,0.04144907,0.10628119999999998,-0.11483213002319334,4
2026-08-31,IRCTC,9,1,0.06311577011800769,0.282783567905426,-0.010359287,0.1062812,-0.1666404872619629,4
2026-08-31,IRCTC,39,-1,-0.047540086056271365,0.10524965822696686,0.06225109,0.10628119999999998,-0.09403010899658201,4
2026-08-31,IRCTC,47,-1,-0.042451731566069496,0.08678247034549713,-0.020766258,0.1062812,-0.1770474582397461,4
2026-08-31,IRCTC,53,-1,-0.05762818781393198,0.09787791967391968,-0.031137466,0.10628119999999998,-0.18741866643066402,4
2026-08-31,IRCTC,54,-1,-0.04579413763398887,0.09788808226585388,-0.0,0.10628119999999998,-0.15628119999999998,4
2026-08-31,IRCTC,55,-1,-0.047001996196422605,0.09568331390619278,-0.072705746,0.1062812,-0.2289869456970215,4
2026-08-31,IRCTC,66,-1,-0.06512721302362424,0.05928821861743927,0.124526024,0.10628120000000002,-0.03175517613525393,4
2026-08-31,IRFC,5,1,0.15418024298021046,0.4716213047504425,-0.059980154,0.1062812,-0.2162613540374756,4
2026-08-31,IRFC,6,1,0.05609951334153218,0.43818938732147217,-0.20368695,0.1062812,-0.3599681525909424,4
2026-08-31,IRFC,7,1,0.05222654423241561,0.40462613105773926,-0.13183355,0.1062812,-0.288114753314209,4
2026-08-31,IRFC,8,1,0.08008174357647513,0.37556329369544983,-0.22775531,0.1062812,-0.3840365081512451,4
2026-08-31,IRFC,9,1,0.0740999435571544,0.3598407506942749,-0.19184947,0.10628120000000002,-0.3481306701385498,4
2026-08-31,IRFC,11,1,0.0737513121867964,0.3290519714355469,-0.14402866,0.10628119999999998,-0.30030986363525386,4
2026-08-31,IRFC,12,1,0.05693528205355424,0.31481853127479553,-0.13202429,0.10628119999999998,-0.2883054881774902,4
2026-08-31,IRFC,13,1,0.04750631788452332,0.30187031626701355,-0.0480175,0.10628119999999998,-0.20429870183105464,4
2026-08-31,IRFC,66,-1,-0.06987055802412068,0.12176282703876495,-0.060021877,0.10628119999999998,-0.2163030772888183,4
2026-08-31,ITC,5,1,0.1273028728158437,0.2990806996822357,-0.16997457,0.1062812,-0.32625576550598145,4
2026-08-31,ITC,6,1,0.05129960047342857,0.2777325212955475,-0.20762086,0.1062812,-0.3639020591461182,4
2026-08-31,ITC,8,1,0.0493667792338772,0.2470063716173172,-0.30142665,0.1062812,-0.45770784909362794,4
2026-08-31,ITC,9,1,0.0653125487515732,0.26450029015541077,-0.018888712,0.1062812,-0.1751699119293213,4
2026-08-31,ITC,12,1,0.04320446263718209,0.2473887801170349,0.26490688,0.1062812,0.10862568323974607,4
2026-08-31,ITC,42,-1,-0.04197258286600051,0.145496666431427,-0.0,0.1062812,-0.1562812,4
2026-08-31,ITC,49,-1,-0.04286925488382518,0.10514014214277267,-0.13215542,0.1062812,-0.2884366183959961,4
2026-08-31,ITC,66,-1,-0.06934826871984291,0.10514096170663834,0.22642016,0.1062812,0.07013896410827636,4
2026-08-31,JINDALSTEL,5,1,0.12243136805260915,0.5653372406959534,0.58094263,0.1062812,0.42466143076782226,4
2026-08-31,JINDALSTEL,8,1,0.08833575131719651,0.42701655626296997,0.4934311,0.1062812,0.33714989130859374,4
2026-08-31,JINDALSTEL,9,1,0.08138941677588646,0.40207886695861816,0.32919645,0.10628119999999998,0.17291525309448247,4
2026-08-31,JINDALSTEL,11,1,0.061096021563986094,0.4109996259212494,-0.13779998,0.10628119999999998,-0.29408117825622554,4
2026-08-31,JINDALSTEL,12,1,0.06889953118382856,0.4051722586154938,-0.11207461,0.1062812,-0.268355813571167,4
2026-08-31,JINDALSTEL,13,1,0.06262853679683622,0.39453834295272827,-0.2753377,0.1062812,-0.43161889607543946,4
2026-08-31,JINDALSTEL,15,1,0.07272238129047146,0.2614981234073639,-0.12919903,0.10628119999999998,-0.28548022801513667,4
2026-08-31,JINDALSTEL,16,1,0.06128128813468638,0.2726159691810608,0.11225939,0.1062812,-0.044021812030029306,4
2026-08-31,JINDALSTEL,17,1,0.07031883124668738,0.2616274654865265,0.22460222,0.1062812,0.06832102244262694,4
2026-08-31,JINDALSTEL,39,-1,-0.042668020003503185,0.1907307207584381,-0.1642108,0.10628119999999998,-0.3204919963562011,4
2026-08-31,JINDALSTEL,42,-1,-0.044175041460226105,0.18858681619167328,0.051748753,0.10628119999999998,-0.10453244740600584,4
2026-08-31,JINDALSTEL,49,-1,-0.040880998880459055,0.1467037796974182,0.22428036,0.1062812,0.06799915736083983,4
2026-08-31,JINDALSTEL,53,-1,-0.05455387253931306,0.1215251162648201,0.21587014,0.1062812,0.05958894198303222,4
2026-08-31,JINDALSTEL,55,-1,-0.04649057881456542,0.10360784828662872,0.043153763,0.10628119999999998,-0.11312743718261717,4
2026-08-31,JINDALSTEL,66,-1,-0.06732766149125272,0.16604144871234894,0.27541518,0.1062812,0.11913398211364744,4
2026-08-31,JIOFIN,5,1,0.13971455939952385,0.41993170976638794,0.27507544,0.10628119999999998,0.11879423563842777,4
2026-08-31,JIOFIN,8,1,0.08748601357104137,0.3428197205066681,0.021123886,0.10628120000000002,-0.13515731389160157,4
2026-08-31,JIOFIN,9,1,0.07280769057765915,0.32714226841926575,-0.14773607,0.1062812,-0.3040172725402832,4
2026-08-31,JIOFIN,11,1,0.06877197352719398,0.3302420377731323,-0.16866922,0.10628119999999998,-0.32495042378540034,4
2026-08-31,JIOFIN,12,1,0.060359526873182565,0.3148996829986572,-0.14770627,0.1062812,-0.3039874702178955,4
2026-08-31,JIOFIN,13,1,0.05314306050822023,0.30308568477630615,-0.105553865,0.1062812,-0.26183506543273927,4
2026-08-31,JIOFIN,42,-1,-0.041224877065508835,0.15966658294200897,-0.5272031,0.1062812,-0.6834842830383301,4
2026-08-31,JIOFIN,66,-1,-0.07026824561345675,0.17081667482852936,0.35662055,0.10628119999999998,0.2003393501556397,4
2026-08-31,JKCEMENT,5,1,0.1551241905847624,0.39557480812072754,0.25606155,0.10628119999999998,0.09978035395507816,4
2026-08-31,JKCEMENT,6,1,0.05578259946766461,0.37771350145339966,0.0,0.1062812,-0.1562812,4
2026-08-31,JKCEMENT,7,1,0.05016842767558537,0.3880074918270111,0.18720627,0.1062812,0.030925068310546866,4
2026-08-31,JKCEMENT,8,1,0.07831915649047254,0.3705160915851593,0.068831444,0.1062812,-0.08744975621337892,4
2026-08-31,JKCEMENT,9,1,0.0683311858082263,0.3654941916465759,-0.1866579,0.1062812,-0.3429391055786133,4
2026-08-31,JKCEMENT,11,1,0.06848200376238042,0.34170427918434143,-0.402081,0.10628119999999998,-0.5583622127258301,4
2026-08-31,JKCEMENT,12,1,0.06640453864709821,0.33549946546554565,-0.19663572,0.10628119999999998,-0.3529169231140136,4
2026-08-31,JKCEMENT,13,1,0.05956057108303309,0.3271644711494446,-0.2554536,0.1062812,-0.41173478657836915,4
2026-08-31,JKCEMENT,66,-1,-0.06836557423456391,0.19221897423267365,-0.6857991,0.1062812,-0.8420803218566895,4
2026-08-31,JSL,5,1,0.1426171772450165,0.33198025822639465,-0.035572052,0.1062812,-0.19185325200195313,4
2026-08-31,JSL,6,1,0.04943556494770796,0.31400424242019653,-0.007110834,0.1062812,-0.1633920341217041,4
2026-08-31,JSL,7,1,0.04489458916897907,0.29080066084861755,0.24199486,0.1062812,0.08571365778808591,4
2026-08-31,JSL,8,1,0.06980600134421977,0.29193979501724243,0.16382933,0.1062812,0.007548126629638663,4
2026-08-31,JSL,9,1,0.05675943548657333,0.2847583293914795,0.0854373,0.10628119999999998,-0.07084390217895506,4
2026-08-31,JSL,66,-1,-0.06618306085821103,0.24644458293914795,1.963532,0.10628119999999998,1.8072507709777832,4
2026-08-31,JSWENERGY,5,1,0.15335836070596948,0.5476853251457214,-0.07554889,0.10628119999999998,-0.23183008725280757,4
2026-08-31,JSWENERGY,6,1,0.06710553391513728,0.5056770443916321,-0.19831657,0.1062812,-0.3545977740966797,4
2026-08-31,JSWENERGY,7,1,0.05705633280234743,0.4696503281593323,-0.16040206,0.1062812,-0.3166832595550537,4
2026-08-31,JSWENERGY,8,1,0.0797717262249315,0.43295538425445557,-1.1137366,0.10628119999999998,-1.270017829486084,4
2026-08-31,JSWENERGY,9,1,0.0694560850891831,0.4077005684375763,-0.962621,0.10628119999999998,-1.1189021735870361,4
2026-08-31,JSWENERGY,11,1,0.07652534697319731,0.37703049182891846,-0.7477522,0.10628119999999998,-0.9040333896362305,4
2026-08-31,JSWENERGY,12,1,0.07082615768469726,0.3794538974761963,-0.8131623,0.1062812,-0.9694435268127441,4
2026-08-31,JSWENERGY,13,1,0.06620734843427195,0.36498239636421204,-0.75707436,0.10628119999999998,-0.9133555560791016,4
2026-08-31,JSWENERGY,15,1,0.0926734377044171,0.35860851407051086,0.019085407,0.1062812,-0.13719579274291993,4
2026-08-31,JSWENERGY,16,1,0.09473169189436353,0.3661951422691345,-0.15246868,0.10628119999999998,-0.30874988133544917,4
2026-08-31,JSWENERGY,17,1,0.09519028382257756,0.358132004737854,0.057280064,0.1062812,-0.09900113637084962,4
2026-08-31,JSWENERGY,19,1,0.060823370712815704,0.3390979766845703,0.24793148,0.10628119999999998,0.09165028040771488,4
2026-08-31,JSWENERGY,20,1,0.06567443535077451,0.336470365524292,0.09536743,0.10628119999999998,-0.06091376835937498,4
2026-08-31,JSWENERGY,21,1,0.06180744032507444,0.34026527404785156,0.28640032,0.10628119999999998,0.130119118145752,4
2026-08-31,JSWENERGY,22,1,0.07126125216295022,0.3395511507987976,0.32467842,0.1062812,0.1683972210205078,4
2026-08-31,JSWENERGY,23,1,0.06647965203670757,0.33880558609962463,0.30534267,0.10628120000000002,0.14906147425537108,4
2026-08-31,JSWENERGY,24,1,0.042179706254409255,0.3421488106250763,0.4485488,0.1062812,0.2922675937927246,4
2026-08-31,JSWENERGY,25,1,0.04266297574904078,0.33965003490448,0.15246868,0.10628119999999998,-0.0038125186645507625,4
2026-08-31,JSWENERGY,66,-1,-0.06853468106759136,0.23702245950698853,0.6468475,0.10628119999999998,0.4905662864959717,4
2026-08-31,JSWINFRA,5,1,0.1558903031804064,0.5001213550567627,0.08870363,0.1062812,-0.06757756764526368,4
2026-08-31,JSWINFRA,6,1,0.05670365778488505,0.46388906240463257,-0.1475811,0.1062812,-0.3038623004638672,4
2026-08-31,JSWINFRA,7,1,0.05283068867576849,0.4297610819339752,-0.0885129,0.1062812,-0.2447940974914551,4
2026-08-31,JSWINFRA,8,1,0.08099983038860219,0.4033831059932709,-0.17709136,0.1062812,-0.3333725600921631,4
2026-08-31,JSWINFRA,9,1,0.07000141428950883,0.38336682319641113,-0.5886674,0.10628119999999998,-0.7449485927307129,4
2026-08-31,JSWINFRA,11,1,0.06848764770005755,0.35296085476875305,-0.30991435,0.1062812,-0.46619555050964356,4
2026-08-31,JSWINFRA,12,1,0.07309222141916596,0.3420056104660034,-0.14766455,0.10628119999999998,-0.3039457469665527,4
2026-08-31,JSWINFRA,13,1,0.06024127686512705,0.3262098729610443,-0.22156835,0.1062812,-0.3778495460235596,4
2026-08-31,JSWINFRA,15,1,0.044327519803748494,0.24288183450698853,-0.07395148,0.1062812,-0.23023268277282716,4
2026-08-31,JSWINFRA,42,-1,-0.04246883591407013,0.15054139494895935,0.058954954,0.10628119999999998,-0.09732624585266111,4
2026-08-31,JSWINFRA,49,-1,-0.04254369469597499,0.12219054251909256,-0.01475811,0.1062812,-0.17103931004638673,4
2026-08-31,JSWINFRA,66,-1,-0.06461969372572916,0.1313018798828125,-0.058829784,0.1062812,-0.21511098439331056,4
2026-08-31,JSWSTEEL,5,1,0.11889588831427837,0.48015785217285156,0.09167194,0.10628120000000002,-0.06460925633544924,4
2026-08-31,JSWSTEEL,8,1,0.09050287895296136,0.3649955093860626,0.3743291,0.10628119999999998,0.21804789011840825,4
2026-08-31,JSWSTEEL,9,1,0.07843213478702334,0.3422463536262512,0.35891533,0.1062812,0.20263412897949218,4
2026-08-31,JSWSTEEL,11,1,0.06983686591487914,0.3284546434879303,0.060987473,0.1062812,-0.09529372746582032,4
2026-08-31,JSWSTEEL,12,1,0.070049508113091,0.313540518283844,0.09922981,0.1062812,-0.057051387377929696,4
2026-08-31,JSWSTEEL,13,1,0.05556536336298122,0.3164691925048828,-0.1522541,0.1062812,-0.3085353046142578,4
2026-08-31,JSWSTEEL,39,-1,-0.04691287304739816,0.13025498390197754,-0.16715527,0.10628120000000002,-0.3234364658081055,4
2026-08-31,JSWSTEEL,42,-1,-0.04312286635212383,0.15598556399345398,0.09099245,0.1062812,-0.06528874928588868,4
2026-08-31,JSWSTEEL,49,-1,-0.04087090144164226,0.13822786509990692,0.14418364,0.1062812,-0.012097564288330087,4
2026-08-31,JSWSTEEL,53,-1,-0.053715029568474223,0.14098167419433594,0.17460585,0.10628119999999998,0.018324646405029316,4
2026-08-31,JSWSTEEL,54,-1,-0.04142454429029072,0.12256351113319397,0.10628104,0.10628119999999998,-0.05000015790100096,4
2026-08-31,JSWSTEEL,55,-1,-0.0478197986870949,0.11063279956579208,0.18219948,0.10628119999999998,0.02591827814941408,4
2026-08-31,JSWSTEEL,66,-1,-0.06273889416001756,0.1310408115386963,0.50807,0.10628119999999998,0.35178879206542973,4
2026-08-31,JUBLFOOD,4,1,0.08365770336476604,0.499843955039978,-0.020742416,0.1062812,-0.17702361638183595,4
2026-08-31,JUBLFOOD,5,1,0.16991870285199262,0.4670957028865814,0.13495684,0.10628119999999998,-0.021324363299560528,4
2026-08-31,JUBLFOOD,6,1,0.06511551710919794,0.45572224259376526,-0.031089783,0.10628119999999998,-0.1873709827148437,4
2026-08-31,JUBLFOOD,7,1,0.06599417659776656,0.4697883725166321,0.24932623,0.1062812,0.09304502909545896,4
2026-08-31,JUBLFOOD,8,1,0.10524291065250772,0.4398272633552551,0.103890896,0.1062812,-0.05239030415649415,4
2026-08-31,JUBLFOOD,9,1,0.07860239496290054,0.42176178097724915,-0.39382577,0.1062812,-0.5501069694244385,4
2026-08-31,JUBLFOOD,11,1,0.08098346876313689,0.3898678719997406,-0.051867962,0.1062812,-0.20814916188354493,4
2026-08-31,JUBLFOOD,12,1,0.0778826342153712,0.3644387722015381,-0.14520288,0.1062812,-0.3014840751373291,4
2026-08-31,JUBLFOOD,13,1,0.06412973304449494,0.34947866201400757,-0.11408925,0.1062812,-0.2703704505645752,4
2026-08-31,JUBLFOOD,15,1,0.07497503468695504,0.29282984137535095,0.072681904,0.1062812,-0.08359929616088868,4
2026-08-31,JUBLFOOD,16,1,0.06783731889020338,0.3047090172767639,0.27068853,0.10628119999999998,0.11440733378295902,4
2026-08-31,JUBLFOOD,17,1,0.06885980446829873,0.31233152747154236,0.093483925,0.1062812,-0.06279727513427735,4
2026-08-31,JUBLFOOD,66,-1,-0.07105815494749182,0.2172006368637085,0.18367171,0.1062812,0.027390512875366202,4
2026-08-31,KALYANKJIL,5,1,0.12460727688266197,0.5421192646026611,0.8916855,0.1062812,0.7354042858398437,4
2026-08-31,KALYANKJIL,8,1,0.08475551482336866,0.47394388914108276,0.4858017,0.10628119999999998,0.3295204967773438,4
2026-08-31,KALYANKJIL,9,1,0.07326252395781728,0.4675973951816559,0.049197674,0.10628120000000002,-0.1070835262023926,4
2026-08-31,KALYANKJIL,11,1,0.05122776199654119,0.48304322361946106,-0.40752888,0.1062812,-0.5638100772583008,4
2026-08-31,KALYANKJIL,12,1,0.06368972871207225,0.47840943932533264,-0.07362366,0.10628119999999998,-0.22990485722656245,4
2026-08-31,KALYANKJIL,13,1,0.05548975706999454,0.47615277767181396,-0.31000376,0.1062812,-0.46628495747680665,4
2026-08-31,KALYANKJIL,15,1,0.07731384563272714,0.3628793954849243,0.19665956,0.1062812,0.04037836497192382,4
2026-08-31,KALYANKJIL,16,1,0.06833169864370575,0.35532861948013306,0.073730946,0.10628119999999998,-0.08255025441284178,4
2026-08-31,KALYANKJIL,17,1,0.07389518302508612,0.3452076017856598,0.19658804,0.1062812,0.04030683939819335,4
2026-08-31,KALYANKJIL,19,1,0.04711472182047017,0.33737999200820923,0.12283325,0.10628119999999998,-0.03344794804687498,4
2026-08-31,KALYANKJIL,20,1,0.044225139534290844,0.32090336084365845,0.14730692,0.10628119999999998,-0.00897428090209959,4
2026-08-31,KALYANKJIL,21,1,0.049689160821036644,0.3238008916378021,0.1470685,0.1062812,-0.009212699481201181,4
2026-08-31,KALYANKJIL,22,1,0.04356541849938787,0.31426799297332764,0.21260977,0.1062812,0.05632856791381835,4
2026-08-31,KALYANKJIL,53,-1,-0.04096001218300741,0.17067787051200867,0.2772689,0.1062812,0.12098768656616209,4
2026-08-31,KALYANKJIL,66,-1,-0.06920556631320064,0.17886386811733246,-0.33444166,0.1062812,-0.4907228618347168,4
2026-08-31,KEI,5,1,0.13431940651965546,0.5359601378440857,-0.9785712,0.1062812,-1.1348523765289307,4
2026-08-31,KEI,8,1,0.09037295026969476,0.4740132689476013,-0.9248674,0.1062812,-1.0811485915863037,4
2026-08-31,KEI,9,1,0.07860309644585081,0.48981139063835144,-0.6604016,0.1062812,-0.8166827827178955,4
2026-08-31,KEI,10,1,0.04103186987508163,0.47996821999549866,-0.34976006,0.1062812,-0.5060412555419922,4
2026-08-31,KEI,11,1,0.086652513517081,0.4800596237182617,-0.23949146,0.1062812,-0.39577266270751954,4
2026-08-31,KEI,12,1,0.07033204487193945,0.48776310682296753,0.20016432,0.1062812,0.04388311808471679,4
2026-08-31,KEI,13,1,0.0526779991611006,0.5047617554664612,-0.48550367,0.1062812,-0.6417848735534668,4
2026-08-31,KEI,15,1,0.0652887406150547,0.45040807127952576,-0.27994514,0.1062812,-0.43622633511657716,4
2026-08-31,KEI,16,1,0.07674099371479387,0.4272320568561554,-0.14839172,0.10628119999999998,-0.30467292363281245,4
2026-08-31,KEI,17,1,0.07951189199100256,0.4232028126716614,-0.17550588,0.10628119999999998,-0.33178707654113765,4
2026-08-31,KEI,18,1,0.042169538485059124,0.41089770197868347,0.32955408,0.1062812,0.17327288096313476,4
2026-08-31,KEI,19,1,0.06598870997023729,0.3936336636543274,0.4415512,0.10628119999999998,0.2852700084960938,4
2026-08-31,KEI,20,1,0.07788039720755847,0.37336865067481995,0.392735,0.1062812,0.23645380442504882,4
2026-08-31,KEI,21,1,0.06553068335863887,0.3697837293148041,0.41626692,0.10628119999999998,0.2599857181823731,4
2026-08-31,KEI,22,1,0.0736583788743053,0.3557010591030121,0.67340136,0.1062812,0.5171201557434082,4
2026-08-31,KEI,53,-1,-0.055749008162567504,0.2034580409526825,0.043118,0.1062812,-0.11316319996948243,4
2026-08-31,KEI,54,-1,-0.045195539454404965,0.20199380815029144,0.12560487,0.10628119999999998,-0.030676332064819317,4
2026-08-31,KEI,55,-1,-0.04145308655195872,0.20693273842334747,-0.17795563,0.1062812,-0.33423682744140626,4
2026-08-31,KEI,66,-1,-0.0705677025407736,0.15633368492126465,0.27201176,0.1062812,0.11573055689697263,4
2026-08-31,KOTAKBANK,5,1,0.12290101825662075,0.4253315329551697,0.0,0.1062812,-0.1562812,4
2026-08-31,KOTAKBANK,8,1,0.09078073437698453,0.37965404987335205,-0.21276474,0.10628119999999998,-0.36904593999023433,4
2026-08-31,KOTAKBANK,9,1,0.07261597720368324,0.36363694071769714,-0.22429228,0.1062812,-0.38057347828979493,4
2026-08-31,KOTAKBANK,11,1,0.060979391837427385,0.3334122598171234,-0.082618,0.1062812,-0.23889919812316895,4
2026-08-31,KOTAKBANK,12,1,0.05899424932110505,0.3207777440547943,0.106322765,0.1062812,-0.04995843464965821,4
2026-08-31,KOTAKBANK,13,1,0.05862363019295299,0.31794866919517517,0.27219057,0.1062812,0.1159093708312988,4
2026-08-31,KOTAKBANK,15,1,0.07051050158928786,0.2614470422267914,0.3079772,0.1062812,0.15169599955444335,4
2026-08-31,KOTAKBANK,17,1,0.04290106781587479,0.24435117840766907,0.3196001,0.1062812,0.16331890528564452,4
2026-08-31,KOTAKBANK,53,-1,-0.053628941053611524,0.1356995403766632,-0.27296543,0.10628119999999998,-0.42924663121337886,4
2026-08-31,KOTAKBANK,54,-1,-0.04579413763398887,0.12538853287696838,-0.26094913,0.10628119999999998,-0.4172303348266601,4
2026-08-31,KOTAKBANK,55,-1,-0.047001996196422605,0.1304561346769333,-0.23725033,0.1062812,-0.39353152806396485,4
2026-08-31,KOTAKBANK,66,-1,-0.06372158864529659,0.17606492340564728,0.08260608,0.1062812,-0.07367512280578614,4
2026-08-31,KPITTECH,3,1,0.051050068410642045,1.2267967462539673,0.23729801,0.10628119999999998,0.08101681177978519,4
2026-08-31,KPITTECH,4,1,0.06172969285206342,1.0982491970062256,-0.16891956,0.1062812,-0.32520076329345704,4
2026-08-31,KPITTECH,5,1,0.171055293389229,0.9856995940208435,0.050807,0.1062812,-0.10547420079345704,4
2026-08-31,KPITTECH,6,1,0.08699524548188911,0.9038216471672058,0.11860132,0.10628119999999998,-0.037679877825927716,4
2026-08-31,KPITTECH,7,1,0.07967160932215506,0.8225350379943848,0.36414862,0.1062812,0.20786741679077148,4
2026-08-31,KPITTECH,8,1,0.10294035820565432,0.7542661428451538,-0.15217066,0.1062812,-0.3084518581115723,4
2026-08-31,KPITTECH,9,1,0.09057117283644396,0.701174795627594,-0.19453764,0.10628119999999998,-0.3508188396179199,4
2026-08-31,KPITTECH,10,1,0.042630640394222465,0.6633506417274475,-0.16920567,0.1062812,-0.3254868655883789,4
2026-08-31,KPITTECH,11,1,0.08402853580681273,0.6260570287704468,-0.11000633,0.1062812,-0.26628753239746095,4
2026-08-31,KPITTECH,12,1,0.0822424928988057,0.5923159718513489,-0.0846684,0.1062812,-0.2409495979034424,4
2026-08-31,KPITTECH,13,1,0.07514896779066489,0.5614440441131592,-0.17766356,0.1062812,-0.33394476468200684,4
2026-08-31,KPITTECH,15,1,0.0857565712887435,0.32475751638412476,-0.12699962,0.1062812,-0.2832808166229248,4
2026-08-31,KPITTECH,16,1,0.0632820949200621,0.30387380719184875,-0.050848722,0.10628119999999998,-0.2071299224578857,4
2026-08-31,KPITTECH,17,1,0.07067051265325196,0.29358354210853577,-0.06780028,0.1062812,-0.22408148343200684,4
2026-08-31,KPITTECH,42,-1,-0.04748711243545646,0.18513573706150055,0.01693368,0.1062812,-0.13934752041931153,4
2026-08-31,KPITTECH,47,-1,-0.04325012869753994,0.14778757095336914,-0.0084757805,0.10628119999999998,-0.16475698048706053,4
2026-08-31,KPITTECH,49,-1,-0.04986296430305491,0.14400632679462433,0.49164295,0.1062812,0.335361751965332,4
2026-08-31,KPITTECH,66,-1,-0.07399885595204433,0.2193034142255783,0.09354353,0.10628119999999998,-0.06273767048950193,4
2026-08-31,KPRMILL,5,1,0.14933715947926507,0.6786010265350342,0.017559528,0.1062812,-0.13872167164916993,4
2026-08-31,KPRMILL,6,1,0.055628790803992155,0.619428277015686,0.3072381,0.1062812,0.1509569019592285,4
2026-08-31,KPRMILL,7,1,0.04845043746910332,0.5675339698791504,0.41276217,0.1062812,0.25648096506958007,4
2026-08-31,KPRMILL,8,1,0.07863105168212954,0.5275227427482605,0.23704767,0.1062812,0.08076647227172849,4
2026-08-31,KPRMILL,9,1,0.0629078169738799,0.49056732654571533,0.36011934,0.1062812,0.20383814280395507,4
2026-08-31,KPRMILL,11,1,0.06709332068629782,0.4402172565460205,0.5010128,0.1062812,0.34473160212402343,4
2026-08-31,KPRMILL,12,1,0.06110246332271574,0.41549167037010193,0.23714304,0.10628119999999998,0.08086183970336917,4
2026-08-31,KPRMILL,13,1,0.04876558649141237,0.4244350492954254,-0.1663208,0.1062812,-0.32260200078125,4
2026-08-31,KPRMILL,15,1,0.05566734923351924,0.301557332277298,1.0779142,0.1062812,0.9216330379760742,4
2026-08-31,KPRMILL,16,1,0.04590327551145834,0.28256556391716003,0.8409262,0.10628119999999998,0.6846449703491211,4
2026-08-31,KPRMILL,22,1,0.0424048792369326,0.304071307182312,1.2484789,0.10628119999999998,1.092197689465332,4
2026-08-31,KPRMILL,62,1,0.05510732049602267,0.26116201281547546,-0.47177672,0.1062812,-0.6280579238616943,4
2026-08-31,KPRMILL,63,1,0.04423352030713728,0.29924261569976807,-0.2852857,0.1062812,-0.44156691128845216,4
2026-08-31,KPRMILL,67,1,0.04478414609284387,0.36990389227867126,-1.2605071,0.10628119999999998,-1.4167883067810059,4
2026-08-31,LAURUSLABS,4,1,0.0924821003402219,0.599717915058136,-0.22531152,0.1062812,-0.3815927177154541,4
2026-08-31,LAURUSLABS,5,1,0.1839309857954913,0.653577983379364,0.6547332,0.10628119999999998,0.4984519809997559,4
2026-08-31,LAURUSLABS,6,1,0.09091022259063086,0.6567973494529724,0.4263401,0.10628119999999998,0.2700589031494141,4
2026-08-31,LAURUSLABS,7,1,0.07913876144347438,0.6072556972503662,0.25759935,0.10628119999999998,0.10131815379028324,4
2026-08-31,LAURUSLABS,8,1,0.09695655710498324,0.578655481338501,0.18906593,0.1062812,0.032784733227539054,4
2026-08-31,LAURUSLABS,9,1,0.08894306104181275,0.5565187335014343,0.1627326,0.10628119999999998,0.006451401165771503,4
2026-08-31,LAURUSLABS,10,1,0.040908673227258475,0.5403326749801636,0.09429455,0.10628119999999998,-0.06198665196533201,4
2026-08-31,LAURUSLABS,11,1,0.0873956147761833,0.5304068326950073,0.38861036,0.1062812,0.2323291630065918,4
2026-08-31,LAURUSLABS,12,1,0.06527738497232373,0.5044008493423462,0.3568411,0.1062812,0.20055988734130858,4
2026-08-31,LAURUSLABS,13,1,0.0749510350097,0.4848012924194336,0.46658516,0.10628120000000002,0.3103039593017578,4
2026-08-31,LAURUSLABS,15,1,0.08569981990920696,0.3998623788356781,0.41418076,0.1062812,0.25789955561523437,4
2026-08-31,LAURUSLABS,16,1,0.08071292558985156,0.3694773018360138,0.27774572,0.1062812,0.12146452372436521,4
2026-08-31,LAURUSLABS,17,1,0.07651178725994284,0.36035776138305664,-0.1517713,0.10628119999999998,-0.3080525069915771,4
2026-08-31,LAURUSLABS,66,-1,-0.0558237127102381,0.32084524631500244,1.4182866,0.10628119999999998,1.2620053619659424,4
2026-08-31,LICHSGFIN,5,1,0.15046593903986258,0.5536490082740784,-0.37115812,0.1062812,-0.5274393230163574,4
2026-08-31,LICHSGFIN,6,1,0.05927546361715096,0.541991651058197,-0.17668009,0.1062812,-0.3329612880432129,4
2026-08-31,LICHSGFIN,7,1,0.051468470073674874,0.5188953876495361,-0.111699104,0.1062812,-0.26798030430908204,4
2026-08-31,LICHSGFIN,8,1,0.08112955111638895,0.49715864658355713,-0.372231,0.10628119999999998,-0.5285122066223145,4
2026-08-31,LICHSGFIN,9,1,0.06990548960149237,0.49641475081443787,-0.32588243,0.1062812,-0.4821636348449707,4
2026-08-31,LICHSGFIN,11,1,0.06772195970991148,0.4400676488876343,-0.24206042,0.1062812,-0.3983416228973389,4
2026-08-31,LICHSGFIN,12,1,0.06202320361102959,0.41767898201942444,-0.17703176,0.1062812,-0.3333129554473877,4
2026-08-31,LICHSGFIN,13,1,0.05275442521872597,0.39390480518341064,-0.21425486,0.1062812,-0.37053605610961915,4
2026-08-31,LICHSGFIN,15,1,0.06359631620637489,0.3062361776828766,0.03736019,0.1062812,-0.11892100865478517,4
2026-08-31,LICHSGFIN,16,1,0.05458663047677493,0.2882486879825592,-0.1680851,0.1062812,-0.32436629826660157,4
2026-08-31,LICHSGFIN,17,1,0.058707726807069094,0.27613475918769836,-0.15872717,0.1062812,-0.31500836903686524,4
2026-08-31,LICHSGFIN,66,-1,-0.0464558774257781,0.2958202660083771,0.065129995,0.10628119999999998,-0.09115120465393065,4
2026-08-31,LICI,5,1,0.11941450300646138,0.4984038770198822,-0.7535875,0.1062812,-0.9098686843597412,4
2026-08-31,LICI,8,1,0.08688989104462856,0.4077839255332947,-0.8603215,0.1062812,-1.0166027217590332,4
2026-08-31,LICI,9,1,0.07830312581763314,0.4046456217765808,-0.84989667,0.1062812,-1.0061778693878174,4
2026-08-31,LICI,11,1,0.07403376886878475,0.3947746157646179,-0.3967762,0.1062812,-0.5530573993408203,4
2026-08-31,LICI,12,1,0.0815155443549981,0.393099308013916,-0.3495276,0.1062812,-0.5058087974273682,4
2026-08-31,LICI,13,1,0.06692540022071775,0.3764391839504242,-0.3616631,0.1062812,-0.5179443031036377,4
2026-08-31,LICI,15,1,0.06778876688369342,0.28237441182136536,-0.44594407,0.1062812,-0.60222527081604,4
2026-08-31,LICI,16,1,0.058111475541121636,0.2656046748161316,-0.3499508,0.1062812,-0.5062319904052734,4
2026-08-31,LICI,17,1,0.05088663093717272,0.24675199389457703,-0.16911626,0.1062812,-0.32539745862121583,4
2026-08-31,LICI,19,1,0.04107545825737843,0.24362494051456451,-0.15724897,0.10628119999999998,-0.3135301738464355,4
2026-08-31,LICI,39,-1,-0.04284948888057671,0.16539135575294495,-0.65146685,0.1062812,-0.8077480464660645,4
2026-08-31,LICI,42,-1,-0.04298768945812245,0.18837705254554749,-0.44555664,0.1062812,-0.601837840625,4
2026-08-31,LICI,53,-1,-0.05393072560023069,0.16042648255825043,-0.15614033,0.10628119999999998,-0.31242152745361323,4
2026-08-31,LICI,54,-1,-0.044981036763164346,0.1380550116300583,-0.0480175,0.1062812,-0.2042987018310547,4
2026-08-31,LICI,55,-1,-0.04688554454092485,0.13988764584064484,-0.09609461,0.10628119999999998,-0.2523758083068847,4
2026-08-31,LICI,66,-1,-0.06732766149125272,0.12058838456869125,0.28728843,0.1062812,0.13100722735290526,4
2026-08-31,LINDEINDIA,5,1,0.13979372813402846,0.46026188135147095,0.038826466,0.1062812,-0.11745473439331056,4
2026-08-31,LINDEINDIA,6,1,0.04105329119381378,0.42091935873031616,0.3109455,0.10628119999999998,0.15466431086425786,4
2026-08-31,LINDEINDIA,8,1,0.09386275772999764,0.3605706989765167,0.08548498,0.10628120000000002,-0.07079621846313479,4
2026-08-31,LINDEINDIA,9,1,0.0762990633473911,0.36274662613868713,-0.054347515,0.1062812,-0.21062871510620118,4
2026-08-31,LINDEINDIA,11,1,0.07038196353881034,0.33935773372650146,0.3804326,0.1062812,0.2241514057434082,4
2026-08-31,LINDEINDIA,12,1,0.06863140648211534,0.32956796884536743,0.20165443,0.1062812,0.045373234204101554,4
2026-08-31,LINDEINDIA,13,1,0.04917976376656123,0.31662386655807495,0.069761276,0.1062812,-0.08651992375488282,4
2026-08-31,LINDEINDIA,42,-1,-0.04122863019226271,0.23936966061592102,0.37958026,0.10628119999999998,0.22329905932312016,4
2026-08-31,LINDEINDIA,49,-1,-0.042332895874807354,0.2327260673046112,0.3965795,0.1062812,0.24029830401306151,4
2026-08-31,LINDEINDIA,66,-1,-0.06415161711734646,0.14272333681583405,0.23417473,0.1062812,0.07789352839355466,4
2026-08-31,LLOYDSME,3,1,0.05809677431281901,0.8624075055122375,-0.056260824,0.1062812,-0.21254202420349122,4
2026-08-31,LLOYDSME,4,1,0.08821704211665757,0.7548649311065674,0.15232563,0.10628119999999998,-0.0039555698120117,4
2026-08-31,LLOYDSME,5,1,0.16956758177091805,0.6975383758544922,0.25945902,0.1062812,0.10317781870727537,4
2026-08-31,LLOYDSME,6,1,0.0701162703561956,0.6525648832321167,-0.03939867,0.1062812,-0.1956798701965332,4
2026-08-31,LLOYDSME,7,1,0.058260317166512796,0.5945671200752258,0.08448362,0.1062812,-0.07179757649536134,4
2026-08-31,LLOYDSME,8,1,0.09789004845359056,0.5694305300712585,0.3551364,0.1062812,0.1988551945007324,4
2026-08-31,LLOYDSME,9,1,0.09816793308030206,0.5620576739311218,0.47500134,0.1062812,0.31872013514404296,4
2026-08-31,LLOYDSME,11,1,0.08852930457547185,0.5379674434661865,0.078868866,0.1062812,-0.07741233403320313,4
2026-08-31,LLOYDSME,12,1,0.06920364160415916,0.5193119049072266,-0.12940764,0.1062812,-0.2856888442718506,4
2026-08-31,LLOYDSME,13,1,0.07026729287641499,0.4962441027164459,-0.19686222,0.10628120000000002,-0.35314342076416017,4
2026-08-31,LLOYDSME,15,1,0.06579127485376414,0.4136545658111572,-0.07302165,0.10628119999999998,-0.229302850314331,4
2026-08-31,LLOYDSME,16,1,0.06952570884886869,0.3766811490058899,0.2138257,0.10628119999999998,0.05754450266723635,4
2026-08-31,LLOYDSME,17,1,0.07631041268495063,0.3654225468635559,0.61432123,0.1062812,0.45804003184204106,4
2026-08-31,LLOYDSME,19,1,0.05156269078457497,0.3444477915763855,0.7384896,0.10628119999999998,0.5822084278381348,4
2026-08-31,LLOYDSME,20,1,0.06100173278727916,0.3312993049621582,1.4427423,0.1062812,1.2864611477172851,4
2026-08-31,LLOYDSME,21,1,0.058855352198714225,0.32648730278015137,1.7358899,0.1062812,1.5796087116516113,4
2026-08-31,LLOYDSME,22,1,0.054776116802492385,0.3240368068218231,1.6469955,0.1062812,1.4907143444335937,4
2026-08-31,LLOYDSME,66,-1,-0.06256971053584179,0.1783539354801178,0.8319497,0.10628119999999995,0.6756685108459473,4
2026-08-31,LODHA,3,1,0.06957678192015507,0.783469557762146,-0.32496452,0.10628119999999998,-0.48124572331542964,4
2026-08-31,LODHA,4,1,0.052790661439952404,0.6882513761520386,-0.1301825,0.1062812,-0.2864637046539307,4
2026-08-31,LODHA,5,1,0.14471128915152778,0.6726565957069397,0.253129,0.1062812,0.09684780543212888,4
2026-08-31,LODHA,8,1,0.08766211676689925,0.6026825904846191,0.34288168,0.10628119999999998,0.18660047953491216,4
2026-08-31,LODHA,9,1,0.08991536502954985,0.6020940542221069,0.48214197,0.10628119999999998,0.3258607715881348,4
2026-08-31,LODHA,10,1,0.05596955916731886,0.5868445038795471,0.18750429,0.10628119999999998,0.031223091534423847,4
2026-08-31,LODHA,11,1,0.08577128972493737,0.5594474673271179,0.19564629,0.10628119999999998,0.039365086010742206,4
2026-08-31,LODHA,12,1,0.07148950906290091,0.5362928509712219,0.040721893,0.1062812,-0.11555930668945313,4
2026-08-31,LODHA,13,1,0.0796642890717323,0.5418633818626404,-0.32467246,0.10628119999999998,-0.4809536605560302,4
2026-08-31,LODHA,15,1,0.08492968695994262,0.4782828986644745,-0.4554689,0.1062812,-0.6117500930511475,4
2026-08-31,LODHA,16,1,0.08573679324197296,0.44032931327819824,-0.21144748,0.1062812,-0.36772867734069825,4
2026-08-31,LODHA,17,1,0.0898863582999536,0.39114290475845337,0.12204647,0.1062812,-0.034234729357910165,4
2026-08-31,LODHA,18,1,0.04570396456043099,0.378907173871994,0.21967888,0.1062812,0.06339767878417968,4
2026-08-31,LODHA,19,1,0.07292796302620809,0.3466170132160187,0.37454367,0.10628119999999998,0.21826246683959966,4
2026-08-31,LODHA,20,1,0.06812222757559523,0.3175901472568512,0.35830736,0.10628119999999998,0.20202616160278325,4
2026-08-31,LODHA,21,1,0.0475205061080407,0.308613121509552,0.30919313,0.1062812,0.15291193430786132,4
2026-08-31,LODHA,22,1,0.058416445732633125,0.31223371624946594,0.52257776,0.1062812,0.36629656260375976,4
2026-08-31,LODHA,39,-1,-0.0441516159267159,0.22040697932243347,0.21924376,0.1062812,0.06296256487731933,4
2026-08-31,LODHA,42,-1,-0.04229104024279568,0.19820454716682434,0.08113384,0.10628119999999998,-0.07514735753173826,4
2026-08-31,LODHA,47,-1,-0.046293795696688504,0.1651805192232132,-0.057005882,0.10628119999999998,-0.21328708226318355,4
2026-08-31,LODHA,49,-1,-0.043856243237615125,0.18850485980510712,0.19488335,0.1062812,0.03860214655761718,4
2026-08-31,LODHA,53,-1,-0.057630150303801725,0.17955943942070007,-0.08137226,0.1062812,-0.2376534610473633,4
2026-08-31,LODHA,54,-1,-0.04632285102159046,0.16682983934879303,0.024414062,0.1062812,-0.1318671375,4
2026-08-31,LODHA,55,-1,-0.04878328356948157,0.16099077463150024,0.09763837,0.1062812,-0.058642831393432626,4
2026-08-31,LODHA,66,-1,-0.0656668019256696,0.17117007076740265,-0.38051605,0.1062812,-0.5367972522460938,4
2026-08-31,LT,5,1,0.11043834382148777,0.3032046854496002,-0.07246137,0.1062812,-0.2287425666534424,4
2026-08-31,LT,8,1,0.08951523768123062,0.2625058889389038,-0.009995699,0.1062812,-0.16627689892883302,4
2026-08-31,LT,9,1,0.056397500380441175,0.25252464413642883,-0.029999018,0.1062812,-0.1862802177154541,4
2026-08-31,LT,11,1,0.046931487286540764,0.2452014833688736,0.017511845,0.10628119999999998,-0.13876935536499022,4
2026-08-31,LT,39,-1,-0.04297138288847843,0.1400379091501236,-0.024998188,0.1062812,-0.18127938801879884,4
2026-08-31,LT,42,-1,-0.04373664704913306,0.13783638179302216,-0.12743473,0.1062812,-0.28371593052978517,4
2026-08-31,LT,47,-1,-0.04437811387759622,0.12466230988502502,-0.029957294,0.10628119999999998,-0.18623849446411128,4
2026-08-31,LT,49,-1,-0.04494179028596919,0.116578608751297,0.057399273,0.1062812,-0.09888192708129884,4
2026-08-31,LT,53,-1,-0.05192675205714604,0.10363876074552536,-0.29218197,0.1062812,-0.44846316868896485,4
2026-08-31,LT,54,-1,-0.044475014319522874,0.10376764833927155,-0.36952496,0.1062812,-0.5258061557495117,4
2026-08-31,LT,55,-1,-0.045561091009933,0.101469986140728,-0.22716522,0.1062812,-0.38344642216796876,4
2026-08-31,LT,66,-1,-0.06839034079150882,0.14006584882736206,-0.0546813,0.1062812,-0.21096250111694337,4
2026-08-31,LTF,5,1,0.15638618266687937,0.5751779079437256,-0.048607588,0.10628119999999998,-0.204888787814331,4
2026-08-31,LTF,6,1,0.0781369189141874,0.5212059020996094,-0.03246069,0.1062812,-0.18874188954467774,4
2026-08-31,LTF,7,1,0.07384078431495161,0.4790511429309845,0.08119345,0.1062812,-0.0750877528869629,4
2026-08-31,LTF,8,1,0.11111499487473443,0.48191380500793457,-0.08123517,0.1062812,-0.2375163703643799,4
2026-08-31,LTF,9,1,0.09921031748559433,0.4696879982948303,0.43859482,0.10628119999999998,0.2823136181152344,4
2026-08-31,LTF,10,1,0.04445523824545276,0.4610999822616577,-0.0972271,0.1062812,-0.2535082965576172,4
2026-08-31,LTF,11,1,0.08772981035799275,0.44577643275260925,0.06483793,0.10628119999999998,-0.09144326741333006,4
2026-08-31,LTF,12,1,0.08644560290501484,0.4252018630504608,0.08112192,0.10628120000000002,-0.07515927846069338,4
2026-08-31,LTF,13,1,0.08121122970065409,0.42323675751686096,0.09739399,0.10628119999999998,-0.0588872104370117,4
2026-08-31,LTF,15,1,0.07907521570674765,0.3147493004798889,0.35796165,0.10628119999999998,0.20168045466308598,4
2026-08-31,LTF,16,1,0.07800986383075871,0.34079548716545105,-0.40439963,0.1062812,-0.5606808334075928,4
2026-08-31,LTF,17,1,0.08410266840417033,0.3452662229537964,-0.09726882,0.10628119999999998,-0.2535500198089599,4
2026-08-31,LTF,18,1,0.04233251786146795,0.32514771819114685,-0.12959242,0.1062812,-0.2858736186706543,4
2026-08-31,LTF,19,1,0.05273007348104103,0.3022012412548065,0.14588833,0.10628119999999998,-0.010392871447753887,4
2026-08-31,LTF,20,1,0.05427152493646952,0.2988738715648651,0.12974739,0.10628119999999998,-0.02653380925292967,4
2026-08-31,LTF,21,1,0.042806818060630296,0.29949772357940674,0.12950897,0.10628119999999998,-0.02677222783203123,4
2026-08-31,LTF,22,1,0.05499927711160616,0.27677443623542786,0.38903952,0.10628119999999998,0.23275831644897466,4
2026-08-31,LTF,23,1,0.04439861278102247,0.26798877120018005,0.7470012,0.1062812,0.5907199711120605,4
2026-08-31,LTF,49,-1,-0.041874890800707686,0.14567908644676208,0.35330057,0.1062812,0.19701937144165038,4
2026-08-31,LTF,66,-1,-0.07026824561345675,0.17066830396652222,-0.19242764,0.1062812,-0.3487088351928711,4
2026-08-31,LTTS,3,1,0.06550525174315258,0.7939333319664001,0.80012083,0.10628119999999998,0.6438396305358887,4
2026-08-31,LTTS,4,1,0.08737764353842922,0.7260580658912659,1.002574,0.1062812,0.8462927669799805,4
2026-08-31,LTTS,5,1,0.1705204672560464,0.6603917479515076,1.1500835,0.1062812,0.9938023418701172,4
2026-08-31,LTTS,6,1,0.08252382418427381,0.620780885219574,0.9992838,0.1062812,0.8430025905883789,4
2026-08-31,LTTS,7,1,0.06930760560130172,0.5694621205329895,1.4136791,0.10628119999999998,1.2573979229248047,4
2026-08-31,LTTS,8,1,0.07515703008780687,0.5894019603729248,0.39932728,0.1062812,0.24304607813720702,4
2026-08-31,LTTS,9,1,0.069792550513664,0.5715899467468262,0.52850246,0.1062812,0.3722212642944336,4
2026-08-31,LTTS,11,1,0.07093092050396078,0.517518937587738,1.6065121,0.1062812,1.4502308697021484,4
2026-08-31,LTTS,12,1,0.06424144637437675,0.4901791214942932,1.6271949,0.10628119999999998,1.470913681439209,4
2026-08-31,LTTS,13,1,0.055792105222974724,0.470065712928772,1.3149381,0.10628120000000002,1.1586568683898926,4
2026-08-31,LTTS,15,1,0.07036125381085102,0.3511895537376404,1.131773,0.1062812,0.9754917949951172,4
2026-08-31,LTTS,16,1,0.06379203001336502,0.3634689152240753,0.5315423,0.10628119999999998,0.37526110117797856,4
2026-08-31,LTTS,17,1,0.06117548215821622,0.3547331392765045,0.50837994,0.1062812,0.3520987362182617,4
2026-08-31,LTTS,20,1,0.05248300151476204,0.4172719717025757,-0.16732812,0.10628119999999998,-0.32360931927795406,4
2026-08-31,LTTS,21,1,0.04868742891278137,0.4132731556892395,0.3180623,0.1062812,0.16178110545043944,4
2026-08-31,LTTS,22,1,0.056406878052350194,0.36998122930526733,0.56380033,0.10628119999999998,0.40751913493041997,4
2026-08-31,LTTS,23,1,0.05821080466080183,0.35968106985092163,0.56477785,0.1062812,0.4084966511047363,4
2026-08-31,LTTS,66,-1,-0.06701549868556589,0.1638023853302002,-0.88015795,0.10628119999999998,-1.0364391475402832,4
2026-08-31,LUPIN,5,1,0.057083437921757914,0.24134182929992676,0.11603832,0.1062812,-0.04024287755126954,4
2026-08-31,LUPIN,8,1,0.04825122162666222,0.22735634446144104,0.40831566,0.1062812,0.25203445856933593,4
2026-08-31,LUPIN,42,-1,-0.04345401751234692,0.14258135855197906,0.31881928,0.1062812,0.1625380844390869,4
2026-08-31,LUPIN,66,-1,-0.06530868190069777,0.08747272938489914,-0.75799227,0.1062812,-0.9142734676086426,4
2026-08-31,MAHABANK,5,1,0.15338395114194037,0.47109416127204895,-0.372684,0.10628119999999998,-0.5289652019226074,4
2026-08-31,MAHABANK,6,1,0.05574620792195487,0.4541964530944824,-0.56388974,0.10628119999999998,-0.720170941897583,4
2026-08-31,MAHABANK,7,1,0.05323179754988821,0.42217743396759033,-0.44466257,0.1062812,-0.6009437709533691,4
2026-08-31,MAHABANK,8,1,0.08099396737714286,0.4075167179107666,-0.4808843,0.10628119999999998,-0.637165513583374,4
2026-08-31,MAHABANK,9,1,0.07510096813871972,0.38369229435920715,-0.56511164,0.1062812,-0.7213928371154785,4
2026-08-31,MAHABANK,11,1,0.07429218674747072,0.3512386381626129,-0.5539477,0.10628119999999998,-0.7102288871490479,4
2026-08-31,MAHABANK,12,1,0.07330550124657179,0.3647996485233307,-0.34994483,0.1062812,-0.5062260299407959,4
2026-08-31,MAHABANK,13,1,0.06348091627492754,0.3542146682739258,-0.3499031,0.10628119999999998,-0.5061843066894531,4
2026-08-31,MAHABANK,15,1,0.06066779986315904,0.27008143067359924,-0.7611394,0.1062812,-0.9174205928527832,4
2026-08-31,MAHABANK,66,-1,-0.06505772338621156,0.1630243957042694,0.5556226,0.1062812,0.3993413776672363,4
2026-08-31,MANKIND,5,1,0.17353705792202712,0.4897824227809906,-0.37304163,0.10628119999999998,-0.5293228297912598,4
2026-08-31,MANKIND,6,1,0.09760948260541648,0.4708515405654907,-0.1784563,0.1062812,-0.33473750645751954,4
2026-08-31,MANKIND,7,1,0.09244201953700577,0.46471792459487915,0.170362,0.1062812,0.014080795697021475,4
2026-08-31,MANKIND,8,1,0.10199236406708878,0.43843507766723633,0.038278103,0.1062812,-0.11800309712524415,4
2026-08-31,MANKIND,9,1,0.09068336385685254,0.4186365306377411,0.14054775,0.10628119999999998,-0.015733447619628887,4
2026-08-31,MANKIND,11,1,0.09567875579171552,0.3947482109069824,0.23833513,0.1062812,0.08205393259887693,4
2026-08-31,MANKIND,12,1,0.08458549884068742,0.37705451250076294,0.22125244,0.10628119999999998,0.06497124140625002,4
2026-08-31,MANKIND,13,1,0.08307023587175158,0.35907381772994995,0.34056902,0.10628119999999998,0.184287819317627,4
2026-08-31,MANKIND,15,1,0.045864312664653704,0.24990679323673248,-0.09351373,0.10628119999999998,-0.2497949271881103,4
2026-08-31,MANKIND,66,-1,-0.06308568373638719,0.16006948053836823,0.47956705,0.1062812,0.3232858509338379,4
2026-08-31,MARICO,5,1,0.12025205463152829,0.2875306308269501,0.19898415,0.1062812,0.042702946118164054,4
2026-08-31,MARICO,6,1,0.04373863266084057,0.26608237624168396,0.036156178,0.1062812,-0.12012502247924806,4
2026-08-31,MARICO,66,-1,-0.06507523164548941,0.12664416432380676,0.38803816,0.1062812,0.23175695841674804,4
2026-08-31,MARUTI,5,1,0.04514247611044787,0.2295924723148346,-0.15717149,0.10628119999999995,-0.3134526878082275,4
2026-08-31,MARUTI,8,1,0.04461208180783477,0.21854926645755768,-0.23184419,0.1062812,-0.3881253867828369,4
2026-08-31,MARUTI,66,-1,-0.06484098394977515,0.1319008618593216,-0.23839474,0.1062812,-0.39467593724365235,4
2026-08-31,MAXHEALTH,5,1,0.15551466400114874,0.47310858964920044,0.47808886,0.1062812,0.3218076557434082,4
2026-08-31,MAXHEALTH,6,1,0.06465383836060598,0.4584423303604126,0.59844255,0.1062812,0.44216135447387694,4
2026-08-31,MAXHEALTH,7,1,0.0572442909923379,0.42094388604164124,0.41849613,0.1062812,0.26221493189697265,4
2026-08-31,MAXHEALTH,8,1,0.08518713339189918,0.4005008935928345,0.42806864,0.10628119999999998,0.27178743784790044,4
2026-08-31,MAXHEALTH,9,1,0.07013366010803909,0.3725108206272125,0.46812296,0.1062812,0.3118417591369629,4
2026-08-31,MAXHEALTH,11,1,0.06851536223787731,0.3479461967945099,0.049591064,0.10628119999999998,-0.10669013554687498,4
2026-08-31,MAXHEALTH,12,1,0.06625432955143246,0.3416095972061157,-0.049561262,0.10628119999999998,-0.20584246213073726,4
2026-08-31,MAXHEALTH,13,1,0.056469003612997726,0.3335602283477783,-0.21811724,0.10628120000000002,-0.37439843709106446,4
2026-08-31,MAXHEALTH,15,1,0.06252860860358363,0.2655205726623535,-0.36677122,0.10628119999999998,-0.5230524211608887,4
2026-08-31,MAXHEALTH,42,-1,-0.04124286192213428,0.160269096493721,-0.04941225,0.10628119999999998,-0.20569345051879878,4
2026-08-31,MAXHEALTH,66,-1,-0.06333877867895808,0.16752633452415466,0.5442858,0.1062812,0.388004574230957,4
2026-08-31,MAZDOCK,4,1,0.044238543239587834,0.7777551412582397,-0.100106,0.1062812,-0.25638720090026856,4
2026-08-31,MAZDOCK,5,1,0.14419748990322376,0.7071838974952698,0.080263615,0.1062812,-0.076017585345459,4
2026-08-31,MAZDOCK,8,1,0.10400474359413837,0.5730531215667725,-0.05608797,0.1062812,-0.2123691707336426,4
2026-08-31,MAZDOCK,9,1,0.09632615129842155,0.5345024466514587,-0.14036298,0.1062812,-0.2966441779815674,4
2026-08-31,MAZDOCK,11,1,0.08551835686107677,0.48400557041168213,0.020051003,0.1062812,-0.1362301974975586,4
2026-08-31,MAZDOCK,12,1,0.0893095249438165,0.4565160274505615,0.044119358,0.1062812,-0.11216184193725587,4
2026-08-31,MAZDOCK,13,1,0.08371913281255124,0.43593743443489075,-0.5573571,0.1062812,-0.7136382728302002,4
2026-08-31,MAZDOCK,15,1,0.07798784285187113,0.2757378816604614,-0.5050957,0.10628119999999998,-0.6613769202911377,4
2026-08-31,MAZDOCK,16,1,0.04762602183608,0.24813470244407654,-0.4176855,0.1062812,-0.5739667087280274,4
2026-08-31,MAZDOCK,39,-1,-0.045356937186410484,0.17170698940753937,-0.1999259,0.1062812,-0.35620709950561524,4
2026-08-31,MAZDOCK,42,-1,-0.04317140785174748,0.19097383320331573,0.12788773,0.1062812,-0.028393474169921884,4
2026-08-31,MAZDOCK,47,-1,-0.04261233060741769,0.17535516619682312,0.095808506,0.10628119999999998,-0.06047269398803709,4
2026-08-31,MAZDOCK,53,-1,-0.05035249891579585,0.17729608714580536,0.14408231,0.1062812,-0.012198892184448251,4
2026-08-31,MAZDOCK,54,-1,-0.04294178317707352,0.18551114201545715,0.28771162,0.10628119999999998,0.1314304203308106,4
2026-08-31,MAZDOCK,55,-1,-0.04597631115554915,0.1809268593788147,0.28011203,0.1062812,0.12383082812194822,4
2026-08-31,MAZDOCK,66,-1,-0.06632263643593177,0.15122586488723755,0.032019615,0.1062812,-0.12426158482666017,4
2026-08-31,MCX,5,1,0.15288903836322154,0.6763342618942261,0.39488077,0.1062812,0.23859957163696288,4
2026-08-31,MCX,6,1,0.05659541017615582,0.6856480836868286,-0.17299056,0.10628119999999998,-0.32927176053161616,4
2026-08-31,MCX,7,1,0.051578039750569765,0.639559268951416,-0.28383732,0.10628120000000002,-0.44011851842041017,4
2026-08-31,MCX,8,1,0.0792377311695393,0.6223559379577637,-0.705421,0.1062812,-0.8617021709167481,4
2026-08-31,MCX,9,1,0.06752362153937264,0.586920440196991,-0.7652879,0.1062812,-0.9215690761291504,4
2026-08-31,MCX,11,1,0.06639915681109113,0.5400287508964539,-1.0599494,0.10628119999999998,-1.2162305980407715,4
2026-08-31,MCX,12,1,0.06405915212988594,0.5301636457443237,-0.58389306,0.10628119999999998,-0.7401742606842041,4
2026-08-31,MCX,13,1,0.06518776423529495,0.5209352970123291,-0.089633465,0.10628120000000002,-0.24591466481323243,4
2026-08-31,MCX,15,1,0.0781926101035235,0.40853041410446167,0.20077229,0.10628119999999998,0.0444910854614258,4
2026-08-31,MCX,16,1,0.07225447846503005,0.3920269012451172,0.1949668,0.1062812,0.038685593060302725,4
2026-08-31,MCX,17,1,0.06622800866896834,0.36220884323120117,0.34502745,0.10628119999999998,0.18874624674682622,4
2026-08-31,MCX,19,1,0.047065267621900636,0.34246042370796204,0.053942204,0.10628119999999998,-0.10233899647827147,4
2026-08-31,MCX,20,1,0.041040155008721525,0.3120735287666321,-0.21823645,0.1062812,-0.37451764638061524,4
2026-08-31,MCX,42,-1,-0.04190359671668456,0.18871073424816132,-0.0,0.1062812,-0.1562812,4
2026-08-31,MCX,49,-1,-0.04421489681658252,0.14132001996040344,0.60967803,0.1062812,0.45339683001403813,4
2026-08-31,MCX,66,-1,-0.04433673527057791,0.2824885845184326,0.72585344,0.1062812,0.5695722431457519,4
2026-08-31,MEDANTA,5,1,0.12564803888120624,0.6059988141059875,-0.29905438,0.1062812,-0.4553355842315674,4
2026-08-31,MEDANTA,8,1,0.08766341451157418,0.5058755874633789,0.17681122,0.10628119999999998,0.02053001826171877,4
2026-08-31,MEDANTA,9,1,0.06994959718510024,0.47305169701576233,0.0952363,0.1062812,-0.06104489857788087,4
2026-08-31,MEDANTA,11,1,0.06890579513958572,0.43581637740135193,0.5179167,0.1062812,0.3616354793823242,4
2026-08-31,MEDANTA,12,1,0.06872720517651358,0.42108774185180664,0.4364133,0.1062812,0.28013208811645507,4
2026-08-31,MEDANTA,13,1,0.05537593595698384,0.4115557074546814,0.34731627,0.10628119999999998,0.19103506510620122,4
2026-08-31,MEDANTA,15,1,0.06574979482854341,0.35930225253105164,0.040733814,0.1062812,-0.11554738576049806,4
2026-08-31,MEDANTA,16,1,0.06160480416448583,0.3451305329799652,0.19710064,0.1062812,0.04081943934326171,4
2026-08-31,MEDANTA,17,1,0.05603376573379283,0.2959631383419037,0.061178207,0.10628119999999998,-0.09510299260253904,4
2026-08-31,MEDANTA,53,-1,-0.04096001218300741,0.18488268554210663,0.07407069,0.10628119999999998,-0.08221050793762205,4
2026-08-31,MEDANTA,66,-1,-0.06839197866094911,0.24026086926460266,0.34384727,0.1062812,0.18756607478027343,4
2026-08-31,MFSL,5,1,0.15131192682873526,0.3602931499481201,0.10933876,0.1062812,-0.046942439624023446,4
2026-08-31,MFSL,6,1,0.06409592920404326,0.35190829634666443,0.096488,0.10628119999999998,-0.05979320103759764,4
2026-08-31,MFSL,7,1,0.056496905571319964,0.32307055592536926,-0.044995546,0.1062812,-0.2012767463409424,4
2026-08-31,MFSL,8,1,0.07083303844179065,0.2990868091583252,-0.24402142,0.1062812,-0.4003026157104492,4
2026-08-31,MFSL,9,1,0.0584892610749694,0.2929319739341736,-0.42318106,0.1062812,-0.5794622569763184,4
2026-08-31,MFSL,11,1,0.060256286975068594,0.27332231402397156,-0.25667548,0.1062812,-0.41295668179626466,4
2026-08-31,MFSL,12,1,0.06506290445824056,0.26538988947868347,-0.19924045,0.10628119999999998,-0.3555216460906982,4
2026-08-31,MFSL,13,1,0.05081657795592333,0.26256263256073,-0.25068521,0.10628119999999998,-0.40696641499633784,4
2026-08-31,MFSL,66,-1,-0.0626141412871665,0.16752119362354279,0.7964313,0.10628119999999998,0.640150103024292,4
2026-08-31,MOTILALOFS,5,1,0.15575415022467726,0.6275405287742615,0.26243925,0.10628119999999998,0.10615805094604495,4
2026-08-31,MOTILALOFS,6,1,0.06191562715516155,0.6265307068824768,-0.32906532,0.10628119999999998,-0.4853465228759765,4
2026-08-31,MOTILALOFS,7,1,0.05540698180176051,0.5920076370239258,-0.28125644,0.1062812,-0.43753763730163575,4
2026-08-31,MOTILALOFS,8,1,0.07825792169694977,0.5458763241767883,-0.7543564,0.1062812,-0.9106375842773438,4
2026-08-31,MOTILALOFS,9,1,0.0696333692539584,0.5301134586334229,-0.65352917,0.1062812,-0.809810367175293,4
2026-08-31,MOTILALOFS,11,1,0.06639131270172983,0.48533231019973755,-0.61017275,0.1062812,-0.7664539485656738,4
2026-08-31,MOTILALOFS,12,1,0.06672243344093763,0.46086856722831726,-0.479877,0.1062812,-0.6361581950866699,4
2026-08-31,MOTILALOFS,13,1,0.06464664722931927,0.4459962248802185,-0.29147267,0.1062812,-0.4477538734161377,4
2026-08-31,MOTILALOFS,15,1,0.0807662655517464,0.3591620922088623,-0.16556978,0.1062812,-0.3218509822570801,4
2026-08-31,MOTILALOFS,16,1,0.07043679930228919,0.33866196870803833,-0.107216835,0.10628119999999998,-0.2634980350219726,4
2026-08-31,MOTILALOFS,17,1,0.05801844746865225,0.30350857973098755,0.034105778,0.1062812,-0.1221754222595215,4
2026-08-31,MOTILALOFS,66,-1,-0.050879324389886425,0.284239262342453,-0.77631474,0.10628119999999998,-0.9325959354125977,4
2026-08-31,MPHASIS,4,1,0.06548061113751469,0.7179864645004272,0.50154924,0.10628119999999998,0.345268043927002,4
2026-08-31,MPHASIS,5,1,0.13314605305638558,0.6390134692192078,0.6525874,0.10628119999999998,0.49630621378784184,4
2026-08-31,MPHASIS,6,1,0.044246925475595784,0.5750821232795715,0.6774783,0.10628119999999998,0.5211971134460449,4
2026-08-31,MPHASIS,8,1,0.09370854210066178,0.5237504839897156,0.09152889,0.1062812,-0.06475230748291017,4
2026-08-31,MPHASIS,9,1,0.08337006330796744,0.48861557245254517,0.13321638,0.1062812,-0.023064818927001962,4
2026-08-31,MPHASIS,11,1,0.0749661456893274,0.437008261680603,0.14555454,0.1062812,-0.010726657458496103,4
2026-08-31,MPHASIS,12,1,0.06683336628707247,0.4149695038795471,0.11218786,0.10628119999999998,-0.04409333760375975,4
2026-08-31,MPHASIS,13,1,0.05928701178349475,0.3928346633911133,-0.124537945,0.1062812,-0.2808191447937012,4
2026-08-31,MPHASIS,15,1,0.06609005039719085,0.2612834870815277,0.42016506,0.10628119999999998,0.26388386195068364,4
2026-08-31,MPHASIS,42,-1,-0.044837903491052086,0.1359362155199051,0.111705065,0.1062812,-0.04457613522644044,4
2026-08-31,MPHASIS,47,-1,-0.04215201511462754,0.1602882593870163,-0.012421608,0.1062812,-0.16870280797119142,4
2026-08-31,MPHASIS,53,-1,-0.05458000374188189,0.13153421878814697,0.3109455,0.1062812,0.1546643108642578,4
2026-08-31,MPHASIS,54,-1,-0.044475014319522874,0.12955762445926666,0.45967102,0.10628119999999998,0.30338982050781255,4
2026-08-31,MPHASIS,55,-1,-0.048447603002759985,0.13523416221141815,0.36064982,0.1062812,0.20436862414245605,4
2026-08-31,MPHASIS,66,-1,-0.06302622022542517,0.16206659376621246,-0.537014,0.1062812,-0.6932952075683594,4
2026-08-31,MRF,5,1,0.10733464069106419,0.2904838025569916,0.21691322,0.07140478626988356,0.095508436996718,4
2026-08-31,MRF,8,1,0.043614672148383195,0.2400691956281662,-0.060755014,0.07132567144592954,-0.1820806858654852,4
2026-08-31,MRF,49,-1,-0.04347417719710617,0.14466409385204315,0.12037158,0.07098994553319543,-0.0006183654092940666,4
2026-08-31,MRF,53,-1,-0.046778498142163824,0.10196395218372345,0.12061,0.07106087737072216,-0.0004508786677192289,4
2026-08-31,MRF,55,-1,-0.041460310705652766,0.10841668397188187,0.32770634,0.0710394341419316,0.20666690283316608,4
2026-08-31,MRF,66,-1,-0.06345413336580324,0.13512201607227325,-1.528883,0.07111728909022272,-1.6500002694369025,4
2026-08-31,MUTHOOTFIN,5,1,0.11904666683358246,0.6555359363555908,0.13020039,0.1062812,-0.026080813952636728,4
2026-08-31,MUTHOOTFIN,8,1,0.09836767192670996,0.5059603452682495,-0.137043,0.10628119999999998,-0.2933241992675781,4
2026-08-31,MUTHOOTFIN,9,1,0.08576926797742586,0.4835994243621826,-0.1271069,0.1062812,-0.2833881049835205,4
2026-08-31,MUTHOOTFIN,11,1,0.0715705540804009,0.4615069627761841,-0.016713142,0.1062812,-0.17299434239501954,4
2026-08-31,MUTHOOTFIN,12,1,0.0662550813722125,0.4531964063644409,-0.29007792,0.1062812,-0.44635912472839356,4
2026-08-31,MUTHOOTFIN,13,1,0.06474415309385449,0.43728750944137573,-0.16696453,0.10628119999999998,-0.32324573094482417,4
2026-08-31,MUTHOOTFIN,15,1,0.07764905404785281,0.29334428906440735,-0.1003921,0.10628119999999998,-0.2566733031951904,4
2026-08-31,MUTHOOTFIN,16,1,0.06543478527841852,0.26723381876945496,0.016748905,0.1062812,-0.13953229481811524,4
2026-08-31,MUTHOOTFIN,17,1,0.05288698759936952,0.25575917959213257,0.197649,0.1062812,0.041367802075195304,4
2026-08-31,MUTHOOTFIN,39,-1,-0.052112420125046514,0.1592111885547638,-0.08329153,0.1062812,-0.23957273060913087,4
2026-08-31,MUTHOOTFIN,42,-1,-0.04103027278335992,0.13054099678993225,-0.2668023,0.1062812,-0.4230835109436035,4
2026-08-31,MUTHOOTFIN,47,-1,-0.05022928512002498,0.12327065318822861,0.11970997,0.10628119999999998,-0.03657123143310545,4
2026-08-31,MUTHOOTFIN,49,-1,-0.04778506359716024,0.12021537870168686,0.23611784,0.1062812,0.0798366398132324,4
2026-08-31,MUTHOOTFIN,53,-1,-0.05965836025429853,0.10702098906040192,0.046616793,0.1062812,-0.109664407321167,4
2026-08-31,MUTHOOTFIN,54,-1,-0.04904734838829805,0.10701029747724533,0.05326271,0.10628119999999998,-0.10301848942871092,4
2026-08-31,MUTHOOTFIN,55,-1,-0.050167212263208964,0.11091447621583939,-0.06996393,0.10628119999999998,-0.22624513203735347,4
2026-08-31,MUTHOOTFIN,66,-1,-0.06129178065979229,0.11834726482629776,0.16962886,0.1062812,0.01334765856628417,4
2026-08-31,M_AND_M,5,1,0.11454104048508501,0.32476475834846497,-0.13571382,0.1062812,-0.2919950156890869,4
2026-08-31,M_AND_M,8,1,0.07771781266772165,0.2662612795829773,-0.32514334,0.1062812,-0.48142453724975587,4
2026-08-31,M_AND_M,9,1,0.04525866921637039,0.2504205107688904,-0.37623644,0.10628119999999998,-0.5325176387512207,4
2026-08-31,M_AND_M,11,1,0.04523526759708908,0.24313025176525116,-0.009053946,0.1062812,-0.16533514554138184,4
2026-08-31,M_AND_M,39,-1,-0.04122998794588924,0.16016535460948944,-0.24784803,0.1062812,-0.4041292339050293,4
2026-08-31,M_AND_M,49,-1,-0.041267134359142,0.1264682412147522,0.2112925,0.1062812,0.05501130526428222,4
2026-08-31,M_AND_M,53,-1,-0.0574372266082602,0.10649159550666809,0.44041872,0.10628119999999998,0.2841375202453614,4
2026-08-31,M_AND_M,54,-1,-0.04688375790009766,0.10074307024478912,0.40172338,0.1062812,0.24544218485717773,4
2026-08-31,M_AND_M,55,-1,-0.04145308655195872,0.10361411422491074,0.2740383,0.1062812,0.11775711481933591,4
2026-08-31,M_AND_M,66,-1,-0.062068715898442824,0.13885125517845154,-0.17617941,0.1062812,-0.3324606090270996,4
2026-08-31,M_AND_MFIN,5,1,0.12831071035639605,0.7539835572242737,-0.20314455,0.10628120000000002,-0.35942575032348634,4
2026-08-31,M_AND_MFIN,8,1,0.09889829234533137,0.5856673121452332,0.2439022,0.1062812,0.08762100642089841,4
2026-08-31,M_AND_MFIN,9,1,0.08189235667947803,0.5543510913848877,0.23041964,0.10628120000000002,0.07413843577270506,4
2026-08-31,M_AND_MFIN,11,1,0.07614828015644731,0.5142637491226196,0.17625093,0.1062812,0.01996973460083007,4
2026-08-31,M_AND_MFIN,12,1,0.07790510308264575,0.4854013919830322,0.25773048,0.10628120000000002,0.10144928400878904,4
2026-08-31,M_AND_MFIN,13,1,0.061332257702425064,0.5095173716545105,-0.52497387,0.10628119999999998,-0.6812550693237305,4
2026-08-31,M_AND_MFIN,15,1,0.08160904911760977,0.35627472400665283,-0.040555,0.1062812,-0.1968362003051758,4
2026-08-31,M_AND_MFIN,16,1,0.07645185288850828,0.3380662500858307,-0.08113384,0.10628119999999998,-0.23741504246826167,4
2026-08-31,M_AND_MFIN,17,1,0.08285605946361953,0.3388492166996002,0.013530254,0.1062812,-0.14275094563598634,4
2026-08-31,M_AND_MFIN,19,1,0.04904759661013357,0.298626571893692,0.2163887,0.10628119999999998,0.060107502392578144,4
2026-08-31,M_AND_MFIN,20,1,0.06092189242158463,0.2880350947380066,0.06762743,0.10628119999999998,-0.08865377003784178,4
2026-08-31,M_AND_MFIN,21,1,0.042100081451542044,0.2925110459327698,0.108122826,0.1062812,-0.048158374377441415,4
2026-08-31,M_AND_MFIN,22,1,0.048454780166566104,0.2888444662094116,0.2974987,0.10628119999999998,0.14121750300292973,4
2026-08-31,M_AND_MFIN,53,-1,-0.0543785916302275,0.19928757846355438,0.01334548,0.10628119999999998,-0.14293572003479002,4
2026-08-31,M_AND_MFIN,54,-1,-0.04688375790009766,0.1772613823413849,0.12008548,0.10628119999999998,-0.03619572217102049,4
2026-08-31,M_AND_MFIN,66,-1,-0.06671441480768421,0.17282706499099731,0.73118806,0.10628120000000002,0.5749068588531494,4
2026-08-31,NAM-INDIA,5,1,0.15861785028331474,0.6830496191978455,0.23568869,0.10628120000000002,0.07940748637084959,4
2026-08-31,NAM-INDIA,6,1,0.05747851435484905,0.6357203125953674,-0.39462447,0.1062812,-0.5509056716644287,4
2026-08-31,NAM-INDIA,7,1,0.050941088670912,0.5925413370132446,-0.50335526,0.1062812,-0.6596364646636963,4
2026-08-31,NAM-INDIA,8,1,0.07854504613199423,0.5676259994506836,-0.8715987,0.1062812,-1.0278799205505371,4
2026-08-31,NAM-INDIA,9,1,0.06712926443321854,0.5302844047546387,-0.9885192,0.1062812,-1.1448003917419434,4
2026-08-31,NAM-INDIA,11,1,0.06759781826607958,0.5207468271255493,-0.67958236,0.1062812,-0.8358635574066162,4
2026-08-31,NAM-INDIA,12,1,0.0693612806587116,0.4967573285102844,-0.53709745,0.1062812,-0.6933786540710449,4
2026-08-31,NAM-INDIA,13,1,0.07438955748835809,0.500355064868927,-0.15177727,0.1062812,-0.3080584674560547,4
2026-08-31,NAM-INDIA,15,1,0.08349524180049431,0.39071977138519287,0.059199333,0.1062812,-0.09708186680908204,4
2026-08-31,NAM-INDIA,16,1,0.0684195318060905,0.37530428171157837,-0.025385618,0.10628119999999998,-0.18166681820983882,4
2026-08-31,NAM-INDIA,17,1,0.06615737999268417,0.3857268989086151,-0.22745728,0.1062812,-0.3837384849273682,4
2026-08-31,NAM-INDIA,19,1,0.04739066331924245,0.3483434319496155,0.07594824,0.1062812,-0.08033296162719727,4
2026-08-31,NAM-INDIA,20,1,0.06186250299462244,0.3335588276386261,0.075984,0.1062812,-0.08029719884033204,4
2026-08-31,NAM-INDIA,21,1,0.04794308050917386,0.32796385884284973,0.45576096,0.1062812,0.29947975581054687,4
2026-08-31,NAM-INDIA,22,1,0.052671343806398034,0.315099835395813,0.2873063,0.10628119999999998,0.13102510874633794,4
2026-08-31,NAM-INDIA,49,-1,-0.043391630640603064,0.22569158673286438,0.25419593,0.1062812,0.09791472857360838,4
2026-08-31,NAM-INDIA,66,-1,-0.05136010495630532,0.29284021258354187,-1.2467623,0.1062812,-1.4030434756958008,4
2026-08-31,NATIONALUM,5,1,0.13048050138195483,0.8881920576095581,-0.09139776,0.1062812,-0.247678962298584,4
2026-08-31,NATIONALUM,8,1,0.08668443297946953,0.6890040636062622,0.03916025,0.1062812,-0.11712094838256837,4
2026-08-31,NATIONALUM,9,1,0.08766928586927149,0.6638725996017456,0.27496815,0.1062812,0.11868694727783201,4
2026-08-31,NATIONALUM,10,1,0.04140217455853705,0.6313451528549194,0.01308918,0.1062812,-0.14319202000732423,4
2026-08-31,NATIONALUM,11,1,0.0794713694042696,0.5979599952697754,-0.37884116,0.1062812,-0.5351223617279053,4
2026-08-31,NATIONALUM,12,1,0.07879652353154756,0.5629492402076721,-0.47021508,0.1062812,-0.6264962821685791,4
2026-08-31,NATIONALUM,13,1,0.06744476310367639,0.5392056703567505,-0.6518066,0.1062812,-0.8080877929412842,4
2026-08-31,NATIONALUM,15,1,0.08344027851678476,0.3234461545944214,-0.5872369,0.1062812,-0.7435180812561035,4
2026-08-31,NATIONALUM,16,1,0.058932768800606605,0.29007866978645325,-0.4703462,0.1062812,-0.626627412387085,4
2026-08-31,NATIONALUM,17,1,0.06948635591141027,0.267144113779068,-0.2616763,0.10628119999999998,-0.4179575114929199,4
2026-08-31,NATIONALUM,19,1,0.04107290071863502,0.24559326469898224,-0.15745163,0.10628119999999998,-0.31373282963867183,4
2026-08-31,NATIONALUM,39,-1,-0.04438436883316612,0.18734847009181976,-0.1712799,0.1062812,-0.3275611072265625,4
2026-08-31,NATIONALUM,42,-1,-0.051723973891651995,0.19071292877197266,0.06579161,0.1062812,-0.09048959309692384,4
2026-08-31,NATIONALUM,47,-1,-0.054333336830730335,0.2141154259443283,0.19718409,0.1062812,0.04090288584594726,4
2026-08-31,NATIONALUM,49,-1,-0.04164276279333421,0.19937825202941895,0.43427348,0.1062812,0.27799228136901855,4
2026-08-31,NATIONALUM,53,-1,-0.05636689459205489,0.17100773751735687,0.31570792,0.1062812,0.15942672198181151,4
2026-08-31,NATIONALUM,54,-1,-0.04416452502755965,0.17029237747192383,0.28951168,0.1062812,0.13323048060302733,4
2026-08-31,NATIONALUM,55,-1,-0.04303872056218527,0.16278664767742157,-0.0395298,0.1062812,-0.19581100041503907,4
2026-08-31,NATIONALUM,66,-1,-0.06502056638361776,0.18014368414878845,0.70922375,0.1062812,0.552942547253418,4
2026-08-31,NAUKRI,5,1,0.13556065110827092,0.5858206152915955,0.16417503,0.10628119999999998,0.007893833569335956,4
2026-08-31,NAUKRI,8,1,0.08925219517123768,0.4653777480125427,0.029814243,0.1062812,-0.12646695668334962,4
2026-08-31,NAUKRI,9,1,0.07457342834710907,0.4317665994167328,0.05966425,0.1062812,-0.096616950579834,4
2026-08-31,NAUKRI,11,1,0.06942031702101731,0.3842327892780304,0.074481964,0.1062812,-0.08179923588867188,4
2026-08-31,NAUKRI,12,1,0.06948610538906375,0.36564427614212036,0.35762787,0.1062812,0.20134666865234374,4
2026-08-31,NAUKRI,13,1,0.060301221889944835,0.34793779253959656,0.25316477,0.1062812,0.09688356821899412,4
2026-08-31,NAUKRI,42,-1,-0.04521264550025483,0.19638344645500183,0.08153319,0.1062812,-0.07474800641174317,4
2026-08-31,NAUKRI,49,-1,-0.042930639208910534,0.12346488237380981,0.07418394,0.1062812,-0.08209725911254884,4
2026-08-31,NAUKRI,66,-1,-0.06484776981762502,0.15365073084831238,-0.26614666,0.10628119999999998,-0.42242785985107417,4
2026-08-31,NESTLEIND,5,1,0.11830751349480104,0.3950611352920532,0.45192242,0.1062812,0.2956412166870117,4
2026-08-31,NESTLEIND,8,1,0.08937858011345377,0.3400571942329407,0.23540258,0.1062812,0.07912138407592771,4
2026-08-31,NESTLEIND,9,1,0.06727611468877515,0.31304073333740234,0.117731094,0.1062812,-0.038550105639648446,4
2026-08-31,NESTLEIND,11,1,0.061736327355080785,0.2837171256542206,0.25600195,0.10628119999999998,0.09972074931030277,4
2026-08-31,NESTLEIND,12,1,0.06418594589167975,0.276854932308197,0.20763874,0.1062812,0.05135754053955077,4
2026-08-31,NESTLEIND,13,1,0.05106150850588044,0.2709600627422333,0.09689331,0.1062812,-0.05938788945312501,4
2026-08-31,NESTLEIND,39,-1,-0.04478394552569957,0.15934431552886963,-0.048339367,0.10628119999999998,-0.20462056691284175,4
2026-08-31,NESTLEIND,42,-1,-0.04370679860857764,0.17070087790489197,0.28923154,0.10628119999999998,0.13295033877258305,4
2026-08-31,NESTLEIND,53,-1,-0.05681508694310746,0.10609304904937744,0.13122559,0.10628119999999998,-0.02505561406249998,4
2026-08-31,NESTLEIND,54,-1,-0.04437009061492746,0.11476093530654907,0.25504827,0.10628119999999998,0.09876707499389652,4
2026-08-31,NESTLEIND,55,-1,-0.048342679298164555,0.11515073478221893,0.38580894,0.1062812,0.22952774470214843,4
2026-08-31,NESTLEIND,66,-1,-0.06732766149125272,0.13781698048114777,-0.14469624,0.10628119999999998,-0.30097743565673823,4
2026-08-31,NHPC,5,1,0.15558833938634511,0.34479689598083496,0.2687812,0.1062812,0.11249998515014646,4
2026-08-31,NHPC,6,1,0.056418827526307606,0.3239786922931671,0.09393692,0.1062812,-0.062344279833984384,4
2026-08-31,NHPC,7,1,0.04131753415793151,0.29534202814102173,0.14767647,0.1062812,-0.008604732104492196,4
2026-08-31,NHPC,8,1,0.06923504200378003,0.2787470817565918,0.0,0.10628119999999998,-0.15628119999999998,4
2026-08-31,NHPC,9,1,0.054129263914316154,0.26008883118629456,-0.040233135,0.1062812,-0.19651433522338868,4
2026-08-31,NHPC,66,-1,-0.0626141412871665,0.15048617124557495,0.080531836,0.1062812,-0.07574936444396974,4
2026-08-31,NIACL,3,1,0.04363459984067971,2.569772958755493,0.62880516,0.10628119999999998,0.472523960522461,4
2026-08-31,NIACL,4,1,0.047402145400476846,2.214399814605713,0.25000572,0.10628119999999998,0.09372452204589847,4
2026-08-31,NIACL,5,1,0.18374234441964704,2.046978235244751,-0.3663957,0.1062812,-0.5226769118988037,4
2026-08-31,NIACL,6,1,0.07928469250872287,1.8651328086853027,0.3476143,0.1062812,0.19133308833007812,4
2026-08-31,NIACL,7,1,0.06760921799104783,1.7077374458312988,1.210916,0.10628119999999998,1.0546348423278809,4
2026-08-31,NIACL,8,1,0.11061354515181111,1.5997284650802612,1.0479689,0.1062812,0.891687664440918,4
2026-08-31,NIACL,9,1,0.10708549175515626,1.4840928316116333,0.81688166,0.10628119999999998,0.6606004566467285,4
2026-08-31,NIACL,10,1,0.06556093907652444,1.3933782577514648,0.38107634,0.1062812,0.2247951359069824,4
2026-08-31,NIACL,11,1,0.09243448860020935,1.324985384941101,0.7581234,0.1062812,0.6018421978271484,4
2026-08-31,NIACL,12,1,0.08373025585609963,1.264304518699646,1.2870908,0.1062812,1.13080957835083,4
2026-08-31,NIACL,13,1,0.06311880870875522,1.2058790922164917,1.4365673,0.1062812,1.2802861065185547,4
2026-08-31,NIACL,14,1,0.06192252869524363,0.9598798751831055,0.8076668,0.1062812,0.6513855785644531,4
2026-08-31,NIACL,15,1,0.09974172084967883,0.8411176800727844,0.055336952,0.1062812,-0.10094424779052735,4
2026-08-31,NIACL,16,1,0.09065988398730794,0.7595792412757874,-0.12581944,0.10628119999999998,-0.282100644656372,4
2026-08-31,NIACL,17,1,0.08624401209375533,0.6876744031906128,0.8151531,0.1062812,0.6588719219482422,4
2026-08-31,NIACL,18,1,0.05525546270923757,0.6553834676742554,0.6768465,0.1062812,0.5205653042114258,4
2026-08-31,NIACL,19,1,0.06543916704620045,0.6043922305107117,0.14117956,0.10628119999999998,-0.015101638385009747,4
2026-08-31,NIACL,20,1,0.07827183261211815,0.6116192936897278,-0.4216075,0.10628120000000002,-0.5778886943542481,4
2026-08-31,NIACL,21,1,0.07245143946204113,0.6105584502220154,-0.8713007,0.1062812,-1.0275818973266602,4
2026-08-31,NIACL,22,1,0.07916165709900018,0.5925149321556091,-0.5734384,0.1062812,-0.7297196059906006,4
2026-08-31,NIACL,23,1,0.07673178578150981,0.5967684388160706,-0.4436791,0.10628120000000002,-0.5999602943145752,4
2026-08-31,NIACL,24,1,0.05959943979623747,0.6152072548866272,-0.9738982,0.1062812,-1.13017937237854,4
2026-08-31,NIACL,25,1,0.06389907695047962,0.6038395166397095,-1.69577,0.10628119999999998,-1.852051225253296,4
2026-08-31,NIACL,26,1,0.056173361704232434,0.6067481637001038,-1.6314209,0.10628119999999998,-1.7877020507537842,4
2026-08-31,NIACL,27,1,0.05217667864407978,0.5961992144584656,-1.5178204,0.10628119999999998,-1.6741015582763672,4
2026-08-31,NIACL,28,1,0.05571521748063882,0.5589159727096558,-2.151841,0.10628119999999998,-2.308122125216675,4
2026-08-31,NIACL,65,1,0.04432722840467777,0.42445075511932373,-0.60558915,0.1062812,-0.7618703513824463,4
2026-08-31,NLCINDIA,5,1,0.15302944842308752,0.4736091196537018,0.037384033,0.10628119999999998,-0.11889716679687498,4
2026-08-31,NLCINDIA,6,1,0.05585569005016594,0.4813327491283417,-0.4095316,0.1062812,-0.5658127933227539,4
2026-08-31,NLCINDIA,7,1,0.04933622689752112,0.468313992023468,-0.13044477,0.1062812,-0.2867259650909424,4
2026-08-31,NLCINDIA,8,1,0.07433952654195007,0.4306160807609558,-0.27948618,0.10628120000000002,-0.43576737935180665,4
2026-08-31,NLCINDIA,9,1,0.06681248038411684,0.4043240547180176,-0.3540218,0.10628120000000002,-0.5103029876434326,4
2026-08-31,NLCINDIA,11,1,0.06590961150533876,0.3762449324131012,-0.111979246,0.1062812,-0.2682604461395264,4
2026-08-31,NLCINDIA,12,1,0.07255835344967725,0.36082541942596436,0.11214018,0.1062812,-0.04414102131958009,4
2026-08-31,NLCINDIA,13,1,0.06108397457450656,0.34446075558662415,0.11216402,0.10628119999999998,-0.0441171794616699,4
2026-08-31,NLCINDIA,15,1,0.058107768818808345,0.26692453026771545,0.037384033,0.1062812,-0.11889716679687501,4
2026-08-31,NLCINDIA,16,1,0.050209444377030454,0.2617814242839813,-0.14958382,0.1062812,-0.3058650165283203,4
2026-08-31,NLCINDIA,66,-1,-0.07101934680313626,0.19223061203956604,1.6402423,0.10628119999999998,1.483961138180542,4
2026-08-31,NMDC,5,1,0.12230931298193644,0.4593279957771301,0.24628639,0.10628119999999998,0.0900051922119141,4
2026-08-31,NMDC,8,1,0.08911683747977361,0.38170430064201355,0.339818,0.10628119999999998,0.18353680079345708,4
2026-08-31,NMDC,9,1,0.07814799125050521,0.37297680974006653,0.3283739,0.10628119999999998,0.17209270899658208,4
2026-08-31,NMDC,11,1,0.06910921618165135,0.35494256019592285,0.15214682,0.1062812,-0.0041343837463379,4
2026-08-31,NMDC,12,1,0.07001176527120823,0.3338618576526642,0.046801567,0.10628120000000002,-0.1094796329223633,4
2026-08-31,NMDC,13,1,0.06193969622738038,0.3294910490512848,-0.26859045,0.1062812,-0.42487165028686524,4
2026-08-31,NMDC,39,-1,-0.04701779675199359,0.2023678570985794,-0.023305416,0.1062812,-0.17958661610717774,4
2026-08-31,NMDC,42,-1,-0.04479554490473616,0.1964009404182434,0.15144348,0.1062812,-0.004837718554687509,4
2026-08-31,NMDC,53,-1,-0.053715029568474223,0.15323470532894135,0.10492802,0.10628119999999998,-0.051353183337402325,4
2026-08-31,NMDC,54,-1,-0.042180714364553194,0.1525084227323532,-0.046658516,0.1062812,-0.2029397159301758,4
2026-08-31,NMDC,55,-1,-0.048447603002759985,0.14905311167240143,-0.046634674,0.1062812,-0.20291587407226563,4
2026-08-31,NMDC,66,-1,-0.0699986269697722,0.14145146310329437,0.1621306,0.1062812,0.00584939425354003,4
2026-08-31,NTPC,5,1,0.15968661515021632,0.5986833572387695,-0.6239474,0.1062812,-0.7802285819732666,4
2026-08-31,NTPC,6,1,0.057041951474675535,0.5583937764167786,-0.7905185,0.1062812,-0.9467997222625733,4
2026-08-31,NTPC,7,1,0.05274883353669338,0.513543426990509,-0.6237626,0.10628119999999998,-0.7800438075744629,4
2026-08-31,NTPC,8,1,0.08573585663426202,0.4931875467300415,-0.3661394,0.1062812,-0.5224206119262695,4
2026-08-31,NTPC,9,1,0.07582909999876315,0.47524502873420715,-0.2139628,0.10628119999999998,-0.3702439933502197,4
2026-08-31,NTPC,11,1,0.0724896052860173,0.41705021262168884,-0.107091665,0.1062812,-0.26337286526794434,4
2026-08-31,NTPC,12,1,0.07037790536260953,0.3958074748516083,0.015318394,0.10628119999999998,-0.1409628062927246,4
2026-08-31,NTPC,13,1,0.06033661420736809,0.3754225969314575,-0.04596114,0.1062812,-0.20224234158630372,4
2026-08-31,NTPC,66,-1,-0.06987055802412068,0.13928067684173584,-0.5989909,0.1062812,-0.7552721172058106,4
2026-08-31,NYKAA,5,1,0.1257469437085148,0.490341454744339,0.78799725,0.10628119999999998,0.6317160457885742,4
2026-08-31,NYKAA,8,1,0.08441449102565979,0.4922640025615692,-0.5298853,0.10628119999999998,-0.6861664920532227,4
2026-08-31,NYKAA,9,1,0.07206684114554086,0.46593889594078064,-0.42760372,0.1062812,-0.5838849216186524,4
2026-08-31,NYKAA,11,1,0.06146884207101676,0.4092918932437897,-0.3687322,0.1062812,-0.525013413973999,4
2026-08-31,NYKAA,12,1,0.06436348716182812,0.38807642459869385,-0.2804458,0.10628119999999998,-0.4367270141326904,4
2026-08-31,NYKAA,13,1,0.057198277585462844,0.3769959807395935,-0.22163391,0.1062812,-0.3779151111328125,4
2026-08-31,NYKAA,15,1,0.06457440262192507,0.2769206166267395,-0.2516687,0.1062812,-0.40794989163513184,4
2026-08-31,NYKAA,42,-1,-0.041284565586301156,0.2377120405435562,0.43988228,0.1062812,0.2836010784423828,4
2026-08-31,NYKAA,47,-1,-0.042451731566069496,0.19707375764846802,0.3229618,0.1062812,0.16668060725097655,4
2026-08-31,NYKAA,53,-1,-0.05224355077518071,0.16841524839401245,0.19153953,0.1062812,0.035258325985717764,4
2026-08-31,NYKAA,54,-1,-0.042387001832172574,0.1693677455186844,0.014728308,0.1062812,-0.14155289227600099,4
2026-08-31,NYKAA,55,-1,-0.04208241420346339,0.17485935986042023,-0.117981434,0.1062812,-0.2742626338684082,4
2026-08-31,NYKAA,66,-1,-0.059480125184662135,0.14390769600868225,-0.54403543,0.1062812,-0.7003166347229004,4
2026-08-31,OBEROIRLTY,5,1,0.1228446113433338,0.44349512457847595,0.46981573,0.1062812,0.313534531048584,4
2026-08-31,OBEROIRLTY,8,1,0.09481432099196613,0.4018152356147766,0.75074434,0.10628119999999998,0.5944631428039551,4
2026-08-31,OBEROIRLTY,9,1,0.07473367794001484,0.41070041060447693,0.42518377,0.1062812,0.2689025730407715,4
2026-08-31,OBEROIRLTY,11,1,0.0639069474697988,0.39667609333992004,0.23081303,0.1062812,0.07453182642822265,4
2026-08-31,OBEROIRLTY,12,1,0.06721781937015338,0.3795502781867981,0.33351183,0.1062812,0.1772306293762207,4
2026-08-31,OBEROIRLTY,13,1,0.05604091755609217,0.3898126184940338,0.40301085,0.10628119999999998,0.24672964518432622,4
2026-08-31,OBEROIRLTY,15,1,0.06847742228771796,0.37602072954177856,-0.8680701,0.1062812,-1.024351325579834,4
2026-08-31,OBEROIRLTY,16,1,0.0572258607140535,0.35984212160110474,-0.86322427,0.10628119999999998,-1.0195054679595947,4
2026-08-31,OBEROIRLTY,17,1,0.061950130523534125,0.3560728132724762,-0.78752637,0.1062812,-0.9438075690948486,4
2026-08-31,OBEROIRLTY,20,1,0.04580231587428804,0.3035289943218231,-0.60515404,0.10628119999999998,-0.761435237475586,4
2026-08-31,OBEROIRLTY,22,1,0.07295638116692447,0.3571433424949646,0.26472807,0.1062812,0.1084468693054199,4
2026-08-31,OBEROIRLTY,23,1,0.05596628153636974,0.3677666485309601,0.55726767,0.1062812,0.4009864658630371,4
2026-08-31,OBEROIRLTY,24,1,0.04703311209148315,0.3563908338546753,0.4752636,0.10628119999999998,0.31898239558105473,4
2026-08-31,OBEROIRLTY,39,-1,-0.04282910807486214,0.23422400653362274,0.13896227,0.1062812,-0.017318931170654306,4
2026-08-31,OBEROIRLTY,55,-1,-0.045014391686592985,0.22494015097618103,-0.04839897,0.10628119999999998,-0.20468017155761714,4
2026-08-31,OBEROIRLTY,66,-1,-0.06839034079150882,0.20458224415779114,0.63034296,0.10628119999999998,0.47406176035766606,4
2026-08-31,OFSS,5,1,0.15727485548916373,0.47921130061149597,0.5109191,0.1062812,0.35463789408569335,4
2026-08-31,OFSS,6,1,0.05654653473022381,0.43885451555252075,0.3871441,0.10628119999999998,0.23086288874511723,4
2026-08-31,OFSS,7,1,0.06147622137868807,0.45390772819519043,0.72624683,0.10628119999999998,0.5699656338012695,4
2026-08-31,OFSS,8,1,0.08702296382551687,0.44096794724464417,0.25525093,0.1062812,0.09896973078613279,4
2026-08-31,OFSS,9,1,0.07494129454413555,0.4124475121498108,0.27167797,0.10628119999999998,0.1153967708862305,4
2026-08-31,OFSS,11,1,0.0670082433621917,0.37947285175323486,0.2137065,0.1062812,0.05742529337768554,4
2026-08-31,OFSS,12,1,0.06443628289162795,0.3739885687828064,0.27878284,0.1062812,0.12250164454345701,4
2026-08-31,OFSS,13,1,0.057195608380384164,0.36455708742141724,0.42665005,0.1062812,0.2703688473022461,4
2026-08-31,OFSS,15,1,0.06545980641343031,0.3021165728569031,0.33677816,0.10628119999999998,0.18049696390991216,4
2026-08-31,OFSS,16,1,0.052284164707959616,0.2861834466457367,0.2955675,0.1062812,0.13928631251220702,4
2026-08-31,OFSS,17,1,0.05707665759626518,0.27353131771087646,0.2132535,0.1062812,0.05697229807739257,4
2026-08-31,OFSS,66,-1,-0.06355802762808996,0.2081013023853302,-0.041031837,0.1062812,-0.19731303746337892,4
2026-08-31,OIL,4,1,0.0727745817098918,1.0530619621276855,-0.4897952,0.1062812,-0.6460764079772949,4
2026-08-31,OIL,5,1,0.16524817402507075,0.9120556712150574,-0.49933195,0.1062812,-0.6556131511413574,4
2026-08-31,OIL,6,1,0.07742531667258551,0.8635984063148499,-0.75341463,0.1062812,-0.9096958308898926,4
2026-08-31,OIL,7,1,0.07825754429252418,0.8072330355644226,-0.4692018,0.10628119999999998,-0.6254830032073975,4
2026-08-31,OIL,8,1,0.1062643627706762,0.8126745820045471,-0.2355814,0.1062812,-0.3918625980102539,4
2026-08-31,OIL,9,1,0.09438687175870379,0.7640308737754822,-0.1126647,0.1062812,-0.26894589955444337,4
2026-08-31,OIL,11,1,0.08957315762602366,0.6716569066047668,-0.051254034,0.1062812,-0.2075352340423584,4
2026-08-31,OIL,12,1,0.07775063153230002,0.6341978311538696,-0.35846233,0.1062812,-0.5147435336791992,4
2026-08-31,OIL,13,1,0.08407385962219281,0.6015889048576355,-0.36919117,0.1062812,-0.5254723697387695,4
2026-08-31,OIL,15,1,0.07466390968378982,0.4018777310848236,-0.27729273,0.1062812,-0.4335739284240723,4
2026-08-31,OIL,16,1,0.07485981356989534,0.3896237909793854,-0.6251931,0.10628119999999998,-0.7814743190490723,4
2026-08-31,OIL,17,1,0.07059097945640778,0.3673512041568756,-0.73778033,0.1062812,-0.8940615325653076,4
2026-08-31,OIL,19,1,0.04795995979113558,0.31863516569137573,-0.48309565,0.1062812,-0.639376845904541,4
2026-08-31,OIL,20,1,0.062205144823321346,0.30144843459129333,-0.23674369,0.10628119999999998,-0.393024888583374,4
2026-08-31,OIL,21,1,0.04320526408031407,0.2808328866958618,-0.22647977,0.1062812,-0.38276096875305177,4
2026-08-31,OIL,42,-1,-0.047346730144139544,0.1381293535232544,0.506562,0.10628119999999998,0.35028079455261235,4
2026-08-31,OIL,49,-1,-0.04994042531580799,0.19593799114227295,0.0831306,0.1062812,-0.0731506019317627,4
2026-08-31,OIL,66,-1,-0.07164917440712944,0.21414542198181152,-0.31024218,0.1062812,-0.4665233760559082,4
2026-08-31,ONGC,5,1,0.1457404693839331,0.3485170304775238,0.094270706,0.1062812,-0.062010493823242196,4
2026-08-31,ONGC,6,1,0.04354640034052259,0.3150681257247925,0.04284382,0.1062812,-0.11343738133544923,4
2026-08-31,ONGC,7,1,0.04282171551785955,0.2936769127845764,0.18427372,0.10628119999999998,0.027992519787597675,4
2026-08-31,ONGC,8,1,0.062082414911618304,0.28617048263549805,0.047123432,0.10628119999999998,-0.10915776784057615,4
2026-08-31,ONGC,9,1,0.0549037587416357,0.2683359682559967,0.10715723,0.10628119999999998,-0.049123969622802716,4
2026-08-31,ONGC,42,-1,-0.04150272161060035,0.11712183803319931,0.26614666,0.1062812,0.1098654598510742,4
2026-08-31,ONGC,66,-1,-0.06354795361752719,0.1440170258283615,-0.17623901,0.1062812,-0.332520213671875,4
2026-08-31,PAGEIND,5,1,0.12551377080957857,0.43742063641548157,0.8613348,0.1062812,0.7050536007202148,4
2026-08-31,PAGEIND,8,1,0.08787772620026504,0.38384121656417847,0.2666235,0.1062812,0.11034229700927732,4
2026-08-31,PAGEIND,9,1,0.07486631618243003,0.3713044822216034,0.0,0.10628119999999998,-0.15628119999999998,4
2026-08-31,PAGEIND,11,1,0.061930590370460406,0.3590245842933655,-0.13982058,0.10628120000000002,-0.29610177571411134,4
2026-08-31,PAGEIND,12,1,0.06807324042471977,0.3424547016620636,-0.16787648,0.10628120000000002,-0.3241576820098877,4
2026-08-31,PAGEIND,13,1,0.059443354288317575,0.335242360830307,-0.5307257,0.1062812,-0.6870069175445557,4
2026-08-31,PAGEIND,15,1,0.06648762953079093,0.2869139313697815,-0.447613,0.10628119999999998,-0.603894200869751,4
2026-08-31,PAGEIND,16,1,0.05949843829448801,0.2791116535663605,-0.49033165,0.10628119999999998,-0.6466128497802734,4
2026-08-31,PAGEIND,17,1,0.0669561822117599,0.26577144861221313,-0.5320668,0.1062812,-0.688348022052002,4
2026-08-31,PAGEIND,20,1,0.04449018089898103,0.24471457302570343,-0.23876429,0.10628119999999998,-0.3950454860412597,4
2026-08-31,PAGEIND,39,-1,-0.047540086056271365,0.1636381894350052,-0.40758848,0.10628120000000002,-0.5638696819030762,4
2026-08-31,PAGEIND,42,-1,-0.04085013505630608,0.1627257615327835,-0.3796935,0.1062812,-0.5359747081481934,4
2026-08-31,PAGEIND,47,-1,-0.04214426265130223,0.17302076518535614,0.014001131,0.1062812,-0.14228006894226075,4
2026-08-31,PAGEIND,53,-1,-0.05458000374188189,0.16497360169887543,0.027990341,0.1062812,-0.12829085881347657,4
2026-08-31,PAGEIND,54,-1,-0.04325197600558024,0.15404005348682404,-0.11203289,0.1062812,-0.2683140903198242,4
2026-08-31,PAGEIND,55,-1,-0.04625774022525978,0.15815182030200958,-0.028026104,0.1062812,-0.18430730397338868,4
2026-08-31,PAGEIND,66,-1,-0.06839034079150882,0.14947384595870972,0.09766817,0.10628119999999998,-0.0586130290710449,4
2026-08-31,PATANJALI,5,1,0.12362364935779013,0.3963641822338104,-0.072443485,0.10628119999999998,-0.22872468526000972,4
2026-08-31,PATANJALI,8,1,0.09210877524372778,0.35748714208602905,0.101447105,0.1062812,-0.054834094592285165,4
2026-08-31,PATANJALI,9,1,0.0784336795327916,0.3735457956790924,0.42164326,0.1062812,0.2653620571411133,4
2026-08-31,PATANJALI,11,1,0.06888257761770698,0.35160109400749207,0.13056993,0.1062812,-0.025711265155029306,4
2026-08-31,PATANJALI,12,1,0.06727861809328674,0.33236217498779297,0.01449585,0.10628119999999998,-0.14178535039062498,4
2026-08-31,PATANJALI,13,1,0.04779926083991284,0.3178970217704773,-0.17396808,0.1062812,-0.3302492767059326,4
2026-08-31,PATANJALI,15,1,0.060485092735208565,0.2771514058113098,-0.63703656,0.10628119999999998,-0.7933177619659424,4
2026-08-31,PATANJALI,17,1,0.04223348247018411,0.25362256169319153,-0.2463758,0.1062812,-0.40265699917907716,4
2026-08-31,PATANJALI,19,1,0.04252654159589738,0.26094406843185425,-0.04349947,0.1062812,-0.1997806697570801,4
2026-08-31,PATANJALI,20,1,0.05472514290825019,0.2634735405445099,0.15975237,0.1062812,0.003471168927001944,4
2026-08-31,PATANJALI,22,1,0.05136401604647882,0.27892765402793884,0.59758425,0.1062812,0.4413030475891113,4
2026-08-31,PATANJALI,39,-1,-0.04277424408411305,0.1858121156692505,0.029057264,0.1062812,-0.12722393567199708,4
2026-08-31,PATANJALI,42,-1,-0.04295390227362166,0.16500306129455566,0.11622906,0.10628119999999998,-0.04005214268798826,4
2026-08-31,PATANJALI,47,-1,-0.04490040318187401,0.1505623757839203,0.029075146,0.1062812,-0.12720605427856446,4
2026-08-31,PATANJALI,53,-1,-0.048790482426044494,0.11418606340885162,-0.014543533,0.1062812,-0.17082473332519532,4
2026-08-31,PATANJALI,55,-1,-0.043304601503454956,0.10901099443435669,-0.14538765,0.1062812,-0.3016688495361328,4
2026-08-31,PATANJALI,66,-1,-0.06530868190069777,0.13498638570308685,0.4215777,0.1062812,0.26529649203186034,4
2026-08-31,PAYTM,5,1,0.1254392563449598,0.6734843850135803,0.447011,0.10628119999999998,0.2907297939575196,4
2026-08-31,PAYTM,8,1,0.08498764910628695,0.5450282096862793,-0.054830313,0.10628119999999998,-0.2111115127288818,4
2026-08-31,PAYTM,9,1,0.07361445079294449,0.5309742093086243,0.26243925,0.1062812,0.1061580509460449,4
2026-08-31,PAYTM,11,1,0.06583924653315412,0.5181694030761719,0.1584053,0.10628119999999998,0.0021241039550781438,4
2026-08-31,PAYTM,12,1,0.06715810011856632,0.4928446114063263,0.32309294,0.1062812,0.1668117374694824,4
2026-08-31,PAYTM,13,1,0.06149856644749656,0.47323039174079895,0.37801266,0.1062812,0.22173145716552733,4
2026-08-31,PAYTM,15,1,0.06562431532271819,0.3152350187301636,0.69482327,0.1062812,0.5385420650756836,4
2026-08-31,PAYTM,16,1,0.05446289715269004,0.2952272295951843,0.36523342,0.1062812,0.20895222132568358,4
2026-08-31,PAYTM,17,1,0.06305015491619416,0.2888283431529999,0.6577015,0.1062812,0.5014202923095703,4
2026-08-31,PAYTM,20,1,0.050516431591728986,0.26464614272117615,0.6195307,0.10628119999999998,0.4632494777954102,4
2026-08-31,PAYTM,22,1,0.042178143077895594,0.2728123366832733,0.34502745,0.10628119999999998,0.18874624674682622,4
2026-08-31,PAYTM,53,-1,-0.05535020809050628,0.21693025529384613,0.029939413,0.1062812,-0.1263417869293213,4
2026-08-31,PAYTM,54,-1,-0.04326219337810552,0.20487606525421143,0.08383989,0.1062812,-0.07244130665893556,4
2026-08-31,PAYTM,66,-1,-0.06785717421086138,0.16365505754947662,-0.13126135,0.1062812,-0.28754254872436524,4
2026-08-31,PERSISTENT,3,1,0.05782150627972487,1.5450928211212158,-0.19450188,0.1062812,-0.3507830768310547,4
2026-08-31,PERSISTENT,4,1,0.05322100024398196,1.351638674736023,-0.04428625,0.1062812,-0.20056745106811524,4
2026-08-31,PERSISTENT,5,1,0.14393502368720826,1.2092487812042236,-0.017726421,0.10628119999999998,-0.17400762135620115,4
2026-08-31,PERSISTENT,8,1,0.10501014944328105,0.9065880179405212,-0.4689455,0.10628119999999998,-0.6252267032348633,4
2026-08-31,PERSISTENT,9,1,0.09871583472554274,0.840269148349762,-0.45168996,0.1062812,-0.6079711585723877,4
2026-08-31,PERSISTENT,10,1,0.048884029629090255,0.780325174331665,-0.33667088,0.10628119999999995,-0.49295207554931636,4
2026-08-31,PERSISTENT,11,1,0.08895985438104706,0.7310589551925659,-0.20391941,0.10628119999999998,-0.36020061070556636,4
2026-08-31,PERSISTENT,12,1,0.08799617255351135,0.6914893388748169,-0.23049712,0.10628119999999998,-0.38677832181091304,4
2026-08-31,PERSISTENT,13,1,0.07195986403474969,0.656480073928833,-0.2567947,0.1062812,-0.41307589108581544,4
2026-08-31,PERSISTENT,14,1,0.04554439830484549,0.40360844135284424,-0.36312342,0.1062812,-0.5194046169006348,4
2026-08-31,PERSISTENT,15,1,0.09517286003975954,0.36638176441192627,-0.09778738,0.10628119999999998,-0.2540685802185058,4
2026-08-31,PERSISTENT,16,1,0.08009060825635839,0.3368073105812073,0.3558755,0.10628120000000002,0.19959429209594726,4
2026-08-31,PERSISTENT,17,1,0.07686321838052278,0.2800248861312866,0.5243063,0.10628119999999998,0.36802509730224614,4
2026-08-31,PERSISTENT,39,-1,-0.048480959349160885,0.2196333110332489,-0.0,0.1062812,-0.1562812,4
2026-08-31,PERSISTENT,42,-1,-0.04347324899975936,0.19935035705566406,-0.18725395,0.1062812,-0.3435351520263672,4
2026-08-31,PERSISTENT,47,-1,-0.04892979090166163,0.1612081080675125,-0.33898354,0.10628119999999998,-0.4952647357666015,4
2026-08-31,PERSISTENT,49,-1,-0.0497492543599536,0.18054214119911194,-0.1423955,0.10628119999999998,-0.29867669636840816,4
2026-08-31,PERSISTENT,53,-1,-0.0620180197226917,0.1708695888519287,-0.30232668,0.10628119999999998,-0.4586078792297363,4
2026-08-31,PERSISTENT,54,-1,-0.04983267850572133,0.1625685840845108,-0.0,0.1062812,-0.1562812,4
2026-08-31,PERSISTENT,55,-1,-0.050160124618037316,0.1697501391172409,-0.24921894,0.1062812,-0.4055001407348633,4
2026-08-31,PERSISTENT,66,-1,-0.07169927693934575,0.21149949729442596,-0.14184713,0.10628119999999998,-0.29812833363647456,4
2026-08-31,PETRONET,5,1,0.1256853431381678,0.42831283807754517,-0.017243624,0.1062812,-0.17352482373352052,4
2026-08-31,PETRONET,8,1,0.09164971735868345,0.39134836196899414,0.120961666,0.1062812,-0.035319533892822275,4
2026-08-31,PETRONET,9,1,0.07562819260681619,0.3712689280509949,0.08634329,0.1062812,-0.06993791157836915,4
2026-08-31,PETRONET,11,1,0.06708567617574838,0.3424287736415863,0.15544891,0.1062812,-0.000832286425781259,4
2026-08-31,PETRONET,12,1,0.06754983085421225,0.3304123878479004,0.18981695,0.10628119999999998,0.033535751751709,4
2026-08-31,PETRONET,13,1,0.05149405451521668,0.319023072719574,0.034475327,0.1062812,-0.12180587346191407,4
2026-08-31,PETRONET,15,1,0.06397687069112555,0.26012325286865234,0.017237663,0.1062812,-0.13904353673095704,4
2026-08-31,PETRONET,39,-1,-0.04691287304739816,0.19112858176231384,-0.17153025,0.1062812,-0.32781144673461915,4
2026-08-31,PETRONET,42,-1,-0.04370679860857764,0.1956947147846222,0.034236908,0.1062812,-0.12204429204101563,4
2026-08-31,PETRONET,49,-1,-0.04413699407806295,0.17001008987426758,-0.0,0.10628119999999998,-0.15628119999999998,4
2026-08-31,PETRONET,53,-1,-0.054475080037286475,0.15900196135044098,0.03424883,0.10628119999999998,-0.12203237111206053,4
2026-08-31,PETRONET,54,-1,-0.04506273482188877,0.14055855572223663,0.15400648,0.1062812,-0.002274718829345712,4
2026-08-31,PETRONET,55,-1,-0.04700352606778657,0.13809026777744293,0.23952723,0.1062812,0.08324602549438474,4
2026-08-31,PETRONET,66,-1,-0.06343077707874983,0.1321164071559906,0.1369834,0.10628119999999998,-0.019297805377197247,4
2026-08-31,PFC,5,1,0.1454623650654894,0.32581841945648193,-0.39954185,0.1062812,-0.5558230548583984,4
2026-08-31,PFC,6,1,0.05302582266011586,0.320499986410141,-0.2286315,0.10628119999999998,-0.3849126964294433,4
2026-08-31,PFC,7,1,0.05241877591102746,0.29672595858573914,-0.10011792,0.1062812,-0.25639912182922364,4
2026-08-31,PFC,8,1,0.07402070436561013,0.2870151400566101,-0.4708886,0.1062812,-0.627169814654541,4
2026-08-31,PFC,9,1,0.0576340540667198,0.27258506417274475,-0.5280435,0.1062812,-0.6843247085296631,4
2026-08-31,PFC,11,1,0.06482269533717973,0.27670523524284363,-0.24331212,0.1062812,-0.3995933204376221,4
2026-08-31,PFC,12,1,0.0664066231761064,0.26669687032699585,-0.12894273,0.10628120000000002,-0.28522392804260255,4
2026-08-31,PFC,66,-1,-0.06308568373638719,0.13989441096782684,-0.0,0.1062812,-0.1562812,4
2026-08-31,PHOENIXLTD,5,1,0.16735172995783698,0.513228178024292,1.3182878,0.1062812,1.1620066494262695,4
2026-08-31,PHOENIXLTD,6,1,0.06304690930935482,0.5198092460632324,0.93358755,0.10628119999999998,0.7773063511169434,4
2026-08-31,PHOENIXLTD,7,1,0.06104106080397632,0.4837350845336914,0.77519417,0.10628119999999998,0.6189129680908203,4
2026-08-31,PHOENIXLTD,8,1,0.08020161188320166,0.4489164650440216,0.46851635,0.10628119999999998,0.3122351497924805,4
2026-08-31,PHOENIXLTD,9,1,0.06989184461261394,0.45786333084106445,0.09448528,0.10628119999999998,-0.06179591710205076,4
2026-08-31,PHOENIXLTD,11,1,0.07082095537321884,0.46151167154312134,-0.23006797,0.1062812,-0.3863491683685303,4
2026-08-31,PHOENIXLTD,12,1,0.06487878757916651,0.4590385854244232,-0.24040937,0.1062812,-0.39669057423706056,4
2026-08-31,PHOENIXLTD,13,1,0.05589433968595623,0.4475484788417816,-0.30841827,0.10628119999999998,-0.4646994739257812,4
2026-08-31,PHOENIXLTD,15,1,0.07341885342029225,0.4143112599849701,-0.49253702,0.1062812,-0.6488182216369629,4
2026-08-31,PHOENIXLTD,16,1,0.06969035063426308,0.41355618834495544,-0.3565371,0.10628119999999998,-0.5128183036529541,4
2026-08-31,PHOENIXLTD,17,1,0.06465278507739076,0.40969976782798767,-0.40838122,0.1062812,-0.5646624236785889,4
2026-08-31,PHOENIXLTD,19,1,0.04682048653479759,0.3558690845966339,-0.25670528,0.1062812,-0.41298648411865235,4
2026-08-31,PHOENIXLTD,20,1,0.061129604777884025,0.33221566677093506,-0.1625359,0.1062812,-0.3188171058380127,4
2026-08-31,PHOENIXLTD,21,1,0.05162576842575619,0.3274666368961334,-0.062930584,0.1062812,-0.21921178395385743,4
2026-08-31,PHOENIXLTD,22,1,0.07196268282131599,0.346026748418808,0.27390718,0.1062812,0.11762598460083006,4
2026-08-31,PHOENIXLTD,66,-1,-0.0631301144877119,0.22276613116264343,0.3165722,0.10628119999999998,0.16029098933105473,4
2026-08-31,PIDILITIND,5,1,0.11983349419199973,0.35754841566085815,0.19782782,0.10628119999999998,0.0415466160095215,4
2026-08-31,PIDILITIND,8,1,0.07828688823872305,0.29952362179756165,-0.09868145,0.10628119999999998,-0.25496264989013667,4
2026-08-31,PIDILITIND,9,1,0.07086019081196615,0.3035937547683716,0.09891987,0.10628120000000002,-0.05736133153076174,4
2026-08-31,PIDILITIND,11,1,0.06141703968211272,0.3188132345676422,-0.13574958,0.1062812,-0.29203077847595216,4
2026-08-31,PIDILITIND,12,1,0.060290654022040674,0.30233943462371826,-0.037032366,0.1062812,-0.1933135657989502,4
2026-08-31,PIDILITIND,13,1,0.054740155725208704,0.3015512526035309,-0.030863285,0.1062812,-0.18714448506469727,4
2026-08-31,PIDILITIND,15,1,0.04830838515545705,0.2434176802635193,-0.19754767,0.1062812,-0.35382887417907716,4
2026-08-31,PIDILITIND,17,1,0.044155115953398764,0.22708220779895782,0.018560886,0.1062812,-0.13772031361694337,4
2026-08-31,PIDILITIND,42,-1,-0.041284565586301156,0.23356491327285767,-0.20132065,0.1062812,-0.3576018481933594,4
2026-08-31,PIDILITIND,49,-1,-0.041267134359142,0.1904769390821457,-0.018262863,0.1062812,-0.1745440631591797,4
2026-08-31,PIDILITIND,53,-1,-0.058717808080040776,0.1813330501317978,0.07305145,0.10628119999999998,-0.08322974736328123,4
2026-08-31,PIDILITIND,54,-1,-0.04688375790009766,0.1712999790906906,0.13391376,0.1062812,-0.022367444583129892,4
2026-08-31,PIDILITIND,55,-1,-0.044187241787160984,0.16914619505405426,0.12785792,0.1062812,-0.02842327649230958,4
2026-08-31,PIDILITIND,66,-1,-0.06732766149125272,0.155487060546875,-0.042700768,0.10628119999999998,-0.1989819675170898,4
2026-08-31,PIIND,5,1,0.15355386976542995,0.4359017610549927,-0.07098913,0.1062812,-0.22727033192749024,4
2026-08-31,PIIND,6,1,0.0753293999673543,0.42619866132736206,0.037658215,0.10628119999999998,-0.11862298543090818,4
2026-08-31,PIIND,7,1,0.06687724316412387,0.3966595232486725,0.104653835,0.1062812,-0.05162736470336915,4
2026-08-31,PIIND,8,1,0.08745078368626033,0.37481966614723206,0.008368492,0.1062812,-0.14791270787353517,4
2026-08-31,PIIND,9,1,0.07688412830425123,0.3579053282737732,0.008368492,0.10628119999999998,-0.14791270787353514,4
2026-08-31,PIIND,11,1,0.06794087771040062,0.33670368790626526,0.050139427,0.1062812,-0.10614177281494142,4
2026-08-31,PIIND,12,1,0.06649959112069216,0.328843891620636,0.116980076,0.1062812,-0.03930112416381837,4
2026-08-31,PIIND,13,1,0.05127148338222345,0.3187147080898285,0.112867355,0.1062812,-0.04341384465332032,4
2026-08-31,PIIND,15,1,0.043254369585349596,0.24474982917308807,0.046026707,0.10628119999999998,-0.11025449330444334,4
2026-08-31,PIIND,66,-1,-0.06934826871984291,0.12025522440671921,0.04146099,0.1062812,-0.11482020909423829,4
2026-08-31,PNB,5,1,0.12271400786515192,0.45052865147590637,-0.2807498,0.1062812,-0.43703099782104493,4
2026-08-31,PNB,8,1,0.08850639577564046,0.37839898467063904,-0.34231544,0.10628119999999995,-0.49859663540954585,4
2026-08-31,PNB,9,1,0.07906769414803133,0.35582390427589417,-0.24602413,0.10628120000000002,-0.40230533177490235,4
2026-08-31,PNB,11,1,0.07205415583957574,0.3234172761440277,-0.30801296,0.10628120000000002,-0.4642941623413086,4
2026-08-31,PNB,12,1,0.06204377763925832,0.3099653720855713,-0.27278662,0.1062812,-0.42906781727905274,4
2026-08-31,PNB,13,1,0.04845255859735196,0.29408344626426697,-0.2727151,0.1062812,-0.4289962917053223,4
2026-08-31,PNB,53,-1,-0.042840606189907655,0.13351131975650787,0.034946203,0.1062812,-0.12133499676818849,4
2026-08-31,PNB,66,-1,-0.07187653179172014,0.1470256745815277,0.50373673,0.1062812,0.3474555343902588,4
2026-08-31,POLICYBZR,5,1,0.1589640857331145,0.4947753846645355,0.016582012,0.10628119999999998,-0.1396991878234863,4
2026-08-31,POLICYBZR,6,1,0.05691333010309761,0.45747098326683044,-0.13803244,0.10628120000000002,-0.2943136363708496,4
2026-08-31,POLICYBZR,7,1,0.059388341844525475,0.4337536096572876,0.3375888,0.1062812,0.1813075870788574,4
2026-08-31,POLICYBZR,8,1,0.07802275682771646,0.4124543368816376,0.027620792,0.1062812,-0.128660407611084,4
2026-08-31,POLICYBZR,9,1,0.06702434072862311,0.38624951243400574,-0.02759099,0.10628119999999998,-0.18387219006652827,4
2026-08-31,POLICYBZR,11,1,0.07045733027591594,0.35424739122390747,0.18242598,0.1062812,0.026144775799560538,4
2026-08-31,POLICYBZR,12,1,0.06646855624204999,0.3346148431301117,0.18788576,0.1062812,0.03160456126098632,4
2026-08-31,POLICYBZR,13,1,0.04629583731291632,0.3218575417995453,0.25986433,0.10628119999999998,0.10358313029174808,4
2026-08-31,POLICYBZR,66,-1,-0.06279561016424003,0.15886962413787842,0.049430132,0.1062812,-0.10685106808776856,4
2026-08-31,POLYCAB,5,1,0.16285869390439506,0.3804076313972473,0.011098385,0.1062812,-0.14518281514282227,4
2026-08-31,POLYCAB,6,1,0.06902866244185434,0.37858685851097107,0.038814545,0.10628119999999998,-0.1174666553222656,4
2026-08-31,POLYCAB,7,1,0.06554275931695511,0.34660604596138,0.05543232,0.10628119999999998,-0.1008488803588867,4
2026-08-31,POLYCAB,8,1,0.08414603502249852,0.3297102153301239,-0.060904026,0.10628119999999998,-0.2171852260314941,4
2026-08-31,POLYCAB,9,1,0.06173709396833306,0.32234838604927063,-0.066530704,0.1062812,-0.22281190449829102,4
2026-08-31,POLYCAB,11,1,0.06961432864998685,0.307803213596344,0.38267374,0.1062812,0.22639254038696288,4
2026-08-31,POLYCAB,12,1,0.0664066231761064,0.29978349804878235,0.17763376,0.1062812,0.02135256235961913,4
2026-08-31,POLYCAB,13,1,0.051441838574267734,0.2973550856113434,0.02771616,0.1062812,-0.12856504017944337,4
2026-08-31,POLYCAB,66,-1,-0.07201923419836241,0.13140399754047394,0.17961264,0.1062812,0.0233314365661621,4
2026-08-31,POWERGRID,5,1,0.12290101825662075,0.38057416677474976,-0.1698494,0.1062812,-0.32613059575195313,4
2026-08-31,POWERGRID,8,1,0.07174853958106109,0.3040405809879303,-0.30195117,0.1062812,-0.4582323699676514,4
2026-08-31,POWERGRID,9,1,0.0668923618792402,0.30434736609458923,-0.13232827,0.10628119999999998,-0.2886094718658447,4
2026-08-31,POWERGRID,11,1,0.06130146556277692,0.27425798773765564,-0.09453297,0.10628119999999998,-0.2508141666137695,4
2026-08-31,POWERGRID,12,1,0.05854570573307751,0.2631967067718506,-0.1512289,0.10628119999999998,-0.30751010472412105,4
2026-08-31,POWERGRID,13,1,0.05502665434867116,0.2609948515892029,0.0,0.1062812,-0.1562812,4
2026-08-31,POWERGRID,42,-1,-0.04467553572106907,0.1510583907365799,0.018876791,0.1062812,-0.1374044089996338,4
2026-08-31,POWERGRID,53,-1,-0.044632573171025036,0.10510130226612091,0.2828598,0.10628120000000002,0.12657860224609374,4
2026-08-31,POWERGRID,55,-1,-0.043021147552208226,0.10636898130178452,0.32033324,0.1062812,0.16405204241638183,4
2026-08-31,POWERGRID,66,-1,-0.06920556631320064,0.1508021205663681,-0.094246864,0.10628119999999998,-0.2505280643188476,4
2026-08-31,POWERINDIA,5,1,0.1443336514766895,0.5961479544639587,-0.16812086,0.10628119999999998,-0.32440206105346675,4
2026-08-31,POWERINDIA,6,1,0.05887713769478896,0.5501222610473633,0.0,0.10628119999999998,-0.15628119999999998,4
2026-08-31,POWERINDIA,7,1,0.06366887238303563,0.4931192696094513,-0.12226701,0.10628119999999998,-0.27854820782775874,4
2026-08-31,POWERINDIA,8,1,0.08604151703644589,0.46974629163742065,-0.3506124,0.1062812,-0.5068936019622803,4
2026-08-31,POWERINDIA,9,1,0.07457342834710907,0.44525769352912903,-0.41177273,0.10628120000000002,-0.5680539279663086,4
2026-08-31,POWERINDIA,11,1,0.07250994059215557,0.4005187749862671,-0.32031536,0.1062812,-0.4765965610229492,4
2026-08-31,POWERINDIA,12,1,0.09489434992555448,0.4003956913948059,0.0764966,0.10628119999999998,-0.07978459889526365,4
2026-08-31,POWERINDIA,13,1,0.07732403675222035,0.38972947001457214,0.0,0.10628119999999998,-0.15628119999999998,4
2026-08-31,POWERINDIA,15,1,0.07088232079645049,0.26661422848701477,0.13767481,0.1062812,-0.018606391497802743,4
2026-08-31,POWERINDIA,16,1,0.0667524487954068,0.2625246047973633,0.030612946,0.10628119999999998,-0.12566825444335936,4
2026-08-31,POWERINDIA,17,1,0.04307805635922419,0.24932201206684113,0.0,0.10628119999999998,-0.15628119999999998,4
2026-08-31,POWERINDIA,42,-1,-0.04283679368528081,0.22508318722248077,0.16745329,0.10628119999999998,0.01117208903198244,4
2026-08-31,POWERINDIA,49,-1,-0.04122671287664957,0.21021217107772827,-0.18292665,0.1062812,-0.33920785481567384,4
2026-08-31,POWERINDIA,55,-1,-0.04101179989236439,0.15981735289096832,-0.2130866,0.1062812,-0.3693678050720215,4
2026-08-31,POWERINDIA,66,-1,-0.06392567581502394,0.15005545318126678,0.030434132,0.10628119999999998,-0.12584706837768553,4
2026-08-31,PRESTIGE,4,1,0.042828491619575644,0.5937815308570862,-0.51020384,0.10628119999999998,-0.6664850383483887,4
2026-08-31,PRESTIGE,5,1,0.16568767814583693,0.5977158546447754,-0.096058846,0.1062812,-0.25234004552001954,4
2026-08-31,PRESTIGE,6,1,0.07658740459461318,0.5619620084762573,-0.18556714,0.1062812,-0.34184834057922364,4
2026-08-31,PRESTIGE,7,1,0.0654828197468069,0.519266664981842,-0.083214045,0.1062812,-0.23949524457092286,4
2026-08-31,PRESTIGE,8,1,0.09786897944686068,0.48114290833473206,-0.25590062,0.1062812,-0.4121818214141846,4
2026-08-31,PRESTIGE,9,1,0.1004341847429108,0.4905621111392975,0.12199879,0.1062812,-0.03428241307373048,4
2026-08-31,PRESTIGE,11,1,0.0853061496323078,0.4743592441082001,-0.12824535,0.1062812,-0.2845265536987305,4
2026-08-31,PRESTIGE,12,1,0.08245114912530249,0.44921091198921204,-0.31392574,0.10628119999999998,-0.4702069431030273,4
2026-08-31,PRESTIGE,13,1,0.07772107177886126,0.43457961082458496,-0.5834162,0.10628119999999998,-0.739697423526001,4
2026-08-31,PRESTIGE,15,1,0.0942354909197605,0.3578070402145386,-0.83408356,0.1062812,-0.9903647571289063,4
2026-08-31,PRESTIGE,16,1,0.06538692433682648,0.3225098252296448,-0.87224245,0.1062812,-1.0285236507141113,4
2026-08-31,PRESTIGE,17,1,0.06804961635214418,0.3105393052101135,-0.90430975,0.1062812,-1.0605909496032715,4
2026-08-31,PRESTIGE,18,1,0.04132468392539376,0.29809677600860596,-0.8606851,0.10628119999999998,-1.016966310092163,4
2026-08-31,PRESTIGE,19,1,0.050965363346043256,0.26625046133995056,-0.71336627,0.10628119999999998,-0.8696474700653076,4
2026-08-31,PRESTIGE,20,1,0.06730142929933355,0.2736092805862427,-0.012898445,0.1062812,-0.16917964512939454,4
2026-08-31,PRESTIGE,21,1,0.06027162351337048,0.28010275959968567,0.4068613,0.1062812,0.2505801052368164,4
2026-08-31,PRESTIGE,22,1,0.07040530124987504,0.28698912262916565,0.7636547,0.1062812,0.6073735088623047,4
2026-08-31,PRESTIGE,66,-1,-0.07201923419836241,0.20876628160476685,0.9342313,0.1062812,0.7779500812805176,4
2026-08-31,RADICO,4,1,0.04354196276794799,0.39488929510116577,-0.2968967,0.10628119999999998,-0.4531778960906982,4
2026-08-31,RADICO,5,1,0.12342920994461047,0.35569441318511963,-0.36720037,0.10628119999999998,-0.5234815746032715,4
2026-08-31,RADICO,8,1,0.09601705275053714,0.34085613489151,-0.23801923,0.10628119999999998,-0.39430042798156734,4
2026-08-31,RADICO,9,1,0.07576251008612395,0.32578614354133606,-0.34365058,0.1062812,-0.49993177945251466,4
2026-08-31,RADICO,11,1,0.06311707805593199,0.31377559900283813,-0.14995933,0.1062812,-0.3062405257904053,4
2026-08-31,RADICO,12,1,0.06655741316917889,0.29775866866111755,-0.14123917,0.10628119999999998,-0.2975203662597656,4
2026-08-31,RADICO,13,1,0.05608835986295181,0.28347107768058777,-0.23386478,0.1062812,-0.39014598424072267,4
2026-08-31,RADICO,15,1,0.045121542945138655,0.2437869906425476,-0.3180921,0.10628119999999998,-0.4743733077728271,4
2026-08-31,RADICO,42,-1,-0.04402010100037978,0.18361078202724457,0.30713677,0.1062812,0.15085557406311034,4
2026-08-31,RADICO,47,-1,-0.04226771027210543,0.13181939721107483,-0.3217101,0.10628119999999998,-0.4779913097106933,4
2026-08-31,RADICO,49,-1,-0.045961860106679825,0.14925327897071838,-0.12725592,0.1062812,-0.283537116595459,4
2026-08-31,RADICO,53,-1,-0.04929528595404982,0.19954699277877808,-0.16940832,0.1062812,-0.32568952138061524,4
2026-08-31,RADICO,55,-1,-0.04407821026717592,0.20048187673091888,-0.15823841,0.1062812,-0.31451961094970704,4
2026-08-31,RADICO,66,-1,-0.06853354360116012,0.1292763650417328,0.2449274,0.1062812,0.08864620631103513,4
2026-08-31,RECLTD,5,1,0.15543133976369136,0.4401938319206238,-0.23722649,0.1062812,-0.3935076862060547,4
2026-08-31,RECLTD,6,1,0.05393837550748966,0.4198383092880249,-0.31600595,0.10628119999999998,-0.47228714520568843,4
2026-08-31,RECLTD,7,1,0.048813937593243345,0.4013148546218872,-0.1423657,0.1062812,-0.2986468940460205,4
2026-08-31,RECLTD,8,1,0.07242221199927382,0.3943239152431488,-0.5834162,0.1062812,-0.739697423526001,4
2026-08-31,RECLTD,9,1,0.06593854631340391,0.3885657787322998,-0.4739344,0.10628120000000002,-0.6302156120025635,4
2026-08-31,RECLTD,11,1,0.07265547618151351,0.38167044520378113,-0.17431974,0.1062812,-0.33060094411010743,4
2026-08-31,RECLTD,12,1,0.07045656114522295,0.36217910051345825,-0.22190809,0.1062812,-0.3781892924987793,4
2026-08-31,RECLTD,13,1,0.05579435202100594,0.3430485725402832,-0.22190809,0.1062812,-0.3781892924987793,4
2026-08-31,RECLTD,15,1,0.046018344037334284,0.25829896330833435,-0.30139685,0.10628120000000002,-0.45767804677124024,4
2026-08-31,RECLTD,66,-1,-0.06987055802412068,0.19033746421337128,-0.20740032,0.1062812,-0.3636815219604492,4
2026-08-31,RELIANCE,8,1,0.04574581880603703,0.20038750767707825,0.13329983,0.1062812,-0.022981372424316415,4
2026-08-31,RELIANCE,39,-1,-0.04525888755385406,0.16235071420669556,-0.0700593,0.1062812,-0.22634049946899415,4
2026-08-31,RELIANCE,49,-1,-0.04248300858451885,0.1100100502371788,-0.08556843,0.1062812,-0.2418496280395508,4
2026-08-31,RELIANCE,53,-1,-0.05561620353005131,0.11386223137378693,-0.05443096,0.1062812,-0.21071216160888673,4
2026-08-31,RELIANCE,54,-1,-0.045195539454404965,0.11536731570959091,0.14753938,0.1062812,-0.008741822787475595,4
2026-08-31,RELIANCE,55,-1,-0.04432816125189305,0.11316681653261185,0.22522807,0.10628119999999998,0.06894687121276857,4
2026-08-31,RELIANCE,66,-1,-0.07182894504554084,0.1563500165939331,-0.16243458,0.1062812,-0.31871577794189454,4
2026-08-31,RVNL,5,1,0.15626500964013787,0.5464619398117065,0.047194958,0.10628119999999998,-0.10908624226684568,4
2026-08-31,RVNL,6,1,0.06224307919859764,0.5089547038078308,0.009429455,0.10628119999999998,-0.14685174519653318,4
2026-08-31,RVNL,7,1,0.05758500432276357,0.4693843126296997,0.03774166,0.10628119999999998,-0.11853953892822264,4
2026-08-31,RVNL,8,1,0.08860361408852471,0.4295088052749634,-0.0990808,0.1062812,-0.25536200101013184,4
2026-08-31,RVNL,9,1,0.07669893669938456,0.40858709812164307,-0.2264142,0.1062812,-0.38269540364379884,4
2026-08-31,RVNL,11,1,0.0684611699220675,0.37514129281044006,-0.07081032,0.1062812,-0.22709151799316407,4
2026-08-31,RVNL,12,1,0.06742029154043255,0.35451558232307434,-0.16039014,0.1062812,-0.31667133862609864,4
2026-08-31,RVNL,13,1,0.059619960350071007,0.33849966526031494,-0.2169311,0.10628119999999998,-0.37321230466003413,4
2026-08-31,RVNL,66,-1,-0.06987055802412068,0.14441004395484924,0.28949976,0.10628119999999998,0.1332185596740723,4
2026-08-31,SAIL,5,1,0.12206401522955242,0.6447057723999023,0.6897211,0.1062812,0.5334399074829101,4
2026-08-31,SAIL,8,1,0.0820896820028976,0.5505028367042542,0.40191412,0.10628119999999998,0.24563291972045903,4
2026-08-31,SAIL,9,1,0.06889132616055707,0.5153759717941284,0.4881978,0.1062812,0.33191660349731444,4
2026-08-31,SAIL,11,1,0.0579505537720298,0.5257770419120789,-0.5497277,0.1062812,-0.7060088782989502,4
2026-08-31,SAIL,12,1,0.06300472653542434,0.5007693767547607,-0.4952252,0.1062812,-0.651506391116333,4
2026-08-31,SAIL,13,1,0.051736765606479794,0.4772382974624634,-0.4851222,0.1062812,-0.6414034038269043,4
2026-08-31,SAIL,15,1,0.0728999648639412,0.36027026176452637,-0.4954636,0.10628119999999998,-0.6517448096954346,4
2026-08-31,SAIL,16,1,0.05866687953471088,0.3380751609802246,-0.35560727,0.1062812,-0.511888471194458,4
2026-08-31,SAIL,17,1,0.061462903559019226,0.31675148010253906,-0.25613904,0.1062812,-0.41242023999328614,4
2026-08-31,SAIL,19,1,0.041026745777973356,0.28331613540649414,-0.56784153,0.1062812,-0.7241227298461914,4
2026-08-31,SAIL,53,-1,-0.05762818781393198,0.15600144863128662,0.49549937,0.10628119999999998,0.33921817248229985,4
2026-08-31,SAIL,54,-1,-0.04649078684931564,0.18116576969623566,0.32909513,0.1062812,0.17281392519836425,4
2026-08-31,SAIL,55,-1,-0.047001996196422605,0.1920061707496643,0.5305648,0.10628119999999998,0.37428358500366216,4
2026-08-31,SBICARD,5,1,0.12097121893025933,0.9430304169654846,-0.31814575,0.1062812,-0.474426951953125,4
2026-08-31,SBICARD,8,1,0.08540856179484851,0.7335887551307678,-0.46685338,0.10628119999999998,-0.6231345802032471,4
2026-08-31,SBICARD,9,1,0.060946102378757,0.6815882325172424,-0.7150054,0.10628119999999998,-0.8712865977966309,4
2026-08-31,SBICARD,11,1,0.06016798599656443,0.6239798069000244,-0.5831599,0.10628119999999998,-0.7394411235534668,4
2026-08-31,SBICARD,12,1,0.06284370629601743,0.6000076532363892,-0.4670322,0.10628119999999998,-0.6233133941375733,4
2026-08-31,SBICARD,13,1,0.061735992459236375,0.5790761113166809,0.054621696,0.10628120000000002,-0.10165950352783205,4
2026-08-31,SBICARD,15,1,0.05907324989526054,0.4774196147918701,0.8520961,0.10628120000000002,0.6958148807800293,4
2026-08-31,SBICARD,16,1,0.054913969368164846,0.41319623589515686,0.95431805,0.1062812,0.7980368465698242,4
2026-08-31,SBICARD,17,1,0.061322917514660936,0.3607965111732483,0.82740784,0.1062812,0.6711266369140625,4
2026-08-31,SBICARD,20,1,0.04517510286541484,0.2813478112220764,0.70186853,0.1062812,0.5455873340881348,4
2026-08-31,SBILIFE,5,1,0.12237872895234299,0.39125871658325195,0.17749071,0.1062812,0.021209511212158194,4
2026-08-31,SBILIFE,8,1,0.07202291226626577,0.297093003988266,-0.09141564,0.10628119999999998,-0.24769684369201656,4
2026-08-31,SBILIFE,9,1,0.05965142036162479,0.278539776802063,-0.17123222,0.10628119999999998,-0.32751342351074214,4
2026-08-31,SBILIFE,11,1,0.05547492818695737,0.2623370289802551,-0.02285242,0.10628119999999998,-0.17913362080688472,4
2026-08-31,SBILIFE,53,-1,-0.04668671520872893,0.17376826703548431,0.16601086,0.1062812,0.00972965662841796,4
2026-08-31,SBILIFE,55,-1,-0.041575540745870845,0.16103777289390564,0.25177598,0.10628119999999998,0.09549477999572757,4
2026-08-31,SBILIFE,66,-1,-0.06920556631320064,0.15645138919353485,0.5774379,0.10628119999999998,0.42115667765502934,4
2026-08-31,SBIN,5,1,0.10802728970182882,0.2858599126338959,-0.17341375,0.1062812,-0.3296949535095215,4
2026-08-31,SBIN,8,1,0.04926046410822209,0.23433512449264526,-0.17334819,0.10628119999999998,-0.3296293884002685,4
2026-08-31,SBIN,42,-1,-0.04373664704913306,0.1264207363128662,-0.24045706,0.1062812,-0.39673825795288087,4
2026-08-31,SBIN,47,-1,-0.044273190173000805,0.11099574714899063,0.028765202,0.1062812,-0.1275159984313965,4
2026-08-31,SBIN,49,-1,-0.04310780582378966,0.10006121546030045,0.04797578,0.1062812,-0.1083054214202881,4
2026-08-31,SBIN,53,-1,-0.054520786988137795,0.08230677992105484,-0.076818466,0.10628119999999998,-0.2330996661865234,4
2026-08-31,SBIN,54,-1,-0.04437009061492746,0.08634816855192184,0.028783083,0.10628119999999998,-0.12749811703796385,4
2026-08-31,SBIN,55,-1,-0.04661361854058046,0.08633160591125488,0.019192696,0.1062812,-0.13708850438232423,4
2026-08-31,SBIN,66,-1,-0.06903754771890162,0.13035224378108978,0.40125847,0.1062812,0.24497726862792968,4
2026-08-31,SCHAEFFLER,5,1,0.1202091333712574,0.3439271152019501,-0.46193004,0.10628119999999998,-0.6182112365447998,4
2026-08-31,SCHAEFFLER,8,1,0.08120805852960519,0.2888612747192383,-0.57429075,0.1062812,-0.7305719524108887,4
2026-08-31,SCHAEFFLER,9,1,0.06821545273471728,0.2863251566886902,0.027632713,0.1062812,-0.12864848668212892,4
2026-08-31,SCHAEFFLER,11,1,0.0637744259855888,0.2898791432380676,0.21941662,0.10628119999999998,0.06313541834716799,4
2026-08-31,SCHAEFFLER,12,1,0.0649754881317674,0.2737484872341156,0.26733875,0.10628119999999998,0.11105755274658206,4
2026-08-31,SCHAEFFLER,13,1,0.04845255859735196,0.2642366290092468,0.29759407,0.1062812,0.1413128704345703,4
2026-08-31,SCHAEFFLER,39,-1,-0.04165205700643226,0.20541122555732727,0.11975765,0.10628119999999998,-0.03652354771728514,4
2026-08-31,SCHAEFFLER,42,-1,-0.04370679860857764,0.18628071248531342,0.084882975,0.10628119999999998,-0.07139822537536619,4
2026-08-31,SCHAEFFLER,47,-1,-0.04274254313261625,0.16854353249073029,-0.024998188,0.10628120000000002,-0.18127938801879884,4
2026-08-31,SCHAEFFLER,53,-1,-0.04574229835399442,0.1496383249759674,-0.06250143,0.10628119999999998,-0.21878263051147456,4
2026-08-31,SCHAEFFLER,54,-1,-0.040777619626555225,0.15045218169689178,0.0024974346,0.10628119999999998,-0.15378376538391111,4
2026-08-31,SCHAEFFLER,55,-1,-0.043021147552208226,0.14890190958976746,-0.07748604,0.10628119999999998,-0.23376723820800777,4
2026-08-31,SCHAEFFLER,66,-1,-0.07026824561345675,0.14449374377727509,0.1618743,0.10628119999999998,0.005593094281005878,4
2026-08-31,SHREECEM,5,1,0.13619774327042217,0.34744155406951904,0.12631416,0.10628119999999998,-0.02996703679199217,4
2026-08-31,SHREECEM,8,1,0.08190754916099469,0.28304094076156616,0.16845465,0.10628119999999998,0.012173447064209003,4
2026-08-31,SHREECEM,9,1,0.06266152622181,0.2734539210796356,-0.23123622,0.1062812,-0.38751741940612794,4
2026-08-31,SHREECEM,42,-1,-0.04179559097375935,0.14390645921230316,0.08394718,0.1062812,-0.07233401829833985,4
2026-08-31,SHREECEM,66,-1,-0.06934826871984291,0.15762925148010254,0.1682818,0.10628120000000002,0.012000593594360329,4
2026-08-31,SHRIRAMFIN,4,1,0.041109071723900464,0.5115222334861755,-0.047016144,0.10628119999999998,-0.20329734379882808,4
2026-08-31,SHRIRAMFIN,5,1,0.13274159882805298,0.47350573539733887,0.41384697,0.1062812,0.2575657696044922,4
2026-08-31,SHRIRAMFIN,8,1,0.11026291060578464,0.4132676422595978,0.14121532,0.1062812,-0.01506587559814454,4
2026-08-31,SHRIRAMFIN,9,1,0.09428911638942761,0.38588351011276245,0.009405613,0.10628119999999998,-0.14687558705444334,4
2026-08-31,SHRIRAMFIN,10,1,0.04180526011109098,0.372558057308197,0.018799305,0.1062812,-0.1374818950378418,4
2026-08-31,SHRIRAMFIN,11,1,0.08356162609057517,0.35512739419937134,0.06582737,0.10628119999999998,-0.09045383031005857,4
2026-08-31,SHRIRAMFIN,12,1,0.0707374261903234,0.36602625250816345,-0.34653544,0.1062812,-0.5028166442596436,4
2026-08-31,SHRIRAMFIN,13,1,0.06426832603867957,0.3607642650604248,-0.18768907,0.1062812,-0.34397026593322755,4
2026-08-31,SHRIRAMFIN,15,1,0.07838640316556662,0.2880781888961792,-0.028198957,0.10628119999999998,-0.18448015744323726,4
2026-08-31,SHRIRAMFIN,16,1,0.06618066126484626,0.28703150153160095,0.0,0.1062812,-0.1562812,4
2026-08-31,SHRIRAMFIN,17,1,0.06703264784394841,0.27454471588134766,0.1409769,0.10628119999999998,-0.015304294177246075,4
2026-08-31,SHRIRAMFIN,53,-1,-0.05702958963434808,0.1614970713853836,0.1575172,0.1062812,0.0012359947479247957,4
2026-08-31,SHRIRAMFIN,54,-1,-0.045195539454404965,0.15874727070331573,0.29633045,0.10628119999999998,0.14004925196533208,4
2026-08-31,SHRIRAMFIN,55,-1,-0.043622002589775416,0.1615719348192215,0.18538833,0.1062812,0.029107126644897452,4
2026-08-31,SHRIRAMFIN,66,-1,-0.07239802061654224,0.19115202128887177,1.2414932,0.10628119999999998,1.0852120250976562,4
2026-08-31,SIEMENS,5,1,0.13155470677301145,0.479975163936615,-0.024926662,0.1062812,-0.18120786244506837,4
2026-08-31,SIEMENS,8,1,0.08870367586766215,0.44662144780158997,-0.28575063,0.10628119999999998,-0.44203182751770015,4
2026-08-31,SIEMENS,9,1,0.07653232576625925,0.4332675337791443,-0.14435053,0.1062812,-0.300631728717041,4
2026-08-31,SIEMENS,11,1,0.07560003083619116,0.4111666679382324,0.10712147,0.1062812,-0.04915973240966798,4
2026-08-31,SIEMENS,12,1,0.07337394834327482,0.3923826813697815,0.119674206,0.1062812,-0.03660699421997071,4
2026-08-31,SIEMENS,13,1,0.06734722149775522,0.3804427683353424,0.009953976,0.1062812,-0.14632722432250977,4
2026-08-31,SIEMENS,15,1,0.06856902467961473,0.30436837673187256,0.052332878,0.10628119999999998,-0.10394832188720701,4
2026-08-31,SIEMENS,16,1,0.05980595703368181,0.2891256511211395,0.044870377,0.1062812,-0.11141082341308595,4
2026-08-31,SIEMENS,17,1,0.06634215468880046,0.2814333140850067,0.06971359,0.10628119999999998,-0.0865676074707031,4
2026-08-31,SIEMENS,39,-1,-0.04314837478071959,0.18847651779651642,0.14589429,0.1062812,-0.010386910983276376,4
2026-08-31,SIEMENS,53,-1,-0.051808976918648976,0.1284809708595276,0.1042068,0.1062812,-0.05207439953918458,4
2026-08-31,SIEMENS,55,-1,-0.04146635283722521,0.13233762979507446,-0.16412735,0.10628119999999998,-0.3204085498535156,4
2026-08-31,SIEMENS,66,-1,-0.06112380148522212,0.15936122834682465,-0.34030676,0.10628119999999998,-0.4965879588806152,4
2026-08-31,SJVN,5,1,0.12308819188680069,0.3604603111743927,-0.17131567,0.1062812,-0.32759687001342774,4
2026-08-31,SJVN,8,1,0.0862799231853506,0.3046514689922333,-0.093483925,0.1062812,-0.24976512486572267,4
2026-08-31,SJVN,9,1,0.07040222454212094,0.2899455428123474,-0.093495846,0.10628119999999998,-0.2497770457946777,4
2026-08-31,SJVN,11,1,0.06487465068169393,0.2638290524482727,-0.031197071,0.1062812,-0.18747827107543946,4
2026-08-31,SJVN,12,1,0.049346910963884265,0.24721142649650574,0.093615055,0.1062812,-0.0626661449157715,4
2026-08-31,SJVN,39,-1,-0.04490994556339331,0.12490186840295792,-0.04686117,0.1062812,-0.20314237172241212,4
2026-08-31,SJVN,42,-1,-0.0432443631869975,0.10927123576402664,0.062441826,0.1062812,-0.09383937413330079,4
2026-08-31,SJVN,49,-1,-0.04087090144164226,0.07363556325435638,-0.42175055,0.1062812,-0.578031745501709,4
2026-08-31,SJVN,53,-1,-0.05458000374188189,0.08676787465810776,-0.35842657,0.10628119999999998,-0.514707770892334,4
2026-08-31,SJVN,54,-1,-0.044475014319522874,0.08454340696334839,-0.17131567,0.1062812,-0.32759687001342774,4
2026-08-31,SJVN,55,-1,-0.04388754173080898,0.08235741406679153,-0.32736063,0.1062812,-0.4836418300354004,4
2026-08-31,SJVN,66,-1,-0.06259908649713898,0.11865943670272827,-0.8694291,0.1062812,-1.025710311480713,4
2026-08-31,SOLARINDS,3,1,0.044816371682778466,0.8108310103416443,0.3436923,0.10628119999999998,0.18741110270385747,4
2026-08-31,SOLARINDS,4,1,0.0852334121497046,0.7788442373275757,0.6448746,0.1062812,0.4885933727539063,4
2026-08-31,SOLARINDS,5,1,0.1602846604084473,0.7124567627906799,0.4790187,0.10628120000000002,0.3227374882019043,4
2026-08-31,SOLARINDS,6,1,0.06912847783168687,0.6599978804588318,0.20427704,0.10628119999999998,0.04799583857421877,4
2026-08-31,SOLARINDS,7,1,0.05378451761552268,0.6223293542861938,0.08946657,0.1062812,-0.06681462819213868,4
2026-08-31,SOLARINDS,8,1,0.08679513262789877,0.5923576951026917,-0.15859604,0.1062812,-0.3148772388183594,4
2026-08-31,SOLARINDS,9,1,0.07064155928224711,0.5643800497055054,0.059580803,0.10628120000000002,-0.09670039708251955,4
2026-08-31,SOLARINDS,11,1,0.07435936645092721,0.4933856427669525,0.40225983,0.1062812,0.24597862666015624,4
2026-08-31,SOLARINDS,12,1,0.06683618855150217,0.4614544212818146,0.47181845,0.1062812,0.3155372471130371,4
2026-08-31,SOLARINDS,13,1,0.060989720482161724,0.4421667158603668,0.5566597,0.1062812,0.4003784984863281,4
2026-08-31,SOLARINDS,15,1,0.06165419979876338,0.3102506697177887,0.4021883,0.10628120000000002,0.24590710108642577,4
2026-08-31,SOLARINDS,16,1,0.05642752306797043,0.26653245091438293,0.3673315,0.10628119999999998,0.2110503048217774,4
2026-08-31,SOLARINDS,66,-1,-0.06256971053584179,0.1362898051738739,0.395298,0.1062812,0.23901680415039062,4
2026-08-31,SRF,5,1,0.15626500964013787,0.39092227816581726,0.2496481,0.10628120000000002,0.09336689417724607,4
2026-08-31,SRF,6,1,0.05842929278516708,0.3516513407230377,0.05851984,0.10628119999999998,-0.09776135975952147,4
2026-08-31,SRF,7,1,0.05321470716377542,0.34535643458366394,-0.3424406,0.1062812,-0.4987218051635742,4
2026-08-31,SRF,8,1,0.08116209115816102,0.3233373165130615,-0.48997402,0.10628119999999998,-0.6462552219116211,4
2026-08-31,SRF,9,1,0.05946951347032096,0.313008189201355,-0.61348677,0.10628119999999998,-0.7697679668151856,4
2026-08-31,SRF,11,1,0.06030549984188502,0.2830929756164551,-0.7567823,0.1062812,-0.9130634933197022,4
2026-08-31,SRF,12,1,0.064932492729837,0.28374606370925903,-0.37343502,0.10628120000000002,-0.5297162204467774,4
2026-08-31,SRF,13,1,0.05667844281744518,0.2840753197669983,-0.13637543,0.10628119999999998,-0.2926566272460937,4
2026-08-31,SRF,66,-1,-0.069764332560894,0.1401607096195221,0.30376315,0.10628119999999998,0.1474819511688233,4
2026-08-31,SUNDARMFIN,5,1,0.12576314320743515,0.5859396457672119,-0.096935034,0.10628119999999998,-0.2532162337982177,4
2026-08-31,SUNDARMFIN,8,1,0.09217316838187903,0.47065049409866333,-0.16958117,0.10628119999999998,-0.3258623748504638,4
2026-08-31,SUNDARMFIN,9,1,0.08008702211566536,0.483524888753891,-0.07274747,0.1062812,-0.22902866894836427,4
2026-08-31,SUNDARMFIN,11,1,0.07441221187350297,0.4436562657356262,-0.06836057,0.1062812,-0.22464176709289552,4
2026-08-31,SUNDARMFIN,12,1,0.06867493434994508,0.41967812180519104,-0.0860095,0.1062812,-0.24229070241088868,4
2026-08-31,SUNDARMFIN,13,1,0.05883135776219396,0.3996526896953583,-0.16539693,0.1062812,-0.32167812878723145,4
2026-08-31,SUNDARMFIN,42,-1,-0.04521264550025483,0.08086834847927094,0.06620884,0.1062812,-0.0900723605834961,4
2026-08-31,SUNDARMFIN,55,-1,-0.0437444942584271,0.1255103051662445,-0.015461445,0.1062812,-0.17174264485473634,4
2026-08-31,SUNDARMFIN,66,-1,-0.062471438880524234,0.1518094837665558,-0.59148073,0.10628119999999998,-0.7477619319641113,4
2026-08-31,SUNPHARMA,5,1,0.1077556559150034,0.29942670464515686,0.0,0.1062812,-0.1562812,4
2026-08-31,SUNPHARMA,8,1,0.05135721363258872,0.2428971529006958,0.005233288,0.1062812,-0.1510479121887207,4
2026-08-31,SUNPHARMA,53,-1,-0.04325431213797707,0.12872059643268585,-0.5208373,0.10628119999999998,-0.6771185069763184,4
2026-08-31,SUNPHARMA,55,-1,-0.04475020830979234,0.12093968689441681,-0.4271865,0.1062812,-0.5834676891052246,4
2026-08-31,SUNPHARMA,66,-1,-0.07026824561345675,0.1502823382616043,0.23838878,0.1062812,0.08210757677917478,4
2026-08-31,SUPREMEIND,5,1,0.13093351751357116,0.5360259413719177,0.3709197,0.1062812,0.21463850443725585,4
2026-08-31,SUPREMEIND,8,1,0.08235848496761662,0.47569477558135986,-0.33376813,0.1062812,-0.4900493293487549,4
2026-08-31,SUPREMEIND,9,1,0.07159427948629579,0.46890029311180115,-0.17963052,0.1062812,-0.33591171795959474,4
2026-08-31,SUPREMEIND,11,1,0.0701089108035529,0.42948389053344727,0.30155182,0.1062812,0.14527061884765624,4
2026-08-31,SUPREMEIND,12,1,0.06432853692260283,0.4249221682548523,0.011026859,0.10628119999999998,-0.14525434071655272,4
2026-08-31,SUPREMEIND,13,1,0.05514365342348393,0.4210710823535919,-0.0854373,0.1062812,-0.24171849782104493,4
2026-08-31,SUPREMEIND,15,1,0.07519987372947244,0.36889541149139404,0.11070967,0.1062812,-0.04557153279418946,4
2026-08-31,SUPREMEIND,16,1,0.0681410057028677,0.341520220041275,0.21871328,0.10628119999999998,0.06243208353881838,4
2026-08-31,SUPREMEIND,17,1,0.0713428220047857,0.3252773582935333,0.27389526,0.1062812,0.11761406367187498,4
2026-08-31,SUPREMEIND,20,1,0.04540653122973408,0.26873910427093506,-0.12412667,0.10628119999999998,-0.28040787274475093,4
2026-08-31,SUPREMEIND,39,-1,-0.041110330684175814,0.1471150666475296,0.27632117,0.10628119999999998,0.12003997271423343,4
2026-08-31,SUPREMEIND,47,-1,-0.04490040318187401,0.13321977853775024,0.17433167,0.1062812,0.01805046503906249,4
2026-08-31,SUPREMEIND,49,-1,-0.04236589902470054,0.11967449635267258,0.16893148,0.1062812,0.0126502842224121,4
2026-08-31,SUPREMEIND,53,-1,-0.048790482426044494,0.1337037831544876,0.15506148,0.10628119999999998,-0.0012197166168212703,4
2026-08-31,SUPREMEIND,66,-1,-0.0787849816562292,0.20078296959400177,-0.5259156,0.1062812,-0.6821968227111816,4
2026-08-31,SUZLON,5,1,0.149832517581265,0.525554895401001,-0.17278194,0.10628119999999998,-0.3290631442749023,4
2026-08-31,SUZLON,6,1,0.052961307764449066,0.4868699610233307,-0.25889874,0.1062812,-0.4151799350463867,4
2026-08-31,SUZLON,7,1,0.04823193099920994,0.4421882927417755,-0.19413233,0.1062812,-0.3504135280334473,4
2026-08-31,SUZLON,8,1,0.09213712272971562,0.43713992834091187,0.0,0.10628120000000002,-0.1562812,4
2026-08-31,SUZLON,9,1,0.08026849099273889,0.4060452878475189,-0.21594167,0.10628119999999998,-0.37222286755676265,4
2026-08-31,SUZLON,11,1,0.07262555628761977,0.3714102506637573,-0.1298368,0.1062812,-0.2861179977142334,4
2026-08-31,SUZLON,12,1,0.07581784241865841,0.35449016094207764,-0.19476414,0.1062812,-0.3510453372680664,4
2026-08-31,SUZLON,13,1,0.06370824934908041,0.3399136960506439,-0.23784041,0.1062812,-0.3941216140472412,4
2026-08-31,SUZLON,49,-1,-0.043984599882464594,0.12269702553749084,-0.15224218,0.1062812,-0.30852338368530274,4
2026-08-31,SUZLON,66,-1,-0.06539817762669345,0.14394119381904602,-0.28167963,0.10628120000000002,-0.437960830279541,4
2026-08-31,TATACOMM,5,1,0.13605443898735461,0.7153368592262268,-0.47079325,0.10628119999999998,-0.6270744472229004,4
2026-08-31,TATACOMM,7,1,0.05498650451825339,0.6654910445213318,0.28597116,0.1062812,0.12968996470336913,4
2026-08-31,TATACOMM,8,1,0.08414901426098553,0.6380273103713989,-0.27945638,0.10628119999999998,-0.4357375770294189,4
2026-08-31,TATACOMM,9,1,0.07105450023948157,0.6092946529388428,-0.20990968,0.1062812,-0.3661908775054932,4
2026-08-31,TATACOMM,11,1,0.06791524631586361,0.558539867401123,0.052535534,0.1062812,-0.10374566609497071,4
2026-08-31,TATACOMM,12,1,0.06513359531440135,0.5336641669273376,0.1926899,0.10628119999999998,0.03640869562988283,4
2026-08-31,TATACOMM,13,1,0.05261357193683118,0.5110083222389221,0.15753508,0.1062812,0.0012538761413574129,4
2026-08-31,TATACOMM,15,1,0.06532655405782378,0.4641529619693756,-0.07002354,0.10628119999999998,-0.22630473668212886,4
2026-08-31,TATACOMM,16,1,0.060375469008297045,0.45785486698150635,-0.02335906,0.10628119999999998,-0.17964026028747554,4
2026-08-31,TATACOMM,17,1,0.0626791709965338,0.45551130175590515,-0.19239187,0.10628119999999998,-0.3486730724060058,4
2026-08-31,TATACOMM,22,1,0.04357558776792318,0.2782230079174042,0.28038025,0.10628120000000002,0.12409904902343748,4
2026-08-31,TATACOMM,42,-1,-0.04376703869391745,0.2017069011926651,-0.4443407,0.1062812,-0.600621905871582,4
2026-08-31,TATACOMM,49,-1,-0.04125794818387318,0.23158137500286102,0.19789338,0.1062812,0.041612181118774405,4
2026-08-31,TATACOMM,66,-1,-0.062432630736168684,0.20942246913909912,-0.30891895,0.10628119999999998,-0.4652001529418945,4
2026-08-31,TATACONSUM,5,1,0.05683278481007677,0.24791057407855988,0.16528368,0.1062812,0.009002479962158194,4
2026-08-31,TATACONSUM,8,1,0.04978275341249986,0.23165975511074066,0.12603998,0.10628119999999998,-0.030241218157958966,4
2026-08-31,TATACONSUM,39,-1,-0.04347351561336357,0.12746405601501465,-0.12537241,0.1062812,-0.28165360982055665,4
2026-08-31,TATACONSUM,42,-1,-0.04370679860857764,0.14243020117282867,-0.20225048,0.1062812,-0.3585316806518555,4
2026-08-31,TATACONSUM,47,-1,-0.040833832738966215,0.1568795144557953,-0.3563881,0.1062812,-0.5126692920410156,4
2026-08-31,TATACONSUM,53,-1,-0.055749008162567504,0.1598118394613266,0.028806925,0.10628119999999998,-0.1274742751800537,4
2026-08-31,TATACONSUM,54,-1,-0.045195539454404965,0.159734308719635,0.019204617,0.10628119999999998,-0.13707658345336912,4
2026-08-31,TATACONSUM,55,-1,-0.04432816125189305,0.1507510095834732,0.14385581,0.1062812,-0.012425389834594736,4
2026-08-31,TATACONSUM,66,-1,-0.0605555304378178,0.14353115856647491,-0.13458729,0.10628119999999998,-0.290868487902832,4
2026-08-31,TATAELXSI,3,1,0.05324175811333537,1.0979397296905518,0.29779673,0.10628119999999998,0.1415155262268067,4
2026-08-31,TATAELXSI,4,1,0.06237253615874495,0.9362313747406006,0.3258705,0.1062812,0.16958931391601562,4
2026-08-31,TATAELXSI,5,1,0.17113835588658388,0.8397985100746155,0.39343834,0.1062812,0.23715713923339843,4
2026-08-31,TATAELXSI,6,1,0.07823515584923818,0.7615396976470947,0.39297342,0.1062812,0.23669222300415038,4
2026-08-31,TATAELXSI,7,1,0.06962050370406606,0.7006824016571045,0.41985512,0.1062812,0.26357391779785155,4
2026-08-31,TATAELXSI,8,1,0.09963213770530775,0.6416738033294678,0.0,0.10628119999999998,-0.15628119999999998,4
2026-08-31,TATAELXSI,9,1,0.08811143230193665,0.5979899168014526,-0.044447184,0.1062812,-0.2007283836090088,4
2026-08-31,TATAELXSI,10,1,0.04523962948971267,0.558249831199646,-0.041657686,0.1062812,-0.19793888623352052,4
2026-08-31,TATAELXSI,11,1,0.08366615993693592,0.5288589596748352,-0.05826354,0.10628119999999998,-0.2145447402679443,4
2026-08-31,TATAELXSI,12,1,0.08887033134138454,0.5024303793907166,0.11943579,0.1062812,-0.036845412799072275,4
2026-08-31,TATAELXSI,13,1,0.0768914183234149,0.47551682591438293,-0.10549426,0.10628119999999998,-0.2617754607879638,4
2026-08-31,TATAELXSI,15,1,0.06939884271787652,0.2711053192615509,-0.19698739,0.10628119999999998,-0.35326859051818843,4
2026-08-31,TATAELXSI,42,-1,-0.04244424380132053,0.14966808259487152,0.016629696,0.1062812,-0.13965150410766602,4
2026-08-31,TATAELXSI,49,-1,-0.04377650240548948,0.11226864904165268,0.2522707,0.1062812,0.09598949854736326,4
2026-08-31,TATAELXSI,66,-1,-0.06932593814980095,0.12701034545898438,0.41332245,0.10628119999999998,0.2570412487304688,4
2026-08-31,TATAINVEST,4,1,0.04873610594347861,0.9532703757286072,-0.21770597,0.10628119999999998,-0.3739871650421142,4
2026-08-31,TATAINVEST,5,1,0.15303050590357686,0.8384613990783691,-0.04671812,0.10628119999999998,-0.20299932057495113,4
2026-08-31,TATAINVEST,6,1,0.054108506264990995,0.7763750553131104,-0.20993352,0.10628119999999998,-0.3662147193634033,4
2026-08-31,TATAINVEST,7,1,0.05967257083441198,0.7370741367340088,0.39709806,0.1062812,0.2408168644226074,4
2026-08-31,TATAINVEST,8,1,0.07528084813606407,0.696932315826416,0.046670437,0.1062812,-0.10961076314086915,4
2026-08-31,TATAINVEST,9,1,0.07146967060409125,0.6542075276374817,0.062322617,0.10628119999999998,-0.09395858342285154,4
2026-08-31,TATAINVEST,11,1,0.07073840967681823,0.5714449882507324,0.046753883,0.10628119999999998,-0.10952731663818357,4
2026-08-31,TATAINVEST,12,1,0.06344436239035661,0.5381516814231873,0.15586615,0.10628120000000002,-0.0004150539123535385,4
2026-08-31,TATAINVEST,13,1,0.050982073782943324,0.51092129945755,0.015580654,0.10628119999999998,-0.14070054585571287,4
2026-08-31,TATAINVEST,15,1,0.0638841905793576,0.35103487968444824,-0.14786124,0.1062812,-0.30414244229431153,4
2026-08-31,TATAINVEST,16,1,0.04939437507647726,0.3075142800807953,-0.038933754,0.10628119999999998,-0.1952149539672851,4
2026-08-31,TATAINVEST,17,1,0.05579179080578943,0.2823368012905121,0.0077843666,0.1062812,-0.148496833392334,4
2026-08-31,TATAINVEST,66,-1,-0.06415161711734646,0.14447426795959473,-0.8120537,0.1062812,-0.9683348804199219,4
2026-08-31,TATAPOWER,5,1,0.1282950571580078,0.3021639585494995,-0.09995699,0.1062812,-0.2562381892883301,4
2026-08-31,TATAPOWER,6,1,0.044960452840838695,0.2895054221153259,-0.2711594,0.1062812,-0.4274406104766846,4
2026-08-31,TATAPOWER,7,1,0.046314083999472004,0.27861079573631287,-0.12859106,0.1062812,-0.28487226063842774,4
2026-08-31,TATAPOWER,8,1,0.07787967927337494,0.2635669708251953,-0.37153363,0.10628119999999998,-0.5278148322784424,4
2026-08-31,TATAPOWER,9,1,0.041695354770607665,0.25585997104644775,-0.4286945,0.10628119999999998,-0.584975686618042,4
2026-08-31,TATAPOWER,66,-1,-0.06545138430734003,0.14043742418289185,-0.4734516,0.10628119999999998,-0.6297328143798828,4
2026-08-31,TATASTEEL,5,1,0.12700088127408737,0.5350053906440735,0.05494356,0.1062812,-0.10133763844604493,4
2026-08-31,TATASTEEL,8,1,0.09574649223622633,0.40657129883766174,0.22524595,0.1062812,0.06896475260620116,4
2026-08-31,TATASTEEL,9,1,0.08787523450852049,0.3937004506587982,0.3412366,0.10628119999999998,0.18495539133911137,4
2026-08-31,TATASTEEL,11,1,0.07511278523034563,0.3740895986557007,-0.016462803,0.10628119999999998,-0.17274400288696287,4
2026-08-31,TATASTEEL,12,1,0.07652131508256654,0.3522992730140686,-0.15918612,0.10628119999999998,-0.3154673248016357,4
2026-08-31,TATASTEEL,13,1,0.06874835264557154,0.3510751724243164,-0.33413768,0.10628119999999998,-0.49041887814636226,4
2026-08-31,TATASTEEL,39,-1,-0.04181981159451158,0.19159938395023346,0.15354753,0.1062812,-0.00273367459411622,4
2026-08-31,TATASTEEL,42,-1,-0.04210156561653381,0.19127072393894196,0.25231242,0.1062812,0.09603122179870603,4
2026-08-31,TATASTEEL,47,-1,-0.04090586158849659,0.15845099091529846,0.05490184,0.1062812,-0.1013793616973877,4
2026-08-31,TATASTEEL,53,-1,-0.05762818781393198,0.10361514240503311,0.10988116,0.10628119999999998,-0.046400037356567364,4
2026-08-31,TATASTEEL,54,-1,-0.04579413763398887,0.10399086773395538,0.2307415,0.1062812,0.07446030085449218,4
2026-08-31,TATASTEEL,55,-1,-0.044761518056981336,0.09619541466236115,0.14287233,0.1062812,-0.013408866473388681,4
2026-08-31,TATASTEEL,66,-1,-0.06730533092121076,0.11519303172826767,0.2852142,0.1062812,0.12893298571472167,4
2026-08-31,TCS,5,1,0.1527351745386425,0.4437439441680908,0.14287233,0.1062812,-0.013408866473388681,4
2026-08-31,TCS,6,1,0.05739348862758745,0.4152377247810364,0.30323267,0.10628119999999998,0.1469514698303223,4
2026-08-31,TCS,7,1,0.05824947658696663,0.38631558418273926,0.5842328,0.10628119999999998,0.4279516071594239,4
2026-08-31,TCS,8,1,0.09148236171333358,0.3664020299911499,0.37167072,0.10628119999999998,0.21538952296142583,4
2026-08-31,TCS,9,1,0.0795164155377547,0.34558993577957153,0.3503561,0.1062812,0.19407490198974608,4
2026-08-31,TCS,11,1,0.06383067044175736,0.31698179244995117,0.32845736,0.10628119999999998,0.17217615549926762,4
2026-08-31,TCS,12,1,0.061130085001014446,0.2979832589626312,0.29827356,0.10628119999999998,0.1419923633850098,4
2026-08-31,TCS,13,1,0.04604189161632754,0.289355993270874,0.16412735,0.1062812,0.007846149853515616,4
2026-08-31,TCS,42,-1,-0.041344778550335436,0.15622077882289886,-0.051665306,0.1062812,-0.2079465060913086,4
2026-08-31,TCS,49,-1,-0.04204744164790538,0.11925480514764786,0.034427643,0.1062812,-0.12185355717773438,4
2026-08-31,TCS,66,-1,-0.06934826871984291,0.11899079382419586,0.26190877,0.1062812,0.10562756960754392,4
2026-08-31,TECHM,5,1,0.15574165697130812,0.5578148365020752,0.28961897,0.1062812,0.13333776896362304,4
2026-08-31,TECHM,6,1,0.060553223127560674,0.5043874382972717,0.40051937,0.1062812,0.24423817103271483,4
2026-08-31,TECHM,7,1,0.05323989774120296,0.4724813997745514,0.38778782,0.10628119999999998,0.23150661890869145,4
2026-08-31,TECHM,8,1,0.08278773641443696,0.4464370608329773,0.061440468,0.1062812,-0.09484073216552735,4
2026-08-31,TECHM,9,1,0.07184867449621418,0.41467007994651794,-0.29488206,0.10628119999999998,-0.45116325909729,4
2026-08-31,TECHM,11,1,0.07190527351768339,0.36763978004455566,-0.12903214,0.10628119999999998,-0.2853133350097656,4
2026-08-31,TECHM,12,1,0.06979357359427561,0.34739455580711365,-0.19655824,0.1062812,-0.3528394370758057,4
2026-08-31,TECHM,13,1,0.0589789703033657,0.3362327516078949,-0.39901733,0.1062812,-0.555298533984375,4
2026-08-31,TECHM,66,-1,-0.06768740915425979,0.15981270372867584,0.40575266,0.1062812,0.24947145884399413,4
2026-08-31,THERMAX,4,1,0.04771589923122096,0.4574510455131531,-0.36061406,0.10628119999999998,-0.5168952613555908,4
2026-08-31,THERMAX,5,1,0.15365713181777738,0.4070437550544739,-0.19456148,0.1062812,-0.3508426814758301,4
2026-08-31,THERMAX,6,1,0.0643503146136416,0.3695361018180847,-0.1280427,0.10628120000000002,-0.28432389790649415,4
2026-08-31,THERMAX,7,1,0.06318431468155654,0.3671746551990509,0.012814999,0.1062812,-0.14346620137329102,4
2026-08-31,THERMAX,8,1,0.09067982075446764,0.35104677081108093,-0.10758042,0.1062812,-0.26386162335510255,4
2026-08-31,THERMAX,9,1,0.08827686653512101,0.34521573781967163,-0.13593435,0.1062812,-0.29221555287475587,4
2026-08-31,THERMAX,11,1,0.07547915634242233,0.3180682957172394,0.04107952,0.1062812,-0.11520167882080079,4
2026-08-31,THERMAX,12,1,0.06473784644059967,0.3028690814971924,-0.07951856,0.10628119999999998,-0.2357997565948486,4
2026-08-31,THERMAX,13,1,0.053555423135952185,0.2935884892940521,0.03335476,0.10628120000000002,-0.12292644078369143,4
2026-08-31,THERMAX,66,-1,-0.06433308599441999,0.1250350922346115,-0.26413202,0.10628119999999998,-0.42041322285766597,4
2026-08-31,TIINDIA,5,1,0.13431940651965546,0.4413335919380188,-0.3231585,0.1062812,-0.47943970257873536,4
2026-08-31,TIINDIA,8,1,0.09641767973385205,0.3689742088317871,-0.3693819,0.1062812,-0.5256631046020508,4
2026-08-31,TIINDIA,9,1,0.09021173243192006,0.368050217628479,-0.33435822,0.10628119999999998,-0.4906394153320312,4
2026-08-31,TIINDIA,10,1,0.04761445087698403,0.36082160472869873,-0.06120205,0.10628119999999998,-0.21748324925537105,4
2026-08-31,TIINDIA,11,1,0.09424557010315993,0.345095157623291,-0.061237812,0.10628119999999998,-0.21751901204223628,4
2026-08-31,TIINDIA,12,1,0.08861169756656075,0.3308562934398651,-0.09726286,0.10628119999999998,-0.2535440593444824,4
2026-08-31,TIINDIA,13,1,0.06629434916711405,0.3221128284931183,-0.036019087,0.1062812,-0.19230028683776856,4
2026-08-31,TIINDIA,15,1,0.0746715335124857,0.26868122816085815,-0.22681355,0.1062812,-0.38309475476379395,4
2026-08-31,TIINDIA,16,1,0.0693482205993268,0.26101747155189514,-0.10455847,0.1062812,-0.26083966786499024,4
2026-08-31,TIINDIA,17,1,0.06188574802858686,0.25884974002838135,-0.14058352,0.1062812,-0.29686471516723634,4
2026-08-31,TIINDIA,42,-1,-0.04211404835055452,0.19795985519886017,0.20490885,0.1062812,0.04862764780883788,4
2026-08-31,TIINDIA,47,-1,-0.04490040318187401,0.17696207761764526,-0.20525455,0.1062812,-0.36153575474853517,4
2026-08-31,TIINDIA,49,-1,-0.04176712272204771,0.1569569706916809,-0.14770031,0.10628119999999998,-0.3039815097534179,4
2026-08-31,TIINDIA,53,-1,-0.05762818781393198,0.14296087622642517,-0.23772717,0.10628119999999998,-0.3940083652221679,4
2026-08-31,TIINDIA,54,-1,-0.04579413763398887,0.1470836102962494,0.14373064,0.10628119999999998,-0.012550559588623028,4
2026-08-31,TIINDIA,55,-1,-0.044707696241452925,0.141573965549469,-0.10790825,0.10628119999999998,-0.26418944890136714,4
2026-08-31,TIINDIA,66,-1,-0.06004437840175947,0.17402279376983643,0.10076761,0.1062812,-0.05551358754272462,4
2026-08-31,TITAN,5,1,0.13446012172382826,0.34207186102867126,0.43748617,0.1062812,0.2812049717224121,4
2026-08-31,TITAN,6,1,0.04286138691073441,0.3371420204639435,0.5992055,0.10628119999999998,0.442924293927002,4
2026-08-31,TITAN,8,1,0.07557763800077072,0.3190682828426361,0.15068054,0.10628120000000002,-0.005600658007812523,4
2026-08-31,TITAN,9,1,0.06318381552608777,0.30608999729156494,-0.11328459,0.1062812,-0.26956578786010743,4
2026-08-31,TITAN,11,1,0.06294495951153967,0.2902015149593353,-0.050783157,0.1062812,-0.20706435734863282,4
2026-08-31,TITAN,12,1,0.06032617693683258,0.2847326099872589,-0.0058591366,0.10628120000000002,-0.1621403365814209,4
2026-08-31,TITAN,13,1,0.052059770976227354,0.27354371547698975,0.06835461,0.1062812,-0.08792659337158204,4
2026-08-31,TITAN,42,-1,-0.043558941216942336,0.13451926410198212,-0.17778873,0.1062812,-0.33406993443603517,4
2026-08-31,TITAN,49,-1,-0.043005995683182134,0.08441656082868576,0.09946227,0.1062812,-0.05681892926330567,4
2026-08-31,TITAN,66,-1,-0.06920556631320064,0.11156109720468521,0.081807375,0.1062812,-0.07447382504577638,4
2026-08-31,TMCV,5,1,0.16292137189774622,0.5659449100494385,-0.21491647,0.1062812,-0.371197667666626,4
2026-08-31,TMCV,6,1,0.06189688218415415,0.5209309458732605,-0.48262477,0.10628119999999998,-0.6389059692108154,4
2026-08-31,TMCV,7,1,0.061727834249165,0.47653728723526,-0.36512017,0.1062812,-0.5214013725006104,4
2026-08-31,TMCV,8,1,0.08173183303850834,0.44143936038017273,-0.5473912,0.10628119999999998,-0.7036723762237549,4
2026-08-31,TMCV,9,1,0.06908487170746952,0.41644424200057983,-0.30052662,0.10628119999999998,-0.4568078189575195,4
2026-08-31,TMCV,11,1,0.07575051160381333,0.3968260586261749,0.0538826,0.1062812,-0.10239860112304688,4
2026-08-31,TMCV,12,1,0.07074897068968339,0.3810538649559021,0.075387955,0.10628120000000002,-0.08089324528808596,4
2026-08-31,TMCV,13,1,0.06686846866232372,0.36180052161216736,0.11854172,0.1062812,-0.037739482470703134,4
2026-08-31,TMCV,15,1,0.06757735284494086,0.2975555658340454,-0.61514974,0.10628119999999998,-0.771430936404419,4
2026-08-31,TMCV,16,1,0.05297875747655253,0.2645224332809448,-0.6244004,0.1062812,-0.7806815772735596,4
2026-08-31,TMCV,22,1,0.0682235009467611,0.2637171745300293,2.1826506,0.1062812,2.026369366101074,4
2026-08-31,TMCV,23,1,0.05283711988429452,0.2832070291042328,2.3943663,0.10628119999999998,2.2380850643432617,4
2026-08-31,TMCV,66,-1,-0.05150513647457713,0.25504764914512634,-1.0126829,0.10628119999999998,-1.1689641147338867,4
2026-08-31,TORNTPHARM,5,1,0.13982654933522726,0.36403289437294006,0.010061264,0.10628119999999998,-0.14621993596191404,4
2026-08-31,TORNTPHARM,6,1,0.04278662211008096,0.35269829630851746,-0.37133694,0.10628119999999998,-0.5276181369506836,4
2026-08-31,TORNTPHARM,8,1,0.07587120862876874,0.31519296765327454,-0.010061264,0.1062812,-0.16634246403808595,4
2026-08-31,TORNTPHARM,9,1,0.06741420417659062,0.2983425557613373,-0.17078519,0.1062812,-0.32706638867492677,4
2026-08-31,TORNTPHARM,11,1,0.06242267020726188,0.29098936915397644,-0.3912151,0.10628119999999998,-0.5474962859832764,4
2026-08-31,TORNTPHARM,12,1,0.06724910023175174,0.2917211651802063,-0.12071133,0.1062812,-0.2769925265991211,4
2026-08-31,TORNTPHARM,13,1,0.059631209745337005,0.2863762676715851,0.010073185,0.1062812,-0.146208015032959,4
2026-08-31,TORNTPHARM,42,-1,-0.04146985076484012,0.14864416420459747,0.3940165,0.1062812,0.23773530428771972,4
2026-08-31,TORNTPHARM,49,-1,-0.042426405162793064,0.10867517441511154,-0.2028346,0.10628119999999998,-0.35911580617065425,4
2026-08-31,TORNTPHARM,66,-1,-0.06805816692647042,0.18588709831237793,0.35583377,0.1062812,0.19955256884460448,4
2026-08-31,TORNTPOWER,5,1,0.11823192991388139,0.3469128906726837,0.18028021,0.10628119999999998,0.023999008587646503,4
2026-08-31,TORNTPOWER,8,1,0.07627236316267179,0.3036807179450989,-0.66480637,0.1062812,-0.8210875659667969,4
2026-08-31,TORNTPOWER,9,1,0.058887839608900684,0.2873121500015259,-0.32851696,0.1062812,-0.484798160144043,4
2026-08-31,TORNTPOWER,11,1,0.0571227006471903,0.2848382294178009,-0.31961203,0.10628119999999998,-0.47589322621459956,4
2026-08-31,TORNTPOWER,12,1,0.055996314987118254,0.3001435697078705,-0.6216228,0.10628120000000002,-0.7779040008270264,4
2026-08-31,TORNTPOWER,13,1,0.04544940028790033,0.2925601601600647,-0.6376684,0.1062812,-0.7939495712005615,4
2026-08-31,TORNTPOWER,14,1,0.043603654917701636,0.32339170575141907,0.18143654,0.1062812,0.025155338696289054,4
2026-08-31,TORNTPOWER,15,1,0.07017396285548824,0.3116120398044586,0.33884048,0.1062812,0.18255928461914062,4
2026-08-31,TORNTPOWER,16,1,0.07455476841392908,0.330776184797287,0.18950701,0.10628119999999998,0.03322580759887697,4
2026-08-31,TORNTPOWER,17,1,0.05750638134117172,0.3185848295688629,-0.06580353,0.1062812,-0.22208472783203126,4
2026-08-31,TORNTPOWER,20,1,0.04635108400530683,0.30148905515670776,0.09050369,0.10628119999999998,-0.06577750737304686,4
2026-08-31,TORNTPOWER,21,1,0.041650456952962205,0.29517024755477905,-0.22226572,0.1062812,-0.37854692036743165,4
2026-08-31,TORNTPOWER,22,1,0.04256946604889992,0.2871037423610687,-0.40359497,0.10628119999999998,-0.559876170703125,4
2026-08-31,TORNTPOWER,39,-1,-0.04221138840561598,0.22314150631427765,-0.06612539,0.1062812,-0.22240659291381837,4
2026-08-31,TORNTPOWER,42,-1,-0.04402010100037978,0.18823549151420593,0.057822466,0.10628119999999998,-0.09845873410339354,4
2026-08-31,TORNTPOWER,53,-1,-0.04558106119171853,0.0951133668422699,0.008267164,0.1062812,-0.14801403576965333,4
2026-08-31,TORNTPOWER,54,-1,-0.04076650259540191,0.09920736402273178,-0.008273125,0.1062812,-0.16455432469482423,4
2026-08-31,TORNTPOWER,55,-1,-0.043304601503454956,0.09625478833913803,-0.024807453,0.1062812,-0.1810886531555176,4
2026-08-31,TORNTPOWER,66,-1,-0.06345413336580324,0.08386251330375671,-0.46299696,0.1062812,-0.6192781596862793,4
2026-08-31,TRENT,5,1,0.13188553208484302,0.41628801822662354,-0.2463162,0.1062812,-0.40259739453430177,4
2026-08-31,TRENT,8,1,0.09268223684974057,0.32890626788139343,-0.27789474,0.1062812,-0.4341759353363037,4
2026-08-31,TRENT,9,1,0.06692166483852392,0.3125951290130615,-0.2500236,0.10628119999999998,-0.406304803439331,4
2026-08-31,TRENT,11,1,0.06498734438562338,0.2847175896167755,-0.17377734,0.10628119999999998,-0.3300585418426513,4
2026-08-31,TRENT,12,1,0.06521866892517315,0.2709972560405731,-0.13210773,0.1062812,-0.2883889346801758,4
2026-08-31,TRENT,13,1,0.041915203365247566,0.2583479583263397,-0.14953613,0.1062812,-0.3058173328125,4
2026-08-31,TRENT,49,-1,-0.04465969996649463,0.16422855854034424,0.7052064,0.1062812,0.5489251941955566,4
2026-08-31,TVSMOTOR,5,1,0.12290101825662075,0.3986849784851074,0.28004646,0.1062812,0.12376526301269529,4
2026-08-31,TVSMOTOR,8,1,0.06794234128386968,0.4028472304344177,-0.32824874,0.1062812,-0.4845299392425537,4
2026-08-31,TVSMOTOR,9,1,0.06429733487675847,0.3816995918750763,-0.4479289,0.1062812,-0.6042101054870606,4
2026-08-31,TVSMOTOR,11,1,0.05902822835977572,0.36210668087005615,0.039350986,0.10628119999999998,-0.11693021351928709,4
2026-08-31,TVSMOTOR,12,1,0.0818387110676045,0.37915241718292236,0.55400133,0.1062812,0.3977201313293457,4
2026-08-31,TVSMOTOR,13,1,0.06270224584259569,0.36763083934783936,0.4022956,0.1062812,0.24601438944702148,4
2026-08-31,TVSMOTOR,15,1,0.06545146689715246,0.33529770374298096,0.076532364,0.10628119999999998,-0.07974883610839842,4
2026-08-31,TVSMOTOR,16,1,0.04430840364480791,0.31575721502304077,0.03710985,0.1062812,-0.1191713481628418,4
2026-08-31,TVSMOTOR,17,1,0.05324792052223028,0.29072800278663635,0.08581877,0.1062812,-0.07046243245239259,4
2026-08-31,TVSMOTOR,42,-1,-0.04085013505630608,0.2023339569568634,-0.113391876,0.1062812,-0.26967307622070313,4
2026-08-31,TVSMOTOR,49,-1,-0.0454356428840266,0.15487715601921082,-0.023126602,0.10628119999999998,-0.17940780217285152,4
2026-08-31,TVSMOTOR,53,-1,-0.04621325894477826,0.13755515217781067,0.060027838,0.1062812,-0.09625336224670411,4
2026-08-31,TVSMOTOR,66,-1,-0.062427008129199525,0.15007618069648743,0.106322765,0.1062812,-0.04995843464965821,4
2026-08-31,UBL,5,1,0.15644647851721138,0.48487213253974915,-0.03798008,0.10628119999999998,-0.19426127965087886,4
2026-08-31,UBL,6,1,0.06509542584207187,0.441648006439209,0.022792816,0.1062812,-0.13348838383789063,4
2026-08-31,UBL,7,1,0.06052834251491143,0.4227156341075897,0.07599592,0.10628119999999995,-0.0802852779113769,4
2026-08-31,UBL,8,1,0.08860361408852471,0.3951382339000702,-0.05312562,0.1062812,-0.20940681988830567,4
2026-08-31,UBL,9,1,0.07366736070805421,0.3682621121406555,0.060784817,0.10628119999999998,-0.09549638325805662,4
2026-08-31,UBL,11,1,0.0688649956284894,0.3260904848575592,-0.08351207,0.1062812,-0.2397932677947998,4
2026-08-31,UBL,12,1,0.062304755504109695,0.3150581419467926,-0.08351207,0.1062812,-0.2397932677947998,4
2026-08-31,UBL,13,1,0.04931921963800976,0.29904425144195557,-0.113892555,0.10628119999999998,-0.27017375523681636,4
2026-08-31,UBL,42,-1,-0.043221331826461394,0.12322665005922318,-0.060796738,0.10628119999999998,-0.2170779376708984,4
2026-08-31,UBL,49,-1,-0.042907943303221854,0.11174062639474869,-0.0,0.10628119999999998,-0.15628119999999998,4
2026-08-31,UBL,66,-1,-0.06932593814980095,0.1111101433634758,0.82707405,0.10628119999999998,0.6707928509033203,4
2026-08-31,ULTRACEMCO,5,1,0.10821501088350013,0.2951525151729584,-0.0261724,0.10628119999999998,-0.18245359952087398,4
2026-08-31,ULTRACEMCO,8,1,0.05548503724174341,0.22887511551380157,0.0349164,0.1062812,-0.12136479909057618,4
2026-08-31,ULTRACEMCO,39,-1,-0.04701779675199359,0.1294514536857605,-0.0,0.1062812,-0.1562812,4
2026-08-31,ULTRACEMCO,42,-1,-0.04085013505630608,0.13635684549808502,-0.043594837,0.10628119999999998,-0.19987603718872066,4
2026-08-31,ULTRACEMCO,47,-1,-0.04214426265130223,0.13628555834293365,0.18290877,0.1062812,0.026627573422241202,4
2026-08-31,ULTRACEMCO,49,-1,-0.041022866750884894,0.13320884108543396,0.034856796,0.1062812,-0.12142440373535157,4
2026-08-31,ULTRACEMCO,53,-1,-0.05674745891055903,0.1333134025335312,0.1482904,0.10628119999999998,-0.007990804263305645,4
2026-08-31,ULTRACEMCO,54,-1,-0.04406507687640477,0.1327599138021469,0.10469556,0.10628119999999998,-0.05158564145202635,4
2026-08-31,ULTRACEMCO,55,-1,-0.048447603002759985,0.13881108164787292,0.24398565,0.10628119999999998,0.08770445292358402,4
2026-08-31,ULTRACEMCO,66,-1,-0.06732766149125272,0.1350644826889038,-0.22660494,0.10628119999999998,-0.38288613850708003,4
2026-08-31,UNIONBANK,5,1,0.11910292144287603,0.545284628868103,-0.22897124,0.1062812,-0.3852524429046631,4
2026-08-31,UNIONBANK,8,1,0.09340147083869921,0.45607897639274597,-0.29515028,0.1062812,-0.4514314799987793,4
2026-08-31,UNIONBANK,9,1,0.08339164468481332,0.4191247522830963,-0.3442645,0.1062812,-0.5005457072937012,4
2026-08-31,UNIONBANK,11,1,0.06726045777603964,0.37497633695602417,-0.31715035,0.1062812,-0.473431554385376,4
2026-08-31,UNIONBANK,12,1,0.06903058113284338,0.359794020652771,-0.4043758,0.1062812,-0.5606569915496826,4
2026-08-31,UNIONBANK,13,1,0.061307788465653414,0.3419937193393707,-0.49723387,0.1062812,-0.6535150676452637,4
2026-08-31,UNIONBANK,15,1,0.058349443548759566,0.25451409816741943,-0.29053688,0.1062812,-0.44681808049316407,4
2026-08-31,UNIONBANK,39,-1,-0.04701779675199359,0.15821048617362976,-0.19093752,0.10628119999999998,-0.3472187190734863,4
2026-08-31,UNIONBANK,42,-1,-0.04546570780671716,0.14993694424629211,-0.08723736,0.1062812,-0.24351855809326173,4
2026-08-31,UNIONBANK,47,-1,-0.04437811387759622,0.1318567395210266,0.25046468,0.10628119999999998,0.09418347781066898,4
2026-08-31,UNIONBANK,53,-1,-0.05105960598360726,0.10331720858812332,0.087338686,0.10628119999999998,-0.0689425140106201,4
2026-08-31,UNIONBANK,54,-1,-0.042387001832172574,0.1021532192826271,0.22380352,0.10628119999999998,0.06752232020263674,4
2026-08-31,UNIONBANK,55,-1,-0.04335740469661007,0.1084449365735054,0.120162964,0.1062812,-0.03611823613281251,4
2026-08-31,UNIONBANK,66,-1,-0.06634496700597373,0.167469322681427,-0.10905266,0.10628120000000002,-0.2653338580810547,4
2026-08-31,UNITDSPR,5,1,0.13676809921285005,0.39272260665893555,0.12089014,0.1062812,-0.03539105946655274,4
2026-08-31,UNITDSPR,8,1,0.0886913246603501,0.3268641531467438,-0.046914816,0.10628120000000002,-0.20319601590270997,4
2026-08-31,UNITDSPR,9,1,0.06737473054098647,0.31738609075546265,0.0,0.1062812,-0.1562812,4
2026-08-31,UNITDSPR,11,1,0.05955025355075085,0.2881070673465729,-0.100535154,0.1062812,-0.2568163543426514,4
2026-08-31,UNITDSPR,12,1,0.06043897212289446,0.2791478633880615,-0.27503967,0.10628119999999998,-0.43132087285156245,4
2026-08-31,UNITDSPR,13,1,0.05651125794117196,0.27420878410339355,-0.100672245,0.10628120000000002,-0.2569534450256348,4
2026-08-31,UNITDSPR,42,-1,-0.041602630968697346,0.18010835349559784,-0.2286315,0.10628119999999998,-0.3849126964294433,4
2026-08-31,UNITDSPR,49,-1,-0.04381150583103792,0.18546006083488464,0.09393692,0.1062812,-0.062344279833984384,4
2026-08-31,UNITDSPR,53,-1,-0.043809093482878016,0.16694936156272888,0.0402987,0.1062812,-0.11598249966735841,4
2026-08-31,UNITDSPR,55,-1,-0.043021147552208226,0.16261091828346252,0.29550195,0.1062812,0.1392207474029541,4
2026-08-31,UNITDSPR,66,-1,-0.06302622022542517,0.19512347877025604,-0.11463165,0.10628119999999998,-0.2709128528320312,4
2026-08-31,UNOMINDA,5,1,0.15337195273292595,0.4500601887702942,0.734365,0.10628119999999998,0.5780837864196777,4
2026-08-31,UNOMINDA,6,1,0.05662180264580995,0.451069712638855,0.6612539,0.1062812,0.5049727291381836,4
2026-08-31,UNOMINDA,7,1,0.050613869787539165,0.4357386529445648,0.37671328,0.1062812,0.22043207590942382,4
2026-08-31,UNOMINDA,8,1,0.07895077032798972,0.4107472598552704,0.18047094,0.10628119999999998,0.024189743450927753,4
2026-08-31,UNOMINDA,9,1,0.06793198393530654,0.3857004642486572,0.086236,0.10628119999999998,-0.07004519993896482,4
2026-08-31,UNOMINDA,11,1,0.06969424022850723,0.35153070092201233,0.45554638,0.1062812,0.29926517908935546,4
2026-08-31,UNOMINDA,12,1,0.0639165175477424,0.35154038667678833,0.19596815,0.10628119999999998,0.039686951092529316,4
2026-08-31,UNOMINDA,13,1,0.05777917370590045,0.35303619503974915,-0.12512207,0.10628119999999998,-0.28140327031249995,4
2026-08-31,UNOMINDA,66,-1,-0.06279561016424003,0.17030572891235352,0.26492476,0.1062812,0.10864356463317869,4
2026-08-31,UPL,5,1,0.1266955966909168,0.38168013095855713,0.026631355,0.10628119999999998,-0.12964984471435545,4
2026-08-31,UPL,8,1,0.08116268771927021,0.3004358112812042,-0.2127111,0.10628119999999998,-0.3689922958099365,4
2026-08-31,UPL,9,1,0.06825532651377937,0.28718551993370056,-0.23931265,0.10628119999999998,-0.3955938487731933,4
2026-08-31,UPL,11,1,0.06711423425500025,0.2744514048099518,0.37282705,0.1062812,0.21654585307006835,4
2026-08-31,UPL,12,1,0.05235052149594037,0.258711040019989,0.2307415,0.1062812,0.07446030085449218,4
2026-08-31,UPL,39,-1,-0.04691287304739816,0.19337411224842072,0.08818507,0.10628119999999998,-0.06809612805480955,4
2026-08-31,UPL,42,-1,-0.04536078410212173,0.21523170173168182,0.0528872,0.10628119999999998,-0.10339399869079588,4
2026-08-31,UPL,47,-1,-0.040815603012828126,0.2029133439064026,0.20295978,0.1062812,0.04667857592468261,4
2026-08-31,UPL,49,-1,-0.04494179028596919,0.1883694976568222,0.42354465,0.1062812,0.26726344530944823,4
2026-08-31,UPL,53,-1,-0.050362956768280474,0.18068927526474,0.28303266,0.1062812,0.12675145571594237,4
2026-08-31,UPL,54,-1,-0.04541943117425739,0.1648511290550232,0.33602118,0.1062812,0.17973998492126464,4
2026-08-31,UPL,55,-1,-0.0427921654992245,0.15372654795646667,0.19481778,0.10628119999999998,0.03853658144836428,4
2026-08-31,UPL,66,-1,-0.06343077707874983,0.14115944504737854,0.16847849,0.10628120000000002,0.012197288922119118,4
2026-08-31,VBL,5,1,0.12888250762509623,0.4578791856765747,0.23196936,0.10628119999999998,0.07568815653686527,4
2026-08-31,VBL,8,1,0.08789940678240908,0.39566659927368164,0.07314682,0.10628119999999998,-0.0831343799316406,4
2026-08-31,VBL,9,1,0.07637870137903795,0.3889320492744446,0.01219511,0.10628119999999998,-0.14408608967895506,4
2026-08-31,VBL,11,1,0.06634483518342955,0.3624538779258728,0.03654957,0.10628119999999998,-0.11973163182373045,4
2026-08-31,VBL,12,1,0.06787906053260259,0.35791489481925964,-0.085264444,0.1062812,-0.2415456443511963,4
2026-08-31,VBL,13,1,0.05755340826271772,0.34837090969085693,-0.085181,0.1062812,-0.24146219784851075,4
2026-08-31,VBL,15,1,0.06116111599664673,0.28021612763404846,-0.085282326,0.10628119999999998,-0.24156352574462886,4
2026-08-31,VBL,17,1,0.0575340958789915,0.266286700963974,-0.5097091,0.1062812,-0.6659903197967529,4
2026-08-31,VBL,20,1,0.05028892004891812,0.26010531187057495,0.0,0.1062812,-0.1562812,4
2026-08-31,VBL,39,-1,-0.0442210898472025,0.16393516957759857,0.26715398,0.1062812,0.1108727783477783,4
2026-08-31,VBL,42,-1,-0.04546570780671716,0.15691949427127838,0.14564991,0.1062812,-0.010631290026855478,4
2026-08-31,VBL,49,-1,-0.04554056658862202,0.1649615317583084,0.19450188,0.1062812,0.03822067683105468,4
2026-08-31,VBL,53,-1,-0.04538334662422821,0.12950687110424042,0.2555728,0.10628119999999998,0.09929159586791995,4
2026-08-31,VBL,54,-1,-0.04121601403764828,0.12775233387947083,0.20686388,0.1062812,0.050582680157470694,4
2026-08-31,VBL,55,-1,-0.041575540745870845,0.12171319872140884,0.2069056,0.1062812,0.05062440340881347,4
2026-08-31,VBL,66,-1,-0.06530868190069777,0.12795473635196686,0.4143834,0.1062812,0.2581022114074707,4
2026-08-31,VEDL,5,1,0.10964428408013702,0.8003341555595398,-0.46586394,0.1062812,-0.6221451430999756,4
2026-08-31,VEDL,8,1,0.09295073132767794,0.6609959602355957,-0.07189512,0.10628119999999998,-0.22817632252807613,4
2026-08-31,VEDL,9,1,0.08635861279374028,0.6269149780273438,0.05403757,0.10628119999999998,-0.10224362904663084,4
2026-08-31,VEDL,11,1,0.07097949150362147,0.5654559135437012,-0.07198453,0.1062812,-0.22826572949523927,4
2026-08-31,VEDL,12,1,0.06790073949361519,0.5400548577308655,0.018000603,0.10628119999999998,-0.138280597277832,4
2026-08-31,VEDL,13,1,0.058720716345440474,0.5250601172447205,0.05391836,0.10628119999999998,-0.10236283833618162,4
2026-08-31,VEDL,15,1,0.06719610385465813,0.33659037947654724,-0.08991361,0.1062812,-0.24619480664367677,4
2026-08-31,VEDL,16,1,0.04590491974209615,0.3137475550174713,0.036001205,0.1062812,-0.12027999455566407,4
2026-08-31,VEDL,17,1,0.04387652568982088,0.304801344871521,0.16207695,0.1062812,0.0057957500732421785,4
2026-08-31,VEDL,38,-1,-0.04102437665635309,0.15416395664215088,0.07196069,0.10628119999999998,-0.08432051236267088,4
2026-08-31,VEDL,39,-1,-0.07291334151806632,0.15547628700733185,0.08994341,0.10628119999999998,-0.06633779103393553,4
2026-08-31,VEDL,42,-1,-0.06246221112235542,0.15419325232505798,0.053977966,0.10628119999999998,-0.10230323369140623,4
2026-08-31,VEDL,43,-1,-0.0451297641034206,0.1529904305934906,-0.036001205,0.1062812,-0.19228240544433595,4
2026-08-31,VEDL,47,-1,-0.06513540587149393,0.1425253450870514,-0.0,0.10628119999999998,-0.15628119999999998,4
2026-08-31,VEDL,49,-1,-0.06877399683025175,0.13627685606479645,-0.0,0.1062812,-0.1562812,4
2026-08-31,VEDL,50,-1,-0.050130369249571746,0.12337633222341537,-0.08995533,0.1062812,-0.24623652989501954,4
2026-08-31,VEDL,51,-1,-0.04547604385185453,0.12206874042749405,-0.46770573,0.10628119999999998,-0.6239869266235352,4
2026-08-31,VEDL,52,-1,-0.04982762332189648,0.12718506157398224,-0.35971403,0.10628119999999998,-0.5159952312194824,4
2026-08-31,VEDL,53,-1,-0.08534922764585794,0.12454912066459656,-0.14387369,0.1062812,-0.3001548915588379,4
2026-08-31,VEDL,54,-1,-0.07430460257388519,0.12071820348501205,-0.21582842,0.10628119999999998,-0.3721096187316894,4
2026-08-31,VEDL,55,-1,-0.06845057283128665,0.11941204965114594,-0.34154654,0.10628119999999998,-0.4978277354919433,4
2026-08-31,VEDL,64,-1,-0.04912864225905494,0.18736632168293,0.6067157,0.1062812,0.4504344791687012,4
2026-08-31,VEDL,66,-1,-0.09477147898436308,0.21968315541744232,0.9601772,0.1062812,0.8038959831512451,4
2026-08-31,VEDL,67,-1,-0.05627287133083495,0.24012836813926697,1.031661,0.1062812,0.8753798336303711,4
2026-08-31,VOLTAS,5,1,0.13923755279722347,0.41948437690734863,0.6587863,0.1062812,0.5025050968444824,4
2026-08-31,VOLTAS,8,1,0.08569762333892397,0.4223911166191101,-0.17658472,0.1062812,-0.3328659206115723,4
2026-08-31,VOLTAS,9,1,0.08026849099273889,0.4104638695716858,-0.26908517,0.10628120000000002,-0.425366368838501,4
2026-08-31,VOLTAS,11,1,0.06944803155883707,0.3772609531879425,-0.16794205,0.1062812,-0.32422324711914063,4
2026-08-31,VOLTAS,12,1,0.06816382410585912,0.3756442666053772,-0.17621517,0.1062812,-0.33249637181396485,4
2026-08-31,VOLTAS,13,1,0.05716654976865941,0.3848235607147217,-0.32677054,0.1062812,-0.48305174405212403,4
2026-08-31,VOLTAS,15,1,0.07982046210467104,0.3351234495639801,0.05054474,0.1062812,-0.10573646123046876,4
2026-08-31,VOLTAS,16,1,0.0653469730768363,0.30956411361694336,0.092720985,0.10628120000000002,-0.06356021458740237,4
2026-08-31,VOLTAS,17,1,0.06608495111301987,0.30969545245170593,-0.033676624,0.1062812,-0.1899578242980957,4
2026-08-31,VOLTAS,42,-1,-0.040913387910638824,0.2276209145784378,-0.3595829,0.1062812,-0.5158641010009766,4
2026-08-31,VOLTAS,66,-1,-0.06462573413680042,0.17550821602344513,0.058293343,0.1062812,-0.09798785740966798,4
2026-08-31,WIPRO,3,1,0.045227301975990744,0.5788711905479431,0.084507465,0.1062812,-0.07177373463745118,4
2026-08-31,WIPRO,5,1,0.14575423866633763,0.4387418031692505,0.24240017,0.10628119999999998,0.08611896937255863,4
2026-08-31,WIPRO,6,1,0.050821670189271716,0.40270698070526123,0.34400225,0.10628120000000002,0.18772104685668944,4
2026-08-31,WIPRO,7,1,0.05261505345343825,0.37124931812286377,0.37195683,0.10628119999999998,0.2156756252563477,4
2026-08-31,WIPRO,8,1,0.10323265544411621,0.34536221623420715,0.13514757,0.1062812,-0.021133628436279306,4
2026-08-31,WIPRO,9,1,0.08963108019091517,0.3284861147403717,-0.21412373,0.1062812,-0.3704049258911133,4
2026-08-31,WIPRO,11,1,0.06717527417038544,0.2973661720752716,-0.27003884,0.10628119999999998,-0.4263200431549072,4
2026-08-31,WIPRO,12,1,0.05980388763255481,0.2824637293815613,-0.41627288,0.1062812,-0.5725540786468506,4
2026-08-31,WIPRO,13,1,0.04915204922874145,0.27137333154678345,-0.5674541,0.10628119999999998,-0.7237352996551514,4
2026-08-31,WIPRO,42,-1,-0.04103995993643467,0.1472344696521759,-0.0,0.1062812,-0.1562812,4
2026-08-31,WIPRO,66,-1,-0.07187653179172014,0.09293020516633987,-0.58635473,0.10628119999999998,-0.7426359325134277,4
2026-08-31,YESBANK,5,1,0.12042319566940438,0.29491496086120605,0.18148422,0.10628119999999998,0.025203022412109394,4
2026-08-31,YESBANK,6,1,0.0423230014486091,0.29140982031822205,0.0906229,0.1062812,-0.0656582980834961,4
2026-08-31,YESBANK,7,1,0.04104881938208796,0.2718598544597626,-0.04529357,0.10628119999999998,-0.2015747695648193,4
2026-08-31,YESBANK,8,1,0.05108426012410986,0.24657607078552246,-0.13587475,0.10628119999999998,-0.2921559482299804,4
2026-08-31,YESBANK,42,-1,-0.043732749208318565,0.12957613170146942,-0.1814127,0.10628119999999998,-0.33769389683837886,4
2026-08-31,YESBANK,49,-1,-0.04377650240548948,0.1325720101594925,0.3171742,0.1062812,0.16089299624328612,4
2026-08-31,YESBANK,66,-1,-0.06934826871984291,0.17083509266376495,-0.09025335,0.1062812,-0.2465345531188965,4
2026-08-31,ZYDUSLIFE,5,1,0.13915214808684745,0.4892714321613312,-0.12012124,0.10628119999999998,-0.2764024406158447,4
2026-08-31,ZYDUSLIFE,7,1,0.04351558551896005,0.43669605255126953,0.120162964,0.10628119999999998,-0.03611823613281248,4
2026-08-31,ZYDUSLIFE,8,1,0.10913536509111364,0.41102907061576843,0.30890703,0.1062812,0.15262583201293944,4
2026-08-31,ZYDUSLIFE,9,1,0.10275442382407776,0.39419567584991455,0.4637599,0.10628119999999998,0.30747869913940434,4
2026-08-31,ZYDUSLIFE,10,1,0.05592464728237146,0.37387815117836,0.48940182,0.1062812,0.33312061732177733,4
2026-08-31,ZYDUSLIFE,11,1,0.09672731923089546,0.352204829454422,0.43798685,0.10628119999999998,0.28170565073852544,4
2026-08-31,ZYDUSLIFE,12,1,0.09207325109054863,0.33766740560531616,0.23177862,0.10628119999999998,0.07549742167358402,4
2026-08-31,ZYDUSLIFE,13,1,0.0840209323329468,0.32543036341667175,0.45540333,0.10628119999999998,0.2991221279418946,4
2026-08-31,ZYDUSLIFE,15,1,0.054605318051214456,0.25846296548843384,-0.7188082,0.1062812,-0.8750893741333008,4
2026-08-31,ZYDUSLIFE,17,1,0.045071490957839334,0.24106532335281372,-0.8800447,0.1062812,-1.03632589871521,4
2026-08-31,ZYDUSLIFE,22,1,0.0612335361118742,0.25980713963508606,-0.21548271,0.1062812,-0.3717639117919922,4
2026-08-31,ZYDUSLIFE,39,-1,-0.047540086056271365,0.21071749925613403,-0.2236247,0.1062812,-0.37990590626831056,4
2026-08-31,ZYDUSLIFE,42,-1,-0.04229104024279568,0.20504724979400635,-0.07735491,0.10628120000000002,-0.23363610798950196,4
2026-08-31,ZYDUSLIFE,49,-1,-0.041392416262316226,0.18403100967407227,0.068706274,0.10628119999999998,-0.08757492596740721,4
2026-08-31,ZYDUSLIFE,53,-1,-0.057451195921690824,0.15470607578754425,-0.12893677,0.1062812,-0.285217967578125,4
2026-08-31,ZYDUSLIFE,54,-1,-0.04237654397968795,0.15359662473201752,-0.29248,0.1062812,-0.4487611919128418,4
2026-08-31,ZYDUSLIFE,55,-1,-0.047001996196422605,0.1583206057548523,0.08587837,0.10628119999999998,-0.07040282780761717,4
2026-08-31,ZYDUSLIFE,66,-1,-0.061110311782718744,0.17679154872894287,-0.19766092,0.10628119999999998,-0.35394212300415034,4
2026-09-01,360ONE,3,1,0.05526782346685404,0.5226109027862549,0.059735775,0.1062812,-0.09654542500610352,4
2026-09-01,360ONE,4,1,0.10838956311401678,0.4596330523490906,0.025641918,0.1062812,-0.13063928181762696,4
2026-09-01,360ONE,5,1,0.07537385713322321,0.4193055033683777,0.2653122,0.1062812,0.10903099482421873,4
2026-09-01,360ONE,6,1,0.04534649950918075,0.3818656802177429,0.42837858,0.10628119999999998,0.27209738200073247,4
2026-09-01,360ONE,7,1,0.08742145844621933,0.3584868311882019,0.5909085,0.1062812,0.43462732737426757,4
2026-09-01,360ONE,8,1,0.08010466089483301,0.3370456397533417,0.5571723,0.1062812,0.4008910984313965,4
2026-09-01,360ONE,9,1,0.07320491637574797,0.3727710545063019,-0.042647123,0.10628120000000002,-0.198928323336792,4
2026-09-01,360ONE,10,1,0.07232164505524578,0.34812965989112854,-0.042647123,0.10628120000000002,-0.198928323336792,4
2026-09-01,360ONE,11,1,0.07318852499811314,0.3403688967227936,0.034177303,0.1062812,-0.12210389668579102,4
2026-09-01,360ONE,12,1,0.04311366842441233,0.32896745204925537,0.23901463,0.10628119999999998,0.08273342554931644,4
2026-09-01,360ONE,19,-1,-0.056118305521085717,0.22810015082359314,-0.017035007,0.10628119999999998,-0.17331620747680662,4
2026-09-01,360ONE,20,-1,-0.052312720946491385,0.23192809522151947,-0.10230541,0.10628119999999998,-0.2585866122924804,4
2026-09-01,360ONE,22,-1,-0.0590890021930597,0.2277449071407318,0.14483929,0.1062812,-0.01144191319580079,4
2026-09-01,360ONE,54,-1,-0.059733758132717744,0.1969277560710907,0.56833625,0.1062812,0.41205504839782714,4
2026-09-01,360ONE,55,-1,-0.2887498579792243,0.21980132162570953,0.25051832,0.1062812,0.09423712199096677,4
2026-09-01,360ONE,57,-1,-0.14968877382460063,0.24200789630413055,0.02592802,0.1062812,-0.1303531795227051,4
2026-09-01,360ONE,64,1,0.054471081911916415,0.271022766828537,-0.5013466,0.10628119999999998,-0.6576277881347656,4
2026-09-01,360ONE,65,1,0.05434431041973681,0.2762238085269928,-0.4410982,0.1062812,-0.5973794131958008,4
2026-09-01,360ONE,66,1,0.04998062623608898,0.27958163619041443,-0.7929027,0.1062812,-0.9491839080535889,4
2026-09-01,360ONE,67,1,0.0472673953506018,0.3064735531806946,0.21494627,0.1062812,0.05866506998901366,4
2026-09-01,3MINDIA,3,1,0.04886460981813842,0.35772842168807983,0.04477501,0.1062812,-0.11150619084472657,4
2026-09-01,3MINDIA,4,1,0.10608440475107189,0.3455466330051422,-0.029826164,0.10628119999999998,-0.18610736424560542,4
2026-09-01,3MINDIA,7,1,0.0674980481126645,0.30205845832824707,-0.07469654,0.10628119999999998,-0.23097774083251948,4
2026-09-01,3MINDIA,8,1,0.0663638754102062,0.3091960847377777,0.22441149,0.1062812,0.0681302875793457,4
2026-09-01,3MINDIA,9,1,0.06161849601376087,0.30022403597831726,-0.16410351,0.1062812,-0.3203847079956055,4
2026-09-01,3MINDIA,10,1,0.06962587303948202,0.2847689390182495,-0.089514256,0.1062812,-0.24579545552368165,4
2026-09-01,3MINDIA,11,1,0.07678534102546447,0.262320339679718,-0.089514256,0.1062812,-0.24579545552368165,4
2026-09-01,3MINDIA,19,-1,-0.06315276197546942,0.16420361399650574,0.11945367,0.1062812,-0.03682753140563966,4
2026-09-01,3MINDIA,20,-1,-0.05281630779558488,0.15465347468852997,-0.5524874,0.1062812,-0.7087685733520508,4
2026-09-01,3MINDIA,21,-1,-0.04415179416032512,0.144138365983963,-0.7025361,0.10628119999999998,-0.8588173061096191,4
2026-09-01,3MINDIA,22,-1,-0.06359300559006159,0.1195993423461914,-0.5231738,0.10628119999999998,-0.6794550090515137,4
2026-09-01,3MINDIA,42,-1,-0.10283013496207885,0.18960493803024292,0.8098364,0.1062812,0.6535551876342773,4
2026-09-01,3MINDIA,54,-1,-0.07300226479147391,0.21386446058750153,-0.045371056,0.1062812,-0.20165225560302735,4
2026-09-01,3MINDIA,55,-1,-0.30525649766202567,0.22476767003536224,-0.04540682,0.10628119999999998,-0.20168801838989253,4
2026-09-01,3MINDIA,56,-1,-0.04542205421084545,0.23571644723415375,-0.09083748,0.1062812,-0.24711867863769532,4
2026-09-01,3MINDIA,57,-1,-0.17346721184883893,0.24421872198581696,-0.74130297,0.10628119999999998,-0.8975841670715332,4
2026-09-01,3MINDIA,65,1,0.0587824588033054,0.2736479341983795,0.21090508,0.10628119999999998,0.054623875073242206,4
2026-09-01,3MINDIA,66,1,0.05407680206749764,0.2849830090999603,0.24088621,0.1062812,0.08460501139526365,4
2026-09-01,3MINDIA,67,1,0.061119801402072606,0.2900979816913605,-0.030112267,0.1062812,-0.18639346654052735,4
2026-09-01,ABB,3,1,0.07325828326156175,0.8244554400444031,-0.061058998,0.1062812,-0.21734019810791017,4
2026-09-01,ABB,4,1,0.12562542763312945,0.6967129707336426,0.04068613,0.1062812,-0.11559506947631837,4
2026-09-01,ABB,5,1,0.048649356884614726,0.6281406879425049,0.22408962,0.10628119999999998,0.06780842249755861,4
2026-09-01,ABB,7,1,0.10585650975590617,0.5169364809989929,0.31957626,0.10628119999999998,0.16329506342773442,4
2026-09-01,ABB,8,1,0.0905163303619059,0.49417924880981445,0.27840137,0.1062812,0.12212017481689451,4
2026-09-01,ABB,9,1,0.09680277107723363,0.492192804813385,0.31907558,0.1062812,0.16279438441162108,4
2026-09-01,ABB,10,1,0.09832022104630105,0.4683999717235565,0.4139185,0.1062812,0.25763729517822265,4
2026-09-01,ABB,11,1,0.10404369035626274,0.450221449136734,0.6440282,0.1062812,0.48774698679809575,4
2026-09-01,ABB,12,1,0.06568781025725337,0.4252946078777313,0.7521868,0.1062812,0.5959055752075195,4
2026-09-01,ABB,19,-1,-0.0583724647030335,0.22243361175060272,0.11436939,0.1062812,-0.04191180760498048,4
2026-09-01,ABB,20,-1,-0.055987762824067214,0.22799423336982727,-0.053870678,0.1062812,-0.21015187794799806,4
2026-09-01,ABB,21,-1,-0.04711566471022591,0.21784920990467072,0.053858757,0.10628119999999998,-0.10242244298095701,4
2026-09-01,ABB,22,-1,-0.06517318040514312,0.20463061332702637,0.0336349,0.1062812,-0.12264629895324708,4
2026-09-01,ABB,39,-1,-0.04831108419932857,0.12657983601093292,-0.14150143,0.10628119999999998,-0.2977826266967773,4
2026-09-01,ABB,42,-1,-0.10023564589205755,0.11891923099756241,-0.24936199,0.1062812,-0.4056431918823242,4
2026-09-01,ABB,54,-1,-0.07218752991401772,0.14141413569450378,0.5791247,0.1062812,0.42284348910217284,4
2026-09-01,ABB,55,-1,-0.3146082140376127,0.17608018219470978,-0.17604828,0.1062812,-0.33232947880859376,4
2026-09-01,ABB,57,-1,-0.19119242358683547,0.19401785731315613,0.0541687,0.1062812,-0.10211249882812501,4
2026-09-01,ABBOTINDIA,3,1,0.05452796583406245,0.4697791635990143,-0.05811453,0.1062812,-0.21439572865600587,4
2026-09-01,ABBOTINDIA,4,1,0.09968506479376363,0.4266873598098755,0.19379854,0.1062812,0.03751734202270507,4
2026-09-01,ABBOTINDIA,5,1,0.06444041449144555,0.38481438159942627,0.21343231,0.10628119999999998,0.05715111201171877,4
2026-09-01,ABBOTINDIA,7,1,0.08485327256381447,0.34156978130340576,0.601244,0.10628119999999998,0.44496277277832036,4
2026-09-01,ABBOTINDIA,8,1,0.053259224938356296,0.320781946182251,0.5039692,0.1062812,0.3476879925048828,4
2026-09-01,ABBOTINDIA,9,1,0.056063967190037874,0.2984496057033539,0.5813956,0.1062812,0.4251144260681152,4
2026-09-01,ABBOTINDIA,10,1,0.0671519626202902,0.27841901779174805,0.60054064,0.1062812,0.4442594379699707,4
2026-09-01,ABBOTINDIA,11,1,0.06648955464894876,0.27724048495292664,0.42552948,0.10628119999999998,0.2692482799804688,4
2026-09-01,ABBOTINDIA,19,-1,-0.05211981083820092,0.1964663565158844,0.17310977,0.10628119999999998,0.01682856982116701,4
2026-09-01,ABBOTINDIA,20,-1,-0.04748607732638084,0.19368131458759308,-0.0,0.10628119999999998,-0.15628119999999998,4
2026-09-01,ABBOTINDIA,22,-1,-0.05866746423384823,0.20169036090373993,0.17287731,0.10628119999999998,0.016596111706542988,4
2026-09-01,ABBOTINDIA,42,-1,-0.04964070745369332,0.22599643468856812,-0.15339851,0.1062812,-0.3096797137939453,4
2026-09-01,ABBOTINDIA,54,-1,-0.060476780157858984,0.1760803759098053,0.45862794,0.1062812,0.30234673922424316,4
2026-09-01,ABBOTINDIA,55,-1,-0.28417698794997415,0.1763499677181244,0.53557754,0.1062812,0.37929633562927245,4
2026-09-01,ABBOTINDIA,57,-1,-0.16218022187189718,0.176485076546669,0.40191412,0.1062812,0.24563291972045898,4
2026-09-01,ABCAPITAL,3,1,0.05011823503966348,0.6703667044639587,-0.79880357,0.1062812,-0.9550847678863525,4
2026-09-01,ABCAPITAL,4,1,0.1064398254856143,0.5722129344940186,-0.73704123,0.1062812,-0.8933224349700928,4
2026-09-01,ABCAPITAL,7,1,0.11235597292175384,0.494642436504364,0.012600422,0.10628120000000002,-0.14368077809448243,4
2026-09-01,ABCAPITAL,8,1,0.08371410990768154,0.4618532657623291,-0.12591481,0.1062812,-0.2821960120880127,4
2026-09-01,ABCAPITAL,9,1,0.08636512098552776,0.4291449189186096,-0.12583137,0.1062812,-0.28211256558532716,4
2026-09-01,ABCAPITAL,10,1,0.08523332570984035,0.4026157557964325,-0.3271222,0.1062812,-0.48340341145629884,4
2026-09-01,ABCAPITAL,11,1,0.09306498601616581,0.3764986991882324,-0.18879771,0.10628119999999998,-0.34507891232604976,4
2026-09-01,ABCAPITAL,12,1,0.0690423999102069,0.3653762638568878,0.11334419,0.1062812,-0.042937007495117196,4
2026-09-01,ABCAPITAL,13,1,0.04754663718995078,0.35003331303596497,0.025188923,0.1062812,-0.13109227711791993,4
2026-09-01,ABCAPITAL,19,-1,-0.06463566011578353,0.2048516422510147,-0.4025221,0.10628119999999998,-0.558803287097168,4
2026-09-01,ABCAPITAL,20,-1,-0.05372843469456961,0.19159145653247833,-0.37773848,0.1062812,-0.5340196757995606,4
2026-09-01,ABCAPITAL,21,-1,-0.049251021228774616,0.1763893961906433,-0.21429062,0.10628119999999998,-0.37057181889648433,4
2026-09-01,ABCAPITAL,22,-1,-0.07014779571470602,0.18146930634975433,0.25157332,0.10628119999999998,0.09529212420349124,4
2026-09-01,ABCAPITAL,39,-1,-0.04823423103265519,0.1857164204120636,0.06313324,0.1062812,-0.09314796025390626,4
2026-09-01,ABCAPITAL,42,-1,-0.10061035235178903,0.15953198075294495,0.4036367,0.1062812,0.24735549395446776,4
2026-09-01,ABCAPITAL,54,-1,-0.07104354032838604,0.1532870978116989,0.47007203,0.10628119999999998,0.3137908310211182,4
2026-09-01,ABCAPITAL,55,-1,-0.3149816826803709,0.17934425175189972,0.22923946,0.10628119999999998,0.07295826380615236,4
2026-09-01,ABCAPITAL,56,-1,-0.049854970473849104,0.19528299570083618,0.35606027,0.10628119999999998,0.19977906649475102,4
2026-09-01,ABCAPITAL,57,-1,-0.18841437221386007,0.2141575813293457,0.076544285,0.1062812,-0.07973691517944337,4
2026-09-01,ABCAPITAL,64,1,0.05864149003504654,0.26813095808029175,0.038301945,0.10628119999999998,-0.11797925526733397,4
2026-09-01,ABCAPITAL,65,1,0.06391790456102743,0.2738831043243408,0.14059544,0.10628119999999998,-0.015685763903808575,4
2026-09-01,ABCAPITAL,66,1,0.05063307843198981,0.284112811088562,-0.11473894,0.10628119999999998,-0.2710201411926269,4
2026-09-01,ABCAPITAL,67,1,0.059471087710891955,0.2818482220172882,0.7406473,0.1062812,0.5843661159790039,4
2026-09-01,ACC,3,1,0.05467488970200362,0.42871618270874023,-0.015598536,0.1062812,-0.17187973553771974,4
2026-09-01,ACC,4,1,0.10426130551238641,0.37688758969306946,-0.0077843666,0.10628119999999998,-0.164065566607666,4
2026-09-01,ACC,5,1,0.07431042032075626,0.36559948325157166,0.3044486,0.1062812,0.14816740458374023,4
2026-09-01,ACC,7,1,0.06887631747095196,0.3178376853466034,0.40599108,0.1062812,0.2497098774230957,4
2026-09-01,ACC,8,1,0.05169199989624362,0.30088576674461365,0.2731204,0.10628119999999998,0.11683920328979495,4
2026-09-01,ACC,9,1,0.055014837905498104,0.27998676896095276,0.2183795,0.10628119999999998,0.06209829752807619,4
2026-09-01,ACC,10,1,0.05975545050240707,0.268629789352417,0.03118515,0.1062812,-0.12509604985351563,4
2026-09-01,ACC,19,-1,-0.05178674776965373,0.1534774750471115,0.077813864,0.10628119999999998,-0.07846733624572752,4
2026-09-01,ACC,20,-1,-0.05356052677026866,0.14341191947460175,0.24122596,0.10628119999999998,0.08494475787048343,4
2026-09-01,ACC,22,-1,-0.06317440476214414,0.1401313990354538,0.39700866,0.1062812,0.24072745745544433,4
2026-09-01,ACC,42,-1,-0.0410298516947912,0.14829902350902557,0.04683137,0.1062812,-0.1094498305999756,4
2026-09-01,ACC,54,-1,-0.06204740138898991,0.10614913702011108,0.15661716,0.10628119999999998,0.000335964611816425,4
2026-09-01,ACC,55,-1,-0.29175199946864394,0.12389547377824783,0.023549795,0.1062812,-0.13273140484924317,4
2026-09-01,ACC,57,-1,-0.17037953636352107,0.12342218309640884,0.047129393,0.10628119999999998,-0.10915180737609861,4
2026-09-01,ADANIENSOL,3,1,0.07821484343158949,1.4065630435943604,-1.0672092,0.1062812,-1.223490443774414,4
2026-09-01,ADANIENSOL,4,1,0.1484816227167489,1.3139644861221313,-0.6024957,0.10628119999999998,-0.7587768703186035,4
2026-09-01,ADANIENSOL,5,1,0.11834882209500644,1.205063819885254,-0.6911278,0.10628120000000002,-0.8474089770996094,4
2026-09-01,ADANIENSOL,6,1,0.08566575997528282,1.165639042854309,0.07169247,0.1062812,-0.08458873326416017,4
2026-09-01,ADANIENSOL,7,1,0.11808318677706012,1.0799615383148193,-0.10012388,0.1062812,-0.2564050822937012,4
2026-09-01,ADANIENSOL,8,1,0.10257784163464259,1.0348131656646729,-0.3362894,0.1062812,-0.4925706058227539,4
2026-09-01,ADANIENSOL,9,1,0.10370861420703689,0.9838425517082214,-0.19299388,0.1062812,-0.3492750793182373,4
2026-09-01,ADANIENSOL,10,1,0.09962265023662384,0.9481889605522156,0.43584108,0.1062812,0.2795598835266113,4
2026-09-01,ADANIENSOL,11,1,0.10094332348318472,0.9086278676986694,0.15691519,0.1062812,0.0006339878356933504,4
2026-09-01,ADANIENSOL,12,1,0.05381327990329034,0.9122834205627441,0.91124773,0.1062812,0.7549665302551269,4
2026-09-01,ADANIENSOL,55,-1,-0.12023688992295739,0.44961807131767273,0.23133755,0.1062812,0.07505634730224607,4
2026-09-01,ADANIENSOL,57,-1,-0.07695991594392057,0.46961691975593567,-0.101709366,0.1062812,-0.25799056584472657,4
2026-09-01,ADANIENSOL,63,1,0.043273791823756014,0.4311733543872833,0.09431839,0.1062812,-0.061962810107421884,4
2026-09-01,ADANIENSOL,64,1,0.09860073546617357,0.399158775806427,0.06533861,0.1062812,-0.0909425883972168,4
2026-09-01,ADANIENSOL,65,1,0.10182323726966154,0.3740044832229614,0.0,0.1062812,-0.1562812,4
2026-09-01,ADANIENSOL,66,1,0.09941073227060579,0.3445780575275421,-0.0072538853,0.1062812,-0.16353508526916505,4
2026-09-01,ADANIENSOL,67,1,0.07652348095099785,0.326787531375885,-0.10842085,0.1062812,-0.26470204884643556,4
2026-09-01,ADANIENT,3,1,0.059995084109042876,0.7723109126091003,-0.7050395,0.1062812,-0.8613207011901856,4
2026-09-01,ADANIENT,4,1,0.10799935169379275,0.7604472041130066,-0.5745709,0.10628120000000002,-0.730852094241333,4
2026-09-01,ADANIENT,5,1,0.07053801166705902,0.676255464553833,-0.5996227,0.10628119999999998,-0.7559039264404297,4
2026-09-01,ADANIENT,6,1,0.05289376419467207,0.6874234676361084,-0.2198875,0.1062812,-0.37616869504089356,4
2026-09-01,ADANIENT,7,1,0.0866977980438461,0.6666399836540222,-0.55137277,0.1062812,-0.707653966494751,4
2026-09-01,ADANIENT,8,1,0.07610989974703905,0.6279069781303406,-1.0159016,0.1062812,-1.1721827655517578,4
2026-09-01,ADANIENT,9,1,0.07697139426619402,0.604653000831604,-0.9062946,0.10628119999999998,-1.062575784274292,4
2026-09-01,ADANIENT,10,1,0.08190154521994962,0.6043367981910706,-0.6209433,0.1062812,-0.7772245078765869,4
2026-09-01,ADANIENT,11,1,0.08862585755636225,0.5844903588294983,-0.17886162,0.1062812,-0.3351428180419922,4
2026-09-01,ADANIENT,12,1,0.054429990020196405,0.5634680986404419,0.110304356,0.1062812,-0.04597684437866212,4
2026-09-01,ADANIENT,54,-1,-0.06467336029856911,0.19846634566783905,0.41942,0.1062812,0.2631388038909912,4
2026-09-01,ADANIENT,55,-1,-0.2846513386852247,0.20530836284160614,0.16453862,0.1062812,0.008257421902465811,4
2026-09-01,ADANIENT,56,-1,-0.04372080117300066,0.20780478417873383,0.34268498,0.1062812,0.1864037842071533,4
2026-09-01,ADANIENT,57,-1,-0.162245748024738,0.22303971648216248,-0.02105236,0.1062812,-0.17733356053466798,4
2026-09-01,ADANIGREEN,3,1,0.07119530611332275,1.5466762781143188,-0.15828013,0.10628119999999998,-0.31456133420104976,4
2026-09-01,ADANIGREEN,4,1,0.12995837894499424,1.3880921602249146,0.4777074,0.1062812,0.3214261860168457,4
2026-09-01,ADANIGREEN,5,1,0.07920428252321629,1.2169221639633179,0.18305779,0.1062812,0.02677658503417968,4
2026-09-01,ADANIGREEN,6,1,0.05198206513200292,1.1478774547576904,0.71884394,0.1062812,0.562562736920166,4
2026-09-01,ADANIGREEN,7,1,0.08850164722455396,1.0818068981170654,0.429821,0.10628119999999998,0.2735398144042969,4
2026-09-01,ADANIGREEN,8,1,0.08297082869198834,1.0282185077667236,0.11111498,0.10628119999999998,-0.04516622120971678,4
2026-09-01,ADANIGREEN,9,1,0.09646643702364467,0.9924086928367615,-0.07907152,0.10628119999999998,-0.23535272175903316,4
2026-09-01,ADANIGREEN,10,1,0.0888248703081189,0.9641440510749817,0.37271976,0.10628119999999998,0.2164385647094727,4
2026-09-01,ADANIGREEN,11,1,0.08359100423276289,0.9086112976074219,0.3881693,0.1062812,0.2318880886352539,4
2026-09-01,ADANIGREEN,12,1,0.04972490732091692,0.869570791721344,0.874269,0.10628120000000002,0.7179878086364746,4
2026-09-01,ADANIGREEN,54,-1,-0.056160254278395765,0.2388942688703537,0.4230559,0.1062812,0.26677468722229003,4
2026-09-01,ADANIGREEN,55,-1,-0.2670867291315197,0.25393858551979065,0.25636554,0.10628119999999998,0.10008433764343265,4
2026-09-01,ADANIGREEN,57,-1,-0.10334707709090114,0.27272456884384155,0.78400373,0.1062812,0.627722534588623,4
2026-09-01,ADANIGREEN,63,1,0.07289323871737688,0.33432745933532715,1.1603594,0.10628119999999998,1.0040781826293945,4
2026-09-01,ADANIGREEN,64,1,0.11922258035505885,0.3380795419216156,1.443553,0.10628119999999998,1.2872717708862305,4
2026-09-01,ADANIGREEN,65,1,0.10883286465461635,0.34641143679618835,1.3291478,0.1062812,1.1728666157043457,4
2026-09-01,ADANIGREEN,66,1,0.10395728704263954,0.34526222944259644,0.8013487,0.1062812,0.6450674862182617,4
2026-09-01,ADANIGREEN,67,1,0.09115152864465159,0.33431315422058105,1.2080908,0.10628119999999998,1.0518095821655273,4
2026-09-01,ADANIPORTS,3,1,0.07064788564045196,0.7945657968521118,0.12130737,0.1062812,-0.03497382695312501,4
2026-09-01,ADANIPORTS,4,1,0.10818056471996193,0.690911591053009,0.1942873,0.1062812,0.03800610010986327,4
2026-09-01,ADANIPORTS,5,1,0.06590689308036103,0.6093129515647888,0.030314922,0.1062812,-0.12596627766723634,4
2026-09-01,ADANIPORTS,6,1,0.04569616870042976,0.5738486051559448,-0.12704134,0.1062812,-0.2833225398742676,4
2026-09-01,ADANIPORTS,7,1,0.09015618779414,0.5260060429573059,-0.0605464,0.1062812,-0.2168275981628418,4
2026-09-01,ADANIPORTS,8,1,0.07438138260210388,0.4900784194469452,-0.2783239,0.1062812,-0.43460508877868653,4
2026-09-01,ADANIPORTS,9,1,0.07569834832678547,0.4631606638431549,-0.3026247,0.1062812,-0.4589059024536133,4
2026-09-01,ADANIPORTS,10,1,0.07253096131227467,0.44333943724632263,-0.27256012,0.10628119999999998,-0.4288413196289062,4
2026-09-01,ADANIPORTS,11,1,0.07415540072550424,0.4241665303707123,-0.096935034,0.1062812,-0.2532162337982178,4
2026-09-01,ADANIPORTS,19,-1,-0.050046438558511055,0.22289074957370758,0.13942122,0.10628119999999998,-0.01685997540588377,4
2026-09-01,ADANIPORTS,20,-1,-0.05205577282144768,0.21714727580547333,0.109261274,0.10628119999999998,-0.04701992566223143,4
2026-09-01,ADANIPORTS,22,-1,-0.05305316633127104,0.21734456717967987,0.13363957,0.1062812,-0.02264162594909669,4
2026-09-01,ADANIPORTS,54,-1,-0.06256470014842595,0.15247367322444916,0.33355355,0.1062812,0.17727235262756347,4
2026-09-01,ADANIPORTS,55,-1,-0.28731622667898893,0.1648423671722412,0.024288893,0.10628120000000002,-0.13199230725402833,4
2026-09-01,ADANIPORTS,56,-1,-0.0417170647274529,0.16639575362205505,0.18199682,0.1062812,0.025715622357177725,4
2026-09-01,ADANIPORTS,57,-1,-0.16226283848664935,0.1772148311138153,-0.054728985,0.10628119999999998,-0.21101018483276363,4
2026-09-01,ADANIPOWER,3,1,0.07241843380083487,0.8919380903244019,-0.749892,0.1062812,-0.906173196383667,4
2026-09-01,ADANIPOWER,4,1,0.11837263150990998,0.821567952632904,-0.5116403,0.1062812,-0.6679215102874756,4
2026-09-01,ADANIPOWER,5,1,0.06694529524885631,0.7781018614768982,-0.4590392,0.1062812,-0.6153204112731934,4
2026-09-01,ADANIPOWER,6,1,0.06136349061890317,0.7730638980865479,0.024795532,0.10628119999999998,-0.13148566777343748,4
2026-09-01,ADANIPOWER,7,1,0.09316066191287939,0.723698616027832,-0.123637915,0.1062812,-0.2799191146575928,4
2026-09-01,ADANIPOWER,8,1,0.07596127717876743,0.6991028189659119,-0.29087067,0.10628119999999998,-0.4471518665039062,4
2026-09-01,ADANIPOWER,9,1,0.0768227716979224,0.6694287657737732,0.6605506,0.1062812,0.504269394329834,4
2026-09-01,ADANIPOWER,10,1,0.08058207588659759,0.6428748965263367,0.6913543,0.1062812,0.5350730747497559,4
2026-09-01,ADANIPOWER,11,1,0.0793642251291876,0.6131647229194641,1.0237455,0.1062812,0.8674643368041992,4
2026-09-01,ADANIPOWER,12,1,0.051450738723431165,0.5954141020774841,1.2594819,0.10628119999999998,1.1032007068908691,4
2026-09-01,ADANIPOWER,54,-1,-0.04515681123530348,0.26408442854881287,0.63061714,0.10628120000000002,0.47433594172363286,4
2026-09-01,ADANIPOWER,55,-1,-0.23916247690348932,0.28052404522895813,0.1473248,0.10628119999999998,-0.008956399508666973,4
2026-09-01,ADANIPOWER,57,-1,-0.10933403378821735,0.3120853006839752,0.14748573,0.1062812,-0.008795466967773446,4
2026-09-01,ADANIPOWER,64,1,0.05928722822674188,0.32107776403427124,0.09846687,0.1062812,-0.057814326831054696,4
2026-09-01,ADANIPOWER,65,1,0.05303508479355357,0.32076191902160645,-0.004917383,0.1062812,-0.16119858319396974,4
2026-09-01,ADANIPOWER,66,1,0.05750336078128312,0.31498557329177856,-0.04916191,0.1062812,-0.2054431110107422,4
2026-09-01,ADANIPOWER,67,1,0.04978581961682161,0.27834194898605347,0.41273832,0.10628119999999998,0.25645712321166997,4
2026-09-01,AIAENG,3,1,0.053673200641095875,0.4288954436779022,0.094652176,0.1062812,-0.061629024096679696,4
2026-09-01,AIAENG,4,1,0.10972919175835762,0.419821560382843,0.41247606,0.1062812,0.2561948627746582,4
2026-09-01,AIAENG,7,1,0.08475206392146763,0.347954660654068,0.22997856,0.1062812,0.07369736140136718,4
2026-09-01,AIAENG,8,1,0.0710270748249463,0.3240555226802826,0.2988696,0.10628119999999998,0.14258840983276372,4
2026-09-01,AIAENG,9,1,0.07778096601350497,0.33316677808761597,-0.025993586,0.10628119999999998,-0.1822747855865478,4
2026-09-01,AIAENG,10,1,0.06933506147293526,0.31527984142303467,-0.31182766,0.10628120000000002,-0.4681088596069336,4
2026-09-01,AIAENG,11,1,0.0768902647300599,0.301595538854599,-0.48635602,0.1062812,-0.6426372199737549,4
2026-09-01,AIAENG,12,1,0.043826687274454164,0.2872874438762665,-0.33994913,0.10628119999999998,-0.49623033101196284,4
2026-09-01,AIAENG,19,-1,-0.051695235181410504,0.24432651698589325,-0.0662446,0.1062812,-0.22252580220336915,4
2026-09-01,AIAENG,20,-1,-0.05799277005321144,0.23921015858650208,-0.0213027,0.10628119999999998,-0.17758390004272456,4
2026-09-01,AIAENG,21,-1,-0.05142299920939727,0.23607178032398224,-0.028419495,0.10628120000000002,-0.18470069462890626,4
2026-09-01,AIAENG,22,-1,-0.06455897854282067,0.24347248673439026,0.07558465,0.1062812,-0.08069654996032716,4
2026-09-01,AIAENG,42,-1,-0.07261985077291708,0.28888779878616333,0.40743947,0.1062812,0.2511582702911377,4
2026-09-01,AIAENG,54,-1,-0.07300226479147391,0.1769920140504837,0.17734766,0.1062812,0.021066460064697257,4
2026-09-01,AIAENG,55,-1,-0.31641413370649163,0.18530239164829254,-0.14455318,0.1062812,-0.30083438450927735,4
2026-09-01,AIAENG,56,-1,-0.04775034242182407,0.17190028727054596,-0.21561384,0.1062812,-0.37189504201049806,4
2026-09-01,AIAENG,57,-1,-0.18647006418008866,0.14730438590049744,-0.078094006,0.1062812,-0.2343752055847168,4
2026-09-01,AJANTPHARM,3,1,0.08348945891914845,1.1818572282791138,0.005710125,0.1062812,-0.1505710750305176,4
2026-09-01,AJANTPHARM,4,1,0.14195589797432479,1.0043355226516724,0.05992651,0.1062812,-0.09635469014282227,4
2026-09-01,AJANTPHARM,5,1,0.10516010192284891,0.8561269044876099,-0.0057041645,0.1062812,-0.1619853645050049,4
2026-09-01,AJANTPHARM,6,1,0.06113416762067289,0.7593350410461426,0.10840893,0.1062812,-0.04787227208251954,4
2026-09-01,AJANTPHARM,7,1,0.10381621707852025,0.6858388185501099,0.3340006,0.1062812,0.1777193874633789,4
2026-09-01,AJANTPHARM,8,1,0.09117066802517389,0.6272842884063721,0.07983446,0.10628119999999998,-0.07644673878784178,4
2026-09-01,AJANTPHARM,9,1,0.09994629164807366,0.5766030550003052,0.122737885,0.1062812,-0.033543315478515634,4
2026-09-01,AJANTPHARM,10,1,0.08692178262438081,0.5344987511634827,-0.11408925,0.1062812,-0.2703704505645752,4
2026-09-01,AJANTPHARM,11,1,0.08905467508298298,0.5119196772575378,-0.16247034,0.10628119999999998,-0.3187515407287597,4
2026-09-01,AJANTPHARM,12,1,0.054668693830779325,0.48359453678131104,-0.02566576,0.1062812,-0.1819469600402832,4
2026-09-01,AJANTPHARM,19,-1,-0.05717745581955666,0.1860603243112564,-0.14264584,0.1062812,-0.29892703587646485,4
2026-09-01,AJANTPHARM,20,-1,-0.059418296842289726,0.18083707988262177,-0.1083374,0.10628119999999998,-0.26461860234374995,4
2026-09-01,AJANTPHARM,22,-1,-0.06963329410527919,0.17114825546741486,-1.0339499,0.1062812,-1.190231051989746,4
2026-09-01,AJANTPHARM,25,-1,-0.04138444913826298,0.17185434699058533,-0.7829666,0.1062812,-0.9392478137695313,4
2026-09-01,AJANTPHARM,55,-1,-0.24729338782959195,0.3208625614643097,-0.2085805,0.10628119999999998,-0.3648616939270019,4
2026-09-01,AJANTPHARM,57,-1,-0.12227808349317972,0.2767428159713745,-0.13719797,0.1062812,-0.29347917134399415,4
2026-09-01,ALKEM,3,1,0.055320748649366175,0.34780973196029663,0.018799305,0.1062812,-0.1374818950378418,4
2026-09-01,ALKEM,4,1,0.10242161533316065,0.31188350915908813,-0.08456111,0.10628120000000002,-0.2408423095428467,4
2026-09-01,ALKEM,5,1,0.0577548173988076,0.29336094856262207,0.122368336,0.1062812,-0.033912864276123056,4
2026-09-01,ALKEM,19,-1,-0.05555183526378281,0.1216234341263771,-0.11284351,0.1062812,-0.26912471348876954,4
2026-09-01,ALKEM,20,-1,-0.053002680969697825,0.11887971311807632,-0.009405613,0.10628119999999998,-0.16568681294555662,4
2026-09-01,ALKEM,22,-1,-0.06404624836688416,0.11423195898532867,-0.028204918,0.10628119999999998,-0.1844861179077148,4
2026-09-01,ALKEM,42,-1,-0.04546559668075826,0.10593930631875992,0.50714016,0.1062812,0.3508589596069336,4
2026-09-01,ALKEM,54,-1,-0.06204740138898991,0.2079395055770874,-0.009453297,0.1062812,-0.16573449666137696,4
2026-09-01,ALKEM,55,-1,-0.29175199946864394,0.21917660534381866,-0.24631023,0.1062812,-0.4025914340698242,4
2026-09-01,ALKEM,56,-1,-0.044769143871800574,0.22699327766895294,-0.16078949,0.10628119999999998,-0.3170706897460937,4
2026-09-01,ALKEM,57,-1,-0.16936163107137273,0.23021873831748962,-0.11341572,0.1062812,-0.2696969180786133,4
2026-09-01,AMBUJACEM,3,1,0.05380665398217329,0.3978070020675659,-0.19738078,0.1062812,-0.35366198117370606,4
2026-09-01,AMBUJACEM,4,1,0.10885760616549275,0.35291483998298645,-0.12336373,0.1062812,-0.279644933291626,4
2026-09-01,AMBUJACEM,5,1,0.06659883806456067,0.3751818835735321,0.3216982,0.1062812,0.16541698878173827,4
2026-09-01,AMBUJACEM,6,1,0.044403627653482734,0.35723257064819336,0.30947924,0.1062812,0.1531980366027832,4
2026-09-01,AMBUJACEM,7,1,0.10148357010597743,0.33922064304351807,0.8550167,0.10628120000000002,0.6987355083740234,4
2026-09-01,AMBUJACEM,8,1,0.05455647683694987,0.3180517256259918,0.6067395,0.1062812,0.4504583210266114,4
2026-09-01,AMBUJACEM,9,1,0.05384337936429262,0.3140077292919159,0.40791035,0.10628119999999998,0.25162914698486333,4
2026-09-01,AMBUJACEM,10,1,0.05797355087531343,0.2944159209728241,0.3830552,0.1062812,0.22677401011352538,4
2026-09-01,AMBUJACEM,11,1,0.06000358413259126,0.27997440099716187,0.34585,0.1062812,0.18956879084472655,4
2026-09-01,AMBUJACEM,19,-1,-0.055842646830329565,0.2003161758184433,0.049203634,0.1062812,-0.10707756573791505,4
2026-09-01,AMBUJACEM,20,-1,-0.04747323634440308,0.19430994987487793,0.01231432,0.1062812,-0.1439668803894043,4
2026-09-01,AMBUJACEM,22,-1,-0.05970505973453048,0.19447751343250275,0.11088848,0.10628119999999998,-0.04539271885986326,4
2026-09-01,AMBUJACEM,42,-1,-0.044147500303162654,0.138617604970932,0.09891987,0.10628120000000002,-0.05736133153076174,4
2026-09-01,AMBUJACEM,54,-1,-0.06047497638465377,0.12753379344940186,0.23567677,0.1062812,0.07939556544189451,4
2026-09-01,AMBUJACEM,55,-1,-0.2882696736886772,0.1330956369638443,0.086957216,0.10628119999999998,-0.0693239837371826,4
2026-09-01,AMBUJACEM,56,-1,-0.041551436276010385,0.13401657342910767,0.14910698,0.1062812,-0.0071742206298828215,4
2026-09-01,AMBUJACEM,57,-1,-0.167538191424257,0.13492119312286377,0.062167645,0.1062812,-0.09411355549926759,4
2026-09-01,APARINDS,3,1,0.07011057336089263,0.8105441331863403,-0.37748814,0.1062812,-0.5337693362915039,4
2026-09-01,APARINDS,4,1,0.12249753717768057,0.8526092171669006,-1.1449933,0.1062812,-1.3012745052062988,4
2026-09-01,APARINDS,5,1,0.08447256480746783,0.7939621806144714,-0.75111985,0.10628119999999998,-0.90740105206604,4
2026-09-01,APARINDS,6,1,0.05569704553203024,0.7420942187309265,-0.56649446,0.1062812,-0.7227756648742676,4
2026-09-01,APARINDS,7,1,0.11493826305760109,0.7820005416870117,0.18658638,0.1062812,0.030305180004882804,4
2026-09-01,APARINDS,8,1,0.09241751878537294,0.7262492775917053,0.20344257,0.1062812,0.04716137354736327,4
2026-09-01,APARINDS,9,1,0.09782623945651801,0.6793862581253052,0.23183823,0.1062812,0.07555702631835935,4
2026-09-01,APARINDS,10,1,0.08152618602594063,0.64061039686203,0.19785166,0.10628120000000002,0.04157045786743162,4
2026-09-01,APARINDS,11,1,0.0730217705769195,0.6007872223854065,0.42372942,0.10628119999999998,0.267448219708252,4
2026-09-01,APARINDS,19,-1,-0.045348887009844005,0.2776773273944855,0.2589047,0.1062812,0.10262349551086423,4
2026-09-01,APARINDS,22,-1,-0.06209997625180218,0.18857303261756897,0.1801312,0.10628119999999998,0.023849996975708027,4
2026-09-01,APARINDS,42,-1,-0.04591726426096307,0.12473256886005402,0.2655387,0.10628119999999998,0.10925749247436527,4
2026-09-01,APARINDS,54,-1,-0.058622434349996096,0.16498172283172607,1.0724604,0.1062812,0.916179212979126,4
2026-09-01,APARINDS,55,-1,-0.28834635475471687,0.18206645548343658,0.4382491,0.1062812,0.2819679111755371,4
2026-09-01,APARINDS,57,-1,-0.16616123585907394,0.1991366744041443,0.6612718,0.1062812,0.5049906105316162,4
2026-09-01,APARINDS,64,1,0.05747946326142588,0.2955354154109955,-0.36709905,0.1062812,-0.5233802467071533,4
2026-09-01,APARINDS,65,1,0.05737282202229534,0.28800851106643677,-0.34977198,0.1062812,-0.5060531764709473,4
2026-09-01,APARINDS,66,1,0.04775248300400783,0.27436304092407227,0.03439188,0.1062812,-0.12188931996459962,4
2026-09-01,APARINDS,67,1,0.04594688885853899,0.26403477787971497,-0.28082132,0.1062812,-0.4371025233947754,4
2026-09-01,APLAPOLLO,3,1,0.05669852558259381,0.700501561164856,0.00898838,0.1062812,-0.1472928195678711,4
2026-09-01,APLAPOLLO,4,1,0.10903543312634419,0.6133342981338501,-0.1573801,0.1062812,-0.3136613040649414,4
2026-09-01,APLAPOLLO,5,1,0.06221708034652796,0.558208703994751,0.063085556,0.10628119999999998,-0.09319564396972654,4
2026-09-01,APLAPOLLO,7,1,0.08831052422567685,0.5010994076728821,-0.017982721,0.1062812,-0.17426392132873536,4
2026-09-01,APLAPOLLO,8,1,0.06992158786857477,0.4669781029224396,-0.089889765,0.1062812,-0.2461709647857666,4
2026-09-01,APLAPOLLO,9,1,0.07146754492645056,0.46171003580093384,-0.42555332,0.1062812,-0.5818345218383789,4
2026-09-01,APLAPOLLO,10,1,0.07359056205372813,0.46650388836860657,0.2203703,0.1062812,0.06408909266357421,4
2026-09-01,APLAPOLLO,11,1,0.07777255237240693,0.46162763237953186,0.49991608,0.1062812,0.34363487666015624,4
2026-09-01,APLAPOLLO,12,1,0.04578678842244642,0.43235301971435547,0.6124735,0.1062812,0.45619228785400395,4
2026-09-01,APLAPOLLO,19,-1,-0.04464056501997273,0.26856371760368347,-0.3579378,0.1062812,-0.5142190128051758,4
2026-09-01,APLAPOLLO,22,-1,-0.04806693536093086,0.2819121479988098,0.18687844,0.10628120000000002,0.030597242764282204,4
2026-09-01,APLAPOLLO,42,-1,-0.04485831427274701,0.15133847296237946,0.09366274,0.10628119999999998,-0.06261846119995115,4
2026-09-01,APLAPOLLO,54,-1,-0.057137958383143096,0.1778918206691742,0.156492,0.1062812,0.00021079485778807694,4
2026-09-01,APLAPOLLO,55,-1,-0.28634657904127264,0.19077447056770325,-0.14336109,0.1062812,-0.29964229161376954,4
2026-09-01,APLAPOLLO,56,-1,-0.04077707092942391,0.19823428988456726,0.017899275,0.1062812,-0.1383819251739502,4
2026-09-01,APLAPOLLO,57,-1,-0.1632574453363472,0.21884210407733917,-0.16617775,0.1062812,-0.32245894963378907,4
2026-09-01,APOLLOHOSP,3,1,0.05471431038092221,0.4395916163921356,-0.42550564,0.10628119999999998,-0.5817868381225586,4
2026-09-01,APOLLOHOSP,4,1,0.10997432722544297,0.38160136342048645,-0.46551228,0.1062812,-0.6217934756958008,4
2026-09-01,APOLLOHOSP,7,1,0.07611033404680859,0.28646573424339294,-0.13079047,0.1062812,-0.28707167203063966,4
2026-09-01,APOLLOHOSP,8,1,0.06068567131537027,0.2648814022541046,-0.03413558,0.1062812,-0.19041678006286622,4
2026-09-01,APOLLOHOSP,9,1,0.05929836854966687,0.26033952832221985,0.13676882,0.1062812,-0.01951238209838868,4
2026-09-01,APOLLOHOSP,10,1,0.04955829049993364,0.24448230862617493,0.15954971,0.1062812,0.003268513134765616,4
2026-09-01,APOLLOHOSP,11,1,0.04394447056935617,0.23812240362167358,0.25669336,0.1062812,0.10041216318969724,4
2026-09-01,APOLLOHOSP,19,-1,-0.0564732188154989,0.12141638994216919,0.18194318,0.1062812,0.025661978176879874,4
2026-09-01,APOLLOHOSP,20,-1,-0.052962491417023645,0.12396559864282608,0.1023829,0.10628119999999998,-0.053898301669311505,4
2026-09-01,APOLLOHOSP,21,-1,-0.047067173636171813,0.11748922616243362,0.06261468,0.10628119999999998,-0.09366652066345213,4
2026-09-01,APOLLOHOSP,22,-1,-0.06171687341791657,0.1174357533454895,0.108098984,0.1062812,-0.04818221623535157,4
2026-09-01,APOLLOHOSP,42,-1,-0.07450682704071299,0.11873587220907211,0.09678006,0.1062812,-0.05950113827819825,4
2026-09-01,APOLLOHOSP,54,-1,-0.06121188019840654,0.0914703831076622,0.35444498,0.10628119999999998,0.19816378062133794,4
2026-09-01,APOLLOHOSP,55,-1,-0.30165198051795655,0.10268956422805786,0.057280064,0.1062812,-0.09900113637084962,4
2026-09-01,APOLLOHOSP,56,-1,-0.043830464847044504,0.10551111400127411,0.10878444,0.1062812,-0.04749676282043458,4
2026-09-01,APOLLOHOSP,57,-1,-0.17573230462550452,0.11799603700637817,0.12614727,0.1062812,-0.03013392979736329,4
2026-09-01,APOLLOTYRE,3,1,0.04764107984505378,0.289674311876297,0.034058094,0.1062812,-0.1222231059753418,4
2026-09-01,APOLLOTYRE,4,1,0.09840396466810641,0.2746575176715851,0.0,0.1062812,-0.1562812,4
2026-09-01,APOLLOTYRE,5,1,0.04316422909578193,0.2576349973678589,0.12503862,0.1062812,-0.031242576190185556,4
2026-09-01,APOLLOTYRE,19,-1,-0.05274120217372334,0.16521012783050537,-0.12471676,0.1062812,-0.28099795872802735,4
2026-09-01,APOLLOTYRE,20,-1,-0.05300428607827139,0.16191546618938446,-0.124680996,0.10628119999999998,-0.28096219594116206,4
2026-09-01,APOLLOTYRE,22,-1,-0.06285793392067963,0.16914381086826324,0.11322498,0.1062812,-0.04305621678466798,4
2026-09-01,APOLLOTYRE,42,-1,-0.04281295629519601,0.11663149297237396,0.30636787,0.1062812,0.1500866741455078,4
2026-09-01,APOLLOTYRE,54,-1,-0.061151597867874746,0.2326294332742691,-0.011312962,0.1062812,-0.16759416157836915,4
2026-09-01,APOLLOTYRE,55,-1,-0.2862727342944099,0.23190055787563324,-0.022625923,0.1062812,-0.1789071231567383,4
2026-09-01,APOLLOTYRE,57,-1,-0.16511489053506498,0.20604395866394043,0.31673908,0.1062812,0.16045788233642577,4
2026-09-01,ASHOKLEY,3,1,0.06151261894408737,0.6298037767410278,0.051653385,0.1062812,-0.1046278148376465,4
2026-09-01,ASHOKLEY,4,1,0.12122519266419933,0.5508905649185181,0.3220439,0.1062812,0.16576269572143554,4
2026-09-01,ASHOKLEY,5,1,0.06812486308025292,0.4821886122226715,0.5234122,0.10628119999999998,0.3671310276306153,4
2026-09-01,ASHOKLEY,6,1,0.04523094856120394,0.4347189962863922,0.6270528,0.1062812,0.4707715839660645,4
2026-09-01,ASHOKLEY,7,1,0.08553449832945352,0.39907407760620117,0.58095455,0.1062812,0.42467335169677733,4
2026-09-01,ASHOKLEY,8,1,0.07318179805774848,0.37058356404304504,0.3161788,0.1062812,0.1598975986755371,4
2026-09-01,ASHOKLEY,9,1,0.07228882127644971,0.3661820590496063,0.25254488,0.10628119999999998,0.09626367991333011,4
2026-09-01,ASHOKLEY,10,1,0.07062323101444093,0.34934934973716736,0.09176731,0.10628119999999998,-0.06451388890380857,4
2026-09-01,ASHOKLEY,11,1,0.06999200407671075,0.33295124769210815,0.028657913,0.1062812,-0.1276232867919922,4
2026-09-01,ASHOKLEY,19,-1,-0.05620655438321549,0.1935919225215912,0.0057160854,0.1062812,-0.15056511456604005,4
2026-09-01,ASHOKLEY,20,-1,-0.05122310203645692,0.1928410679101944,0.022882223,0.1062812,-0.13339897687072755,4
2026-09-01,ASHOKLEY,22,-1,-0.06275469537123486,0.1951366811990738,0.32022,0.10628119999999998,0.16393879359130864,4
2026-09-01,ASHOKLEY,55,-1,-0.1305240162984863,0.5005142092704773,0.31264424,0.10628119999999998,0.1563630432403565,4
2026-09-01,ASHOKLEY,57,-1,-0.08648017525301341,0.5060975551605225,-0.43221712,0.1062812,-0.5884983211242676,4
2026-09-01,ASHOKLEY,64,1,0.0908820411276954,0.3650789260864258,0.21811724,0.1062812,0.061836037091064444,4
2026-09-01,ASHOKLEY,65,1,0.09477845162029769,0.35640332102775574,0.38381815,0.1062812,0.22753694956665038,4
2026-09-01,ASHOKLEY,66,1,0.08866567210800066,0.35015493631362915,0.20040274,0.1062812,0.04412153666381835,4
2026-09-01,ASHOKLEY,67,1,0.06855208799191774,0.3336116373538971,0.317657,0.10628119999999998,0.16137579386596684,4
2026-09-01,ASIANPAINT,3,1,0.05540605503224578,0.7105093002319336,-0.24294257,0.10628119999999998,-0.3992237716400146,4
2026-09-01,ASIANPAINT,4,1,0.11314202145118929,0.5943383574485779,-0.21612644,0.10628119999999998,-0.37240764195556636,4
2026-09-01,ASIANPAINT,7,1,0.08587902461984913,0.43563932180404663,-0.28560162,0.1062812,-0.4418828159057617,4
2026-09-01,ASIANPAINT,8,1,0.08079214665716317,0.399013489484787,-0.24715066,0.1062812,-0.40343185956115724,4
2026-09-01,ASIANPAINT,9,1,0.09186643357092897,0.38721659779548645,-0.08507371,0.1062812,-0.24135490948791505,4
2026-09-01,ASIANPAINT,10,1,0.09553370920240471,0.3626645803451538,-0.16235113,0.1062812,-0.318632331439209,4
2026-09-01,ASIANPAINT,11,1,0.10125717851236642,0.34809356927871704,-0.05802512,0.1062812,-0.21430632168884278,4
2026-09-01,ASIANPAINT,12,1,0.07208317516636249,0.33565080165863037,0.104522705,0.1062812,-0.05175849492187501,4
2026-09-01,ASIANPAINT,19,-1,-0.06412294288418799,0.15138152241706848,0.061887503,0.1062812,-0.09439369732971192,4
2026-09-01,ASIANPAINT,20,-1,-0.04944140182753723,0.15049798786640167,-0.058102608,0.1062812,-0.2143838077270508,4
2026-09-01,ASIANPAINT,21,-1,-0.04705207457263393,0.154737651348114,-0.089132786,0.1062812,-0.24541398579711915,4
2026-09-01,ASIANPAINT,22,-1,-0.06643522079258324,0.1570582538843155,0.13937354,0.1062812,-0.01690765912170411,4
2026-09-01,ASIANPAINT,26,-1,-0.04080436919222629,0.12715545296669006,0.30180216,0.1062812,0.14552095835571288,4
2026-09-01,ASIANPAINT,39,-1,-0.052008715310458996,0.09708428382873535,0.11650324,0.1062812,-0.03977796132202149,4
2026-09-01,ASIANPAINT,42,-1,-0.10199952259895026,0.09324104338884354,-0.07767677,0.1062812,-0.23395797307128907,4
2026-09-01,ASIANPAINT,54,-1,-0.07447560248847403,0.10378415882587433,0.16316772,0.1062812,0.006886515072631827,4
2026-09-01,ASIANPAINT,55,-1,-0.31641413370649163,0.11470065265893936,-0.015556812,0.10628120000000002,-0.17183801228637696,4
2026-09-01,ASIANPAINT,56,-1,-0.050108303279028876,0.11799585819244385,0.031077862,0.10628119999999998,-0.1252033382141113,4
2026-09-01,ASIANPAINT,57,-1,-0.1878383277083324,0.12821045517921448,-0.03504753,0.10628119999999998,-0.19132873112792964,4
2026-09-01,ASTRAL,3,1,0.0646129981960616,0.8876129984855652,-1.0308564,0.10628119999999998,-1.1871375709259033,4
2026-09-01,ASTRAL,4,1,0.12992586133030584,0.798071026802063,-0.76937675,0.1062812,-0.9256579547607422,4
2026-09-01,ASTRAL,5,1,0.06962102898620114,0.73628830909729,-0.41159987,0.1062812,-0.56788107449646,4
2026-09-01,ASTRAL,6,1,0.042306896732725405,0.6629329919815063,-0.17638803,0.10628119999999998,-0.33266922528381343,4
2026-09-01,ASTRAL,7,1,0.08704189423862854,0.6094381213188171,-0.026142597,0.10628119999999998,-0.18242379719848628,4
2026-09-01,ASTRAL,8,1,0.08488516535056681,0.5920098423957825,0.20999908,0.10628120000000002,0.05371788447265623,4
2026-09-01,ASTRAL,9,1,0.10464828954660625,0.6255364418029785,0.83800554,0.10628119999999998,0.6817243427551269,4
2026-09-01,ASTRAL,10,1,0.09422387593290994,0.6256788372993469,0.70501566,0.1062812,0.5487344593322754,4
2026-09-01,ASTRAL,11,1,0.08151975157679804,0.6121743321418762,0.42066574,0.1062812,0.26438454096679687,4
2026-09-01,ASTRAL,22,-1,-0.052750867781467925,0.29021990299224854,0.21591783,0.1062812,0.05963662569885253,4
2026-09-01,ASTRAL,38,-1,-0.04180732665132444,0.21956121921539307,0.55888295,0.10628120000000002,0.4026017517364502,4
2026-09-01,ASTRAL,54,-1,-0.05327468649958383,0.28171366453170776,0.422889,0.1062812,0.26660779421691894,4
2026-09-01,ASTRAL,55,-1,-0.2399401502187199,0.26770448684692383,0.07945895,0.1062812,-0.07682224804992677,4
2026-09-01,ASTRAL,57,-1,-0.10912501321596893,0.26179826259613037,0.11268854,0.1062812,-0.04359265858764649,4
2026-09-01,ATGL,3,1,0.05386871251740517,0.6541171073913574,0.27122498,0.1062812,0.11494377558593748,4
2026-09-01,ATGL,4,1,0.11116295373435083,0.5919545888900757,0.43196678,0.1062812,0.27568558161621093,4
2026-09-01,ATGL,5,1,0.06358195134876848,0.5559594035148621,0.20046234,0.10628119999999998,0.04418114130859377,4
2026-09-01,ATGL,6,1,0.04833685492500708,0.5271879434585571,0.5869031,0.10628119999999998,0.4306218952453614,4
2026-09-01,ATGL,7,1,0.09002961707587157,0.4906894564628601,0.41736364,0.1062812,0.2610824436462402,4
2026-09-01,ATGL,8,1,0.06935640361682333,0.4718293845653534,0.1522541,0.1062812,-0.0040270953857421965,4
2026-09-01,ATGL,9,1,0.06851380504671593,0.47017472982406616,0.18395185,0.1062812,0.027670654705810538,4
2026-09-01,ATGL,10,1,0.0657550452693819,0.4925144612789154,-0.38982034,0.1062812,-0.5461015372955322,4
2026-09-01,ATGL,11,1,0.06740842334597101,0.4725869596004486,-0.24712682,0.10628119999999998,-0.403408017703247,4
2026-09-01,ATGL,19,-1,-0.0434316662502915,0.318244993686676,0.20759702,0.10628119999999998,0.05131581728820803,4
2026-09-01,ATGL,22,-1,-0.05027487798896052,0.29930830001831055,0.055992603,0.1062812,-0.10028859669799806,4
2026-09-01,ATGL,42,-1,-0.04514202579564119,0.15904957056045532,-0.0,0.10628119999999998,-0.15628119999999998,4
2026-09-01,ATGL,54,-1,-0.05736662790338509,0.16431556642055511,0.75849295,0.1062812,0.6022117466247559,4
2026-09-01,ATGL,55,-1,-0.29193346834571743,0.17666606605052948,0.8244395,0.10628120000000002,0.668158325604248,4
2026-09-01,ATGL,57,-1,-0.1685184136244527,0.17803631722927094,0.83299875,0.1062812,0.6767175525939941,4
2026-09-01,ATGL,64,1,0.05986783642371427,0.26271840929985046,0.08971691,0.1062812,-0.06656428868408204,4
2026-09-01,ATGL,65,1,0.053573113662785034,0.26202917098999023,0.0977993,0.1062812,-0.05848189885253907,4
2026-09-01,ATGL,66,1,0.050126741405717413,0.26166653633117676,0.17908812,0.1062812,0.022806915692138663,4
2026-09-01,AUBANK,3,1,0.05312009893501356,0.34411704540252686,-0.24012923,0.1062812,-0.3964104324066162,4
2026-09-01,AUBANK,4,1,0.10310520033924261,0.3140922784805298,-0.24948716,0.1062812,-0.40576836163635255,4
2026-09-01,AUBANK,7,1,0.07331041856933387,0.27536293864250183,-0.037002563,0.1062812,-0.1932837634765625,4
2026-09-01,AUBANK,10,1,0.0508359944033557,0.2440635859966278,-0.046288967,0.10628119999999998,-0.2025701671325683,4
2026-09-01,AUBANK,11,1,0.04951912040138268,0.2400810420513153,0.13893843,0.1062812,-0.017342773028564462,4
2026-09-01,AUBANK,19,-1,-0.06411337081150577,0.13872109353542328,-0.21270514,0.10628120000000002,-0.368986335345459,4
2026-09-01,AUBANK,20,-1,-0.056175291590497105,0.13017015159130096,-0.2682686,0.1062812,-0.42454978520507813,4
2026-09-01,AUBANK,21,-1,-0.0491141374566077,0.11959809064865112,-0.6753087,0.1062812,-0.8315899043762207,4
2026-09-01,AUBANK,22,-1,-0.07102450965755765,0.12811723351478577,-0.36982298,0.1062812,-0.5261041789733887,4
2026-09-01,AUBANK,39,-1,-0.04740463380593268,0.15605373680591583,-0.14755726,0.1062812,-0.30383845860595704,4
2026-09-01,AUBANK,42,-1,-0.10230784565780107,0.13416382670402527,0.29451847,0.1062812,0.13823727076416015,4
2026-09-01,AUBANK,54,-1,-0.06603774816777186,0.17644162476062775,0.41006804,0.1062812,0.2537868351257324,4
2026-09-01,AUBANK,55,-1,-0.30654443963006783,0.1887424886226654,-0.046682358,0.10628119999999998,-0.2029635577880859,4
2026-09-01,AUBANK,57,-1,-0.18509511041105953,0.20562700927257538,-0.40171146,0.1062812,-0.5579926639282227,4
2026-09-01,AUBANK,64,1,0.05768353392409427,0.2838006317615509,0.42774677,0.1062812,0.2714655727661133,4
2026-09-01,AUBANK,65,1,0.0502810693203249,0.25903981924057007,0.4184127,0.1062812,0.2621314853942871,4
2026-09-01,AUBANK,66,1,0.04422880256171306,0.2596789002418518,0.37174225,0.1062812,0.21546104853515624,4
2026-09-01,AUROPHARMA,3,1,0.050485410998445834,0.6361340880393982,0.029587746,0.1062812,-0.1266934543334961,4
2026-09-01,AUROPHARMA,4,1,0.10345557175639394,0.542302668094635,-0.011837482,0.10628119999999998,-0.16811868245239256,4
2026-09-01,AUROPHARMA,7,1,0.07452283397241063,0.47461867332458496,0.07697344,0.10628119999999998,-0.07930776173706053,4
2026-09-01,AUROPHARMA,8,1,0.07318186940662168,0.438917338848114,-0.14805794,0.1062812,-0.3043391376220703,4
2026-09-01,AUROPHARMA,9,1,0.07639243606616185,0.40608593821525574,0.26050806,0.10628119999999998,0.1042268604553223,4
2026-09-01,AUROPHARMA,10,1,0.07839044891908234,0.38506269454956055,0.07096529,0.10628119999999998,-0.0853159099304199,4
2026-09-01,AUROPHARMA,11,1,0.08438880663228517,0.3725530803203583,0.42651892,0.10628119999999998,0.2702377170837403,4
2026-09-01,AUROPHARMA,12,1,0.048513762252048516,0.35681813955307007,0.5218506,0.10628120000000002,0.3655693859375,4
2026-09-01,AUROPHARMA,19,-1,-0.05016902973716889,0.25915032625198364,0.058990717,0.1062812,-0.09729048306579591,4
2026-09-01,AUROPHARMA,20,-1,-0.04887493324728166,0.24594196677207947,-0.0,0.1062812,-0.1562812,4
2026-09-01,AUROPHARMA,21,-1,-0.04685173360395092,0.23668929934501648,0.03543496,0.10628119999999998,-0.12084623868103025,4
2026-09-01,AUROPHARMA,22,-1,-0.06957274828629151,0.23902297019958496,0.14754534,0.1062812,-0.008735862322998056,4
2026-09-01,AUROPHARMA,26,-1,-0.04137444149700234,0.22387243807315826,0.12981296,0.1062812,-0.026468244143676767,4
2026-09-01,AUROPHARMA,39,-1,-0.04837566684315454,0.12815283238887787,0.0708282,0.1062812,-0.08545300061340333,4
2026-09-01,AUROPHARMA,42,-1,-0.0996808645471566,0.12188702821731567,0.14762282,0.1062812,-0.008658376284790048,4
2026-09-01,AUROPHARMA,54,-1,-0.0754699892502197,0.09678792953491211,0.91710687,0.1062812,0.7608256668365478,4
2026-09-01,AUROPHARMA,55,-1,-0.31763462877497534,0.16120386123657227,-0.053715706,0.10628119999999998,-0.20999690587158198,4
2026-09-01,AUROPHARMA,56,-1,-0.04277065952420859,0.1657266616821289,-0.011920929,0.10628119999999998,-0.1682021289550781,4
2026-09-01,AUROPHARMA,57,-1,-0.19255250121904732,0.16929616034030914,-0.1134038,0.10628119999999998,-0.26968499714965816,4
2026-09-01,AWL,3,1,0.05157252613190787,0.5305691361427307,-0.2635479,0.1062812,-0.4198290973388672,4
2026-09-01,AWL,4,1,0.1047640957044884,0.45872533321380615,-0.3360033,0.10628119999999998,-0.492284503527832,4
2026-09-01,AWL,5,1,0.060770753413810406,0.450940877199173,0.17112494,0.1062812,0.014843735150146475,4
2026-09-01,AWL,7,1,0.08844936021126763,0.38469427824020386,0.23314953,0.1062812,0.07686832850341795,4
2026-09-01,AWL,8,1,0.07984150790472906,0.39091455936431885,0.3163457,0.10628119999999998,0.16006449168090825,4
2026-09-01,AWL,9,1,0.07613319807634228,0.36693376302719116,0.2747655,0.1062812,0.11848429148559568,4
2026-09-01,AWL,10,1,0.07760798790680602,0.34291020035743713,0.17619133,0.1062812,0.01991012995605468,4
2026-09-01,AWL,11,1,0.07579402840187117,0.32416945695877075,-0.041508675,0.10628119999999998,-0.19778987462158198,4
2026-09-01,AWL,19,-1,-0.05269677142239863,0.20658215880393982,-1.5494943,0.1062812,-1.7057754665100098,4
2026-09-01,AWL,20,-1,-0.04695418003733953,0.2075396031141281,-1.570046,0.1062812,-1.7263271480285645,4
2026-09-01,AWL,22,-1,-0.0633802232249574,0.1906684935092926,-0.97022057,0.10628119999999998,-1.1265017657958984,4
2026-09-01,AWL,54,-1,-0.06135634077709787,0.23904189467430115,0.010335445,0.1062812,-0.14594575459594727,4
2026-09-01,AWL,55,-1,-0.2670810866744568,0.25213155150413513,-0.113904476,0.1062812,-0.2701856761657715,4
2026-09-01,AWL,57,-1,-0.11381027582551018,0.26556482911109924,-0.15538931,0.1062812,-0.31167050892944337,4
2026-09-01,AXISBANK,3,1,0.04671337041096063,0.4037046432495117,-0.16541481,0.1062812,-0.32169601018066407,4
2026-09-01,AXISBANK,4,1,0.11166272779300353,0.377390593290329,0.04737377,0.1062812,-0.10890742833251954,4
2026-09-01,AXISBANK,7,1,0.06935729776828002,0.3043976426124573,0.2687335,0.1062812,0.11245230143432615,4
2026-09-01,AXISBANK,8,1,0.05600548932505701,0.28188392519950867,0.20546913,0.1062812,0.049187931469726554,4
2026-09-01,AXISBANK,9,1,0.05959417280592886,0.2769894301891327,0.04733801,0.1062812,-0.10894319111938477,4
2026-09-01,AXISBANK,10,1,0.06530019711809178,0.2668316960334778,0.039446354,0.10628119999999998,-0.11683484608764647,4
2026-09-01,AXISBANK,11,1,0.05124342177504257,0.2531628906726837,0.11045933,0.10628120000000002,-0.04582187230224612,4
2026-09-01,AXISBANK,19,-1,-0.06985961834933908,0.15555933117866516,-0.08647442,0.1062812,-0.24275561864013673,4
2026-09-01,AXISBANK,20,-1,-0.060204307543583795,0.1504930704832077,-0.055027008,0.1062812,-0.21130820805664063,4
2026-09-01,AXISBANK,21,-1,-0.0568124041961419,0.15217797458171844,-0.047171116,0.1062812,-0.20345231587524415,4
2026-09-01,AXISBANK,22,-1,-0.07116574610293373,0.1527520716190338,-0.06289482,0.10628119999999998,-0.21917602116699214,4
2026-09-01,AXISBANK,25,-1,-0.04089318946332968,0.15030606091022491,0.03926158,0.1062812,-0.1170196204864502,4
2026-09-01,AXISBANK,32,-1,-0.0431547154300483,0.13914594054222107,0.29847622,0.1062812,0.14219501917724608,4
2026-09-01,AXISBANK,39,-1,-0.04552556659550951,0.1221163347363472,-0.0,0.10628119999999998,-0.15628119999999998,4
2026-09-01,AXISBANK,42,-1,-0.10815901690022986,0.12415225058794022,0.39323568,0.1062812,0.2369544834411621,4
2026-09-01,AXISBANK,54,-1,-0.07904793655724919,0.13563460111618042,0.19779801,0.10628120000000002,0.041516813687133766,4
2026-09-01,AXISBANK,55,-1,-0.32098646777526674,0.14203085005283356,0.039607286,0.1062812,-0.11667391354675294,4
2026-09-01,AXISBANK,56,-1,-0.054680637347804026,0.14295844733715057,0.19776821,0.10628119999999998,0.04148701136474611,4
2026-09-01,AXISBANK,57,-1,-0.1966100777861829,0.13912439346313477,0.23753047,0.10628119999999998,0.08124926989440921,4
2026-09-01,BAJAJ-AUTO,3,1,0.053880578433045556,0.6478472948074341,0.9421706,0.1062812,0.7858894199645996,4
2026-09-01,BAJAJ-AUTO,4,1,0.10955931930332352,0.623179018497467,0.60733557,0.1062812,0.4510543674743653,4
2026-09-01,BAJAJ-AUTO,5,1,0.06355083264373101,0.5709888935089111,0.5749941,0.1062812,0.4187128872192383,4
2026-09-01,BAJAJ-AUTO,7,1,0.08214119826520425,0.5122867822647095,0.40416718,0.1062812,0.24788597529296874,4
2026-09-01,BAJAJ-AUTO,8,1,0.07252970048864925,0.4903680980205536,0.50206184,0.1062812,0.3457806438720703,4
2026-09-01,BAJAJ-AUTO,9,1,0.07108242062992105,0.5001208186149597,-0.1449287,0.1062812,-0.3012098937713623,4
2026-09-01,BAJAJ-AUTO,10,1,0.07065524723881299,0.4930216372013092,-0.20112395,0.1062812,-0.3574051528656006,4
2026-09-01,BAJAJ-AUTO,11,1,0.07075945478337832,0.46549689769744873,-0.048291683,0.1062812,-0.2045728831970215,4
2026-09-01,BAJAJ-AUTO,22,-1,-0.054978656312322495,0.25493723154067993,-0.45226812,0.1062812,-0.608549323626709,4
2026-09-01,BAJAJ-AUTO,42,-1,-0.04102576660510094,0.20801641047000885,0.371027,0.10628120000000002,0.21474579279785155,4
2026-09-01,BAJAJ-AUTO,54,-1,-0.05800315069108683,0.20275750756263733,0.34894347,0.1062812,0.19266227190856933,4
2026-09-01,BAJAJ-AUTO,55,-1,-0.284450406953034,0.19535325467586517,0.20295382,0.10628119999999998,0.0466726154602051,4
2026-09-01,BAJAJ-AUTO,56,-1,-0.04078663056007327,0.19309720396995544,-0.016236305,0.10628119999999998,-0.1725175052368164,4
2026-09-01,BAJAJ-AUTO,57,-1,-0.1613612732481086,0.1985255628824234,-0.13005733,0.10628119999999998,-0.2863385348999023,4
2026-09-01,BAJAJFINSV,3,1,0.05195817371818168,0.4944743812084198,-0.898087,0.1062812,-1.0543682246887207,4
2026-09-01,BAJAJFINSV,4,1,0.12160204469664425,0.47910788655281067,-0.63788295,0.1062812,-0.7941641479217529,4
2026-09-01,BAJAJFINSV,7,1,0.09496281495125145,0.3632388710975647,-0.0254035,0.1062812,-0.1816846996032715,4
2026-09-01,BAJAJFINSV,8,1,0.08527693715958715,0.3335702419281006,-0.116831064,0.10628119999999998,-0.2731122642242431,4
2026-09-01,BAJAJFINSV,9,1,0.07206727293009355,0.31648486852645874,-0.091445446,0.10628120000000002,-0.2477266460144043,4
2026-09-01,BAJAJFINSV,10,1,0.09266322742177328,0.3105594515800476,0.06107092,0.1062812,-0.09521028096313477,4
2026-09-01,BAJAJFINSV,11,1,0.09792082920032848,0.297210156917572,0.30566454,0.10628119999999998,0.14938333933715825,4
2026-09-01,BAJAJFINSV,12,1,0.06156524837691746,0.28986236453056335,0.3969431,0.10628119999999998,0.24066189234619145,4
2026-09-01,BAJAJFINSV,19,-1,-0.06463566011578353,0.17922402918338776,-0.20782948,0.1062812,-0.36411067540283204,4
2026-09-01,BAJAJFINSV,20,-1,-0.05662871510687842,0.18616946041584015,-0.31440258,0.1062812,-0.4706837802612305,4
2026-09-01,BAJAJFINSV,21,-1,-0.051588445962586355,0.1833372265100479,-0.23841858,0.1062812,-0.3946997791015625,4
2026-09-01,BAJAJFINSV,22,-1,-0.06997080382246486,0.18574140965938568,-0.1419425,0.1062812,-0.29822370106811524,4
2026-09-01,BAJAJFINSV,39,-1,-0.04733521850384495,0.11122363805770874,-0.08087158,0.1062812,-0.23715278203125,4
2026-09-01,BAJAJFINSV,42,-1,-0.10064698609221795,0.10033989697694778,0.10611415,0.10628119999999998,-0.05016705090637205,4
2026-09-01,BAJAJFINSV,54,-1,-0.06343593719437407,0.14865800738334656,0.26900172,0.10628120000000002,0.1127205223358154,4
2026-09-01,BAJAJFINSV,55,-1,-0.31622153767609296,0.15928572416305542,0.07620454,0.1062812,-0.0800766616546631,4
2026-09-01,BAJAJFINSV,56,-1,-0.050108303279028876,0.16738462448120117,0.18267632,0.10628119999999998,0.026395115307617206,4
2026-09-01,BAJAJFINSV,57,-1,-0.19203774371740773,0.1678745597600937,0.45685172,0.1062812,0.3005705208099365,4
2026-09-01,BAJAJHLDNG,3,1,0.05276620882878234,0.5780727863311768,-0.070387125,0.1062812,-0.2266683250152588,4
2026-09-01,BAJAJHLDNG,4,1,0.11200354197963089,0.5072655081748962,0.16732216,0.10628119999999998,0.011040958813476581,4
2026-09-01,BAJAJHLDNG,7,1,0.08351052168141808,0.43130072951316833,0.44993162,0.10628119999999998,0.2936504215515137,4
2026-09-01,BAJAJHLDNG,8,1,0.08100952782421235,0.3961600065231323,0.33535957,0.10628119999999998,0.17907837336425786,4
2026-09-01,BAJAJHLDNG,9,1,0.0801260574964234,0.38654574751853943,0.1762271,0.1062812,0.019945892742919913,4
2026-09-01,BAJAJHLDNG,10,1,0.08304020521065417,0.3721846044063568,0.08804798,0.10628119999999998,-0.06823321873779295,4
2026-09-01,BAJAJHLDNG,11,1,0.0890926117757345,0.3590059280395508,-0.14945269,0.1062812,-0.30573388630981446,4
2026-09-01,BAJAJHLDNG,12,1,0.05053815006457297,0.34645774960517883,-0.2547443,0.10628119999999998,-0.41102549130554195,4
2026-09-01,BAJAJHLDNG,19,-1,-0.05963401749810155,0.19123105704784393,-0.052845478,0.10628119999999998,-0.20912667805786128,4
2026-09-01,BAJAJHLDNG,20,-1,-0.052341682239846046,0.17223821580410004,0.026386976,0.1062812,-0.12989422375793458,4
2026-09-01,BAJAJHLDNG,21,-1,-0.04502948019279894,0.17682519555091858,-0.09690523,0.10628119999999998,-0.25318643147583003,4
2026-09-01,BAJAJHLDNG,22,-1,-0.07154679896183541,0.17294292151927948,0.017607212,0.10628119999999998,-0.1386739879333496,4
2026-09-01,BAJAJHLDNG,39,-1,-0.05190248984723232,0.15832526981830597,0.043940544,0.1062812,-0.11234065587158204,4
2026-09-01,BAJAJHLDNG,42,-1,-0.09891693400140411,0.15765538811683655,0.008791685,0.10628120000000002,-0.1474895148956299,4
2026-09-01,BAJAJHLDNG,54,-1,-0.07447560248847403,0.12135311961174011,0.27300715,0.10628119999999998,0.11672595446472171,4
2026-09-01,BAJAJHLDNG,55,-1,-0.31692350218705695,0.1514921933412552,-0.07067919,0.1062812,-0.2269603877746582,4
2026-09-01,BAJAJHLDNG,56,-1,-0.04675801846507887,0.16394269466400146,0.09709597,0.1062812,-0.05918523366088868,4
2026-09-01,BAJAJHLDNG,57,-1,-0.18889463789731062,0.18259935081005096,-0.2741933,0.1062812,-0.43047448689575196,4
2026-09-01,BAJFINANCE,3,1,0.0579912887552221,0.48619964718818665,-0.20870566,0.1062812,-0.3649868636810303,4
2026-09-01,BAJFINANCE,4,1,0.1074069480826418,0.4195159077644348,-0.17082095,0.10628119999999998,-0.32710215146179195,4
2026-09-01,BAJFINANCE,5,1,0.06620947158204755,0.37828660011291504,0.02849102,0.10628120000000002,-0.1277901797973633,4
2026-09-01,BAJFINANCE,6,1,0.04942580796551102,0.3544636070728302,0.08555651,0.1062812,-0.0707246928894043,4
2026-09-01,BAJFINANCE,7,1,0.08790048634471044,0.3232899010181427,0.26624203,0.1062812,0.10996082728271482,4
2026-09-01,BAJFINANCE,8,1,0.05510183650548033,0.29784873127937317,0.180614,0.1062812,0.024332794598388663,4
2026-09-01,BAJFINANCE,9,1,0.05437751983114837,0.28579777479171753,0.018978119,0.10628120000000002,-0.13730308110351563,4
2026-09-01,BAJFINANCE,10,1,0.06840023325986505,0.2800140380859375,0.08555651,0.1062812,-0.0707246928894043,4
2026-09-01,BAJFINANCE,11,1,0.06522988317477775,0.26697877049446106,0.16161203,0.1062812,0.005330833843994132,4
2026-09-01,BAJFINANCE,19,-1,-0.057167163219251846,0.14419791102409363,-0.10424852,0.10628119999999998,-0.26052972371215816,4
2026-09-01,BAJFINANCE,20,-1,-0.05356052677026866,0.13879485428333282,-0.1611352,0.1062812,-0.317416396685791,4
2026-09-01,BAJFINANCE,22,-1,-0.06371530420727121,0.14818941056728363,-0.037896633,0.1062812,-0.19417783314819337,4
2026-09-01,BAJFINANCE,42,-1,-0.04293257204524199,0.12488692998886108,0.08506179,0.1062812,-0.07121941144104005,4
2026-09-01,BAJFINANCE,54,-1,-0.060846886823776786,0.17206822335720062,0.5216718,0.1062812,0.3653905720031738,4
2026-09-01,BAJFINANCE,55,-1,-0.28834635475471687,0.18480569124221802,0.18067956,0.10628119999999998,0.02439835970764162,4
2026-09-01,BAJFINANCE,57,-1,-0.16367492711452267,0.18609261512756348,0.27571917,0.1062812,0.11943796580200193,4
2026-09-01,BALKRISIND,3,1,0.05288516424179541,0.7276939153671265,0.7321954,0.1062812,0.5759141773498535,4
2026-09-01,BALKRISIND,4,1,0.10834228001596992,0.8463888168334961,-0.3620088,0.1062812,-0.518290010043335,4
2026-09-01,BALKRISIND,5,1,0.06813823600075901,0.8284088969230652,-0.2652526,0.1062812,-0.42153379017944337,4
2026-09-01,BALKRISIND,7,1,0.09372680464726556,0.7352627515792847,-0.6005168,0.1062812,-0.7567979961120606,4
2026-09-01,BALKRISIND,8,1,0.07755088319202239,0.7293686270713806,-0.3037989,0.1062812,-0.4600801139556885,4
2026-09-01,BALKRISIND,9,1,0.07473405533532995,0.6809731125831604,-0.39755702,0.1062812,-0.5538382201873779,4
2026-09-01,BALKRISIND,10,1,0.07703272880701076,0.6452414989471436,-0.32923818,0.10628120000000002,-0.4855193763458252,4
2026-09-01,BALKRISIND,11,1,0.07718183781503699,0.610885500907898,-0.41885972,0.1062812,-0.5751409202301025,4
2026-09-01,BALKRISIND,12,1,0.0452916779794299,0.597909152507782,-0.047153234,0.10628119999999998,-0.20343443448181148,4
2026-09-01,BALKRISIND,19,-1,-0.04213476015107146,0.31089267134666443,0.034326315,0.10628119999999998,-0.12195488507385252,4
2026-09-01,BALKRISIND,22,-1,-0.055865400189114525,0.22890296578407288,0.12869835,0.10628120000000002,-0.027582851000976585,4
2026-09-01,BALKRISIND,54,-1,-0.06068729095169607,0.20302163064479828,0.034296513,0.1062812,-0.12198468739624024,4
2026-09-01,BALKRISIND,55,-1,-0.2849555708072559,0.19095225632190704,0.4205227,0.1062812,0.26424148981933593,4
2026-09-01,BALKRISIND,57,-1,-0.16153752481944864,0.16273273527622223,0.5191386,0.10628119999999998,0.3628573746002198,4
2026-09-01,BANKBARODA,3,1,0.054483144474253536,0.3495110869407654,-0.20570755,0.1062812,-0.36198875004882813,4
2026-09-01,BANKBARODA,4,1,0.10398457511120726,0.30576667189598083,-0.21420121,0.1062812,-0.3704824119293213,4
2026-09-01,BANKBARODA,7,1,0.05448128874957549,0.252105712890625,0.054717064,0.10628119999999998,-0.10156413609619139,4
2026-09-01,BANKBARODA,11,1,0.0431730084187897,0.21045595407485962,0.054705143,0.10628119999999998,-0.10157605702514647,4
2026-09-01,BANKBARODA,19,-1,-0.06411337081150577,0.13928000628948212,-0.8110523,0.10628119999999998,-0.9673335223876953,4
2026-09-01,BANKBARODA,20,-1,-0.0580743219132158,0.14709992706775665,-0.5326748,0.1062812,-0.688955989428711,4
2026-09-01,BANKBARODA,21,-1,-0.05096123295371315,0.14763112366199493,-0.27250051,0.1062812,-0.42878171498413087,4
2026-09-01,BANKBARODA,22,-1,-0.07086293957869107,0.16848985850811005,-0.02926588,0.10628119999999998,-0.18554708058471675,4
2026-09-01,BANKBARODA,39,-1,-0.05004234907120781,0.1593591719865799,0.39194822,0.10628119999999998,0.23566702311401372,4
2026-09-01,BANKBARODA,42,-1,-0.1021311548741739,0.12575726211071014,0.650841,0.10628119999999998,0.4945597976959229,4
2026-09-01,BANKBARODA,54,-1,-0.07040646504189926,0.1486322581768036,-0.29486418,0.1062812,-0.45114537770385743,4
2026-09-01,BANKBARODA,55,-1,-0.31223323922470064,0.15845496952533722,-0.25247335,0.10628119999999998,-0.40875455433959956,4
2026-09-01,BANKBARODA,56,-1,-0.049676134982917994,0.16232973337173462,-0.2440691,0.10628119999999998,-0.4003502994262695,4
2026-09-01,BANKBARODA,57,-1,-0.18647006418008866,0.1651185154914856,-0.13890266,0.1062812,-0.2951838641845703,4
2026-09-01,BANKINDIA,3,1,0.052935571671147846,0.40039315819740295,-0.4706025,0.10628119999999998,-0.6268837123596191,4
2026-09-01,BANKINDIA,4,1,0.10577220787018048,0.3884854018688202,-0.24636984,0.10628120000000002,-0.4026510387145996,4
2026-09-01,BANKINDIA,5,1,0.06599254767241096,0.34758999943733215,-0.10570288,0.10628119999999998,-0.2619840770446777,4
2026-09-01,BANKINDIA,7,1,0.07787839515473251,0.29816558957099915,0.014102459,0.10628119999999998,-0.14217874104614256,4
2026-09-01,BANKINDIA,8,1,0.054689324635361636,0.2822471559047699,-0.09880066,0.1062812,-0.2550818591796875,4
2026-09-01,BANKINDIA,9,1,0.05716478035602633,0.27284228801727295,-0.1621604,0.1062812,-0.31844159657592774,4
2026-09-01,BANKINDIA,10,1,0.06573425533386489,0.2733043432235718,-0.0070631504,0.10628119999999998,-0.16334435040588377,4
2026-09-01,BANKINDIA,11,1,0.053314401266906106,0.2587440013885498,0.12001991,0.10628119999999998,-0.03626128728027342,4
2026-09-01,BANKINDIA,19,-1,-0.056199857381090075,0.18076704442501068,-0.87201595,0.1062812,-1.0282971530639649,4
2026-09-01,BANKINDIA,20,-1,-0.050056848072684006,0.18090693652629852,-0.8790493,0.1062812,-1.035330501147461,4
2026-09-01,BANKINDIA,22,-1,-0.0627530102160842,0.18609508872032166,-0.5480647,0.10628119999999998,-0.7043459087097168,4
2026-09-01,BANKINDIA,42,-1,-0.04296726398347623,0.15008774399757385,0.41195154,0.1062812,0.25567034190063476,4
2026-09-01,BANKINDIA,54,-1,-0.058507685911512314,0.15828396379947662,0.29540062,0.1062812,0.13911941950683593,4
2026-09-01,BANKINDIA,55,-1,-0.2887498579792243,0.17316029965877533,-0.06343126,0.10628119999999998,-0.21971246296997066,4
2026-09-01,BANKINDIA,57,-1,-0.16814854827324713,0.17023538053035736,-0.11986494,0.1062812,-0.27614614064331056,4
2026-09-01,BDL,3,1,0.058942872640398894,0.6974334716796875,-0.13548732,0.1062812,-0.29176851803894044,4
2026-09-01,BDL,4,1,0.1129839744907606,0.617817223072052,0.03991127,0.1062812,-0.11636992985839845,4
2026-09-01,BDL,5,1,0.06746505886502308,0.5693798661231995,0.32852888,0.1062812,0.17224768107299804,4
2026-09-01,BDL,6,1,0.04135667422931005,0.5367316007614136,0.36057234,0.1062812,0.20429113810424804,4
2026-09-01,BDL,7,1,0.10358909251876779,0.4922776222229004,0.61633587,0.1062812,0.46005466883544927,4
2026-09-01,BDL,8,1,0.09485836674599739,0.4672200083732605,0.39978027,0.1062812,0.2434990734375,4
2026-09-01,BDL,9,1,0.08439574870191925,0.4448177218437195,0.4150033,0.1062812,0.25872209971313476,4
2026-09-01,BDL,10,1,0.08215244961529339,0.4200502634048462,0.6541252,0.1062812,0.4978440136230469,4
2026-09-01,BDL,11,1,0.08406942350006882,0.39828282594680786,0.62191486,0.10628119999999998,0.46563366358642583,4
2026-09-01,BDL,12,1,0.055899342475977866,0.3864286243915558,0.78217983,0.10628119999999998,0.6258986324584961,4
2026-09-01,BDL,20,-1,-0.046790757563447125,0.25609534978866577,-0.07135868,0.1062812,-0.22763988072509767,4
2026-09-01,BDL,22,-1,-0.0541471085572346,0.25259652733802795,0.047570467,0.1062812,-0.10871073300476075,4
2026-09-01,BDL,42,-1,-0.05724696544944173,0.17547450959682465,0.031787157,0.10628119999999995,-0.12449404294128413,4
2026-09-01,BDL,54,-1,-0.05973854250140642,0.18996615707874298,0.319463,0.10628119999999998,0.16318181460266118,4
2026-09-01,BDL,55,-1,-0.29887582649739564,0.2025444060564041,-0.20827055,0.10628119999999998,-0.3645517497741699,4
2026-09-01,BDL,57,-1,-0.170385905258687,0.19566239416599274,-0.17627478,0.1062812,-0.33255597645874024,4
2026-09-01,BEL,3,1,0.05303596903060138,0.33070647716522217,-0.27905703,0.1062812,-0.43533822590942384,4
2026-09-01,BEL,4,1,0.11021227666799677,0.31360363960266113,-0.1337111,0.10628120000000002,-0.2899922996246338,4
2026-09-01,BEL,5,1,0.05752709367149032,0.29414400458335876,0.012171268,0.10628119999999998,-0.14410993153686522,4
2026-09-01,BEL,7,1,0.07049311548307756,0.2721720039844513,0.024318695,0.1062812,-0.13196250493164063,4
2026-09-01,BEL,11,1,0.042360105974060674,0.22618579864501953,0.3894806,0.1062812,0.2331993908203125,4
2026-09-01,BEL,19,-1,-0.056199857381090075,0.16790558397769928,-0.012111664,0.10628119999999998,-0.16839286381835936,4
2026-09-01,BEL,20,-1,-0.05656332003654557,0.17060530185699463,-0.04849434,0.1062812,-0.20477553898925782,4
2026-09-01,BEL,22,-1,-0.05928934316174272,0.15684440732002258,-0.32755136,0.1062812,-0.48383256489868165,4
2026-09-01,BEL,42,-1,-0.045149125839293765,0.12802979350090027,0.16952753,0.10628119999999998,0.013246330670166034,4
2026-09-01,BEL,54,-1,-0.06291624427379566,0.0972059816122055,0.3766656,0.10628119999999998,0.22038439219360356,4
2026-09-01,BEL,55,-1,-0.2901317846085017,0.11491261422634125,0.03656149,0.1062812,-0.1197197108947754,4
2026-09-01,BEL,57,-1,-0.1639263347078141,0.12279213219881058,0.01219511,0.10628119999999998,-0.14408608967895506,4
2026-09-01,BERGEPAINT,3,1,0.05664668625490159,0.6515148282051086,-0.272727,0.10628119999999998,-0.4290082126342773,4
2026-09-01,BERGEPAINT,4,1,0.11164131176428206,0.5716592073440552,-0.41376948,0.1062812,-0.5700506835662842,4
2026-09-01,BERGEPAINT,5,1,0.04445523755083287,0.5069896578788757,-0.101059675,0.1062812,-0.2573408752166748,4
2026-09-01,BERGEPAINT,7,1,0.0904836165199552,0.4161181151866913,0.22249222,0.10628119999999998,0.06621101801757814,4
2026-09-01,BERGEPAINT,8,1,0.08199283300065419,0.3865512013435364,0.09095669,0.1062812,-0.06532451207275392,4
2026-09-01,BERGEPAINT,9,1,0.08760335536128992,0.3589478135108948,0.08093119,0.1062812,-0.07535001332397462,4
2026-09-01,BERGEPAINT,10,1,0.09190185072281598,0.34989768266677856,0.25336742,0.10628119999999998,0.0970862240112305,4
2026-09-01,BERGEPAINT,11,1,0.09111486261827462,0.3276578187942505,0.2532363,0.1062812,0.09695509379272459,4
2026-09-01,BERGEPAINT,12,1,0.04610472036915002,0.3151623606681824,0.12139082,0.1062812,-0.03489038045043946,4
2026-09-01,BERGEPAINT,19,-1,-0.05494843697850696,0.15298914909362793,0.060600042,0.1062812,-0.09568115765686036,4
2026-09-01,BERGEPAINT,20,-1,-0.05107942789595583,0.15672405064105988,-0.010108948,0.10628119999999998,-0.16639014775390623,4
2026-09-01,BERGEPAINT,22,-1,-0.06285793392067963,0.1493205726146698,0.1515925,0.1062812,-0.0046887069427490324,4
2026-09-01,BERGEPAINT,42,-1,-0.0564168463154202,0.13918814063072205,0.18274188,0.10628119999999998,0.026460680416870136,4
2026-09-01,BERGEPAINT,54,-1,-0.06927151781967804,0.15282730758190155,0.040757656,0.1062812,-0.1155235439025879,4
2026-09-01,BERGEPAINT,55,-1,-0.2970375972533185,0.16384369134902954,-0.3466606,0.10628119999999998,-0.5029418140136719,4
2026-09-01,BERGEPAINT,56,-1,-0.04414065360498407,0.16453862190246582,-0.48894882,0.1062812,-0.6452300220214844,4
2026-09-01,BERGEPAINT,57,-1,-0.17146964422331626,0.1660281866788864,-0.55018663,0.1062812,-0.7064678340637207,4
2026-09-01,BHARATFORG,3,1,0.05421586137549381,0.7479279041290283,-0.1806438,0.10628119999999998,-0.3369249969207763,4
2026-09-01,BHARATFORG,4,1,0.1087023395319234,0.6876033544540405,-0.26851296,0.10628119999999998,-0.4247941642486572,4
2026-09-01,BHARATFORG,7,1,0.0897159665213248,0.5019357800483704,0.40643215,0.1062812,0.2501509517944336,4
2026-09-01,BHARATFORG,8,1,0.07854596868164054,0.4660036861896515,0.47546625,0.1062812,0.319185051373291,4
2026-09-01,BHARATFORG,9,1,0.08649569574897831,0.4358057379722595,0.3622055,0.1062812,0.20592430537109374,4
2026-09-01,BHARATFORG,10,1,0.08553867778304654,0.4108595848083496,0.39144754,0.1062812,0.23516634409790038,4
2026-09-01,BHARATFORG,11,1,0.09132711143984451,0.3859091103076935,0.40614605,0.10628119999999998,0.24986484949951177,4
2026-09-01,BHARATFORG,12,1,0.050568962466377515,0.3921205401420593,0.17567873,0.1062812,0.01939753001098632,4
2026-09-01,BHARATFORG,19,-1,-0.06313043140542746,0.17363010346889496,-0.09255409,0.10628119999999998,-0.24883529240722652,4
2026-09-01,BHARATFORG,20,-1,-0.05796939820862037,0.18987812101840973,0.092345476,0.1062812,-0.06393572384948731,4
2026-09-01,BHARATFORG,21,-1,-0.05096123295371315,0.18395881354808807,0.13607144,0.10628120000000002,-0.020209756442260765,4
2026-09-01,BHARATFORG,22,-1,-0.07046165397906057,0.18621321022510529,0.0048696995,0.10628120000000002,-0.1514115005218506,4
2026-09-01,BHARATFORG,39,-1,-0.049828524691159296,0.13672055304050446,0.068205595,0.1062812,-0.08807560498352052,4
2026-09-01,BHARATFORG,42,-1,-0.09977235365142025,0.1221323236823082,-0.14613867,0.10628119999999998,-0.3024198680603027,4
2026-09-01,BHARATFORG,54,-1,-0.07404687100096437,0.15292306244373322,0.1362443,0.1062812,-0.02003690297241212,4
2026-09-01,BHARATFORG,55,-1,-0.31589184440221385,0.1617613583803177,-0.19475222,0.10628119999999998,-0.3510334163391113,4
2026-09-01,BHARATFORG,56,-1,-0.049586013974751104,0.1737929880619049,0.009727478,0.1062812,-0.14655372197265626,4
2026-09-01,BHARATFORG,57,-1,-0.1873189993546801,0.17831091582775116,-0.048661232,0.10628119999999998,-0.20494243199462886,4
2026-09-01,BHARTIARTL,3,1,0.05406924544662464,0.48201271891593933,0.18310547,0.10628119999999998,0.02682426875000002,4
2026-09-01,BHARTIARTL,4,1,0.10339413207213845,0.4343379735946655,0.07544756,0.10628119999999998,-0.08083364064331053,4
2026-09-01,BHARTIARTL,5,1,0.06318390305922605,0.4175635874271393,-0.112861395,0.1062812,-0.26914259488220216,4
2026-09-01,BHARTIARTL,6,1,0.043832905275060854,0.3881579339504242,0.12372732,0.10628119999999998,-0.03255387837524412,4
2026-09-01,BHARTIARTL,7,1,0.09198527770811867,0.3574713170528412,0.18849373,0.10628119999999998,0.03221252863769533,4
2026-09-01,BHARTIARTL,8,1,0.07336516330697232,0.33469149470329285,0.20436049,0.10628119999999998,0.048079285076904316,4
2026-09-01,BHARTIARTL,9,1,0.05334721262318089,0.31648093461990356,0.12896061,0.1062812,-0.027320590563964853,4
2026-09-01,BHARTIARTL,10,1,0.060391594297781015,0.29469114542007446,0.037634373,0.10628119999999998,-0.11864682728881834,4
2026-09-01,BHARTIARTL,11,1,0.0654287514541451,0.2867386043071747,0.13462305,0.1062812,-0.021658149310302743,4
2026-09-01,BHARTIARTL,19,-1,-0.05315691874651111,0.15492254495620728,-0.16102791,0.1062812,-0.3173091083251953,4
2026-09-01,BHARTIARTL,20,-1,-0.04747323634440308,0.14853887259960175,-0.13430119,0.1062812,-0.29058238560791017,4
2026-09-01,BHARTIARTL,22,-1,-0.06324647294978988,0.16019564867019653,0.021469593,0.1062812,-0.1348116069519043,4
2026-09-01,BHARTIARTL,42,-1,-0.04553766486840399,0.12421269714832306,-0.13376474,0.1062812,-0.29004594380493165,4
2026-09-01,BHARTIARTL,54,-1,-0.06271332271669756,0.1028052568435669,0.3692031,0.1062812,0.2129218906677246,4
2026-09-01,BHARTIARTL,55,-1,-0.28489744187474497,0.1145094633102417,0.19835234,0.10628119999999998,0.04207113688354494,4
2026-09-01,BHARTIARTL,56,-1,-0.04252508908836068,0.12282276153564453,0.31069517,0.1062812,0.15441397135620116,4
2026-09-01,BHARTIARTL,57,-1,-0.1671175762879329,0.12786510586738586,0.24654865,0.10628119999999998,0.09026745264892581,4
2026-09-01,BHEL,3,1,0.05191967498999649,0.6572874784469604,-1.2335718,0.10628119999999998,-1.3898529678070068,4
2026-09-01,BHEL,4,1,0.10785291613271601,0.6047319769859314,-0.9231508,0.10628119999999998,-1.0794319778167725,4
2026-09-01,BHEL,7,1,0.1056503731346523,0.5230742692947388,0.046515465,0.1062812,-0.10976573521728517,4
2026-09-01,BHEL,8,1,0.10126421599702165,0.5268200635910034,0.13978481,0.10628119999999998,-0.016496387072753887,4
2026-09-01,BHEL,9,1,0.09870751036350447,0.49365493655204773,0.09313822,0.1062812,-0.06314298207397462,4
2026-09-01,BHEL,10,1,0.0948866617546013,0.47752007842063904,0.3734827,0.1062812,0.21720150416259765,4
2026-09-01,BHEL,11,1,0.10402484961327536,0.4619927704334259,0.37282705,0.1062812,0.21654585307006835,4
2026-09-01,BHEL,12,1,0.06763060958855471,0.44648924469947815,0.40712357,0.1062812,0.2508423656738281,4
2026-09-01,BHEL,19,-1,-0.05631547778477614,0.2565205693244934,0.023168325,0.10628119999999998,-0.13311287457580565,4
2026-09-01,BHEL,20,-1,-0.04702422421904657,0.25480520725250244,-0.2556324,0.1062812,-0.4119136005126953,4
2026-09-01,BHEL,22,-1,-0.06630923818125417,0.22344760596752167,-0.069749355,0.1062812,-0.22603055531616212,4
2026-09-01,BHEL,39,-1,-0.05059915677378488,0.14777220785617828,0.7785201,0.1062812,0.6222389072692871,4
2026-09-01,BHEL,42,-1,-0.09714117146582647,0.1180775985121727,0.7217705,0.10628119999999998,0.5654893249786377,4
2026-09-01,BHEL,54,-1,-0.07300226479147391,0.17677052319049835,0.1993835,0.10628120000000002,0.04310229723815916,4
2026-09-01,BHEL,55,-1,-0.3171187242016667,0.19062185287475586,-0.12933016,0.1062812,-0.2856113582336426,4
2026-09-01,BHEL,56,-1,-0.046857709996014414,0.19717742502689362,-0.08223057,0.1062812,-0.23851176793212892,4
2026-09-01,BHEL,57,-1,-0.18784128865895786,0.20065118372440338,0.08228421,0.10628119999999995,-0.0739969878875732,4
2026-09-01,BIOCON,3,1,0.05078075706346072,0.5171791911125183,-0.5171716,0.10628119999999998,-0.6734528213226318,4
2026-09-01,BIOCON,4,1,0.11134984168713287,0.44647353887557983,-0.5054295,0.1062812,-0.6617107063018799,4
2026-09-01,BIOCON,7,1,0.0927358168777815,0.34778133034706116,-0.14844537,0.10628119999999998,-0.3047265678131103,4
2026-09-01,BIOCON,8,1,0.07930040570316309,0.331450492143631,-0.04951358,0.1062812,-0.205794778414917,4
2026-09-01,BIOCON,9,1,0.08678685739974135,0.3281342685222626,0.16107559,0.1062812,0.004794392041015616,4
2026-09-01,BIOCON,10,1,0.07835193810382127,0.3139468729496002,-0.061887503,0.1062812,-0.2181687026702881,4
2026-09-01,BIOCON,11,1,0.07844359555975848,0.31078511476516724,0.12391806,0.10628120000000002,-0.032363143511962914,4
2026-09-01,BIOCON,12,1,0.04446158578856634,0.29717811942100525,0.17337799,0.1062812,0.01709679072265624,4
2026-09-01,BIOCON,19,-1,-0.06286195040892266,0.1571798324584961,-0.061810017,0.10628119999999998,-0.21809121663208003,4
2026-09-01,BIOCON,20,-1,-0.05662871510687842,0.1500600278377533,-0.1359582,0.1062812,-0.292239394732666,4
2026-09-01,BIOCON,21,-1,-0.049251021228774616,0.15449264645576477,-0.0865221,0.1062812,-0.24280330235595704,4
2026-09-01,BIOCON,22,-1,-0.07102450965755765,0.1507934331893921,0.35802722,0.1062812,0.20174601977233886,4
2026-09-01,BIOCON,39,-1,-0.048441296724527114,0.1915946751832962,0.4078567,0.1062812,0.2515755028045654,4
2026-09-01,BIOCON,42,-1,-0.09887023222341056,0.19048799574375153,0.012403727,0.10628119999999998,-0.1438774734222412,4
2026-09-01,BIOCON,54,-1,-0.06334237937760595,0.13440175354480743,-0.14953613,0.10628119999999998,-0.30581733281249995,4
2026-09-01,BIOCON,55,-1,-0.31481431378976266,0.14260812103748322,-0.33682585,0.10628119999999998,-0.4931070476257324,4
2026-09-01,BIOCON,56,-1,-0.050108303279028876,0.15296024084091187,-0.14935732,0.10628120000000002,-0.30563851887817384,4
2026-09-01,BIOCON,57,-1,-0.18784128865895786,0.155608668923378,-0.01244545,0.1062812,-0.16872664982910157,4
2026-09-01,BLUESTARCO,4,1,0.06296239018989885,0.2267618030309677,-0.2184987,0.1062812,-0.37477990681762696,4
2026-09-01,BLUESTARCO,6,-1,-0.04481868397223736,0.22086487710475922,-0.17786026,0.1062812,-0.33414146000976563,4
2026-09-01,BLUESTARCO,19,-1,-0.057920899589423404,0.18712899088859558,-0.29193163,0.10628119999999998,-0.44821282918090816,4
2026-09-01,BLUESTARCO,20,-1,-0.04989379543557763,0.18975839018821716,-0.38727522,0.1062812,-0.5435564189636231,4
2026-09-01,BLUESTARCO,22,-1,-0.06166220425989115,0.18374758958816528,-0.10857582,0.1062812,-0.26485702092285157,4
2026-09-01,BLUESTARCO,42,-1,-0.04541518748403456,0.16482917964458466,0.2960205,0.1062812,0.1397393078125,4
2026-09-01,BLUESTARCO,54,-1,-0.05814143071782555,0.17360539734363556,-0.40379763,0.10628119999999998,-0.5600788264953613,4
2026-09-01,BLUESTARCO,55,-1,-0.28464820566301896,0.16077278554439545,-0.6196141,0.1062812,-0.7758953242980957,4
2026-09-01,BLUESTARCO,57,-1,-0.16173031845769376,0.16901256144046783,-0.3908515,0.10628119999999998,-0.5471326976501465,4
2026-09-01,BOSCHLTD,3,1,0.051439824637835585,0.4823397397994995,-0.020420551,0.1062812,-0.17670175130004884,4
2026-09-01,BOSCHLTD,4,1,0.11087934123922503,0.4244897961616516,0.07156134,0.10628119999999998,-0.084719863482666,4
2026-09-01,BOSCHLTD,7,1,0.07690835339353123,0.3180564045906067,-0.3779769,0.1062812,-0.5342580943786621,4
2026-09-01,BOSCHLTD,8,1,0.06806843726120122,0.29194924235343933,-0.35783648,0.1062812,-0.5141176849090576,4
2026-09-01,BOSCHLTD,9,1,0.07021684739723182,0.27675652503967285,-0.61255693,0.1062812,-0.7688381343566895,4
2026-09-01,BOSCHLTD,10,1,0.07954233871421093,0.26920899748802185,-0.30634403,0.1062812,-0.46262523228759767,4
2026-09-01,BOSCHLTD,11,1,0.06430255606261563,0.25624001026153564,-0.28591752,0.1062812,-0.4421987205230713,4
2026-09-01,BOSCHLTD,12,1,0.05290555173104795,0.2629445195198059,-0.0102341175,0.1062812,-0.16651531750793458,4
2026-09-01,BOSCHLTD,19,-1,-0.06463566011578353,0.1776757389307022,0.27593374,0.1062812,0.11965254252319334,4
2026-09-01,BOSCHLTD,20,-1,-0.05390005355525221,0.18483613431453705,0.35809278,0.10628120000000002,0.2018115848815918,4
2026-09-01,BOSCHLTD,21,-1,-0.048077779828850496,0.18927767872810364,0.35820007,0.10628119999999998,0.20191887324218755,4
2026-09-01,BOSCHLTD,22,-1,-0.07154679896183541,0.1899307519197464,0.33749342,0.1062812,0.1812122196472168,4
2026-09-01,BOSCHLTD,54,-1,-0.06442026996239703,0.29060715436935425,0.6331742,0.1062812,0.4768929809844971,4
2026-09-01,BOSCHLTD,55,-1,-0.26918253828592925,0.26542899012565613,0.5709529,0.1062812,0.4146716923034668,4
2026-09-01,BOSCHLTD,57,-1,-0.17086941077244217,0.25539371371269226,0.33260584,0.10628119999999998,0.1763246387756348,4
2026-09-01,BPCL,4,1,0.10126537167783066,0.7072966694831848,0.47363043,0.10628120000000002,0.317349228314209,4
2026-09-01,BPCL,7,1,0.048148819350385,0.5921486020088196,0.23610592,0.1062812,0.07982471888427732,4
2026-09-01,BPCL,8,1,0.04295570512203319,0.5385105609893799,0.22029877,0.10628119999999998,0.06401756708984377,4
2026-09-01,BPCL,9,1,0.06641139456890086,0.4970131814479828,0.22015572,0.1062812,0.0638745159423828,4
2026-09-01,BPCL,10,1,0.057719275286773106,0.46982672810554504,0.015711784,0.1062812,-0.14056941563720704,4
2026-09-01,BPCL,11,1,0.05756029811410977,0.443904310464859,-0.18856525,0.1062812,-0.3448464542114258,4
2026-09-01,BPCL,16,-1,-0.053197403679360114,0.2230394333600998,-0.031387806,0.1062812,-0.1876690059387207,4
2026-09-01,BPCL,19,-1,-0.07169162027129812,0.18853089213371277,-0.047135353,0.1062812,-0.20341655308837892,4
2026-09-01,BPCL,20,-1,-0.07755078021978705,0.16619117558002472,-0.2357006,0.1062812,-0.3919818072998047,4
2026-09-01,BPCL,21,-1,-0.07905169279249544,0.152692049741745,-0.078594685,0.1062812,-0.2348758846008301,4
2026-09-01,BPCL,22,-1,-0.09901004579174451,0.16478288173675537,0.26679635,0.10628119999999998,0.11051515047912601,4
2026-09-01,BPCL,23,-1,-0.041454600285464334,0.1647053360939026,0.1568377,0.10628119999999998,0.0005565017974853703,4
2026-09-01,BPCL,24,-1,-0.04563218189489544,0.16223594546318054,0.42293668,0.10628119999999998,0.2666554779327393,4
2026-09-01,BPCL,25,-1,-0.05976015892517829,0.16131950914859772,0.21956563,0.10628119999999998,0.06328442995910646,4
2026-09-01,BPCL,26,-1,-0.05730536354672221,0.16486117243766785,0.14129281,0.1062812,-0.014988389559936532,4
2026-09-01,BPCL,31,-1,-0.04115825445712571,0.21348725259304047,-0.4564762,0.1062812,-0.6127574115478516,4
2026-09-01,BPCL,32,-1,-0.06425827509515383,0.20770646631717682,-0.3929615,0.1062812,-0.5492427020751953,4
2026-09-01,BPCL,34,-1,-0.05407343307321418,0.20619507133960724,-0.1098156,0.1062812,-0.2660967975341797,4
2026-09-01,BPCL,38,-1,-0.047298961098833484,0.21153338253498077,-0.10968447,0.1062812,-0.26596566731567384,4
2026-09-01,BPCL,39,-1,-0.08044835090944275,0.2136046141386032,0.18785596,0.1062812,0.031574758938598624,4
2026-09-01,BPCL,40,-1,-0.04813405599869722,0.21485793590545654,0.047010183,0.1062812,-0.10927101666564942,4
2026-09-01,BPCL,41,-1,-0.04901733438655705,0.20373132824897766,-0.031352043,0.1062812,-0.18763324315185548,4
2026-09-01,BPCL,42,-1,-0.11986166079428896,0.1982579529285431,-0.06271601,0.10628119999999998,-0.21899720723266597,4
2026-09-01,BPCL,43,-1,-0.05757794198292029,0.19900396466255188,0.10956526,0.1062812,-0.04671594197387696,4
2026-09-01,BPCL,44,-1,-0.0540717464836463,0.17890824377536774,0.10958314,0.1062812,-0.046698060580444345,4
2026-09-01,BPCL,45,-1,-0.04692574967514447,0.16658258438110352,-0.015676022,0.1062812,-0.17195722157592774,4
2026-09-01,BPCL,50,-1,-0.04670576556424313,0.14549918472766876,0.75211525,0.1062812,0.595834049633789,4
2026-09-01,BPCL,52,-1,-0.041207081688976556,0.11751870065927505,0.75211525,0.1062812,0.595834049633789,4
2026-09-01,BPCL,54,-1,-0.06788954673266155,0.14744988083839417,0.07877946,0.1062812,-0.07750174100036622,4
2026-09-01,BPCL,55,-1,-0.3133935811444956,0.1714106649160385,-0.06314516,0.10628120000000002,-0.21942636067504884,4
2026-09-01,BPCL,56,-1,-0.06011470217922487,0.18462258577346802,0.11032224,0.10628119999999998,-0.04595896298522947,4
2026-09-01,BPCL,57,-1,-0.19996251500035572,0.18043212592601776,-0.04737377,0.1062812,-0.20365497166748048,4
2026-09-01,BPCL,61,-1,-0.048255676549843945,0.1734464466571808,-0.29958487,0.1062812,-0.45586606557006837,4
2026-09-01,BRITANNIA,3,1,0.04457122361190483,0.29597097635269165,-0.4773736,0.10628119999999998,-0.6336548000061035,4
2026-09-01,BRITANNIA,4,1,0.10536063667207168,0.2830910384654999,-0.28680563,0.1062812,-0.4430868297302246,4
2026-09-01,BRITANNIA,5,1,0.06622022078086996,0.2843813896179199,-0.07669926,0.1062812,-0.23298045689697267,4
2026-09-01,BRITANNIA,7,1,0.05657314106354902,0.2491614818572998,0.047910213,0.10628119999999998,-0.108370986529541,4
2026-09-01,BRITANNIA,19,-1,-0.05217834649522627,0.15841013193130493,0.08639693,0.1062812,-0.0698842673980713,4
2026-09-01,BRITANNIA,20,-1,-0.05656332003654557,0.1689443439245224,0.34475923,0.1062812,0.1884780258453369,4
2026-09-01,BRITANNIA,22,-1,-0.06285793392067963,0.17241379618644714,0.5268216,0.10628119999999998,0.3705404133117676,4
2026-09-01,BRITANNIA,54,-1,-0.06300980209056378,0.12945476174354553,0.08726716,0.1062812,-0.0690140395843506,4
2026-09-01,BRITANNIA,55,-1,-0.2875159208384935,0.13373801112174988,-0.058209896,0.1062812,-0.2144910960876465,4
2026-09-01,BRITANNIA,56,-1,-0.04262308694086337,0.12816959619522095,0.029104948,0.1062812,-0.12717625195617677,4
2026-09-01,BRITANNIA,57,-1,-0.16852233074767997,0.1240849569439888,0.019419193,0.10628120000000002,-0.13686200673217774,4
2026-09-01,BSE,3,1,0.058142625531955726,0.6461950540542603,-0.17112494,0.1062812,-0.3274061351501465,4
2026-09-01,BSE,4,1,0.11162361686897165,0.5698568224906921,-0.49172044,0.1062812,-0.64800163800354,4
2026-09-01,BSE,5,1,0.06575594181291686,0.5207529067993164,-0.44687986,0.1062812,-0.6031610637390137,4
2026-09-01,BSE,7,1,0.09018998322591953,0.45576247572898865,-0.3674209,0.1062812,-0.5237021117889404,4
2026-09-01,BSE,8,1,0.07296294721319786,0.42266446352005005,-0.44423938,0.1062812,-0.6005205779754639,4
2026-09-01,BSE,9,1,0.07591781131108222,0.4031590223312378,-0.57851076,0.1062812,-0.7347919612609863,4
2026-09-01,BSE,10,1,0.07481365937874306,0.3851299285888672,-0.69808364,0.1062812,-0.8543648391448975,4
2026-09-01,BSE,11,1,0.07989814563909613,0.3793105483055115,-0.3868878,0.10628119999999998,-0.543168988772583,4
2026-09-01,BSE,12,1,0.047584593334877766,0.37296685576438904,-0.30741096,0.1062812,-0.46369215542907716,4
2026-09-01,BSE,19,-1,-0.052304843527226655,0.2088014781475067,-0.0030875206,0.10628119999999998,-0.15936872059936522,4
2026-09-01,BSE,20,-1,-0.05130732908707257,0.19693830609321594,0.12947917,0.10628119999999998,-0.026802030154418927,4
2026-09-01,BSE,22,-1,-0.06395612985280365,0.19402006268501282,0.47172308,0.10628119999999998,0.31544187968139653,4
2026-09-01,BSE,42,-1,-0.04600649612588535,0.18932956457138062,0.6473422,0.10628119999999998,0.49106100504760747,4
2026-09-01,BSE,54,-1,-0.059521109626449645,0.1996578872203827,0.3895402,0.1062812,0.23325899546508788,4
2026-09-01,BSE,55,-1,-0.2880509116704506,0.2065485566854477,-0.024795532,0.1062812,-0.1810767322265625,4
2026-09-01,BSE,56,-1,-0.04452882553390844,0.20427832007408142,0.19807816,0.10628120000000002,0.0417969555175781,4
2026-09-01,BSE,57,-1,-0.16218070485488137,0.21759940683841705,-0.043427944,0.10628119999999998,-0.19970914418334956,4
2026-09-01,CANBK,3,1,0.052935571671147846,0.40093347430229187,-0.27645826,0.1062812,-0.4327394633972168,4
2026-09-01,CANBK,4,1,0.10997950958103239,0.3654782176017761,-0.14238358,0.1062812,-0.29866477543945313,4
2026-09-01,CANBK,5,1,0.07172081754978206,0.34485501050949097,0.16647577,0.1062812,0.010194572857666007,4
2026-09-01,CANBK,7,1,0.07524519009928327,0.2893379032611847,0.18231869,0.1062812,0.026037487438964835,4
2026-09-01,CANBK,8,1,0.05797807572516251,0.26411008834838867,0.047528744,0.10628119999999998,-0.1087524562561035,4
2026-09-01,CANBK,10,1,0.04473158646037096,0.24266447126865387,-0.1188159,0.1062812,-0.2750970988952637,4
2026-09-01,CANBK,11,1,0.04247889508273934,0.23170167207717896,0.007927418,0.1062812,-0.14835378224487306,4
2026-09-01,CANBK,19,-1,-0.05274120217372334,0.12055721879005432,-0.5544543,0.1062812,-0.7107355266296387,4
2026-09-01,CANBK,20,-1,-0.05339552289608586,0.1153537780046463,-0.5066514,0.1062812,-0.6629326015197754,4
2026-09-01,CANBK,22,-1,-0.06285793392067963,0.12699709832668304,-0.102734566,0.1062812,-0.2590157657348633,4
2026-09-01,CANBK,42,-1,-0.04281295629519601,0.09523028880357742,0.33134222,0.1062812,0.17506102030639648,4
2026-09-01,CANBK,54,-1,-0.05774938556911215,0.13106709718704224,0.2780199,0.1062812,0.12173870509033201,4
2026-09-01,CANBK,55,-1,-0.2907879187061841,0.14141491055488586,0.031799078,0.1062812,-0.12448212201232911,4
2026-09-01,CANBK,56,-1,-0.04262308694086337,0.14196038246154785,0.015896559,0.1062812,-0.14038464123840333,4
2026-09-01,CANBK,57,-1,-0.16409787485068617,0.14216381311416626,-0.0318408,0.1062812,-0.18812200123901368,4
2026-09-01,CGPOWER,3,1,0.05157437757795988,0.7080246210098267,-0.3314972,0.1062812,-0.4877783923828125,4
2026-09-01,CGPOWER,4,1,0.11281581740013144,0.6087488532066345,-0.32022,0.10628120000000002,-0.4765011935913086,4
2026-09-01,CGPOWER,7,1,0.10503376372382349,0.47108638286590576,0.28208494,0.1062812,0.12580374186401366,4
2026-09-01,CGPOWER,8,1,0.08272072909078045,0.4421404302120209,-0.016897917,0.1062812,-0.17317911679382325,4
2026-09-01,CGPOWER,9,1,0.0897436902530266,0.4130983352661133,0.1691103,0.1062812,0.012829098156738272,4
2026-09-01,CGPOWER,10,1,0.09220241980608172,0.38948655128479004,0.25365353,0.10628120000000002,0.09737232630615232,4
2026-09-01,CGPOWER,11,1,0.09871024453233773,0.3668117821216583,0.44531822,0.1062812,0.28903702204589843,4
2026-09-01,CGPOWER,12,1,0.06549492035918975,0.3452153503894806,0.4679203,0.10628119999999998,0.3116391033447266,4
2026-09-01,CGPOWER,19,-1,-0.06409104024146381,0.1791624277830124,-0.21322966,0.1062812,-0.36951085621948243,4
2026-09-01,CGPOWER,20,-1,-0.05573689717940406,0.18960469961166382,-0.20763874,0.1062812,-0.3639199405395508,4
2026-09-01,CGPOWER,21,-1,-0.04415179416032512,0.1891210973262787,-0.2586007,0.10628120000000002,-0.4148819118225098,4
2026-09-01,CGPOWER,22,-1,-0.06936365009197452,0.19831155240535736,0.20745397,0.10628119999999998,0.05117276614074709,4
2026-09-01,CGPOWER,39,-1,-0.052008715310458996,0.18323399126529694,0.090008974,0.1062812,-0.06627222592468263,4
2026-09-01,CGPOWER,42,-1,-0.10112786019336942,0.17999891936779022,0.32603145,0.10628119999999998,0.16975024645690923,4
2026-09-01,CGPOWER,54,-1,-0.07300226479147391,0.14263160526752472,0.4005015,0.1062812,0.24422028963928222,4
2026-09-01,CGPOWER,55,-1,-0.31481431378976266,0.16365140676498413,-0.14135838,0.1062812,-0.2976395755493164,4
2026-09-01,CGPOWER,57,-1,-0.19026595578193922,0.1677875816822052,-0.32263994,0.1062812,-0.47892114216918946,4
2026-09-01,CHOLAFIN,3,1,0.06366083732078062,0.6595181226730347,-0.07683635,0.1062812,-0.23311754757995606,4
2026-09-01,CHOLAFIN,4,1,0.1443546352490027,0.6133018136024475,0.46806335,0.10628119999999998,0.31178215449218755,4
2026-09-01,CHOLAFIN,5,1,0.06875028082241647,0.5264511704444885,0.47335625,0.10628119999999998,0.31707504694824223,4
2026-09-01,CHOLAFIN,7,1,0.10289704194271232,0.4479043483734131,0.66678524,0.1062812,0.5105040401733398,4
2026-09-01,CHOLAFIN,8,1,0.08045079514790048,0.4459809958934784,0.23062229,0.1062812,0.0743410915649414,4
2026-09-01,CHOLAFIN,9,1,0.07703036833970749,0.4354490339756012,0.0767827,0.10628120000000002,-0.07949849660034182,4
2026-09-01,CHOLAFIN,10,1,0.08961014171051482,0.4129272401332855,0.093352795,0.1062812,-0.06292840535278321,4
2026-09-01,CHOLAFIN,11,1,0.0840022817472349,0.396455317735672,0.0,0.1062812,-0.1562812,4
2026-09-01,CHOLAFIN,12,1,0.04802281340114777,0.38052746653556824,0.10404587,0.1062812,-0.052235332080078134,4
2026-09-01,CHOLAFIN,19,-1,-0.05439629540886469,0.20786543190479279,-0.25718212,0.1062812,-0.4134633212768555,4
2026-09-01,CHOLAFIN,20,-1,-0.05573689717940406,0.19428615272045135,-0.15865564,0.1062812,-0.3149368434631348,4
2026-09-01,CHOLAFIN,21,-1,-0.04940529709272547,0.1989447921514511,-0.027346611,0.1062812,-0.18362781102294923,4
2026-09-01,CHOLAFIN,22,-1,-0.06120251055032114,0.18380095064640045,0.19117594,0.10628119999999998,0.03489473765258791,4
2026-09-01,CHOLAFIN,39,-1,-0.0409415207625934,0.19313570857048035,-0.12534857,0.10628119999999998,-0.28162976796264644,4
2026-09-01,CHOLAFIN,42,-1,-0.07751428121035706,0.1990402489900589,0.3264606,0.1062812,0.17017939989929198,4
2026-09-01,CHOLAFIN,54,-1,-0.06907173453968325,0.21151717007160187,1.2187123,0.1062812,1.062431129864502,4
2026-09-01,CHOLAFIN,55,-1,-0.2685882980123262,0.2566024661064148,0.80879927,0.1062812,0.6525180668151855,4
2026-09-01,CHOLAFIN,57,-1,-0.15686317357042542,0.24729256331920624,0.60979724,0.1062812,0.4535160393035889,4
2026-09-01,CHOLAFIN,63,1,0.045074629663168095,0.35863903164863586,-0.35871863,0.1062812,-0.5149998336517334,4
2026-09-01,CHOLAFIN,64,1,0.10277545105013351,0.3683541417121887,0.14369488,0.1062812,-0.01258632237548829,4
2026-09-01,CHOLAFIN,65,1,0.10219625009512616,0.3688789904117584,0.077331066,0.1062812,-0.07895013386840821,4
2026-09-01,CHOLAFIN,66,1,0.1010378489723845,0.36994633078575134,-0.060671568,0.1062812,-0.21695276791687013,4
2026-09-01,CHOLAFIN,67,1,0.09012537232835177,0.3709290325641632,-0.07159114,0.10628119999999998,-0.22787233883972163,4
2026-09-01,CIPLA,3,1,0.046563556446007126,0.28705140948295593,-0.5912483,0.1062812,-0.7475294738494873,4
2026-09-01,CIPLA,4,1,0.1118162345348651,0.31801947951316833,-0.2967596,0.1062812,-0.45304080540771485,4
2026-09-01,CIPLA,5,1,0.062133407218901725,0.28380289673805237,-0.3603518,0.1062812,-0.5166330009185791,4
2026-09-01,CIPLA,19,-1,-0.05668372810459054,0.11074478179216385,0.0707984,0.1062812,-0.08548280293579102,4
2026-09-01,CIPLA,20,-1,-0.05525007138851376,0.10923519730567932,0.049567223,0.1062812,-0.10671397740478517,4
2026-09-01,CIPLA,22,-1,-0.06535513309993306,0.12377925962209702,0.162673,0.1062812,0.006391796520996085,4
2026-09-01,CIPLA,42,-1,-0.04194867551993712,0.101983942091465,-0.25571585,0.10628119999999998,-0.4119970470153808,4
2026-09-01,CIPLA,54,-1,-0.06482198286684072,0.12899696826934814,0.056648254,0.1062812,-0.09963294560546876,4
2026-09-01,CIPLA,55,-1,-0.29236363955450145,0.12493270635604858,0.014156103,0.10628119999999998,-0.1421250968658447,4
2026-09-01,CIPLA,56,-1,-0.04452882553390844,0.12040598690509796,-0.028336048,0.10628119999999998,-0.18461724812622066,4
2026-09-01,CIPLA,57,-1,-0.1691213127334806,0.11584452539682388,-0.0,0.1062812,-0.1562812,4
2026-09-01,COALINDIA,3,1,0.054362375982983414,0.5181982517242432,-0.37027597,0.1062812,-0.5265571742736816,4
2026-09-01,COALINDIA,4,1,0.10624448831380076,0.44208356738090515,-0.41985512,0.1062812,-0.5761363177978516,4
2026-09-01,COALINDIA,5,1,0.060717475799142606,0.38304656744003296,-0.45713186,0.1062812,-0.6134130626403809,4
2026-09-01,COALINDIA,7,1,0.09018879541370887,0.3341993987560272,-0.17329454,0.1062812,-0.3295757442199707,4
2026-09-01,COALINDIA,8,1,0.057044468732003216,0.31353119015693665,-0.11138916,0.1062812,-0.26767036015625,4
2026-09-01,COALINDIA,9,1,0.06300672598581752,0.297287255525589,0.02477169,0.10628119999999998,-0.13150950963134764,4
2026-09-01,COALINDIA,10,1,0.06348547495736644,0.2815569043159485,-0.061941147,0.1062812,-0.21822234685058595,4
2026-09-01,COALINDIA,11,1,0.06607389514063274,0.26765069365501404,0.012397766,0.1062812,-0.14388343388671876,4
2026-09-01,COALINDIA,19,-1,-0.05274120217372334,0.14973318576812744,0.19846559,0.1062812,0.042184385708618155,4
2026-09-01,COALINDIA,20,-1,-0.0495872323948714,0.1578051894903183,0.18617511,0.1062812,0.029893907955932608,4
2026-09-01,COALINDIA,22,-1,-0.056447127959221084,0.15991578996181488,0.024878979,0.10628119999999998,-0.13140222127075193,4
2026-09-01,COALINDIA,54,-1,-0.061444934722087695,0.11937393993139267,0.29925704,0.1062812,0.1429758400238037,4
2026-09-01,COALINDIA,55,-1,-0.2854778601115337,0.12127675861120224,0.08739233,0.10628119999999998,-0.06888886983032225,4
2026-09-01,COALINDIA,56,-1,-0.040913938496785554,0.12127675861120224,-0.0,0.10628119999999998,-0.15628119999999998,4
2026-09-01,COALINDIA,57,-1,-0.16238872640660834,0.12582917511463165,-0.024986267,0.1062812,-0.18126746708984376,4
2026-09-01,COCHINSHIP,3,1,0.0577053444035875,0.5342593789100647,-0.5345106,0.1062812,-0.690791812487793,4
2026-09-01,COCHINSHIP,4,1,0.10862065617032701,0.4867289662361145,-0.2744317,0.10628119999999998,-0.43071290547485347,4
2026-09-01,COCHINSHIP,5,1,0.08567345501974413,0.4936527609825134,0.12761354,0.1062812,-0.02866765553588868,4
2026-09-01,COCHINSHIP,6,1,0.05603719025163691,0.45952749252319336,0.33626556,0.1062812,0.17998436396484374,4
2026-09-01,COCHINSHIP,7,1,0.09831083122686217,0.4344252049922943,0.33618212,0.10628119999999998,0.17990091746215825,4
2026-09-01,COCHINSHIP,8,1,0.08118789496464902,0.4065416157245636,0.38340092,0.1062812,0.22711971705322265,4
2026-09-01,COCHINSHIP,9,1,0.07973115858181894,0.3876398801803589,0.29557943,0.1062812,0.1392982334411621,4
2026-09-01,COCHINSHIP,10,1,0.08101212176048846,0.37800076603889465,0.228405,0.1062812,0.07212379877929687,4
2026-09-01,COCHINSHIP,11,1,0.08232412484811087,0.370272696018219,0.3556013,0.1062812,0.19932011072998046,4
2026-09-01,COCHINSHIP,12,1,0.04668300884229086,0.353451132774353,0.38244724,0.1062812,0.2261660427368164,4
2026-09-01,COCHINSHIP,19,-1,-0.05453899781550696,0.2181878536939621,-0.2405405,0.1062812,-0.3968217044555664,4
2026-09-01,COCHINSHIP,20,-1,-0.054225895302733834,0.21112515032291412,-0.31434298,0.10628119999999998,-0.47062417561645503,4
2026-09-01,COCHINSHIP,22,-1,-0.06285793392067963,0.19763220846652985,0.046765804,0.1062812,-0.10951539570922852,4
2026-09-01,COCHINSHIP,54,-1,-0.05765582775234403,0.16484366357326508,0.3722489,0.10628119999999998,0.21596768801574712,4
2026-09-01,COCHINSHIP,55,-1,-0.28983634152423543,0.1723981648683548,0.1763165,0.10628119999999998,0.020035299710083027,4
2026-09-01,COCHINSHIP,57,-1,-0.16657430039321003,0.18585097789764404,-0.067937374,0.1062812,-0.22421857411499024,4
2026-09-01,COFORGE,3,1,0.05250192891897843,0.6972048878669739,-0.15605092,0.1062812,-0.3123321204864502,4
2026-09-01,COFORGE,4,1,0.10879366643485301,0.6190754771232605,-0.2722323,0.1062812,-0.4285134940826416,4
2026-09-01,COFORGE,5,1,0.061483520510108136,0.5474256277084351,0.005042553,0.1062812,-0.15123864705200196,4
2026-09-01,COFORGE,7,1,0.08578602761884653,0.4368148744106293,-0.1764834,0.1062812,-0.3327645927154541,4
2026-09-01,COFORGE,8,1,0.07250242016038429,0.40707695484161377,-0.15643239,0.1062812,-0.3127135902130127,4
2026-09-01,COFORGE,9,1,0.07220972107044317,0.3815515637397766,-0.4385054,0.1062812,-0.5947866111480713,4
2026-09-01,COFORGE,10,1,0.07333658647759979,0.35888752341270447,-0.21176338,0.10628119999999998,-0.36804458195800777,4
2026-09-01,COFORGE,11,1,0.07940842058841112,0.37154969573020935,-0.020217896,0.10628120000000002,-0.1764990955078125,4
2026-09-01,COFORGE,12,1,0.04260216698621079,0.37138205766677856,-0.12100935,0.1062812,-0.27729054982299806,4
2026-09-01,COFORGE,19,-1,-0.056199857381090075,0.21636278927326202,0.41900277,0.10628120000000002,0.26272157137756347,4
2026-09-01,COFORGE,20,-1,-0.04902437671637433,0.2229209989309311,0.34903288,0.1062812,0.1927516788757324,4
2026-09-01,COFORGE,22,-1,-0.05928934316174272,0.2231806069612503,0.25281906,0.1062812,0.09653786127929685,4
2026-09-01,COFORGE,42,-1,-0.045044202134698334,0.19553211331367493,-0.30246973,0.10628119999999998,-0.4587509303771972,4
2026-09-01,COFORGE,54,-1,-0.054473341611266095,0.22231058776378632,0.6477058,0.10628119999999998,0.49142459338073735,4
2026-09-01,COFORGE,55,-1,-0.2849699389281059,0.230963334441185,0.25860667,0.10628119999999998,0.10232547228698734,4
2026-09-01,COFORGE,57,-1,-0.16389408247515733,0.2383364737033844,-0.07121563,0.1062812,-0.22749682957763673,4
2026-09-01,COLPAL,3,1,0.05003434014647875,0.5887593626976013,-0.28032064,0.1062812,-0.4366018443786621,4
2026-09-01,COLPAL,4,1,0.10906332620484487,0.5316053032875061,0.0972271,0.10628120000000002,-0.059054103442382835,4
2026-09-01,COLPAL,7,1,0.0808644439495158,0.48097801208496094,0.48167706,0.10628119999999998,0.32539585535888677,4
2026-09-01,COLPAL,8,1,0.07115782928255308,0.4428345859050751,0.5407691,0.10628119999999998,0.38448790018920903,4
2026-09-01,COLPAL,9,1,0.0839577656032485,0.41511109471321106,0.50332546,0.10628119999999998,0.34704426234130864,4
2026-09-01,COLPAL,10,1,0.08201914664474845,0.389723539352417,0.28105974,0.1062812,0.12477854197387693,4
2026-09-01,COLPAL,11,1,0.08724804118825215,0.3835922181606293,0.15654564,0.1062812,0.0002644390380859285,4
2026-09-01,COLPAL,12,1,0.0500158607602952,0.3648383617401123,-0.07014871,0.1062812,-0.22642990643615724,4
2026-09-01,COLPAL,19,-1,-0.0576565600914224,0.22061073780059814,-0.037801266,0.1062812,-0.19408246571655274,4
2026-09-01,COLPAL,20,-1,-0.05281630779558488,0.20863467454910278,0.24251938,0.10628120000000002,0.08623817866210935,4
2026-09-01,COLPAL,21,-1,-0.04415179416032512,0.21403072774410248,0.12418032,0.1062812,-0.03210088307495118,4
2026-09-01,COLPAL,22,-1,-0.07154679896183541,0.216450035572052,0.3827691,0.1062812,0.2264879078186035,4
2026-09-01,COLPAL,39,-1,-0.046643203618907544,0.15903878211975098,0.11885166,0.1062812,-0.0374295383178711,4
2026-09-01,COLPAL,42,-1,-0.10283013496207885,0.160890132188797,0.16202927,0.10628119999999998,0.005748066357421894,4
2026-09-01,COLPAL,54,-1,-0.07447560248847403,0.14066848158836365,-0.10279417,0.1062812,-0.2590753703796387,4
2026-09-01,COLPAL,55,-1,-0.3138467263339761,0.1403813362121582,-0.18414259,0.1062812,-0.3404237895690918,4
2026-09-01,COLPAL,56,-1,-0.050108303279028876,0.1528290957212448,-0.075662136,0.1062812,-0.23194333607788087,4
2026-09-01,COLPAL,57,-1,-0.1862322252877188,0.16396810114383698,0.07021427,0.10628119999999998,-0.08606692845458982,4
2026-09-01,CONCOR,3,1,0.05560448604759661,0.657193124294281,-0.08754134,0.1062812,-0.24382254178161622,4
2026-09-01,CONCOR,4,1,0.11482098348825877,0.583303689956665,0.02925396,0.1062812,-0.1270272403442383,4
2026-09-01,CONCOR,5,1,0.08392040031935415,0.5506707429885864,0.51783323,0.10628119999999998,0.3615520328796387,4
2026-09-01,CONCOR,6,1,0.04988970895476376,0.5004217624664307,0.60653687,0.10628119999999998,0.45025566523437505,4
2026-09-01,CONCOR,7,1,0.0929102810200244,0.45739343762397766,0.5377412,0.1062812,0.38145998423461913,4
2026-09-01,CONCOR,8,1,0.07258557919148959,0.4214203357696533,0.5963445,0.1062812,0.4400632709777832,4
2026-09-01,CONCOR,9,1,0.07417443119683904,0.39675775170326233,0.6058812,0.1062812,0.4496000141418457,4
2026-09-01,CONCOR,10,1,0.0717361964515586,0.4053404927253723,0.68159103,0.1062812,0.5253098339355469,4
2026-09-01,CONCOR,11,1,0.06950703958838479,0.40058040618896484,0.7995367,0.10628120000000002,0.6432555050170898,4
2026-09-01,CONCOR,19,-1,-0.056670556871437225,0.2376352995634079,0.29013753,0.1062812,0.13385632937316894,4
2026-09-01,CONCOR,20,-1,-0.04913569455379296,0.2379113882780075,-0.08713007,0.1062812,-0.24341126973266602,4
2026-09-01,CONCOR,22,-1,-0.055924957785944356,0.24644973874092102,0.009703636,0.10628119999999998,-0.1465775638305664,4
2026-09-01,CONCOR,54,-1,-0.06281824642129298,0.19768376648426056,0.62898993,0.1062812,0.4727087349212647,4
2026-09-01,CONCOR,55,-1,-0.28649552502127174,0.20851585268974304,0.36857724,0.1062812,0.212296041897583,4
2026-09-01,CONCOR,56,-1,-0.041855081899879965,0.1980670988559723,0.46539307,0.10628119999999998,0.30911186640625005,4
2026-09-01,CONCOR,57,-1,-0.16195054897184824,0.20386472344398499,0.48501492,0.1062812,0.3287337154663086,4
2026-09-01,COROMANDEL,3,1,0.05157252613190787,0.44841352105140686,-0.7061064,0.1062812,-0.862387624331665,4
2026-09-01,COROMANDEL,4,1,0.10425334357518282,0.3805941343307495,-0.7685125,0.1062812,-0.924793687411499,4
2026-09-01,COROMANDEL,5,1,0.061746042775103274,0.35617056488990784,0.3268242,0.1062812,0.17054298823242187,4
2026-09-01,COROMANDEL,6,1,0.05722644041788802,0.45092976093292236,1.0609031,0.1062812,0.9046218723571777,4
2026-09-01,COROMANDEL,7,1,0.10079495269561074,0.4163816571235657,0.98028183,0.10628119999999998,0.8240006298339844,4
2026-09-01,COROMANDEL,8,1,0.08663451236549242,0.3813244700431824,1.0332584,0.10628119999999998,0.8769772381103516,4
2026-09-01,COROMANDEL,9,1,0.07392232918305852,0.37575846910476685,0.9960532,0.1062812,0.8397720188415527,4
2026-09-01,COROMANDEL,10,1,0.07371667029364429,0.3529297113418579,1.1377931,0.1062812,0.9815118641174316,4
2026-09-01,COROMANDEL,11,1,0.0735800181223721,0.33322861790657043,1.2433529,0.1062812,1.0870716900146484,4
2026-09-01,COROMANDEL,20,-1,-0.04684166978787941,0.2388755828142166,-0.23919344,0.1062812,-0.3954746394836426,4
2026-09-01,COROMANDEL,22,-1,-0.05611623661146316,0.25073686242103577,0.15035272,0.1062812,-0.0059284835540771574,4
2026-09-01,COROMANDEL,54,-1,-0.05876763171378117,0.16032661497592926,-0.03632307,0.10628120000000002,-0.19260427052612306,4
2026-09-01,COROMANDEL,55,-1,-0.2877325097125533,0.16588065028190613,0.11412501,0.10628119999999998,-0.04215618664855955,4
2026-09-01,COROMANDEL,57,-1,-0.1645358604222094,0.1772853583097458,0.1761198,0.10628119999999998,0.019838604382324238,4
2026-09-01,CRISIL,3,1,0.05857443791582569,0.4312778413295746,-0.004184246,0.1062812,-0.16046544606323243,4
2026-09-01,CRISIL,4,1,0.11480087934465641,0.3867622911930084,0.10681152,0.1062812,-0.04946967656250001,4
2026-09-01,CRISIL,5,1,0.07800235450288351,0.36235612630844116,0.3270507,0.1062812,0.17076948588256835,4
2026-09-01,CRISIL,7,1,0.08693624959006678,0.34140855073928833,1.0925651,0.1062812,0.9362838596618652,4
2026-09-01,CRISIL,8,1,0.05712691754991928,0.32070139050483704,1.4228821,0.10628119999999998,1.266600880078125,4
2026-09-01,CRISIL,9,1,0.06650610089371728,0.3117005228996277,1.5462995,0.10628119999999998,1.3900182575500488,4
2026-09-01,CRISIL,10,1,0.07247636724630946,0.3237651288509369,1.6548991,0.1062812,1.4986179203308105,4
2026-09-01,CRISIL,11,1,0.0635425689728476,0.3153623342514038,1.484108,0.1062812,1.3278267711914062,4
2026-09-01,CRISIL,42,-1,-0.04607039616496294,0.187802255153656,0.17955303,0.1062812,0.02327183192138671,4
2026-09-01,CRISIL,54,-1,-0.06092264541780992,0.1752186417579651,0.13238192,0.1062812,-0.02389928395385743,4
2026-09-01,CRISIL,55,-1,-0.29054915329679487,0.1834437996149063,-0.23388863,0.10628119999999998,-0.39016982609863277,4
2026-09-01,CRISIL,57,-1,-0.1630933169017834,0.1823202520608902,-0.31089783,0.1062812,-0.4671790271484375,4
2026-09-01,CRISIL,65,1,0.05066783481897806,0.26680102944374084,-0.45454502,0.10628119999999998,-0.6108262210571289,4
2026-09-01,CRISIL,66,1,0.05758303867120256,0.2766386568546295,-0.55802464,0.10628120000000002,-0.7143058448516846,4
2026-09-01,CRISIL,67,1,0.057689195490468394,0.2715129554271698,-1.5201628,0.1062812,-1.67644402081604,4
2026-09-01,CUMMINSIND,3,1,0.05186333769845462,0.419323205947876,-0.48053265,0.10628119999999998,-0.6368138461791992,4
2026-09-01,CUMMINSIND,4,1,0.10666404257614863,0.3690616488456726,-0.372988,0.1062812,-0.5292691856109619,4
2026-09-01,CUMMINSIND,5,1,0.05937431581662376,0.32570624351501465,-0.42227507,0.1062812,-0.5785562663757324,4
2026-09-01,CUMMINSIND,7,1,0.07453988809644341,0.29029718041419983,-0.13779402,0.1062812,-0.29407521779174806,4
2026-09-01,CUMMINSIND,8,1,0.06506012416107769,0.2758348882198334,-0.18717647,0.1062812,-0.3434576659881592,4
2026-09-01,CUMMINSIND,9,1,0.06569465441467726,0.27101606130599976,0.0,0.1062812,-0.1562812,4
2026-09-01,CUMMINSIND,10,1,0.07327356978446174,0.2678539454936981,0.088727474,0.1062812,-0.06755372578735352,4
2026-09-01,CUMMINSIND,11,1,0.0509559516042235,0.25533661246299744,0.12807846,0.1062812,-0.028202739306640634,4
2026-09-01,CUMMINSIND,19,-1,-0.05663825179218312,0.1678936779499054,0.13768673,0.10628120000000002,-0.01859447056884768,4
2026-09-01,CUMMINSIND,20,-1,-0.05107942789595583,0.17519418895244598,0.009846687,0.10628119999999998,-0.14643451268310545,4
2026-09-01,CUMMINSIND,22,-1,-0.06100984624066145,0.17294713854789734,0.18700957,0.1062812,0.030728372982788077,4
2026-09-01,CUMMINSIND,42,-1,-0.04567141514357154,0.1507764309644699,-0.187397,0.10628120000000002,-0.34367820317382813,4
2026-09-01,CUMMINSIND,54,-1,-0.06144290657679556,0.1512869894504547,-0.108361244,0.1062812,-0.26464244420166017,4
2026-09-01,CUMMINSIND,55,-1,-0.2897819677588693,0.1525890976190567,-0.14765263,0.10628119999999998,-0.3039338260375976,4
2026-09-01,CUMMINSIND,56,-1,-0.04233863652895545,0.1573564112186432,-0.0590086,0.10628120000000002,-0.21528979832763673,4
2026-09-01,CUMMINSIND,57,-1,-0.16843310235038184,0.1482241153717041,-0.049185753,0.10628120000000002,-0.20546695286865235,4
2026-09-01,DABUR,3,1,0.0445883424313595,0.3003006875514984,-0.22199154,0.10628119999999998,-0.3782727390014648,4
2026-09-01,DABUR,4,1,0.10166419736044802,0.2931940257549286,0.510478,0.1062812,0.35419681971435546,4
2026-09-01,DABUR,5,1,0.07396450600572253,0.2886005640029907,0.76065063,0.10628119999999998,0.604369434765625,4
2026-09-01,DABUR,7,1,0.05846959518036832,0.24265556037425995,1.062429,0.1062812,0.9061477512634277,4
2026-09-01,DABUR,19,-1,-0.05272320912347677,0.19985173642635345,-0.0,0.10628119999999998,-0.15628119999999998,4
2026-09-01,DABUR,20,-1,-0.049370057083437266,0.20777484774589539,0.24564266,0.1062812,0.08936146204833982,4
2026-09-01,DABUR,22,-1,-0.059160926967553894,0.2200925350189209,0.24598837,0.10628120000000002,0.08970716898803709,4
2026-09-01,DABUR,54,-1,-0.05779395272357105,0.1233273297548294,0.038927794,0.1062812,-0.11735340649719239,4
2026-09-01,DABUR,55,-1,-0.28649552502127174,0.13086439669132233,-0.10398626,0.1062812,-0.2602674632751465,4
2026-09-01,DABUR,56,-1,-0.04252508908836068,0.12798035144805908,-0.025975704,0.10628120000000002,-0.18225690419311524,4
2026-09-01,DABUR,57,-1,-0.16550851291669386,0.13718314468860626,0.025963783,0.10628120000000002,-0.13031741673583985,4
2026-09-01,DALBHARAT,3,1,0.07238694250229798,0.7762971520423889,0.15170574,0.1062812,-0.00457545811767579,4
2026-09-01,DALBHARAT,4,1,0.132553275162964,0.6612021923065186,0.3963232,0.1062812,0.24004200404052733,4
2026-09-01,DALBHARAT,5,1,0.048387860877105164,0.5731831192970276,0.4289031,0.1062812,0.27262190287475585,4
2026-09-01,DALBHARAT,7,1,0.07703081672723626,0.4924144744873047,0.18954277,0.1062812,0.03326157038574218,4
2026-09-01,DALBHARAT,8,1,0.08002649394254478,0.4579239785671234,0.12456179,0.10628119999999998,-0.03171941334838865,4
2026-09-01,DALBHARAT,9,1,0.08803517801393403,0.4236563742160797,0.10287762,0.10628119999999998,-0.05340358311767576,4
2026-09-01,DALBHARAT,10,1,0.08774254180332211,0.40376827120780945,0.059509277,0.10628119999999998,-0.09677192265624998,4
2026-09-01,DALBHARAT,11,1,0.09043307774598056,0.3794442415237427,0.09189844,0.1062812,-0.06438275868530274,4
2026-09-01,DALBHARAT,12,1,0.0588679007159358,0.36012300848960876,-0.18934011,0.1062812,-0.34562131459350587,4
2026-09-01,DALBHARAT,19,-1,-0.0576565600914224,0.20673692226409912,0.005418062,0.1062812,-0.150863137789917,4
2026-09-01,DALBHARAT,20,-1,-0.05173439581002426,0.20030760765075684,-0.048804283,0.1062812,-0.20508548314208985,4
2026-09-01,DALBHARAT,21,-1,-0.047007643821309224,0.19873619079589844,0.102978945,0.1062812,-0.053302255221557626,4
2026-09-01,DALBHARAT,22,-1,-0.06917642197753947,0.1976059526205063,-0.027132034,0.10628119999999998,-0.18341323430175777,4
2026-09-01,DALBHARAT,39,-1,-0.05599347558117298,0.23404355347156525,-0.07683039,0.1062812,-0.23311158711547852,4
2026-09-01,DALBHARAT,42,-1,-0.10908320584240065,0.21560774743556976,0.08766055,0.10628119999999998,-0.06862064892883299,4
2026-09-01,DALBHARAT,54,-1,-0.07549619603305988,0.1072024330496788,0.016486645,0.1062812,-0.13979455525512696,4
2026-09-01,DALBHARAT,55,-1,-0.31761171914331865,0.12303091585636139,-0.18712282,0.1062812,-0.34340402180786134,4
2026-09-01,DALBHARAT,56,-1,-0.052954339391157644,0.11949977278709412,-0.24774075,0.10628119999999998,-0.40402194554443355,4
2026-09-01,DALBHARAT,57,-1,-0.18903887409578488,0.12311173230409622,-0.08260012,0.1062812,-0.23888131672973634,4
2026-09-01,DIVISLAB,3,1,0.052296640499448835,0.4562789499759674,0.14704466,0.10628119999999998,-0.00923654133911131,4
2026-09-01,DIVISLAB,4,1,0.10930676376436245,0.39512354135513306,0.0,0.1062812,-0.1562812,4
2026-09-01,DIVISLAB,7,1,0.06412937566466341,0.3017452359199524,-0.18478036,0.1062812,-0.3410615592681885,4
2026-09-01,DIVISLAB,8,1,0.056424474456388936,0.29997339844703674,-0.032645464,0.1062812,-0.18892666394348145,4
2026-09-01,DIVISLAB,9,1,0.05827753810357959,0.28440916538238525,-0.0054359436,0.1062812,-0.16171714360351563,4
2026-09-01,DIVISLAB,10,1,0.07531042935733456,0.2684411108493805,0.065255165,0.10628119999999998,-0.09102603489990232,4
2026-09-01,DIVISLAB,11,1,0.06043278423891201,0.2581201195716858,0.16869307,0.1062812,0.012411865643310538,4
2026-09-01,DIVISLAB,19,-1,-0.06229909473042559,0.1479358822107315,0.5218804,0.10628119999999998,0.36559918825988774,4
2026-09-01,DIVISLAB,20,-1,-0.04944140182753723,0.15118186175823212,0.3101349,0.10628119999999998,0.15385368769531255,4
2026-09-01,DIVISLAB,21,-1,-0.04415179416032512,0.1486150026321411,0.3594756,0.10628119999999998,0.2031944126403809,4
2026-09-01,DIVISLAB,22,-1,-0.06643522079258324,0.13344226777553558,0.49019456,0.10628119999999998,0.3339133590972901,4
2026-09-01,DIVISLAB,39,-1,-0.056581049379234145,0.1561109572649002,0.08742213,0.10628119999999998,-0.06885906750793455,4
2026-09-01,DIVISLAB,42,-1,-0.09850658513447347,0.1534544825553894,-0.20772219,0.1062812,-0.36400338704223634,4
2026-09-01,DIVISLAB,54,-1,-0.07859687449969759,0.17133823037147522,0.53948164,0.10628119999999998,0.3832004398620606,4
2026-09-01,DIVISLAB,55,-1,-0.31181717815872956,0.17478570342063904,0.60493946,0.1062812,0.4486582607543945,4
2026-09-01,DIVISLAB,56,-1,-0.05224452134308371,0.17295242846012115,0.35451055,0.10628119999999998,0.19822934573059087,4
2026-09-01,DIVISLAB,57,-1,-0.18907610677438413,0.1874970644712448,0.065624714,0.10628119999999998,-0.0906564861022949,4
2026-09-01,DIXON,3,1,0.057680951262314754,0.4433833658695221,0.1364708,0.1062812,-0.019810405322265634,4
2026-09-01,DIXON,4,1,0.1093514268173989,0.3993185758590698,-0.18393397,0.1062812,-0.34021517331237794,4
2026-09-01,DIXON,7,1,0.08290534974886363,0.3387371897697449,0.19112825,0.10628119999999998,0.0348470539367676,4
2026-09-01,DIXON,8,1,0.0592774333979283,0.32213810086250305,0.054574013,0.1062812,-0.10170718724365235,4
2026-09-01,DIXON,9,1,0.06265254446522252,0.31356510519981384,0.07498264,0.1062812,-0.0812985568725586,4
2026-09-01,DIXON,10,1,0.07034139538657716,0.2979711890220642,-0.047677755,0.10628119999999998,-0.20395895535583491,4
2026-09-01,DIXON,11,1,0.08300106225426546,0.2906315326690674,0.054597855,0.1062812,-0.1016833453857422,4
2026-09-01,DIXON,12,1,0.04663834021814468,0.2830752432346344,0.1294136,0.10628119999999998,-0.026867595263671856,4
2026-09-01,DIXON,19,-1,-0.06411337081150577,0.1788143813610077,-0.20421743,0.10628119999999998,-0.3604986339294433,4
2026-09-01,DIXON,20,-1,-0.0580743219132158,0.1830381453037262,-0.08158684,0.10628119999999998,-0.23786803776855464,4
2026-09-01,DIXON,21,-1,-0.04816587624599976,0.1734693944454193,-0.05441904,0.1062812,-0.21070024067993165,4
2026-09-01,DIXON,22,-1,-0.07102450965755765,0.1636955291032791,0.02720356,0.1062812,-0.12907764012451173,4
2026-09-01,DIXON,39,-1,-0.04994765038858236,0.10075443983078003,0.08858442,0.1062812,-0.06769677693481446,4
2026-09-01,DIXON,42,-1,-0.09795180378957252,0.11493245512247086,0.11590719,0.1062812,-0.0403740077697754,4
2026-09-01,DIXON,54,-1,-0.07300226479147391,0.13035836815834045,0.30075312,0.1062812,0.144471916607666,4
2026-09-01,DIXON,55,-1,-0.31514271510157754,0.13793642818927765,0.0890255,0.1062812,-0.06725570256347657,4
2026-09-01,DIXON,56,-1,-0.04715315308028067,0.1432090550661087,-0.0,0.1062812,-0.1562812,4
2026-09-01,DIXON,57,-1,-0.18907610677438413,0.1497885286808014,-0.13705492,0.10628119999999995,-0.29333612019653316,4
2026-09-01,DLF,4,1,0.08156494067599446,0.444478303194046,0.0074505806,0.1062812,-0.14883061940307618,4
2026-09-01,DLF,7,1,0.08295574802782085,0.43100103735923767,0.69657564,0.1062812,0.5402944416320801,4
2026-09-01,DLF,8,1,0.07110889782562443,0.41081342101097107,0.45654774,0.1062812,0.300266537121582,4
2026-09-01,DLF,9,1,0.06017748980850861,0.39088135957717896,0.3512621,0.1062812,0.19498089259033202,4
2026-09-01,DLF,10,1,0.06222563249738912,0.3667597770690918,0.12696981,0.1062812,-0.0293113856994629,4
2026-09-01,DLF,11,1,0.06351948594797972,0.3523479402065277,0.0,0.1062812,-0.1562812,4
2026-09-01,DLF,14,-1,-0.042209486042919776,0.2842465937137604,0.26031733,0.10628119999999998,0.10403612559204105,4
2026-09-01,DLF,19,-1,-0.0652571899384568,0.2414804846048355,-0.31278133,0.1062812,-0.46906253392333985,4
2026-09-01,DLF,20,-1,-0.08225536316586742,0.211241215467453,-0.32022,0.1062812,-0.4765011935913086,4
2026-09-01,DLF,21,-1,-0.07288885299774231,0.19388464093208313,-0.34310818,0.10628119999999998,-0.49938937718505855,4
2026-09-01,DLF,22,-1,-0.09043741796555725,0.19050417840480804,-0.17879009,0.1062812,-0.3350712924682617,4
2026-09-01,DLF,23,-1,-0.042433181938815935,0.20001818239688873,0.09659529,0.1062812,-0.05968591267700196,4
2026-09-01,DLF,24,-1,-0.04573542094185059,0.1998845785856247,0.15593767,0.1062812,-0.0003435283386230559,4
2026-09-01,DLF,25,-1,-0.06076035581293829,0.19474223256111145,0.044590235,0.1062812,-0.11169096524353028,4
2026-09-01,DLF,26,-1,-0.06163936264586376,0.18188592791557312,0.14110804,0.1062812,-0.015173163958740243,4
2026-09-01,DLF,28,-1,-0.04255154782569422,0.17415152490139008,-0.2081871,0.1062812,-0.3644683032714844,4
2026-09-01,DLF,31,-1,-0.04775887158042226,0.15458711981773376,-0.19340515,0.10628119999999998,-0.34968635136718745,4
2026-09-01,DLF,32,-1,-0.06637039279547645,0.15349003672599792,-0.20073652,0.1062812,-0.35701772267456056,4
2026-09-01,DLF,33,-1,-0.04775887158042226,0.14608699083328247,-0.2603054,0.1062812,-0.41658660466308595,4
2026-09-01,DLF,34,-1,-0.047433559174435445,0.16628549993038177,0.044488907,0.1062812,-0.11179229313964845,4
2026-09-01,DLF,35,-1,-0.040875252235014606,0.16112054884433746,-0.0074267387,0.1062812,-0.16370793873901368,4
2026-09-01,DLF,36,-1,-0.04425246046851975,0.1558089405298233,0.007414818,0.1062812,-0.14886638218994142,4
2026-09-01,DLF,38,-1,-0.04499401507189142,0.15538351237773895,-0.09651184,0.10628119999999998,-0.25279304082031245,4
2026-09-01,DLF,39,-1,-0.07887200620776623,0.15951907634735107,0.014841557,0.10628120000000002,-0.14143964345092774,4
2026-09-01,DLF,40,-1,-0.05422167171437069,0.1557742804288864,0.07417798,0.1062812,-0.08210321957702638,4
2026-09-01,DLF,41,-1,-0.04387504104033293,0.15576337277889252,0.10386109,0.1062812,-0.052420106478881845,4
2026-09-01,DLF,42,-1,-0.12762948752507097,0.147329643368721,-0.074231625,0.10628119999999998,-0.23051282460327144,4
2026-09-01,DLF,43,-1,-0.05389084496058461,0.14784851670265198,-0.118768215,0.10628119999999998,-0.2750494151794433,4
2026-09-01,DLF,44,-1,-0.052495401781969805,0.15311433374881744,-0.08157492,0.1062812,-0.23785611683959962,4
2026-09-01,DLF,45,-1,-0.045349404973467976,0.15364466607570648,-0.11868477,0.1062812,-0.2749659686767578,4
2026-09-01,DLF,52,-1,-0.04141591625476816,0.13177739083766937,0.25937557,0.1062812,0.10309437220458982,4
2026-09-01,DLF,53,-1,-0.049983734361715104,0.13777218759059906,0.18545985,0.1062812,0.02917865221862792,4
2026-09-01,DLF,54,-1,-0.07296393760588864,0.15189839899539948,-0.13383627,0.1062812,-0.2901174693786621,4
2026-09-01,DLF,55,-1,-0.3224186980436682,0.1617964208126068,-0.20827055,0.10628119999999998,-0.3645517497741699,4
2026-09-01,DLF,56,-1,-0.07782048992740165,0.18213342130184174,-0.022244453,0.1062812,-0.1785256534301758,4
2026-09-01,DLF,57,-1,-0.2022232025363752,0.2011108696460724,-0.26763678,0.1062812,-0.423917975970459,4
2026-09-01,DLF,61,-1,-0.04913003625978127,0.23337405920028687,-0.29702187,0.1062812,-0.45330306584472657,4
2026-09-01,DMART,3,1,0.04994773313900725,0.4879157245159149,-0.15234947,0.10628119999999998,-0.3086306720458984,4
2026-09-01,DMART,4,1,0.10742584477185219,0.41765040159225464,-0.2836883,0.10628119999999998,-0.43996950680847163,4
2026-09-01,DMART,7,1,0.08752356010757883,0.34162652492523193,-0.15006065,0.1062812,-0.30634185368652345,4
2026-09-01,DMART,8,1,0.06057782339383216,0.314911425113678,-0.1921475,0.10628119999999998,-0.3484286933624267,4
2026-09-01,DMART,9,1,0.07014919150458053,0.29348990321159363,-0.2105236,0.1062812,-0.3668048053466797,4
2026-09-01,DMART,10,1,0.07221086095348246,0.27168360352516174,-0.21572113,0.10628120000000002,-0.37200233037109376,4
2026-09-01,DMART,11,1,0.08648255089937411,0.265835165977478,-0.0131726265,0.1062812,-0.16945382649536134,4
2026-09-01,DMART,12,1,0.05385832149259405,0.26452380418777466,0.10020733,0.1062812,-0.05607387120361329,4
2026-09-01,DMART,19,-1,-0.06463566011578353,0.11441133916378021,0.239712,0.1062812,0.08343079989318845,4
2026-09-01,DMART,20,-1,-0.05623747828906395,0.10497479140758514,0.25547743,0.1062812,0.09919622843627927,4
2026-09-01,DMART,21,-1,-0.04415179416032512,0.11534011363983154,0.14780164,0.10628119999999998,-0.008479562350463848,4
2026-09-01,DMART,22,-1,-0.06643522079258324,0.1205536276102066,0.2901554,0.1062812,0.13387421076660155,4
2026-09-01,DMART,39,-1,-0.0499333561624819,0.11590634286403656,-0.12991428,0.1062812,-0.2861954837524414,4
2026-09-01,DMART,42,-1,-0.10023564589205755,0.13076509535312653,-0.2149105,0.1062812,-0.37119170720214845,4
2026-09-01,DMART,54,-1,-0.07447560248847403,0.13836418092250824,-0.3858328,0.10628119999999998,-0.5421139865600586,4
2026-09-01,DMART,55,-1,-0.3119954003323308,0.13716977834701538,-0.42017698,0.1062812,-0.5764581828796387,4
2026-09-01,DMART,56,-1,-0.047925154409167996,0.15071435272693634,-0.20018816,0.1062812,-0.35646935994262696,4
2026-09-01,DMART,57,-1,-0.19149312384308803,0.1606338769197464,-0.39283037,0.1062812,-0.5491115718566895,4
2026-09-01,DRREDDY,3,1,0.051578043234919234,0.4172693192958832,-0.34919977,0.1062812,-0.5054809718811035,4
2026-09-01,DRREDDY,4,1,0.10527449382647551,0.3577512800693512,-0.37478805,0.1062812,-0.5310692458831787,4
2026-09-01,DRREDDY,5,1,0.0629559190261692,0.3265746533870697,-0.43449402,0.10628119999999998,-0.5907752185546875,4
2026-09-01,DRREDDY,7,1,0.07083868803106204,0.29007843136787415,-0.28157234,0.1062812,-0.4378535419189453,4
2026-09-01,DRREDDY,8,1,0.05920177023487962,0.26461824774742126,-0.31573176,0.1062812,-0.4720129638397217,4
2026-09-01,DRREDDY,19,-1,-0.05724165007745896,0.12138676643371582,0.042694807,0.1062812,-0.1135863929473877,4
2026-09-01,DRREDDY,20,-1,-0.05411817854770602,0.11349550634622574,0.10250211,0.10628119999999998,-0.05377909237976072,4
2026-09-01,DRREDDY,22,-1,-0.061503308974367114,0.11843801289796829,0.10253787,0.1062812,-0.05374332959289552,4
2026-09-01,DRREDDY,42,-1,-0.04596677915025118,0.15929575264453888,0.26287436,0.10628119999999998,0.1065931648529053,4
2026-09-01,DRREDDY,54,-1,-0.057580286985442784,0.12572930753231049,0.28061867,0.1062812,0.12433746760253904,4
2026-09-01,DRREDDY,55,-1,-0.28727951674400215,0.1351388692855835,0.06814599,0.1062812,-0.08813520962829591,4
2026-09-01,DRREDDY,57,-1,-0.16693224378467444,0.1387563794851303,0.2726376,0.1062812,0.11635640566711423,4
2026-09-01,EICHERMOT,3,1,0.051388562376718,0.32929813861846924,0.7338643,0.10628119999999998,0.5775831074035644,4
2026-09-01,EICHERMOT,4,1,0.10212347805719553,0.3038483262062073,0.79101324,0.1062812,0.634732040814209,4
2026-09-01,EICHERMOT,5,1,0.04598857321505422,0.280305415391922,0.7282734,0.10628119999999998,0.5719921917236328,4
2026-09-01,EICHERMOT,7,1,0.06746097688532167,0.3083239793777466,-0.006246567,0.1062812,-0.16252776677246095,4
2026-09-01,EICHERMOT,8,1,0.05359821929117511,0.29305556416511536,-0.0062525272,0.10628120000000002,-0.16253372723693849,4
2026-09-01,EICHERMOT,9,1,0.052602978843139955,0.2987401783466339,-0.3742516,0.1062812,-0.5305328040802002,4
2026-09-01,EICHERMOT,10,1,0.057878313933353714,0.29321861267089844,-0.44831634,0.1062812,-0.6045975356781006,4
2026-09-01,EICHERMOT,11,1,0.060363279709524605,0.2766531705856323,-0.42330623,0.1062812,-0.5795874267303467,4
2026-09-01,EICHERMOT,19,-1,-0.051228513199231905,0.24682776629924774,0.43038726,0.1062812,0.2741060585296631,4
2026-09-01,EICHERMOT,20,-1,-0.04308800841468555,0.25808456540107727,0.7089555,0.10628119999999998,0.5526743263519287,4
2026-09-01,EICHERMOT,22,-1,-0.06091099190132255,0.21766169369220734,0.7276118,0.10628119999999998,0.571330580166626,4
2026-09-01,EICHERMOT,54,-1,-0.050625133284255185,0.2839778661727905,-0.050640106,0.1062812,-0.20692130620117188,4
2026-09-01,EICHERMOT,55,-1,-0.26986942289911037,0.25141990184783936,-0.13927221,0.1062812,-0.29555341298217774,4
2026-09-01,EICHERMOT,57,-1,-0.165639659284865,0.2355334609746933,-0.20262003,0.1062812,-0.3589012294494629,4
2026-09-01,ENDURANCE,3,1,0.06415667595433015,0.7358556985855103,0.080025196,0.1062812,-0.07625600392456056,4
2026-09-01,ENDURANCE,4,1,0.11817855238431237,0.6216961145401001,-0.04171729,0.10628119999999998,-0.19799849087829585,4
2026-09-01,ENDURANCE,5,1,0.06738883729557092,0.5472458004951477,0.013899803,0.1062812,-0.14238139683837892,4
2026-09-01,ENDURANCE,7,1,0.08718105285724503,0.46986860036849976,-0.121575594,0.1062812,-0.27785679394836427,4
2026-09-01,ENDURANCE,8,1,0.07077799552469734,0.4452778398990631,0.24306774,0.1062812,0.08678654139404295,4
2026-09-01,ENDURANCE,9,1,0.07611221096784995,0.4193882942199707,0.26072264,0.10628119999999998,0.1044414371765137,4
2026-09-01,ENDURANCE,10,1,0.07834169888547833,0.3985545039176941,0.34766197,0.1062812,0.19138077204589843,4
2026-09-01,ENDURANCE,11,1,0.08036150805140413,0.37826016545295715,0.23649931,0.1062812,0.0802181095397949,4
2026-09-01,ENDURANCE,12,1,0.0420008240436018,0.36711472272872925,0.25373697,0.1062812,0.09745577280883787,4
2026-09-01,ENDURANCE,19,-1,-0.04158736919965494,0.26275157928466797,0.5056143,0.1062812,0.3493330807006836,4
2026-09-01,ENDURANCE,22,-1,-0.0456741567788937,0.2672237157821655,0.73554516,0.1062812,0.5792639583862305,4
2026-09-01,ENDURANCE,42,-1,-0.04567141514357154,0.16776689887046814,0.31098127,0.10628119999999998,0.1547000736511231,4
2026-09-01,ENDURANCE,54,-1,-0.06120709582971786,0.14864139258861542,0.277704,0.10628120000000002,0.12142280047302244,4
2026-09-01,ENDURANCE,55,-1,-0.2887498579792243,0.17655178904533386,0.24647713,0.10628120000000002,0.09019592707519529,4
2026-09-01,ENDURANCE,56,-1,-0.040913938496785554,0.17571674287319183,0.21467805,0.10628119999999998,0.05839684908752443,4
2026-09-01,ENDURANCE,57,-1,-0.16399778977784737,0.16631031036376953,-0.0669837,0.1062812,-0.223264899798584,4
2026-09-01,ESCORTS,3,1,0.058821570180609295,0.917980432510376,-1.3394415,0.10628120000000002,-1.4957227378570557,4
2026-09-01,ESCORTS,4,1,0.11264355910731437,0.7855584025382996,-1.1954665,0.1062812,-1.3517477184020996,4
2026-09-01,ESCORTS,5,1,0.12235902330701945,0.9041276574134827,0.016570091,0.1062812,-0.13971110875244142,4
2026-09-01,ESCORTS,6,1,0.07400821162506876,0.8060555458068848,-0.14894605,0.1062812,-0.30522724682922364,4
2026-09-01,ESCORTS,7,1,0.11511728946666944,0.7334930896759033,-0.15570521,0.10628119999999998,-0.3119864135467529,4
2026-09-01,ESCORTS,8,1,0.08542448093461485,0.6843388676643372,-0.066286325,0.1062812,-0.22256752545471192,4
2026-09-01,ESCORTS,9,1,0.09485099037870534,0.6246896386146545,-0.25862455,0.10628119999999998,-0.4149057536804199,4
2026-09-01,ESCORTS,10,1,0.09125973043534111,0.6158983707427979,-0.07304549,0.1062812,-0.22932669217224122,4
2026-09-01,ESCORTS,11,1,0.09102781136702509,0.5892201662063599,-0.38764477,0.1062812,-0.5439259677612305,4
2026-09-01,ESCORTS,12,1,0.04954825234177849,0.5540014505386353,-0.2354145,0.1062812,-0.3916957050048828,4
2026-09-01,ESCORTS,19,-1,-0.056421040619812124,0.217686265707016,-0.2359271,0.1062812,-0.3922083049499512,4
2026-09-01,ESCORTS,20,-1,-0.053871886325727134,0.20814910531044006,-0.42200089,0.1062812,-0.5782820850097656,4
2026-09-01,ESCORTS,22,-1,-0.06535513309993306,0.21224714815616608,-0.23531914,0.10628119999999998,-0.39160033757324214,4
2026-09-01,ESCORTS,42,-1,-0.046573574284459934,0.14764386415481567,0.22229552,0.1062812,0.06601432268981933,4
2026-09-01,ESCORTS,54,-1,-0.06187472652606628,0.13913898169994354,-0.17678738,0.1062812,-0.3330685764038086,4
2026-09-01,ESCORTS,55,-1,-0.29357835147470135,0.15157416462898254,-0.46697855,0.1062812,-0.6232597499572754,4
2026-09-01,ESCORTS,56,-1,-0.05030238675351768,0.15087109804153442,-0.2764821,0.1062812,-0.43276330525512696,4
2026-09-01,ESCORTS,57,-1,-0.17195853326696672,0.1601516306400299,-0.2798438,0.10628119999999998,-0.43612500722045894,4
2026-09-01,ETERNAL,3,1,0.04941771152422074,0.7139604687690735,0.13815165,0.10628119999999998,-0.01812955433959959,4
2026-09-01,ETERNAL,4,1,0.10473440893004754,0.6664660573005676,0.13818741,0.1062812,-0.018093791552734384,4
2026-09-01,ETERNAL,7,1,0.07952032381666295,0.5027658343315125,0.42971373,0.10628119999999998,0.2734325260437012,4
2026-09-01,ETERNAL,8,1,0.06880796873054056,0.47339481115341187,0.38325787,0.1062812,0.2269766659057617,4
2026-09-01,ETERNAL,9,1,0.07660856272802623,0.44550058245658875,0.26025772,0.10628119999999998,0.10397652094726566,4
2026-09-01,ETERNAL,10,1,0.0803103219850977,0.4361533522605896,0.33720732,0.1062812,0.1809261173522949,4
2026-09-01,ETERNAL,11,1,0.0876516191318641,0.41398531198501587,0.16869307,0.1062812,0.012411865643310538,4
2026-09-01,ETERNAL,12,1,0.05239948506257487,0.4195186197757721,-0.1222074,0.1062812,-0.2784886031829834,4
2026-09-01,ETERNAL,19,-1,-0.04408342799170526,0.2622033953666687,-0.122344494,0.1062812,-0.2786256938659668,4
2026-09-01,ETERNAL,22,-1,-0.06330258870586448,0.25564923882484436,-0.27526617,0.1062812,-0.431547370501709,4
2026-09-01,ETERNAL,39,-1,-0.04528079487550179,0.23576639592647552,-0.030565262,0.10628119999999998,-0.18684646184082027,4
2026-09-01,ETERNAL,42,-1,-0.10057878490021699,0.22266678512096405,0.3514111,0.1062812,0.1951299042022705,4
2026-09-01,ETERNAL,54,-1,-0.07471344138084386,0.1455477774143219,0.33706427,0.1062812,0.18078306620483398,4
2026-09-01,ETERNAL,55,-1,-0.31641413370649163,0.15461109578609467,-0.015342236,0.10628119999999998,-0.17162343556518553,4
2026-09-01,ETERNAL,57,-1,-0.1910445205947968,0.1670074164867401,-0.29221773,0.10628119999999998,-0.44849893147583003,4
2026-09-01,EXIDEIND,3,1,0.05441248455189617,0.7239757180213928,-0.05699396,0.10628119999999998,-0.21327516133422847,4
2026-09-01,EXIDEIND,4,1,0.11211360260356505,0.6776942610740662,0.091314316,0.10628119999999998,-0.06496688420410154,4
2026-09-01,EXIDEIND,5,1,0.06587516412969366,0.6165772676467896,0.2056241,0.1062812,0.04934290354614257,4
2026-09-01,EXIDEIND,6,1,0.04110232460457203,0.5579829812049866,0.8114219,0.1062812,0.6551406711853027,4
2026-09-01,EXIDEIND,7,1,0.0939502560199566,0.529998779296875,0.85713863,0.1062812,0.7008574337280273,4
2026-09-01,EXIDEIND,8,1,0.0732095814358291,0.4960533380508423,0.502336,0.10628120000000002,0.3460548252380371,4
2026-09-01,EXIDEIND,9,1,0.0791024992282169,0.468249648809433,0.5367756,0.1062812,0.3804943889892578,4
2026-09-01,EXIDEIND,10,1,0.0719365725810257,0.44790926575660706,0.47918558,0.1062812,0.3229043812072754,4
2026-09-01,EXIDEIND,11,1,0.07730173756982542,0.42954298853874207,0.87850094,0.1062812,0.7222197384155273,4
2026-09-01,EXIDEIND,19,-1,-0.042957058912647526,0.2985604405403137,0.39539337,0.1062812,0.23911217158203124,4
2026-09-01,EXIDEIND,22,-1,-0.046622007232523494,0.29243505001068115,-0.30522346,0.1062812,-0.4615046649658203,4
2026-09-01,EXIDEIND,42,-1,-0.04131590786042405,0.24717120826244354,0.17018318,0.1062812,0.013901981762695304,4
2026-09-01,EXIDEIND,54,-1,-0.062021855103519014,0.20398937165737152,0.60544014,0.1062812,0.4491589397705078,4
2026-09-01,EXIDEIND,55,-1,-0.28515499744820905,0.20592719316482544,-0.057196617,0.1062812,-0.21347781712646485,4
2026-09-01,EXIDEIND,57,-1,-0.16911302380527998,0.23115672171115875,-0.2754569,0.1062812,-0.43173810536499024,4
2026-09-01,FEDERALBNK,3,1,0.04889542221994297,0.42560669779777527,-0.1288116,0.1062812,-0.2850927978240967,4
2026-09-01,FEDERALBNK,4,1,0.10530090755907852,0.36936187744140625,-0.17175078,0.1062812,-0.3280319839202881,4
2026-09-01,FEDERALBNK,7,1,0.06845653305053537,0.29744797945022583,0.05733967,0.1062812,-0.09894153172607423,4
2026-09-01,FEDERALBNK,8,1,0.05866050885115589,0.2707308232784271,0.014328957,0.1062812,-0.1419522433959961,4
2026-09-01,FEDERALBNK,9,1,0.046122945045436646,0.2521125376224518,0.014328957,0.1062812,-0.1419522433959961,4
2026-09-01,FEDERALBNK,11,1,0.04938070931136474,0.228194922208786,0.028669834,0.10628119999999998,-0.1276113658630371,4
2026-09-01,FEDERALBNK,19,-1,-0.06286195040892266,0.11043999344110489,-0.014317036,0.10628120000000002,-0.17059823567504884,4
2026-09-01,FEDERALBNK,20,-1,-0.05429129037306668,0.10529621690511703,-0.014317036,0.1062812,-0.17059823567504884,4
2026-09-01,FEDERALBNK,21,-1,-0.049251021228774616,0.10326626896858215,0.07156134,0.1062812,-0.08471986348266602,4
2026-09-01,FEDERALBNK,22,-1,-0.07014779571470602,0.10633350163698196,0.114530325,0.10628120000000002,-0.04175087506408694,4
2026-09-01,FEDERALBNK,39,-1,-0.0481489796071658,0.13646450638771057,-0.1711607,0.10628119999999998,-0.32744189793701167,4
2026-09-01,FEDERALBNK,42,-1,-0.10839700777715708,0.14944690465927124,0.24195313,0.1062812,0.08567193453674314,4
2026-09-01,FEDERALBNK,54,-1,-0.06869145542429081,0.16459113359451294,0.1860559,0.1062812,0.029774698666381827,4
2026-09-01,FEDERALBNK,55,-1,-0.3128945409913059,0.1761135309934616,-0.05733967,0.1062812,-0.2136208682739258,4
2026-09-01,FEDERALBNK,57,-1,-0.18647006418008866,0.16596950590610504,-0.10038614,0.10628119999999998,-0.25666734273071284,4
2026-09-01,FLUOROCHEM,3,1,0.05164520279621365,0.5189518928527832,0.30688047,0.1062812,0.15059927409057616,4
2026-09-01,FLUOROCHEM,4,1,0.10274799109295855,0.5761246085166931,-0.098884106,0.1062812,-0.25516530568237306,4
2026-09-01,FLUOROCHEM,5,1,0.06262987273184725,0.5447734594345093,0.40092468,0.1062812,0.2446434826171875,4
2026-09-01,FLUOROCHEM,7,1,0.0928853547294665,0.4984361529350281,0.9481907,0.1062812,0.791909489086914,4
2026-09-01,FLUOROCHEM,8,1,0.06984683332433207,0.4794825315475464,0.84815025,0.10628119999999998,0.6918690532958984,4
2026-09-01,FLUOROCHEM,9,1,0.07315718539278895,0.45298656821250916,0.6555915,0.1062812,0.49931028788452153,4
2026-09-01,FLUOROCHEM,10,1,0.07642800922024559,0.44999292492866516,0.7996559,0.1062812,0.6433747143066406,4
2026-09-01,FLUOROCHEM,11,1,0.07553791153182504,0.4450649619102478,0.61073303,0.1062812,0.45445183222656255,4
2026-09-01,FLUOROCHEM,19,-1,-0.04205272265948443,0.2972826063632965,-0.17994642,0.1062812,-0.3362276225769043,4
2026-09-01,FLUOROCHEM,22,-1,-0.04879639677604893,0.30405446887016296,-0.492692,0.10628119999999998,-0.6489731937133789,4
2026-09-01,FLUOROCHEM,54,-1,-0.049928614972964164,0.2697407305240631,0.27198195,0.1062812,0.11570075457458494,4
2026-09-01,FLUOROCHEM,55,-1,-0.24222008835189845,0.28032180666923523,-0.006341934,0.1062812,-0.16262313420410157,4
2026-09-01,FLUOROCHEM,57,-1,-0.11309822204760255,0.2951856255531311,-0.21390915,0.1062812,-0.3701903491699219,4
2026-09-01,FORTIS,3,1,0.05512394417735878,0.69610196352005,0.26128292,0.1062812,0.10500172083740232,4
2026-09-01,FORTIS,4,1,0.11062796191559023,0.6134133338928223,0.36195517,0.10628119999999998,0.20567396586303716,4
2026-09-01,FORTIS,5,1,0.07806510064545022,0.5531979203224182,1.5560508,0.10628119999999998,1.3997695774353027,4
2026-09-01,FORTIS,7,1,0.08649926774709961,0.47077643871307373,1.6051769,0.1062812,1.4488957256591797,4
2026-09-01,FORTIS,8,1,0.06971180633974045,0.4322068691253662,1.8673301,0.1062812,1.7110488743103027,4
2026-09-01,FORTIS,9,1,0.07105804777220216,0.45573142170906067,1.505816,0.10628119999999998,1.3495347828186035,4
2026-09-01,FORTIS,10,1,0.0719251606805165,0.4380360543727875,1.4198542,0.10628119999999995,1.2635729641235351,4
2026-09-01,FORTIS,11,1,0.07222594942645799,0.4170583188533783,1.6533494,0.1062812,1.4970681995666504,4
2026-09-01,FORTIS,42,-1,-0.04596677915025118,0.1445830911397934,0.059860945,0.10628119999999998,-0.09642025525207518,4
2026-09-01,FORTIS,54,-1,-0.056737361027552585,0.1678156703710556,0.48514605,0.1062812,0.32886484568481444,4
2026-09-01,FORTIS,55,-1,-0.28194444430506,0.1824207752943039,0.2564788,0.1062812,0.10019758646850584,4
2026-09-01,FORTIS,57,-1,-0.15546419853348023,0.18391932547092438,0.46364665,0.1062812,0.30736545031433105,4
2026-09-01,GAIL,4,1,0.08220104965457782,0.39107105135917664,0.3518343,0.1062812,0.19555309718017577,4
2026-09-01,GAIL,11,1,0.04495758845736765,0.2888096272945404,-0.05747676,0.1062812,-0.2137579589569092,4
2026-09-01,GAIL,14,-1,-0.050881637998757,0.22644563019275665,0.48228502,0.1062812,0.3260038227355957,4
2026-09-01,GAIL,19,-1,-0.07169162027129812,0.19617818295955658,0.37347674,0.10628119999999998,0.21719554369812016,4
2026-09-01,GAIL,20,-1,-0.08448786419508374,0.19496874511241913,0.28720498,0.10628119999999998,0.13092378085021977,4
2026-09-01,GAIL,21,-1,-0.05088978097945733,0.21964652836322784,0.017303228,0.10628120000000002,-0.1389779716217041,4
2026-09-01,GAIL,22,-1,-0.07338913620701541,0.22215744853019714,0.03463626,0.1062812,-0.12164494092102052,4
2026-09-01,GAIL,25,-1,-0.060263812489984726,0.18414314091205597,0.07497668,0.10628120000000002,-0.08130451733703616,4
2026-09-01,GAIL,26,-1,-0.0653989504524369,0.1763153076171875,0.17302036,0.10628120000000002,0.016739162854003883,4
2026-09-01,GAIL,27,-1,-0.047580970149918494,0.18022657930850983,0.13828874,0.1062812,-0.01799246365661622,4
2026-09-01,GAIL,28,-1,-0.04702866423547611,0.18170170485973358,0.103873014,0.1062812,-0.05240818554992677,4
2026-09-01,GAIL,31,-1,-0.0446924914432335,0.17161023616790771,0.03466606,0.1062812,-0.12161513859863282,4
2026-09-01,GAIL,32,-1,-0.06350172722577802,0.15872125327587128,0.109654665,0.1062812,-0.046626535006713876,4
2026-09-01,GAIL,34,-1,-0.04491863420097817,0.1553865671157837,0.23090243,0.1062812,0.07462123339538573,4
2026-09-01,GAIL,39,-1,-0.07617012680307017,0.12546442449092865,0.115549564,0.1062812,-0.04073163563842774,4
2026-09-01,GAIL,42,-1,-0.11231433403123711,0.12778592109680176,0.0115811825,0.1062812,-0.1447000175201416,4
2026-09-01,GAIL,43,-1,-0.05623725888117833,0.12515978515148163,0.011575222,0.1062812,-0.14470597798461915,4
2026-09-01,GAIL,44,-1,-0.0487849612194022,0.12438381463289261,0.057834387,0.1062812,-0.09844681317443849,4
2026-09-01,GAIL,45,-1,-0.042328023347861926,0.12154068797826767,0.017362833,0.1062812,-0.13891836697692872,4
2026-09-01,GAIL,53,-1,-0.04288729886614399,0.11702026426792145,0.12735724,0.1062812,-0.02892395550842286,4
2026-09-01,GAIL,54,-1,-0.10228774363395327,0.11121837049722672,0.11576414,0.1062812,-0.04051705891723634,4
2026-09-01,GAIL,55,-1,-0.32398411528380583,0.11607947200536728,0.12723207,0.10628119999999998,-0.029049125262451153,4
2026-09-01,GAIL,56,-1,-0.0779204444245081,0.11734649538993835,-0.011575222,0.10628119999999998,-0.16785642201538084,4
2026-09-01,GAIL,57,-1,-0.20165677258116163,0.1173798069357872,-0.06946325,0.1062812,-0.22574445302124024,4
2026-09-01,GICRE,3,1,0.047991769861650234,0.2988370954990387,-0.2950728,0.1062812,-0.4513539939605713,4
2026-09-01,GICRE,4,1,0.0974982820704079,0.2752856910228729,-0.39325953,0.1062812,-0.5495407252990723,4
2026-09-01,GICRE,7,1,0.05799114720119366,0.2485583871603012,0.11279583,0.10628119999999998,-0.04348537022705076,4
2026-09-01,GICRE,19,-1,-0.051371031196865966,0.14484906196594238,-0.42247772,0.1062812,-0.5787589221679688,4
2026-09-01,GICRE,20,-1,-0.052399282684421976,0.13771072030067444,-0.32367706,0.1062812,-0.47995826298828126,4
2026-09-01,GICRE,22,-1,-0.06285793392067963,0.12453825026750565,-0.084364414,0.1062812,-0.2406456142150879,4
2026-09-01,GICRE,54,-1,-0.06324764098293362,0.19177573919296265,0.16868114,0.1062812,0.01239994471435546,4
2026-09-01,GICRE,55,-1,-0.2905420959555169,0.14251725375652313,0.21076202,0.1062812,0.05448082392578124,4
2026-09-01,GICRE,57,-1,-0.16409787485068617,0.12669016420841217,-0.16890764,0.1062812,-0.32518884236450196,4
2026-09-01,GLAXO,3,1,0.06406612028212331,0.7456313967704773,-0.16367435,0.10628119999999998,-0.3199555545532226,4
2026-09-01,GLAXO,4,1,0.11152912510512135,0.6418192982673645,-0.62130094,0.1062812,-0.7775821357452393,4
2026-09-01,GLAXO,7,1,0.07914991043596098,0.4734613001346588,-0.9511113,0.1062812,-1.1073925166809082,4
2026-09-01,GLAXO,8,1,0.08837464223450421,0.4604208469390869,0.10384321,0.1062812,-0.05243798787231446,4
2026-09-01,GLAXO,9,1,0.09018964587999126,0.4341566264629364,-0.15386939,0.1062812,-0.3101505904876709,4
2026-09-01,GLAXO,10,1,0.09560535152956917,0.40604710578918457,0.18080473,0.1062812,0.024523529461669913,4
2026-09-01,GLAXO,11,1,0.1043752632480944,0.42071330547332764,0.79045296,0.10628119999999998,0.6341717571533203,4
2026-09-01,GLAXO,12,1,0.053832301736154484,0.3989284336566925,0.6952882,0.1062812,0.5390069813049316,4
2026-09-01,GLAXO,13,1,0.05028529368507766,0.38838592171669006,0.62892437,0.1062812,0.47264316981201177,4
2026-09-01,GLAXO,22,-1,-0.04321066342328034,0.26974838972091675,0.016701221,0.10628119999999998,-0.13957997853393553,4
2026-09-01,GLAXO,42,-1,-0.06985027508671793,0.16888678073883057,-0.016772747,0.1062812,-0.17305394703979493,4
2026-09-01,GLAXO,54,-1,-0.07077820779550638,0.1084568053483963,-0.093877316,0.1062812,-0.25015851552124024,4
2026-09-01,GLAXO,55,-1,-0.3032518004346855,0.11309653520584106,0.010061264,0.10628120000000002,-0.14621993596191407,4
2026-09-01,GLAXO,56,-1,-0.04641090858606123,0.12945488095283508,-0.2554536,0.10628119999999998,-0.4117347865783691,4
2026-09-01,GLAXO,57,-1,-0.17467895538715175,0.14574649930000305,-0.17467737,0.1062812,-0.3309585719787598,4
2026-09-01,GLENMARK,3,1,0.054689071472372244,0.5442235469818115,0.17360449,0.1062812,0.017323288372802725,4
2026-09-01,GLENMARK,4,1,0.11305406192781636,0.5460798144340515,0.37282705,0.10628119999999998,0.2165458530700684,4
2026-09-01,GLENMARK,7,1,0.08234230908223383,0.4348529279232025,0.33169985,0.10628119999999998,0.17541864817504887,4
2026-09-01,GLENMARK,8,1,0.06999430819693864,0.4080638587474823,0.37956238,0.10628119999999998,0.22328117792968755,4
2026-09-01,GLENMARK,9,1,0.07918078942862747,0.3958956301212311,0.22614002,0.1062812,0.06985882227783202,4
2026-09-01,GLENMARK,10,1,0.07495517037529494,0.39422184228897095,-0.016123056,0.1062812,-0.17240425641174317,4
2026-09-01,GLENMARK,11,1,0.08409799506573841,0.39163485169410706,0.26243925,0.1062812,0.1061580509460449,4
2026-09-01,GLENMARK,12,1,0.04860875297622758,0.3692563474178314,0.30263662,0.1062812,0.14635542338256835,4
2026-09-01,GLENMARK,19,-1,-0.063926895246906,0.24023225903511047,-0.30173063,0.10628119999999998,-0.4580118327819824,4
2026-09-01,GLENMARK,20,-1,-0.05563197347480863,0.22158963978290558,-0.2695322,0.10628119999999998,-0.42581340367431636,4
2026-09-01,GLENMARK,21,-1,-0.048623808219901414,0.2080727070569992,-0.28158426,0.10628119999999998,-0.43786546284790034,4
2026-09-01,GLENMARK,22,-1,-0.07086293957869107,0.20979800820350647,-0.14461279,0.10628119999999998,-0.3008939891540527,4
2026-09-01,GLENMARK,39,-1,-0.04745355005935601,0.1658647656440735,0.004017353,0.1062812,-0.15226384694213868,4
2026-09-01,GLENMARK,42,-1,-0.09602071886361345,0.14966025948524475,-0.12488365,0.1062812,-0.28116485173339845,4
2026-09-01,GLENMARK,54,-1,-0.05890236564739409,0.22268010675907135,0.14995933,0.1062812,-0.0063218742095947356,4
2026-09-01,GLENMARK,55,-1,-0.30806174392691105,0.23361392319202423,0.0526309,0.1062812,-0.10365029866333009,4
2026-09-01,GLENMARK,56,-1,-0.05058646050929086,0.23955011367797852,0.1214087,0.10628119999999998,-0.03487249905700682,4
2026-09-01,GLENMARK,57,-1,-0.17652428810122378,0.25488534569740295,0.14175773,0.1062812,-0.014523473330688486,4
2026-09-01,GLENMARK,64,1,0.09679277829951162,0.32853418588638306,-0.421834,0.10628119999999998,-0.5781151920043945,4
2026-09-01,GLENMARK,65,1,0.05854225153997998,0.315787136554718,-0.4258752,0.1062812,-0.582156386920166,4
2026-09-01,GLENMARK,66,1,0.06122229715473113,0.28925034403800964,-0.3733456,0.1062812,-0.5296268134796143,4
2026-09-01,GODFRYPHLP,3,1,0.05713679225609201,0.5430371761322021,-0.028640032,0.1062812,-0.1849212318145752,4
2026-09-01,GODFRYPHLP,4,1,0.1092938653890024,0.49517303705215454,0.11957884,0.10628119999999998,-0.03670236165161131,4
2026-09-01,GODFRYPHLP,5,1,0.08327838010485204,0.4468061625957489,0.21066666,0.1062812,0.054385456494140616,4
2026-09-01,GODFRYPHLP,7,1,0.0883419247694606,0.40768736600875854,0.29212236,0.10628119999999998,0.1358411640441895,4
2026-09-01,GODFRYPHLP,8,1,0.07169292861387018,0.3979276120662689,0.13884306,0.10628119999999998,-0.01743814046020506,4
2026-09-01,GODFRYPHLP,9,1,0.07093882545542536,0.3770156800746918,0.1770258,0.1062812,0.020744594982910147,4
2026-09-01,GODFRYPHLP,10,1,0.07174496414952984,0.36731863021850586,-0.119411945,0.1062812,-0.2756931453430176,4
2026-09-01,GODFRYPHLP,11,1,0.07232650951202134,0.3471566438674927,-0.13857484,0.10628119999999998,-0.2948560386383056,4
2026-09-01,GODFRYPHLP,19,-1,-0.053075366886506756,0.22569087147712708,-0.42085648,0.10628119999999998,-0.5771376758300781,4
2026-09-01,GODFRYPHLP,20,-1,-0.05360768436354723,0.2064516544342041,-0.35830736,0.1062812,-0.5145885616027832,4
2026-09-01,GODFRYPHLP,22,-1,-0.06371530420727121,0.19257119297981262,-0.10496378,0.1062812,-0.2612449794494629,4
2026-09-01,GODFRYPHLP,42,-1,-0.045642588572999424,0.18114280700683594,0.10011196,0.1062812,-0.056169238635253915,4
2026-09-01,GODFRYPHLP,54,-1,-0.05983357713634069,0.11477628350257874,0.25815964,0.1062812,0.10187843745117185,4
2026-09-01,GODFRYPHLP,55,-1,-0.2873673686260118,0.12240839749574661,0.038290024,0.1062812,-0.11799117619628907,4
2026-09-01,GODFRYPHLP,56,-1,-0.04452882553390844,0.11995682120323181,0.15310645,0.1062812,-0.0031747489654541106,4
2026-09-01,GODFRYPHLP,57,-1,-0.16570843104009922,0.1337873935699463,0.119799376,0.10628119999999998,-0.036481824465942364,4
2026-09-01,GODREJCP,3,1,0.05713051975360628,0.41293689608573914,-0.6061971,0.1062812,-0.7624783187591553,4
2026-09-01,GODREJCP,4,1,0.11200346592962328,0.36995846033096313,-0.24515986,0.1062812,-0.4014410644256592,4
2026-09-01,GODREJCP,5,1,0.0738306882024284,0.4049340784549713,0.16794205,0.1062812,0.011660847119140616,4
2026-09-01,GODREJCP,6,1,0.04158433686635765,0.3733108937740326,0.23502111,0.1062812,0.07873991434936521,4
2026-09-01,GODREJCP,7,1,0.09762221391294604,0.34141188859939575,0.44215918,0.1062812,0.2858779758728027,4
2026-09-01,GODREJCP,8,1,0.05703735858005074,0.3203573226928711,0.68861246,0.10628119999999998,0.5323312610900879,4
2026-09-01,GODREJCP,9,1,0.061292585047620106,0.31410959362983704,0.62149763,0.1062812,0.4652164310729981,4
2026-09-01,GODREJCP,10,1,0.065002107209377,0.30876168608665466,0.6040573,0.1062812,0.44777611201171874,4
2026-09-01,GODREJCP,11,1,0.0635425689728476,0.3020915687084198,0.5138755,0.1062812,0.3575942844665527,4
2026-09-01,GODREJCP,19,-1,-0.056094933676494645,0.1965423822402954,-0.08876324,0.10628120000000002,-0.24504443699951173,4
2026-09-01,GODREJCP,20,-1,-0.04876665879816142,0.2000720351934433,0.13840199,0.1062812,-0.017879214831542978,4
2026-09-01,GODREJCP,22,-1,-0.06269636384181305,0.2110167294740677,0.055462122,0.1062812,-0.10081907803649903,4
2026-09-01,GODREJCP,42,-1,-0.04354833875891384,0.11318578571081161,-0.0,0.1062812,-0.1562812,4
2026-09-01,GODREJCP,54,-1,-0.05704087795070984,0.1408744752407074,0.11108518,0.10628119999999998,-0.04519602353210447,4
2026-09-01,GODREJCP,55,-1,-0.28804526748404924,0.15989816188812256,-0.31744242,0.10628119999999998,-0.47372361714477534,4
2026-09-01,GODREJCP,57,-1,-0.16648611501393415,0.1737426370382309,-0.11662245,0.10628119999999998,-0.27290364796752925,4
2026-09-01,GODREJIND,3,1,0.05157252613190787,0.5653834939002991,-0.28137565,0.1062812,-0.43765684659118653,4
2026-09-01,GODREJIND,4,1,0.1047640957044884,0.4889640212059021,0.026452541,0.1062812,-0.12982865864868165,4
2026-09-01,GODREJIND,5,1,0.07174723064148303,0.515539824962616,0.30932426,0.1062812,0.15304306452636718,4
2026-09-01,GODREJIND,6,1,0.042697844457983025,0.47914063930511475,0.69856644,0.1062812,0.5422852367675781,4
2026-09-01,GODREJIND,7,1,0.08376854412024529,0.49480998516082764,0.23788214,0.10628119999999998,0.08160093729858402,4
2026-09-01,GODREJIND,8,1,0.07437829192894055,0.47406384348869324,0.32619238,0.1062812,0.16991117899780273,4
2026-09-01,GODREJIND,9,1,0.07599586942004664,0.43950268626213074,1.1119962,0.10628119999999998,0.9557149738586426,4
2026-09-01,GODREJIND,10,1,0.08144438308158117,0.42164069414138794,1.0675788,0.1062812,0.9112975925720215,4
2026-09-01,GODREJIND,11,1,0.07834227549502523,0.3987490236759186,1.2698412,0.10628119999999998,1.113559994152832,4
2026-09-01,GODREJIND,12,1,0.04162325260936065,0.3747885525226593,1.1799932,0.1062812,1.0237119526184082,4
2026-09-01,GODREJIND,22,-1,-0.04870193960850989,0.3067798614501953,-1.3725996,0.10628119999999998,-1.5288808017456055,4
2026-09-01,GODREJIND,46,1,0.04170319074450674,0.845600426197052,-0.55446625,0.1062812,-0.7107474475585938,4
2026-09-01,GODREJIND,55,-1,-0.1316738482415258,0.9190126061439514,0.06046295,0.1062812,-0.09581824833984376,4
2026-09-01,GODREJIND,57,-1,-0.08878388619208576,0.8905568718910217,1.0742545,0.10628119999999998,0.9179733127868652,4
2026-09-01,GODREJIND,60,1,0.04168547632274753,0.5444603562355042,-0.69215894,0.10628119999999998,-0.8484401374542236,4
2026-09-01,GODREJIND,62,1,0.05915750108736439,0.48701390624046326,-0.6736934,0.1062812,-0.8299746185028076,4
2026-09-01,GODREJIND,63,1,0.05546767092847889,0.4726942181587219,-0.397408,0.1062812,-0.5536892085754395,4
2026-09-01,GODREJIND,64,1,0.13227410832508774,0.4715985953807831,0.3132701,0.10628119999999998,0.1569888920104981,4
2026-09-01,GODREJIND,65,1,0.13403813331820089,0.49409615993499756,0.9531379,0.1062812,0.7968566746032715,4
2026-09-01,GODREJIND,66,1,0.1290258912953499,0.4691102206707001,1.0315537,0.10628119999999998,0.8752725452697754,4
2026-09-01,GODREJIND,67,1,0.09622394776636863,0.46921998262405396,1.4636636,0.1062812,1.3073823780334473,4
2026-09-01,GODREJPROP,3,1,0.08360746621091039,0.815105676651001,-0.32258034,0.1062812,-0.47886153752441407,4
2026-09-01,GODREJPROP,4,1,0.1366123882991415,0.6927480697631836,-0.30767322,0.1062812,-0.4639544158660889,4
2026-09-01,GODREJPROP,5,1,0.10901580568067604,0.6239882707595825,0.15666485,0.10628119999999998,0.0003836483276367375,4
2026-09-01,GODREJPROP,6,1,0.07156682108285564,0.6048656105995178,0.47664642,0.10628119999999998,0.3203652233398438,4
2026-09-01,GODREJPROP,7,1,0.11597391530388271,0.5876003503799438,0.5831003,0.10628120000000002,0.4268191189086914,4
2026-09-01,GODREJPROP,8,1,0.10424016109788739,0.5471392273902893,0.44605732,0.1062812,0.2897761196411133,4
2026-09-01,GODREJPROP,9,1,0.09424773438600419,0.507958173751831,0.4761696,0.1062812,0.3198883861816406,4
2026-09-01,GODREJPROP,10,1,0.09376155600114117,0.4932507872581482,0.20742416,0.1062812,0.051142963818359366,4
2026-09-01,GODREJPROP,11,1,0.096064496362563,0.4713711440563202,0.22767782,0.10628120000000002,0.07139662211303709,4
2026-09-01,GODREJPROP,12,1,0.05675744445755484,0.4568259119987488,0.1060009,0.1062812,-0.05028029973144532,4
2026-09-01,GODREJPROP,20,-1,-0.04228225939637883,0.24601870775222778,-0.17163754,0.1062812,-0.32791873509521485,4
2026-09-01,GODREJPROP,22,-1,-0.05829041656296047,0.22167950868606567,-0.05055666,0.10628119999999998,-0.20683785969848628,4
2026-09-01,GODREJPROP,42,-1,-0.04376862727294647,0.13407574594020844,0.12648702,0.10628120000000002,-0.029794183322143578,4
2026-09-01,GODREJPROP,54,-1,-0.060935506817403846,0.1915680319070816,0.5710244,0.10628119999999998,0.4147432178771973,4
2026-09-01,GODREJPROP,55,-1,-0.2880509116704506,0.20612742006778717,0.28357506,0.10628119999999998,0.12729385798339848,4
2026-09-01,GODREJPROP,57,-1,-0.1658657927748077,0.2069079577922821,0.12177229,0.10628119999999998,-0.034508910723876934,4
2026-09-01,GODREJPROP,64,1,0.05691121678935167,0.27323171496391296,0.0,0.10628120000000002,-0.1562812,4
2026-09-01,GRASIM,3,1,0.04941771152422074,0.41328340768814087,-0.23744702,0.10628119999999998,-0.3937282233917236,4
2026-09-01,GRASIM,4,1,0.11055318563162495,0.3590959906578064,-0.24060011,0.10628119999999998,-0.39688130910034175,4
2026-09-01,GRASIM,7,1,0.07276772360522199,0.2770985960960388,-0.27700663,0.10628119999999998,-0.43328782612915034,4
2026-09-01,GRASIM,8,1,0.041170031611972274,0.25267574191093445,-0.2379477,0.1062812,-0.3942289024078369,4
2026-09-01,GRASIM,10,1,0.041634736316917165,0.22295106947422028,-0.2741754,0.1062812,-0.43045660550231934,4
2026-09-01,GRASIM,11,1,0.0497918349072369,0.21279194951057434,-0.12963414,0.10628119999999998,-0.285915341921997,4
2026-09-01,GRASIM,19,-1,-0.05770099084274711,0.10626155883073807,-0.14208555,0.1062812,-0.2983667522155762,4
2026-09-01,GRASIM,20,-1,-0.05000425750603431,0.10087428241968155,-0.38708448,0.10628119999999998,-0.5433656841003418,4
2026-09-01,GRASIM,21,-1,-0.04471464983882221,0.09876500070095062,-0.44157505,0.1062812,-0.5978562503540039,4
2026-09-01,GRASIM,22,-1,-0.07136980706959425,0.10302187502384186,-0.29027462,0.1062812,-0.44655582005615235,4
2026-09-01,GRASIM,26,-1,-0.04080436919222629,0.10760306566953659,0.027167797,0.10628119999999998,-0.12911340291137693,4
2026-09-01,GRASIM,39,-1,-0.048150485157980365,0.13108275830745697,0.08461475,0.1062812,-0.07166644627685548,4
2026-09-01,GRASIM,42,-1,-0.09793358482714838,0.10977613180875778,0.081670284,0.1062812,-0.07461091572875977,4
2026-09-01,GRASIM,54,-1,-0.07447560248847403,0.08827381581068039,0.23939013,0.10628120000000002,0.08310893481140134,4
2026-09-01,GRASIM,55,-1,-0.31641413370649163,0.09229137748479843,0.08490682,0.10628120000000002,-0.07137438351745608,4
2026-09-01,GRASIM,56,-1,-0.04943829609054816,0.09382771700620651,0.036394596,0.10628120000000002,-0.11988660390014651,4
2026-09-01,GRASIM,57,-1,-0.19133098540883403,0.09497746080160141,0.07893443,0.1062812,-0.0773467689239502,4
2026-09-01,HAL,3,1,0.046352706785267754,0.3072222173213959,-0.28997064,0.10628119999999998,-0.4462518363677978,4
2026-09-01,HAL,4,1,0.10136779188475128,0.2773576080799103,-0.050121546,0.10628119999999998,-0.20640274579162593,4
2026-09-01,HAL,5,1,0.05586207791412199,0.26853424310684204,0.29928684,0.10628120000000002,0.1430056423461914,4
2026-09-01,HAL,19,-1,-0.05614871044616573,0.16405299305915833,0.09138584,0.10628119999999998,-0.06489535863037107,4
2026-09-01,HAL,20,-1,-0.049951924368088575,0.16272175312042236,0.049865246,0.10628119999999998,-0.10641595418090818,4
2026-09-01,HAL,22,-1,-0.06160651351809651,0.1580212414264679,0.18483996,0.1062812,0.028558763912963858,4
2026-09-01,HAL,54,-1,-0.06263179386188772,0.1065470352768898,0.022917986,0.1062812,-0.1333632140838623,4
2026-09-01,HAL,55,-1,-0.28984601060026605,0.13482968509197235,-0.50034523,0.10628119999999998,-0.6566264301025391,4
2026-09-01,HAL,56,-1,-0.04286092583323322,0.1514739990234375,-0.3635764,0.1062812,-0.5198576122009277,4
2026-09-01,HAL,57,-1,-0.16847880684871533,0.16058917343616486,-0.42470694,0.1062812,-0.5809881358825684,4
2026-09-01,HAVELLS,3,1,0.053193393199039936,0.5484788417816162,-0.07395148,0.1062812,-0.23023268277282716,4
2026-09-01,HAVELLS,4,1,0.10695627644251866,0.4700058102607727,-0.016438961,0.1062812,-0.17272016102905274,4
2026-09-01,HAVELLS,7,1,0.09124284554383179,0.3810661733150482,0.31309128,0.10628119999999998,0.15681007807617192,4
2026-09-01,HAVELLS,8,1,0.07360158266469484,0.3722306489944458,0.39508343,0.10628119999999998,0.23880222742919927,4
2026-09-01,HAVELLS,9,1,0.08185169249670542,0.3557611107826233,0.36216974,0.10628119999999998,0.20588854258422856,4
2026-09-01,HAVELLS,10,1,0.08336914246577282,0.3513476252555847,0.38657188,0.1062812,0.23029068415527343,4
2026-09-01,HAVELLS,11,1,0.08785230872839968,0.33306071162223816,0.54312944,0.10628119999999998,0.3868482441223145,4
2026-09-01,HAVELLS,12,1,0.04408687932883486,0.31996092200279236,0.38625002,0.10628119999999998,0.22996881907348637,4
2026-09-01,HAVELLS,19,-1,-0.06400844710691034,0.18771103024482727,-0.10643005,0.10628120000000002,-0.2627112537109375,4
2026-09-01,HAVELLS,20,-1,-0.05222421855960222,0.18547813594341278,-0.10650158,0.10628119999999998,-0.2627827792846679,4
2026-09-01,HAVELLS,21,-1,-0.04705207457263393,0.1803155243396759,-0.18851757,0.1062812,-0.3447987704956055,4
2026-09-01,HAVELLS,22,-1,-0.06643522079258324,0.16630516946315765,-0.1475811,0.1062812,-0.3038623004638672,4
2026-09-01,HAVELLS,39,-1,-0.05130943411394007,0.12512807548046112,0.2455771,0.1062812,0.08929589693908689,4
2026-09-01,HAVELLS,42,-1,-0.09864845300489931,0.12348626554012299,-0.07374287,0.10628119999999998,-0.23002406651611323,4
2026-09-01,HAVELLS,54,-1,-0.0741911520765661,0.11524482816457748,-0.04913807,0.1062812,-0.20541926915283204,4
2026-09-01,HAVELLS,55,-1,-0.31589184440221385,0.11474455147981644,-0.18852949,0.10628119999999998,-0.3448106914245605,4
2026-09-01,HAVELLS,56,-1,-0.04982385286712095,0.11110461503267288,-0.08187294,0.10628120000000002,-0.23815414006347657,4
2026-09-01,HAVELLS,57,-1,-0.18990639104189092,0.12529288232326508,-0.20492077,0.10628119999999998,-0.3612019687377929,4
2026-09-01,HCLTECH,3,1,0.05063364577402767,0.7233394384384155,-0.7982731,0.1062812,-0.9545542865478516,4
2026-09-01,HCLTECH,4,1,0.11392958677962096,0.6751998662948608,-0.059890747,0.1062812,-0.2161719470703125,4
2026-09-01,HCLTECH,5,1,0.07250570356456776,0.6243746876716614,0.3152132,0.10628119999999998,0.15893200343017583,4
2026-09-01,HCLTECH,7,1,0.08936414885239856,0.5068328380584717,0.5180836,0.10628119999999998,0.36180237238769536,4
2026-09-01,HCLTECH,8,1,0.06692495304136648,0.47481974959373474,0.6009221,0.1062812,0.4446409076965332,4
2026-09-01,HCLTECH,9,1,0.07592199481265803,0.45143330097198486,0.6920934,0.1062812,0.5358121723449707,4
2026-09-01,HCLTECH,10,1,0.07221203102483456,0.428667813539505,0.8122206,0.10628120000000002,0.655939373425293,4
2026-09-01,HCLTECH,11,1,0.06858409051661775,0.43754512071609497,0.45672655,0.10628120000000002,0.3004453510559082,4
2026-09-01,HCLTECH,19,-1,-0.05117736626430756,0.24474593997001648,-0.47672987,0.1062812,-0.6330110698425293,4
2026-09-01,HCLTECH,20,-1,-0.045482329144299956,0.2537880539894104,-0.70165396,0.1062812,-0.8579351573669434,4
2026-09-01,HCLTECH,22,-1,-0.049755153806623556,0.2677377462387085,-0.5056977,0.1062812,-0.6619789272033691,4
2026-09-01,HCLTECH,54,-1,-0.051155496973580156,0.18783274292945862,0.536257,0.1062812,0.3799758285797119,4
2026-09-01,HCLTECH,55,-1,-0.28173791720076946,0.18593880534172058,0.3970623,0.1062812,0.24078110163574218,4
2026-09-01,HCLTECH,57,-1,-0.15618098335230327,0.19070197641849518,0.13275743,0.1062812,-0.02352377469177247,4
2026-09-01,HDFCAMC,3,1,0.07618138306418593,0.5892859697341919,-0.6628573,0.10628120000000002,-0.8191384940826416,4
2026-09-01,HDFCAMC,4,1,0.129873311009016,0.5444313883781433,-0.26357174,0.1062812,-0.41985293919677735,4
2026-09-01,HDFCAMC,5,1,0.07111953507492114,0.5221479535102844,-0.035506487,0.10628120000000002,-0.1917876868927002,4
2026-09-01,HDFCAMC,7,1,0.09393588357254794,0.458604633808136,0.090932846,0.10628119999999998,-0.06534835393066404,4
2026-09-01,HDFCAMC,8,1,0.0806460518901181,0.42991840839385986,0.13061762,0.10628119999999998,-0.025663581439208966,4
2026-09-01,HDFCAMC,9,1,0.09506866861635435,0.40396642684936523,0.07904768,0.1062812,-0.07723352009887696,4
2026-09-01,HDFCAMC,10,1,0.10096629877820332,0.38011685013771057,-0.043445826,0.1062812,-0.19972702557678224,4
2026-09-01,HDFCAMC,11,1,0.10141359102264141,0.3608875572681427,-0.11437535,0.10628119999999998,-0.270656552859497,4
2026-09-01,HDFCAMC,12,1,0.07021127207184352,0.3461288511753082,0.21709204,0.1062812,0.060810837200927725,4
2026-09-01,HDFCAMC,13,1,0.047760255599041304,0.3286711275577545,0.055241585,0.1062812,-0.10103961522216798,4
2026-09-01,HDFCAMC,19,-1,-0.06463566011578353,0.18061020970344543,-0.18504858,0.1062812,-0.34132978016967774,4
2026-09-01,HDFCAMC,20,-1,-0.05372843469456961,0.1771838217973709,-0.2563238,0.10628119999999998,-0.4126050143920898,4
2026-09-01,HDFCAMC,21,-1,-0.051588445962586355,0.16854484379291534,-0.31967163,0.1062812,-0.475952830859375,4
2026-09-01,HDFCAMC,22,-1,-0.06643522079258324,0.16345855593681335,-0.3629923,0.1062812,-0.5192734866821289,4
2026-09-01,HDFCAMC,39,-1,-0.0497206427360027,0.18228334188461304,-0.058734417,0.10628119999999998,-0.21501561696166988,4
2026-09-01,HDFCAMC,42,-1,-0.09658639012092553,0.16849516332149506,0.019592047,0.1062812,-0.1366891532623291,4
2026-09-01,HDFCAMC,54,-1,-0.06218301087158423,0.18108920753002167,0.24397969,0.1062812,0.08769849245910642,4
2026-09-01,HDFCAMC,55,-1,-0.31039558041560183,0.1874903291463852,0.043308735,0.1062812,-0.11297246510620118,4
2026-09-01,HDFCAMC,56,-1,-0.050108303279028876,0.19449983537197113,0.23566484,0.10628119999999998,0.07938364451293949,4
2026-09-01,HDFCAMC,57,-1,-0.19042868034616867,0.2047252357006073,0.1614213,0.1062812,0.005140098980712882,4
2026-09-01,HDFCBANK,3,1,0.05672190856272901,0.37273478507995605,-0.19873977,0.1062812,-0.35502096707458497,4
2026-09-01,HDFCBANK,4,1,0.11211095776339113,0.32376888394355774,0.31949282,0.10628119999999998,0.16321161692504887,4
2026-09-01,HDFCBANK,5,1,0.0776151832769263,0.32391026616096497,0.58380365,0.10628119999999998,0.42752245371704106,4
2026-09-01,HDFCBANK,6,1,0.04412699288913149,0.3529324233531952,1.1567235,0.1062812,1.0004422992980957,4
2026-09-01,HDFCBANK,7,1,0.09795574378971088,0.3491494357585907,0.9975791,0.10628119999999998,0.8412978977478027,4
2026-09-01,HDFCBANK,8,1,0.08028278677145037,0.32700446248054504,1.1828423,0.10628119999999998,1.0265610546386719,4
2026-09-01,HDFCBANK,9,1,0.05902262648882906,0.313098669052124,1.0674596,0.10628119999999998,0.9111783832824707,4
2026-09-01,HDFCBANK,10,1,0.06671147741018371,0.3032228350639343,1.0171413,0.1062812,0.8608601421630859,4
2026-09-01,HDFCBANK,11,1,0.06675443662321393,0.32200831174850464,0.5096197,0.1062812,0.35333851282958983,4
2026-09-01,HDFCBANK,22,-1,-0.04607665901549246,0.2815077006816864,-0.0,0.10628119999999998,-0.15628119999999998,4
2026-09-01,HDFCBANK,42,-1,-0.058307047778456945,0.14062659442424774,0.27421713,0.10628119999999998,0.11793592875366214,4
2026-09-01,HDFCBANK,54,-1,-0.06092061727251779,0.11496364325284958,-0.07059574,0.1062812,-0.22687694127197267,4
2026-09-01,HDFCBANK,55,-1,-0.29258721402375465,0.11191470921039581,-0.19762516,0.10628120000000002,-0.35390636021728517,4
2026-09-01,HDFCBANK,56,-1,-0.04166862934047472,0.11041831225156784,-0.03529787,0.1062812,-0.19157907063598634,4
2026-09-01,HDFCBANK,57,-1,-0.16357558554640841,0.10242307931184769,-0.16946793,0.1062812,-0.32574912602539063,4
2026-09-01,HDFCLIFE,3,1,0.05913338607608484,0.4476723074913025,0.20411015,0.10628119999999998,0.047828945568847675,4
2026-09-01,HDFCLIFE,4,1,0.10973410073031797,0.38440248370170593,0.37139654,0.10628120000000002,0.21511534159545898,4
2026-09-01,HDFCLIFE,5,1,0.04575518826399551,0.3478986918926239,0.39881468,0.10628120000000002,0.24253347819213866,4
2026-09-01,HDFCLIFE,7,1,0.0719932188281228,0.3002971112728119,0.5192876,0.1062812,0.3630063862121582,4
2026-09-01,HDFCLIFE,8,1,0.060082474416543095,0.2751762270927429,0.5006552,0.1062812,0.3443739742553711,4
2026-09-01,HDFCLIFE,9,1,0.05941569162595667,0.26481571793556213,0.444448,0.1062812,0.2881667942321777,4
2026-09-01,HDFCLIFE,10,1,0.041254377401722414,0.2474759817123413,0.37962198,0.1062812,0.22334078257446288,4
2026-09-01,HDFCLIFE,19,-1,-0.05197710843155864,0.14200393855571747,-0.082838535,0.1062812,-0.2391197353088379,4
2026-09-01,HDFCLIFE,20,-1,-0.0522301479430719,0.14193862676620483,-0.036799908,0.1062812,-0.19308110768432618,4
2026-09-01,HDFCLIFE,22,-1,-0.06169797630372984,0.14987805485725403,0.10123253,0.10628119999999998,-0.055048671313476544,4
2026-09-01,HDFCLIFE,42,-1,-0.05862148801604418,0.12559077143669128,0.06444454,0.1062812,-0.09183665806884767,4
2026-09-01,HDFCLIFE,54,-1,-0.06718233300163204,0.10335634648799896,-0.04608631,0.1062812,-0.20236751134033204,4
2026-09-01,HDFCLIFE,55,-1,-0.29694836885602033,0.1027076467871666,-0.0921607,0.1062812,-0.248441901751709,4
2026-09-01,HDFCLIFE,56,-1,-0.044526210381556866,0.09803599864244461,-0.018417835,0.1062812,-0.1746990352355957,4
2026-09-01,HDFCLIFE,57,-1,-0.17279425718264743,0.09737899154424667,0.32240152,0.1062812,0.16612032359008788,4
2026-09-01,HEROMOTOCO,3,1,0.05900738812317153,0.901264488697052,0.5109787,0.10628119999999998,0.3546974987304688,4
2026-09-01,HEROMOTOCO,4,1,0.11514627546827953,0.7885755300521851,1.16781,0.1062812,1.0115287632263184,4
2026-09-01,HEROMOTOCO,5,1,0.06613398713227946,0.7031717300415039,1.1669636,0.1062812,1.0106823772705078,4
2026-09-01,HEROMOTOCO,7,1,0.0819100635049937,0.6233801245689392,0.6702423,0.1062812,0.5139611095703125,4
2026-09-01,HEROMOTOCO,8,1,0.07723916045215713,0.5905511975288391,0.69817305,0.10628119999999998,0.5418918461120605,4
2026-09-01,HEROMOTOCO,9,1,0.07439132112246553,0.5598214268684387,0.1607418,0.1062812,0.0044606060302734285,4
2026-09-01,HEROMOTOCO,10,1,0.06888454487223274,0.5318976640701294,0.22293329,0.1062812,0.066652092388916,4
2026-09-01,HEROMOTOCO,11,1,0.06849791783608859,0.5312851667404175,-0.3017366,0.10628119999999998,-0.4580177932464599,4
2026-09-01,HEROMOTOCO,42,-1,-0.041861930114094795,0.25437161326408386,0.43843985,0.1062812,0.28215864603881835,4
2026-09-01,HEROMOTOCO,54,-1,-0.059521109626449645,0.22287209331989288,0.5050063,0.1062812,0.3487251133239746,4
2026-09-01,HEROMOTOCO,55,-1,-0.28515499744820905,0.2193039059638977,0.18963218,0.1062812,0.033350977352905264,4
2026-09-01,HEROMOTOCO,56,-1,-0.04452882553390844,0.22262947261333466,0.07227659,0.10628119999999998,-0.08400460774536131,4
2026-09-01,HEROMOTOCO,57,-1,-0.16489472330083285,0.23762042820453644,-0.26289225,0.1062812,-0.4191734462463379,4
2026-09-01,HEROMOTOCO,64,1,0.05281363542322048,0.26220613718032837,-0.1717925,0.1062812,-0.32807370717163087,4
2026-09-01,HINDALCO,3,1,0.05311513685849666,0.49771779775619507,-0.4660666,0.1062812,-0.6223477988922119,4
2026-09-01,HINDALCO,4,1,0.10392449800545116,0.4807608723640442,-0.7172525,0.1062812,-0.8735336929046631,4
2026-09-01,HINDALCO,5,1,0.06612655762094038,0.44664686918258667,-0.49524903,0.1062812,-0.6515302329742432,4
2026-09-01,HINDALCO,7,1,0.08555743353434855,0.3771304488182068,-0.2529919,0.1062812,-0.4092731147491455,4
2026-09-01,HINDALCO,8,1,0.07988218366092179,0.36405110359191895,-0.08773804,0.1062812,-0.244019237109375,4
2026-09-01,HINDALCO,9,1,0.07848542762843674,0.34812358021736145,0.02925396,0.1062812,-0.1270272403442383,4
2026-09-01,HINDALCO,10,1,0.07559370378081019,0.32635441422462463,-0.04876852,0.1062812,-0.20504972035522462,4
2026-09-01,HINDALCO,11,1,0.06357390251911581,0.3197309374809265,0.009763241,0.10628119999999998,-0.146517959185791,4
2026-09-01,HINDALCO,19,-1,-0.050808175518368894,0.15421658754348755,-0.51761866,0.1062812,-0.6738998561584473,4
2026-09-01,HINDALCO,20,-1,-0.050832703531333734,0.14164212346076965,-0.55686235,0.1062812,-0.7131435542785645,4
2026-09-01,HINDALCO,22,-1,-0.06395612985280365,0.13730782270431519,-0.32200813,0.1062812,-0.4782893329345703,4
2026-09-01,HINDALCO,42,-1,-0.04692206425835344,0.14031635224819183,0.12705326,0.10628120000000002,-0.029227939196777367,4
2026-09-01,HINDALCO,54,-1,-0.05983357713634069,0.13130003213882446,0.5701363,0.10628120000000002,0.41385510867004394,4
2026-09-01,HINDALCO,55,-1,-0.28806691154871766,0.1513913869857788,0.049299,0.1062812,-0.10698219830627442,4
2026-09-01,HINDALCO,57,-1,-0.16851717755296206,0.16934561729431152,0.03951788,0.10628119999999998,-0.116763320513916,4
2026-09-01,HINDPETRO,3,1,0.04923599958272906,0.7111307978630066,0.027608871,0.10628119999999998,-0.12867232854003904,4
2026-09-01,HINDPETRO,4,1,0.11149658514114971,0.5912425518035889,0.22102594,0.1062812,0.0647447437561035,4
2026-09-01,HINDPETRO,7,1,0.07736875569644708,0.454075425863266,0.27627945,0.1062812,0.1199982494628906,4
2026-09-01,HINDPETRO,8,1,0.06818075572166736,0.42198073863983154,0.12431145,0.1062812,-0.03196975285644532,4
2026-09-01,HINDPETRO,9,1,0.08136537851660605,0.39332130551338196,0.068986416,0.10628119999999998,-0.08729478413696287,4
2026-09-01,HINDPETRO,10,1,0.08145586937828211,0.3775348365306854,-0.041359663,0.10628120000000002,-0.19764086300964356,4
2026-09-01,HINDPETRO,11,1,0.0854701933027419,0.35722601413726807,-0.11026859,0.10628119999999995,-0.2665497928344726,4
2026-09-01,HINDPETRO,12,1,0.048055651270145265,0.3370298147201538,-0.15150905,0.1062812,-0.30779024655456544,4
2026-09-01,HINDPETRO,19,-1,-0.05963401749810155,0.14681972563266754,-0.068974495,0.1062812,-0.22525569493408204,4
2026-09-01,HINDPETRO,20,-1,-0.05347818950224215,0.1478252410888672,-0.06899834,0.10628119999999998,-0.22527953679199214,4
2026-09-01,HINDPETRO,21,-1,-0.05106615665830858,0.14283864200115204,0.05515814,0.1062812,-0.10112306172485352,4
2026-09-01,HINDPETRO,22,-1,-0.07102450965755765,0.1398642212152481,0.02759695,0.10628119999999998,-0.12868424946899412,4
2026-09-01,HINDPETRO,39,-1,-0.051486426006181224,0.10818100720643997,-0.013768673,0.1062812,-0.17004987294311524,4
2026-09-01,HINDPETRO,42,-1,-0.10201703409125432,0.09838766604661942,-0.0826478,0.1062812,-0.23892900044555665,4
2026-09-01,HINDPETRO,54,-1,-0.06397675652062115,0.12039583921432495,0.055259466,0.10628119999999998,-0.10102173382873533,4
2026-09-01,HINDPETRO,55,-1,-0.312578836536338,0.12925991415977478,-0.0,0.1062812,-0.1562812,4
2026-09-01,HINDPETRO,56,-1,-0.050346142171398725,0.13609187304973602,0.09664893,0.1062812,-0.05963226849670411,4
2026-09-01,HINDPETRO,57,-1,-0.19042868034616867,0.1322382241487503,0.08289218,0.10628119999999998,-0.07338902051086424,4
2026-09-01,HINDUNILVR,3,1,0.05422910410153318,0.43040308356285095,-0.34721494,0.1062812,-0.503496137210083,4
2026-09-01,HINDUNILVR,4,1,0.1089734486246446,0.39507991075515747,-0.120943785,0.1062812,-0.2772249847137451,4
2026-09-01,HINDUNILVR,5,1,0.0702202715267124,0.34883227944374084,-0.07060766,0.10628119999999998,-0.2268888622009277,4
2026-09-01,HINDUNILVR,7,1,0.07501673641299658,0.30147790908813477,0.18671751,0.1062812,0.030436310223388663,4
2026-09-01,HINDUNILVR,8,1,0.054634736983079676,0.280860960483551,0.23208857,0.1062812,0.07580736582641599,4
2026-09-01,HINDUNILVR,9,1,0.06100292807328112,0.26285240054130554,0.18666983,0.1062812,0.03038862650756835,4
2026-09-01,HINDUNILVR,10,1,0.04648004469098128,0.24881422519683838,0.3787279,0.1062812,0.22244671290283202,4
2026-09-01,HINDUNILVR,19,-1,-0.05680325566636592,0.14240586757659912,-0.06529093,0.10628119999999998,-0.22157212788696284,4
2026-09-01,HINDUNILVR,20,-1,-0.05345560306567324,0.1521741896867752,0.19546151,0.10628119999999998,0.039180311611938495,4
2026-09-01,HINDUNILVR,22,-1,-0.06324647294978988,0.14905621111392975,0.2256751,0.1062812,0.06939390604858398,4
2026-09-01,HINDUNILVR,42,-1,-0.04546559668075826,0.10513805598020554,-0.09545088,0.10628119999999998,-0.2517320781433105,4
2026-09-01,HINDUNILVR,54,-1,-0.06281824642129298,0.09867807477712631,0.23610592,0.10628119999999998,0.07982471888427738,4
2026-09-01,HINDUNILVR,55,-1,-0.2889504899352354,0.1064058393239975,0.040256977,0.1062812,-0.11602422291870118,4
2026-09-01,HINDUNILVR,56,-1,-0.04296348349945374,0.11383450776338577,0.11560917,0.1062812,-0.04067203099365235,4
2026-09-01,HINDUNILVR,57,-1,-0.16582303385184868,0.11173617094755173,0.10060072,0.1062812,-0.05568048054809571,4
2026-09-01,HINDZINC,3,1,0.051279715303528296,0.5803439021110535,-0.7737279,0.1062812,-0.9300090938293457,4
2026-09-01,HINDZINC,4,1,0.10484437275697779,0.5267509818077087,-0.7325709,0.1062812,-0.8888520866119385,4
2026-09-01,HINDZINC,5,1,0.06825013739863331,0.4668935537338257,-0.5849838,0.1062812,-0.7412650256835938,4
2026-09-01,HINDZINC,6,1,0.053450804691744756,0.49473512172698975,0.2817154,0.1062812,0.12543419306640624,4
2026-09-01,HINDZINC,7,1,0.09386095344623724,0.4620060920715332,0.08288622,0.10628119999999998,-0.07339498097534178,4
2026-09-01,HINDZINC,8,1,0.08613076548354906,0.4266785681247711,0.22389889,0.1062812,0.06761768763427733,4
2026-09-01,HINDZINC,9,1,0.07183375636686513,0.4077589511871338,0.11599064,0.1062812,-0.04029056126708985,4
2026-09-01,HINDZINC,10,1,0.07596788483742625,0.38761845231056213,0.1824975,0.10628119999999998,0.026216301373291034,4
2026-09-01,HINDZINC,11,1,0.07094954133585103,0.36622610688209534,-0.4726827,0.1062812,-0.6289639144622803,4
2026-09-01,HINDZINC,19,-1,-0.043363567359448886,0.28059229254722595,-0.26676655,0.10628119999999998,-0.42304774815673823,4
2026-09-01,HINDZINC,20,-1,-0.046202744969678584,0.24932251870632172,-0.23329258,0.1062812,-0.3895737796508789,4
2026-09-01,HINDZINC,22,-1,-0.05349028773773189,0.26120156049728394,-0.0749588,0.10628119999999998,-0.2312400012695312,4
2026-09-01,HINDZINC,42,-1,-0.04764632501854717,0.17002394795417786,0.10022521,0.1062812,-0.05605598981018067,4
2026-09-01,HINDZINC,54,-1,-0.0625146007974234,0.16057907044887543,0.3103733,0.10628119999999998,0.1540921062744141,4
2026-09-01,HINDZINC,55,-1,-0.2979098628881043,0.19366614520549774,-0.37903786,0.10628119999999998,-0.5353190570556641,4
2026-09-01,HINDZINC,57,-1,-0.16771175874189628,0.21765169501304626,-0.1598835,0.1062812,-0.3161646991455078,4
2026-09-01,HONAUT,3,1,0.05221128458155247,0.4416094124317169,-0.4205823,0.10628119999999998,-0.5768634944641113,4
2026-09-01,HONAUT,4,1,0.10545335625807524,0.4350266754627228,0.042164326,0.10628120000000002,-0.1141168742858887,4
2026-09-01,HONAUT,5,1,0.06364186021932224,0.4006184935569763,0.22503138,0.10628119999999998,0.06875017588500978,4
2026-09-01,HONAUT,6,1,0.040760441281453466,0.3534775376319885,0.42170286,0.10628119999999998,0.2654216617858887,4
2026-09-01,HONAUT,7,1,0.08907363617848413,0.33209165930747986,0.5482197,0.10628119999999998,0.39193848078613286,4
2026-09-01,HONAUT,8,1,0.08315292321969811,0.3256920874118805,0.7040262,0.10628119999999998,0.5477450222290039,4
2026-09-01,HONAUT,9,1,0.06682701755818841,0.30448266863822937,0.8166671,0.10628119999999998,0.6603858799255371,4
2026-09-01,HONAUT,10,1,0.07678033721967144,0.30204907059669495,0.844717,0.10628119999999998,0.6884358257568359,4
2026-09-01,HONAUT,11,1,0.07132984455464862,0.2938559651374817,0.7867336,0.1062812,0.6304524273193359,4
2026-09-01,HONAUT,19,-1,-0.05113695038643659,0.1953125,-0.6133318,0.10628119999999998,-0.7696129947387695,4
2026-09-01,HONAUT,20,-1,-0.04876665879816142,0.19614480435848236,-0.52969456,0.10628119999999998,-0.6859757571899414,4
2026-09-01,HONAUT,22,-1,-0.06138421603705897,0.23229607939720154,0.17980933,0.1062812,0.02352813189392089,4
2026-09-01,HONAUT,42,-1,-0.049362371036578756,0.1282380074262619,1.3672173,0.10628119999999998,1.2109361023223877,4
2026-09-01,HONAUT,54,-1,-0.052558403032988824,0.3069508969783783,0.40599108,0.1062812,0.2497098774230957,4
2026-09-01,HONAUT,55,-1,-0.2394360316163976,0.32157883048057556,0.16830564,0.10628119999999998,0.012024435452270527,4
2026-09-01,HONAUT,57,-1,-0.11444387250063497,0.31884175539016724,0.07019639,0.1062812,-0.08608480984802247,4
2026-09-01,HUDCO,3,1,0.06958205502841547,0.8580484390258789,-0.46653748,0.1062812,-0.6228186755859375,4
2026-09-01,HUDCO,4,1,0.12590271545153336,0.7444502711296082,-0.16698241,0.1062812,-0.32326361233825684,4
2026-09-01,HUDCO,5,1,0.10003598983492283,0.6750357747077942,0.10038614,0.10628119999999998,-0.05589505726928709,4
2026-09-01,HUDCO,6,1,0.05852509699120351,0.6183440685272217,0.25140047,0.1062812,0.09511927073364256,4
2026-09-01,HUDCO,7,1,0.10284518052013593,0.5530427098274231,0.3573656,0.10628120000000002,0.20108440821533202,4
2026-09-01,HUDCO,8,1,0.08119121196971524,0.5149789452552795,0.20648241,0.1062812,0.050201210430908194,4
2026-09-01,HUDCO,9,1,0.08082768146992209,0.4779178202152252,0.083589554,0.10628119999999998,-0.07269164616699217,4
2026-09-01,HUDCO,10,1,0.08018314977381905,0.4524916410446167,0.05019903,0.1062812,-0.10608216817016602,4
2026-09-01,HUDCO,11,1,0.07926217520240875,0.42096516489982605,0.06690025,0.1062812,-0.08938094670410157,4
2026-09-01,HUDCO,12,1,0.044452980460125434,0.3973017930984497,0.03900528,0.1062812,-0.11727592045898438,4
2026-09-01,HUDCO,19,-1,-0.05476221422529321,0.15475071966648102,-0.2393961,0.1062812,-0.3956772952758789,4
2026-09-01,HUDCO,20,-1,-0.05525007138851376,0.14674480259418488,-0.24497509,0.10628119999999998,-0.4012562900268554,4
2026-09-01,HUDCO,22,-1,-0.06535513309993306,0.14474011957645416,-0.19495487,0.10628119999999998,-0.3512360721313476,4
2026-09-01,HUDCO,26,-1,-0.04158803047113978,0.15154428780078888,0.116586685,0.10628120000000002,-0.03969451481933596,4
2026-09-01,HUDCO,54,-1,-0.05933628702726534,0.16212700307369232,0.21349788,0.10628119999999998,0.0572166771209717,4
2026-09-01,HUDCO,55,-1,-0.29623607690175713,0.17159852385520935,0.011253357,0.10628119999999998,-0.14502784306640623,4
2026-09-01,HUDCO,56,-1,-0.04865393607821593,0.17782850563526154,0.10679364,0.1062812,-0.049487557955932626,4
2026-09-01,HUDCO,57,-1,-0.17191914596290403,0.17871125042438507,-0.0,0.10628119999999998,-0.15628119999999998,4
2026-09-01,ICICIBANK,3,1,0.04438381887016471,0.268184632062912,-0.09689331,0.1062812,-0.253174510546875,4
2026-09-01,ICICIBANK,4,1,0.077921957798676,0.24669013917446136,-0.01386404,0.10628119999999998,-0.17014524037475584,4
2026-09-01,ICICIBANK,6,-1,-0.06816339217775824,0.2115965038537979,0.10382533,0.1062812,-0.05245586926574708,4
2026-09-01,ICICIBANK,11,1,0.046246176055883506,0.18427391350269318,-0.0970602,0.10628119999999998,-0.25334140355224605,4
2026-09-01,ICICIBANK,19,-1,-0.05770099084274711,0.12257067114114761,-0.034737587,0.10628119999999998,-0.1910187869750976,4
2026-09-01,ICICIBANK,20,-1,-0.052341682239846046,0.12214183062314987,-0.07646084,0.1062812,-0.2327420383178711,4
2026-09-01,ICICIBANK,21,-1,-0.04648921889413686,0.11676958203315735,-0.06957054,0.1062812,-0.22585174138183595,4
2026-09-01,ICICIBANK,22,-1,-0.06643522079258324,0.10979001969099045,-0.048673153,0.1062812,-0.204954352923584,4
2026-09-01,ICICIBANK,39,-1,-0.04775153244803563,0.09595487266778946,0.13223886,0.1062812,-0.02404233510131837,4
2026-09-01,ICICIBANK,42,-1,-0.10283013496207885,0.10517430305480957,0.5001724,0.10628120000000002,0.3438911766326904,4
2026-09-01,ICICIBANK,54,-1,-0.07300226479147391,0.1279173493385315,0.16789436,0.10628120000000002,0.01161316340332029,4
2026-09-01,ICICIBANK,55,-1,-0.31641413370649163,0.1265426129102707,0.020998716,0.1062812,-0.1352824836456299,4
2026-09-01,ICICIBANK,56,-1,-0.050108303279028876,0.12748974561691284,-0.07698536,0.10628119999999998,-0.23326655919189448,4
2026-09-01,ICICIBANK,57,-1,-0.18784128865895786,0.12356770038604736,-0.07703304,0.10628119999999998,-0.2333142429077148,4
2026-09-01,ICICIGI,3,1,0.05090586279911739,0.554409921169281,-0.07736087,0.1062812,-0.2336420684539795,4
2026-09-01,ICICIGI,4,1,0.1042960145189545,0.46688687801361084,0.02579689,0.10628119999999998,-0.13048430974121092,4
2026-09-01,ICICIGI,7,1,0.06806323236441593,0.32076120376586914,0.032234192,0.1062812,-0.12404700810546876,4
2026-09-01,ICICIGI,8,1,0.06588887826357431,0.31444546580314636,0.25856495,0.1062812,0.10228374903564451,4
2026-09-01,ICICIGI,9,1,0.068179664547829,0.3001355230808258,0.11618137,0.1062812,-0.0400998264038086,4
2026-09-01,ICICIGI,10,1,0.07594004879468699,0.290341317653656,-0.12899637,0.10628119999999998,-0.28527757222290034,4
2026-09-01,ICICIGI,11,1,0.0773505252772159,0.27240464091300964,-0.1676321,0.1062812,-0.3239133029663086,4
2026-09-01,ICICIGI,12,1,0.04269185409043636,0.2632177770137787,-0.11602044,0.1062812,-0.27230164105529786,4
2026-09-01,ICICIGI,19,-1,-0.05963401749810155,0.1239861249923706,0.0064492226,0.10628119999999998,-0.14983197743530272,4
2026-09-01,ICICIGI,20,-1,-0.05395556503371228,0.12259578704833984,0.0516057,0.10628119999999998,-0.10467549855346678,4
2026-09-01,ICICIGI,21,-1,-0.04916712633558989,0.1262342482805252,0.23854971,0.1062812,0.08226850932006834,4
2026-09-01,ICICIGI,22,-1,-0.07146290406865069,0.11147680133581161,0.21927357,0.10628119999999998,0.06299236719970705,4
2026-09-01,ICICIGI,39,-1,-0.051486426006181224,0.13219982385635376,-0.79272985,0.10628119999999998,-0.9490110545837402,4
2026-09-01,ICICIGI,42,-1,-0.10652109085508607,0.18609432876110077,-0.012791157,0.10628119999999998,-0.1690723567687988,4
2026-09-01,ICICIGI,54,-1,-0.07089647636548882,0.168521910905838,0.050860643,0.10628119999999998,-0.10542055661315916,4
2026-09-01,ICICIGI,55,-1,-0.3119355388109238,0.18313883244991302,-0.267756,0.1062812,-0.4240371852600098,4
2026-09-01,ICICIGI,56,-1,-0.04763575938302636,0.18653376400470734,-0.12735128,0.10628119999999998,-0.28363248402709956,4
2026-09-01,ICICIGI,57,-1,-0.1853687447629554,0.18558859825134277,-0.038194656,0.1062812,-0.19447585637207032,4
2026-09-01,ICICIPRULI,3,1,0.05464900374001314,0.9455654621124268,0.10000467,0.1062812,-0.05627652699584962,4
2026-09-01,ICICIPRULI,4,1,0.11634345699967279,0.8032748103141785,0.21986961,0.10628119999999998,0.06358841364746096,4
2026-09-01,ICICIPRULI,7,1,0.07081930021523661,0.6101497411727905,0.38930178,0.10628119999999998,0.23302057688598637,4
2026-09-01,ICICIPRULI,8,1,0.07180767887107868,0.5616028308868408,0.399518,0.10628119999999998,0.24323681300048833,4
2026-09-01,ICICIPRULI,9,1,0.08038912766021977,0.5321466326713562,0.32948256,0.1062812,0.1732013553894043,4
2026-09-01,ICICIPRULI,10,1,0.08759010427709103,0.49949827790260315,0.44955015,0.10628119999999998,0.2932689518249512,4
2026-09-01,ICICIPRULI,11,1,0.08517091308386524,0.4745030105113983,0.20952225,0.10628119999999998,0.053241047314453144,4
2026-09-01,ICICIPRULI,12,1,0.04993795828602264,0.45271238684654236,0.11943579,0.1062812,-0.036845412799072275,4
2026-09-01,ICICIPRULI,19,-1,-0.06632017586921905,0.18391463160514832,-0.09940863,0.1062812,-0.2556898265563965,4
2026-09-01,ICICIPRULI,20,-1,-0.05889186665333325,0.17809231579303741,0.019866228,0.10628119999999998,-0.13641497189636229,4
2026-09-01,ICICIPRULI,21,-1,-0.05302144983925861,0.16908684372901917,0.0795722,0.1062812,-0.07670899922485352,4
2026-09-01,ICICIPRULI,22,-1,-0.06769287237111261,0.16543586552143097,0.16903877,0.1062812,0.012757572583007804,4
2026-09-01,ICICIPRULI,26,-1,-0.042986825777947206,0.13265618681907654,0.38732886,0.1062812,0.2310476631439209,4
2026-09-01,ICICIPRULI,39,-1,-0.05723267354401455,0.13873079419136047,-0.029885769,0.10628119999999998,-0.1861669688903808,4
2026-09-01,ICICIPRULI,42,-1,-0.09952145252977287,0.11525292694568634,-0.009953976,0.10628119999999998,-0.16623517567749022,4
2026-09-01,ICICIPRULI,54,-1,-0.07989804224339314,0.11896415799856186,0.16944408,0.10628119999999998,0.013162884167480488,4
2026-09-01,ICICIPRULI,55,-1,-0.32044184790094704,0.12403694540262222,0.09980202,0.10628120000000002,-0.05647918278808596,4
2026-09-01,ICICIPRULI,56,-1,-0.05543718521717985,0.12752488255500793,0.32907724,0.1062812,0.17279604380493163,4
2026-09-01,ICICIPRULI,57,-1,-0.19317017059710886,0.1374305933713913,0.34909248,0.1062812,0.1928112835205078,4
2026-09-01,IDEA,3,1,0.060916126643958665,0.5517252683639526,-0.96551776,0.10628119999999998,-1.1217989593231201,4
2026-09-01,IDEA,4,1,0.11807517182239324,0.5110508799552917,-0.8984089,0.1062812,-1.0546900897705078,4
2026-09-01,IDEA,5,1,0.09408404145780039,0.48476463556289673,-0.34602284,0.1062812,-0.5023040443145752,4
2026-09-01,IDEA,6,1,0.059139467496831175,0.44580918550491333,-0.13870001,0.10628119999999998,-0.29498120839233394,4
2026-09-01,IDEA,7,1,0.11179054105255534,0.44301533699035645,0.0,0.1062812,-0.1562812,4
2026-09-01,IDEA,8,1,0.08660202659773637,0.4246770441532135,-0.20833015,0.1062812,-0.3646113544189453,4
2026-09-01,IDEA,9,1,0.07785070893023979,0.4097216725349426,0.2084732,0.1062812,0.05219200556640624,4
2026-09-01,IDEA,10,1,0.09943004677411059,0.40516549348831177,0.0,0.1062812,-0.1562812,4
2026-09-01,IDEA,11,1,0.09588354412583494,0.4009760320186615,0.20920038,0.1062812,0.05291918223266601,4
2026-09-01,IDEA,12,1,0.04153622508507009,0.41132453083992004,-0.069493055,0.1062812,-0.22577425534362794,4
2026-09-01,IDEA,19,-1,-0.04202044094070719,0.3079673647880554,-0.0,0.1062812,-0.1562812,4
2026-09-01,IDEA,22,-1,-0.05457761233477451,0.2980327010154724,0.27797222,0.1062812,0.1216910213745117,4
2026-09-01,IDEA,42,-1,-0.04753974479104155,0.21977953612804413,0.6293714,0.1062812,0.4730902046478272,4
2026-09-01,IDEA,54,-1,-0.044315514804424805,0.24264411628246307,1.0615766,0.1062812,0.9052954048431396,4
2026-09-01,IDEA,55,-1,-0.2910279043126562,0.23826387524604797,0.42583942,0.1062812,0.2695582241333008,4
2026-09-01,IDEA,57,-1,-0.10278588131723826,0.2800118327140808,0.2138257,0.10628119999999998,0.05754450266723635,4
2026-09-01,IDEA,62,1,0.0411163435480279,0.3360140919685364,0.21383762,0.10628119999999998,0.057556423596191425,4
2026-09-01,IDEA,64,1,0.09762677499853052,0.3367341160774231,0.28550625,0.10628120000000002,0.12922504847412108,4
2026-09-01,IDEA,65,1,0.09390163077084916,0.3313957452774048,0.28550625,0.10628120000000002,0.12922504847412108,4
2026-09-01,IDEA,66,1,0.09271696084726354,0.34086287021636963,0.07122755,0.1062812,-0.08505364949340821,4
2026-09-01,IDEA,67,1,0.07585791728342284,0.34496769309043884,-0.14204383,0.10628119999999998,-0.29832502896423335,4
2026-09-01,IDFCFIRSTB,3,1,0.04941771152422074,0.46530410647392273,-0.5771458,0.10628119999999998,-0.7334270148956299,4
2026-09-01,IDFCFIRSTB,4,1,0.11213280424442187,0.4392455518245697,-0.25989413,0.1062812,-0.41617533261413575,4
2026-09-01,IDFCFIRSTB,7,1,0.08157595677163061,0.353549063205719,0.11833906,0.1062812,-0.03794213826293946,4
2026-09-01,IDFCFIRSTB,8,1,0.07489263526378014,0.3272222578525543,-0.18923879,0.1062812,-0.3455199866973877,4
2026-09-01,IDFCFIRSTB,9,1,0.06360642004173059,0.31224119663238525,-0.047320127,0.1062812,-0.20360132748718263,4
2026-09-01,IDFCFIRSTB,10,1,0.07985116413533358,0.30694401264190674,0.17768145,0.1062812,0.021400246075439444,4
2026-09-01,IDFCFIRSTB,11,1,0.08530764288989247,0.2891950011253357,0.11842251,0.10628119999999998,-0.03785869176025389,4
2026-09-01,IDFCFIRSTB,12,1,0.04837150704879182,0.2784639894962311,0.28401613,0.1062812,0.12773493235473632,4
2026-09-01,IDFCFIRSTB,19,-1,-0.06411337081150577,0.19808799028396606,-0.40109158,0.1062812,-0.5573727756225586,4
2026-09-01,IDFCFIRSTB,20,-1,-0.05573689717940406,0.18546602129936218,-0.40137768,0.10628119999999998,-0.5576588779174805,4
2026-09-01,IDFCFIRSTB,21,-1,-0.05106615665830858,0.18704140186309814,-0.23591518,0.1062812,-0.3921963840209961,4
2026-09-01,IDFCFIRSTB,22,-1,-0.07091958595296223,0.1951901614665985,-0.14133453,0.10628119999999998,-0.2976157336914062,4
2026-09-01,IDFCFIRSTB,39,-1,-0.04907719609152502,0.11420322954654694,0.035262108,0.10628119999999998,-0.12101909215087889,4
2026-09-01,IDFCFIRSTB,42,-1,-0.09836900979890008,0.10080321878194809,0.11764765,0.1062812,-0.03863355214233399,4
2026-09-01,IDFCFIRSTB,54,-1,-0.07149251589211002,0.11983640491962433,0.39002895,0.10628120000000002,0.23374775355224608,4
2026-09-01,IDFCFIRSTB,55,-1,-0.3145765683031522,0.1370706409215927,-0.03553629,0.10628119999999998,-0.19181748921508784,4
2026-09-01,IDFCFIRSTB,57,-1,-0.18970346019967263,0.15708968043327332,-0.40398836,0.1062812,-0.5602695613586426,4
2026-09-01,INDHOTEL,3,1,0.05479507224505107,0.7743979096412659,-0.45258403,0.10628119999999998,-0.6088652282440186,4
2026-09-01,INDHOTEL,4,1,0.12594978830721748,0.6855623126029968,-0.22340417,0.1062812,-0.3796853690826416,4
2026-09-01,INDHOTEL,5,1,0.049802527459792724,0.6041334867477417,-0.104790926,0.10628119999999998,-0.2610721259796142,4
2026-09-01,INDHOTEL,7,1,0.09597547893343762,0.5433638691902161,0.013971329,0.1062812,-0.14230987126464845,4
2026-09-01,INDHOTEL,8,1,0.09241751560829095,0.5162888169288635,0.08397102,0.1062812,-0.0723101764404297,4
2026-09-01,INDHOTEL,9,1,0.10459026210580777,0.4837457537651062,-0.041931868,0.1062812,-0.1982130675994873,4
2026-09-01,INDHOTEL,10,1,0.10637341570256265,0.45400360226631165,0.020980835,0.1062812,-0.1353003650390625,4
2026-09-01,INDHOTEL,11,1,0.11180622012342324,0.4308924674987793,-0.055986643,0.1062812,-0.21226784283752442,4
2026-09-01,INDHOTEL,12,1,0.07434912390174298,0.40884920954704285,-0.006991625,0.1062812,-0.16327282483215333,4
2026-09-01,INDHOTEL,13,1,0.05070248930619253,0.39010855555534363,-0.062942505,0.1062812,-0.2192237048828125,4
2026-09-01,INDHOTEL,19,-1,-0.06137935299593062,0.1897963136434555,0.21676421,0.10628119999999998,0.060483011654663105,4
2026-09-01,INDHOTEL,20,-1,-0.04944140182753723,0.17044813930988312,-0.007009506,0.10628119999999998,-0.16329070622558592,4
2026-09-01,INDHOTEL,21,-1,-0.045592335871296026,0.15905150771141052,0.20306706,0.1062812,0.04678586428527831,4
2026-09-01,INDHOTEL,22,-1,-0.06643522079258324,0.14153583347797394,0.20304322,0.10628119999999998,0.04676202242736818,4
2026-09-01,INDHOTEL,39,-1,-0.05054855510662071,0.16397857666015625,-0.0,0.10628120000000002,-0.1562812,4
2026-09-01,INDHOTEL,42,-1,-0.10110107420449477,0.12780936062335968,0.119286776,0.1062812,-0.03699442441101075,4
2026-09-01,INDHOTEL,54,-1,-0.07300226479147391,0.1058620885014534,-0.063216686,0.1062812,-0.2194978862487793,4
2026-09-01,INDHOTEL,55,-1,-0.31641413370649163,0.11454439908266068,-0.33752918,0.1062812,-0.49381038243408204,4
2026-09-01,INDHOTEL,56,-1,-0.050108303279028876,0.12334399670362473,-0.035095215,0.1062812,-0.19137641484375,4
2026-09-01,INDHOTEL,57,-1,-0.18784128865895786,0.1247870996594429,0.09819269,0.1062812,-0.05808850819702149,4
2026-09-01,INDIANB,3,1,0.0529013471529391,0.7310352325439453,-1.0629356,0.1062812,-1.2192167907440186,4
2026-09-01,INDIANB,4,1,0.10495968225060874,0.6497839093208313,-0.71045756,0.10628119999999998,-0.8667387634002686,4
2026-09-01,INDIANB,7,1,0.08928986532717428,0.5064609050750732,-0.03400445,0.1062812,-0.19028564984436036,4
2026-09-01,INDIANB,8,1,0.06911278485098404,0.4632790982723236,-0.19826889,0.1062812,-0.3545500903808594,4
2026-09-01,INDIANB,9,1,0.07819505853408579,0.44129490852355957,0.0,0.10628119999999998,-0.15628119999999998,4
2026-09-01,INDIANB,10,1,0.08157862441021484,0.4392511546611786,0.011360645,0.1062812,-0.14492055470581056,4
2026-09-01,INDIANB,11,1,0.0893442818669429,0.41266927123069763,-0.028401613,0.10628120000000002,-0.18468281323547364,4
2026-09-01,INDIANB,12,1,0.0466609597323433,0.4056854248046875,-0.2605319,0.1062812,-0.41681310231323243,4
2026-09-01,INDIANB,19,-1,-0.05963401749810155,0.20037375390529633,-0.75525045,0.10628119999999998,-0.9115316539489746,4
2026-09-01,INDIANB,20,-1,-0.06120104917565357,0.2042675018310547,-0.67505836,0.1062812,-0.8313395648681641,4
2026-09-01,INDIANB,21,-1,-0.056160780031361504,0.19604992866516113,-0.46511889,0.10628119999999998,-0.6214000850402832,4
2026-09-01,INDIANB,22,-1,-0.07611913303061059,0.20587244629859924,-0.32281876,0.1062812,-0.47909995610351563,4
2026-09-01,INDIANB,25,-1,-0.04089318946332968,0.21691323816776276,0.32687187,0.1062812,0.17059067194824218,4
2026-09-01,INDIANB,26,-1,-0.04602832742578185,0.19887079298496246,0.405699,0.1062812,0.24941781466369628,4
2026-09-01,INDIANB,39,-1,-0.05733759724860997,0.13149817287921906,0.011301041,0.1062812,-0.14498015935058595,4
2026-09-01,INDIANB,42,-1,-0.10125051328735696,0.11819397658109665,0.056505203,0.1062812,-0.0997759967529297,4
2026-09-01,INDIANB,54,-1,-0.06657856749401894,0.1753852516412735,0.35808086,0.1062812,0.2017996639526367,4
2026-09-01,INDIANB,55,-1,-0.3156231360921245,0.1991150677204132,-0.057005882,0.1062812,-0.2132870822631836,4
2026-09-01,INDIANB,56,-1,-0.04077981457429887,0.21021687984466553,0.24477243,0.10628119999999998,0.08849123423461917,4
2026-09-01,INDIANB,57,-1,-0.18923718871030856,0.2282072901725769,0.028508902,0.1062812,-0.12777229840393067,4
2026-09-01,INDIGO,4,1,0.10891865389205052,0.5041019916534424,-0.02964139,0.1062812,-0.18592258984680177,4
2026-09-01,INDIGO,7,1,0.05423234524412311,0.46474358439445496,-0.098621845,0.1062812,-0.25490304524536134,4
2026-09-01,INDIGO,8,1,0.04766982083947417,0.4346778690814972,-0.019711256,0.10628119999999998,-0.17599245602722163,4
2026-09-01,INDIGO,9,1,0.056270931356663695,0.40910884737968445,-0.009852648,0.10628119999999998,-0.16613384778137205,4
2026-09-01,INDIGO,10,1,0.08218692977065797,0.4060366451740265,0.20748377,0.10628119999999998,0.051202568463134784,4
2026-09-01,INDIGO,11,1,0.0853163480916728,0.38219499588012695,0.2569437,0.1062812,0.10066250269775388,4
2026-09-01,INDIGO,12,1,0.044670341278607056,0.3660472333431244,0.306046,0.1062812,0.1497648090637207,4
2026-09-01,INDIGO,16,-1,-0.04165799359286762,0.26470670104026794,-0.14783144,0.10628119999999998,-0.3041126399719238,4
2026-09-01,INDIGO,17,-1,-0.042285051965325005,0.26199397444725037,-0.37463903,0.1062812,-0.5309202342712402,4
2026-09-01,INDIGO,18,-1,-0.04199127660402583,0.22037597000598907,-0.54214,0.10628119999999998,-0.698421207019043,4
2026-09-01,INDIGO,19,-1,-0.09220383065028807,0.1982564628124237,-0.4035473,0.1062812,-0.5598284869873047,4
2026-09-01,INDIGO,20,-1,-0.06512038678257279,0.19718031585216522,-0.35492182,0.1062812,-0.511203017779541,4
2026-09-01,INDIGO,21,-1,-0.06519674064144754,0.1803680658340454,-0.2859354,0.10628119999999998,-0.44221660191650386,4
2026-09-01,INDIGO,22,-1,-0.09043741796555725,0.18991348147392273,-0.06891489,0.1062812,-0.22519609028930665,4
2026-09-01,INDIGO,23,-1,-0.04209335873510893,0.19048556685447693,0.07869601,0.10628120000000002,-0.07758518750305178,4
2026-09-01,INDIGO,24,-1,-0.04465360024154384,0.18030785024166107,0.25535226,0.10628119999999998,0.09907105868225101,4
2026-09-01,INDIGO,25,-1,-0.06411105971303477,0.18907563388347626,0.4705906,0.10628119999999998,0.3143093914306641,4
2026-09-01,INDIGO,26,-1,-0.06703396168360136,0.18835687637329102,0.56851506,0.1062812,0.4122338623321533,4
2026-09-01,INDIGO,32,-1,-0.0502645696907157,0.20544861257076263,0.03938675,0.1062812,-0.11689445073242188,4
2026-09-01,INDIGO,34,-1,-0.04250387822856981,0.18921010196208954,-0.10834932,0.10628119999999998,-0.26463052327270503,4
2026-09-01,INDIGO,36,-1,-0.04372821782957155,0.16889514029026031,-0.13792515,0.1062812,-0.2942063480102539,4
2026-09-01,INDIGO,38,-1,-0.043006568777832786,0.150702103972435,-0.236547,0.1062812,-0.39282819325561524,4
2026-09-01,INDIGO,39,-1,-0.07833623320912013,0.14493976533412933,-0.22650957,0.10628119999999998,-0.3827907710754394,4
2026-09-01,INDIGO,41,-1,-0.050514914939111664,0.13424044847488403,0.09839535,0.1062812,-0.057885852404785165,4
2026-09-01,INDIGO,42,-1,-0.12964563350807387,0.13149382174015045,-0.0,0.1062812,-0.1562812,4
2026-09-01,INDIGO,43,-1,-0.05768286568751571,0.12860515713691711,0.078737736,0.1062812,-0.077543464251709,4
2026-09-01,INDIGO,44,-1,-0.0540717464836463,0.13400311768054962,0.21606684,0.10628119999999998,0.059785637310791034,4
2026-09-01,INDIGO,45,-1,-0.04223548937605152,0.13274335861206055,0.53076744,0.1062812,0.37448624079589843,4
2026-09-01,INDIGO,54,-1,-0.07074239189091151,0.18169991672039032,0.415802,0.1062812,0.259520801953125,4
2026-09-01,INDIGO,55,-1,-0.32594796836067874,0.17972122132778168,0.24755001,0.10628119999999998,0.09126881068115238,4
2026-09-01,INDIGO,56,-1,-0.07570340301959004,0.19413775205612183,0.3162682,0.10628120000000002,0.1599870056427002,4
2026-09-01,INDIGO,57,-1,-0.20020283333824784,0.22959183156490326,0.049602985,0.10628119999999998,-0.1066782146179199,4
2026-09-01,INDIGO,61,-1,-0.048378065891905665,0.28190818428993225,-0.2683878,0.1062812,-0.4246689944946289,4
2026-09-01,INDUSINDBK,3,1,0.05055662945075652,0.4414561986923218,-0.15048385,0.1062812,-0.3067650466644287,4
2026-09-01,INDUSINDBK,4,1,0.10747856574679643,0.38118165731430054,-0.1003623,0.10628119999999998,-0.2566435008728027,4
2026-09-01,INDUSINDBK,7,1,0.07350861661311597,0.30010074377059937,0.31143427,0.10628119999999998,0.15515306895141606,4
2026-09-01,INDUSINDBK,8,1,0.06057782339383216,0.27467969059944153,0.26128292,0.1062812,0.10500172083740232,4
2026-09-01,INDUSINDBK,9,1,0.05008371628344857,0.25409308075904846,0.15066862,0.1062812,-0.005612578936767587,4
2026-09-01,INDUSINDBK,10,1,0.044393522345905115,0.24022039771080017,0.3415346,0.1062812,0.18525341456298827,4
2026-09-01,INDUSINDBK,11,1,0.04942154873176929,0.2260402888059616,0.30136108,0.1062812,0.145079883984375,4
2026-09-01,INDUSINDBK,19,-1,-0.06400844710691034,0.12225271016359329,-0.24024248,0.1062812,-0.39652368123168946,4
2026-09-01,INDUSINDBK,20,-1,-0.05456164329341396,0.1194167211651802,-0.2604127,0.10628120000000002,-0.41669389302368165,4
2026-09-01,INDUSINDBK,21,-1,-0.04415179416032512,0.12242425978183746,0.08017421,0.1062812,-0.07610699231262208,4
2026-09-01,INDUSINDBK,22,-1,-0.06858871240347457,0.129479318857193,0.1702547,0.1062812,0.013973507336425772,4
2026-09-01,INDUSINDBK,39,-1,-0.04985085526120124,0.10673829168081284,0.11031628,0.1062812,-0.04596492344970704,4
2026-09-01,INDUSINDBK,42,-1,-0.10230784565780107,0.08013632148504257,0.43073297,0.10628119999999998,0.2744517654693604,4
2026-09-01,INDUSINDBK,54,-1,-0.0650028327081423,0.125503271818161,0.4947543,0.1062812,0.3384731144226074,4
2026-09-01,INDUSINDBK,55,-1,-0.31674203330998346,0.13803042471408844,0.2124846,0.1062812,0.05620339815979003,4
2026-09-01,INDUSINDBK,56,-1,-0.050108303279028876,0.14515431225299835,0.3235221,0.1062812,0.16724089091186523,4
2026-09-01,INDUSINDBK,57,-1,-0.19133098540883403,0.14748471975326538,0.2327919,0.1062812,0.0765107006347656,4
2026-09-01,INDUSTOWER,3,1,0.05286112569142532,0.5314309000968933,-0.63901544,0.10628119999999998,-0.7952966361724854,4
2026-09-01,INDUSTOWER,4,1,0.10612943416844604,0.4668150842189789,-0.521785,0.10628119999999998,-0.6780662208282471,4
2026-09-01,INDUSTOWER,7,1,0.09137444714915363,0.40322640538215637,0.013124943,0.1062812,-0.143156257220459,4
2026-09-01,INDUSTOWER,8,1,0.07498096841769247,0.3716830909252167,0.078737736,0.10628119999999998,-0.07754346425170897,4
2026-09-01,INDUSTOWER,9,1,0.08995337518872429,0.35278719663619995,0.05246401,0.1062812,-0.10381719166870118,4
2026-09-01,INDUSTOWER,10,1,0.08733512567650767,0.33528587222099304,-0.21008253,0.10628119999999998,-0.36636373097534175,4
2026-09-01,INDUSTOWER,11,1,0.09147753700034145,0.32673338055610657,-0.40661693,0.1062812,-0.5628981261932373,4
2026-09-01,INDUSTOWER,12,1,0.049745122403521816,0.3125724494457245,-0.19671917,0.10628119999999998,-0.35300036961669917,4
2026-09-01,INDUSTOWER,19,-1,-0.05958958674677684,0.20461787283420563,0.14461875,0.1062812,-0.011662450381469736,4
2026-09-01,INDUSTOWER,20,-1,-0.052253452117087804,0.19736842811107635,0.2105236,0.1062812,0.05424240534667968,4
2026-09-01,INDUSTOWER,21,-1,-0.051588445962586355,0.19708317518234253,0.60438514,0.10628119999999998,0.44810393755798344,4
2026-09-01,INDUSTOWER,22,-1,-0.07154679896183541,0.19794340431690216,0.47294497,0.1062812,0.316663774899292,4
2026-09-01,INDUSTOWER,39,-1,-0.05011482503955543,0.16214494407176971,0.07917285,0.10628119999999998,-0.07710835034484861,4
2026-09-01,INDUSTOWER,42,-1,-0.10283013496207885,0.14798489212989807,0.32981634,0.1062812,0.17353514140014648,4
2026-09-01,INDUSTOWER,54,-1,-0.06803666189085099,0.14596626162528992,0.43783784,0.10628119999999998,0.28155663912658696,4
2026-09-01,INDUSTOWER,55,-1,-0.3175322791885799,0.16920840740203857,0.25286674,0.1062812,0.09658554499511716,4
2026-09-01,INDUSTOWER,57,-1,-0.18906200678791887,0.18107368052005768,0.12008548,0.10628119999999998,-0.03619572217102049,4
2026-09-01,INDUSTOWER,64,1,0.0464478713630483,0.25857827067375183,0.30720234,0.10628119999999998,0.15092113917236333,4
2026-09-01,INDUSTOWER,65,1,0.05453428578143139,0.2642329931259155,0.2804041,0.1062812,0.12412289088134763,4
2026-09-01,INDUSTOWER,66,1,0.053732447349298336,0.27593350410461426,0.039958954,0.10628119999999998,-0.1163222461425781,4
2026-09-01,INDUSTOWER,67,1,0.0522426664451202,0.2781210243701935,-0.33222437,0.10628119999999998,-0.4885055690490722,4
2026-09-01,INFY,3,1,0.04983241749840228,0.6554825305938721,-0.34971237,0.1062812,-0.5059935718261719,4
2026-09-01,INFY,4,1,0.10975528405043382,0.5888039469718933,-0.13139248,0.10628119999999998,-0.28767367894287105,4
2026-09-01,INFY,7,1,0.07355386173292278,0.44490334391593933,0.11396408,0.1062812,-0.042317119189453134,4
2026-09-01,INFY,8,1,0.06594189711320887,0.4134744107723236,0.3247261,0.10628119999999998,0.16844490473632817,4
2026-09-01,INFY,9,1,0.07145425466460757,0.38897329568862915,0.36000013,0.10628119999999998,0.20371893351440434,4
2026-09-01,INFY,10,1,0.07693151353815302,0.36848723888397217,0.39480925,0.10628119999999998,0.23852804606323247,4
2026-09-01,INFY,11,1,0.08232926383872269,0.3493858277797699,0.34208298,0.1062812,0.18580177729492187,4
2026-09-01,INFY,12,1,0.04797494443336746,0.346956342458725,0.23642778,0.10628119999999998,0.08014658396606449,4
2026-09-01,INFY,19,-1,-0.05515032290808252,0.17284522950649261,0.11354089,0.10628119999999998,-0.04274031216735838,4
2026-09-01,INFY,20,-1,-0.05248786586128481,0.17563286423683167,0.070005655,0.1062812,-0.08627554471130372,4
2026-09-01,INFY,22,-1,-0.05914664075510045,0.19308336079120636,0.034993887,0.1062812,-0.12128731305236817,4
2026-09-01,INFY,26,-1,-0.04131009207656317,0.169250026345253,-0.25357008,0.10628120000000002,-0.4098512798034668,4
2026-09-01,INFY,42,-1,-0.0626582837495553,0.21788041293621063,-0.0,0.10628120000000002,-0.1562812,4
2026-09-01,INFY,54,-1,-0.06624988936089181,0.16448260843753815,0.52137375,0.10628119999999998,0.3650925487792969,4
2026-09-01,INFY,55,-1,-0.2968434451514249,0.16706712543964386,0.26087165,0.1062812,0.10459044878845213,4
2026-09-01,INFY,56,-1,-0.04334588142380577,0.17208006978034973,0.41747093,0.10628119999999998,0.261189732006836,4
2026-09-01,INFY,57,-1,-0.17092672458493408,0.17930401861667633,0.33999085,0.10628119999999998,0.1837096542633057,4
2026-09-01,IOC,3,1,0.05232640408688375,0.7859888076782227,-0.06580949,0.1062812,-0.2220906882965088,4
2026-09-01,IOC,4,1,0.11190361374484999,0.664419412612915,0.14634132,0.1062812,-0.009939876147460946,4
2026-09-01,IOC,7,1,0.0744845550402515,0.5007696747779846,0.45484304,0.1062812,0.29856184428100585,4
2026-09-01,IOC,8,1,0.0733633382836952,0.4627586603164673,0.34462214,0.1062812,0.1883409351623535,4
2026-09-01,IOC,9,1,0.08128148362342133,0.4228348135948181,0.395751,0.10628119999999998,0.23946979945068364,4
2026-09-01,IOC,10,1,0.07761656914425623,0.4070563316345215,0.13167858,0.10628119999999998,-0.024602618762207012,4
2026-09-01,IOC,11,1,0.08258349058484209,0.3866485357284546,-0.13148189,0.1062812,-0.2877630859100342,4
2026-09-01,IOC,12,1,0.045351310156885156,0.36343827843666077,-0.06572008,0.1062812,-0.2220012813293457,4
2026-09-01,IOC,19,-1,-0.05963401749810155,0.14405812323093414,0.021922588,0.1062812,-0.13435861165161134,4
2026-09-01,IOC,20,-1,-0.05991332274909021,0.12999460101127625,0.036543608,0.10628119999999998,-0.11973759228820799,4
2026-09-01,IOC,21,-1,-0.0528857931593212,0.12436097115278244,0.04389286,0.1062812,-0.11238833958740235,4
2026-09-01,IOC,22,-1,-0.07574442657087911,0.12172149121761322,0.29243827,0.10628119999999998,0.13615706866149907,4
2026-09-01,IOC,26,-1,-0.046133251130377265,0.10076581686735153,0.38748384,0.10628119999999998,0.23120263522033696,4
2026-09-01,IOC,32,-1,-0.04212838480553641,0.1084795743227005,-0.13939142,0.1062812,-0.2956726222717285,4
2026-09-01,IOC,39,-1,-0.056581049379234145,0.10518024861812592,-0.37362576,0.1062812,-0.5299069553100586,4
2026-09-01,IOC,42,-1,-0.10702776257112254,0.0973740741610527,-0.42510033,0.10628119999999998,-0.581381526538086,4
2026-09-01,IOC,54,-1,-0.06572787413789502,0.14523862302303314,-0.13897419,0.1062812,-0.2952553897583008,4
2026-09-01,IOC,55,-1,-0.31543310820142917,0.14835146069526672,0.03656745,0.10628120000000002,-0.11971375043029787,4
2026-09-01,IOC,56,-1,-0.05424846905169316,0.15625523030757904,-0.0073194504,0.1062812,-0.16360065037841798,4
2026-09-01,IOC,57,-1,-0.19265146162010288,0.1578345000743866,0.09512305,0.10628119999999998,-0.06115814740295408,4
2026-09-01,IPCALAB,3,1,0.054177026073171916,0.6292636394500732,0.111198425,0.1062812,-0.04508277470703126,4
2026-09-01,IPCALAB,4,1,0.11294051296296997,0.5616998076438904,0.045478344,0.1062812,-0.11080285603637696,4
2026-09-01,IPCALAB,5,1,0.06323554743521993,0.5128834247589111,0.04042387,0.10628119999999998,-0.11585732991333006,4
2026-09-01,IPCALAB,7,1,0.0866996737595481,0.4762135446071625,-1.3148606,0.1062812,-1.4711417823516846,4
2026-09-01,IPCALAB,8,1,0.07365217790853822,0.4522443115711212,-1.1902928,0.1062812,-1.3465740352355957,4
2026-09-01,IPCALAB,9,1,0.0801461335489382,0.4289889931678772,-1.281923,0.1062812,-1.4382042556488037,4
2026-09-01,IPCALAB,10,1,0.0760491952588721,0.4098639488220215,-0.8540094,0.10628119999999998,-1.0102905898773193,4
2026-09-01,IPCALAB,11,1,0.07133385917963275,0.3926764726638794,-0.88383555,0.10628119999999998,-1.0401167541229248,4
2026-09-01,IPCALAB,22,-1,-0.051210194202202186,0.3126518428325653,0.1632452,0.1062812,0.006964001110839835,4
2026-09-01,IPCALAB,42,-1,-0.04651443217773944,0.19875381886959076,0.3547907,0.1062812,0.19850948756103515,4
2026-09-01,IPCALAB,54,-1,-0.06378196830498378,0.21085387468338013,-0.7736087,0.1062812,-0.9298898845397949,4
2026-09-01,IPCALAB,55,-1,-0.28936606097320194,0.21925334632396698,-1.31042,0.1062812,-1.466701236315918,4
2026-09-01,IPCALAB,57,-1,-0.17217006861183365,0.21865889430046082,-1.4642835,0.1062812,-1.6205646663391113,4
2026-09-01,IPCALAB,64,1,0.10305801541955455,0.349114328622818,-0.10557175,0.10628120000000002,-0.2618529468261719,4
2026-09-01,IPCALAB,65,1,0.10200004752260144,0.35285642743110657,-0.17080307,0.10628119999999998,-0.32708427006835933,4
2026-09-01,IPCALAB,66,1,0.10223808542507896,0.371648907661438,-0.22617579,0.10628119999999998,-0.3824569850646972,4
2026-09-01,IPCALAB,67,1,0.09222658939388448,0.38067343831062317,-0.03527403,0.10628119999999998,-0.19155522877807613,4
2026-09-01,IRCTC,3,1,0.044367995534893664,0.3181234896183014,-0.16552806,0.1062812,-0.3218092590057373,4
2026-09-01,IRCTC,4,1,0.0991353383209947,0.2858015298843384,-0.020706654,0.10628120000000002,-0.1769878535949707,4
2026-09-01,IRCTC,5,1,0.051172080859255016,0.26956823468208313,0.16593933,0.1062812,0.009658131054687491,4
2026-09-01,IRCTC,7,1,0.045040692460062835,0.24613870680332184,0.14516115,0.1062812,-0.011120048114013681,4
2026-09-01,IRCTC,19,-1,-0.056199857381090075,0.11517102271318436,-0.062024593,0.1062812,-0.2183057933532715,4
2026-09-01,IRCTC,20,-1,-0.05066686134445965,0.11153726279735565,-0.09301901,0.1062812,-0.24930020863647462,4
2026-09-01,IRCTC,22,-1,-0.0627530102160842,0.10769917070865631,0.010329485,0.1062812,-0.1459517150604248,4
2026-09-01,IRCTC,42,-1,-0.04342006508170967,0.10345541685819626,0.03105402,0.10628119999999998,-0.12522718007202147,4
2026-09-01,IRCTC,54,-1,-0.06324764098293362,0.11865255981683731,0.041508675,0.10628119999999998,-0.11477252537841795,4
2026-09-01,IRCTC,55,-1,-0.2905420959555169,0.12465023994445801,-0.031161308,0.10628119999999998,-0.18744250828857417,4
2026-09-01,IRCTC,56,-1,-0.04286092583323322,0.11644047498703003,-0.0,0.1062812,-0.1562812,4
2026-09-01,IRCTC,57,-1,-0.1689553916546596,0.11721845716238022,-0.13506413,0.1062812,-0.29134532506103517,4
2026-09-01,IRFC,3,1,0.05101942442582555,0.35940736532211304,-0.43139458,0.1062812,-0.5876757770263672,4
2026-09-01,IRFC,4,1,0.11053090854121708,0.341097891330719,-0.13211966,0.1062812,-0.28840085560913087,4
2026-09-01,IRFC,5,1,0.0682267041326376,0.33714327216148376,0.31336546,0.1062812,0.15708425944213866,4
2026-09-01,IRFC,7,1,0.08441621102344975,0.2954642176628113,0.38577318,0.1062812,0.2294919819152832,4
2026-09-01,IRFC,8,1,0.054898576810651606,0.2891899347305298,0.31331778,0.1062812,0.15703657572631835,4
2026-09-01,IRFC,9,1,0.06074576388067065,0.2770402133464813,0.42147636,0.10628119999999998,0.26519516413574223,4
2026-09-01,IRFC,10,1,0.06479416286750744,0.26586562395095825,0.38526058,0.10628120000000002,0.22897938197021483,4
2026-09-01,IRFC,11,1,0.06762462398613756,0.2625764012336731,0.20446777,0.1062812,0.04818657343749999,4
2026-09-01,IRFC,19,-1,-0.056094933676494645,0.1848621815443039,-0.19171238,0.1062812,-0.3479935794555664,4
2026-09-01,IRFC,20,-1,-0.05107942789595583,0.1816345900297165,-0.25179386,0.10628120000000002,-0.40807506138916017,4
2026-09-01,IRFC,22,-1,-0.06189732508464326,0.17713868618011475,0.08388162,0.1062812,-0.07239958340759278,4
2026-09-01,IRFC,54,-1,-0.06307064909069246,0.09382542222738266,0.43373704,0.10628119999999998,0.2774558395660401,4
2026-09-01,IRFC,55,-1,-0.290083328211009,0.10343129932880402,0.120681524,0.1062812,-0.03559967572326661,4
2026-09-01,IRFC,56,-1,-0.04262308694086337,0.09911006689071655,0.10858774,0.10628119999999998,-0.04769345814819334,4
2026-09-01,IRFC,57,-1,-0.16460724333125146,0.10874705016613007,0.1449585,0.1062812,-0.011322703906250009,4
2026-09-01,ITC,3,1,0.058464493567766514,0.907884955406189,-0.8891344,0.1062812,-1.045415607043457,4
2026-09-01,ITC,4,1,0.11463564471989388,0.811680793762207,-0.512141,0.1062812,-0.6684221893035889,4
2026-09-01,ITC,5,1,0.07287334161989158,0.7192633748054504,-0.3420055,0.1062812,-0.4982866912567139,4
2026-09-01,ITC,6,1,0.0409754962596209,0.6478694081306458,-0.17078519,0.10628119999999998,-0.3270663886749267,4
2026-09-01,ITC,7,1,0.10623503919218982,0.6190447211265564,0.38102865,0.10628119999999998,0.22474745219116216,4
2026-09-01,ITC,8,1,0.08253211620313552,0.5686602592468262,0.41856766,0.1062812,0.2622864574707031,4
2026-09-01,ITC,9,1,0.09244768974992265,0.5390450358390808,0.6097555,0.1062812,0.45347431605224614,4
2026-09-01,ITC,10,1,0.08945608021558936,0.5153635740280151,0.62988997,0.1062812,0.4736087650573731,4
2026-09-01,ITC,11,1,0.08686432952237234,0.49253159761428833,0.49551725,0.1062812,0.3392360538757324,4
2026-09-01,ITC,19,-1,-0.04682278013214157,0.23019717633724213,-0.30326843,0.1062812,-0.4595496326171875,4
2026-09-01,ITC,20,-1,-0.05524306035326134,0.23250964283943176,-0.17030239,0.1062812,-0.3265835910522461,4
2026-09-01,ITC,22,-1,-0.056699503251125855,0.2147739678621292,0.34033656,0.10628119999999998,0.18405536120300298,4
2026-09-01,ITC,54,-1,-0.057569521649315177,0.23239532113075256,0.14958382,0.1062812,-0.0066973834716796965,4
2026-09-01,ITC,55,-1,-0.2790715671064331,0.23916365206241608,0.07481575,0.1062812,-0.0814654498779297,4
2026-09-01,ITC,57,-1,-0.14811132764376247,0.2498064637184143,0.24312735,0.1062812,0.08684614603881834,4
2026-09-01,JINDALSTEL,3,1,0.04941771152422074,0.5145170092582703,-0.7258773,0.1062812,-0.8821584850036621,4
2026-09-01,JINDALSTEL,4,1,0.10473440893004754,0.5125576853752136,-0.657779,0.10628119999999998,-0.8140601783477783,4
2026-09-01,JINDALSTEL,7,1,0.0886873059921859,0.452105849981308,0.017178059,0.10628119999999998,-0.1391031413757324,4
2026-09-01,JINDALSTEL,8,1,0.08296162318894426,0.4338947832584381,0.21511316,0.1062812,0.05883196299438476,4
2026-09-01,JINDALSTEL,9,1,0.07594768296196998,0.40530160069465637,0.09459257,0.1062812,-0.06168862874145509,4
2026-09-01,JINDALSTEL,10,1,0.08558451573997411,0.38866138458251953,0.0774622,0.1062812,-0.07881900364990235,4
2026-09-01,JINDALSTEL,11,1,0.09030304777337862,0.3683322072029114,0.00859499,0.1062812,-0.14768621022338868,4
2026-09-01,JINDALSTEL,12,1,0.0500158607602952,0.3497406542301178,0.06875992,0.10628120000000002,-0.0875212817871094,4
2026-09-01,JINDALSTEL,19,-1,-0.06286195040892266,0.19754253327846527,-0.43814182,0.10628119999999998,-0.5944230228149414,4
2026-09-01,JINDALSTEL,20,-1,-0.052962491417023645,0.15968404710292816,-0.62747,0.1062812,-0.7837512164794922,4
2026-09-01,JINDALSTEL,21,-1,-0.05121373950285487,0.1535554975271225,-0.49874783,0.1062812,-0.6550290256225586,4
2026-09-01,JINDALSTEL,22,-1,-0.06699139612938824,0.15149106085300446,-0.3606677,0.1062812,-0.5169489055358887,4
2026-09-01,JINDALSTEL,39,-1,-0.051486426006181224,0.1575760543346405,0.35069585,0.1062812,0.1944146484649658,4
2026-09-01,JINDALSTEL,42,-1,-0.09777033491249898,0.1308806985616684,0.38540363,0.1062812,0.22912243311767577,4
2026-09-01,JINDALSTEL,54,-1,-0.0713389834126523,0.204696387052536,0.6473899,0.1062812,0.4911086887634278,4
2026-09-01,JINDALSTEL,55,-1,-0.3138467263339761,0.2105727642774582,0.32851696,0.10628119999999998,0.17223576014404302,4
2026-09-01,JINDALSTEL,56,-1,-0.04943829609054816,0.21313512325286865,0.25931597,0.10628119999999998,0.10303476755981449,4
2026-09-01,JINDALSTEL,57,-1,-0.1909518019642702,0.21104790270328522,0.21678805,0.1062812,0.06050685351257323,4
2026-09-01,JIOFIN,3,1,0.055842896599257036,0.40626463294029236,-0.5236685,0.1062812,-0.6799497276031494,4
2026-09-01,JIOFIN,4,1,0.11809356842253727,0.37951210141181946,-0.24349093,0.1062812,-0.39977213437194825,4
2026-09-01,JIOFIN,7,1,0.08025843313708539,0.2995108366012573,0.26530027,0.1062812,0.10901907389526365,4
2026-09-01,JIOFIN,8,1,0.06961457930079577,0.28330278396606445,0.366652,0.1062812,0.21037081187133788,4
2026-09-01,JIOFIN,9,1,0.07101256908090252,0.2690519690513611,0.2779007,0.1062812,0.12161949580078123,4
2026-09-01,JIOFIN,10,1,0.05431895980795689,0.2542155981063843,0.2400279,0.10628119999999998,0.08374670451049808,4
2026-09-01,JIOFIN,11,1,0.05692641996757283,0.2423332929611206,0.21041632,0.10628119999999998,0.054135116986084,4
2026-09-01,JIOFIN,19,-1,-0.06411337081150577,0.1428932100534439,-0.083875656,0.1062812,-0.2401568561279297,4
2026-09-01,JIOFIN,20,-1,-0.0580743219132158,0.14297716319561005,-0.14686584,0.1062812,-0.3031470447265625,4
2026-09-01,JIOFIN,21,-1,-0.04621385704429889,0.14189153909683228,-0.17639399,0.1062812,-0.332675185748291,4
2026-09-01,JIOFIN,22,-1,-0.07102450965755765,0.14942105114459991,0.10480285,0.1062812,-0.05147835309143067,4
2026-09-01,JIOFIN,39,-1,-0.04626989115108013,0.11449044197797775,0.13880134,0.10628120000000002,-0.017479863711547874,4
2026-09-01,JIOFIN,42,-1,-0.09776127105191844,0.1180967390537262,0.2061367,0.10628119999999998,0.049855503491210956,4
2026-09-01,JIOFIN,54,-1,-0.07112531767452403,0.12397045642137527,0.3979206,0.10628119999999998,0.24163940852050786,4
2026-09-01,JIOFIN,55,-1,-0.31622153767609296,0.1347474753856659,0.072067976,0.1062812,-0.0842132240020752,4
2026-09-01,JIOFIN,56,-1,-0.04943829609054816,0.13082243502140045,0.10597706,0.1062812,-0.05030414158935548,4
2026-09-01,JIOFIN,57,-1,-0.18889463789731062,0.15118108689785004,-0.03825426,0.10628119999999998,-0.19453546101684566,4
2026-09-01,JKCEMENT,3,1,0.058454953074831485,0.4207848012447357,-0.44040084,0.1062812,-0.5966820388519287,4
2026-09-01,JKCEMENT,4,1,0.10890319733999365,0.3558858036994934,-0.63569546,0.1062812,-0.7919766574584961,4
2026-09-01,JKCEMENT,5,1,0.04626989055049997,0.3246859312057495,-0.46055913,0.1062812,-0.6168403297149658,4
2026-09-01,JKCEMENT,7,1,0.07217021072036396,0.28534337878227234,-0.31369328,0.1062812,-0.46997448498840333,4
2026-09-01,JKCEMENT,8,1,0.0608781961002138,0.2657691538333893,-0.2937734,0.1062812,-0.4500546127044678,4
2026-09-01,JKCEMENT,9,1,0.04198912616784021,0.24992649257183075,-0.08839369,0.10628119999999998,-0.24467488820190425,4
2026-09-01,JKCEMENT,10,1,0.053324854640422255,0.2546848654747009,-0.039321184,0.1062812,-0.1956023841583252,4
2026-09-01,JKCEMENT,11,1,0.05578795516862401,0.24934382736682892,0.05902052,0.1062812,-0.09726068074340821,4
2026-09-01,JKCEMENT,19,-1,-0.05500344913935501,0.17118722200393677,0.10814071,0.1062812,-0.0481404929840088,4
2026-09-01,JKCEMENT,20,-1,-0.05046209993357472,0.17294713854789734,0.17716289,0.1062812,0.020881685665893546,4
2026-09-01,JKCEMENT,22,-1,-0.056304425552578814,0.17083801329135895,0.35433173,0.1062812,0.19805053179626464,4
2026-09-01,JKCEMENT,42,-1,-0.05528416395585969,0.1720239818096161,-0.0688076,0.1062812,-0.22508880192871095,4
2026-09-01,JKCEMENT,54,-1,-0.06761106448914171,0.09565070271492004,-0.029540062,0.1062812,-0.1858212619506836,4
2026-09-01,JKCEMENT,55,-1,-0.29586199013844466,0.10213137418031693,-0.18737316,0.1062812,-0.343654361315918,4
2026-09-01,JKCEMENT,56,-1,-0.04481066079346479,0.10969538241624832,-0.108361244,0.1062812,-0.26464244420166017,4
2026-09-01,JKCEMENT,57,-1,-0.17297248213132865,0.11812186241149902,0.009834766,0.10628120000000002,-0.14644643361206056,4
2026-09-01,JSL,3,1,0.05144521772381888,0.6858915090560913,0.8050442,0.1062812,0.6487629741943359,4
2026-09-01,JSL,4,1,0.10711098639760104,0.6624825596809387,0.6273031,0.1062812,0.47102192347412114,4
2026-09-01,JSL,5,1,0.05782352222448718,0.6190481781959534,0.57863,0.1062812,0.4223487705505371,4
2026-09-01,JSL,7,1,0.0812202383533205,0.5161116719245911,0.7254958,0.1062812,0.5692146152770996,4
2026-09-01,JSL,8,1,0.07093939713751427,0.4747282862663269,0.7955909,0.10628119999999998,0.639309677532959,4
2026-09-01,JSL,9,1,0.06994806797042664,0.459450900554657,0.4732728,0.1062812,0.31699160044555663,4
2026-09-01,JSL,10,1,0.06942764128761082,0.44633883237838745,0.37499666,0.1062812,0.21871546213989257,4
2026-09-01,JSL,11,1,0.06949606413605071,0.45023205876350403,0.73417425,0.10628119999999998,0.5778930515563965,4
2026-09-01,JSL,22,-1,-0.04315465009136368,0.30510762333869934,-0.7540941,0.1062812,-0.910375323840332,4
2026-09-01,JSL,55,-1,-0.2334174170027712,0.28430548310279846,-0.1164794,0.1062812,-0.27276059682006837,4
2026-09-01,JSL,57,-1,-0.15312889548623937,0.2346499115228653,-0.13715029,0.1062812,-0.29343148762817384,4
2026-09-01,JSL,64,1,0.0829960045389553,0.2749131917953491,0.57526827,0.10628120000000002,0.41898706858520507,4
2026-09-01,JSL,65,1,0.08025754208251681,0.30499082803726196,0.5135894,0.1062812,0.35730818217163085,4
2026-09-01,JSL,66,1,0.07309551728210606,0.3025262951850891,0.41726828,0.1062812,0.2609870762145996,4
2026-09-01,JSL,67,1,0.06948225442707527,0.3011157810688019,0.43041706,0.1062812,0.2741358608520508,4
2026-09-01,JSWENERGY,3,1,0.05865054207187938,0.7131120562553406,-0.5011022,0.1062812,-0.6573834090911865,4
2026-09-01,JSWENERGY,4,1,0.11323997508182186,0.6076365113258362,-0.4340291,0.1062812,-0.5903103023254395,4
2026-09-01,JSWENERGY,5,1,0.06751965221770534,0.5501903295516968,-0.31856894,0.10628119999999998,-0.4748501449310302,4
2026-09-01,JSWENERGY,6,1,0.08300734071788067,0.572924017906189,0.5243659,0.1062812,0.3680847019470215,4
2026-09-01,JSWENERGY,7,1,0.11351620359686715,0.5356775522232056,0.5819082,0.1062812,0.4256270260131836,4
2026-09-01,JSWENERGY,8,1,0.08823460531967635,0.5069078803062439,0.37772655,0.1062812,0.22144535487060546,4
2026-09-01,JSWENERGY,9,1,0.08083808987001477,0.47789284586906433,0.69645643,0.10628120000000002,0.5401752323425293,4
2026-09-01,JSWENERGY,10,1,0.09043229347063778,0.4604869484901428,1.0656834,0.1062812,0.909402164868164,4
2026-09-01,JSWENERGY,11,1,0.08948272490472567,0.43107444047927856,0.83260536,0.1062812,0.6763241619384766,4
2026-09-01,JSWENERGY,12,1,0.04869434992556221,0.40748393535614014,1.0360122,0.1062812,0.8797309726989746,4
2026-09-01,JSWENERGY,19,-1,-0.04126884046695483,0.2963913083076477,-0.28749704,0.1062812,-0.44377824360961915,4
2026-09-01,JSWENERGY,22,-1,-0.05229848613605458,0.26442158222198486,-0.33572912,0.1062812,-0.49201032216186524,4
2026-09-01,JSWENERGY,42,-1,-0.04596677915025118,0.20140038430690765,0.29544234,0.1062812,0.1391611427581787,4
2026-09-01,JSWENERGY,54,-1,-0.05702155484244046,0.20447424054145813,0.5076051,0.1062812,0.35132387583618163,4
2026-09-01,JSWENERGY,55,-1,-0.28918459209612846,0.2165771871805191,0.33583045,0.1062812,0.1795492500579834,4
2026-09-01,JSWENERGY,57,-1,-0.16829437034676822,0.20905673503875732,0.5952358,0.1062812,0.43895462458496093,4
2026-09-01,JSWINFRA,3,1,0.07038976494321354,0.8426539301872253,-1.029563,0.1062812,-1.1858441501342774,4
2026-09-01,JSWINFRA,4,1,0.13030551412877744,0.740303099155426,-0.16232133,0.10628119999999998,-0.31860252911682124,4
2026-09-01,JSWINFRA,5,1,0.08850773775916188,0.6499252319335938,0.20666122,0.1062812,0.050380024365234366,4
2026-09-01,JSWINFRA,6,1,0.054732539196063,0.5818851590156555,0.1475811,0.1062812,-0.008700099536132821,4
2026-09-01,JSWINFRA,7,1,0.09473176474035981,0.5295975208282471,0.19193888,0.1062812,0.03565767710571288,4
2026-09-01,JSWINFRA,8,1,0.08076294100248477,0.493498831987381,0.16226768,0.1062812,0.0059864849365234285,4
2026-09-01,JSWINFRA,9,1,0.0825784160375773,0.46199244260787964,0.17704964,0.10628120000000002,0.02076843684082029,4
2026-09-01,JSWINFRA,10,1,0.11167431267590626,0.5133816599845886,0.86194277,0.1062812,0.7056615680969238,4
2026-09-01,JSWINFRA,11,1,0.08453618033843212,0.5296088457107544,-0.014770031,0.1062812,-0.1710512309753418,4
2026-09-01,JSWINFRA,12,1,0.04282721588973302,0.5144821405410767,-0.16209483,0.1062812,-0.3183760314666748,4
2026-09-01,JSWINFRA,19,-1,-0.04091170954962246,0.2952035963535309,-0.0,0.10628119999999998,-0.15628119999999998,4
2026-09-01,JSWINFRA,22,-1,-0.05337103187502075,0.2882392704486847,0.29454827,0.1062812,0.13826707308654784,4
2026-09-01,JSWINFRA,42,-1,-0.044105614370628536,0.1460755467414856,0.14819503,0.10628119999999998,-0.00808617169494627,4
2026-09-01,JSWINFRA,54,-1,-0.06739765235001591,0.12316881120204926,0.6689489,0.1062812,0.5126676887786865,4
2026-09-01,JSWINFRA,55,-1,-0.2950633185966174,0.17891713976860046,-0.11999607,0.1062812,-0.2762772708618164,4
2026-09-01,JSWINFRA,57,-1,-0.17339710306450348,0.2239454984664917,0.2984643,0.1062812,0.142183098248291,4
2026-09-01,JSWINFRA,64,1,0.09880988471356963,0.34639641642570496,0.37419796,0.1062812,0.21791675989990233,4
2026-09-01,JSWINFRA,65,1,0.09198869653789572,0.35730162262916565,0.43445826,0.10628119999999998,0.2781770557678223,4
2026-09-01,JSWINFRA,66,1,0.10581223275333562,0.3727259039878845,0.5847931,0.1062812,0.4285118908203125,4
2026-09-01,JSWINFRA,67,1,0.08981904919142607,0.38410472869873047,0.35949945,0.1062812,0.203218254498291,4
2026-09-01,JSWSTEEL,3,1,0.05294108877415921,0.40661168098449707,-0.43129325,0.10628119999999998,-0.587574449130249,4
2026-09-01,JSWSTEEL,4,1,0.10528754354469112,0.39773231744766235,-0.5595088,0.10628119999999998,-0.7157900005065918,4
2026-09-01,JSWSTEEL,5,1,0.05948625583313046,0.3814493715763092,-0.66470504,0.10628119999999998,-0.8209862380706787,4
2026-09-01,JSWSTEEL,6,1,0.041352788298885834,0.3767380714416504,-0.15155077,0.1062812,-0.3078319698059082,4
2026-09-01,JSWSTEEL,7,1,0.08887141096201495,0.3554367423057556,-0.08339882,0.1062812,-0.23968001896972657,4
2026-09-01,JSWSTEEL,8,1,0.07572555960807649,0.3313104808330536,-0.13654232,0.1062812,-0.29282352025146485,4
2026-09-01,JSWSTEEL,9,1,0.055770875169587904,0.31731608510017395,0.0075936317,0.10628119999999998,-0.14868756825561522,4
2026-09-01,JSWSTEEL,10,1,0.06874037611687567,0.30466514825820923,0.083601475,0.1062812,-0.07267972523803712,4
2026-09-01,JSWSTEEL,11,1,0.06610724413329322,0.2914639115333557,0.23568869,0.1062812,0.07940748637084959,4
2026-09-01,JSWSTEEL,19,-1,-0.05363542024180187,0.17188811302185059,-0.34903288,0.10628119999999998,-0.5053140788757324,4
2026-09-01,JSWSTEEL,20,-1,-0.05413457381050555,0.15835629403591156,-0.49339533,0.1062812,-0.6496765285217285,4
2026-09-01,JSWSTEEL,22,-1,-0.06282423701199591,0.15114524960517883,-0.42471886,0.1062812,-0.5810000568115234,4
2026-09-01,JSWSTEEL,42,-1,-0.04764632501854717,0.1126311719417572,-0.007581711,0.10628119999999998,-0.16386291081542967,4
2026-09-01,JSWSTEEL,54,-1,-0.0625146007974234,0.12325675040483475,0.38768053,0.1062812,0.2313993305480957,4
2026-09-01,JSWSTEEL,55,-1,-0.2873673686260118,0.13049426674842834,0.083744526,0.10628119999999998,-0.07253667409057615,4
2026-09-01,JSWSTEEL,56,-1,-0.04452882553390844,0.13105779886245728,-0.038063526,0.10628119999999998,-0.1943447261535644,4
2026-09-01,JSWSTEEL,57,-1,-0.16188439486621012,0.13836981356143951,-0.114393234,0.10628119999999998,-0.27067443425292964,4
2026-09-01,JUBLFOOD,3,1,0.05025846775918295,0.4326224625110626,-0.2662301,0.1062812,-0.4225113063537598,4
2026-09-01,JUBLFOOD,4,1,0.1075497018185776,0.38354942202568054,-0.071793795,0.1062812,-0.22807499463195802,4
2026-09-01,JUBLFOOD,7,1,0.08593589374135212,0.34558022022247314,0.55487156,0.1062812,0.3985903591430664,4
2026-09-01,JUBLFOOD,8,1,0.07162663935147588,0.3210831582546234,0.6170273,0.10628119999999998,0.4607460827148438,4
2026-09-01,JUBLFOOD,9,1,0.062183680265512305,0.3159615099430084,0.38990974,0.1062812,0.2336285442626953,4
2026-09-01,JUBLFOOD,10,1,0.07073584539493968,0.30147403478622437,0.4211545,0.10628119999999998,0.2648732990539551,4
2026-09-01,JUBLFOOD,11,1,0.07732281073939615,0.28738507628440857,0.25656223,0.1062812,0.10028103297119138,4
2026-09-01,JUBLFOOD,12,1,0.042126669838684926,0.28519168496131897,0.3687024,0.1062812,0.21242121165161132,4
2026-09-01,JUBLFOOD,19,-1,-0.06406222387658142,0.21792976558208466,-0.17344952,0.1062812,-0.3297307162963867,4
2026-09-01,JUBLFOOD,20,-1,-0.05522119909418555,0.20220418274402618,-0.04080534,0.1062812,-0.19708653981323243,4
2026-09-01,JUBLFOOD,21,-1,-0.047651582415322594,0.23445428907871246,0.10193586,0.1062812,-0.05434533650512696,4
2026-09-01,JUBLFOOD,22,-1,-0.07078138771868672,0.23219899833202362,0.29565096,0.10628119999999998,0.13936975901489262,4
2026-09-01,JUBLFOOD,39,-1,-0.052008715310458996,0.15144652128219604,0.24587512,0.1062812,0.08959392016296384,4
2026-09-01,JUBLFOOD,42,-1,-0.09654195936960082,0.16227073967456818,0.07194877,0.1062812,-0.08433243329162599,4
2026-09-01,JUBLFOOD,54,-1,-0.07004711459272571,0.1391754448413849,0.37113428,0.1062812,0.21485308115844726,4
2026-09-01,JUBLFOOD,55,-1,-0.31481431378976266,0.16704142093658447,-0.124228,0.1062812,-0.28050920064086915,4
2026-09-01,JUBLFOOD,57,-1,-0.18648871508717332,0.17652204632759094,0.031024218,0.1062812,-0.1252569823944092,4
2026-09-01,KALYANKJIL,3,1,0.08467833911862849,1.14976167678833,-2.31663,0.1062812,-2.4729110866271973,4
2026-09-01,KALYANKJIL,4,1,0.147613360397123,1.3891507387161255,-0.8455038,0.1062812,-1.001785007067871,4
2026-09-01,KALYANKJIL,5,1,0.10827896540778487,1.419805884361267,-0.25684834,0.10628119999999998,-0.41312953526611323,4
2026-09-01,KALYANKJIL,6,1,0.07222584295099944,1.2849066257476807,-0.18006563,0.1062812,-0.3363468318664551,4
2026-09-01,KALYANKJIL,7,1,0.10611598093399754,1.2844291925430298,-0.8267343,0.1062812,-0.9830155044281006,4
2026-09-01,KALYANKJIL,8,1,0.10132195970045826,1.1788098812103271,-0.912112,0.1062812,-1.0683931976043701,4
2026-09-01,KALYANKJIL,9,1,0.10020961708110986,1.1464749574661255,-0.63313246,0.1062812,-0.7894136577331543,4
2026-09-01,KALYANKJIL,10,1,0.10391041922254081,1.0896637439727783,-0.81300735,0.10628119999999998,-0.9692885547363281,4
2026-09-01,KALYANKJIL,11,1,0.11249978372288309,1.0687627792358398,-0.2584219,0.10628119999999998,-0.41470309788818355,4
2026-09-01,KALYANKJIL,42,-1,-0.04126472472051335,0.309560090303421,-0.74836016,0.1062812,-0.9046413570129395,4
2026-09-01,KALYANKJIL,55,-1,-0.11501186041024733,0.3371938169002533,0.279665,0.1062812,0.12338379328613279,4
2026-09-01,KALYANKJIL,57,-1,-0.08579649699550237,0.32541486620903015,0.008744001,0.10628119999999998,-0.14753719861145018,4
2026-09-01,KALYANKJIL,64,1,0.05052512085707707,0.29860997200012207,0.29741526,0.10628119999999998,0.1411340565002442,4
2026-09-01,KALYANKJIL,65,1,0.04932369578366522,0.28756698966026306,0.35008192,0.1062812,0.1938007206237793,4
2026-09-01,KALYANKJIL,66,1,0.06279110784162874,0.26548027992248535,0.51722527,0.1062812,0.3609440655029297,4
2026-09-01,KALYANKJIL,67,1,0.04449171996497954,0.26360446214675903,0.21862984,0.10628119999999998,0.06234863703613283,4
2026-09-01,KEI,3,1,0.04775930604110151,0.8700801730155945,-0.61020255,0.1062812,-0.7664837508880615,4
2026-09-01,KEI,4,1,0.10252183463170814,0.847595751285553,-1.2576938,0.10628119999999998,-1.4139749675476074,4
2026-09-01,KEI,7,1,0.11345354438155777,0.7106946706771851,-0.6122649,0.1062812,-0.76854607159729,4
2026-09-01,KEI,8,1,0.09815557775464992,0.7043042182922363,-0.7144809,0.1062812,-0.8707620769226074,4
2026-09-01,KEI,9,1,0.10319697131498026,0.6858609914779663,-0.9257555,0.1062812,-1.082036700793457,4
2026-09-01,KEI,10,1,0.08852477850538898,0.6431028842926025,-0.90700984,0.10628119999999998,-1.0632910400115967,4
2026-09-01,KEI,11,1,0.09324149791795452,0.6162375211715698,-0.46750307,0.1062812,-0.6237842708312988,4
2026-09-01,KEI,19,-1,-0.0527643540459475,0.37805071473121643,-0.26695728,0.10628119999999998,-0.4232384830200195,4
2026-09-01,KEI,22,-1,-0.08835530276578996,0.3112727999687195,0.05517006,0.10628119999999998,-0.10111114079589842,4
2026-09-01,KEI,25,-1,-0.04783920230742923,0.2749776840209961,0.082707405,0.10628119999999998,-0.07357379490966795,4
2026-09-01,KEI,26,-1,-0.05095150595990303,0.26428309082984924,0.3121555,0.1062812,0.15587428515319823,4
2026-09-01,KEI,32,-1,-0.0693642382843292,0.23518282175064087,0.54267645,0.10628119999999998,0.38639524882202153,4
2026-09-01,KEI,33,-1,-0.04542704281238414,0.2282714545726776,0.38684607,0.1062812,0.23056486552124023,4
2026-09-01,KEI,34,-1,-0.05482686531255782,0.21838369965553284,0.55269,0.10628119999999998,0.39640882914428716,4
2026-09-01,KEI,39,-1,-0.07021283525041377,0.24177247285842896,0.41627884,0.1062812,0.2599976391113281,4
2026-09-01,KEI,40,-1,-0.05066900421612308,0.23908592760562897,0.2960205,0.1062812,0.1397393078125,4
2026-09-01,KEI,41,-1,-0.04895440693670534,0.24016831815242767,-0.037062168,0.1062812,-0.1933433681213379,4
2026-09-01,KEI,42,-1,-0.11220756646031702,0.24872982501983643,-0.3901124,0.1062812,-0.5463936000549316,4
2026-09-01,KEI,45,-1,-0.04600225280502851,0.2388249784708023,-0.57582855,0.1062812,-0.7321097522460938,4
2026-09-01,KEI,50,-1,-0.04863037833452189,0.21949543058872223,0.81451535,0.10628119999999998,0.6582341522491455,4
2026-09-01,KEI,51,-1,-0.04080332396061194,0.21256931126117706,1.0443628,0.1062812,0.8880815834320068,4
2026-09-01,KEI,52,-1,-0.04998747614001713,0.21173304319381714,1.1450708,0.1062812,0.9887895912445068,4
2026-09-01,KEI,54,-1,-0.07124977850993805,0.22996580600738525,0.6684005,0.1062812,0.5121193260467529,4
2026-09-01,KEI,55,-1,-0.28159029321507467,0.24648919701576233,-0.20502806,0.1062812,-0.3613092570983887,4
2026-09-01,KEI,56,-1,-0.0503744627498264,0.23676510155200958,0.25146604,0.1062812,0.09518483584289548,4
2026-09-01,KEI,57,-1,-0.1621936193591084,0.24929344654083252,0.084000826,0.1062812,-0.072280374118042,4
2026-09-01,KEI,65,1,0.06629911411279574,0.29539135098457336,-0.13103485,0.10628119999999998,-0.2873160510742187,4
2026-09-01,KEI,66,1,0.042328525711596586,0.29906541109085083,-0.26172996,0.1062812,-0.4180111556732178,4
2026-09-01,KOTAKBANK,3,1,0.05608025195935491,0.5517970323562622,0.08306503,0.10628119999999998,-0.0732161670410156,4
2026-09-01,KOTAKBANK,4,1,0.1085546405567755,0.47008517384529114,0.0949502,0.10628119999999998,-0.061331000872802716,4
2026-09-01,KOTAKBANK,5,1,0.060258900316402124,0.4095443785190582,0.04745722,0.10628119999999998,-0.10882398182983397,4
2026-09-01,KOTAKBANK,7,1,0.0850884521211718,0.3435613811016083,-0.11847019,0.1062812,-0.2747513919555664,4
2026-09-01,KOTAKBANK,8,1,0.07100211481569413,0.32660436630249023,-0.011843443,0.10628119999999998,-0.1681246429168701,4
2026-09-01,KOTAKBANK,9,1,0.055536712191019806,0.3057602345943451,-0.03555417,0.10628119999999998,-0.19183537060852046,4
2026-09-01,KOTAKBANK,10,1,0.06598428250837818,0.29210808873176575,-0.09480715,0.1062812,-0.25108834797973634,4
2026-09-01,KOTAKBANK,11,1,0.06382790685667644,0.2796226441860199,0.059258938,0.10628119999999998,-0.09702226216430662,4
2026-09-01,KOTAKBANK,19,-1,-0.05680325566636592,0.1344211995601654,-1.3492703,0.1062812,-1.5055515437805176,4
2026-09-01,KOTAKBANK,20,-1,-0.05122310203645692,0.13103987276554108,-1.3017774,0.1062812,-1.4580585628234863,4
2026-09-01,KOTAKBANK,22,-1,-0.06324647294978988,0.14823183417320251,-0.78999996,0.1062812,-0.9462811618530274,4
2026-09-01,KOTAKBANK,26,-1,-0.04205162657959971,0.2160464972257614,0.10509491,0.1062812,-0.05118629033203126,4
2026-09-01,KOTAKBANK,42,-1,-0.04433261305916626,0.14372578263282776,0.18712878,0.1062812,0.030847582272338858,4
2026-09-01,KOTAKBANK,54,-1,-0.06065531851778319,0.1548433154821396,0.48043728,0.1062812,0.3241560787475586,4
2026-09-01,KOTAKBANK,55,-1,-0.2874648492472605,0.16003382205963135,0.30494928,0.10628120000000002,0.1486680835998535,4
2026-09-01,KOTAKBANK,56,-1,-0.04252508908836068,0.16500277817249298,0.35178065,0.1062812,0.19549945299987792,4
2026-09-01,KOTAKBANK,57,-1,-0.16180830816981964,0.16767321527004242,0.25821924,0.10628119999999998,0.1019380420959473,4
2026-09-01,KPITTECH,3,1,0.05859623605972192,0.7985950708389282,-0.41525364,0.1062812,-0.5715348392211914,4
2026-09-01,KPITTECH,4,1,0.11613335451259174,0.7090040445327759,0.14451742,0.1062812,-0.0117637782775879,4
2026-09-01,KPITTECH,5,1,0.06533752306200388,0.6677481532096863,0.63933134,0.1062812,0.48305014078979497,4
2026-09-01,KPITTECH,7,1,0.09325660769415436,0.5561732649803162,0.63927174,0.1062812,0.4829905361450196,4
2026-09-01,KPITTECH,8,1,0.07227135426047764,0.51272052526474,0.8872986,0.1062812,0.731017383984375,4
2026-09-01,KPITTECH,9,1,0.07315852999233612,0.47712573409080505,0.62185526,0.1062812,0.46557405894165044,4
2026-09-01,KPITTECH,10,1,0.06938960091173421,0.4494799077510834,0.9353757,0.1062812,0.7790944904602051,4
2026-09-01,KPITTECH,11,1,0.06858409051661775,0.4421352744102478,0.662148,0.1062812,0.5058667988098144,4
2026-09-01,KPITTECH,19,-1,-0.04883668510203544,0.2509346306324005,0.44651031,0.10628119999999998,0.2902291149414063,4
2026-09-01,KPITTECH,20,-1,-0.04449005229354519,0.25740760564804077,0.101327896,0.1062812,-0.054953303881835946,4
2026-09-01,KPITTECH,22,-1,-0.048763450342880627,0.2848930060863495,-0.1778841,0.10628119999999998,-0.33416530186767573,4
2026-09-01,KPITTECH,42,-1,-0.04607039616496294,0.20545940101146698,0.37974715,0.10628119999999998,0.22346595232849126,4
2026-09-01,KPITTECH,54,-1,-0.057225869443448506,0.19578856229782104,0.25464892,0.1062812,0.09836772387390134,4
2026-09-01,KPITTECH,55,-1,-0.28853023807662687,0.20521166920661926,-0.03401041,0.1062812,-0.1902916103088379,4
2026-09-01,KPITTECH,56,-1,-0.04097478549691423,0.218475341796875,0.08499622,0.1062812,-0.07128497655029298,4
2026-09-01,KPITTECH,57,-1,-0.16367923255131284,0.2242986559867859,-0.034058094,0.1062812,-0.1903392940246582,4
2026-09-01,KPRMILL,3,1,0.06729607222878033,0.9254557490348816,-0.6642759,0.1062812,-0.8205570846282959,4
2026-09-01,KPRMILL,4,1,0.12505512277531336,0.7844821810722351,-0.65571666,0.10628119999999998,-0.8119978576385498,4
2026-09-01,KPRMILL,5,1,0.06674700773443368,0.6998888254165649,-1.5002966,0.1062812,-1.6565777927124024,4
2026-09-01,KPRMILL,6,1,0.04550784400582434,0.6721841096878052,-1.009661,0.1062812,-1.1659421592437744,4
2026-09-01,KPRMILL,7,1,0.09356982043414223,0.6339823603630066,-1.1036038,0.1062812,-1.2598850398742676,4
2026-09-01,KPRMILL,8,1,0.10253289641265484,0.6071704626083374,-0.83240867,0.10628119999999998,-0.9886898666107178,4
2026-09-01,KPRMILL,9,1,0.09549082896233502,0.5707675218582153,-0.96113086,0.10628119999999998,-1.1174120574676514,4
2026-09-01,KPRMILL,10,1,0.08407615300081259,0.5393455624580383,-1.1322737,0.1062812,-1.2885548740112305,4
2026-09-01,KPRMILL,11,1,0.07166971600753899,0.5136018395423889,-1.08006,0.1062812,-1.2363412051879883,4
2026-09-01,KPRMILL,12,1,0.07368257850056635,0.5878252387046814,-0.008666515,0.1062812,-0.1649477153503418,4
2026-09-01,KPRMILL,13,1,0.04604030859578402,0.5636996030807495,-0.086432695,0.1062812,-0.24271389538879395,4
2026-09-01,KPRMILL,22,-1,-0.050395733015399444,0.36490267515182495,-0.74718,0.10628120000000002,-0.9034611850463867,4
2026-09-01,KPRMILL,42,-1,-0.041924986666232,0.16705824434757233,-0.15528202,0.1062812,-0.31156322056884767,4
2026-09-01,KPRMILL,54,-1,-0.06515585902150098,0.2275633066892624,0.75285435,0.1062812,0.5965731472290039,4
2026-09-01,KPRMILL,55,-1,-0.26924011045851937,0.25368523597717285,0.31279922,0.10628119999999998,0.1565180153167725,4
2026-09-01,KPRMILL,57,-1,-0.16394987130618818,0.23710410296916962,0.4695654,0.1062812,0.31328419154052733,4
2026-09-01,LAURUSLABS,3,1,0.05800398784947524,0.8160718083381653,-0.0852108,0.1062812,-0.24149200017089845,4
2026-09-01,LAURUSLABS,4,1,0.10783058556267405,0.7121540307998657,-0.85797906,0.1062812,-1.0142602592193604,4
2026-09-01,LAURUSLABS,7,1,0.07319193313610362,0.5748737454414368,-1.5507579,0.1062812,-1.707039084979248,4
2026-09-01,LAURUSLABS,8,1,0.07664363167237793,0.549867570400238,-1.5571654,0.10628120000000002,-1.7134465842926025,4
2026-09-01,LAURUSLABS,9,1,0.08533732244894283,0.520472526550293,-1.0998368,0.1062812,-1.256118026324463,4
2026-09-01,LAURUSLABS,10,1,0.08504317029706235,0.49764779210090637,-1.3115764,0.10628119999999998,-1.4678575664245606,4
2026-09-01,LAURUSLABS,11,1,0.10190270356707803,0.5321438312530518,-0.32788515,0.10628119999999998,-0.4841663509094238,4
2026-09-01,LAURUSLABS,12,1,0.05952153559100657,0.5412554144859314,0.25396347,0.10628119999999998,0.09768227045898441,4
2026-09-01,LAURUSLABS,22,-1,-0.04134884490478973,0.33138272166252136,0.3730774,0.10628119999999998,0.21679619257812505,4
2026-09-01,LAURUSLABS,39,-1,-0.05516160681330312,0.19462451338768005,-0.17949343,0.1062812,-0.33577462727661134,4
2026-09-01,LAURUSLABS,42,-1,-0.1031901947200622,0.2062627673149109,0.05427003,0.1062812,-0.10201117093200684,4
2026-09-01,LAURUSLABS,54,-1,-0.07447560248847403,0.18090468645095825,0.29699206,0.10628119999999998,0.1407108635223389,4
2026-09-01,LAURUSLABS,55,-1,-0.3119954003323308,0.18786822259426117,-0.09727478,0.1062812,-0.2535559802734375,4
2026-09-01,LAURUSLABS,56,-1,-0.047081764708995846,0.18725869059562683,-0.34054518,0.1062812,-0.4968263774597168,4
2026-09-01,LAURUSLABS,57,-1,-0.1902334583315589,0.18823467195034027,-0.50325394,0.1062812,-0.6595351367675781,4
2026-09-01,LICHSGFIN,3,1,0.05493843799362641,0.48882681131362915,-0.11172891,0.1062812,-0.26801010663146974,4
2026-09-01,LICHSGFIN,4,1,0.10726884040432587,0.40223419666290283,-0.18621683,0.1062812,-0.3424980312072754,4
2026-09-01,LICHSGFIN,7,1,0.0897925331987603,0.37521010637283325,0.24312735,0.1062812,0.08684614603881834,4
2026-09-01,LICHSGFIN,8,1,0.07438125422386277,0.35798779129981995,0.18675327,0.1062812,0.030472073010253897,4
2026-09-01,LICHSGFIN,9,1,0.07573619231809767,0.33986949920654297,0.07468462,0.1062812,-0.08159658009643556,4
2026-09-01,LICHSGFIN,10,1,0.0763460834716142,0.3330286741256714,-0.055915117,0.10628119999999998,-0.2121963172637939,4
2026-09-01,LICHSGFIN,11,1,0.06860248256042738,0.3171645700931549,0.11193752,0.1062812,-0.044343677111816415,4
2026-09-01,LICHSGFIN,19,-1,-0.06274319983464839,0.16837207973003387,0.48449636,0.1062812,0.3282151550567627,4
2026-09-01,LICHSGFIN,20,-1,-0.0580743219132158,0.14165952801704407,0.5121529,0.10628119999999998,0.355871710232544,4
2026-09-01,LICHSGFIN,21,-1,-0.04415179416032512,0.14814189076423645,0.2802968,0.10628119999999998,0.12401560252075199,4
2026-09-01,LICHSGFIN,22,-1,-0.06456927294477438,0.14021311700344086,0.2430439,0.1062812,0.08676269953613279,4
2026-09-01,LICHSGFIN,39,-1,-0.051654706267214204,0.12879225611686707,0.018692017,0.10628120000000002,-0.1375891833984375,4
2026-09-01,LICHSGFIN,42,-1,-0.09171268251517689,0.12276258319616318,0.03736615,0.10628119999999998,-0.1189150481903076,4
2026-09-01,LICHSGFIN,54,-1,-0.07049705915254299,0.12451367825269699,0.5248308,0.1062812,0.3685496181762695,4
2026-09-01,LICHSGFIN,55,-1,-0.3109236713981439,0.16910457611083984,-0.07543564,0.10628119999999998,-0.23171683842773433,4
2026-09-01,LICHSGFIN,57,-1,-0.17867998496070087,0.17419978976249695,-0.0,0.1062812,-0.1562812,4
2026-09-01,LICHSGFIN,67,1,0.06083458782234929,0.26415228843688965,0.6302357,0.1062812,0.47395447199707036,4
2026-09-01,LICI,3,1,0.0531141737783945,0.3691491186618805,-0.24006963,0.1062812,-0.39635082776184083,4
2026-09-01,LICI,4,1,0.09777193156439068,0.3168524503707886,-0.31211972,0.1062812,-0.468400922366333,4
2026-09-01,LICI,5,1,0.0461370359191526,0.3148452639579773,0.060153008,0.10628119999999998,-0.09612819249267576,4
2026-09-01,LICI,7,1,0.0833528918351501,0.27550357580184937,0.24087429,0.10628119999999998,0.08459309046630863,4
2026-09-01,LICI,8,1,0.06503921335532971,0.2733232080936432,0.26528835,0.1062812,0.10900715296630857,4
2026-09-01,LICI,9,1,0.05938797708813689,0.28141942620277405,0.10828972,0.1062812,-0.04799148137207032,4
2026-09-01,LICI,10,1,0.0678834784284127,0.27564796805381775,0.04813671,0.1062812,-0.10814448887939454,4
2026-09-01,LICI,11,1,0.07129939108210882,0.2699504494667053,0.1083374,0.1062812,-0.04794379765625001,4
2026-09-01,LICI,12,1,0.04192862706661437,0.26359355449676514,0.08416176,0.1062812,-0.07211944157714845,4
2026-09-01,LICI,19,-1,-0.05494843697850696,0.156173437833786,-0.012016296,0.10628120000000002,-0.16829749638671876,4
2026-09-01,LICI,20,-1,-0.05656332003654557,0.1493087112903595,-0.048065186,0.10628119999999998,-0.20434638554687495,4
2026-09-01,LICI,22,-1,-0.06160651351809651,0.13990339636802673,0.22825599,0.10628119999999998,0.07197478716735842,4
2026-09-01,LICI,42,-1,-0.05195828784184098,0.08092446625232697,0.15666485,0.10628119999999998,0.0003836483276367375,4
2026-09-01,LICI,54,-1,-0.061501523252207244,0.09163029491901398,0.1815319,0.1062812,0.02525070612792968,4
2026-09-01,LICI,55,-1,-0.291500835306179,0.10472360998392105,0.08481741,0.10628119999999998,-0.07146379048461912,4
2026-09-01,LICI,57,-1,-0.16871755276228972,0.12462916225194931,0.5087137,0.1062812,0.3524325222290039,4
2026-09-01,LINDEINDIA,4,1,0.10699813516401989,0.47125354409217834,0.32224655,0.1062812,0.16596535151367187,4
2026-09-01,LINDEINDIA,5,1,0.056904310729696095,0.43373429775238037,0.5113244,0.10628119999999998,0.35504320567016606,4
2026-09-01,LINDEINDIA,7,1,0.09458575329489363,0.3793851137161255,0.7879019,0.10628119999999998,0.6316206783569336,4
2026-09-01,LINDEINDIA,8,1,0.0777763144027736,0.3656754791736603,0.6534934,0.10628119999999998,0.4972122043884278,4
2026-09-01,LINDEINDIA,9,1,0.0808276524041362,0.3521903455257416,0.32949448,0.10628120000000002,0.17321327631835937,4
2026-09-01,LINDEINDIA,10,1,0.08210742019791925,0.3586636483669281,0.26670694,0.1062812,0.11042574351196287,4
2026-09-01,LINDEINDIA,11,1,0.08222830717623135,0.36887601017951965,0.14103651,0.1062812,-0.015244689532470712,4
2026-09-01,LINDEINDIA,12,1,0.0462452247189173,0.3503892123699188,0.04695654,0.1062812,-0.10932466084594727,4
2026-09-01,LINDEINDIA,19,-1,-0.051009607002903926,0.20730657875537872,-0.45351982,0.1062812,-0.6098010211669922,4
2026-09-01,LINDEINDIA,20,-1,-0.049379071710566776,0.24578769505023956,-0.10123253,0.1062812,-0.25751372868652345,4
2026-09-01,LINDEINDIA,22,-1,-0.054795189185856547,0.24719050526618958,-0.29685497,0.1062812,-0.4531361728393555,4
2026-09-01,LINDEINDIA,42,-1,-0.054105638788158585,0.13051918148994446,0.24966598,0.1062812,0.09338477557067869,4
2026-09-01,LINDEINDIA,54,-1,-0.0631540831661655,0.1390227973461151,0.39221644,0.1062812,0.23593524401550292,4
2026-09-01,LINDEINDIA,55,-1,-0.28893342793366344,0.13522613048553467,-0.06285906,0.1062812,-0.21914025838012696,4
2026-09-01,LINDEINDIA,56,-1,-0.04286092583323322,0.1385165899991989,-0.23566484,0.10628119999999998,-0.3919460445129394,4
2026-09-01,LINDEINDIA,57,-1,-0.16551538194585613,0.13814015686511993,-0.3619194,0.1062812,-0.5182006030761719,4
2026-09-01,LLOYDSME,3,1,0.058570894000096796,0.730646550655365,-0.6601155,0.1062812,-0.8163966804229736,4
2026-09-01,LLOYDSME,4,1,0.10556160555629643,0.6451621055603027,-0.7877469,0.10628120000000002,-0.9440281062805176,4
2026-09-01,LLOYDSME,5,1,0.06157888599573566,0.5806754231452942,-0.51629543,0.10628120000000002,-0.6725766330444336,4
2026-09-01,LLOYDSME,7,1,0.11257570952292564,0.5606819987297058,0.4026413,0.10628119999999998,0.2463600963867188,4
2026-09-01,LLOYDSME,8,1,0.09316599836252575,0.5244196057319641,0.6099582,0.1062812,0.45367697184448247,4
2026-09-01,LLOYDSME,9,1,0.08473714119666714,0.49499958753585815,0.4693508,0.10628119999999998,0.313069614819336,4
2026-09-01,LLOYDSME,10,1,0.06846658477449541,0.4746481776237488,0.7541895,0.1062812,0.5979082912719726,4
2026-09-01,LLOYDSME,11,1,0.07149002348955458,0.45664653182029724,0.9393811,0.1062812,0.7830999225891113,4
2026-09-01,LLOYDSME,19,-1,-0.045243963305248575,0.30361509323120117,-0.0,0.1062812,-0.1562812,4
2026-09-01,LLOYDSME,22,-1,-0.0492235976669931,0.27226027846336365,0.08314848,0.1062812,-0.07313272053833009,4
2026-09-01,LLOYDSME,42,-1,-0.046245115567365734,0.22617051005363464,0.115805864,0.1062812,-0.040475335665893564,4
2026-09-01,LLOYDSME,54,-1,-0.06491554068360884,0.2059982568025589,0.5112231,0.10628119999999998,0.3549418777740479,4
2026-09-01,LLOYDSME,55,-1,-0.28479996125349627,0.20673972368240356,0.33937693,0.10628120000000002,0.18309572642211913,4
2026-09-01,LLOYDSME,57,-1,-0.16652448258562288,0.2307741343975067,-0.13369322,0.1062812,-0.2899744182312012,4
2026-09-01,LLOYDSME,66,1,0.054418984978022646,0.25969037413597107,-0.40194392,0.10628119999999998,-0.5582251220428467,4
2026-09-01,LODHA,3,1,0.10009688121468227,0.9190258383750916,-0.84589124,0.1062812,-1.0021724372589111,4
2026-09-01,LODHA,4,1,0.14810255413544315,0.772129237651825,-1.013577,0.10628119999999998,-1.1698581844055176,4
2026-09-01,LODHA,5,1,0.12376039418946384,0.7488434314727783,-0.14312863,0.1062812,-0.2994098334991455,4
2026-09-01,LODHA,6,1,0.07157929882703801,0.7223659157752991,0.40533543,0.10628119999999998,0.24905422633056645,4
2026-09-01,LODHA,7,1,0.116005137592956,0.6976743936538696,0.8456707,0.10628119999999998,0.6893895000732422,4
2026-09-01,LODHA,8,1,0.0974890651837398,0.6592844724655151,0.9974718,0.1062812,0.841190609387207,4
2026-09-01,LODHA,9,1,0.10067480639942814,0.6205021739006042,1.4045119,0.10628119999999998,1.2482307285583496,4
2026-09-01,LODHA,10,1,0.08500927654163014,0.5843541026115417,1.3011217,0.1062812,1.144840511730957,4
2026-09-01,LODHA,11,1,0.09587508997373631,0.5542851686477661,1.3877034,0.1062812,1.2314222187316894,4
2026-09-01,LODHA,54,-1,-0.05669146339709532,0.17395494878292084,0.5818784,0.1062812,0.4255972236907959,4
2026-09-01,LODHA,55,-1,-0.2937722476676819,0.1998036503791809,-0.15875101,0.1062812,-0.3150322108947754,4
2026-09-01,LODHA,57,-1,-0.17372441533512759,0.22509852051734924,-0.25924444,0.1062812,-0.415525641986084,4
2026-09-01,LODHA,64,1,0.05288532003077876,0.2764440178871155,0.28381348,0.1062812,0.1275322765625,4
2026-09-01,LODHA,65,1,0.06339848727250441,0.27286484837532043,0.41792393,0.1062812,0.2616427273071289,4
2026-09-01,LODHA,66,1,0.05204408348625377,0.2736020088195801,0.25869608,0.1062812,0.10241487925415037,4
2026-09-01,LODHA,67,1,0.05562782704194512,0.27342021465301514,-0.4336536,0.10628119999999998,-0.5899347930633545,4
2026-09-01,LT,3,1,0.05438533628754409,0.3376028835773468,-0.41034818,0.1062812,-0.5666293769561768,4
2026-09-01,LT,4,1,0.1026989828166193,0.3032800257205963,-0.37096143,0.1062812,-0.5272426276885986,4
2026-09-01,LT,19,-1,-0.0527799686441546,0.11264068633317947,-0.33627748,0.1062812,-0.49255868489379884,4
2026-09-01,LT,20,-1,-0.051499581167810636,0.11518057435750961,-0.46356916,0.1062812,-0.6198503642761231,4
2026-09-01,LT,21,-1,-0.041174199376459615,0.11691127717494965,-0.33130646,0.1062812,-0.48758765751953126,4
2026-09-01,LT,22,-1,-0.06271523151403735,0.12157950550317764,-0.24389029,0.1062812,-0.40017148549194337,4
2026-09-01,LT,42,-1,-0.05666466980738068,0.10809848457574844,0.33495426,0.10628119999999995,0.1786730617797852,4
2026-09-01,LT,54,-1,-0.05973854250140642,0.12192170321941376,0.31492114,0.10628119999999998,0.1586399406707764,4
2026-09-01,LT,55,-1,-0.2961898897419365,0.13258302211761475,-0.09016991,0.1062812,-0.24645110661621095,4
2026-09-01,LT,56,-1,-0.04185551059471658,0.13588030636310577,-0.07508993,0.1062812,-0.23137113148803712,4
2026-09-01,LT,57,-1,-0.17307870759455532,0.13935737311840057,-0.070118904,0.1062812,-0.22640010411376954,4
2026-09-01,LTF,3,1,0.05310678619156844,0.6913163661956787,-0.11258125,0.1062812,-0.2688624530517578,4
2026-09-01,LTF,4,1,0.11323726457493516,0.592591404914856,-0.08049011,0.1062812,-0.2367713123046875,4
2026-09-01,LTF,7,1,0.08829471839536486,0.46766555309295654,0.2741456,0.1062812,0.11786440317993162,4
2026-09-01,LTF,8,1,0.08202616663499011,0.44229477643966675,0.03219843,0.1062812,-0.124082770892334,4
2026-09-01,LTF,9,1,0.07870055355681689,0.4323352873325348,-0.09648204,0.10628120000000002,-0.2527632384979248,4
2026-09-01,LTF,10,1,0.08065727163996372,0.4127558469772339,-0.096559525,0.10628119999999998,-0.25284072453613277,4
2026-09-01,LTF,11,1,0.09934111987796444,0.40142717957496643,-0.08055568,0.1062812,-0.23683687741394044,4
2026-09-01,LTF,12,1,0.05557258584303873,0.3813941478729248,0.080513954,0.1062812,-0.07576724583740235,4
2026-09-01,LTF,19,-1,-0.06286195040892266,0.22296245396137238,0.19314289,0.1062812,0.03686169093017577,4
2026-09-01,LTF,20,-1,-0.05166136288110514,0.21630991995334625,0.17718673,0.1062812,0.020905527523803702,4
2026-09-01,LTF,21,-1,-0.04641157161178921,0.21536774933338165,0.24185777,0.1062812,0.08557656710510252,4
2026-09-01,LTF,22,-1,-0.06836202516748582,0.2185056507587433,0.5954325,0.10628119999999998,0.4391513199127198,4
2026-09-01,LTF,42,-1,-0.07574247517258989,0.2677706182003021,0.17846227,0.10628120000000002,0.022181066921997047,4
2026-09-01,LTF,54,-1,-0.0628621136941554,0.16904029250144958,-0.636518,0.1062812,-0.7927992015563965,4
2026-09-01,LTF,55,-1,-0.3149816826803709,0.17518381774425507,-1.0471106,0.1062812,-1.2033917575561524,4
2026-09-01,LTF,56,-1,-0.046419554591650335,0.18093453347682953,-0.99657774,0.10628119999999998,-1.1528589397155762,4
2026-09-01,LTF,57,-1,-0.1952596588398618,0.1866796463727951,-0.55511,0.1062812,-0.711391177722168,4
2026-09-01,LTF,64,1,0.05807077247001187,0.32240980863571167,0.47085285,0.1062812,0.3145716518676758,4
2026-09-01,LTF,65,1,0.10161083187571507,0.33693927526474,0.32424927,0.1062812,0.167968067578125,4
2026-09-01,LTF,66,1,0.0906402413815958,0.3606584966182709,-0.17745495,0.1062812,-0.333736148425293,4
2026-09-01,LTF,67,1,0.08117884519261723,0.3652414083480835,-0.611037,0.10628120000000002,-0.767318215914917,4
2026-09-01,LTTS,3,1,0.05613688911089845,0.8463327884674072,-0.38542747,0.1062812,-0.541708674975586,4
2026-09-01,LTTS,4,1,0.11454042454295443,0.7569643259048462,-0.1454711,0.1062812,-0.30175229603881837,4
2026-09-01,LTTS,7,1,0.1011453050829576,0.5647696256637573,0.57816505,0.10628119999999998,0.4218838543212891,4
2026-09-01,LTTS,8,1,0.07953924068894742,0.5204286575317383,0.7270932,0.10628119999999998,0.5708120197570801,4
2026-09-01,LTTS,9,1,0.08269665098096725,0.48301953077316284,0.60623884,0.10628119999999998,0.4499576420104981,4
2026-09-01,LTTS,10,1,0.08118837198650809,0.4590566158294678,0.45981407,0.10628119999999998,0.3035328716552735,4
2026-09-01,LTTS,11,1,0.09072853562338656,0.4312235414981842,0.4258871,0.10628119999999998,0.26960590784912114,4
2026-09-01,LTTS,12,1,0.055442361722212286,0.41931065917015076,0.23760796,0.10628119999999998,0.08132675593261722,4
2026-09-01,LTTS,19,-1,-0.05986926314484616,0.17907419800758362,-0.10039806,0.1062812,-0.256679263659668,4
2026-09-01,LTTS,20,-1,-0.05281041011914966,0.17581500113010406,-0.12271404,0.10628119999999998,-0.27899524266357417,4
2026-09-01,LTTS,21,-1,-0.05096123295371315,0.18150997161865234,-0.12283325,0.1062812,-0.279114451953125,4
2026-09-01,LTTS,22,-1,-0.07091958595296223,0.1927596628665924,-0.07249117,0.1062812,-0.2287723689758301,4
2026-09-01,LTTS,39,-1,-0.049081269820337205,0.2035992443561554,0.18064976,0.1062812,0.024368557385253897,4
2026-09-01,LTTS,42,-1,-0.10524050938330551,0.19053441286087036,0.12513995,0.1062812,-0.031141248294067392,4
2026-09-01,LTTS,54,-1,-0.07237505178260073,0.13993073999881744,0.2758801,0.10628119999999998,0.11959889834289554,4
2026-09-01,LTTS,55,-1,-0.31589184440221385,0.15970957279205322,0.08932352,0.10628119999999998,-0.06695767933959959,4
2026-09-01,LTTS,56,-1,-0.04715315308028067,0.16278181970119476,0.26220083,0.1062812,0.10591963236694334,4
2026-09-01,LTTS,57,-1,-0.1923954289057534,0.14464573562145233,0.22340417,0.1062812,0.06712296908264159,4
2026-09-01,LUPIN,3,1,0.056077355920162206,0.5606812834739685,-0.041544437,0.10628119999999998,-0.19782563740844722,4
2026-09-01,LUPIN,4,1,0.10951842245461675,0.4745628535747528,-0.18917918,0.10628119999999998,-0.34546038205261226,4
2026-09-01,LUPIN,7,1,0.09323052552561382,0.34856849908828735,-0.08786321,0.10628119999999998,-0.24414440686340327,4
2026-09-01,LUPIN,8,1,0.0624490652298553,0.3227441608905792,-0.11562109,0.10628119999999998,-0.2719022899353027,4
2026-09-01,LUPIN,9,1,0.05775871662933547,0.29687726497650146,-0.036996603,0.1062812,-0.19327780301208497,4
2026-09-01,LUPIN,10,1,0.06529829019626872,0.2850208282470703,-0.1293242,0.1062812,-0.28560539776916505,4
2026-09-01,LUPIN,11,1,0.07017888522678012,0.272370308637619,-0.046229362,0.10628119999999998,-0.20251056248779292,4
2026-09-01,LUPIN,12,1,0.0407997535368716,0.2663194239139557,0.21299124,0.1062812,0.05671003764038085,4
2026-09-01,LUPIN,19,-1,-0.05649554938554085,0.11551078408956528,-0.0,0.1062812,-0.1562812,4
2026-09-01,LUPIN,20,-1,-0.052962491417023645,0.11465377360582352,0.083231926,0.10628119999999998,-0.07304927403564451,4
2026-09-01,LUPIN,21,-1,-0.051588445962586355,0.11324340105056763,0.041610003,0.1062812,-0.11467119748229981,4
2026-09-01,LUPIN,22,-1,-0.06200733433129241,0.11058157682418823,0.04621744,0.1062812,-0.11006375844116212,4
2026-09-01,LUPIN,26,-1,-0.041992652824408366,0.10334675014019012,0.37443042,0.1062812,0.21814921801452636,4
2026-09-01,LUPIN,42,-1,-0.06812121432913382,0.12433028221130371,0.1810193,0.1062812,0.02473810618286132,4
2026-09-01,LUPIN,54,-1,-0.07087176561227448,0.11629286408424377,0.16745925,0.1062812,0.011178049496459952,4
2026-09-01,LUPIN,55,-1,-0.30068439306217,0.12241629511117935,-0.074505806,0.10628119999999998,-0.23078700596923823,4
2026-09-01,LUPIN,56,-1,-0.04641090858606123,0.13152183592319489,0.1534462,0.1062812,-0.002835002490234384,4
2026-09-01,LUPIN,57,-1,-0.17726634707436256,0.14731770753860474,0.2606392,0.10628119999999998,0.10435799067382816,4
2026-09-01,MAHABANK,4,1,0.09274035890438968,0.6609991788864136,-0.6226003,0.1062812,-0.7788815170013428,4
2026-09-01,MAHABANK,5,1,0.059501202397548573,0.6771953701972961,0.16875267,0.1062812,0.012471470288085929,4
2026-09-01,MAHABANK,7,1,0.09452538735613802,0.5719535946846008,0.42254925,0.10628119999999998,0.26626804774169927,4
2026-09-01,MAHABANK,8,1,0.0713933520384637,0.5435715317726135,0.15665293,0.10628120000000002,0.00037172739868161775,4
2026-09-01,MAHABANK,9,1,0.07592199481265803,0.5289204120635986,0.33795834,0.10628119999999998,0.1816771358764649,4
2026-09-01,MAHABANK,10,1,0.06748043964055511,0.5017631649971008,0.036144257,0.1062812,-0.12013694340820313,4
2026-09-01,MAHABANK,11,1,0.07009360670542976,0.46887531876564026,0.084364414,0.1062812,-0.07191678578491212,4
2026-09-01,MAHABANK,19,-1,-0.05274120217372334,0.2082621157169342,-0.54216385,0.10628119999999998,-0.6984450488769531,4
2026-09-01,MAHABANK,20,-1,-0.04190860438522,0.23002518713474274,-0.84745884,0.1062812,-1.003740039416504,4
2026-09-01,MAHABANK,22,-1,-0.05904457144173499,0.2359362691640854,-0.7623434,0.1062812,-0.9186246066772461,4
2026-09-01,MAHABANK,54,-1,-0.047053290805004984,0.2569500207901001,0.5310178,0.1062812,0.37473658030395507,4
2026-09-01,MAHABANK,55,-1,-0.23999385637923393,0.27955231070518494,-0.08482933,0.1062812,-0.24111053044433595,4
2026-09-01,MAHABANK,57,-1,-0.11149865709537077,0.281488299369812,-0.16975403,0.1062812,-0.3260352283203125,4
2026-09-01,MANKIND,3,1,0.04807641595020061,0.4945797026157379,0.110173225,0.1062812,-0.04610797459716798,4
2026-09-01,MANKIND,4,1,0.10573849204716057,0.4352993369102478,0.05081892,0.1062812,-0.10546227986450196,4
2026-09-01,MANKIND,7,1,0.07873116277617863,0.3472815752029419,0.2794981,0.10628119999999998,0.12321690028076175,4
2026-09-01,MANKIND,8,1,0.07368704264033094,0.32492759823799133,0.3136158,0.10628119999999998,0.15733459895019536,4
2026-09-01,MANKIND,9,1,0.06736891526567844,0.30394214391708374,0.4493475,0.10628119999999998,0.2930662960327149,4
2026-09-01,MANKIND,10,1,0.06348389023050652,0.28899675607681274,0.24975538,0.10628120000000002,0.09347418253784177,4
2026-09-01,MANKIND,11,1,0.07093416978303571,0.2758142352104187,0.3937006,0.10628119999999998,0.2374193996704102,4
2026-09-01,MANKIND,19,-1,-0.059252630696678014,0.14379149675369263,0.3757,0.1062812,0.21941879694824218,4
2026-09-01,MANKIND,20,-1,-0.05586277182933246,0.1347942352294922,0.4263878,0.10628119999999998,0.2701065868652344,4
2026-09-01,MANKIND,21,-1,-0.04705207457263393,0.13031424582004547,0.49410462,0.1062812,0.33782342379455566,4
2026-09-01,MANKIND,22,-1,-0.07677075719539099,0.13019950687885284,0.5188167,0.1062812,0.3625355095184326,4
2026-09-01,MANKIND,39,-1,-0.056581049379234145,0.16142182052135468,0.07222295,0.1062812,-0.08405825192565919,4
2026-09-01,MANKIND,42,-1,-0.10740246903085401,0.13648919761180878,-0.0849247,0.1062812,-0.24120589787597657,4
2026-09-01,MANKIND,54,-1,-0.07928577544961903,0.10883186012506485,-0.084877014,0.1062812,-0.24115821416015626,4
2026-09-01,MANKIND,55,-1,-0.31680557329347575,0.10341887176036835,-0.09765625,0.1062812,-0.25393745,4
2026-09-01,MANKIND,56,-1,-0.05424846905169316,0.10732902586460114,-0.072169304,0.10628119999999998,-0.22845050389404292,4
2026-09-01,MANKIND,57,-1,-0.19500101441494383,0.10862909257411957,-0.12744665,0.1062812,-0.28372785145874024,4
2026-09-01,MARICO,3,1,0.054216828291170936,0.5573263168334961,-0.16819239,0.10628119999999998,-0.3244735866271972,4
2026-09-01,MARICO,4,1,0.10426597567687847,0.47968292236328125,-0.030052662,0.1062812,-0.18633386189575196,4
2026-09-01,MARICO,5,1,0.06711765453850932,0.4264242649078369,0.22268295,0.10628119999999998,0.0664017528808594,4
2026-09-01,MARICO,6,1,0.04091974672172745,0.3835204243659973,0.28892756,0.10628119999999998,0.13264635508422856,4
2026-09-01,MARICO,7,1,0.08783397811077998,0.35275813937187195,0.22859573,0.1062812,0.07231453364257812,4
2026-09-01,MARICO,8,1,0.07301045546595654,0.32762250304222107,0.40317774,0.1062812,0.24689653818969726,4
2026-09-01,MARICO,9,1,0.055014837905498104,0.3002762198448181,0.28282404,0.1062812,0.1265428394592285,4
2026-09-01,MARICO,10,1,0.06525629805842519,0.2800566256046295,0.36096573,0.1062812,0.20468452875976562,4
2026-09-01,MARICO,11,1,0.06036839225487558,0.2675560414791107,0.27657747,0.1062812,0.12029627268676756,4
2026-09-01,MARICO,19,-1,-0.0566983319617705,0.16002285480499268,-0.43728352,0.1062812,-0.5935647159301758,4
2026-09-01,MARICO,20,-1,-0.05105827552912996,0.18414458632469177,0.09548068,0.10628119999999998,-0.06080051953430174,4
2026-09-01,MARICO,22,-1,-0.06318982657551872,0.2220824509859085,0.13725162,0.10628119999999998,-0.01902958447570799,4
2026-09-01,MARICO,42,-1,-0.04128654670477081,0.10973932594060898,-0.077712536,0.1062812,-0.2339937358581543,4
2026-09-01,MARICO,54,-1,-0.06065531851778319,0.12340998649597168,0.2868414,0.1062812,0.13056019251708983,4
2026-09-01,MARICO,55,-1,-0.28861527100031453,0.13304346799850464,0.041908026,0.1062812,-0.11437317425842286,4
2026-09-01,MARICO,56,-1,-0.043396932693100715,0.13844797015190125,0.07776618,0.10628119999999998,-0.07851501996154783,4
2026-09-01,MARICO,57,-1,-0.16363954616943177,0.14201104640960693,-0.011968613,0.1062812,-0.16824981267089845,4
2026-09-01,MARUTI,3,1,0.050973751581700526,0.4357541799545288,-0.07451773,0.1062812,-0.23079892689819337,4
2026-09-01,MARUTI,4,1,0.10853710893368218,0.40131285786628723,0.11190176,0.1062812,-0.04437943989868165,4
2026-09-01,MARUTI,7,1,0.06845653305053537,0.30017152428627014,0.0074625015,0.10628119999999998,-0.14881869847412107,4
2026-09-01,MARUTI,8,1,0.06081416785999166,0.28428399562835693,0.029838085,0.1062812,-0.12644311482543946,4
2026-09-01,MARUTI,9,1,0.06374049613198952,0.27045148611068726,-0.3426671,0.10628119999999998,-0.49894830281372066,4
2026-09-01,MARUTI,10,1,0.077797267137596,0.265744686126709,-0.23120642,0.1062812,-0.38748761708374024,4
2026-09-01,MARUTI,11,1,0.08127675059943563,0.26328861713409424,-0.3503263,0.10628120000000002,-0.5066074996673584,4
2026-09-01,MARUTI,19,-1,-0.06323665686865414,0.1770119071006775,-0.03732443,0.1062812,-0.19360562855834962,4
2026-09-01,MARUTI,20,-1,-0.05662871510687842,0.18590925633907318,-0.0074625015,0.10628119999999998,-0.1637437015258789,4
2026-09-01,MARUTI,21,-1,-0.051588445962586355,0.18108801543712616,0.26831627,0.10628119999999998,0.11203506892089847,4
2026-09-01,MARUTI,22,-1,-0.07102450965755765,0.17936980724334717,0.22351146,0.1062812,0.0672302574432373,4
2026-09-01,MARUTI,38,-1,-0.05203137615205578,0.4269709587097168,0.52930117,0.10628119999999998,0.3730199665344239,4
2026-09-01,MARUTI,39,-1,-0.046035526979950864,0.4442455470561981,1.3225317,0.10628119999999998,1.1662505001342773,4
2026-09-01,MARUTI,42,-1,-0.07389714844298965,0.5571779608726501,0.38431883,0.1062812,0.22803762858276366,4
2026-09-01,MARUTI,54,-1,-0.04761409848457557,0.5301619172096252,0.7330239,0.1062812,0.5767426819122314,4
2026-09-01,MARUTI,55,-1,-0.15129253937041637,0.44777271151542664,0.4940927,0.1062812,0.3378115028656006,4
2026-09-01,MARUTI,57,-1,-0.1175917533858354,0.41675418615341187,0.1547873,0.1062812,-0.001493897982788095,4
2026-09-01,MARUTI,64,1,0.05336854798042257,0.27461880445480347,0.069761276,0.1062812,-0.08651992375488282,4
2026-09-01,MARUTI,65,1,0.05117905444556998,0.272809773683548,0.023245811,0.10628119999999998,-0.13303538853759764,4
2026-09-01,MAXHEALTH,3,1,0.05051650162043192,0.6944444179534912,0.049602985,0.1062812,-0.10667821461791993,4
2026-09-01,MAXHEALTH,4,1,0.11442683923607927,0.6220806837081909,-0.009942055,0.10628119999999998,-0.16622325474853514,4
2026-09-01,MAXHEALTH,5,1,0.04243350919642966,0.5642966032028198,0.25891066,0.1062812,0.10262945597534177,4
2026-09-01,MAXHEALTH,7,1,0.09139208141133895,0.4688589870929718,0.34825802,0.10628119999999998,0.1919768184936524,4
2026-09-01,MAXHEALTH,8,1,0.06978237045080829,0.4500478506088257,0.29782057,0.1062812,0.1415393680847168,4
2026-09-01,MAXHEALTH,9,1,0.07773635055896555,0.4292522966861725,0.5166888,0.1062812,0.36040762369995116,4
2026-09-01,MAXHEALTH,10,1,0.08228221680854482,0.4173608720302582,0.19823313,0.1062812,0.04195192759399413,4
2026-09-01,MAXHEALTH,11,1,0.08407821182933176,0.4116551876068115,0.54666996,0.1062812,0.39038876002197265,4
2026-09-01,MAXHEALTH,12,1,0.04932045041901216,0.3965340554714203,0.53629875,0.10628119999999998,0.38001755183105473,4
2026-09-01,MAXHEALTH,19,-1,-0.06271538620991071,0.22932219505310059,-0.04938841,0.1062812,-0.20566960866088868,4
2026-09-01,MAXHEALTH,20,-1,-0.062403534043120025,0.22936750948429108,-0.13833046,0.10628119999999998,-0.2946116595947265,4
2026-09-01,MAXHEALTH,21,-1,-0.053872707456905186,0.2159799337387085,-0.0395298,0.1062812,-0.19581100041503907,4
2026-09-01,MAXHEALTH,22,-1,-0.06977308925497454,0.2083190530538559,-0.17795563,0.1062812,-0.33423682744140626,4
2026-09-01,MAXHEALTH,26,-1,-0.04364034828850162,0.1734766960144043,0.1974523,0.10628119999999998,0.04117110674743654,4
2026-09-01,MAXHEALTH,39,-1,-0.04699096220204822,0.15326859056949615,-0.197649,0.1062812,-0.3539302020751953,4
2026-09-01,MAXHEALTH,42,-1,-0.1051143964563977,0.14807546138763428,-0.1283288,0.10628119999999998,-0.28461000020141597,4
2026-09-01,MAXHEALTH,54,-1,-0.06352384825467948,0.16014118492603302,0.15805364,0.1062812,0.0017724365509033113,4
2026-09-01,MAXHEALTH,55,-1,-0.31499578266683614,0.17526741325855255,-0.10880232,0.1062812,-0.26508351857299806,4
2026-09-01,MAXHEALTH,56,-1,-0.045783105081244314,0.17791800200939178,0.22724867,0.10628119999999998,0.07096746867065432,4
2026-09-01,MAXHEALTH,57,-1,-0.19012555015327673,0.17767171561717987,0.53301454,0.10628120000000002,0.37673333590393066,4
2026-09-01,MAZDOCK,3,1,0.052666831079708924,0.3636069893836975,-0.6302476,0.1062812,-0.7865287929260254,4
2026-09-01,MAZDOCK,4,1,0.12361050802895679,0.3912333846092224,-0.028419495,0.1062812,-0.18470069462890626,4
2026-09-01,MAZDOCK,5,1,0.08560282863194198,0.39666396379470825,0.43165684,0.1062812,0.2753756374633789,4
2026-09-01,MAZDOCK,6,1,0.050270351647717974,0.36588218808174133,0.39904118,0.1062812,0.24275997584228515,4
2026-09-01,MAZDOCK,7,1,0.08738205710107112,0.35179612040519714,0.8301139,0.10628119999999998,0.6738326877868652,4
2026-09-01,MAZDOCK,8,1,0.0736834729987334,0.34123969078063965,0.6905556,0.10628119999999998,0.5342743725097656,4
2026-09-01,MAZDOCK,9,1,0.07524871643928786,0.33143356442451477,0.9676814,0.1062812,0.8114002079284668,4
2026-09-01,MAZDOCK,10,1,0.061086814313948946,0.31564411520957947,1.0128856,0.10628119999999998,0.856604370526123,4
2026-09-01,MAZDOCK,11,1,0.06783256832800716,0.30966734886169434,1.3327956,0.1062812,1.1765144199645996,4
2026-09-01,MAZDOCK,19,-1,-0.04547436961837621,0.27262958884239197,-0.14426708,0.1062812,-0.3005482822143555,4
2026-09-01,MAZDOCK,22,-1,-0.04772031603451913,0.2829688787460327,-0.36970377,0.1062812,-0.5259849696838379,4
2026-09-01,MAZDOCK,42,-1,-0.041111080641160556,0.1472778022289276,0.036162138,0.1062812,-0.12011906201477052,4
2026-09-01,MAZDOCK,54,-1,-0.057319427260216625,0.15773247182369232,0.48328638,0.10628120000000002,0.32700518076782226,4
2026-09-01,MAZDOCK,55,-1,-0.2878079498733063,0.17309723794460297,0.03231764,0.10628120000000002,-0.12396356160278323,4
2026-09-01,MAZDOCK,57,-1,-0.16516059503339842,0.19825242459774017,-0.032365322,0.10628119999999998,-0.18864652211303706,4
2026-09-01,MCX,3,1,0.05381438633434195,0.5784254670143127,0.3305316,0.1062812,0.17425039713745116,4
2026-09-01,MCX,4,1,0.11186073961987797,0.5166872143745422,0.084125996,0.1062812,-0.07215520436401368,4
2026-09-01,MCX,7,1,0.07825645540267218,0.4367876350879669,-0.26994348,0.1062812,-0.4262246757232666,4
2026-09-01,MCX,8,1,0.07115782928255308,0.40658533573150635,-0.4170537,0.10628120000000002,-0.5733348994934082,4
2026-09-01,MCX,9,1,0.08015377203424316,0.4088098704814911,-0.76841116,0.10628119999999998,-0.9246923595153809,4
2026-09-01,MCX,10,1,0.08257057697926083,0.40540212392807007,-0.67385435,0.1062812,-0.8301355510437012,4
2026-09-01,MCX,11,1,0.09150764759739186,0.40628477931022644,-0.30325055,0.10628119999999998,-0.45953175122375484,4
2026-09-01,MCX,12,1,0.05873327591590981,0.39239171147346497,-0.09915829,0.1062812,-0.25543948704833985,4
2026-09-01,MCX,19,-1,-0.04678027844507027,0.2646780014038086,-0.003004074,0.1062812,-0.1592852740966797,4
2026-09-01,MCX,20,-1,-0.05420973851306232,0.23939260840415955,0.0992775,0.1062812,-0.057003703662109384,4
2026-09-01,MCX,21,-1,-0.04916946936877026,0.2304919809103012,0.1595676,0.1062812,0.003286394528198233,4
2026-09-01,MCX,22,-1,-0.06815843977557846,0.23140683770179749,0.24971366,0.10628120000000002,0.093432459286499,4
2026-09-01,MCX,39,-1,-0.04682467249598107,0.1875659078359604,0.18126965,0.10628119999999998,0.024988445690917988,4
2026-09-01,MCX,42,-1,-0.10061035235178903,0.1573580652475357,0.36263466,0.10628119999999998,0.2063534588134766,4
2026-09-01,MCX,54,-1,-0.06470738962387605,0.15691140294075012,0.51491857,0.10628120000000002,0.35863736575012206,4
2026-09-01,MCX,55,-1,-0.31619325742053744,0.1758386194705963,-0.48577785,0.1062812,-0.6420590549194336,4
2026-09-01,MCX,56,-1,-0.04553923538715211,0.17287379503250122,-0.41866302,0.1062812,-0.5749442249023438,4
2026-09-01,MCX,57,-1,-0.18906200678791887,0.1892944723367691,-0.7965684,0.1062812,-0.9528495937072754,4
2026-09-01,MCX,64,1,0.04839286530571661,0.2902739942073822,0.4469037,0.10628119999999998,0.2906225055969239,4
2026-09-01,MCX,65,1,0.046203371770864005,0.28672975301742554,0.32794476,0.1062812,0.1716635555541992,4
2026-09-01,MCX,66,1,0.045044970648122365,0.2985042333602905,0.20016432,0.1062812,0.04388311808471679,4
2026-09-01,MCX,67,1,0.0477887538795789,0.3059038817882538,0.03937483,0.1062812,-0.11690637166137696,4
2026-09-01,MEDANTA,4,1,0.09051267016786228,0.6224533915519714,-0.62779784,0.1062812,-0.7840790420257568,4
2026-09-01,MEDANTA,7,1,0.0682943276909756,0.5351181030273438,-0.23398995,0.1062812,-0.390271153994751,4
2026-09-01,MEDANTA,8,1,0.06162225773246029,0.5024534463882446,-0.6277561,0.1062812,-0.7840373187744141,4
2026-09-01,MEDANTA,9,1,0.0739743704059528,0.46879202127456665,-0.8739114,0.1062812,-1.0301925807678223,4
2026-09-01,MEDANTA,10,1,0.09140073573482818,0.5090227723121643,-0.275594,0.1062812,-0.43187519604797364,4
2026-09-01,MEDANTA,11,1,0.09400562569532532,0.488944411277771,-0.5309522,0.10628120000000002,-0.6872334151947022,4
2026-09-01,MEDANTA,12,1,0.056334035975711794,0.4660285711288452,-0.5643666,0.1062812,-0.7206477790557861,4
2026-09-01,MEDANTA,19,-1,-0.045518054894443466,0.3151552677154541,0.48661232,0.1062812,0.33033111994628905,4
2026-09-01,MEDANTA,22,-1,-0.053217528723854414,0.27031803131103516,0.12192726,0.1062812,-0.034353938647460946,4
2026-09-01,MEDANTA,42,-1,-0.07256380065728249,0.3131382465362549,-0.02026558,0.10628119999999998,-0.17654677922363277,4
2026-09-01,MEDANTA,54,-1,-0.05709503376290591,0.2305239886045456,0.92937946,0.1062812,0.7730982631958008,4
2026-09-01,MEDANTA,55,-1,-0.30656858022332434,0.22705022990703583,0.6724179,0.1062812,0.5161366791046142,4
2026-09-01,MEDANTA,56,-1,-0.0447817673760949,0.22359368205070496,0.80803037,0.1062812,0.651749166897583,4
2026-09-01,MEDANTA,57,-1,-0.18788638498224025,0.2260955423116684,0.7680297,0.1062812,0.6117484897888184,4
2026-09-01,MEDANTA,66,1,0.04707014495731056,0.25748130679130554,0.10274649,0.1062812,-0.05353471333618165,4
2026-09-01,MEDANTA,67,1,0.06708861251931086,0.2774798572063446,0.6181359,0.10628119999999998,0.46185472910766606,4
2026-09-01,MFSL,3,1,0.05314154146394124,0.5716772675514221,-0.33037066,0.1062812,-0.4866518645965576,4
2026-09-01,MFSL,4,1,0.10804653454257697,0.47436946630477905,-0.21390319,0.10628120000000002,-0.37018438870544434,4
2026-09-01,MFSL,7,1,0.09467395041002666,0.4055388569831848,0.25390387,0.1062812,0.09762266581420896,4
2026-09-01,MFSL,8,1,0.08472892859288436,0.3990287184715271,0.58773756,0.1062812,0.4314563602722168,4
2026-09-01,MFSL,9,1,0.08898062119138495,0.3727160394191742,0.5678177,0.10628119999999998,0.4115364879882813,4
2026-09-01,MFSL,10,1,0.08420487200368544,0.3929198980331421,0.2404809,0.1062812,0.08419969981079099,4
2026-09-01,MFSL,11,1,0.08992834131364714,0.36919185519218445,0.07143021,0.10628120000000002,-0.0848509937011719,4
2026-09-01,MFSL,12,1,0.05053815006457297,0.35686540603637695,0.33740997,0.1062812,0.18112877314453124,4
2026-09-01,MFSL,19,-1,-0.05623288465022267,0.24573291838169098,0.006467104,0.1062812,-0.14981409604187013,4
2026-09-01,MFSL,20,-1,-0.05783119997434486,0.2348204255104065,0.090420246,0.1062812,-0.06586095387573243,4
2026-09-01,MFSL,21,-1,-0.047979400681399983,0.22491766512393951,-0.03232956,0.1062812,-0.18861075932617188,4
2026-09-01,MFSL,22,-1,-0.0700639008215213,0.20782972872257233,0.06468296,0.1062812,-0.0915982394897461,4
2026-09-01,MFSL,39,-1,-0.051510540289419024,0.17493608593940735,0.025850534,0.1062812,-0.1304306655609131,4
2026-09-01,MFSL,42,-1,-0.10711817060350348,0.16838744282722473,0.19376278,0.1062812,0.037481579235839835,4
2026-09-01,MFSL,54,-1,-0.0743917075952893,0.11211362481117249,0.50596595,0.10628119999999998,0.34968474810485844,4
2026-09-01,MFSL,55,-1,-0.31641413370649163,0.12627412378787994,0.27298927,0.10628119999999998,0.1167080730712891,4
2026-09-01,MFSL,56,-1,-0.04715315308028067,0.12995395064353943,0.19494295,0.1062812,0.03866175120239257,4
2026-09-01,MFSL,57,-1,-0.19050370126854968,0.1464647352695465,0.15622377,0.10628119999999998,-5.742604370115312e-05,4
2026-09-01,MOTILALOFS,3,1,0.05634031872085508,0.6784706115722656,-0.654608,0.10628119999999998,-0.8108892112457275,4
2026-09-01,MOTILALOFS,4,1,0.10719233690556657,0.6332032084465027,-0.52123666,0.1062812,-0.6775178580963135,4
2026-09-01,MOTILALOFS,5,1,0.06773995430793732,0.6082010865211487,-0.21275878,0.1062812,-0.36903997952575684,4
2026-09-01,MOTILALOFS,6,1,0.04163771025557488,0.584446370601654,0.029087067,0.10628119999999998,-0.12719413334960936,4
2026-09-01,MOTILALOFS,7,1,0.10493878759437444,0.554772675037384,0.28187037,0.10628119999999998,0.1255891651428223,4
2026-09-01,MOTILALOFS,8,1,0.08428753238421556,0.5132336616516113,0.12609959,0.1062812,-0.030181613513183603,4
2026-09-01,MOTILALOFS,9,1,0.08293966059236332,0.5008217096328735,-0.038725138,0.1062812,-0.1950063377105713,4
2026-09-01,MOTILALOFS,10,1,0.08483274974068837,0.4712815284729004,-0.07750392,0.10628119999999998,-0.23378511960144038,4
2026-09-01,MOTILALOFS,11,1,0.08827475872870034,0.4560442566871643,-0.019395351,0.1062812,-0.17567655140991212,4
2026-09-01,MOTILALOFS,12,1,0.05410850563284071,0.4406030476093292,0.31034946,0.1062812,0.1540682644165039,4
2026-09-01,MOTILALOFS,20,-1,-0.04713266159306596,0.24475590884685516,-0.08710623,0.10628119999999998,-0.2433874278747558,4
2026-09-01,MOTILALOFS,22,-1,-0.05803383720576361,0.2452608048915863,0.72351694,0.1062812,0.5672357410705566,4
2026-09-01,MOTILALOFS,42,-1,-0.055360885265328875,0.1614421010017395,0.51411986,0.1062812,0.3578386635101318,4
2026-09-01,MOTILALOFS,54,-1,-0.06130543801517466,0.19752120971679688,0.76217055,0.1062812,0.6058893532073975,4
2026-09-01,MOTILALOFS,55,-1,-0.29887582649739564,0.22080470621585846,0.1570344,0.1062812,0.0007531971252441316,4
2026-09-01,MOTILALOFS,57,-1,-0.1520585943648763,0.25377514958381653,0.34364462,0.1062812,0.1873634189880371,4
2026-09-01,MOTILALOFS,64,1,0.06450880150796254,0.3047149181365967,-0.2955675,0.1062812,-0.45184871251220704,4
2026-09-01,MOTILALOFS,65,1,0.06775569777607347,0.29785409569740295,-0.21691918,0.1062812,-0.3732003837310791,4
2026-09-01,MOTILALOFS,66,1,0.0654762488664898,0.28712210059165955,-0.33484697,0.10628120000000002,-0.49112817341918946,4
2026-09-01,MOTILALOFS,67,1,0.053678804014683244,0.28293442726135254,-0.02951622,0.10628119999999998,-0.1857974200927734,4
2026-09-01,MPHASIS,3,1,0.0664572209880087,0.8333333134651184,0.27267933,0.1062812,0.11639812891845701,4
2026-09-01,MPHASIS,4,1,0.10916293844519392,0.7226065397262573,0.77393055,0.1062812,0.617649349621582,4
2026-09-01,MPHASIS,5,1,0.060331874101682975,0.6419642567634583,1.2533545,0.10628119999999998,1.097073349407959,4
2026-09-01,MPHASIS,6,1,0.04247805914967999,0.5728685855865479,0.991869,0.10628119999999998,0.8355877727783203,4
2026-09-01,MPHASIS,7,1,0.0820959206258594,0.5283827781677246,1.1084914,0.1062812,0.9522102207458496,4
2026-09-01,MPHASIS,8,1,0.07390841633567104,0.4927726089954376,1.2398839,0.1062812,1.0836026996887207,4
2026-09-01,MPHASIS,9,1,0.07260393293177458,0.4738868176937103,1.072514,0.10628119999999998,0.9162328571594238,4
2026-09-01,MPHASIS,10,1,0.07576944157902092,0.4483087956905365,1.0106325,0.1062812,0.8543513149536133,4
2026-09-01,MPHASIS,11,1,0.07670069540683358,0.45237067341804504,0.41997433,0.1062812,0.26369312708740233,4
2026-09-01,MPHASIS,22,-1,-0.04776283575647506,0.2921537458896637,0.32951236,0.1062812,0.17323115771179198,4
2026-09-01,MPHASIS,55,-1,-0.2449649808263377,0.2529568374156952,0.047785044,0.1062812,-0.10849615628356934,4
2026-09-01,MPHASIS,57,-1,-0.09572913228745318,0.2633143961429596,0.03990531,0.10628119999999998,-0.11637589032287596,4
2026-09-01,MPHASIS,62,1,0.052292071550053026,0.2669323980808258,-0.6773472,0.10628119999999998,-0.8336283832275391,4
2026-09-01,MPHASIS,64,1,0.0796327133885289,0.269735723733902,0.13569593,0.1062812,-0.020585265704345712,4
2026-09-01,MPHASIS,65,1,0.08392856583737332,0.2829168140888214,0.28779507,0.10628119999999998,0.13151386683349614,4
2026-09-01,MPHASIS,66,1,0.08170740800186044,0.2726481854915619,0.39212704,0.10628119999999998,0.2358458370483399,4
2026-09-01,MPHASIS,67,1,0.08785489080583116,0.27602699398994446,0.5417347,0.1062812,0.3854534954345703,4
2026-09-01,MRF,3,1,0.05451395687605808,0.4970048666000366,-0.14975667,0.07082376832646949,-0.2705804383246384,4
2026-09-01,MRF,4,1,0.11332184947379037,0.43023648858070374,0.03373623,0.07086085669739899,-0.0871246277545279,4
2026-09-01,MRF,7,1,0.08220729667224634,0.3249615430831909,0.18385649,0.07090200972571387,0.06295447754845605,4
2026-09-01,MRF,8,1,0.05866050885115589,0.3080514371395111,0.1688242,0.07089669427874694,0.047927501583069465,4
2026-09-01,MRF,9,1,0.06909525453822624,0.2885553538799286,-0.0037550926,0.07090200972571387,-0.12465710234656348,4
2026-09-01,MRF,10,1,0.07439165529865788,0.2689436674118042,-0.03374219,0.07087544843462938,-0.15461763784197802,4
2026-09-01,MRF,11,1,0.06057273586966729,0.2544552981853485,-0.08242726,0.07085025207943049,-0.2032775153393182,4
2026-09-01,MRF,19,-1,-0.05770099084274711,0.11209740489721298,0.22495389,0.07087412141571686,0.1040797684310849,4
2026-09-01,MRF,20,-1,-0.050478883061773144,0.1140928789973259,0.24371743,0.07087677555305588,0.12284065646903884,4
2026-09-01,MRF,21,-1,-0.045270825175627215,0.10792484134435654,0.16136765,0.07090732676849176,0.04046032803192327,4
2026-09-01,MRF,22,-1,-0.06958494003620894,0.10238541662693024,0.10507107,0.07090599735815072,-0.015834929548092125,4
2026-09-01,MRF,39,-1,-0.04682467249598107,0.10427136719226837,-0.026333332,0.07099796135294781,-0.1473312934147154,4
2026-09-01,MRF,42,-1,-0.10061035235178903,0.09941533207893372,0.015044212,0.07099128125188084,-0.10594706891057225,4
2026-09-01,MRF,54,-1,-0.07447560248847403,0.06101330369710922,0.16572475,0.07103675555555557,0.044687998777940524,4
2026-09-01,MRF,55,-1,-0.31641413370649163,0.06996206194162369,0.048983097,0.07105015252449133,-0.07206705544807532,4
2026-09-01,MRF,56,-1,-0.04943829609054816,0.07483942061662674,0.052767992,0.07106087737072216,-0.06829288535106884,4
2026-09-01,MRF,57,-1,-0.1862322252877188,0.07861126959323883,0.22979975,0.07104345277830101,0.10875629468874,4
2026-09-01,MUTHOOTFIN,3,1,0.07425525617965281,0.6861669421195984,-0.28358698,0.1062812,-0.4398681789123535,4
2026-09-01,MUTHOOTFIN,4,1,0.15661254986979362,0.7659522294998169,0.28287172,0.10628119999999998,0.12659052317504887,4
2026-09-01,MUTHOOTFIN,5,1,0.11730044982691651,0.7214027047157288,0.32340288,0.1062812,0.16712168162231444,4
2026-09-01,MUTHOOTFIN,6,1,0.07167377749650042,0.6615447998046875,0.32320023,0.1062812,0.16691902583007812,4
2026-09-01,MUTHOOTFIN,7,1,0.10551478582439282,0.6043294668197632,0.330019,0.10628119999999998,0.17373779719238286,4
2026-09-01,MUTHOOTFIN,8,1,0.09313388230591343,0.5703032612800598,0.11218786,0.1062812,-0.044093337603759775,4
2026-09-01,MUTHOOTFIN,9,1,0.09516150267634603,0.5544818043708801,-0.2711892,0.1062812,-0.4274704127990723,4
2026-09-01,MUTHOOTFIN,10,1,0.0860598829334119,0.5179938077926636,-0.26765466,0.10628119999999998,-0.42393585736389156,4
2026-09-01,MUTHOOTFIN,11,1,0.09328546135030266,0.5120356678962708,0.101959705,0.1062812,-0.054321494647216806,4
2026-09-01,MUTHOOTFIN,12,1,0.04418878293087923,0.4915032386779785,0.04749298,0.1062812,-0.10878821904296876,4
2026-09-01,MUTHOOTFIN,13,1,0.044269137036729744,0.4684547483921051,-0.09833574,0.10628119999999998,-0.2546169429504394,4
2026-09-01,MUTHOOTFIN,19,-1,-0.04596905110339683,0.2688562572002411,0.23736954,0.1062812,0.0810883373535156,4
2026-09-01,MUTHOOTFIN,20,-1,-0.0458575731322456,0.25700709223747253,-0.09844303,0.1062812,-0.25472423131103517,4
2026-09-01,MUTHOOTFIN,22,-1,-0.05523545753411092,0.24423950910568237,0.12904406,0.1062812,-0.027237144061279306,4
2026-09-01,MUTHOOTFIN,42,-1,-0.04477072532922348,0.1491842418909073,0.12263656,0.1062812,-0.0336446433746338,4
2026-09-01,MUTHOOTFIN,54,-1,-0.0625146007974234,0.12231110781431198,0.94671845,0.1062812,0.7904372543609619,4
2026-09-01,MUTHOOTFIN,55,-1,-0.2912717337851934,0.14058946073055267,0.42186975,0.10628119999999998,0.2655885547912598,4
2026-09-01,MUTHOOTFIN,57,-1,-0.17236358453164638,0.16833090782165527,0.2889514,0.10628119999999998,0.13267019694213872,4
2026-09-01,M_AND_M,3,1,0.05685294875268735,0.6872999668121338,0.16242266,0.10628119999999998,0.006141457012939472,4
2026-09-01,M_AND_M,4,1,0.11599169035681565,0.6047276258468628,0.015056133,0.1062812,-0.14122506672973634,4
2026-09-01,M_AND_M,5,1,0.07350763927430201,0.5237353444099426,0.1385808,0.10628119999999998,-0.017700400897216778,4
2026-09-01,M_AND_M,7,1,0.08601880777479244,0.44215789437294006,-0.18345714,0.1062812,-0.3397383361541748,4
2026-09-01,M_AND_M,8,1,0.07204998403691738,0.4079950153827667,-0.39095283,0.1062812,-0.5472340255462647,4
2026-09-01,M_AND_M,9,1,0.07352527563930715,0.38896992802619934,-0.74463487,0.10628119999999998,-0.9009160667144775,4
2026-09-01,M_AND_M,10,1,0.07192922701805944,0.3712908625602722,-0.85621476,0.1062812,-1.0124959617340088,4
2026-09-01,M_AND_M,11,1,0.08204309786113316,0.36585256457328796,-0.6504476,0.1062812,-0.8067288070404053,4
2026-09-01,M_AND_M,12,1,0.04302875743813415,0.3554452061653137,-0.5233824,0.10628119999999998,-0.6796636253082275,4
2026-09-01,M_AND_M,19,-1,-0.047816607769514075,0.2272166609764099,-0.07560253,0.1062812,-0.23188373143310548,4
2026-09-01,M_AND_M,20,-1,-0.05459518023769469,0.23327547311782837,-0.03322363,0.10628119999999998,-0.1895048289978027,4
2026-09-01,M_AND_M,22,-1,-0.05862168783666925,0.23198048770427704,-0.03323555,0.1062812,-0.18951674992675782,4
2026-09-01,M_AND_M,54,-1,-0.041201773506043635,0.2566700875759125,0.9704292,0.1062812,0.8141479820526123,4
2026-09-01,M_AND_M,55,-1,-0.28241279133928937,0.2329796850681305,0.55027604,0.1062812,0.3939948410308838,4
2026-09-01,M_AND_M,57,-1,-0.14847658383211515,0.24226237833499908,0.1234591,0.1062812,-0.03282209927673341,4
2026-09-01,M_AND_MFIN,3,1,0.05523175805664515,0.4575822353363037,-0.41422248,0.1062812,-0.5705036788665772,4
2026-09-01,M_AND_MFIN,4,1,0.11253048280949667,0.4312894940376282,-0.2409637,0.10628119999999998,-0.39724489743347163,4
2026-09-01,M_AND_MFIN,5,1,0.07686108851022876,0.42534276843070984,0.09403229,0.1062812,-0.06224891240234376,4
2026-09-01,M_AND_MFIN,6,1,0.047793807895008186,0.3975737392902374,0.29557943,0.1062812,0.1392982334411621,4
2026-09-01,M_AND_MFIN,7,1,0.10029771373393528,0.3752700686454773,0.5116463,0.1062812,0.3553650707519531,4
2026-09-01,M_AND_MFIN,8,1,0.0736834729987334,0.35827937722206116,0.40301085,0.1062812,0.24672964518432616,4
2026-09-01,M_AND_MFIN,9,1,0.07335501046140662,0.3474655747413635,0.16094446,0.1062812,0.004663261822509757,4
2026-09-01,M_AND_MFIN,10,1,0.07055905270363318,0.3342166841030121,0.17437935,0.1062812,0.018098148754882804,4
2026-09-01,M_AND_MFIN,11,1,0.06162525443017131,0.3131157159805298,0.18786192,0.1062812,0.03158071940307616,4
2026-09-01,M_AND_MFIN,19,-1,-0.05274120217372334,0.1903616338968277,-0.2142787,0.10628119999999998,-0.37055989796752925,4
2026-09-01,M_AND_MFIN,20,-1,-0.052957128484992816,0.19555097818374634,0.053417683,0.1062812,-0.10286351735229493,4
2026-09-01,M_AND_MFIN,22,-1,-0.06285793392067963,0.20800721645355225,0.20029545,0.1062812,0.04401424830322265,4
2026-09-01,M_AND_MFIN,54,-1,-0.04179451908139787,0.24079307913780212,0.3274262,0.1062812,0.1711449951446533,4
2026-09-01,M_AND_MFIN,55,-1,-0.24329715225539258,0.26653262972831726,0.21789074,0.10628119999999998,0.06160953944091799,4
2026-09-01,M_AND_MFIN,57,-1,-0.11276093848524675,0.26303601264953613,0.027269125,0.1062812,-0.1290120750152588,4
2026-09-01,M_AND_MFIN,65,1,0.07309231793416776,0.2762714922428131,-0.24670959,0.1062812,-0.40299078518981934,4
2026-09-01,M_AND_MFIN,66,1,0.06282169052189426,0.29010602831840515,0.09599924,0.1062812,-0.06028195912475587,4
2026-09-01,M_AND_MFIN,67,1,0.06034626559832623,0.298926442861557,-0.17825365,0.1062812,-0.3345348506652832,4
2026-09-01,NAM-INDIA,3,1,0.06492650919045868,0.8469967842102051,-0.2927661,0.10628119999999998,-0.4490472942077636,4
2026-09-01,NAM-INDIA,4,1,0.11323998469797586,0.7444583773612976,-0.4015088,0.10628119999999998,-0.5577900081359863,4
2026-09-01,NAM-INDIA,5,1,0.07043291315045956,0.6797319650650024,0.0,0.10628119999999998,-0.15628119999999998,4
2026-09-01,NAM-INDIA,6,1,0.05524170335313732,0.642149031162262,0.5125284,0.1062812,0.3562472194946289,4
2026-09-01,NAM-INDIA,7,1,0.107275384559356,0.6121156215667725,0.6644249,0.10628119999999998,0.5081436962402344,4
2026-09-01,NAM-INDIA,8,1,0.08974109694310592,0.5709744691848755,0.832355,0.1062812,0.6760738224304199,4
2026-09-01,NAM-INDIA,9,1,0.07533713100994757,0.5513190627098083,0.62007904,0.1062812,0.4637978405273438,4
2026-09-01,NAM-INDIA,10,1,0.0771768172559226,0.5384379029273987,0.66275597,0.1062812,0.5064747661865234,4
2026-09-01,NAM-INDIA,11,1,0.07184612234249152,0.5137036442756653,0.730288,0.1062812,0.574006828717041,4
2026-09-01,NAM-INDIA,19,-1,-0.045243963305248575,0.2768271565437317,0.70691705,0.1062812,0.5506358475006103,4
2026-09-01,NAM-INDIA,22,-1,-0.049697262673241316,0.3007591962814331,0.46877265,0.1062812,0.31249144976501464,4
2026-09-01,NAM-INDIA,42,-1,-0.04542654240825733,0.16066959500312805,0.31170845,0.1062812,0.1554272503173828,4
2026-09-01,NAM-INDIA,54,-1,-0.06299794938482724,0.21370938420295715,0.8069992,0.10628119999999998,0.6507180065429687,4
2026-09-01,NAM-INDIA,55,-1,-0.2881702118627777,0.22858604788780212,0.23906231,0.10628119999999998,0.08278110926513675,4
2026-09-01,NAM-INDIA,57,-1,-0.14760072813285294,0.2525100111961365,-0.0,0.10628119999999998,-0.15628119999999998,4
2026-09-01,NAM-INDIA,64,1,0.047249141524943014,0.2763688266277313,0.07685423,0.1062812,-0.07942697102661134,4
2026-09-01,NAM-INDIA,65,1,0.04526836867366012,0.2770031988620758,0.1196146,0.1062812,-0.0366665988647461,4
2026-09-01,NAM-INDIA,66,1,0.050613088660392984,0.2807357907295227,0.13670921,0.10628119999999998,-0.019571986743164044,4
2026-09-01,NAM-INDIA,67,1,0.04730623657633874,0.26996827125549316,0.5887389,0.1062812,0.43245771830444335,4
2026-09-01,NATIONALUM,3,1,0.061172041581301274,0.5376714468002319,-0.8311331,0.1062812,-0.9874143272125244,4
2026-09-01,NATIONALUM,4,1,0.1170760706486499,0.49018409848213196,-1.1464,0.1062812,-1.302681174822998,4
2026-09-01,NATIONALUM,5,1,0.07059540350086693,0.45342570543289185,-0.8188069,0.1062812,-0.9750880866729736,4
2026-09-01,NATIONALUM,6,1,0.0543018436237888,0.4275127947330475,-0.37075877,0.10628119999999998,-0.5270399718963623,4
2026-09-01,NATIONALUM,7,1,0.11884808886945468,0.4013012945652008,-0.35818815,0.1062812,-0.5144693523132324,4
2026-09-01,NATIONALUM,8,1,0.10277526826240037,0.385332316160202,-0.25245547,0.1062812,-0.408736672946167,4
2026-09-01,NATIONALUM,9,1,0.10343546067373874,0.36697378754615784,-0.26592016,0.10628119999999998,-0.4222013622009277,4
2026-09-01,NATIONALUM,10,1,0.0988935143128396,0.3434649407863617,-0.19955039,0.10628119999999998,-0.3558315902435302,4
2026-09-01,NATIONALUM,11,1,0.09637272035448147,0.3343563675880432,0.07997751,0.1062812,-0.07630368764038087,4
2026-09-01,NATIONALUM,12,1,0.04780852290092474,0.3205992877483368,0.013315678,0.1062812,-0.14296552235717774,4
2026-09-01,NATIONALUM,19,-1,-0.056356999856285714,0.18734440207481384,-0.23965836,0.10628119999999998,-0.3959395557128906,4
2026-09-01,NATIONALUM,20,-1,-0.04942431635640687,0.17800042033195496,-0.373137,0.10628119999999998,-0.5294181972229004,4
2026-09-01,NATIONALUM,22,-1,-0.05947081203881625,0.17221997678279877,-0.15980005,0.10628119999999998,-0.3160812526428222,4
2026-09-01,NATIONALUM,42,-1,-0.0414656804930752,0.14765900373458862,0.093358755,0.1062812,-0.06292244488830567,4
2026-09-01,NATIONALUM,54,-1,-0.06084194900063573,0.15584173798561096,1.0038793,0.1062812,0.8475981087005615,4
2026-09-01,NATIONALUM,55,-1,-0.29594063381749086,0.1719217300415039,0.4439652,0.10628119999999998,0.2876839966094971,4
2026-09-01,NATIONALUM,57,-1,-0.17099432504657394,0.19007867574691772,0.24312139,0.1062812,0.0868401855743408,4
2026-09-01,NAUKRI,3,1,0.05904249463635161,0.7629212737083435,0.39385557,0.1062812,0.23757437174682616,4
2026-09-01,NAUKRI,4,1,0.1153231208482588,0.7420096397399902,0.7137537,0.1062812,0.5574725002563476,4
2026-09-01,NAUKRI,5,1,0.06489543953271663,0.6683018207550049,0.77968836,0.1062812,0.6234071583068848,4
2026-09-01,NAUKRI,6,1,0.04599560183477616,0.6050582528114319,1.0328412,0.1062812,0.8765600055969238,4
2026-09-01,NAUKRI,7,1,0.08429776529104527,0.5555973052978516,0.6387353,0.1062812,0.48245409434204106,4
2026-09-01,NAUKRI,8,1,0.07213049709655707,0.5241175889968872,0.8758187,0.1062812,0.7195375294006348,4
2026-09-01,NAUKRI,9,1,0.07256244676389569,0.5022234916687012,0.71110725,0.1062812,0.5548260540283203,4
2026-09-01,NAUKRI,10,1,0.07193208452950968,0.48314493894577026,0.69577694,0.1062812,0.5394957393920898,4
2026-09-01,NAUKRI,11,1,0.07032823591185723,0.4663133919239044,0.30997992,0.10628119999999998,0.15369871561889653,4
2026-09-01,NAUKRI,19,-1,-0.042957058912647526,0.2690373957157135,-0.41110516,0.10628119999999998,-0.5673863559448242,4
2026-09-01,NAUKRI,22,-1,-0.0581621229467872,0.25360509753227234,-0.23474693,0.1062812,-0.39102813298339845,4
2026-09-01,NAUKRI,42,-1,-0.04190199244772785,0.20103232562541962,0.007325411,0.1062812,-0.1489557891571045,4
2026-09-01,NAUKRI,54,-1,-0.05364006648002427,0.19906996190547943,0.47180653,0.10628119999999998,0.3155253261840821,4
2026-09-01,NAUKRI,55,-1,-0.29267804783543866,0.19662457704544067,0.14023185,0.10628119999999998,-0.016049352236938458,4
2026-09-01,NAUKRI,57,-1,-0.16570141435964553,0.19720673561096191,-0.08882284,0.1062812,-0.24510404164428712,4
2026-09-01,NESTLEIND,3,1,0.07841327493366028,1.5833830833435059,-0.4386902,0.10628120000000002,-0.594971385546875,4
2026-09-01,NESTLEIND,4,1,0.13653975526495632,1.3106659650802612,-0.589484,0.10628120000000002,-0.7457651763641358,4
2026-09-01,NESTLEIND,5,1,0.051049734156982704,1.1999907493591309,-0.055122375,0.10628120000000002,-0.21140357548828126,4
2026-09-01,NESTLEIND,7,1,0.1155446976091343,0.9773698449134827,0.027561188,0.1062812,-0.12872001225585938,4
2026-09-01,NESTLEIND,8,1,0.09711807164736154,0.8880003690719604,0.21369457,0.10628119999999998,0.05741337244873049,4
2026-09-01,NESTLEIND,9,1,0.10513216502568419,0.8235298991203308,-0.19946694,0.10628119999999998,-0.3557481437408447,4
2026-09-01,NESTLEIND,10,1,0.10170953992767354,0.7623223066329956,0.027537346,0.1062812,-0.12874385411376954,4
2026-09-01,NESTLEIND,11,1,0.10320378735442887,0.7182421684265137,0.17924309,0.1062812,0.02296188776855468,4
2026-09-01,NESTLEIND,12,1,0.07069182421905142,0.6703721880912781,0.09651184,0.10628119999999998,-0.05976935917968748,4
2026-09-01,NESTLEIND,13,1,0.044374861956055514,0.6329299211502075,0.11026859,0.1062812,-0.04601260716552735,4
2026-09-01,NESTLEIND,19,-1,-0.06881769338982065,0.20562735199928284,0.29614568,0.1062812,0.1398644775665283,4
2026-09-01,NESTLEIND,20,-1,-0.05624479501210328,0.20505020022392273,0.37164688,0.1062812,0.21536568110351562,4
2026-09-01,NESTLEIND,21,-1,-0.050655015956407964,0.20591036975383759,0.20000339,0.1062812,0.04372218554382323,4
2026-09-01,NESTLEIND,22,-1,-0.07486964440104336,0.20471301674842834,0.29614568,0.1062812,0.1398644775665283,4
2026-09-01,NESTLEIND,26,-1,-0.04209107797263056,0.2067301869392395,-0.11737347,0.10628119999999998,-0.27365466649169917,4
2026-09-01,NESTLEIND,32,-1,-0.04213494152594684,0.18135426938533783,-0.02759695,0.1062812,-0.18387815053100587,4
2026-09-01,NESTLEIND,39,-1,-0.054428634643507494,0.1211821436882019,0.20000339,0.1062812,0.04372218554382323,4
2026-09-01,NESTLEIND,42,-1,-0.10908320584240065,0.12069857865571976,0.096559525,0.10628119999999998,-0.05972167546386717,4
2026-09-01,NESTLEIND,54,-1,-0.07533143282825132,0.12822362780570984,0.2218008,0.1062812,0.06551960413818358,4
2026-09-01,NESTLEIND,55,-1,-0.31761171914331865,0.13031241297721863,0.069373846,0.10628119999999998,-0.08690735394592283,4
2026-09-01,NESTLEIND,56,-1,-0.05130588871585589,0.13078054785728455,0.027740002,0.1062812,-0.1285411983215332,4
2026-09-01,NESTLEIND,57,-1,-0.18949985984292858,0.13142164051532745,-0.034701824,0.1062812,-0.19098302418823243,4
2026-09-01,NHPC,3,1,0.06039895891389063,0.548184871673584,-0.76165795,0.1062812,-0.9179391532623291,4
2026-09-01,NHPC,4,1,0.1326167297962249,0.546172022819519,-0.32981634,0.1062812,-0.4860975414001465,4
2026-09-01,NHPC,5,1,0.09535528157411076,0.4996454119682312,-0.2377212,0.1062812,-0.39400240475769044,4
2026-09-01,NHPC,6,1,0.059994002554519116,0.4514444172382355,-0.06609559,0.1062812,-0.22237679059143067,4
2026-09-01,NHPC,7,1,0.09141182387832432,0.4164457619190216,-0.03966689,0.10628119999999998,-0.19594809109802241,4
2026-09-01,NHPC,8,1,0.08189246603041894,0.39053264260292053,-0.23768544,0.10628119999999998,-0.39396664197082515,4
2026-09-01,NHPC,9,1,0.08970813714933094,0.3768343925476074,-0.026452541,0.1062812,-0.18273374135131837,4
2026-09-01,NHPC,10,1,0.09322725213141256,0.3765319585800171,0.052928925,0.1062812,-0.10335227543945313,4
2026-09-01,NHPC,11,1,0.09846490480684425,0.3562757074832916,0.09264946,0.1062812,-0.06363174016113282,4
2026-09-01,NHPC,12,1,0.06392724728870845,0.33400529623031616,0.2250433,0.1062812,0.06876209681396483,4
2026-09-01,NHPC,19,-1,-0.05672214668536785,0.16416218876838684,-0.1188755,0.1062812,-0.27515670354003907,4
2026-09-01,NHPC,20,-1,-0.04989023908992764,0.17195908725261688,-0.30423403,0.1062812,-0.46051522786254884,4
2026-09-01,NHPC,22,-1,-0.06300551676522592,0.17278911173343658,-0.19828081,0.1062812,-0.35456201130981446,4
2026-09-01,NHPC,42,-1,-0.04567141514357154,0.13546262681484222,0.21069646,0.10628119999999998,0.05441525881652834,4
2026-09-01,NHPC,54,-1,-0.060878183546835885,0.15906432271003723,0.15812516,0.1062812,0.00184396212463378,4
2026-09-01,NHPC,55,-1,-0.28804526748404924,0.1686096042394638,0.013184547,0.1062812,-0.1430966525756836,4
2026-09-01,NHPC,57,-1,-0.16501315162758998,0.16523246467113495,-0.22468567,0.1062812,-0.3809668689453125,4
2026-09-01,NIACL,3,1,0.06614524709557541,0.8819977641105652,-0.84469914,0.1062812,-1.0009803443634033,4
2026-09-01,NIACL,4,1,0.12415894304062285,0.766399621963501,-0.9716332,0.10628119999999998,-1.1279143958770752,4
2026-09-01,NIACL,5,1,0.07900199539329258,0.6727346777915955,-0.7051945,0.1062812,-0.8614756732666016,4
2026-09-01,NIACL,6,1,0.05913281588036172,0.6458548307418823,-0.59567094,0.1062812,-0.7519521384918213,4
2026-09-01,NIACL,7,1,0.11772419989122797,0.5975314378738403,-0.19020438,0.10628119999999998,-0.346485581942749,4
2026-09-01,NIACL,8,1,0.10253054060723216,0.572348415851593,0.13245344,0.1062812,-0.023827758380126962,4
2026-09-01,NIACL,9,1,0.10556827383788239,0.5355235934257507,-0.03708601,0.1062812,-0.19336720997924806,4
2026-09-01,NIACL,10,1,0.0989924885452128,0.5045949816703796,-0.30689836,0.1062812,-0.4631795554840088,4
2026-09-01,NIACL,11,1,0.09384744579859487,0.4932366609573364,-0.01590848,0.1062812,-0.17218967969055177,4
2026-09-01,NIACL,12,1,0.061553143952625955,0.4684355854988098,0.15362501,0.1062812,-0.002656188555908212,4
2026-09-01,NIACL,19,-1,-0.04388420567685099,0.2633189857006073,-0.44960976,0.1062812,-0.6058909564697266,4
2026-09-01,NIACL,20,-1,-0.053083674101963574,0.23912787437438965,-0.3862381,0.1062812,-0.5425192981445313,4
2026-09-01,NIACL,22,-1,-0.058335338033055004,0.2432665377855301,0.110805035,0.10628119999999998,-0.04547616536254881,4
2026-09-01,NIACL,42,-1,-0.045106175946185954,0.17350977659225464,0.26367307,0.10628119999999998,0.10739186709289554,4
2026-09-01,NIACL,54,-1,-0.058869232312073506,0.16606198251247406,0.5728543,0.10628119999999998,0.4165730804718018,4
2026-09-01,NIACL,55,-1,-0.297614419803838,0.19250687956809998,-0.3304839,0.10628119999999998,-0.4867651134216308,4
2026-09-01,NIACL,57,-1,-0.1656809701756234,0.19857291877269745,-0.5282521,0.10628119999999998,-0.684533324786377,4
2026-09-01,NIACL,64,1,0.0505044653481318,0.2604656219482422,-1.4490426,0.10628120000000002,-1.605323758670044,4
2026-09-01,NIACL,65,1,0.04894685463433137,0.27108609676361084,-1.8295646,0.10628120000000002,-1.9858457713806152,4
2026-09-01,NIACL,66,1,0.06030062670804804,0.2609320282936096,-2.0875275,0.10628119999999998,-2.2438087135040283,4
2026-09-01,NLCINDIA,3,1,0.06503435897654528,0.928992509841919,-0.4048586,0.1062812,-0.5611397891723633,4
2026-09-01,NLCINDIA,4,1,0.12419167154582622,0.8708478212356567,-0.14754534,0.1062812,-0.30382653767700196,4
2026-09-01,NLCINDIA,5,1,0.09428830434503602,0.8215955495834351,0.2410531,0.1062812,0.08477190440063474,4
2026-09-01,NLCINDIA,6,1,0.06076609491453412,0.7398754358291626,0.5201578,0.1062812,0.3638766140258789,4
2026-09-01,NLCINDIA,7,1,0.11898551253431812,0.678816020488739,1.060462,0.1062812,0.9041807979858398,4
2026-09-01,NLCINDIA,8,1,0.08035348002323564,0.7359553575515747,0.2583027,0.1062812,0.10202148859863279,4
2026-09-01,NLCINDIA,9,1,0.07915448317039453,0.7053155899047852,0.57270527,0.10628120000000002,0.4164240688598633,4
2026-09-01,NLCINDIA,10,1,0.07748889290838576,0.6651870012283325,0.62835217,0.1062812,0.472070965222168,4
2026-09-01,NLCINDIA,11,1,0.08236646153900622,0.6295391917228699,0.5173683,0.1062812,0.3610871166503906,4
2026-09-01,NLCINDIA,12,1,0.047677659891615515,0.5962023138999939,0.62857866,0.1062812,0.4722974628723145,4
2026-09-01,NLCINDIA,19,-1,-0.044035064535567346,0.32020190358161926,-0.12853146,0.1062812,-0.28481265599365235,4
2026-09-01,NLCINDIA,22,-1,-0.06310827471551436,0.23578189313411713,-0.01834631,0.1062812,-0.17462750966186524,4
2026-09-01,NLCINDIA,54,-1,-0.05764087997400698,0.21108216047286987,0.018250942,0.1062812,-0.1380302577697754,4
2026-09-01,NLCINDIA,55,-1,-0.2860537938097411,0.21807435154914856,-0.2743721,0.10628119999999998,-0.4306533008300781,4
2026-09-01,NLCINDIA,57,-1,-0.16650139225934274,0.23844492435455322,-0.036501884,0.1062812,-0.19278308446044923,4
2026-09-01,NMDC,3,1,0.05341752081174412,0.544289767742157,-0.8059859,0.1062812,-0.9622671275817871,4
2026-09-01,NMDC,4,1,0.10973869574081573,0.5022445917129517,-0.75992346,0.1062812,-0.9162046580993652,4
2026-09-01,NMDC,7,1,0.08490532198113587,0.4203377068042755,0.09276867,0.10628119999999998,-0.06351253087158201,4
2026-09-01,NMDC,8,1,0.07380249068630942,0.3986217677593231,0.22057295,0.10628119999999998,0.06429174845581057,4
2026-09-01,NMDC,9,1,0.08336046753081264,0.3749713599681854,0.1625061,0.1062812,0.006224903515624991,4
2026-09-01,NMDC,10,1,0.08412815184563673,0.36300426721572876,0.19744635,0.1062812,0.041165146282958975,4
2026-09-01,NMDC,11,1,0.0912783371346715,0.3490358591079712,0.12768507,0.1062812,-0.028596129962158212,4
2026-09-01,NMDC,12,1,0.052008128037497034,0.3292887806892395,0.1508236,0.10628119999999998,-0.005457606860351544,4
2026-09-01,NMDC,19,-1,-0.06286195040892266,0.17871904373168945,-0.30126572,0.10628119999999998,-0.45754691655273433,4
2026-09-01,NMDC,20,-1,-0.05586277182933246,0.1655578464269638,-0.39397478,0.10628119999999998,-0.550255981036377,4
2026-09-01,NMDC,21,-1,-0.04887631476904313,0.16068388521671295,-0.22021532,0.10628120000000002,-0.3764965205871582,4
2026-09-01,NMDC,22,-1,-0.06699139612938824,0.15468819439411163,-0.069499016,0.1062812,-0.22578021580810548,4
2026-09-01,NMDC,39,-1,-0.052008715310458996,0.1666717380285263,0.058048964,0.10628119999999998,-0.09823223645324705,4
2026-09-01,NMDC,42,-1,-0.10245542850234737,0.1551714986562729,0.092971325,0.1062812,-0.06330987507934571,4
2026-09-01,NMDC,54,-1,-0.0713389834126523,0.13337162137031555,0.4202664,0.1062812,0.26398518984680175,4
2026-09-01,NMDC,55,-1,-0.3126999908275059,0.13511796295642853,0.28024316,0.1062812,0.12396195834045408,4
2026-09-01,NMDC,56,-1,-0.050108303279028876,0.14013846218585968,0.15181303,0.1062812,-0.004468169757080087,4
2026-09-01,NMDC,57,-1,-0.1911332708413437,0.1496456116437912,-0.0,0.1062812,-0.1562812,4
2026-09-01,NTPC,3,1,0.05717316610324597,0.34078818559646606,-0.35228133,0.10628119999999998,-0.5085625320159912,4
2026-09-01,NTPC,4,1,0.11117974689403279,0.33149322867393494,-0.12277365,0.10628119999999998,-0.27905484730834956,4
2026-09-01,NTPC,5,1,0.05284385742659511,0.29168006777763367,-0.18422008,0.10628119999999998,-0.34050127560729976,4
2026-09-01,NTPC,7,1,0.04525745954393276,0.24366869032382965,-0.07674694,0.10628119999999998,-0.23302814061279292,4
2026-09-01,NTPC,10,1,0.04249972758248305,0.2277616262435913,0.39963722,0.1062812,0.24335602229003905,4
2026-09-01,NTPC,19,-1,-0.056199857381090075,0.14668749272823334,0.07662773,0.1062812,-0.07965346867675782,4
2026-09-01,NTPC,20,-1,-0.04699861078866424,0.1580461710691452,-0.12292862,0.10628119999999998,-0.2792098193847656,4
2026-09-01,NTPC,22,-1,-0.06024066778952303,0.15244129300117493,-0.32237768,0.10628119999999998,-0.4786588817321777,4
2026-09-01,NTPC,54,-1,-0.06263179386188772,0.14744429290294647,0.35162568,0.1062812,0.1953444809234619,4
2026-09-01,NTPC,55,-1,-0.2898881061963993,0.1564447283744812,0.0919044,0.10628119999999998,-0.06437679822082518,4
2026-09-01,NTPC,56,-1,-0.04286092583323322,0.14657650887966156,0.0459373,0.1062812,-0.11034390027160645,4
2026-09-01,NTPC,57,-1,-0.16815323300686133,0.14007800817489624,0.091934204,0.1062812,-0.06434699589843751,4
2026-09-01,NYKAA,3,1,0.07570333805355932,0.8712335824966431,-0.31014085,0.1062812,-0.46642204815979005,4
2026-09-01,NYKAA,4,1,0.13319734312586187,0.8034249544143677,-0.31018853,0.1062812,-0.46646973187561036,4
2026-09-01,NYKAA,7,1,0.09794530107618402,0.5801914930343628,0.25129318,0.1062812,0.09501198237304685,4
2026-09-01,NYKAA,8,1,0.0887573011014043,0.5333192348480225,0.4282236,0.10628119999999998,0.27194240992431645,4
2026-09-01,NYKAA,9,1,0.09504374181673203,0.49623358249664307,0.5317569,0.1062812,0.3754756778991699,4
2026-09-01,NYKAA,10,1,0.10384923678263633,0.49292895197868347,0.8441925,0.1062812,0.6879113048828125,4
2026-09-01,NYKAA,11,1,0.10966635961302588,0.45932668447494507,1.052165,0.10628119999999998,0.8958838314331055,4
2026-09-01,NYKAA,12,1,0.06927471453116567,0.45783475041389465,0.6791711,0.1062812,0.522889885357666,4
2026-09-01,NYKAA,13,1,0.04285044933183238,0.437726765871048,0.7528782,0.1062812,0.596596989086914,4
2026-09-01,NYKAA,19,-1,-0.05590363115278289,0.24511432647705078,0.07330179,0.1062812,-0.08297940785522462,4
2026-09-01,NYKAA,20,-1,-0.05150386709388339,0.2428055852651596,0.26373267,0.1062812,0.10745147173767088,4
2026-09-01,NYKAA,22,-1,-0.05863766076531434,0.24731826782226562,0.058680773,0.1062812,-0.09760042721862794,4
2026-09-01,NYKAA,39,-1,-0.0497206427360027,0.1913525015115738,0.19030571,0.1062812,0.03402450983886718,4
2026-09-01,NYKAA,42,-1,-0.09817358300808376,0.18860283493995667,0.117349625,0.1062812,-0.038931575366210946,4
2026-09-01,NYKAA,54,-1,-0.07262755833174243,0.204951211810112,0.48573017,0.10628119999999998,0.32944897120361333,4
2026-09-01,NYKAA,55,-1,-0.31481431378976266,0.1939036250114441,0.14747381,0.1062812,-0.008807387896728525,4
2026-09-01,NYKAA,57,-1,-0.1863072462100998,0.20263373851776123,-0.088620186,0.1062812,-0.2449013858520508,4
2026-09-01,OBEROIRLTY,3,1,0.059267600881090086,0.5181909799575806,0.032389164,0.1062812,-0.12389203602905274,4
2026-09-01,OBEROIRLTY,4,1,0.10941664108041063,0.4434371888637543,0.053942204,0.10628119999999998,-0.10233899647827147,4
2026-09-01,OBEROIRLTY,7,1,0.08443472433922093,0.3658370077610016,1.3254046,0.1062812,1.1691234440124512,4
2026-09-01,OBEROIRLTY,8,1,0.07236090660995834,0.3513323664665222,1.0377884,0.10628119999999998,0.8815071911132812,4
2026-09-01,OBEROIRLTY,9,1,0.07814808162723194,0.3398348093032837,0.9829879,0.10628119999999998,0.8267066807067871,4
2026-09-01,OBEROIRLTY,10,1,0.07688355318554588,0.32868754863739014,0.9060979,0.1062812,0.7498166889465332,4
2026-09-01,OBEROIRLTY,11,1,0.06990428251400065,0.31897497177124023,0.9219885,0.1062812,0.7657072872436523,4
2026-09-01,OBEROIRLTY,12,1,0.0444921538017195,0.3322944939136505,0.5688548,0.1062812,0.41257360880737304,4
2026-09-01,OBEROIRLTY,19,-1,-0.04600510235666127,0.27062052488327026,-0.32550097,0.1062812,-0.4817821651184082,4
2026-09-01,OBEROIRLTY,21,-1,-0.04383664097860962,0.25044581294059753,-0.3041625,0.1062812,-0.46044370228881837,4
2026-09-01,OBEROIRLTY,22,-1,-0.06675248811072189,0.24038085341453552,-0.22400618,0.1062812,-0.38028737599487306,4
2026-09-01,OBEROIRLTY,39,-1,-0.047840637015025354,0.1665886640548706,0.06906986,0.10628119999999998,-0.08721133763427732,4
2026-09-01,OBEROIRLTY,42,-1,-0.09826209725655963,0.1433413326740265,0.33448339,0.1062812,0.17820218508605956,4
2026-09-01,OBEROIRLTY,54,-1,-0.06667687348787686,0.1660233736038208,0.31989813,0.10628119999999998,0.16361692850952153,4
2026-09-01,OBEROIRLTY,55,-1,-0.30949146295226776,0.186533585190773,-0.048077106,0.10628119999999998,-0.20435830647583003,4
2026-09-01,OBEROIRLTY,56,-1,-0.04423441660592995,0.18907281756401062,-0.1281619,0.1062812,-0.28444310719604493,4
2026-09-01,OBEROIRLTY,57,-1,-0.1838516069035821,0.19861382246017456,-0.17119646,0.1062812,-0.32747766072387696,4
2026-09-01,OFSS,3,1,0.051985079148341426,0.6100536584854126,-0.12205839,0.10628119999999998,-0.2783395915710449,4
2026-09-01,OFSS,4,1,0.10339311335602742,0.5743106007575989,-0.11393428,0.1062812,-0.2702154784881592,4
2026-09-01,OFSS,7,1,0.0808029798122903,0.5157371163368225,0.3178954,0.1062812,0.16161421244506835,4
2026-09-01,OFSS,8,1,0.07486078183217953,0.4843537509441376,0.47346354,0.1062812,0.3171823353088379,4
2026-09-01,OFSS,9,1,0.07991830898915879,0.4539887309074402,0.269413,0.10628120000000002,0.1131317943847656,4
2026-09-01,OFSS,10,1,0.07761656914425623,0.43551039695739746,-0.040715933,0.10628119999999998,-0.1969971328460693,4
2026-09-01,OFSS,11,1,0.0864084719654657,0.4094019830226898,-0.08146167,0.10628119999999998,-0.23774286801452632,4
2026-09-01,OFSS,12,1,0.04846079159793302,0.40212634205818176,-0.28446317,0.1062812,-0.44074436719055177,4
2026-09-01,OFSS,19,-1,-0.05963401749810155,0.2136627733707428,0.21190047,0.1062812,0.0556192726409912,4
2026-09-01,OFSS,20,-1,-0.04944140182753723,0.2128627449274063,-0.0,0.1062812,-0.1562812,4
2026-09-01,OFSS,21,-1,-0.04705207457263393,0.20416496694087982,-0.016331673,0.1062812,-0.17261287266845704,4
2026-09-01,OFSS,22,-1,-0.06977308925497454,0.21147191524505615,0.13862848,0.1062812,-0.017652717181396493,4
2026-09-01,OFSS,39,-1,-0.04693512513218363,0.17098505795001984,0.008171797,0.10628119999999998,-0.14810940320129393,4
2026-09-01,OFSS,42,-1,-0.10496627784294946,0.14939309656620026,0.114417076,0.1062812,-0.041864123889160165,4
2026-09-01,OFSS,54,-1,-0.0606337624134037,0.1487482786178589,1.1026084,0.10628119999999998,0.9463272423065185,4
2026-09-01,OFSS,55,-1,-0.3092327709452055,0.1533508002758026,0.7901907,0.10628119999999998,0.6339094967163086,4
2026-09-01,OFSS,56,-1,-0.04502998734960995,0.16341982781887054,0.60880184,0.1062812,0.4525206417358399,4
2026-09-01,OFSS,57,-1,-0.19500101441494383,0.1796315461397171,0.3381729,0.1062812,0.18189171259765624,4
2026-09-01,OFSS,64,1,0.09604368962221457,0.33045247197151184,0.38067102,0.10628120000000002,0.22438982432250976,4
2026-09-01,OFSS,65,1,0.09251536094960723,0.3303704261779785,0.36405325,0.1062812,0.20777204935913085,4
2026-09-01,OFSS,66,1,0.09369524772099327,0.32437989115715027,0.33085346,0.10628119999999998,0.17457226221923833,4
2026-09-01,OFSS,67,1,0.08112344255643215,0.33691054582595825,0.49476624,0.1062812,0.3384850353515625,4
2026-09-01,OIL,3,1,0.05203030930952509,0.4945180118083954,-0.28700233,0.10628119999999998,-0.44328352505798335,4
2026-09-01,OIL,4,1,0.10727194147230051,0.4288504123687744,-0.24623275,0.1062812,-0.4025139480316162,4
2026-09-01,OIL,5,1,0.0591898150722951,0.38278862833976746,-0.3383577,0.10628119999999998,-0.4946388869964599,4
2026-09-01,OIL,7,1,0.09330953483254778,0.34968724846839905,0.7300019,0.1062812,0.5737207264221191,4
2026-09-01,OIL,8,1,0.0757094243083659,0.3325117230415344,0.62731504,0.10628119999999998,0.4710338444030762,4
2026-09-01,OIL,9,1,0.06300672598581752,0.31192144751548767,0.83384514,0.1062812,0.6775639385498047,4
2026-09-01,OIL,10,1,0.06292929962056143,0.3009127676486969,0.69880486,0.1062812,0.5425236553466797,4
2026-09-01,OIL,11,1,0.06684581511849494,0.29312002658843994,0.61683655,0.1062812,0.46055534785156255,4
2026-09-01,OIL,19,-1,-0.05117069022818295,0.233665332198143,-0.08177757,0.1062812,-0.23805877263183595,4
2026-09-01,OIL,20,-1,-0.0473611254984783,0.23088596761226654,-0.18404722,0.10628119999999998,-0.3403284221374511,4
2026-09-01,OIL,22,-1,-0.06386065170621756,0.23591060936450958,0.16309619,0.1062812,0.006814989498901358,4
2026-09-01,OIL,42,-1,-0.0412922156210149,0.14935550093650818,-0.07135868,0.10628119999999998,-0.2276398807250976,4
2026-09-01,OIL,54,-1,-0.06001347143819002,0.13414113223552704,0.23345351,0.1062812,0.07717231219177244,4
2026-09-01,OIL,55,-1,-0.28897834943696216,0.13708341121673584,0.18283129,0.1062812,0.026550087384033194,4
2026-09-01,OIL,57,-1,-0.16159414458004442,0.13429151475429535,0.081282854,0.1062812,-0.07499834591979981,4
2026-09-01,ONGC,3,1,0.05790773668640182,0.39301207661628723,0.046992302,0.10628119999999998,-0.10928889805908201,4
2026-09-01,ONGC,4,1,0.11095733856029544,0.3352144658565521,-0.0042796135,0.10628119999999998,-0.16056081349487303,4
2026-09-01,ONGC,5,1,0.04942825757666971,0.2998836636543274,-0.13249516,0.1062812,-0.28877636487121583,4
2026-09-01,ONGC,7,1,0.06497880383376677,0.2590671479701996,0.2355218,0.1062812,0.07924059336547849,4
2026-09-01,ONGC,19,-1,-0.05555183526378281,0.13752032816410065,-0.47374964,0.1062812,-0.6300308376037598,4
2026-09-01,ONGC,20,-1,-0.052955523376419254,0.13685192167758942,-0.35842657,0.1062812,-0.514707770892334,4
2026-09-01,ONGC,22,-1,-0.0633513966543853,0.13406312465667725,-0.33272505,0.1062812,-0.48900624806518556,4
2026-09-01,ONGC,42,-1,-0.04553766486840399,0.11011801660060883,0.033980608,0.10628119999999998,-0.12230059201354979,4
2026-09-01,ONGC,54,-1,-0.06196174405481071,0.10203340649604797,0.063586235,0.1062812,-0.09269496495361329,4
2026-09-01,ONGC,55,-1,-0.2907730751619311,0.11269728094339371,-0.029695034,0.10628119999999998,-0.18597623402709956,4
2026-09-01,ONGC,56,-1,-0.04175015819528455,0.11665010452270508,-0.050878525,0.1062812,-0.20715972478027345,4
2026-09-01,ONGC,57,-1,-0.16170338446522423,0.12342574447393417,-0.14010668,0.1062812,-0.2963878780090332,4
2026-09-01,PAGEIND,3,1,0.05539827986454746,0.3259955048561096,-0.09815097,0.1062812,-0.25443216855163575,4
2026-09-01,PAGEIND,4,1,0.0926508793373091,0.3002665936946869,-0.12612343,0.1062812,-0.28240462834472657,4
2026-09-01,PAGEIND,7,1,0.06956388459900906,0.2846499979496002,0.2529502,0.10628119999999998,0.09666899149780277,4
2026-09-01,PAGEIND,8,1,0.05206220115748513,0.2776607871055603,0.32303333,0.10628119999999998,0.16675213282470708,4
2026-09-01,PAGEIND,9,1,0.0639412431890042,0.26134607195854187,0.29511452,0.10628119999999998,0.1388333172119141,4
2026-09-01,PAGEIND,11,1,0.048021101981964964,0.24320659041404724,-0.04208088,0.1062812,-0.1983620792114258,4
2026-09-01,PAGEIND,19,-1,-0.061677573557422705,0.16806723177433014,0.29399395,0.1062812,0.1377127498901367,4
2026-09-01,PAGEIND,20,-1,-0.05573689717940406,0.17009185254573822,0.14007688,0.1062812,-0.0162043243133545,4
2026-09-01,PAGEIND,21,-1,-0.048728731924496844,0.1591750979423523,0.12614131,0.10628119999999998,-0.0301398902618408,4
2026-09-01,PAGEIND,22,-1,-0.06574649720095292,0.14918498694896698,0.12615919,0.1062812,-0.030122008868408212,4
2026-09-01,PAGEIND,39,-1,-0.04940374921890001,0.12120119482278824,-0.05609989,0.10628119999999998,-0.2123810916625976,4
2026-09-01,PAGEIND,42,-1,-0.10230784565780107,0.13713164627552032,0.098091364,0.1062812,-0.05818983609313966,4
2026-09-01,PAGEIND,54,-1,-0.07480699919761197,0.12434568256139755,0.350976,0.1062812,0.19469479029541015,4
2026-09-01,PAGEIND,55,-1,-0.31223323922470064,0.12824879586696625,0.46283603,0.10628119999999998,0.3065548271453858,4
2026-09-01,PAGEIND,56,-1,-0.04982385286712095,0.12116721272468567,0.58881044,0.10628119999999998,0.4325292438781739,4
2026-09-01,PAGEIND,57,-1,-0.19203774371740773,0.12726470828056335,0.60350895,0.1062812,0.44722774927978515,4
2026-09-01,PATANJALI,3,1,0.052673281531612284,0.36435699462890625,-0.25973916,0.1062812,-0.41602036053771974,4
2026-09-01,PATANJALI,4,1,0.10828073776067348,0.323511004447937,-0.07220507,0.1062812,-0.2284862666809082,4
2026-09-01,PATANJALI,5,1,0.05869925686399518,0.3345358073711395,0.05776882,0.1062812,-0.09851237828369142,4
2026-09-01,PATANJALI,7,1,0.08604463747816313,0.323383092880249,0.21679401,0.1062812,0.06051281397705077,4
2026-09-01,PATANJALI,8,1,0.05121247428333695,0.30788296461105347,0.0,0.1062812,-0.1562812,4
2026-09-01,PATANJALI,9,1,0.05401721653501853,0.29717129468917847,-0.028854609,0.1062812,-0.1851358085357666,4
2026-09-01,PATANJALI,10,1,0.06751287220780383,0.30776387453079224,0.2459526,0.10628120000000002,0.08967140620117185,4
2026-09-01,PATANJALI,11,1,0.06702728399556847,0.3143053352832794,0.13004541,0.1062812,-0.026235786029052743,4
2026-09-01,PATANJALI,19,-1,-0.0543517697010719,0.20717352628707886,0.057721138,0.1062812,-0.09856006199951173,4
2026-09-01,PATANJALI,20,-1,-0.052852204780397385,0.20461003482341766,0.38865805,0.1062812,0.2323768467224121,4
2026-09-01,PATANJALI,22,-1,-0.059452863039660894,0.1914641410112381,0.37469864,0.1062812,0.21841743891601562,4
2026-09-01,PATANJALI,42,-1,-0.043765362493746275,0.11360882967710495,0.23131967,0.1062812,0.07503846590881345,4
2026-09-01,PATANJALI,54,-1,-0.059733758132717744,0.11923707276582718,0.17419457,0.1062812,0.017913374356079093,4
2026-09-01,PATANJALI,55,-1,-0.28837409667173164,0.13392819464206696,-0.043606758,0.1062812,-0.1998879581176758,4
2026-09-01,PATANJALI,57,-1,-0.16219350439199856,0.135005384683609,0.23262501,0.1062812,0.07634380762939451,4
2026-09-01,PAYTM,3,1,0.07357695921543295,0.928941547870636,0.6578207,0.1062812,0.5015395015991211,4
2026-09-01,PAYTM,4,1,0.12702555751631528,0.8724428415298462,0.3368616,0.10628119999999998,0.1805804104125977,4
2026-09-01,PAYTM,7,1,0.08385236839711588,0.702694296836853,0.32405853,0.1062812,0.16777733271484374,4
2026-09-01,PAYTM,8,1,0.08005113924350964,0.6348068118095398,0.07201433,0.1062812,-0.08426686818237306,4
2026-09-01,PAYTM,9,1,0.0877399098329119,0.5950457453727722,0.08997917,0.10628120000000002,-0.06630202824707034,4
2026-09-01,PAYTM,10,1,0.09402170757118325,0.5581325888633728,-0.5275786,0.10628119999999998,-0.683859792300415,4
2026-09-01,PAYTM,11,1,0.09711226099813032,0.5195843577384949,-0.9293139,0.1062812,-1.0855950980865479,4
2026-09-01,PAYTM,12,1,0.05230968598122937,0.49171391129493713,-0.49130917,0.10628119999999998,-0.6475903659545899,4
2026-09-01,PAYTM,19,-1,-0.04265542488838563,0.30364012718200684,0.15658736,0.10628120000000002,0.00030616228942868806,4
2026-09-01,PAYTM,22,-1,-0.05389048174767817,0.30493006110191345,0.5180061,0.1062812,0.3617248863494873,4
2026-09-01,PAYTM,39,-1,-0.043960375465144204,0.24154987931251526,0.066781044,0.1062812,-0.08950015599365235,4
2026-09-01,PAYTM,42,-1,-0.10977985505772744,0.1945246160030365,0.2790928,0.1062812,0.12281158869628904,4
2026-09-01,PAYTM,54,-1,-0.06408725411087392,0.18441563844680786,0.77689886,0.1062812,0.6206176609313965,4
2026-09-01,PAYTM,55,-1,-0.3213485490175073,0.19906999170780182,0.2762437,0.1062812,0.11996248667602537,4
2026-09-01,PAYTM,56,-1,-0.04193924613732414,0.2039557844400406,0.17194152,0.1062812,0.015660318783569327,4
2026-09-01,PAYTM,57,-1,-0.1827119054266809,0.22270473837852478,0.0800848,0.10628119999999998,-0.07619639927978514,4
2026-09-01,PAYTM,64,1,0.060778980060998924,0.31840983033180237,0.154078,0.1062812,-0.0022031932556152434,4
2026-09-01,PAYTM,65,1,0.06367277818801903,0.32072994112968445,0.2220273,0.10628119999999998,0.0657461017883301,4
2026-09-01,PAYTM,66,1,0.06309363023248604,0.31819403171539307,0.12322664,0.1062812,-0.03305455739135743,4
2026-09-01,PAYTM,67,1,0.05748537241752299,0.30455097556114197,0.6779671,0.1062812,0.5216858715332031,4
2026-09-01,PERSISTENT,3,1,0.05693003736155624,0.5950289964675903,-0.34255385,0.1062812,-0.49883505398864747,4
2026-09-01,PERSISTENT,4,1,0.11547410119593446,0.5533039569854736,0.09688139,0.10628119999999998,-0.05939981038208006,4
2026-09-01,PERSISTENT,5,1,0.06658376424406091,0.5359246134757996,0.8040309,0.10628119999999998,0.6477496952331543,4
2026-09-01,PERSISTENT,7,1,0.08422798908662986,0.4542440176010132,0.928545,0.1062812,0.7722637981689453,4
2026-09-01,PERSISTENT,8,1,0.06692495304136648,0.42402827739715576,0.9099722,0.1062812,0.7536909908569336,4
2026-09-01,PERSISTENT,9,1,0.06851380504671593,0.40063536167144775,0.7145405,0.1062812,0.5582592815673828,4
2026-09-01,PERSISTENT,10,1,0.06748043964055511,0.3829944133758545,1.0925055,0.10628120000000002,0.9362242550170898,4
2026-09-01,PERSISTENT,11,1,0.06858409051661775,0.3798210918903351,0.85304976,0.1062812,0.6967685550964355,4
2026-09-01,PERSISTENT,19,-1,-0.04193888409442459,0.273145854473114,-0.052261353,0.1062812,-0.2085425525390625,4
2026-09-01,PERSISTENT,22,-1,-0.04934037727367646,0.28474652767181396,-0.043416023,0.1062812,-0.19969722325439454,4
2026-09-01,PERSISTENT,54,-1,-0.0547658969011858,0.2008579820394516,0.24286509,0.10628119999999998,0.08658388560180667,4
2026-09-01,PERSISTENT,55,-1,-0.2853737645148542,0.20044681429862976,-0.2519369,0.1062812,-0.4082181125366211,4
2026-09-01,PERSISTENT,57,-1,-0.15058814245632668,0.22186240553855896,0.27688742,0.1062812,0.12060621683959959,4
2026-09-01,PERSISTENT,64,1,0.07184571608847622,0.26526185870170593,0.18225908,0.1062812,0.025977882794189444,4
2026-09-01,PERSISTENT,65,1,0.06358788850303693,0.2591540813446045,0.16487837,0.10628119999999998,0.008597168377685566,4
2026-09-01,PERSISTENT,67,1,0.06519716722796713,0.2622540295124054,0.6769657,0.1062812,0.5206845135009766,4
2026-09-01,PETRONET,3,1,0.04314063227657637,0.7441741228103638,0.08509159,0.1062812,-0.07118960911865235,4
2026-09-01,PETRONET,4,1,0.11019296027897228,0.6269173622131348,0.11925697,0.1062812,-0.037024226733398446,4
2026-09-01,PETRONET,7,1,0.04977877613426035,0.47471022605895996,0.0,0.1062812,-0.1562812,4
2026-09-01,PETRONET,8,1,0.05064341011376804,0.4351363182067871,-0.11920929,0.1062812,-0.27549048955078126,4
2026-09-01,PETRONET,9,1,0.07882866281217193,0.43188780546188354,0.30721426,0.10628119999999998,0.1509330601013184,4
2026-09-01,PETRONET,10,1,0.06362833328468293,0.4359186589717865,-0.18695593,0.1062812,-0.34323712880249024,4
2026-09-01,PETRONET,11,1,0.06658492557666124,0.41687968373298645,-0.05105138,0.1062812,-0.20733257825012208,4
2026-09-01,PETRONET,16,-1,-0.042434552509225516,0.23700211942195892,0.11904836,0.1062812,-0.037232842990112314,4
2026-09-01,PETRONET,18,-1,-0.04758323848414242,0.21405507624149323,0.1362145,0.10628119999999998,-0.020066705294799786,4
2026-09-01,PETRONET,19,-1,-0.07032144929444074,0.2092619091272354,-0.06811619,0.10628119999999998,-0.22439738804931636,4
2026-09-01,PETRONET,20,-1,-0.08294946652585147,0.20064279437065125,0.017017126,0.1062812,-0.13926407391662599,4
2026-09-01,PETRONET,21,-1,-0.07586492932641298,0.1934458315372467,0.1021564,0.10628119999999998,-0.05412479931945799,4
2026-09-01,PETRONET,22,-1,-0.09835842162696412,0.19564597308635712,0.3231883,0.1062812,0.16690710490112304,4
2026-09-01,PETRONET,26,-1,-0.06761599185735497,0.16407862305641174,0.44240952,0.1062812,0.28612831538085937,4
2026-09-01,PETRONET,27,-1,-0.04731240292787662,0.15927095711231232,0.40837526,0.1062812,0.2520940632141113,4
2026-09-01,PETRONET,28,-1,-0.0554269152383363,0.1667926162481308,0.30664206,0.1062812,0.1503608555114746,4
2026-09-01,PETRONET,32,-1,-0.0633040126582877,0.15366272628307343,0.068330765,0.1062812,-0.0879504352294922,4
2026-09-01,PETRONET,39,-1,-0.0775796853397443,0.14041514694690704,-0.034189224,0.1062812,-0.19047042424316407,4
2026-09-01,PETRONET,40,-1,-0.04506767586150845,0.12576372921466827,0.034201145,0.1062812,-0.12208005482788087,4
2026-09-01,PETRONET,41,-1,-0.04754132566481779,0.1281401664018631,0.1537621,0.10628119999999998,-0.002519097872924786,4
2026-09-01,PETRONET,42,-1,-0.12727098523596211,0.12334339320659637,0.034201145,0.1062812,-0.12208005482788087,4
2026-09-01,PETRONET,43,-1,-0.05623725888117833,0.11841777712106705,0.15385151,0.1062812,-0.0024296909057617277,4
2026-09-01,PETRONET,44,-1,-0.04367831874834198,0.11355371028184891,-0.085532665,0.1062812,-0.24181386525268556,4
2026-09-01,PETRONET,45,-1,-0.04405708410544603,0.10744870454072952,0.11970401,0.1062812,-0.03657719189758302,4
2026-09-01,PETRONET,53,-1,-0.053206777165606914,0.11240912973880768,0.42764544,0.1062812,0.2713642448699951,4
2026-09-01,PETRONET,54,-1,-0.09116597264323134,0.11491116881370544,0.37652254,0.1062812,0.22024134104614257,4
2026-09-01,PETRONET,55,-1,-0.32176707387888775,0.12964744865894318,0.3081143,0.1062812,0.15183309023742675,4
2026-09-01,PETRONET,56,-1,-0.06264485487279663,0.13345368206501007,0.22271276,0.10628119999999998,0.06643155520324709,4
2026-09-01,PETRONET,57,-1,-0.18644490379413917,0.14342117309570312,0.06862879,0.1062812,-0.08765241200561524,4
2026-09-01,PETRONET,61,-1,-0.046288776899890006,0.14479729533195496,-0.10308027,0.1062812,-0.25936147267456056,4
2026-09-01,PFC,3,1,0.05739236925008973,0.6355639696121216,-0.46222806,0.1062812,-0.6185092597686768,4
2026-09-01,PFC,4,1,0.11628516316985665,0.6064130067825317,0.04352331,0.1062812,-0.11275788838500977,4
2026-09-01,PFC,5,1,0.08387452308870534,0.5575757622718811,0.2909541,0.10628120000000002,0.1346729130065918,4
2026-09-01,PFC,6,1,0.0433712217093818,0.5087209343910217,0.276196,0.1062812,0.11991480296020506,4
2026-09-01,PFC,7,1,0.09061235279016788,0.4597322940826416,0.29073954,0.1062812,0.13445833628540038,4
2026-09-01,PFC,8,1,0.07067814936624477,0.43392637372016907,0.13062954,0.10628119999999998,-0.025651660510253887,4
2026-09-01,PFC,9,1,0.07153964388539974,0.41195186972618103,0.29002428,0.1062812,0.1337430805480957,4
2026-09-01,PFC,10,1,0.06987405362339097,0.3931336998939514,0.18862486,0.10628120000000002,0.03234365885620115,4
2026-09-01,PFC,11,1,0.0693054330333613,0.37582072615623474,0.05800724,0.1062812,-0.09827395970458985,4
2026-09-01,PFC,19,-1,-0.04650502534325166,0.19956083595752716,-0.14475584,0.1062812,-0.3010370403015137,4
2026-09-01,PFC,20,-1,-0.04876269623166127,0.1925184428691864,-0.057947636,0.1062812,-0.21422883565063477,4
2026-09-01,PFC,22,-1,-0.053571262088843954,0.18946832418441772,-0.13051033,0.1062812,-0.2867915302001953,4
2026-09-01,PFC,42,-1,-0.04243034136472894,0.1651766300201416,0.11560321,0.10628119999999998,-0.040677991458129864,4
2026-09-01,PFC,54,-1,-0.06266962385302137,0.1260761171579361,-0.08679628,0.10628120000000002,-0.24307748372192384,4
2026-09-01,PFC,55,-1,-0.29072937629825496,0.13114824891090393,-0.14463663,0.10628119999999998,-0.30091783101196284,4
2026-09-01,PFC,56,-1,-0.041612141022857485,0.13599693775177002,0.2163589,0.10628119999999998,0.06007770007019045,4
2026-09-01,PFC,57,-1,-0.16165968560154803,0.1424248218536377,0.18780231,0.1062812,0.03152111475830077,4
2026-09-01,PHOENIXLTD,3,1,0.05262712158168993,0.39521944522857666,-0.44728518,0.1062812,-0.6035663753234863,4
2026-09-01,PHOENIXLTD,4,1,0.10957401719061645,0.3740696310997009,-0.4092753,0.1062812,-0.5655564933502197,4
2026-09-01,PHOENIXLTD,7,1,0.091048286109421,0.3303523659706116,0.24559498,0.1062812,0.08931377833251951,4
2026-09-01,PHOENIXLTD,8,1,0.06636268963639036,0.31216973066329956,0.25629997,0.1062812,0.10001877253417966,4
2026-09-01,PHOENIXLTD,9,1,0.07255871112049705,0.308474063873291,0.43284893,0.10628119999999998,0.27656773035888677,4
2026-09-01,PHOENIXLTD,10,1,0.07826261594788306,0.2941811680793762,0.45440197,0.1062812,0.29812076990966796,4
2026-09-01,PHOENIXLTD,11,1,0.07950853609833314,0.29220345616340637,0.2935171,0.1062812,0.13723591273193358,4
2026-09-01,PHOENIXLTD,12,1,0.042126669838684926,0.298564612865448,-0.17011762,0.10628119999999998,-0.32639881665344234,4
2026-09-01,PHOENIXLTD,19,-1,-0.05117681025423814,0.2529560327529907,-0.33020973,0.1062812,-0.48649093205566407,4
2026-09-01,PHOENIXLTD,21,-1,-0.04424764748998971,0.2564735412597656,-0.15963316,0.1062812,-0.3159143596374512,4
2026-09-01,PHOENIXLTD,22,-1,-0.06455897854282067,0.2528218626976013,-0.12238026,0.1062812,-0.27866145665283204,4
2026-09-01,PHOENIXLTD,39,-1,-0.05138150230158581,0.1441667377948761,-0.25957823,0.1062812,-0.4158594279968262,4
2026-09-01,PHOENIXLTD,42,-1,-0.10652109085508607,0.15101224184036255,0.43340325,0.10628119999999998,0.2771220535552979,4
2026-09-01,PHOENIXLTD,54,-1,-0.06397675652062115,0.1993720978498459,0.1698494,0.1062812,0.013568195751953116,4
2026-09-01,PHOENIXLTD,55,-1,-0.3144360020577158,0.19835056364536285,-0.15956163,0.10628120000000002,-0.3158428340637207,4
2026-09-01,PHOENIXLTD,56,-1,-0.04775034242182407,0.1993417739868164,-0.281775,0.10628119999999998,-0.4380561977111816,4
2026-09-01,PHOENIXLTD,57,-1,-0.1894354572235577,0.20059147477149963,-0.2291441,0.1062812,-0.3854252963745117,4
2026-09-01,PIDILITIND,3,1,0.0691213309319354,0.6740739345550537,-0.23682714,0.1062812,-0.3931083350860596,4
2026-09-01,PIDILITIND,4,1,0.1268076542438063,0.5723990201950073,-0.0364542,0.1062812,-0.19273540074462892,4
2026-09-01,PIDILITIND,7,1,0.10022294502886861,0.41762858629226685,0.0,0.1062812,-0.1562812,4
2026-09-01,PIDILITIND,8,1,0.0905163303619059,0.39648568630218506,-0.097346306,0.1062812,-0.253627505847168,4
2026-09-01,PIDILITIND,9,1,0.09670784930557177,0.3766331374645233,-0.012165308,0.1062812,-0.16844650799865724,4
2026-09-01,PIDILITIND,10,1,0.10356445446535496,0.3519260883331299,0.024354458,0.1062812,-0.1319267421447754,4
2026-09-01,PIDILITIND,11,1,0.10928792377531667,0.3348313868045807,-0.12760162,0.1062812,-0.28388282353515626,4
2026-09-01,PIDILITIND,12,1,0.06151061069020542,0.31967276334762573,0.0,0.10628119999999998,-0.15628119999999998,4
2026-09-01,PIDILITIND,19,-1,-0.061677573557422705,0.1325165033340454,-0.17031431,0.10628119999999998,-0.3265955119812011,4
2026-09-01,PIDILITIND,20,-1,-0.05281630779558488,0.12605297565460205,-0.16430616,0.1062812,-0.3205873637878418,4
2026-09-01,PIDILITIND,21,-1,-0.045592335871296026,0.12482525408267975,-0.27400255,0.10628119999999998,-0.43028375203247066,4
2026-09-01,PIDILITIND,22,-1,-0.06977308925497454,0.11520790308713913,-0.109529495,0.1062812,-0.2658106952392578,4
2026-09-01,PIDILITIND,39,-1,-0.05059915677378488,0.12428396195173264,-0.2616048,0.1062812,-0.41788598591918946,4
2026-09-01,PIDILITIND,42,-1,-0.10283013496207885,0.1296568363904953,-0.048565865,0.10628119999999998,-0.20484706456298823,4
2026-09-01,PIDILITIND,54,-1,-0.0729087069747058,0.11847081780433655,0.2794206,0.1062812,0.12313941424255369,4
2026-09-01,PIDILITIND,55,-1,-0.31641413370649163,0.1273277848958969,-0.07303953,0.1062812,-0.22932073170776368,4
2026-09-01,PIDILITIND,56,-1,-0.04715315308028067,0.12909701466560364,0.04862547,0.1062812,-0.10765573079223634,4
2026-09-01,PIDILITIND,57,-1,-0.1862322252877188,0.1293814480304718,0.10334253,0.1062812,-0.05293866688842774,4
2026-09-01,PIIND,3,1,0.052642760842768276,0.3755633533000946,-0.45554042,0.1062812,-0.6118216186248779,4
2026-09-01,PIIND,4,1,0.11352917341659702,0.3803292512893677,-0.12562871,0.1062812,-0.28190990979309083,4
2026-09-01,PIIND,5,1,0.07469203008881223,0.3742567300796509,0.22660494,0.1062812,0.07032373850708007,4
2026-09-01,PIIND,6,1,0.04520659640102741,0.3438149392604828,0.39857626,0.1062812,0.2422950596130371,4
2026-09-01,PIIND,7,1,0.09342362061272175,0.32726308703422546,0.7344961,0.1062812,0.5782149166381836,4
2026-09-01,PIIND,8,1,0.05210336248030091,0.3078128695487976,0.65933466,0.10628119999999998,0.503053459576416,4
2026-09-01,PIIND,9,1,0.087744948335635,0.3271714746952057,1.1628985,0.1062812,1.0066173404968262,4
2026-09-01,PIIND,10,1,0.07614474794737382,0.3366294801235199,0.60863495,0.1062812,0.4523537487304688,4
2026-09-01,PIIND,11,1,0.07133344899058343,0.32948917150497437,0.46533346,0.1062812,0.3090522617614746,4
2026-09-01,PIIND,19,-1,-0.05295657777782809,0.2392381727695465,0.45871735,0.1062812,0.30243614619140624,4
2026-09-01,PIIND,20,-1,-0.044943053212808864,0.24085842072963715,0.5590856,0.1062812,0.4028044075286865,4
2026-09-01,PIIND,22,-1,-0.06287108324421585,0.23680710792541504,0.93293786,0.1062812,0.7766566604888916,4
2026-09-01,PIIND,42,-1,-0.04301560746235492,0.1757037490606308,-0.12152195,0.10628119999999998,-0.27780314976806636,4
2026-09-01,PIIND,54,-1,-0.05825377422299948,0.14413470029830933,-0.06296635,0.1062812,-0.21924754674072267,4
2026-09-01,PIIND,55,-1,-0.2873673686260118,0.1469484120607376,-0.12594461,0.1062812,-0.2822258144104004,4
2026-09-01,PIIND,56,-1,-0.04296348349945374,0.15567724406719208,0.14249086,0.1062812,-0.013790336199951181,4
2026-09-01,PIIND,57,-1,-0.16268015177455963,0.156401127576828,0.088089705,0.1062812,-0.0681914954864502,4
2026-09-01,PNB,3,1,0.052935571671147846,0.3827073276042938,-0.13917089,0.1062812,-0.2954520850860596,4
2026-09-01,PNB,4,1,0.10989599936926844,0.35200777649879456,0.11328459,0.1062812,-0.04299661213989259,4
2026-09-01,PNB,5,1,0.052606701659528535,0.31835946440696716,0.23549795,0.1062812,0.07921675150756834,4
2026-09-01,PNB,7,1,0.07324660441669938,0.2884190082550049,0.11320114,0.1062812,-0.043080058642578134,4
2026-09-01,PNB,8,1,0.05121247428333695,0.26885607838630676,0.0,0.1062812,-0.1562812,4
2026-09-01,PNB,10,1,0.04171909409920007,0.2494240701198578,-0.05223751,0.1062812,-0.20851871068115235,4
2026-09-01,PNB,19,-1,-0.05590904581454332,0.12673063576221466,-0.81760883,0.1062812,-0.9738900333129883,4
2026-09-01,PNB,20,-1,-0.052957128484992816,0.11425615847110748,-0.7388115,0.10628119999999998,-0.8950926929199219,4
2026-09-01,PNB,22,-1,-0.06269636384181305,0.12448762357234955,-0.29495955,0.1062812,-0.45124074513549806,4
2026-09-01,PNB,42,-1,-0.04547331641654551,0.14169062674045563,0.24069548,0.10628119999999998,0.08441427653198245,4
2026-09-01,PNB,54,-1,-0.057137958383143096,0.15934742987155914,0.79571605,0.1062812,0.6394348472869873,4
2026-09-01,PNB,55,-1,-0.2889139864137882,0.17284108698368073,0.5290091,0.1062812,0.3727279037750244,4
2026-09-01,PNB,57,-1,-0.16965469159838423,0.18267333507537842,0.16528368,0.10628119999999998,0.009002479962158222,4
2026-09-01,POLICYBZR,3,1,0.05243134167465935,0.731733500957489,0.3959179,0.10628119999999998,0.23963669245605473,4
2026-09-01,POLICYBZR,4,1,0.11104451576333392,0.6553232669830322,0.19763708,0.1062812,0.041355881146240225,4
2026-09-01,POLICYBZR,7,1,0.07869390976553085,0.5240423679351807,0.82463026,0.1062812,0.6683490604675293,4
2026-09-01,POLICYBZR,8,1,0.06848120270711273,0.48988160490989685,0.7630706,0.10628119999999998,0.6067893833435059,4
2026-09-01,POLICYBZR,9,1,0.07744943092098305,0.4630891680717468,0.52080154,0.1062812,0.3645203441894531,4
2026-09-01,POLICYBZR,10,1,0.0793425200693081,0.4406530559062958,0.57014227,0.1062812,0.4138610691345215,4
2026-09-01,POLICYBZR,11,1,0.0850659893792698,0.4191547930240631,0.4713893,0.1062812,0.3151080936706543,4
2026-09-01,POLICYBZR,12,1,0.04786482587354613,0.42504236102104187,0.15804768,0.10628119999999998,0.0017664760864258,4
2026-09-01,POLICYBZR,19,-1,-0.0662386240092147,0.24059587717056274,-0.1904726,0.1062812,-0.3467538028442383,4
2026-09-01,POLICYBZR,20,-1,-0.0588103147933289,0.2305784672498703,-0.42464733,0.10628119999999998,-0.580928531237793,4
2026-09-01,POLICYBZR,21,-1,-0.05262520253181645,0.21767570078372955,-0.24490356,0.1062812,-0.401184764453125,4
2026-09-01,POLICYBZR,22,-1,-0.06609987455447039,0.2317320704460144,-0.22854805,0.1062812,-0.3848292499267578,4
2026-09-01,POLICYBZR,26,-1,-0.0446750442236399,0.20951393246650696,-0.09777546,0.1062812,-0.2540566592895508,4
2026-09-01,POLICYBZR,39,-1,-0.04634029645737626,0.17818237841129303,0.027167797,0.1062812,-0.12911340291137696,4
2026-09-01,POLICYBZR,42,-1,-0.10341551366356559,0.14834721386432648,-0.2826929,0.1062812,-0.43897410924072267,4
2026-09-01,POLICYBZR,54,-1,-0.07348105429618774,0.16718588769435883,0.076031685,0.10628120000000002,-0.08024951512451174,4
2026-09-01,POLICYBZR,55,-1,-0.3172828526362306,0.18745800852775574,-0.353992,0.10628119999999998,-0.5102731853210449,4
2026-09-01,POLICYBZR,56,-1,-0.0479318112988976,0.19685985147953033,-0.04889965,0.10628119999999998,-0.20518085057373042,4
2026-09-01,POLICYBZR,57,-1,-0.1933030857848833,0.1882968544960022,-0.08150339,0.10628119999999998,-0.2377845912658691,4
2026-09-01,POLYCAB,3,1,0.044815595477441954,0.5585748553276062,-0.32398105,0.10628119999999998,-0.4802622466766357,4
2026-09-01,POLYCAB,4,1,0.08739460967044335,0.5493119955062866,-0.6742656,0.1062812,-0.8305468230926514,4
2026-09-01,POLYCAB,7,1,0.08295574802782085,0.4779614210128784,-0.22047162,0.1062812,-0.3767528205596924,4
2026-09-01,POLYCAB,8,1,0.0783812853343736,0.44522833824157715,-0.53464174,0.1062812,-0.6909229427062988,4
2026-09-01,POLYCAB,9,1,0.08103463543756956,0.41864052414894104,-0.6061971,0.1062812,-0.7624783187591553,4
2026-09-01,POLYCAB,10,1,0.06456124724625788,0.3871349096298218,-0.7053137,0.1062812,-0.8615948825561524,4
2026-09-01,POLYCAB,11,1,0.08345521110367216,0.38311532139778137,-0.13246536,0.1062812,-0.28874656254882813,4
2026-09-01,POLYCAB,12,1,0.06347395327957021,0.3763859272003174,0.049757957,0.1062812,-0.10652324254150392,4
2026-09-01,POLYCAB,19,-1,-0.07518311095753566,0.26446256041526794,-0.30400753,0.10628119999999998,-0.4602887302124023,4
2026-09-01,POLYCAB,20,-1,-0.06865664945034237,0.25688043236732483,-0.29329062,0.1062812,-0.4495718150817871,4
2026-09-01,POLYCAB,21,-1,-0.06000973764056939,0.23904350399971008,-0.24346113,0.1062812,-0.39974233204956056,4
2026-09-01,POLYCAB,22,-1,-0.08970716515329014,0.2423180490732193,-0.0718236,0.1062812,-0.2281047969543457,4
2026-09-01,POLYCAB,25,-1,-0.06239930203489842,0.22727631032466888,0.16543269,0.1062812,0.00915149157409667,4
2026-09-01,POLYCAB,26,-1,-0.06761599185735497,0.21648599207401276,0.4407227,0.1062812,0.2844415039337158,4
2026-09-01,POLYCAB,28,-1,-0.041507723899778276,0.20777644217014313,0.22636652,0.1062812,0.0700853199279785,4
2026-09-01,POLYCAB,32,-1,-0.06571876863069605,0.17360015213489532,0.60766935,0.1062812,0.45138815348510747,4
2026-09-01,POLYCAB,34,-1,-0.043349120486846596,0.1766742616891861,0.3209412,0.1062812,0.1646600097930908,4
2026-09-01,POLYCAB,39,-1,-0.05939276456693201,0.19095788896083832,-0.01667738,0.10628119999999995,-0.17295857960815425,4
2026-09-01,POLYCAB,40,-1,-0.041048520712631716,0.2003706395626068,0.27725697,0.1062812,0.12097576563720701,4
2026-09-01,POLYCAB,41,-1,-0.044177354683121776,0.20222367346286774,0.1720488,0.1062812,0.01576760714416503,4
2026-09-01,POLYCAB,42,-1,-0.12840110499136412,0.20645928382873535,0.19413233,0.10628119999999998,0.037851128033447284,4
2026-09-01,POLYCAB,50,-1,-0.04407878671620697,0.1787203550338745,0.8229077,0.10628119999999998,0.6666264862335205,4
2026-09-01,POLYCAB,54,-1,-0.06767404727481123,0.1715821623802185,0.25197268,0.10628119999999998,0.09569147532348636,4
2026-09-01,POLYCAB,55,-1,-0.3090158585453393,0.18931038677692413,-0.39315224,0.1062812,-0.5494334369384766,4
2026-09-01,POLYCAB,56,-1,-0.0525241107297765,0.20618639886379242,-0.14013052,0.1062812,-0.29641171986694337,4
2026-09-01,POLYCAB,57,-1,-0.2012104343208793,0.21023714542388916,-0.16820431,0.1062812,-0.32448550755615235,4
2026-09-01,POLYCAB,58,-1,-0.04147414253718848,0.20261719822883606,0.005608797,0.10628119999999998,-0.15067240292663572,4
2026-09-01,POWERGRID,3,1,0.05853291822824946,0.4235686659812927,-0.1332581,0.1062812,-0.28953930432434083,4
2026-09-01,POWERGRID,4,1,0.11090643325806088,0.3697355389595032,-0.019067526,0.1062812,-0.17534872586364747,4
2026-09-01,POWERGRID,5,1,0.07190530916311712,0.3500063717365265,0.13364553,0.1062812,-0.02263566548461915,4
2026-09-01,POWERGRID,7,1,0.08954400034332662,0.3283209800720215,-0.095164776,0.1062812,-0.2514459758483887,4
2026-09-01,POWERGRID,8,1,0.056419340756844016,0.3200652003288269,0.17168522,0.1062812,0.015404018811035147,4
2026-09-01,POWERGRID,9,1,0.06381916993291344,0.308749258518219,0.07619858,0.10628119999999998,-0.0800826221191406,4
2026-09-01,POWERGRID,10,1,0.06860859476059152,0.2945978343486786,0.13344288,0.10628119999999998,-0.02283832127685545,4
2026-09-01,POWERGRID,11,1,0.06718302090736544,0.27957868576049805,0.057172775,0.1062812,-0.09910842473144532,4
2026-09-01,POWERGRID,19,-1,-0.05590904581454332,0.1508476883172989,-0.19022226,0.1062812,-0.34650346333618165,4
2026-09-01,POWERGRID,20,-1,-0.049451844678834594,0.1332823932170868,-0.17135143,0.1062812,-0.327632632800293,4
2026-09-01,POWERGRID,22,-1,-0.06256712235413288,0.11419820040464401,-0.11419058,0.1062812,-0.27047177846069337,4
2026-09-01,POWERGRID,54,-1,-0.06054893746707454,0.11934128403663635,0.13290644,0.1062812,-0.023374763079833993,4
2026-09-01,POWERGRID,55,-1,-0.28752297817977146,0.12764835357666016,-0.0,0.1062812,-0.1562812,4
2026-09-01,POWERGRID,57,-1,-0.166723953906304,0.12345729023218155,0.18985868,0.1062812,0.03357747500305175,4
2026-09-01,POWERINDIA,3,1,0.04552385536836146,1.180109977722168,0.06108284,0.1062812,-0.0951983600341797,4
2026-09-01,POWERINDIA,4,1,0.11347968142825324,1.0375343561172485,-0.1067698,0.1062812,-0.26305100018615724,4
2026-09-01,POWERINDIA,7,1,0.07537726485503775,0.7577492594718933,0.21377802,0.1062812,0.05749681895141601,4
2026-09-01,POWERINDIA,8,1,0.06181190003537564,0.6935965418815613,0.061047077,0.10628119999999998,-0.0952341228210449,4
2026-09-01,POWERINDIA,9,1,0.0829017138445971,0.6520079374313354,0.07634163,0.1062812,-0.0799395709716797,4
2026-09-01,POWERINDIA,10,1,0.0711743896730692,0.6174381375312805,0.030529499,0.10628119999999998,-0.1257517009460449,4
2026-09-01,POWERINDIA,11,1,0.0890438141399657,0.5802412629127502,0.13742447,0.1062812,-0.018856731005859384,4
2026-09-01,POWERINDIA,12,1,0.04297644605318362,0.5446712374687195,0.22890568,0.1062812,0.07262447779541015,4
2026-09-01,POWERINDIA,18,-1,-0.04729277757076658,0.20258790254592896,0.13688207,0.10628119999999998,-0.01939913327331541,4
2026-09-01,POWERINDIA,19,-1,-0.0908336596734307,0.2022794485092163,0.045681,0.1062812,-0.11060020024414063,4
2026-09-01,POWERINDIA,20,-1,-0.08459278789967917,0.18819895386695862,0.030475855,0.1062812,-0.12580534512634278,4
2026-09-01,POWERINDIA,21,-1,-0.07486796152514631,0.17636683583259583,-0.106692314,0.1062812,-0.2629735141479492,4
2026-09-01,POWERINDIA,22,-1,-0.09911496949633995,0.17291630804538727,-0.060904026,0.1062812,-0.21718522603149415,4
2026-09-01,POWERINDIA,24,-1,-0.04529235869118844,0.1532708704471588,0.12176633,0.1062812,-0.0345148711883545,4
2026-09-01,POWERINDIA,25,-1,-0.05189114588642114,0.15338757634162903,0.030457973,0.10628119999999998,-0.12582322651977537,4
2026-09-01,POWERINDIA,26,-1,-0.049210315028695696,0.15234613418579102,-0.0,0.1062812,-0.1562812,4
2026-09-01,POWERINDIA,28,-1,-0.05706577036350451,0.1392030566930771,-0.0,0.1062812,-0.1562812,4
2026-09-01,POWERINDIA,29,-1,-0.04187315638965629,0.14672636985778809,0.1673758,0.10628119999999998,0.011094602993774433,4
2026-09-01,POWERINDIA,30,-1,-0.04759415420896094,0.15655577182769775,0.21309257,0.1062812,0.056811365536499014,4
2026-09-01,POWERINDIA,31,-1,-0.0425509113050849,0.16218923032283783,0.1219511,0.1062812,-0.03433009678955079,4
2026-09-01,POWERINDIA,32,-1,-0.05546054300032845,0.1588752567768097,-0.030469894,0.1062812,-0.1867510944091797,4
2026-09-01,POWERINDIA,34,-1,-0.051856391668296135,0.14472882449626923,0.076174736,0.10628119999999998,-0.08010646397705076,4
2026-09-01,POWERINDIA,35,-1,-0.04228062459979084,0.15123490989208221,0.045681,0.1062812,-0.11060020024414063,4
2026-09-01,POWERINDIA,36,-1,-0.04135286649633335,0.14914973080158234,0.030481815,0.1062812,-0.12579938466186524,4
2026-09-01,POWERINDIA,39,-1,-0.08055327461403818,0.15880267322063446,0.19792914,0.1062812,0.04164794390563964,4
2026-09-01,POWERINDIA,40,-1,-0.049648538239966775,0.16100256145000458,0.19801855,0.1062812,0.041737350872802725,4
2026-09-01,POWERINDIA,41,-1,-0.044177354683121776,0.1622634083032608,0.15243888,0.1062812,-0.0038423209869384856,4
2026-09-01,POWERINDIA,42,-1,-0.12187636337171491,0.15561069548130035,0.22851825,0.10628119999999998,0.07223704760437014,4
2026-09-01,POWERINDIA,44,-1,-0.0505140219769863,0.1426176279783249,-0.030481815,0.1062812,-0.18676301533813477,4
2026-09-01,POWERINDIA,50,-1,-0.04580784747379107,0.14830970764160156,0.44261217,0.10628119999999998,0.28633097117309575,4
2026-09-01,POWERINDIA,52,-1,-0.045067619047356046,0.166644886136055,0.4422784,0.10628120000000002,0.2859971851623535,4
2026-09-01,POWERINDIA,53,-1,-0.04832032884055853,0.14601722359657288,0.47292113,0.10628120000000002,0.3166399330413818,4
2026-09-01,POWERINDIA,54,-1,-0.10214346255835154,0.138389453291893,0.5796194,0.1062812,0.4233382076538086,4
2026-09-01,POWERINDIA,55,-1,-0.32352259120578364,0.1584872603416443,0.1989901,0.10628119999999998,0.04270890658264162,4
2026-09-01,POWERINDIA,56,-1,-0.050685918549444584,0.1662401258945465,0.10713339,0.10628119999999998,-0.04914781148071287,4
2026-09-01,POWERINDIA,57,-1,-0.1799185850146012,0.1784892976284027,0.045990944,0.10628119999999998,-0.11029025609130857,4
2026-09-01,PRESTIGE,3,1,0.07105779003311626,0.7329443097114563,-0.89393854,0.10628120000000002,-1.0502197414123535,4
2026-09-01,PRESTIGE,4,1,0.13102781114442166,0.6376984119415283,-0.81799626,0.1062812,-0.9742774635040283,4
2026-09-01,PRESTIGE,5,1,0.06242956476034892,0.5972211956977844,-0.30125976,0.1062812,-0.45754095608825684,4
2026-09-01,PRESTIGE,7,1,0.0927510910028146,0.5456109642982483,0.5279064,0.1062812,0.3716252178466797,4
2026-09-01,PRESTIGE,8,1,0.07689308660746497,0.533165454864502,0.6393671,0.1062812,0.4830859035766602,4
2026-09-01,PRESTIGE,9,1,0.08216339644618964,0.5070865154266357,0.37391186,0.10628120000000002,0.21763065760498046,4
2026-09-01,PRESTIGE,10,1,0.08507754416042042,0.4890727400779724,0.26414394,0.10628120000000002,0.10786274378662107,4
2026-09-01,PRESTIGE,11,1,0.08161504096754946,0.46552810072898865,0.36725998,0.1062812,0.21097877924804687,4
2026-09-01,PRESTIGE,19,-1,-0.07379953860554073,0.3150605857372284,0.0320673,0.1062812,-0.12421390111083985,4
2026-09-01,PRESTIGE,20,-1,-0.059194925037548585,0.2877321243286133,-0.02565384,0.1062812,-0.18193503911132813,4
2026-09-01,PRESTIGE,22,-1,-0.062077659308368255,0.28797340393066406,0.109148026,0.1062812,-0.047133174487304696,4
2026-09-01,PRESTIGE,30,-1,-0.04524867556306001,0.24496504664421082,-0.064098835,0.10628119999999998,-0.22038003499145503,4
2026-09-01,PRESTIGE,31,-1,-0.04648107568131779,0.23327890038490295,-0.17937422,0.10628119999999998,-0.3356554179870605,4
2026-09-01,PRESTIGE,32,-1,-0.05690490833118995,0.2440374195575714,-0.2559185,0.10628119999999998,-0.41219970280761714,4
2026-09-01,PRESTIGE,34,-1,-0.04561483230941256,0.2483334094285965,0.031912327,0.1062812,-0.12436887318725587,4
2026-09-01,PRESTIGE,39,-1,-0.07107628074002766,0.25617682933807373,0.02552867,0.1062812,-0.1307525306427002,4
2026-09-01,PRESTIGE,41,-1,-0.041747914555508504,0.2540111541748047,0.19156933,0.10628119999999998,0.03528812830810549,4
2026-09-01,PRESTIGE,42,-1,-0.11268244158701561,0.24311278760433197,0.02554655,0.10628119999999998,-0.13073464924926756,4
2026-09-01,PRESTIGE,43,-1,-0.057496390122915936,0.23668164014816284,-0.13408661,0.1062812,-0.29036780888671876,4
2026-09-01,PRESTIGE,44,-1,-0.0540717464836463,0.21292677521705627,-0.42768717,0.1062812,-0.5839683681213379,4
2026-09-01,PRESTIGE,45,-1,-0.04398605293590776,0.21516530215740204,-0.39578676,0.10628119999999998,-0.5520679622375488,4
2026-09-01,PRESTIGE,50,-1,-0.046600841859647704,0.19675512611865997,0.17223358,0.1062812,0.01595238154296874,4
2026-09-01,PRESTIGE,52,-1,-0.0424586588341789,0.22254666686058044,0.5913377,0.1062812,0.4350564808166504,4
2026-09-01,PRESTIGE,53,-1,-0.04464049027105546,0.19808447360992432,0.7120669,0.10628119999999998,0.5557856888092041,4
2026-09-01,PRESTIGE,54,-1,-0.09405164801273344,0.2079867273569107,0.3752947,0.1062812,0.21901348536376952,4
2026-09-01,PRESTIGE,55,-1,-0.3244637286490409,0.2155957669019699,0.35645962,0.1062812,0.20017841761474608,4
2026-09-01,PRESTIGE,56,-1,-0.07103124936816313,0.22896404564380646,0.54697394,0.1062812,0.39069274371032714,4
2026-09-01,PRESTIGE,57,-1,-0.13023571127801725,0.263367235660553,0.2619803,0.1062812,0.10569909518127439,4
2026-09-01,PRESTIGE,61,-1,-0.04766285095150977,0.30328184366226196,0.30645728,0.1062812,0.1501760811126709,4
2026-09-01,PRESTIGE,64,1,0.10045219145122569,0.33176887035369873,0.608778,0.1062812,0.45249679987792973,4
2026-09-01,PRESTIGE,65,1,0.06702599177911438,0.3084673285484314,0.7443547,0.1062812,0.5880735248840332,4
2026-09-01,PRESTIGE,66,1,0.05995969704767485,0.32101285457611084,0.6023288,0.1062812,0.4460475773132324,4
2026-09-01,PRESTIGE,67,1,0.056108469244354316,0.3190787136554718,0.5958915,0.1062812,0.4396102756774902,4
2026-09-01,RADICO,3,1,0.058892093893849626,0.7660675644874573,0.25759935,0.10628119999999998,0.10131815379028324,4
2026-09-01,RADICO,4,1,0.11579769036904951,0.6950230598449707,0.49808025,0.10628119999999998,0.34179905360107427,4
2026-09-01,RADICO,5,1,0.04569105875210713,0.6515105962753296,0.66474676,0.1062812,0.5084655613220215,4
2026-09-01,RADICO,7,1,0.0841375627400422,0.5905202627182007,0.7654667,0.1062812,0.6091854900634766,4
2026-09-01,RADICO,8,1,0.08156620569870507,0.5467081069946289,1.4263034,0.1062812,1.2700221866882324,4
2026-09-01,RADICO,9,1,0.07779806308047385,0.5597885251045227,1.5705705,0.1062812,1.4142892689025879,4
2026-09-01,RADICO,10,1,0.08115060520579766,0.546256959438324,1.809895,0.1062812,1.6536138386047363,4
2026-09-01,RADICO,11,1,0.08585301594985364,0.5153178572654724,1.7098784,0.10628119999999998,1.5535972446716309,4
2026-09-01,RADICO,12,1,0.05215499918049965,0.48733484745025635,1.9976139,0.10628119999999998,1.8413327068603516,4
2026-09-01,RADICO,19,-1,-0.04355463758896042,0.42141246795654297,1.1450887,0.1062812,0.9888074726379394,4
2026-09-01,RADICO,39,-1,-0.04745355005935601,0.1947920173406601,0.21008253,0.1062812,0.05380133097534179,4
2026-09-01,RADICO,42,-1,-0.0996808645471566,0.18900732696056366,0.55696964,0.1062812,0.40068844263916015,4
2026-09-01,RADICO,54,-1,-0.07463000730537081,0.15440459549427032,0.24756789,0.1062812,0.09128669207458494,4
2026-09-01,RADICO,55,-1,-0.31001142916382246,0.16785675287246704,0.19817948,0.10628119999999998,0.04189828341369631,4
2026-09-01,RADICO,56,-1,-0.050346142171398725,0.18160000443458557,0.060749054,0.1062812,-0.09553214604492188,4
2026-09-01,RADICO,57,-1,-0.19042868034616867,0.18849031627178192,-0.011265278,0.1062812,-0.16754647786254884,4
2026-09-01,RECLTD,3,1,0.05407336431547538,0.5790859460830688,-0.4916668,0.10628120000000002,-0.6479479938232422,4
2026-09-01,RECLTD,4,1,0.11367968992994418,0.5345169305801392,-0.19088984,0.1062812,-0.347171035357666,4
2026-09-01,RECLTD,5,1,0.04621597846774136,0.5023881196975708,0.04785061,0.1062812,-0.10843059117431642,4
2026-09-01,RECLTD,7,1,0.08457985097241214,0.41686296463012695,0.04786253,0.1062812,-0.10841867024536134,4
2026-09-01,RECLTD,8,1,0.07115782928255308,0.40168866515159607,-0.15926361,0.1062812,-0.31554481083984376,4
2026-09-01,RECLTD,9,1,0.0801260574964234,0.37579384446144104,-0.03184676,0.1062812,-0.18812796170349122,4
2026-09-01,RECLTD,10,1,0.08327515341363714,0.365140825510025,-0.015944242,0.1062812,-0.172225442477417,4
2026-09-01,RECLTD,11,1,0.09714580643199612,0.34401020407676697,-0.015944242,0.1062812,-0.172225442477417,4
2026-09-01,RECLTD,12,1,0.05730148971237289,0.3335396945476532,0.11155605,0.1062812,-0.044725146838378915,4
2026-09-01,RECLTD,19,-1,-0.06426095365605206,0.17851471900939941,-0.19102097,0.1062812,-0.3473021655761719,4
2026-09-01,RECLTD,20,-1,-0.052962491417023645,0.17985257506370544,-0.09560585,0.1062812,-0.25188705021972657,4
2026-09-01,RECLTD,21,-1,-0.04561718976686383,0.18227456510066986,-0.06380081,0.1062812,-0.22008201176757813,4
2026-09-01,RECLTD,22,-1,-0.06643522079258324,0.17316101491451263,-0.04785061,0.1062812,-0.2041318088256836,4
2026-09-01,RECLTD,26,-1,-0.041560917061602115,0.18385007977485657,0.2384007,0.1062812,0.08211949770812986,4
2026-09-01,RECLTD,39,-1,-0.05135570464316071,0.2152145504951477,-0.015854836,0.10628120000000002,-0.17213603551025392,4
2026-09-01,RECLTD,42,-1,-0.10839700777715708,0.1988518089056015,0.36392212,0.10628119999999998,0.20764091914062505,4
2026-09-01,RECLTD,54,-1,-0.07447560248847403,0.14313018321990967,-0.01591444,0.10628119999999998,-0.17219564015502928,4
2026-09-01,RECLTD,55,-1,-0.30942799295981527,0.13292819261550903,-0.09545088,0.1062812,-0.25173207814331056,4
2026-09-01,RECLTD,56,-1,-0.050108303279028876,0.12710531055927277,0.047683716,0.1062812,-0.10859748417968751,4
2026-09-01,RECLTD,57,-1,-0.19042868034616867,0.13404272496700287,0.20677447,0.10628119999999998,0.050493273190307636,4
2026-09-01,RELIANCE,3,1,0.05397303641608949,0.4731556475162506,0.5330205,0.10628119999999998,0.37673929636840825,4
2026-09-01,RELIANCE,4,1,0.09345638235465636,0.40620970726013184,0.47875643,0.1062812,0.32247522776489257,4
2026-09-01,RELIANCE,5,1,0.06119779230662103,0.41201356053352356,0.38505793,0.1062812,0.2287767261779785,4
2026-09-01,RELIANCE,6,1,0.04222463190362585,0.41393470764160156,0.6490469,0.1062812,0.49276569788818364,4
2026-09-01,RELIANCE,7,1,0.08262574604071876,0.3817457854747772,0.672698,0.10628119999999998,0.5164168209350586,4
2026-09-01,RELIANCE,8,1,0.07497320204668664,0.3546012341976166,0.5022049,0.10628120000000002,0.34592369501953124,4
2026-09-01,RELIANCE,9,1,0.0712537971225248,0.34381726384162903,0.34689903,0.10628119999999998,0.19061783259277348,4
2026-09-01,RELIANCE,10,1,0.07263574651779299,0.364641934633255,0.092208385,0.1062812,-0.06407281453247071,4
2026-09-01,RELIANCE,11,1,0.07103189790014054,0.3522389829158783,0.07683039,0.1062812,-0.0794508128845215,4
2026-09-01,RELIANCE,19,-1,-0.053877603121596625,0.20955267548561096,-0.21498203,0.10628119999999998,-0.37126323277587886,4
2026-09-01,RELIANCE,20,-1,-0.05105827552912996,0.2040356695652008,0.02297759,0.1062812,-0.13330360943908692,4
2026-09-01,RELIANCE,22,-1,-0.05906377347275609,0.1966484785079956,-0.56740046,0.1062812,-0.7236816554748535,4
2026-09-01,RELIANCE,42,-1,-0.04101772059815444,0.1572982370853424,0.43577552,0.10628119999999998,0.27949431841735844,4
2026-09-01,RELIANCE,54,-1,-0.06291180423806109,0.11904869228601456,-0.0,0.10628119999999998,-0.15628119999999998,4
2026-09-01,RELIANCE,55,-1,-0.288310591494011,0.11247431486845016,-0.06915331,0.10628119999999998,-0.22543450886840816,4
2026-09-01,RELIANCE,56,-1,-0.04252508908836068,0.11737622320652008,-0.08445978,0.1062812,-0.24074098164672852,4
2026-09-01,RELIANCE,57,-1,-0.16550851291669386,0.11741229146718979,-0.0076770782,0.1062812,-0.16395827824707032,4
2026-09-01,RVNL,3,1,0.055522096388869166,0.39676839113235474,-0.6036699,0.10628119999999998,-0.7599510818206787,4
2026-09-01,RVNL,4,1,0.11482392615409995,0.3928481638431549,-0.16687512,0.1062812,-0.32315632397766114,4
2026-09-01,RVNL,5,1,0.09434573304433831,0.390674352645874,0.35864115,0.10628119999999998,0.20235994761352544,4
2026-09-01,RVNL,6,1,0.04892035582669361,0.3777218163013458,0.47422647,0.1062812,0.3179452747619629,4
2026-09-01,RVNL,7,1,0.09971158776760665,0.36047837138175964,0.74237585,0.1062812,0.5860946506774902,4
2026-09-01,RVNL,8,1,0.07404861982781553,0.3461253345012665,0.440228,0.1062812,0.28394678538208007,4
2026-09-01,RVNL,9,1,0.07466598440459335,0.3336685001850128,0.51652193,0.1062812,0.36024073069458007,4
2026-09-01,RVNL,10,1,0.06282383063049429,0.3204053044319153,0.5740285,0.10628119999999998,0.417747291973877,4
2026-09-01,RVNL,11,1,0.06390771580192972,0.3187829256057739,0.429821,0.1062812,0.27353981440429687,4
2026-09-01,RVNL,19,-1,-0.054980778643859744,0.23525471985340118,-0.52734613,0.1062812,-0.683627334185791,4
2026-09-01,RVNL,20,-1,-0.046798269819981225,0.22812236845493317,-0.9469509,0.1062812,-1.103232112475586,4
2026-09-01,RVNL,22,-1,-0.0626133294235689,0.22788779437541962,-0.13773441,0.1062812,-0.29401561314697267,4
2026-09-01,RVNL,54,-1,-0.05694732013394172,0.14166271686553955,0.26284456,0.10628119999999998,0.10656336253051761,4
2026-09-01,RVNL,55,-1,-0.2870178143255495,0.1555546075105667,-0.03350973,0.1062812,-0.18979093129272462,4
2026-09-01,RVNL,57,-1,-0.1613612732481086,0.14983543753623962,-0.019156933,0.10628119999999998,-0.1754381328308105,4
2026-09-01,SAIL,3,1,0.05810484909033222,1.0025216341018677,-0.25220513,0.10628119999999998,-0.4084863334381103,4
2026-09-01,SAIL,4,1,0.11575243327456072,0.8813012838363647,-0.35756826,0.1062812,-0.5138494640075684,4
2026-09-01,SAIL,5,1,0.07012523156848333,0.8075359463691711,-0.31266212,0.10628119999999998,-0.468943324633789,4
2026-09-01,SAIL,7,1,0.0870627167125855,0.6708278656005859,0.1516223,0.1062812,-0.004658904620361337,4
2026-09-01,SAIL,8,1,0.07646127068878798,0.6155357956886292,0.207448,0.1062812,0.05116680567626952,4
2026-09-01,SAIL,9,1,0.07866426038649202,0.5655609369277954,0.22256374,0.1062812,0.06628254359130858,4
2026-09-01,SAIL,10,1,0.07149948597700814,0.5397090315818787,0.24778843,0.1062812,0.09150722926025388,4
2026-09-01,SAIL,11,1,0.06607902605689174,0.5100672245025635,0.085926056,0.10628119999999998,-0.07035514409179686,4
2026-09-01,SAIL,19,-1,-0.052304843527226655,0.20382483303546906,-0.28282404,0.1062812,-0.4391052394592285,4
2026-09-01,SAIL,20,-1,-0.048495278797521996,0.20021766424179077,-0.82827806,0.1062812,-0.9845592647277832,4
2026-09-01,SAIL,22,-1,-0.0633755109376231,0.20090538263320923,0.48211813,0.10628119999999998,0.32583692973022466,4
2026-09-01,SAIL,54,-1,-0.06509027028059858,0.21814942359924316,0.37207603,0.1062812,0.21579483454589843,4
2026-09-01,SAIL,55,-1,-0.28795283067763255,0.21394070982933044,0.2069056,0.1062812,0.05062440340881347,4
2026-09-01,SAIL,57,-1,-0.1638519060655082,0.21882027387619019,0.062304735,0.1062812,-0.09397646481628419,4
2026-09-01,SAIL,64,1,0.057771737153543,0.2657187283039093,-1.0024965,0.1062812,-1.1587776809417725,4
2026-09-01,SAIL,65,1,0.04689805584732075,0.263204962015152,-1.0692954,0.10628119999999998,-1.2255766063415527,4
2026-09-01,SAIL,66,1,0.08440670590242991,0.314615935087204,-0.41799545,0.10628119999999998,-0.5742766528808594,4
2026-09-01,SAIL,67,1,0.06623947637146335,0.3226504921913147,1.1530399,0.10628119999999998,0.9967587322509766,4
2026-09-01,SBICARD,3,1,0.057133953282156466,0.6615697741508484,-1.6293168,0.1062812,-1.785598006793213,4
2026-09-01,SBICARD,4,1,0.13962750246279126,0.6619477272033691,-1.2086153,0.1062812,-1.3648965030395508,4
2026-09-01,SBICARD,5,1,0.11076875549908329,0.6311195492744446,-0.34775734,0.10628119999999998,-0.5040385394775391,4
2026-09-01,SBICARD,6,1,0.07541247696453592,0.6027650237083435,0.10082722,0.10628119999999998,-0.0554539828979492,4
2026-09-01,SBICARD,7,1,0.11257689825051936,0.5659806132316589,-0.054252148,0.1062812,-0.21053334767456056,4
2026-09-01,SBICARD,8,1,0.08592512151979287,0.5293064713478088,-0.1239419,0.10628119999999998,-0.2802230983459472,4
2026-09-01,SBICARD,9,1,0.09822424217849236,0.5330969095230103,-0.3181994,0.10628119999999998,-0.4744805961334228,4
2026-09-01,SBICARD,10,1,0.0953165636015336,0.525238037109375,-0.3265381,0.10628119999999998,-0.48281928593749995,4
2026-09-01,SBICARD,11,1,0.1006743402121479,0.5149495601654053,-0.14021397,0.10628119999999998,-0.29649516636962886,4
2026-09-01,SBICARD,19,-1,-0.051580655429648396,0.3186988830566406,-0.07801056,0.1062812,-0.23429175908203126,4
2026-09-01,SBICARD,20,-1,-0.046033130875850085,0.3000546991825104,0.09351373,0.10628120000000002,-0.06276747281188967,4
2026-09-01,SBICARD,22,-1,-0.05536368053784772,0.29801276326179504,0.42043328,0.10628119999999998,0.2641520828521729,4
2026-09-01,SBICARD,26,-1,-0.0425234693765542,0.22495311498641968,0.67041516,0.10628119999999998,0.5141339630401611,4
2026-09-01,SBICARD,42,-1,-0.055517560403757986,0.1987236887216568,0.14107227,0.1062812,-0.015208926745605478,4
2026-09-01,SBICARD,54,-1,-0.06894709341114823,0.1871553510427475,0.58240294,0.1062812,0.4261217445648193,4
2026-09-01,SBICARD,55,-1,-0.29516147278392496,0.18043966591358185,0.8107066,0.1062812,0.654425415447998,4
2026-09-01,SBICARD,56,-1,-0.04938223725592364,0.17324088513851166,0.71665645,0.10628119999999998,0.5603752464569092,4
2026-09-01,SBICARD,57,-1,-0.17495529960854966,0.15582819283008575,0.69361925,0.1062812,0.5373380512512207,4
2026-09-01,SBILIFE,3,1,0.056038408475566334,0.4282723367214203,0.023078918,0.1062812,-0.13320228154296876,4
2026-09-01,SBILIFE,4,1,0.10752010451302244,0.3764185905456543,0.09815693,0.1062812,-0.05812427098388673,4
2026-09-01,SBILIFE,5,1,0.06168054785454172,0.3358525335788727,0.46192408,0.1062812,0.30564287608032226,4
2026-09-01,SBILIFE,7,1,0.07167709304510383,0.28046706318855286,0.38642883,0.1062812,0.2301476330078125,4
2026-09-01,SBILIFE,8,1,0.058860396777151734,0.26815295219421387,0.49638748,0.10628119999999998,0.34010628168945317,4
2026-09-01,SBILIFE,10,1,0.04259286758687366,0.24377137422561646,0.7381797,0.1062812,0.5818984836853027,4
2026-09-01,SBILIFE,19,-1,-0.05562070740832047,0.17037764191627502,0.48612952,0.1062812,0.3298483223236084,4
2026-09-01,SBILIFE,20,-1,-0.05255836693482773,0.17156432569026947,0.49185157,0.1062812,0.3355703682220459,4
2026-09-01,SBILIFE,22,-1,-0.05924491241041801,0.205253005027771,0.07471442,0.1062812,-0.08156677777404786,4
2026-09-01,SBILIFE,42,-1,-0.045044202134698334,0.13708721101284027,-0.42967796,0.10628119999999998,-0.585959163256836,4
2026-09-01,SBILIFE,54,-1,-0.062216235115107134,0.20577135682106018,0.13222694,0.10628119999999998,-0.02405425603027342,4
2026-09-01,SBILIFE,55,-1,-0.29543173135595724,0.19287244975566864,-0.017273426,0.10628119999999998,-0.17355462605590818,4
2026-09-01,SBILIFE,57,-1,-0.1689553916546596,0.18622785806655884,0.028777122,0.10628119999999998,-0.1275040775024414,4
2026-09-01,SBIN,3,1,0.05026154138990564,0.36059364676475525,-0.2579093,0.1062812,-0.41419049794311524,4
2026-09-01,SBIN,4,1,0.11121707268923534,0.32712042331695557,-0.15304685,0.1062812,-0.3093280463897705,4
2026-09-01,SBIN,7,1,0.04998788982423462,0.2548857629299164,-0.028729439,0.10628119999999998,-0.18501063878173823,4
2026-09-01,SBIN,10,1,0.0421776862166181,0.2150423675775528,-0.22979975,0.1062812,-0.386080947467041,4
2026-09-01,SBIN,11,1,0.04842612287179314,0.2067786604166031,-0.14376044,0.10628119999999998,-0.3000416427337646,4
2026-09-01,SBIN,19,-1,-0.058219415769919465,0.14675241708755493,-0.124812126,0.1062812,-0.281093326159668,4
2026-09-01,SBIN,20,-1,-0.05000425750603431,0.1488385945558548,-0.22087097,0.10628119999999998,-0.37715217167968745,4
2026-09-01,SBIN,21,-1,-0.04705207457263393,0.14134827256202698,-0.17291307,0.10628119999999998,-0.32919427449340816,4
2026-09-01,SBIN,22,-1,-0.06693087405245289,0.15092560648918152,-0.11523962,0.10628119999999998,-0.2715208202087402,4
2026-09-01,SBIN,39,-1,-0.04626989115108013,0.09607405960559845,0.23057461,0.10628119999999998,0.07429340784912111,4
2026-09-01,SBIN,42,-1,-0.09884616757238963,0.10021046549081802,0.48044324,0.10628119999999998,0.3241620392120362,4
2026-09-01,SBIN,54,-1,-0.07262755833174243,0.13635240495204926,0.09689927,0.10628120000000002,-0.059381928988647484,4
2026-09-01,SBIN,55,-1,-0.3138467263339761,0.13924171030521393,-0.019407272,0.1062812,-0.1756884723388672,4
2026-09-01,SBIN,56,-1,-0.050108303279028876,0.14478398859500885,-0.038778782,0.10628119999999998,-0.1950599818908691,4
2026-09-01,SBIN,57,-1,-0.18784128865895786,0.14345449209213257,-0.0,0.10628119999999998,-0.15628119999999998,4
2026-09-01,SCHAEFFLER,3,1,0.0556422779394338,0.3503875732421875,-0.12990236,0.1062812,-0.28618356282348634,4
2026-09-01,SCHAEFFLER,4,1,0.10631443586307827,0.2974839210510254,-0.13989806,0.1062812,-0.29617926175231934,4
2026-09-01,SCHAEFFLER,5,1,0.04830006681567479,0.26208192110061646,-0.08997321,0.1062812,-0.24625441128845216,4
2026-09-01,SCHAEFFLER,7,1,0.053072392436017385,0.25296103954315186,0.19774437,0.1062812,0.04146316950683593,4
2026-09-01,SCHAEFFLER,19,-1,-0.05178674776965373,0.1598094403743744,-0.0,0.10628119999999998,-0.15628119999999998,4
2026-09-01,SCHAEFFLER,20,-1,-0.05078923332949965,0.14889118075370789,0.019997358,0.1062812,-0.13628384167785645,4
2026-09-01,SCHAEFFLER,22,-1,-0.059548572615827286,0.13407336175441742,-0.0074982643,0.1062812,-0.16377946431274415,4
2026-09-01,SCHAEFFLER,42,-1,-0.04330641902890167,0.15910644829273224,-0.024998188,0.1062812,-0.18127938801879884,4
2026-09-01,SCHAEFFLER,54,-1,-0.06281824642129298,0.12660783529281616,-0.0,0.1062812,-0.1562812,4
2026-09-01,SCHAEFFLER,55,-1,-0.29087799886652654,0.13339364528656006,-0.047504902,0.10628119999999998,-0.20378610188598628,4
2026-09-01,SCHAEFFLER,56,-1,-0.04252508908836068,0.13678675889968872,0.024998188,0.1062812,-0.13128301198120118,4
2026-09-01,SCHAEFFLER,57,-1,-0.1671175762879329,0.13982239365577698,-0.0,0.1062812,-0.1562812,4
2026-09-01,SHREECEM,3,1,0.05728801238859045,0.5092297792434692,0.10613203,0.10628119999999998,-0.050149169512939434,4
2026-09-01,SHREECEM,4,1,0.10901986561464495,0.44567063450813293,-0.021225214,0.10628119999999998,-0.17750641400451656,4
2026-09-01,SHREECEM,5,1,0.06452173179424914,0.4102128744125366,0.16988516,0.1062812,0.01360395853881835,4
2026-09-01,SHREECEM,7,1,0.0907611896345311,0.35002121329307556,0.21213293,0.1062812,0.055851730755615225,4
2026-09-01,SHREECEM,8,1,0.0778744790411377,0.33276692032814026,0.3610134,0.1062812,0.20473221247558593,4
2026-09-01,SHREECEM,9,1,0.054825715073255045,0.3097814619541168,0.14840364,0.1062812,-0.007877555438232431,4
2026-09-01,SHREECEM,10,1,0.057878032815489186,0.29300639033317566,0.021207333,0.1062812,-0.13507386738891602,4
2026-09-01,SHREECEM,11,1,0.06152064075932028,0.2795470654964447,0.08485317,0.1062812,-0.07142802769775392,4
2026-09-01,SHREECEM,19,-1,-0.052304843527226655,0.16340363025665283,-0.0,0.1062812,-0.1562812,4
2026-09-01,SHREECEM,20,-1,-0.05179714907669381,0.16195924580097198,-0.084757805,0.1062812,-0.24103900487060548,4
2026-09-01,SHREECEM,22,-1,-0.05872648748324565,0.15910054743289948,-0.021219254,0.1062812,-0.17750045354003907,4
2026-09-01,SHREECEM,42,-1,-0.04297322089047949,0.15035995841026306,0.042527914,0.10628119999999998,-0.11375328595275877,4
2026-09-01,SHREECEM,54,-1,-0.06214095920575802,0.13850416243076324,-0.10653734,0.10628119999999998,-0.26281854207153316,4
2026-09-01,SHREECEM,55,-1,-0.28852782363179036,0.14328394830226898,-0.34143925,0.10628119999999998,-0.4977204471313476,4
2026-09-01,SHREECEM,56,-1,-0.04452882553390844,0.1552133411169052,0.0426054,0.1062812,-0.11367579991455079,4
2026-09-01,SHREECEM,57,-1,-0.1691213127334806,0.1597784459590912,0.17042756,0.1062812,0.014146360806274405,4
2026-09-01,SHRIRAMFIN,3,1,0.07357695921543295,0.8470637202262878,-0.5398929,0.10628119999999998,-0.6961741119110108,4
2026-09-01,SHRIRAMFIN,4,1,0.13391311782296944,0.7484131455421448,-0.11203885,0.10628119999999998,-0.2683200507843017,4
2026-09-01,SHRIRAMFIN,5,1,0.06027195170413098,0.6845687031745911,0.29947758,0.1062812,0.14319637720947265,4
2026-09-01,SHRIRAMFIN,7,1,0.10584500178694362,0.5756976008415222,0.47842264,0.10628119999999998,0.32214144175415044,4
2026-09-01,SHRIRAMFIN,8,1,0.08799480628674568,0.5428177714347839,0.15915632,0.1062812,0.002875122479248038,4
2026-09-01,SHRIRAMFIN,9,1,0.09428124700207341,0.5137096643447876,0.16846657,0.1062812,0.012185367993164054,4
2026-09-01,SHRIRAMFIN,10,1,0.10022832808360745,0.4807099401950836,0.24335384,0.1062812,0.08707264368896482,4
2026-09-01,SHRIRAMFIN,11,1,0.10493073882766343,0.4556945264339447,0.2524495,0.10628120000000002,0.09616831248168943,4
2026-09-01,SHRIRAMFIN,12,1,0.06511100760742852,0.4378395676612854,0.046682358,0.1062812,-0.10959884221191407,4
2026-09-01,SHRIRAMFIN,19,-1,-0.06602813141602416,0.22129841148853302,0.13070703,0.1062812,-0.025574174472045907,4
2026-09-01,SHRIRAMFIN,20,-1,-0.050779957361139896,0.20945636928081512,0.07470846,0.1062812,-0.0815727382385254,4
2026-09-01,SHRIRAMFIN,21,-1,-0.04900776266867069,0.2116151601076126,0.13090372,0.10628120000000002,-0.025377479144287132,4
2026-09-01,SHRIRAMFIN,22,-1,-0.07046040881065334,0.21008403599262238,0.3455937,0.1062812,0.18931249087219237,4
2026-09-01,SHRIRAMFIN,39,-1,-0.05791320059396378,0.20226505398750305,0.20627975,0.1062812,0.049998554638671866,4
2026-09-01,SHRIRAMFIN,42,-1,-0.10537509475471829,0.1794598251581192,0.49690008,0.10628119999999998,0.34061888163452153,4
2026-09-01,SHRIRAMFIN,54,-1,-0.06565891077271048,0.16087853908538818,0.29336214,0.1062812,0.13708094065551757,4
2026-09-01,SHRIRAMFIN,55,-1,-0.31241427530785537,0.1686810702085495,-0.06638765,0.10628119999999998,-0.22266885335083003,4
2026-09-01,SHRIRAMFIN,56,-1,-0.04477640890214813,0.16871307790279388,-0.056922436,0.1062812,-0.21320363576049806,4
2026-09-01,SHRIRAMFIN,57,-1,-0.19020445033810363,0.16002586483955383,-0.08546114,0.1062812,-0.2417423396789551,4
2026-09-01,SIEMENS,3,1,0.05619737890734894,0.549799382686615,0.22209883,0.10628120000000002,0.06581762736206052,4
2026-09-01,SIEMENS,4,1,0.10847367789160706,0.5479586124420166,-0.0323236,0.10628119999999998,-0.1886047988616943,4
2026-09-01,SIEMENS,5,1,0.061487737939768944,0.510758101940155,0.02490282,0.10628119999999998,-0.13137837941284178,4
2026-09-01,SIEMENS,6,1,0.04099479565339268,0.4784923791885376,0.14460087,0.1062812,-0.011680331774902353,4
2026-09-01,SIEMENS,7,1,0.08544640867099225,0.44722893834114075,0.117099285,0.10628120000000002,-0.0391819148742676,4
2026-09-01,SIEMENS,8,1,0.07386857550432258,0.41744813323020935,0.16452074,0.1062812,0.008239540509033194,4
2026-09-01,SIEMENS,9,1,0.07447378519850971,0.40348631143569946,0.0996232,0.1062812,-0.05665799672241212,4
2026-09-01,SIEMENS,10,1,0.07636687434683474,0.385729044675827,0.10206699,0.1062812,-0.0542142062866211,4
2026-09-01,SIEMENS,11,1,0.07757544892749281,0.37130478024482727,0.17905235,0.10628119999999998,0.022771152905273456,4
2026-09-01,SIEMENS,12,1,0.04559790898478377,0.3606453835964203,0.58544874,0.1062812,0.4291675419128418,4
2026-09-01,SIEMENS,19,-1,-0.05211981083820092,0.20150315761566162,-0.11640787,0.1062812,-0.2726890712463379,4
2026-09-01,SIEMENS,20,-1,-0.050952121255848574,0.1942509114742279,-0.29512644,0.10628119999999998,-0.4514076381408691,4
2026-09-01,SIEMENS,22,-1,-0.061549867143825356,0.1842801421880722,0.11399984,0.10628119999999998,-0.04228135640258787,4
2026-09-01,SIEMENS,42,-1,-0.04374117540156849,0.2350863367319107,-0.3357768,0.1062812,-0.49205800587768556,4
2026-09-01,SIEMENS,54,-1,-0.0451276861867112,0.2513875663280487,0.39350986,0.1062812,0.2372286648071289,4
2026-09-01,SIEMENS,55,-1,-0.23690323873470612,0.27201908826828003,-0.15796423,0.1062812,-0.31424542958374024,4
2026-09-01,SIEMENS,57,-1,-0.11266102173484051,0.2821168601512909,-0.027167797,0.10628120000000002,-0.18344899708862306,4
2026-09-01,SJVN,3,1,0.05654352623899614,0.4342164695262909,-0.41499734,0.10628119999999998,-0.5712785392486572,4
2026-09-01,SJVN,4,1,0.1134673532588337,0.39119184017181396,-0.04621148,0.1062812,-0.20249268109436036,4
2026-09-01,SJVN,5,1,0.07446168660845552,0.39124947786331177,0.2934456,0.1062812,0.13716438715820312,4
2026-09-01,SJVN,6,1,0.04169669280901839,0.3777434229850769,0.49512386,0.10628119999999998,0.3388426632202149,4
2026-09-01,SJVN,7,1,0.09192933723313994,0.36503535509109497,0.33972263,0.1062812,0.1834414333618164,4
2026-09-01,SJVN,8,1,0.07176615845605713,0.347812294960022,0.40117502,0.10628120000000002,0.24489382212524413,4
2026-09-01,SJVN,9,1,0.07211470741407179,0.3254678547382355,0.35476685,0.1062812,0.198485645703125,4
2026-09-01,SJVN,10,1,0.06552976477656881,0.30448102951049805,0.15423298,0.10628119999999998,-0.0020482211791992,4
2026-09-01,SJVN,11,1,0.06377891343900707,0.29537203907966614,0.2311945,0.10628119999999998,0.07491329615478518,4
2026-09-01,SJVN,19,-1,-0.05274120217372334,0.17472487688064575,0.015372038,0.1062812,-0.14090916211242677,4
2026-09-01,SJVN,20,-1,-0.052957128484992816,0.1615377515554428,-0.09230375,0.1062812,-0.24858495289916993,4
2026-09-01,SJVN,22,-1,-0.06300551676522592,0.14624236524105072,-0.0,0.1062812,-0.1562812,4
2026-09-01,SJVN,42,-1,-0.043567647926255955,0.12230046093463898,0.1387775,0.1062812,-0.017503705569458017,4
2026-09-01,SJVN,54,-1,-0.058720209907469255,0.12151709198951721,0.41757822,0.1062812,0.26129702036743163,4
2026-09-01,SJVN,55,-1,-0.28804526748404924,0.1271391361951828,0.17038584,0.1062812,0.014104637554931632,4
2026-09-01,SJVN,57,-1,-0.16534206391047193,0.14183923602104187,-0.55857897,0.1062812,-0.7148601680480957,4
2026-09-01,SOLARINDS,3,1,0.0559384541114966,0.5609573721885681,-0.5480826,0.1062812,-0.7043637901031494,4
2026-09-01,SOLARINDS,4,1,0.11072353701870569,0.519740104675293,-0.09999871,0.10628119999999998,-0.2562799125396728,4
2026-09-01,SOLARINDS,5,1,0.06408589180435464,0.4957094192504883,0.12500286,0.10628119999999998,-0.03127833897705076,4
2026-09-01,SOLARINDS,6,1,0.04567675532241023,0.48286715149879456,0.40090084,0.1062812,0.24461964075927733,4
2026-09-01,SOLARINDS,7,1,0.09249592154159979,0.44475069642066956,0.5261898,0.1062812,0.36990860407714843,4
2026-09-01,SOLARINDS,8,1,0.07575979916110806,0.41729259490966797,0.27534962,0.1062812,0.11906841700439451,4
2026-09-01,SOLARINDS,9,1,0.0750990680864999,0.3882765471935272,0.37574768,0.10628119999999998,0.21946648066406255,4
2026-09-01,SOLARINDS,10,1,0.07343347782449111,0.3711969256401062,0.626564,0.1062812,0.4702828258789063,4
2026-09-01,SOLARINDS,11,1,0.07380570387122423,0.36286285519599915,0.57543516,0.1062812,0.41915396159057616,4
2026-09-01,SOLARINDS,19,-1,-0.05661678010176614,0.22898323833942413,-0.049698353,0.1062812,-0.2059795528137207,4
2026-09-01,SOLARINDS,20,-1,-0.049370057083437266,0.21956229209899902,0.19831657,0.1062812,0.04203537409667968,4
2026-09-01,SOLARINDS,22,-1,-0.059160926967553894,0.22315894067287445,-0.049626827,0.10628119999999998,-0.2059080272399902,4
2026-09-01,SOLARINDS,42,-1,-0.04087579841746325,0.17149929702281952,0.32185912,0.10628119999999998,0.16557792132263188,4
2026-09-01,SOLARINDS,54,-1,-0.063690090026033,0.1563221663236618,0.572139,0.1062812,0.41585782473449706,4
2026-09-01,SOLARINDS,55,-1,-0.2946410841569236,0.19821429252624512,-0.12512207,0.1062812,-0.2814032703125,4
2026-09-01,SOLARINDS,57,-1,-0.167770299230313,0.21585556864738464,-0.049960613,0.10628119999999998,-0.20624181325073238,4
2026-09-01,SRF,3,1,0.04384570623061589,0.3035109043121338,-0.29193163,0.1062812,-0.4482128291809082,4
2026-09-01,SRF,4,1,0.10250266150175938,0.28832849860191345,-0.035077333,0.10628119999999998,-0.19135853345031734,4
2026-09-01,SRF,5,1,0.05666297703449037,0.2889474034309387,0.33569336,0.10628119999999998,0.17941215937500005,4
2026-09-01,SRF,7,1,0.04563038980873175,0.25511980056762695,0.35520792,0.10628119999999998,0.19892672007446294,4
2026-09-01,SRF,19,-1,-0.04991443412444317,0.16554708778858185,-0.35198927,0.1062812,-0.5082704692565918,4
2026-09-01,SRF,20,-1,-0.04876665879816142,0.1577901989221573,-0.5725622,0.1062812,-0.7288434177124024,4
2026-09-01,SRF,22,-1,-0.06131267567252685,0.15783904492855072,-0.54950714,0.1062812,-0.7057883411132813,4
2026-09-01,SRF,42,-1,-0.045044202134698334,0.14567071199417114,-0.050234795,0.10628119999999998,-0.20651599461669917,4
2026-09-01,SRF,54,-1,-0.05492060312074506,0.14009806513786316,0.4674554,0.10628119999999998,0.31117418711547856,4
2026-09-01,SRF,55,-1,-0.29359530409248824,0.15759827196598053,0.2245009,0.1062812,0.06821969454650878,4
2026-09-01,SRF,57,-1,-0.16570141435964553,0.1680501252412796,-0.26357174,0.1062812,-0.41985293919677735,4
2026-09-01,SUNDARMFIN,4,1,0.07252494927789176,0.2439538985490799,-0.087970495,0.10628119999999998,-0.24425169522399898,4
2026-09-01,SUNDARMFIN,7,1,0.04727375414432835,0.2528405487537384,0.2688527,0.10628119999999998,0.11257151072387699,4
2026-09-01,SUNDARMFIN,11,1,0.04124944185030557,0.22397112846374512,0.21804571,0.10628119999999998,0.061764511517334,4
2026-09-01,SUNDARMFIN,19,-1,-0.05343556359500731,0.15886728465557098,0.26358962,0.10628120000000002,0.10730842059020994,4
2026-09-01,SUNDARMFIN,20,-1,-0.05046209993357472,0.15365993976593018,0.09460449,0.1062812,-0.06167670781250001,4
2026-09-01,SUNDARMFIN,22,-1,-0.06005274702396555,0.16007475554943085,0.0990212,0.10628119999999998,-0.057260003634643536,4
2026-09-01,SUNDARMFIN,42,-1,-0.059403536459968,0.18546675145626068,0.024181604,0.1062812,-0.13209959561462403,4
2026-09-01,SUNDARMFIN,54,-1,-0.06770462230590982,0.14941871166229248,0.25569797,0.1062812,0.09941676562194822,4
2026-09-01,SUNDARMFIN,55,-1,-0.29723281926792827,0.15324464440345764,0.114661455,0.1062812,-0.041619744845581064,4
2026-09-01,SUNDARMFIN,56,-1,-0.04504849968583464,0.15040844678878784,0.279665,0.10628120000000002,0.12338379328613279,4
2026-09-01,SUNDARMFIN,57,-1,-0.1698765367781217,0.14800912141799927,0.28215647,0.1062812,0.12587526743774413,4
2026-09-01,SUNPHARMA,3,1,0.054004428458812155,0.7505642771720886,-0.2622068,0.10628119999999998,-0.41848799283142085,4
2026-09-01,SUNPHARMA,4,1,0.11234353695651116,0.640846848487854,-0.42175055,0.10628120000000002,-0.578031745501709,4
2026-09-01,SUNPHARMA,7,1,0.07828416994049194,0.4926423728466034,-0.5556643,0.10628119999999998,-0.7119455009185791,4
2026-09-01,SUNPHARMA,8,1,0.0720419514764954,0.4590088427066803,-0.6379247,0.1062812,-0.7942058711730957,4
2026-09-01,SUNPHARMA,9,1,0.08015377203424316,0.4287912845611572,-0.349617,0.10628119999999998,-0.5058982043945313,4
2026-09-01,SUNPHARMA,10,1,0.08814153461160341,0.42082732915878296,-0.14949441,0.1062812,-0.30577560956115724,4
2026-09-01,SUNPHARMA,11,1,0.09292241864631702,0.40459343791007996,0.1394391,0.1062812,-0.01684209401245118,4
2026-09-01,SUNPHARMA,12,1,0.05909474563345043,0.38374054431915283,0.15505552,0.1062812,-0.0012256770812988371,4
2026-09-01,SUNPHARMA,19,-1,-0.058263846521244174,0.19978545606136322,-0.07225275,0.10628119999999998,-0.22853395039672847,4
2026-09-01,SUNPHARMA,20,-1,-0.05586277182933246,0.1953825205564499,-0.17547607,0.1062812,-0.33175727421875,4
2026-09-01,SUNPHARMA,21,-1,-0.04415179416032512,0.19257232546806335,-0.22727251,0.1062812,-0.38355371052856446,4
2026-09-01,SUNPHARMA,22,-1,-0.06840724352640104,0.18521323800086975,-0.16522408,0.10628119999999998,-0.32150527531738277,4
2026-09-01,SUNPHARMA,26,-1,-0.04080436919222629,0.17055103182792664,-0.0,0.1062812,-0.1562812,4
2026-09-01,SUNPHARMA,39,-1,-0.04608034794041046,0.14112156629562378,-0.08275509,0.10628119999999998,-0.2390362888061523,4
2026-09-01,SUNPHARMA,42,-1,-0.10283013496207885,0.11917078495025635,0.47513843,0.1062812,0.31885722582702636,4
2026-09-01,SUNPHARMA,54,-1,-0.06343593719437407,0.17104944586753845,-0.031161308,0.10628119999999998,-0.18744250828857417,4
2026-09-01,SUNPHARMA,55,-1,-0.3138467263339761,0.1808372586965561,-0.1663208,0.1062812,-0.32260200078125,4
2026-09-01,SUNPHARMA,56,-1,-0.050108303279028876,0.18258948624134064,-0.124680996,0.1062812,-0.2809621959411621,4
2026-09-01,SUNPHARMA,57,-1,-0.1862322252877188,0.18771691620349884,0.031155348,0.1062812,-0.12512585217590333,4
2026-09-01,SUPREMEIND,3,1,0.07157023217938456,1.020829439163208,-0.6980479,0.10628120000000002,-0.8543290763580322,4
2026-09-01,SUPREMEIND,4,1,0.12049266038054757,0.8949405550956726,-0.7920146,0.1062812,-0.9482957988464356,4
2026-09-01,SUPREMEIND,5,1,0.07224881134617624,0.8043769001960754,-0.71487427,0.1062812,-0.871155467578125,4
2026-09-01,SUPREMEIND,6,1,0.04280632780145108,0.7421360611915588,-0.22058487,0.10628119999999998,-0.3768660693847656,4
2026-09-01,SUPREMEIND,7,1,0.08967438000248519,0.6706783771514893,0.057971478,0.1062812,-0.09830972249145509,4
2026-09-01,SUPREMEIND,8,1,0.08034944416813604,0.6193144917488098,-0.033152103,0.1062812,-0.18943330342407227,4
2026-09-01,SUPREMEIND,9,1,0.081510215482408,0.5895370841026306,-0.04977584,0.1062812,-0.20605703885192872,4
2026-09-01,SUPREMEIND,10,1,0.08167526206024736,0.5552722811698914,0.10240078,0.1062812,-0.053880420275878915,4
2026-09-01,SUPREMEIND,11,1,0.07851751516697944,0.5386930108070374,0.21064281,0.1062812,0.05436161463623046,4
2026-09-01,SUPREMEIND,19,-1,-0.05732643700477992,0.22605228424072266,0.22123456,0.10628119999999998,0.0649533600128174,4
2026-09-01,SUPREMEIND,20,-1,-0.05413457381050555,0.20707634091377258,0.2156198,0.1062812,0.05933860247497558,4
2026-09-01,SUPREMEIND,22,-1,-0.0602231554921034,0.2074260115623474,0.05541444,0.1062812,-0.10086676175231934,4
2026-09-01,SUPREMEIND,26,-1,-0.04158803047113978,0.17817005515098572,0.42114258,0.1062812,0.264861378125,4
2026-09-01,SUPREMEIND,54,-1,-0.06214095920575802,0.177816703915596,0.27968884,0.1062812,0.12340763514404295,4
2026-09-01,SUPREMEIND,55,-1,-0.2863830825627199,0.1877329796552658,0.07277727,0.1062812,-0.08350392872924806,4
2026-09-01,SUPREMEIND,56,-1,-0.04452882553390844,0.18795961141586304,0.17057061,0.1062812,0.014289411953735343,4
2026-09-01,SUPREMEIND,57,-1,-0.16329394885779444,0.19136928021907806,-0.028002262,0.1062812,-0.18428346211547852,4
2026-09-01,SUZLON,3,1,0.050420993210848454,0.7291902899742126,-0.5961299,0.1062812,-0.7524110942565918,4
2026-09-01,SUZLON,4,1,0.11200905685797975,0.6796340942382812,-0.12823343,0.10628119999999998,-0.28451463276977534,4
2026-09-01,SUZLON,7,1,0.08480142936959316,0.4930342733860016,0.32154322,0.10628119999999998,0.1652620167053223,4
2026-09-01,SUZLON,8,1,0.0711891754394867,0.4526408910751343,0.3001094,0.10628119999999998,0.14382818644409184,4
2026-09-01,SUZLON,9,1,0.07601959631991498,0.42854246497154236,0.19272566,0.1062812,0.03644445841674804,4
2026-09-01,SUZLON,10,1,0.08003504592632081,0.40109917521476746,0.14992952,0.10628119999999998,-0.006351676531982403,4
2026-09-01,SUZLON,11,1,0.08577992536735234,0.38340920209884644,0.1497984,0.1062812,-0.00648280675048829,4
2026-09-01,SUZLON,12,1,0.04753336196586749,0.3619143068790436,0.14970303,0.1062812,-0.006578174182128915,4
2026-09-01,SUZLON,19,-1,-0.06323665686865414,0.12812301516532898,-0.0,0.1062812,-0.1562812,4
2026-09-01,SUZLON,20,-1,-0.05662871510687842,0.12815038859844208,-0.06407499,0.10628119999999998,-0.22035619313354488,4
2026-09-01,SUZLON,21,-1,-0.051588445962586355,0.12357377260923386,0.0854373,0.10628119999999998,-0.07084390217895506,4
2026-09-01,SUZLON,22,-1,-0.07102450965755765,0.1279863715171814,0.32002926,0.1062812,0.16374805872802733,4
2026-09-01,SUZLON,39,-1,-0.052008715310458996,0.1283416897058487,0.21395683,0.10628119999999998,0.057675632885742206,4
2026-09-01,SUZLON,42,-1,-0.09835505188515731,0.12236145883798599,0.085657835,0.1062812,-0.07062336499328614,4
2026-09-01,SUZLON,54,-1,-0.07447560248847403,0.15491363406181335,0.38651824,0.1062812,0.23023703997497558,4
2026-09-01,SUZLON,55,-1,-0.3171187242016667,0.17061825096607208,0.06456375,0.1062812,-0.09171744877929688,4
2026-09-01,SUZLON,56,-1,-0.050108303279028876,0.17661415040493011,0.08599758,0.10628119999999998,-0.07028361851806639,4
2026-09-01,SUZLON,57,-1,-0.19093804882673396,0.18153291940689087,-0.043082237,0.1062812,-0.19936343724365235,4
2026-09-01,TATACOMM,3,1,0.058342228516112635,0.5395687222480774,0.36239624,0.1062812,0.206115040234375,4
2026-09-01,TATACOMM,4,1,0.11284726734637668,0.4537486732006073,0.3742695,0.1062812,0.2179882854736328,4
2026-09-01,TATACOMM,5,1,0.06454520182592495,0.40659990906715393,0.37437677,0.10628119999999998,0.21809557383422856,4
2026-09-01,TATACOMM,7,1,0.08625272675650678,0.40625107288360596,-0.17442107,0.1062812,-0.3307022720062256,4
2026-09-01,TATACOMM,8,1,0.07246611542012424,0.3856825828552246,-0.0697732,0.10628119999999998,-0.22605439717407222,4
2026-09-01,TATACOMM,9,1,0.07641074083620339,0.3590560555458069,0.01745224,0.10628120000000002,-0.13882896000976563,4
2026-09-01,TATACOMM,10,1,0.08091064800520226,0.3457413613796234,0.44845343,0.1062812,0.292172226361084,4
2026-09-01,TATACOMM,11,1,0.07982611697015343,0.3316057324409485,0.32624006,0.1062812,0.16995886271362304,4
2026-09-01,TATACOMM,19,-1,-0.05606715858616138,0.22528500854969025,-0.017392635,0.1062812,-0.173673835345459,4
2026-09-01,TATACOMM,20,-1,-0.05109815414850347,0.18841621279716492,-0.0289917,0.1062812,-0.18527289921875,4
2026-09-01,TATACOMM,22,-1,-0.05928934316174272,0.18986786901950836,0.16243458,0.10628120000000002,0.006153377941894508,4
2026-09-01,TATACOMM,42,-1,-0.04414302363579242,0.239495649933815,0.017285347,0.10628119999999998,-0.1389958530151367,4
2026-09-01,TATACOMM,54,-1,-0.060911279529982626,0.21841229498386383,0.17885566,0.10628119999999998,0.022574457577514667,4
2026-09-01,TATACOMM,55,-1,-0.28752297817977146,0.17578749358654022,0.19064546,0.1062812,0.034364256314086905,4
2026-09-01,TATACOMM,57,-1,-0.166723953906304,0.16452226042747498,0.16163588,0.10628119999999998,0.005354675701904316,4
2026-09-01,TATACONSUM,3,1,0.0542452512777016,0.4414951503276825,-0.097066164,0.10628119999999998,-0.2533473640167236,4
2026-09-01,TATACONSUM,4,1,0.11049171228720672,0.38987916707992554,-0.058192015,0.1062812,-0.21447321469421388,4
2026-09-01,TATACONSUM,5,1,0.06655703531532717,0.36101943254470825,0.22341013,0.1062812,0.06712892954711913,4
2026-09-01,TATACONSUM,7,1,0.08081709966847173,0.30508822202682495,0.3888011,0.10628119999999998,0.2325198978698731,4
2026-09-01,TATACONSUM,8,1,0.06048021909623394,0.2818567752838135,0.4861951,0.10628119999999998,0.3299138874328614,4
2026-09-01,TATACONSUM,9,1,0.058913056811934185,0.270876407623291,0.31077862,0.10628119999999998,0.15449741785888677,4
2026-09-01,TATACONSUM,10,1,0.07004922576080523,0.2614583373069763,0.36908388,0.1062812,0.21280268137817382,4
2026-09-01,TATACONSUM,11,1,0.06667813842311549,0.2596096992492676,0.26187897,0.1062812,0.10559776728515623,4
2026-09-01,TATACONSUM,19,-1,-0.056094933676494645,0.16987140476703644,-0.2513528,0.1062812,-0.4076339870178223,4
2026-09-01,TATACONSUM,20,-1,-0.052852204780397385,0.17726144194602966,-0.12552738,0.1062812,-0.28180858189697267,4
2026-09-01,TATACONSUM,22,-1,-0.0582014426370778,0.18648038804531097,-0.15472174,0.10628119999999998,-0.31100293690795894,4
2026-09-01,TATACONSUM,42,-1,-0.04252214472864926,0.11445102095603943,-0.11584759,0.10628119999999998,-0.27212878758544917,4
2026-09-01,TATACONSUM,54,-1,-0.05618249005534391,0.18540161848068237,0.13552904,0.1062812,-0.020752158709716806,4
2026-09-01,TATACONSUM,55,-1,-0.2902484083294776,0.17853549122810364,-0.0,0.10628119999999998,-0.15628119999999998,4
2026-09-01,TATACONSUM,57,-1,-0.16409787485068617,0.18204839527606964,0.19379854,0.10628120000000002,0.037517342022705055,4
2026-09-01,TATAELXSI,3,1,0.05683342408230429,0.6797826886177063,-0.6604016,0.10628119999999998,-0.8166827827178955,4
2026-09-01,TATAELXSI,4,1,0.11547410119593446,0.6215166449546814,-0.14696121,0.1062812,-0.30324241215820313,4
2026-09-01,TATAELXSI,5,1,0.0578715503472486,0.553828775882721,0.28036833,0.1062812,0.1240871280944824,4
2026-09-01,TATAELXSI,7,1,0.08812044792838566,0.45441845059394836,0.61700344,0.10628119999999998,0.46072224085693364,4
2026-09-01,TATAELXSI,8,1,0.08005755527305798,0.43633586168289185,0.97492933,0.10628120000000002,0.8186481327331543,4
2026-09-01,TATAELXSI,9,1,0.0746164091272214,0.41314002871513367,0.8296251,0.1062812,0.673343929699707,4
2026-09-01,TATAELXSI,10,1,0.07464348160029144,0.38714271783828735,0.76760054,0.1062812,0.6113193363464355,4
2026-09-01,TATAELXSI,11,1,0.0693256175714122,0.3790398836135864,0.55509806,0.1062812,0.3988168567932129,4
2026-09-01,TATAELXSI,19,-1,-0.051191075879977455,0.20657046139240265,-0.09934902,0.1062812,-0.2556302219116211,4
2026-09-01,TATAELXSI,20,-1,-0.052190555012276825,0.20144541561603546,-0.080013275,0.1062812,-0.23629447514648438,4
2026-09-01,TATAELXSI,22,-1,-0.06269636384181305,0.1973004788160324,0.0027537346,0.1062812,-0.15352746541137696,4
2026-09-01,TATAELXSI,42,-1,-0.04539176455654116,0.2313546985387802,0.45386553,0.1062812,0.29758432810668944,4
2026-09-01,TATAELXSI,54,-1,-0.057319427260216625,0.19237560033798218,0.5065501,0.10628119999999998,0.3502688736236573,4
2026-09-01,TATAELXSI,55,-1,-0.2912921779692155,0.20652014017105103,0.11869669,0.1062812,-0.03758451039428712,4
2026-09-01,TATAELXSI,57,-1,-0.16504797758465975,0.19771650433540344,0.10778308,0.10628119999999998,-0.048498120852661114,4
2026-09-01,TATAINVEST,3,1,0.0578098808232136,0.345834881067276,-0.14855266,0.1062812,-0.30483385617370606,4
2026-09-01,TATAINVEST,4,1,0.10488692154432253,0.30639132857322693,-0.15627146,0.10628119999999998,-0.3125526576721191,4
2026-09-01,TATAINVEST,7,1,0.05124804780436796,0.2556803822517395,0.12538433,0.1062812,-0.03089686925048829,4
2026-09-01,TATAINVEST,11,1,0.04504007663446343,0.22825609147548676,0.07036924,0.10628119999999998,-0.08591195637817381,4
2026-09-01,TATAINVEST,19,-1,-0.060150787599059626,0.14419811964035034,-0.1642108,0.10628119999999998,-0.3204919963562011,4
2026-09-01,TATAINVEST,20,-1,-0.053837005901622374,0.14871621131896973,-0.25827885,0.10628119999999998,-0.4145600467407226,4
2026-09-01,TATAINVEST,21,-1,-0.04471464983882221,0.15202297270298004,0.3127694,0.10628119999999998,0.1564882129943848,4
2026-09-01,TATAINVEST,22,-1,-0.07102450965755765,0.1507749855518341,0.3516972,0.10628119999999998,0.19541600649719243,4
2026-09-01,TATAINVEST,39,-1,-0.0525777908814604,0.17208367586135864,0.031393766,0.10628119999999998,-0.12488743359680174,4
2026-09-01,TATAINVEST,42,-1,-0.098326510249304,0.1266920566558838,0.18033981,0.10628119999999998,0.024058613232421894,4
2026-09-01,TATAINVEST,54,-1,-0.07419445384551066,0.10002031922340393,0.18882751,0.10628119999999998,0.03254631464843752,4
2026-09-01,TATAINVEST,55,-1,-0.3119954003323308,0.10064540803432465,-0.0,0.1062812,-0.1562812,4
2026-09-01,TATAINVEST,56,-1,-0.050108303279028876,0.10516785830259323,-0.06299019,0.10628119999999998,-0.21927138859863277,4
2026-09-01,TATAINVEST,57,-1,-0.1862322252877188,0.10573843121528625,0.023627281,0.10628119999999998,-0.13265391881103514,4
2026-09-01,TATAPOWER,3,1,0.05521137977200023,0.32979899644851685,-0.15770197,0.10628119999999998,-0.31398316914672847,4
2026-09-01,TATAPOWER,4,1,0.10411935417772794,0.31025707721710205,0.0574708,0.1062812,-0.09881040150756837,4
2026-09-01,TATAPOWER,5,1,0.05465681008944273,0.2826088070869446,0.04310608,0.1062812,-0.11317512089843751,4
2026-09-01,TATAPOWER,7,1,0.043313289263819436,0.24964123964309692,0.3448367,0.1062812,0.1885555118835449,4
2026-09-01,TATAPOWER,19,-1,-0.05675210873144158,0.18234135210514069,-0.14261007,0.1062812,-0.2988912730895996,4
2026-09-01,TATAPOWER,20,-1,-0.049534602686727255,0.18877676129341125,-0.38571358,0.1062812,-0.5419947772705078,4
2026-09-01,TATAPOWER,22,-1,-0.06318982657551872,0.2064662128686905,0.014233589,0.10628120000000002,-0.14204761082763673,4
2026-09-01,TATAPOWER,42,-1,-0.042834138585281394,0.13013003766536713,0.056940317,0.1062812,-0.09934088284606934,4
2026-09-01,TATAPOWER,54,-1,-0.06291180423806109,0.11090786010026932,0.28489828,0.1062812,0.1286170810974121,4
2026-09-01,TATAPOWER,55,-1,-0.2912921779692155,0.14005552232265472,-0.21471977,0.1062812,-0.3710009723388672,4
2026-09-01,TATAPOWER,57,-1,-0.1671175762879329,0.16921766102313995,0.08563399,0.1062812,-0.0706472068511963,4
2026-09-01,TATASTEEL,3,1,0.05078075706346072,0.47478657960891724,-0.25104284,0.1062812,-0.40732404286499024,4
2026-09-01,TATASTEEL,4,1,0.10701732922081417,0.4930594265460968,-0.6312251,0.1062812,-0.7875063091003418,4
2026-09-01,TATASTEEL,7,1,0.07955420984919019,0.3748150169849396,0.010919571,0.1062812,-0.14536162907714845,4
2026-09-01,TATASTEEL,8,1,0.07324146946133936,0.349859356880188,0.08199215,0.1062812,-0.07428905064697267,4
2026-09-01,TATASTEEL,9,1,0.07947195107939052,0.32679274678230286,0.14754534,0.1062812,-0.008735862322998056,4
2026-09-01,TATASTEEL,10,1,0.07294197140582881,0.315828800201416,0.2243042,0.1062812,0.06802299921874999,4
2026-09-01,TATASTEEL,11,1,0.08159088500087677,0.29844924807548523,0.33951998,0.1062812,0.18323877756958007,4
2026-09-01,TATASTEEL,12,1,0.04429896771807444,0.2862405478954315,0.27354956,0.1062812,0.11726835673217771,4
2026-09-01,TATASTEEL,19,-1,-0.06286195040892266,0.15978460013866425,-1.6477585,0.1062812,-1.8040396838867188,4
2026-09-01,TATASTEEL,20,-1,-0.0580743219132158,0.15153458714485168,-1.7233849,0.10628119999999998,-1.8796660571777344,4
2026-09-01,TATASTEEL,21,-1,-0.05106615665830858,0.14488065242767334,-1.5155673,0.1062812,-1.6718485027038574,4
2026-09-01,TATASTEEL,22,-1,-0.07091958595296223,0.15738195180892944,-1.0551572,0.10628119999999998,-1.21143838460083,4
2026-09-01,TATASTEEL,42,-1,-0.09022406247590066,0.25471803545951843,0.5054891,0.1062812,0.34920791094665526,4
2026-09-01,TATASTEEL,54,-1,-0.07443229273788049,0.1904548853635788,0.5689502,0.1062812,0.41266897623901366,4
2026-09-01,TATASTEEL,55,-1,-0.31641413370649163,0.20030678808689117,0.303787,0.1062812,0.1475057930267334,4
2026-09-01,TATASTEEL,56,-1,-0.047842100688896785,0.19825106859207153,0.22269487,0.10628119999999998,0.06641367380981447,4
2026-09-01,TATASTEEL,57,-1,-0.1909518019642702,0.18813344836235046,0.28297305,0.10628119999999998,0.12669185107116704,4
2026-09-01,TCS,3,1,0.05684463017370907,0.7599565386772156,-0.2379179,0.1062812,-0.3941991000854492,4
2026-09-01,TCS,4,1,0.11200905685797975,0.7050273418426514,0.055408478,0.10628119999999998,-0.10087272221679686,4
2026-09-01,TCS,7,1,0.07309733003280412,0.4962242543697357,0.029850006,0.1062812,-0.12643119389648438,4
2026-09-01,TCS,8,1,0.07138425565478267,0.4701233208179474,0.3418684,0.1062812,0.18558720057373046,4
2026-09-01,TCS,9,1,0.07992744255745245,0.4471851587295532,0.21351576,0.10628120000000002,0.057234558514404274,4
2026-09-01,TCS,10,1,0.0768600212748804,0.4398115277290344,0.0,0.10628119999999998,-0.15628119999999998,4
2026-09-01,TCS,11,1,0.08256932112312504,0.42777568101882935,0.12780428,0.1062812,-0.02847692067260743,4
2026-09-01,TCS,12,1,0.050325808443628606,0.4156387150287628,0.23009777,0.10628119999999998,0.07381657069091799,4
2026-09-01,TCS,19,-1,-0.06985961834933908,0.20283964276313782,0.17009974,0.10628119999999998,0.013818535260009784,4
2026-09-01,TCS,20,-1,-0.051186737325366306,0.22110897302627563,-0.110816956,0.1062812,-0.26709815556640626,4
2026-09-01,TCS,21,-1,-0.05665878414849181,0.2345789521932602,0.16589165,0.1062812,0.009610447338867179,4
2026-09-01,TCS,22,-1,-0.06684932219244853,0.22425751388072968,0.123375654,0.1062812,-0.032905545779418954,4
2026-09-01,TCS,39,-1,-0.053090980177419665,0.19940227270126343,0.042295456,0.1062812,-0.11398574406738282,4
2026-09-01,TCS,42,-1,-0.10402777344299809,0.21428696811199188,-0.025391579,0.1062812,-0.18167277867431642,4
2026-09-01,TCS,54,-1,-0.07781456047877151,0.1715705543756485,0.14801621,0.10628119999999998,-0.008264985629272442,4
2026-09-01,TCS,55,-1,-0.32163809194004717,0.1748647838830948,-0.07200241,0.10628119999999998,-0.22828361088867183,4
2026-09-01,TCS,56,-1,-0.05539310851271311,0.17512309551239014,0.08045435,0.1062812,-0.07582685048217774,4
2026-09-01,TCS,57,-1,-0.19726170195096332,0.1822032481431961,0.13144016,0.10628119999999998,-0.024841037341308575,4
2026-09-01,TECHM,3,1,0.04870264287237106,0.7251465916633606,-0.52592754,0.1062812,-0.6822087436401367,4
2026-09-01,TECHM,4,1,0.10891087224968413,0.6442522406578064,-0.11639595,0.10628119999999998,-0.27267715031738277,4
2026-09-01,TECHM,5,1,0.06755996366533813,0.6006461977958679,0.092089176,0.1062812,-0.0641920238220215,4
2026-09-01,TECHM,7,1,0.09136749008139702,0.489865243434906,0.10441542,0.1062812,-0.05186578328247071,4
2026-09-01,TECHM,8,1,0.07991192787814264,0.45800691843032837,0.36907196,0.10628119999999998,0.2127907604492188,4
2026-09-01,TECHM,9,1,0.08121207298446963,0.4298025071620941,0.3509879,0.1062812,0.19470671122436523,4
2026-09-01,TECHM,10,1,0.07861277332040124,0.41860827803611755,0.44265985,0.1062812,0.286378654888916,4
2026-09-01,TECHM,11,1,0.07033488561941721,0.4093828797340393,0.17176867,0.1062812,0.015487465313720694,4
2026-09-01,TECHM,19,-1,-0.057445697105498926,0.22038525342941284,0.091826916,0.10628119999999998,-0.06445428425903318,4
2026-09-01,TECHM,20,-1,-0.05401649264480189,0.22880853712558746,0.2506554,0.1062812,0.09437421267395017,4
2026-09-01,TECHM,22,-1,-0.06391729808048871,0.22776834666728973,0.32987595,0.10628119999999998,0.17359474604492192,4
2026-09-01,TECHM,42,-1,-0.042038923695474,0.22003433108329773,0.060868263,0.1062812,-0.0954129367553711,4
2026-09-01,TECHM,54,-1,-0.05971820036706901,0.15183641016483307,0.50548315,0.1062812,0.3492019504821777,4
2026-09-01,TECHM,55,-1,-0.2847121093714866,0.17225836217403412,0.042760372,0.10628119999999998,-0.11352082783813475,4
2026-09-01,TECHM,57,-1,-0.16570141435964553,0.17995749413967133,0.20174384,0.1062812,0.04546264117126464,4
2026-09-01,THERMAX,3,1,0.05488081829575462,0.62542724609375,-0.19283295,0.1062812,-0.34911414677734376,4
2026-09-01,THERMAX,4,1,0.10879525882641754,0.5361521244049072,-0.5424917,0.10628119999999998,-0.6987728744232178,4
2026-09-01,THERMAX,5,1,0.0647149166509868,0.5245862007141113,-0.3640592,0.1062812,-0.5203404098236084,4
2026-09-01,THERMAX,7,1,0.0826875709540426,0.4419657588005066,-0.24920702,0.1062812,-0.4054882198059082,4
2026-09-01,THERMAX,8,1,0.06890515592081928,0.40009453892707825,-0.116974115,0.1062812,-0.2732553153717041,4
2026-09-01,THERMAX,9,1,0.0725635230645615,0.3792886734008789,-0.08403063,0.10628119999999998,-0.24031182820434566,4
2026-09-01,THERMAX,10,1,0.0679720100080374,0.36999598145484924,-0.1476109,0.10628119999999998,-0.30389210278625484,4
2026-09-01,THERMAX,11,1,0.07909149522017496,0.3748874366283417,0.015306473,0.1062812,-0.1409747272216797,4
2026-09-01,THERMAX,12,1,0.047031491628795455,0.36696478724479675,0.29370785,0.1062812,0.13742664759521483,4
2026-09-01,THERMAX,19,-1,-0.05723099697254311,0.19226309657096863,0.11713505,0.1062812,-0.03914615208740235,4
2026-09-01,THERMAX,20,-1,-0.05525007138851376,0.18342457711696625,0.16798377,0.10628119999999998,0.011702570370483417,4
2026-09-01,THERMAX,22,-1,-0.0651781412076919,0.20499099791049957,0.36935806,0.1062812,0.21307686274414062,4
2026-09-01,THERMAX,42,-1,-0.04764632501854717,0.20521053671836853,-0.06943941,0.10628119999999998,-0.22572061116333003,4
2026-09-01,THERMAX,54,-1,-0.06482198286684072,0.16405557096004486,0.22301674,0.1062812,0.06673553889160155,4
2026-09-01,THERMAX,55,-1,-0.2897962321819859,0.17863032221794128,0.38648844,0.1062812,0.23020723765258788,4
2026-09-01,THERMAX,56,-1,-0.04391502845067363,0.18686354160308838,0.38884282,0.1062812,0.2325616211212158,4
2026-09-01,THERMAX,57,-1,-0.1685075156502458,0.17553851008415222,0.38870573,0.10628119999999998,0.23242453043823247,4
2026-09-01,TIINDIA,3,1,0.0532263832376946,0.6425211429595947,-0.13659596,0.1062812,-0.2928771644317627,4
2026-09-01,TIINDIA,4,1,0.10956249880724224,0.5745425820350647,-0.3050208,0.1062812,-0.461302009173584,4
2026-09-01,TIINDIA,5,1,0.06507531109341937,0.542356014251709,0.115180016,0.1062812,-0.041101184436035165,4
2026-09-01,TIINDIA,7,1,0.09617162685785165,0.47007304430007935,0.45790672,0.1062812,0.30162552302246093,4
2026-09-01,TIINDIA,8,1,0.08282946636604642,0.44219616055488586,0.25650263,0.1062812,0.10022142832641599,4
2026-09-01,TIINDIA,9,1,0.07972218824560502,0.4392622113227844,0.180161,0.1062812,0.023879799298095694,4
2026-09-01,TIINDIA,10,1,0.07309867712252606,0.42277035117149353,0.06479025,0.1062812,-0.0914909511291504,4
2026-09-01,TIINDIA,11,1,0.07104426657783125,0.396538108587265,0.014400482,0.1062812,-0.14188071782226563,4
2026-09-01,TIINDIA,19,-1,-0.056118305521085717,0.22774013876914978,0.18671751,0.1062812,0.030436310223388663,4
2026-09-01,TIINDIA,20,-1,-0.047901247846011324,0.21931913495063782,0.0755012,0.1062812,-0.0807799964630127,4
2026-09-01,TIINDIA,22,-1,-0.056447127959221084,0.20875999331474304,0.25164485,0.1062812,0.09536364977722166,4
2026-09-01,TIINDIA,42,-1,-0.04394235438598744,0.18539994955062866,-0.123250484,0.1062812,-0.27953168446655274,4
2026-09-01,TIINDIA,54,-1,-0.055473982436941606,0.2060871720314026,0.5038202,0.10628119999999998,0.3475389808929444,4
2026-09-01,TIINDIA,55,-1,-0.29148771821940117,0.22318312525749207,0.098109245,0.10628119999999998,-0.05817195469970701,4
2026-09-01,TIINDIA,57,-1,-0.16216763684341393,0.2274506390094757,0.06543398,0.10628119999999998,-0.09084722096557615,4
2026-09-01,TITAN,3,1,0.06932699291561784,0.5923001170158386,-0.3552735,0.1062812,-0.5115546851837158,4
2026-09-01,TITAN,4,1,0.1401179961129214,0.6176762580871582,0.009930134,0.10628119999999998,-0.1463510661804199,4
2026-09-01,TITAN,5,1,0.1113396485016371,0.6040090322494507,0.50781965,0.10628120000000002,0.35153845255737304,4
2026-09-01,TITAN,6,1,0.042105734492784826,0.59003746509552,0.23831129,0.1062812,0.08203009074096677,4
2026-09-01,TITAN,7,1,0.08771885786874965,0.5614217519760132,0.06939173,0.1062812,-0.08688947255249024,4
2026-09-01,TITAN,8,1,0.07433733288525471,0.5267962217330933,-0.15836954,0.1062812,-0.3146507411682129,4
2026-09-01,TITAN,9,1,0.07687406375438081,0.5025275349617004,0.11894703,0.1062812,-0.03733417088623048,4
2026-09-01,TITAN,10,1,0.07720326015357758,0.4807908833026886,-0.009906292,0.10628119999999998,-0.1661874919616699,4
2026-09-01,TITAN,11,1,0.08362761418741275,0.45813900232315063,0.25799274,0.1062812,0.10171154444580076,4
2026-09-01,TITAN,12,1,0.045933733659374046,0.43971285223960876,0.3762722,0.10628119999999998,0.21999100153808598,4
2026-09-01,TITAN,19,-1,-0.051123589494636475,0.2466212809085846,0.34527183,0.1062812,0.18899062579040526,4
2026-09-01,TITAN,20,-1,-0.05277065292039304,0.2280983328819275,0.50266385,0.1062812,0.34638265078430175,4
2026-09-01,TITAN,22,-1,-0.05928934316174272,0.2017238289117813,0.30602217,0.1062812,0.14974096720581054,4
2026-09-01,TITAN,42,-1,-0.04567141514357154,0.13529211282730103,-0.019836426,0.10628119999999998,-0.17611762578124995,4
2026-09-01,TITAN,54,-1,-0.059227853957594605,0.15390725433826447,0.29797554,0.1062812,0.1416943401611328,4
2026-09-01,TITAN,55,-1,-0.28618494315958937,0.15975575149059296,0.009942055,0.1062812,-0.14633914525146485,4
2026-09-01,TITAN,57,-1,-0.1650704286640909,0.15259481966495514,0.1688838,0.10628119999999998,0.012602600506591816,4
2026-09-01,TMCV,3,1,0.06891765132300073,0.7749641537666321,-0.5150199,0.10628119999999998,-0.6713010936462402,4
2026-09-01,TMCV,4,1,0.14600759871520747,0.7087454199790955,-0.053858757,0.10628119999999998,-0.21013995701904292,4
2026-09-01,TMCV,5,1,0.1074315631652767,0.6270655989646912,0.05390644,0.1062812,-0.10237475926513673,4
2026-09-01,TMCV,6,1,0.06329956741614756,0.5756763219833374,-0.32313466,0.10628119999999998,-0.47941586072082515,4
2026-09-01,TMCV,7,1,0.10238900798865898,0.5170737504959106,-0.24781823,0.1062812,-0.4040994315826416,4
2026-09-01,TMCV,8,1,0.08459975895649306,0.4822065234184265,-0.269109,0.10628119999999998,-0.4253902106964111,4
2026-09-01,TMCV,9,1,0.09188541583447775,0.45047876238822937,-0.15092492,0.1062812,-0.3072061210357666,4
2026-09-01,TMCV,10,1,0.10115241681722345,0.41964003443717957,-0.12942553,0.10628119999999998,-0.28570672566528316,4
2026-09-01,TMCV,11,1,0.09878167123344336,0.39605483412742615,-0.14014244,0.1062812,-0.29642364079589845,4
2026-09-01,TMCV,12,1,0.04596678311150632,0.37218087911605835,-0.1185596,0.10628119999999998,-0.27484079892272945,4
2026-09-01,TMCV,13,1,0.046483156252733304,0.36817970871925354,0.22696257,0.1062812,0.07068136637573241,4
2026-09-01,TMCV,19,-1,-0.05532929527274326,0.14953231811523438,0.3669262,0.10628119999999998,0.21064499323730473,4
2026-09-01,TMCV,20,-1,-0.05148810272839171,0.14941945672035217,0.42057037,0.1062812,0.26428917353515624,4
2026-09-01,TMCV,22,-1,-0.06404052472519291,0.15095995366573334,0.43131113,0.1062812,0.27502993052368163,4
2026-09-01,TMCV,54,-1,-0.051232860645776604,0.26725322008132935,0.5052686,0.1062812,0.3489873737609863,4
2026-09-01,TMCV,55,-1,-0.2662295438727393,0.25617438554763794,0.30155778,0.1062812,0.14527657931213378,4
2026-09-01,TMCV,57,-1,-0.16205495924587862,0.2293475866317749,0.28014183,0.1062812,0.12386063044433591,4
2026-09-01,TORNTPHARM,3,1,0.052895474571884496,0.44534412026405334,-0.11134744,0.1062812,-0.26762863690490724,4
2026-09-01,TORNTPHARM,4,1,0.11380895567304634,0.3789644241333008,-0.08106828,0.10628119999999998,-0.23734947735900874,4
2026-09-01,TORNTPHARM,7,1,0.08040163173562893,0.3282136917114258,-0.08112788,0.1062812,-0.2374090820037842,4
2026-09-01,TORNTPHARM,8,1,0.06960157088533979,0.32302358746528625,-0.22284985,0.10628120000000002,-0.3791310458862305,4
2026-09-01,TORNTPHARM,9,1,0.05761134619673714,0.3068043887615204,-0.060731173,0.1062812,-0.21701237256164552,4
2026-09-01,TORNTPHARM,10,1,0.06808707916560036,0.29480046033859253,0.42549372,0.1062812,0.2692125171936035,4
2026-09-01,TORNTPHARM,11,1,0.07429227671492251,0.28397566080093384,0.60864687,0.1062812,0.4523656696594239,4
2026-09-01,TORNTPHARM,19,-1,-0.06991339511901017,0.21381057798862457,-0.1109004,0.1062812,-0.2671816020690918,4
2026-09-01,TORNTPHARM,20,-1,-0.060204307543583795,0.20953340828418732,-0.13104677,0.10628119999999998,-0.2873279720031738,4
2026-09-01,TORNTPHARM,21,-1,-0.054864886989536274,0.18569700419902802,-0.11087656,0.10628120000000002,-0.26715776021118165,4
2026-09-01,TORNTPHARM,22,-1,-0.07671411082111983,0.1754789650440216,-0.0,0.1062812,-0.1562812,4
2026-09-01,TORNTPHARM,26,-1,-0.046580045027738326,0.15321536362171173,0.050359964,0.1062812,-0.10592123562927247,4
2026-09-01,TORNTPHARM,39,-1,-0.05723267354401455,0.13448593020439148,0.080537796,0.10628119999999998,-0.07574340397949217,4
2026-09-01,TORNTPHARM,42,-1,-0.10702168165337712,0.14022521674633026,0.23155212,0.10628119999999998,0.07527092402343753,4
2026-09-01,TORNTPHARM,54,-1,-0.07215758265917314,0.1269584745168686,0.050497055,0.1062812,-0.10578414494628907,4
2026-09-01,TORNTPHARM,55,-1,-0.3175621211628516,0.1326623260974884,0.010097027,0.1062812,-0.14618417317504884,4
2026-09-01,TORNTPHARM,56,-1,-0.0556750241095497,0.13988636434078217,-0.06058216,0.1062812,-0.21686336094970704,4
2026-09-01,TORNTPHARM,57,-1,-0.19340800948947873,0.1406642198562622,-0.020194054,0.1062812,-0.17647525364990235,4
2026-09-01,TORNTPOWER,3,1,0.05428606812587845,0.38385286927223206,-0.12373328,0.10628119999999998,-0.28001448208923335,4
2026-09-01,TORNTPOWER,4,1,0.10812140007655813,0.35354411602020264,0.0826478,0.1062812,-0.07363339955444337,4
2026-09-01,TORNTPOWER,5,1,0.0618839607103967,0.3276619017124176,0.0,0.10628119999999998,-0.15628119999999998,4
2026-09-01,TORNTPOWER,7,1,0.06940250081669981,0.2822585701942444,0.36393404,0.1062812,0.20765284006958007,4
2026-09-01,TORNTPOWER,8,1,0.05933358442876411,0.2665196359157562,0.17356873,0.1062812,0.01728752558593749,4
2026-09-01,TORNTPOWER,19,-1,-0.05274120217372334,0.17060226202011108,0.61157346,0.1062812,0.45529225771789555,4
2026-09-01,TORNTPOWER,20,-1,-0.048659229887292196,0.16784487664699554,0.43856502,0.10628119999999998,0.2822838157928467,4
2026-09-01,TORNTPOWER,22,-1,-0.05924491241041801,0.19767169654369354,0.16624928,0.1062812,0.009968075207519522,4
2026-09-01,TORNTPOWER,54,-1,-0.060626677592929126,0.13904668390750885,-0.41476488,0.1062812,-0.5710460811340332,4
2026-09-01,TORNTPOWER,55,-1,-0.2902531854719141,0.14792199432849884,-0.28164387,0.1062812,-0.4379250674926758,4
2026-09-01,TORNTPOWER,57,-1,-0.16632306237682778,0.1625249832868576,-0.42204857,0.1062812,-0.578329768725586,4
2026-09-01,TRENT,3,1,0.0579912887552221,0.47284188866615295,-0.3017664,0.1062812,-0.45804759556884767,4
2026-09-01,TRENT,4,1,0.1180132669348709,0.4325883090496063,-0.06604791,0.1062812,-0.22232910687561036,4
2026-09-01,TRENT,5,1,0.06408589180435464,0.3789980411529541,-0.059086084,0.1062812,-0.21536728436584474,4
2026-09-01,TRENT,6,1,0.04388907856855209,0.3666943311691284,0.0069499016,0.10628119999999998,-0.14933129841918943,4
2026-09-01,TRENT,7,1,0.09019414873451671,0.35190901160240173,0.09046793,0.10628119999999998,-0.06581327015991209,4
2026-09-01,TRENT,8,1,0.07826753731520415,0.3262616991996765,0.4452467,0.1062812,0.28896549647216796,4
2026-09-01,TRENT,9,1,0.055108480861449594,0.3052729666233063,0.2294302,0.10628119999999998,0.07314899866943361,4
2026-09-01,TRENT,10,1,0.06387820602809219,0.29129499197006226,0.29213428,0.1062812,0.13585308497314452,4
2026-09-01,TRENT,11,1,0.06570510026515508,0.273341566324234,0.34782887,0.1062812,0.19154766505126952,4
2026-09-01,TRENT,19,-1,-0.05555183526378281,0.1597483605146408,0.24957657,0.1062812,0.0932953686035156,4
2026-09-01,TRENT,20,-1,-0.05078923332949965,0.14488865435123444,0.3155291,0.10628119999999998,0.1592479080474854,4
2026-09-01,TRENT,22,-1,-0.05588427228072401,0.1430622637271881,0.36152005,0.10628119999999998,0.2052388519561768,4
2026-09-01,TRENT,42,-1,-0.04764632501854717,0.15080517530441284,-0.02439022,0.1062812,-0.18067142064208985,4
2026-09-01,TRENT,54,-1,-0.060657020464401405,0.22529155015945435,0.70070624,0.1062812,0.5444250435150146,4
2026-09-01,TRENT,55,-1,-0.26737251204240814,0.24993063509464264,0.27134418,0.1062812,0.11506298487548826,4
2026-09-01,TRENT,57,-1,-0.11395295441955294,0.28147828578948975,0.27499795,0.1062812,0.1187167496002197,4
2026-09-01,TRENT,64,1,0.05459380117431956,0.2715214490890503,-0.30364394,0.1062812,-0.45992514187927247,4
2026-09-01,TVSMOTOR,3,1,0.05523676592501736,0.6179012656211853,0.8108854,0.1062812,0.6546042293823242,4
2026-09-01,TVSMOTOR,4,1,0.10756716833571682,0.5422017574310303,0.6760597,0.1062812,0.5197785229003906,4
2026-09-01,TVSMOTOR,7,1,0.07083310808499763,0.4495816230773926,0.50646067,0.1062812,0.35017946665649413,4
2026-09-01,TVSMOTOR,8,1,0.06646033368080857,0.4271656572818756,0.59633255,0.1062812,0.4400513500488281,4
2026-09-01,TVSMOTOR,9,1,0.07184966571207499,0.44428831338882446,-0.20970702,0.1062812,-0.36598822171325684,4
2026-09-01,TVSMOTOR,10,1,0.06997830070241343,0.44597384333610535,-0.2998948,0.1062812,-0.4561760097229004,4
2026-09-01,TVSMOTOR,11,1,0.07719454536634367,0.4304203391075134,-0.18882751,0.10628120000000002,-0.3451087146484375,4
2026-09-01,TVSMOTOR,12,1,0.048192159146678085,0.42262956500053406,0.13439655,0.1062812,-0.021884646960449228,4
2026-09-01,TVSMOTOR,19,-1,-0.04769332080235397,0.29490935802459717,0.38671494,0.1062812,0.23043373530273437,4
2026-09-01,TVSMOTOR,22,-1,-0.055347876288068164,0.26430246233940125,0.35417676,0.1062812,0.19789555971984862,4
2026-09-01,TVSMOTOR,42,-1,-0.06246176941871692,0.2553718090057373,1.3455808,0.10628119999999998,1.189299616268921,4
2026-09-01,TVSMOTOR,55,-1,-0.14721857009805536,0.7151857614517212,1.5942454,0.1062812,1.437964233807373,4
2026-09-01,TVSMOTOR,57,-1,-0.09998125561682787,0.7901522517204285,-0.9154558,0.1062812,-1.0717370181762695,4
2026-09-01,TVSMOTOR,64,1,0.09035511730641752,0.6330370903015137,-0.18287301,0.1062812,-0.339154210635376,4
2026-09-01,TVSMOTOR,65,1,0.09432263757563601,0.6358067393302917,0.15010834,0.1062812,-0.006172862597656259,4
2026-09-01,TVSMOTOR,66,1,0.08654269738308511,0.6409717798233032,0.06904602,0.1062812,-0.08723517949218751,4
2026-09-01,TVSMOTOR,67,1,0.08875952046195823,0.58433997631073,0.06904602,0.1062812,-0.08723517949218751,4
2026-09-01,UBL,3,1,0.053281519292412864,0.41912317276000977,0.20655394,0.1062812,0.05027273600463866,4
2026-09-01,UBL,4,1,0.10727629781536009,0.36589136719703674,0.41316748,0.1062812,0.2568862766540527,4
2026-09-01,UBL,5,1,0.061401435905906264,0.33562949299812317,0.3520012,0.1062812,0.19571999018554687,4
2026-09-01,UBL,7,1,0.0719567780221875,0.2880931794643402,0.45895576,0.10628119999999998,0.30267456477050786,4
2026-09-01,UBL,8,1,0.05258058867369793,0.2760155200958252,0.5198002,0.1062812,0.36351898615722655,4
2026-09-01,UBL,9,1,0.06643360417458681,0.28374233841896057,0.78988075,0.10628119999999998,0.6335995525634766,4
2026-09-01,UBL,10,1,0.059632701567237316,0.3116131126880646,0.4504919,0.1062812,0.29421070521240233,4
2026-09-01,UBL,11,1,0.06255649982501454,0.3028806746006012,0.3049016,0.1062812,0.1486203998840332,4
2026-09-01,UBL,19,-1,-0.051210812424619084,0.20858176052570343,-0.06842613,0.1062812,-0.22470733220214845,4
2026-09-01,UBL,20,-1,-0.04893313996044165,0.20623637735843658,-0.06839037,0.10628119999999998,-0.22467156941528316,4
2026-09-01,UBL,22,-1,-0.059160926967553894,0.21206125617027283,-0.24297237,0.10628119999999998,-0.3992535739624023,4
2026-09-01,UBL,42,-1,-0.04370524190829726,0.20333997905254364,0.40990114,0.1062812,0.2536199421203613,4
2026-09-01,UBL,54,-1,-0.05684008596536693,0.15082381665706635,0.3138721,0.1062812,0.15759089892272948,4
2026-09-01,UBL,55,-1,-0.29175199946864394,0.17592623829841614,-0.13818741,0.10628119999999998,-0.2944686084472656,4
2026-09-01,UBL,57,-1,-0.16751224936224157,0.19198568165302277,0.24504662,0.1062812,0.08876541560058591,4
2026-09-01,ULTRACEMCO,3,1,0.05267664687529551,0.38267526030540466,0.09571314,0.1062812,-0.06056806141967774,4
2026-09-01,ULTRACEMCO,4,1,0.11042912089099736,0.32527396082878113,0.026094913,0.10628120000000002,-0.130186286517334,4
2026-09-01,ULTRACEMCO,5,1,0.04741989020340758,0.31033381819725037,0.182724,0.1062812,0.02644279902343749,4
2026-09-01,ULTRACEMCO,7,1,0.06870349237514489,0.2651712894439697,0.086939335,0.1062812,-0.06934186513061524,4
2026-09-01,ULTRACEMCO,19,-1,-0.053338387623584636,0.10917437076568604,-0.15636683,0.10628119999999998,-0.3126480251037597,4
2026-09-01,ULTRACEMCO,20,-1,-0.05187643305070883,0.10483220964670181,-0.1128912,0.1062812,-0.26917239720458985,4
2026-09-01,ULTRACEMCO,22,-1,-0.06209997625180218,0.09744773805141449,-0.14775991,0.10628119999999998,-0.3040411143981933,4
2026-09-01,ULTRACEMCO,42,-1,-0.04651443217773944,0.10057739168405533,0.16514659,0.10628119999999998,0.008865389279174823,4
2026-09-01,ULTRACEMCO,54,-1,-0.05804010848487121,0.10617169737815857,0.22733212,0.1062812,0.07105091517333983,4
2026-09-01,ULTRACEMCO,55,-1,-0.29175199946864394,0.12147929519414902,-0.070130825,0.1062812,-0.22641202504272462,4
2026-09-01,ULTRACEMCO,57,-1,-0.167538191424257,0.12827733159065247,0.17520785,0.1062812,0.018926653317260733,4
2026-09-01,UNIONBANK,3,1,0.04950191988980712,0.46831151843070984,-0.26444793,0.1062812,-0.4207291274749756,4
2026-09-01,UNIONBANK,4,1,0.10481861729563394,0.40796491503715515,-0.18888712,0.10628119999999998,-0.34516831929321284,4
2026-09-01,UNIONBANK,7,1,0.07088565930660953,0.3227963447570801,0.027000904,0.10628119999999998,-0.12928029591674803,4
2026-09-01,UNIONBANK,8,1,0.056600178631872576,0.2953338921070099,-0.07020831,0.1062812,-0.22648951108093263,4
2026-09-01,UNIONBANK,9,1,0.06612768737039545,0.27912577986717224,-0.19971728,0.1062812,-0.3559984832489014,4
2026-09-01,UNIONBANK,10,1,0.07839638985568112,0.28187549114227295,-0.140661,0.1062812,-0.29694220120544434,4
2026-09-01,UNIONBANK,11,1,0.08190353542153406,0.27259427309036255,-0.2162695,0.10628119999999998,-0.3725506931030273,4
2026-09-01,UNIONBANK,12,1,0.042724841993041725,0.27024632692337036,-0.39395094,0.10628119999999998,-0.5502321391784668,4
2026-09-01,UNIONBANK,19,-1,-0.05963401749810155,0.19582125544548035,-0.774765,0.1062812,-0.9310462146484375,4
2026-09-01,UNIONBANK,20,-1,-0.05586277182933246,0.1914818435907364,-0.8339286,0.10628119999999998,-0.9902097850524902,4
2026-09-01,UNIONBANK,21,-1,-0.051588445962586355,0.18515200912952423,-0.6063223,0.1062812,-0.7626034885131836,4
2026-09-01,UNIONBANK,22,-1,-0.07230334683121124,0.2021413892507553,-0.5023837,0.1062812,-0.6586649089538574,4
2026-09-01,UNIONBANK,26,-1,-0.042007710958963176,0.21390138566493988,0.19887686,0.10628119999999998,0.04259565775756838,4
2026-09-01,UNIONBANK,39,-1,-0.05197509109418673,0.15493854880332947,0.15608668,0.10628119999999998,-0.00019451672668455156,4
2026-09-01,UNIONBANK,42,-1,-0.10125051328735696,0.14455799758434296,0.37140846,0.1062812,0.21512726252441405,4
2026-09-01,UNIONBANK,54,-1,-0.07410089602874255,0.15618997812271118,0.3365755,0.1062812,0.18029430811767577,4
2026-09-01,UNIONBANK,55,-1,-0.3171187242016667,0.17080780863761902,0.1576066,0.1062812,0.0013254017150878816,4
2026-09-01,UNIONBANK,56,-1,-0.04943829609054816,0.1786784827709198,0.13598204,0.1062812,-0.020299163409423837,4
2026-09-01,UNIONBANK,57,-1,-0.19254711219797302,0.18659919500350952,0.11432767,0.1062812,-0.04195353085632325,4
2026-09-01,UNITDSPR,3,1,0.057001668432244794,0.4324028193950653,-0.16880631,0.1062812,-0.3250875144683838,4
2026-09-01,UNITDSPR,4,1,0.1190745587781221,0.40592652559280396,0.17598867,0.1062812,0.01970747416381835,4
2026-09-01,UNITDSPR,5,1,0.08520697846543097,0.39348629117012024,0.34585,0.10628119999999998,0.1895687908447266,4
2026-09-01,UNITDSPR,7,1,0.089940661693938,0.39252761006355286,0.20304918,0.10628119999999998,0.04676798289184572,4
2026-09-01,UNITDSPR,8,1,0.07876879887036471,0.355825811624527,0.58876276,0.10628119999999998,0.43248156016235356,4
2026-09-01,UNITDSPR,9,1,0.08345164866199929,0.33946409821510315,0.58835745,0.1062812,0.43207624857788085,4
2026-09-01,UNITDSPR,10,1,0.06554869353517516,0.3185041844844818,0.62901974,0.1062812,0.4727385372436524,4
2026-09-01,UNITDSPR,11,1,0.06890144395808302,0.30292752385139465,0.4458189,0.10628119999999998,0.28953770106201177,4
2026-09-01,UNITDSPR,12,1,0.04087620486879986,0.2879996597766876,0.45280457,0.1062812,0.2965233654296875,4
2026-09-01,UNITDSPR,19,-1,-0.05274120217372334,0.19077768921852112,-0.087451935,0.1062812,-0.24373313481445313,4
2026-09-01,UNITDSPR,20,-1,-0.05277064781175907,0.1684233397245407,0.26213527,0.1062812,0.1058540672576904,4
2026-09-01,UNITDSPR,22,-1,-0.0627530102160842,0.1704109013080597,0.34961104,0.10628119999999998,0.19332984393005376,4
2026-09-01,UNITDSPR,42,-1,-0.045149125839293765,0.17176437377929688,0.14823675,0.10628119999999998,-0.008044448443603497,4
2026-09-01,UNITDSPR,54,-1,-0.05414442932838412,0.13890688121318817,0.40655732,0.10628119999999998,0.25027612154846196,4
2026-09-01,UNITDSPR,55,-1,-0.29075135864296847,0.15403658151626587,0.23057461,0.10628119999999998,0.07429340784912111,4
2026-09-01,UNITDSPR,57,-1,-0.16648427002072017,0.15799826383590698,0.16970038,0.1062812,0.01341918414001464,4
2026-09-01,UNOMINDA,3,1,0.05327614903393394,0.4289526343345642,1.2176156,0.1062812,1.0613344044006348,4
2026-09-01,UNOMINDA,4,1,0.10653626386594942,0.3944503962993622,1.3332248,0.1062812,1.1769435734069824,4
2026-09-01,UNOMINDA,5,1,0.061595191176546674,0.34957796335220337,1.3099432,0.10628119999999998,1.1536619991577148,4
2026-09-01,UNOMINDA,7,1,0.08257023417434485,0.339569628238678,0.8927226,0.1062812,0.7364414066589355,4
2026-09-01,UNOMINDA,8,1,0.06938929699511488,0.3250482678413391,0.45007467,0.1062812,0.2937934726989746,4
2026-09-01,UNOMINDA,9,1,0.07016300000826153,0.3251780867576599,0.11614561,0.1062812,-0.04013558919067384,4
2026-09-01,UNOMINDA,10,1,0.07198289882345184,0.3364925980567932,-0.3315866,0.1062812,-0.4878677993499756,4
2026-09-01,UNOMINDA,11,1,0.07030303944396867,0.3378981947898865,-0.5770564,0.10628119999999995,-0.7333376079284668,4
2026-09-01,UNOMINDA,54,-1,-0.049232731670874545,0.2453995794057846,1.1109352,0.10628119999999998,0.9546540111816406,4
2026-09-01,UNOMINDA,55,-1,-0.240512402346723,0.27692854404449463,0.3696084,0.10628119999999998,0.2133272022521973,4
2026-09-01,UNOMINDA,57,-1,-0.11423825997294744,0.2815917730331421,-0.12608767,0.10628119999999998,-0.2823688655578613,4
2026-09-01,UNOMINDA,64,1,0.053016923158913175,0.2872883379459381,-0.338614,0.10628119999999998,-0.4948951869689941,4
2026-09-01,UNOMINDA,65,1,0.05027846070247471,0.28904348611831665,-0.3778398,0.10628119999999998,-0.5341210036956787,4
2026-09-01,UNOMINDA,66,1,0.049120059579733054,0.2884131669998169,-0.4091978,0.1062812,-0.5654790073120117,4
2026-09-01,UNOMINDA,67,1,0.04607308995191899,0.3085630238056183,-0.0705719,0.1062812,-0.2268530994140625,4
2026-09-01,UPL,3,1,0.057465660002983636,0.4103788435459137,-0.3281951,0.1062812,-0.48447629506225587,4
2026-09-01,UPL,4,1,0.11345848511354376,0.3514987826347351,-0.16868114,0.1062812,-0.3249623447143555,4
2026-09-01,UPL,5,1,0.07849718272711653,0.3394388258457184,0.08894205,0.1062812,-0.06733914906616212,4
2026-09-01,UPL,7,1,0.08388618714411857,0.2983870208263397,0.38300753,0.1062812,0.22672632639770507,4
2026-09-01,UPL,8,1,0.055848607256839905,0.26921582221984863,0.40994883,0.1062812,0.25366762583618163,4
2026-09-01,UPL,19,-1,-0.05680325566636592,0.14952445030212402,-0.72733164,0.1062812,-0.8836128383361816,4
2026-09-01,UPL,20,-1,-0.05122310203645692,0.14386045932769775,-0.70978403,0.10628119999999998,-0.8660652309143066,4
2026-09-01,UPL,22,-1,-0.059160926967553894,0.18995822966098785,0.052833557,0.1062812,-0.10344764287109376,4
2026-09-01,UPL,42,-1,-0.043808604110819896,0.09509673714637756,0.12341738,0.10628119999999998,-0.03286382252807615,4
2026-09-01,UPL,54,-1,-0.059166465556487226,0.104290671646595,0.026541948,0.1062812,-0.12973925168151856,4
2026-09-01,UPL,55,-1,-0.2917498424712666,0.10486689954996109,-0.07959604,0.1062812,-0.23587724263305665,4
2026-09-01,UPL,56,-1,-0.042726925504619984,0.1093369796872139,-0.008845329,0.1062812,-0.16512652928466798,4
2026-09-01,UPL,57,-1,-0.16638035652143385,0.10808207839727402,-0.097334385,0.1062812,-0.2536155849182129,4
2026-09-01,VBL,3,1,0.057445595773674946,0.8835766315460205,-0.29351115,0.1062812,-0.44979235226745606,4
2026-09-01,VBL,4,1,0.1092541548634804,0.7561488747596741,-0.146842,0.10628119999999998,-0.3031232028686523,4
2026-09-01,VBL,5,1,0.06586533740561659,0.6976847052574158,0.03681183,0.1062812,-0.11946937138671876,4
2026-09-01,VBL,7,1,0.08749209448812073,0.5690189599990845,0.3065586,0.10628119999999998,0.1502774090087891,4
2026-09-01,VBL,8,1,0.06652400877411362,0.524945080280304,0.34359694,0.1062812,0.1873157352722168,4
2026-09-01,VBL,9,1,0.06811286077946309,0.49160200357437134,0.28196573,0.1062812,0.12568453257446288,4
2026-09-01,VBL,10,1,0.06742642105749377,0.4750061333179474,0.3679633,0.10628119999999998,0.21168211405639653,4
2026-09-01,VBL,11,1,0.06649244701065944,0.4493463933467865,0.110292435,0.1062812,-0.045988765307617196,4
2026-09-01,VBL,19,-1,-0.05315691874651111,0.21162790060043335,-0.110161304,0.10628119999999998,-0.2664425044738769,4
2026-09-01,VBL,20,-1,-0.05031460777376082,0.21309001743793488,0.13449788,0.10628120000000002,-0.021783319064331078,4
2026-09-01,VBL,22,-1,-0.06326984479438096,0.23058508336544037,0.09788275,0.1062812,-0.058398452349853525,4
2026-09-01,VBL,42,-1,-0.04764632501854717,0.11293475329875946,-0.2696395,0.10628119999999998,-0.42592069203491206,4
2026-09-01,VBL,54,-1,-0.06271332271669756,0.212776780128479,0.18321872,0.10628119999999998,0.02693751757507326,4
2026-09-01,VBL,55,-1,-0.288310591494011,0.22070562839508057,0.36638975,0.10628119999999998,0.21010855143432622,4
2026-09-01,VBL,56,-1,-0.04276540742625283,0.23114576935768127,0.50073266,0.10628119999999998,0.34445146029357915,4
2026-09-01,VBL,57,-1,-0.16461637067847795,0.24045607447624207,0.35500526,0.10628119999999998,0.1987240642822266,4
2026-09-01,VEDL,3,1,0.05490063251709653,0.397390753030777,-0.55367947,0.10628120000000002,-0.7099606662475586,4
2026-09-01,VEDL,4,1,0.10872579155485101,0.378570556640625,-0.53561926,0.1062812,-0.6919004588806152,4
2026-09-01,VEDL,5,1,0.07700200392155913,0.37302297353744507,-0.3581047,0.1062812,-0.5143859058105469,4
2026-09-01,VEDL,6,1,0.04865615409321959,0.37944793701171875,0.0,0.1062812,-0.1562812,4
2026-09-01,VEDL,7,1,0.09740853330984048,0.34771937131881714,0.0,0.1062812,-0.1562812,4
2026-09-01,VEDL,8,1,0.059625182968625866,0.3212798535823822,0.107717514,0.10628119999999998,-0.048563685961914044,4
2026-09-01,VEDL,9,1,0.06389151968867232,0.3019397258758545,0.14375448,0.10628119999999998,-0.012526717730712872,4
2026-09-01,VEDL,10,1,0.060144382009737665,0.2808237075805664,0.0,0.1062812,-0.1562812,4
2026-09-01,VEDL,11,1,0.06106554660953329,0.27373790740966797,-0.053858757,0.10628119999999998,-0.21013995701904292,4
2026-09-01,VEDL,19,-1,-0.05367501450408403,0.15391089022159576,-0.0718236,0.10628119999999998,-0.22810479695434566,4
2026-09-01,VEDL,20,-1,-0.04699861078866424,0.13864466547966003,-0.17973185,0.10628119999999998,-0.33601304585571284,4
2026-09-01,VEDL,22,-1,-0.0602231554921034,0.15404997766017914,-0.0,0.10628119999999998,-0.15628119999999998,4
2026-09-01,VEDL,26,-1,-0.04158803047113978,0.19221818447113037,0.376755,0.10628120000000002,0.2204737991607666,4
2026-09-01,VEDL,42,-1,-0.04692206425835344,0.12121789902448654,-0.0541687,0.1062812,-0.210449901171875,4
2026-09-01,VEDL,54,-1,-0.05684008596536693,0.13203716278076172,0.8152187,0.1062812,0.6589374870574951,4
2026-09-01,VEDL,55,-1,-0.2979098628881043,0.15065062046051025,0.34552217,0.1062812,0.1892409652984619,4
2026-09-01,VEDL,57,-1,-0.17231909927853425,0.17186780273914337,0.07290244,0.1062812,-0.08337875897521974,4
2026-09-01,VOLTAS,3,1,0.054678656350562835,0.3610193729400635,-0.37562847,0.1062812,-0.5319096713745117,4
2026-09-01,VOLTAS,4,1,0.10812491900491579,0.3252710700035095,-0.3003478,0.1062812,-0.45662900502319337,4
2026-09-01,VOLTAS,5,1,0.06524062326641858,0.3588877320289612,0.2933979,0.1062812,0.1371167034423828,4
2026-09-01,VOLTAS,7,1,0.08469778281022455,0.30482539534568787,0.42738914,0.1062812,0.27110794489746093,4
2026-09-01,VOLTAS,8,1,0.05684514347361016,0.2896755039691925,0.4275322,0.1062812,0.27125099604492187,4
2026-09-01,VOLTAS,9,1,0.06341862917155339,0.2725585103034973,0.45279264,0.1062812,0.2965114445007324,4
2026-09-01,VOLTAS,10,1,0.05768090228425802,0.2605006694793701,0.4356861,0.1062812,0.2794049114501953,4
2026-09-01,VOLTAS,19,-1,-0.05602286548884891,0.1328476369380951,-0.0,0.1062812,-0.1562812,4
2026-09-01,VOLTAS,20,-1,-0.04756146646716131,0.1323293000459671,-0.07510185,0.1062812,-0.2313830524169922,4
2026-09-01,VOLTAS,22,-1,-0.06100984624066145,0.1257515549659729,0.08345842,0.10628119999999998,-0.07282277638549803,4
2026-09-01,VOLTAS,42,-1,-0.04394235438598744,0.08771973848342896,0.11692047,0.1062812,-0.03936072880859376,4
2026-09-01,VOLTAS,54,-1,-0.059733758132717744,0.10741065442562103,-0.48455,0.10628119999999998,-0.6408311992370606,4
2026-09-01,VOLTAS,55,-1,-0.28804526748404924,0.11405076831579208,-0.6437063,0.1062812,-0.7999875217163086,4
2026-09-01,VOLTAS,57,-1,-0.166723953906304,0.1328483670949936,-0.233531,0.1062812,-0.3898121982299805,4
2026-09-01,WIPRO,3,1,0.06636769293897458,0.8782323598861694,-0.11031628,0.1062812,-0.266597476550293,4
2026-09-01,WIPRO,4,1,0.1093793754458669,0.7537385821342468,0.10484457,0.1062812,-0.0514366298400879,4
2026-09-01,WIPRO,7,1,0.06883011102665132,0.5470167398452759,-0.12689233,0.1062812,-0.2831735282623291,4
2026-09-01,WIPRO,8,1,0.071891473640315,0.5190097093582153,0.1437664,0.1062812,-0.012514796801757821,4
2026-09-01,WIPRO,9,1,0.07819462408931635,0.4900558292865753,0.1160264,0.1062812,-0.04025479848022462,4
2026-09-01,WIPRO,10,1,0.08076051560551775,0.45582646131515503,0.16566515,0.10628120000000002,0.00938394968872068,4
2026-09-01,WIPRO,11,1,0.07797429857199656,0.44142648577690125,-0.08819699,0.10628120000000002,-0.24447819287414552,4
2026-09-01,WIPRO,12,1,0.050325808443628606,0.4245709776878357,-0.03861189,0.1062812,-0.19489308888549806,4
2026-09-01,WIPRO,19,-1,-0.0584453153983177,0.18403993546962738,0.06620288,0.1062812,-0.09007832104797364,4
2026-09-01,WIPRO,20,-1,-0.04944140182753723,0.18067210912704468,-0.066292286,0.1062812,-0.22257348591918946,4
2026-09-01,WIPRO,21,-1,-0.04918671912154044,0.18294796347618103,0.03311634,0.1062812,-0.12316485936279298,4
2026-09-01,WIPRO,22,-1,-0.06693087405245289,0.17190803587436676,0.0055134296,0.10628120000000002,-0.15076777035827638,4
2026-09-01,WIPRO,39,-1,-0.05723267354401455,0.1483003795146942,0.3414452,0.1062812,0.1851640075958252,4
2026-09-01,WIPRO,42,-1,-0.09588974090559874,0.14062607288360596,0.0772059,0.10628119999999998,-0.0790753036224365,4
2026-09-01,WIPRO,54,-1,-0.07928577544961903,0.15745817124843597,0.22649765,0.10628120000000002,0.07021645014648435,4
2026-09-01,WIPRO,55,-1,-0.3175621211628516,0.1647651344537735,0.18765926,0.1062812,0.031378063610839835,4
2026-09-01,WIPRO,56,-1,-0.05500501692106898,0.16951435804367065,0.17108917,0.10628119999999998,0.014807972363281269,4
2026-09-01,WIPRO,57,-1,-0.19340800948947873,0.17434102296829224,0.26507378,0.10628119999999998,0.10879257624511722,4
2026-09-01,YESBANK,3,1,0.05071136847050697,0.7226710915565491,0.1355052,0.1062812,-0.020776000567626962,4
2026-09-01,YESBANK,4,1,0.10595681792068512,0.5964717864990234,0.4066944,0.1062812,0.2504132122314453,4
2026-09-01,YESBANK,7,1,0.07898824538342188,0.47425270080566406,0.40632486,0.10628119999999998,0.25004366343383794,4
2026-09-01,YESBANK,8,1,0.06848120270711273,0.44103506207466125,0.13532639,0.1062812,-0.020954814501953134,4
2026-09-01,YESBANK,9,1,0.07744943092098305,0.40595296025276184,-0.13532043,0.1062812,-0.29160162503356934,4
2026-09-01,YESBANK,10,1,0.0793425200693081,0.3813500702381134,-0.09021163,0.1062812,-0.24649282986755372,4
2026-09-01,YESBANK,11,1,0.0839553252555147,0.3712863326072693,-0.27014613,0.1062812,-0.42642733151550294,4
2026-09-01,YESBANK,12,1,0.04672314482755776,0.3531110882759094,-0.18009543,0.1062812,-0.3363766341888428,4
2026-09-01,YESBANK,19,-1,-0.07040293646502756,0.18686892092227936,-0.27076006,0.1062812,-0.42704125935668946,4
2026-09-01,YESBANK,20,-1,-0.06132382111412308,0.1610940843820572,-0.22553205,0.1062812,-0.38181325490112306,4
2026-09-01,YESBANK,21,-1,-0.05735572231183037,0.15787215530872345,-0.18042326,0.1062812,-0.33670445973510743,4
2026-09-01,YESBANK,22,-1,-0.07687568089998642,0.16409334540367126,0.04501939,0.1062812,-0.11126181180114747,4
2026-09-01,YESBANK,28,-1,-0.0411825865800098,0.16401763260364532,0.3153205,0.1062812,0.15903929179077148,4
2026-09-01,YESBANK,39,-1,-0.050489531499286915,0.12259311974048615,0.13549328,0.1062812,-0.02078792149658204,4
2026-09-01,YESBANK,42,-1,-0.09714117146582647,0.12604652345180511,0.13568997,0.1062812,-0.02059122616882325,4
2026-09-01,YESBANK,54,-1,-0.07748104104348097,0.14901231229305267,0.135988,0.10628119999999998,-0.02029320294494627,4
2026-09-01,YESBANK,55,-1,-0.32098646777526674,0.15901917219161987,-0.04543066,0.10628119999999998,-0.2017118602478027,4
2026-09-01,YESBANK,56,-1,-0.04715315308028067,0.15245981514453888,-0.0,0.10628119999999998,-0.15628119999999998,4
2026-09-01,YESBANK,57,-1,-0.19241362272773302,0.15245981514453888,0.09083152,0.10628119999999998,-0.06544968182678221,4
2026-09-01,ZYDUSLIFE,3,1,0.053951442502424216,0.4420034885406494,-0.27591586,0.1062812,-0.43219706112976075,4
2026-09-01,ZYDUSLIFE,4,1,0.11157761568235168,0.3851165175437927,-0.4920125,0.1062812,-0.6482937007629395,4
2026-09-01,ZYDUSLIFE,5,1,0.06219026764166909,0.3425174951553345,-0.25900006,0.10628119999999998,-0.41528126294250484,4
2026-09-01,ZYDUSLIFE,7,1,0.07511030674072085,0.2862786650657654,0.060498714,0.10628119999999998,-0.0957824855529785,4
2026-09-01,ZYDUSLIFE,8,1,0.0577021989792963,0.2784763276576996,-0.19868016,0.1062812,-0.3549613624298096,4
2026-09-01,ZYDUSLIFE,9,1,0.06112047034040213,0.2680290937423706,0.0086426735,0.1062812,-0.14763852650756837,4
2026-09-01,ZYDUSLIFE,10,1,0.04319701203022655,0.24995121359825134,-0.0864625,0.1062812,-0.24274369771118165,4
2026-09-01,ZYDUSLIFE,11,1,0.05417928054139147,0.2573460042476654,0.37312508,0.10628119999999998,0.21684387629394536,4
2026-09-01,ZYDUSLIFE,12,1,0.04078549333552676,0.2636692225933075,0.15583038,0.1062812,-0.000450816699218759,4
2026-09-01,ZYDUSLIFE,19,-1,-0.053764060127007005,0.19633780419826508,-0.7867813,0.1062812,-0.9430625110351563,4
2026-09-01,ZYDUSLIFE,20,-1,-0.05677141751352069,0.19456934928894043,-0.7177353,0.10628119999999998,-0.8740164905273438,4
2026-09-01,ZYDUSLIFE,22,-1,-0.06274384996964191,0.22411611676216125,-0.36113262,0.1062812,-0.5174138217651367,4
2026-09-01,ZYDUSLIFE,54,-1,-0.055456796823349884,0.23259983956813812,-0.034189224,0.10628119999999998,-0.19047042424316402,4
2026-09-01,ZYDUSLIFE,55,-1,-0.2819037487502088,0.23467232286930084,-0.29084682,0.1062812,-0.4471280246459961,4
2026-09-01,ZYDUSLIFE,57,-1,-0.15101869042685978,0.25324803590774536,-0.025629997,0.1062812,-0.18191119725341798,4
2026-09-02,360ONE,3,1,0.04509672557910943,0.6981779932975769,0.4581213,0.1062812,0.30184009974365233,4
2026-09-02,360ONE,4,1,0.06495531773942086,0.6139740347862244,1.0678649,0.10628119999999998,0.9115836948669434,4
2026-09-02,360ONE,5,1,0.047309992905325324,0.5590786933898926,0.7663965,0.1062812,0.6101153225219726,4
2026-09-02,360ONE,51,-1,-0.058259735819446476,0.17613182961940765,-0.16437769,0.10628119999999998,-0.3206588893615722,4
2026-09-02,360ONE,55,-1,-0.04753759199385389,0.1930353343486786,0.017261505,0.1062812,-0.13901969487304688,4
2026-09-02,360ONE,62,-1,-0.04906762840023615,0.16284474730491638,0.02591014,0.1062812,-0.1303710609161377,4
2026-09-02,360ONE,64,-1,-0.0735209824971192,0.18748612701892853,-0.318408,0.10628119999999998,-0.47468921239013667,4
2026-09-02,360ONE,67,-1,-0.056970619144041876,0.1636674702167511,-1.7572641,0.10628119999999998,-1.9135453372680664,4
2026-09-02,3MINDIA,21,-1,-0.04722115298638638,0.20250368118286133,0.2274096,0.1062812,0.07112840121154784,4
2026-09-02,3MINDIA,23,-1,-0.06355283358859345,0.16608771681785583,0.16707182,0.1062812,0.010790619305419913,4
2026-09-02,3MINDIA,51,-1,-0.04390168671502159,0.08245096355676651,-0.07593632,0.1062812,-0.23221751744384767,4
2026-09-02,3MINDIA,62,-1,-0.04337714133299151,0.14654798805713654,-0.0759244,0.1062812,-0.2322055965148926,4
2026-09-02,3MINDIA,64,-1,-0.06243732979026577,0.15296822786331177,0.09112954,0.1062812,-0.06515165860290528,4
2026-09-02,3MINDIA,67,-1,-0.04815646116960031,0.12904205918312073,0.37959218,0.1062812,0.2233109802520752,4
2026-09-02,ABB,19,-1,-0.04282691923606702,0.25649794936180115,-0.15736818,0.10628119999999998,-0.3136493831359863,4
2026-09-02,ABB,20,-1,-0.04183259393965797,0.22089295089244843,-0.10261536,0.10628119999999998,-0.25889655644531245,4
2026-09-02,ABB,21,-1,-0.053671041498334786,0.22534826397895813,0.0068306923,0.10628119999999998,-0.14945050770874022,4
2026-09-02,ABB,23,-1,-0.06629271538310055,0.19022905826568604,-0.047791004,0.1062812,-0.2040722041809082,4
2026-09-02,ABB,49,-1,-0.041827925529386766,0.15803857147693634,-0.11572838,0.10628119999999998,-0.2720095782958984,4
2026-09-02,ABB,51,-1,-0.05657151737375377,0.17956632375717163,-0.027167797,0.1062812,-0.18344899708862306,4
2026-09-02,ABB,55,-1,-0.04921614725124304,0.18205474317073822,-0.108754635,0.1062812,-0.26503583485717774,4
2026-09-02,ABB,62,-1,-0.052895881947662315,0.1518002599477768,-0.09504557,0.10628119999999998,-0.25132676655883784,4
2026-09-02,ABB,63,-1,-0.04248210179616334,0.15652258694171906,-0.04748106,0.1062812,-0.20376226002807618,4
2026-09-02,ABB,64,-1,-0.06717494036715795,0.14003701508045197,-0.08815527,0.10628119999999998,-0.2444364696228027,4
2026-09-02,ABB,67,-1,-0.06353689724730592,0.14277970790863037,-0.9488344,0.10628120000000002,-1.1051156192504883,4
2026-09-02,ABBOTINDIA,19,-1,-0.04933881653838745,0.14869478344917297,-0.038540363,0.1062812,-0.1948215633117676,4
2026-09-02,ABBOTINDIA,20,-1,-0.043773056402770155,0.156744122505188,0.1154542,0.1062812,-0.04082700307006837,4
2026-09-02,ABBOTINDIA,21,-1,-0.05515315969900863,0.1728774458169937,0.15378594,0.1062812,-0.0024952560150146574,4
2026-09-02,ABBOTINDIA,23,-1,-0.060316761921475594,0.19010883569717407,0.15417337,0.1062812,-0.0021078258239746184,4
2026-09-02,ABBOTINDIA,45,-1,-0.04196365465554191,0.2172836810350418,-0.63534975,0.1062812,-0.7916309505187988,4
2026-09-02,ABBOTINDIA,49,-1,-0.04245611431648346,0.20451301336288452,-0.5764842,0.1062812,-0.7327654033386231,4
2026-09-02,ABBOTINDIA,51,-1,-0.04890210572194663,0.24446871876716614,-0.07648468,0.1062812,-0.23276588017578126,4
2026-09-02,ABBOTINDIA,55,-1,-0.04215197885519355,0.20045818388462067,0.362736,0.10628119999999998,0.20645478670959477,4
2026-09-02,ABBOTINDIA,62,-1,-0.04177221358852297,0.2504584789276123,0.36384463,0.1062812,0.20756343310241698,4
2026-09-02,ABBOTINDIA,64,-1,-0.06204985566361576,0.23028209805488586,0.03837347,0.10628119999999998,-0.1179077296936035,4
2026-09-02,ABBOTINDIA,67,-1,-0.05582597336143072,0.22812338173389435,0.09571314,0.1062812,-0.06056806141967774,4
2026-09-02,ABCAPITAL,21,-1,-0.05296612876056347,0.23404139280319214,0.063979626,0.10628119999999998,-0.09230157429809568,4
2026-09-02,ABCAPITAL,23,-1,-0.06726977598139258,0.23577998578548431,0.14068484,0.1062812,-0.015596356936645517,4
2026-09-02,ABCAPITAL,51,-1,-0.05426168012144022,0.17397193610668182,-0.2409935,0.1062812,-0.3972746997558594,4
2026-09-02,ABCAPITAL,55,-1,-0.04814704095628473,0.17408235371112823,-0.30434132,0.1062812,-0.46062251622314454,4
2026-09-02,ABCAPITAL,62,-1,-0.047935669540122884,0.17608869075775146,0.17701387,0.1062812,0.02073267405395507,4
2026-09-02,ABCAPITAL,63,-1,-0.04115162425486433,0.17622235417366028,0.025308132,0.1062812,-0.13097306782836915,4
2026-09-02,ABCAPITAL,64,-1,-0.0735209824971192,0.18071800470352173,-0.025296211,0.1062812,-0.1815774112426758,4
2026-09-02,ABCAPITAL,67,-1,-0.06053427451212914,0.18426264822483063,-0.41729212,0.1062812,-0.5735733180725098,4
2026-09-02,ACC,19,-1,-0.045688205259475055,0.20699886977672577,-0.063169,0.10628119999999998,-0.21945020253295894,4
2026-09-02,ACC,21,-1,-0.05071979183479944,0.20633791387081146,0.16574264,0.10628119999999998,0.00946143572692873,4
2026-09-02,ACC,23,-1,-0.06656359293729135,0.20596936345100403,0.047403574,0.1062812,-0.10887762601013184,4
2026-09-02,ACC,51,-1,-0.050980733950236265,0.1436918079853058,-0.0,0.10628119999999998,-0.15628119999999998,4
2026-09-02,ACC,55,-1,-0.04751485322771342,0.14044323563575745,-0.04737377,0.10628119999999998,-0.20365497166748042,4
2026-09-02,ACC,62,-1,-0.05166688555512027,0.14093898236751556,0.086820126,0.10628119999999998,-0.069461074420166,4
2026-09-02,ACC,64,-1,-0.06451323054895464,0.1284344494342804,0.06310344,0.10628119999999998,-0.09317776257629393,4
2026-09-02,ACC,67,-1,-0.05091345484697704,0.11613333970308304,-0.055277348,0.1062812,-0.21155854756469727,4
2026-09-02,ADANIENSOL,4,1,0.04231613791813912,0.9263061285018921,0.6899595,0.1062812,0.5336783260620117,4
2026-09-02,ADANIENSOL,64,-1,-0.05125138107466584,0.2767781615257263,-0.37385225,0.10628119999999998,-0.5301334529602051,4
2026-09-02,ADANIENT,51,-1,-0.04187838215852194,0.23015166819095612,0.013810396,0.10628119999999998,-0.14247080380554197,4
2026-09-02,ADANIENT,62,-1,-0.04875788704605714,0.1346316635608673,0.100290775,0.1062812,-0.05599042470092774,4
2026-09-02,ADANIENT,64,-1,-0.07554158972570942,0.15032465755939484,0.358814,0.10628119999999998,0.20253280108337407,4
2026-09-02,ADANIENT,67,-1,-0.04977023743476119,0.13975246250629425,0.038021803,0.10628119999999998,-0.1182593970977783,4
2026-09-02,ADANIGREEN,4,1,0.05080299067210443,0.803489625453949,2.2349,0.10628119999999998,2.0786187977111816,4
2026-09-02,ADANIGREEN,60,1,0.04301655313992016,0.1674627959728241,0.12379885,0.1062812,-0.03248235280151368,4
2026-09-02,ADANIGREEN,64,-1,-0.04742724017350842,0.16563788056373596,0.108253956,0.10628119999999998,-0.04802724415893553,4
2026-09-02,ADANIPORTS,23,-1,-0.06728412868377251,0.20357617735862732,-0.030195713,0.10628119999999998,-0.18647691304321284,4
2026-09-02,ADANIPORTS,51,-1,-0.057300978788871845,0.16714297235012054,0.11938214,0.1062812,-0.036899056979370126,4
2026-09-02,ADANIPORTS,55,-1,-0.046578834963279275,0.16481155157089233,-0.011956692,0.1062812,-0.16823789174194337,4
2026-09-02,ADANIPORTS,62,-1,-0.044807996471731566,0.13832488656044006,0.11354089,0.1062812,-0.04274031216735841,4
2026-09-02,ADANIPORTS,64,-1,-0.07256222546654457,0.1386025846004486,0.2567172,0.10628119999999998,0.10043600504760745,4
2026-09-02,ADANIPORTS,67,-1,-0.059261649109412735,0.11646139621734619,0.10749698,0.10628119999999998,-0.04878422314758299,4
2026-09-02,ADANIPOWER,51,-1,-0.05363140122702907,0.17250725626945496,0.3284514,0.1062812,0.17217019503479003,4
2026-09-02,ADANIPOWER,64,-1,-0.07256222546654457,0.1881697028875351,0.033837557,0.1062812,-0.12244364316101075,4
2026-09-02,ADANIPOWER,67,-1,-0.053694304462503915,0.17737171053886414,-0.35270452,0.10628119999999998,-0.5089857249938965,4
2026-09-02,AIAENG,4,1,0.05735508863937718,0.6973584890365601,0.32457113,0.10628119999999998,0.16828993265991216,4
2026-09-02,AIAENG,21,-1,-0.04965229772983149,0.17062212526798248,0.26555657,0.10628119999999998,0.10927537386779788,4
2026-09-02,AIAENG,23,-1,-0.06324845327579234,0.1705656349658966,0.13905168,0.1062812,-0.01722952420349122,4
2026-09-02,AIAENG,51,-1,-0.04542851342172561,0.14072273671627045,-0.5247712,0.1062812,-0.6810524135314941,4
2026-09-02,AIAENG,55,-1,-0.04091388249465247,0.18210503458976746,0.16037822,0.10628119999999998,0.0040970176971435734,4
2026-09-02,AIAENG,62,-1,-0.04771065735854606,0.2346283346414566,0.33124685,0.1062812,0.17496565287475585,4
2026-09-02,AIAENG,64,-1,-0.05036500069389813,0.2609650492668152,0.48483014,0.10628119999999998,0.32854894106750493,4
2026-09-02,AJANTPHARM,3,1,0.07502307521453123,0.8925435543060303,-0.20290613,0.10628119999999998,-0.3591873317443847,4
2026-09-02,AJANTPHARM,4,1,0.08629966499099838,0.7924727201461792,-0.3096342,0.1062812,-0.4659154086791992,4
2026-09-02,AJANTPHARM,5,1,0.06484634159375564,0.6963919997215271,-0.50078034,0.10628119999999998,-0.6570615440093994,4
2026-09-02,AJANTPHARM,6,1,0.05478403882643992,0.6309751868247986,-0.30999184,0.10628119999999998,-0.4662730365478515,4
2026-09-02,AJANTPHARM,7,1,0.054770418923992543,0.5769327878952026,-0.15670061,0.10628120000000002,-0.31298181111450196,4
2026-09-02,AJANTPHARM,8,1,0.05413530183692229,0.5427284836769104,-0.2904892,0.1062812,-0.44677039677734376,4
2026-09-02,AJANTPHARM,21,-1,-0.04897609027363952,0.21710361540317535,0.0058054924,0.10628119999999998,-0.15047570759887693,4
2026-09-02,AJANTPHARM,23,-1,-0.06449938428764854,0.2032337635755539,-0.104641914,0.1062812,-0.2609231143676758,4
2026-09-02,AJANTPHARM,62,-1,-0.048792421677971154,0.23751944303512573,0.16124249,0.1062812,0.00496128504638671,4
2026-09-02,AJANTPHARM,64,-1,-0.06866215950361428,0.23830747604370117,-0.34320354,0.10628119999999998,-0.49948474461669917,4
2026-09-02,AJANTPHARM,67,-1,-0.053923349800196856,0.23401965200901031,-0.3378272,0.1062812,-0.494108405657959,4
2026-09-02,ALKEM,19,-1,-0.04362614237550129,0.11921793222427368,0.02861023,0.10628119999999998,-0.12767097050781248,4
2026-09-02,ALKEM,20,-1,-0.04170497542548991,0.11506461352109909,0.25736094,0.10628119999999998,0.10107973521118167,4
2026-09-02,ALKEM,21,-1,-0.05253699851220402,0.10893691331148148,0.5528569,0.10628119999999998,0.39657572214965825,4
2026-09-02,ALKEM,23,-1,-0.06758907120850319,0.10905125737190247,0.36259294,0.1062812,0.20631173556213378,4
2026-09-02,ALKEM,51,-1,-0.05219952220559391,0.12051987648010254,0.086283684,0.1062812,-0.06999751622314454,4
2026-09-02,ALKEM,55,-1,-0.04606924642137604,0.11781467497348785,-0.13427734,0.1062812,-0.29055854375,4
2026-09-02,ALKEM,62,-1,-0.05195033950636699,0.10673234611749649,0.2011478,0.10628119999999998,0.04486659472351076,4
2026-09-02,ALKEM,64,-1,-0.0639140979686355,0.1046898290514946,-0.02874136,0.10628119999999998,-0.1850225597106933,4
2026-09-02,ALKEM,67,-1,-0.05642981452571285,0.11556029319763184,0.25844574,0.10628119999999995,0.10216453974609378,4
2026-09-02,AMBUJACEM,19,-1,-0.05390926921237013,0.21231356263160706,0.22477508,0.1062812,0.06849387591247558,4
2026-09-02,AMBUJACEM,20,-1,-0.04416249855818406,0.2097422331571579,0.1499474,0.10628119999999998,-0.006333795138549786,4
2026-09-02,AMBUJACEM,21,-1,-0.05124886512358384,0.20359675586223602,0.16252398,0.10628119999999998,0.006242784909057636,4
2026-09-02,AMBUJACEM,23,-1,-0.06947953420162324,0.1850997358560562,0.037556887,0.10628119999999998,-0.11872431332702635,4
2026-09-02,AMBUJACEM,49,-1,-0.04159073405808826,0.16474665701389313,0.11219382,0.10628119999999998,-0.04408737713928221,4
2026-09-02,AMBUJACEM,51,-1,-0.06017548254813413,0.15857276320457458,-0.024950504,0.1062812,-0.18123170430297852,4
2026-09-02,AMBUJACEM,55,-1,-0.04667175043431,0.15154054760932922,-0.21215677,0.10628119999999998,-0.36843797261352534,4
2026-09-02,AMBUJACEM,62,-1,-0.052895881947662315,0.156556636095047,0.373739,0.1062812,0.21745780413513183,4
2026-09-02,AMBUJACEM,63,-1,-0.04248210179616334,0.1618129462003708,0.46070814,0.1062812,0.3044269413269043,4
2026-09-02,AMBUJACEM,64,-1,-0.07458703000287438,0.15908586978912354,0.18668175,0.1062812,0.03040054743652343,4
2026-09-02,AMBUJACEM,67,-1,-0.05053021599968465,0.16379563510417938,-0.39891005,0.10628119999999998,-0.5551912456237793,4
2026-09-02,APARINDS,4,1,0.041733197938542,0.7765405178070068,-0.76954365,0.1062812,-0.9258248477661133,4
2026-09-02,APARINDS,5,1,0.04746931641876475,0.7150232791900635,-0.4208088,0.1062812,-0.5770899921142578,4
2026-09-02,APARINDS,6,1,0.05101301147846497,0.6605384945869446,0.0996232,0.1062812,-0.05665799672241212,4
2026-09-02,APARINDS,7,1,0.04720756710478422,0.6763526797294617,0.89001656,0.1062812,0.7337353557861328,4
2026-09-02,APARINDS,8,1,0.044182657825536105,0.6542854905128479,0.51077604,0.1062812,0.3544948429382324,4
2026-09-02,APARINDS,23,-1,-0.05841061231888805,0.21493640542030334,0.5229473,0.1062812,0.3666661114013672,4
2026-09-02,APARINDS,49,-1,-0.04096175239065383,0.08975979685783386,0.5486727,0.1062812,0.3923914760864258,4
2026-09-02,APARINDS,51,-1,-0.05179723831848323,0.0771312266588211,1.0090292,0.10628119999999998,0.8527479500091553,4
2026-09-02,APARINDS,55,-1,-0.048528078223016795,0.13984829187393188,0.7710576,0.10628119999999998,0.6147764057434082,4
2026-09-02,APARINDS,62,-1,-0.05507069755772241,0.2489112764596939,-0.20918846,0.10628119999999998,-0.3654696613037109,4
2026-09-02,APARINDS,64,-1,-0.05310758996163348,0.2882443964481354,-0.15451908,0.10628119999999998,-0.3108002811157226,4
2026-09-02,APLAPOLLO,21,-1,-0.047059204814661484,0.2386355698108673,0.2181828,0.1062812,0.061901602200317374,4
2026-09-02,APLAPOLLO,23,-1,-0.06744694100511175,0.20594602823257446,-0.027287006,0.10628119999999998,-0.18356820637817378,4
2026-09-02,APLAPOLLO,62,-1,-0.052840723661972046,0.22201363742351532,0.3252685,0.1062812,0.16898730700378417,4
2026-09-02,APLAPOLLO,64,-1,-0.07008024725837696,0.22641342878341675,-0.009012222,0.1062812,-0.16529342229003907,4
2026-09-02,APOLLOHOSP,19,-1,-0.048007834239546625,0.1349494308233261,0.13824701,0.10628119999999998,-0.018034186907958966,4
2026-09-02,APOLLOHOSP,21,-1,-0.046789004341152504,0.13511286675930023,0.051903725,0.1062812,-0.10437747532958985,4
2026-09-02,APOLLOHOSP,23,-1,-0.06631245323515271,0.1260649561882019,0.086539984,0.1062812,-0.06974121625061036,4
2026-09-02,APOLLOHOSP,49,-1,-0.04261848208646648,0.1013316735625267,0.2182424,0.1062812,0.061961206845092764,4
2026-09-02,APOLLOHOSP,51,-1,-0.05239144893515206,0.10340667515993118,0.1780808,0.10628119999999998,0.02179959719543459,4
2026-09-02,APOLLOHOSP,55,-1,-0.047953247638806464,0.1068182960152626,0.11501908,0.1062812,-0.04126211697692872,4
2026-09-02,APOLLOHOSP,62,-1,-0.050509434319877394,0.09911495447158813,0.034546852,0.10628119999999998,-0.12173434788818357,4
2026-09-02,APOLLOHOSP,64,-1,-0.06839874660090998,0.10711207985877991,0.034457445,0.1062812,-0.12182375485534669,4
2026-09-02,APOLLOHOSP,67,-1,-0.05590752522143508,0.11555767059326172,-0.05737543,0.10628120000000002,-0.21365663106079102,4
2026-09-02,APOLLOTYRE,19,-1,-0.045506736382401526,0.17885848879814148,0.034451485,0.10628119999999998,-0.1218297153198242,4
2026-09-02,APOLLOTYRE,20,-1,-0.04392063924731644,0.18764667212963104,0.35554767,0.1062812,0.1992664665496826,4
2026-09-02,APOLLOTYRE,21,-1,-0.05460405863713079,0.19927823543548584,0.50563216,0.10628119999999998,0.34935096209411626,4
2026-09-02,APOLLOTYRE,23,-1,-0.06506878263153759,0.19690854847431183,0.50534606,0.1062812,0.3490648597991943,4
2026-09-02,APOLLOTYRE,49,-1,-0.042036304216593476,0.1289750635623932,0.092059374,0.10628119999999998,-0.06422182614440916,4
2026-09-02,APOLLOTYRE,51,-1,-0.04919203948573764,0.1274644285440445,0.19567609,0.1062812,0.039394888333129874,4
2026-09-02,APOLLOTYRE,55,-1,-0.04377494646640639,0.10037347674369812,0.057572126,0.10628119999999998,-0.09870907361145018,4
2026-09-02,APOLLOTYRE,62,-1,-0.05143892212450982,0.12343697249889374,-0.17280579,0.1062812,-0.3290869861328125,4
2026-09-02,APOLLOTYRE,64,-1,-0.06892103590518775,0.13551470637321472,0.08047819,0.1062812,-0.07580300862426759,4
2026-09-02,APOLLOTYRE,67,-1,-0.050782406944441943,0.1414097547531128,-0.0,0.1062812,-0.1562812,4
2026-09-02,ASHOKLEY,4,1,0.04133822947970405,0.7992830872535706,0.293231,0.10628119999999998,0.13694981043701177,4
2026-09-02,ASHOKLEY,23,-1,-0.04560369697814575,0.24471987783908844,0.56524277,0.10628119999999998,0.4089615673339844,4
2026-09-02,ASHOKLEY,49,-1,-0.042036304216593476,0.19647832214832306,0.11434555,0.10628119999999998,-0.041935649462890606,4
2026-09-02,ASHOKLEY,51,-1,-0.055594238593369816,0.18461814522743225,-0.042164326,0.1062812,-0.19844552571411134,4
2026-09-02,ASHOKLEY,55,-1,-0.04784810573049773,0.16575343906879425,-0.56676865,0.10628120000000002,-0.7230498462402344,4
2026-09-02,ASHOKLEY,62,-1,-0.05339594631270437,0.17644065618515015,-0.07196665,0.1062812,-0.22824784810180665,4
2026-09-02,ASHOKLEY,64,-1,-0.06873813102409672,0.19264589250087738,-0.07176399,0.10628119999999998,-0.22804519230957027,4
2026-09-02,ASHOKLEY,67,-1,-0.050984789106761255,0.19541841745376587,-0.514853,0.1062812,-0.6711342006408691,4
2026-09-02,ASIANPAINT,19,-1,-0.0434830195881829,0.1761465072631836,0.031769276,0.10628120000000002,-0.12451192433471682,4
2026-09-02,ASIANPAINT,20,-1,-0.04429534570704793,0.1700282245874405,0.12693405,0.1062812,-0.029347148486328134,4
2026-09-02,ASIANPAINT,21,-1,-0.05394653987615203,0.15929128229618073,0.28563142,0.1062812,0.1293502182281494,4
2026-09-02,ASIANPAINT,23,-1,-0.07059308955796881,0.15549005568027496,0.182724,0.10628119999999998,0.02644279902343752,4
2026-09-02,ASIANPAINT,49,-1,-0.04348191102293086,0.14320766925811768,0.14665127,0.10628119999999998,-0.009629931994628887,4
2026-09-02,ASIANPAINT,51,-1,-0.05452427691021562,0.13966108858585358,0.023800135,0.10628120000000002,-0.13248106534118653,4
2026-09-02,ASIANPAINT,55,-1,-0.04586598555786312,0.12106043845415115,-0.13096333,0.1062812,-0.2872445255004883,4
2026-09-02,ASIANPAINT,62,-1,-0.052840723661972046,0.0840853899717331,-0.10304451,0.1062812,-0.2593257098876953,4
2026-09-02,ASIANPAINT,64,-1,-0.06652084177896204,0.09598958492279053,0.09881258,0.1062812,-0.05746861989135743,4
2026-09-02,ASIANPAINT,67,-1,-0.05129276990162692,0.12089109420776367,0.051409006,0.1062812,-0.1048721938812256,4
2026-09-02,ASTRAL,4,1,0.043160384785577696,0.5900496244430542,0.48983097,0.10628119999999998,0.3335497707641602,4
2026-09-02,ASTRAL,55,-1,-0.04649279212667555,0.19467468559741974,0.16149879,0.10628119999999998,0.005217585018920917,4
2026-09-02,ASTRAL,62,-1,-0.049134930432871655,0.19786489009857178,0.3032744,0.10628119999999998,0.14699319308166509,4
2026-09-02,ASTRAL,64,-1,-0.06248499931836049,0.21260257065296173,0.10778308,0.1062812,-0.04849812085266114,4
2026-09-02,ASTRAL,67,-1,-0.04780440489612557,0.20766127109527588,-0.24944544,0.10628119999999998,-0.4057266383850097,4
2026-09-02,ATGL,4,1,0.042417399101651425,0.6896571516990662,1.18227,0.10628119999999998,1.0259888500488281,4
2026-09-02,ATGL,51,-1,-0.046868596116336265,0.16767269372940063,0.29950142,0.10628119999999998,0.14322021906738286,4
2026-09-02,ATGL,55,-1,-0.04086392839388787,0.15117521584033966,0.25937557,0.10628119999999998,0.10309437220458988,4
2026-09-02,ATGL,62,-1,-0.04872285149461298,0.14396175742149353,0.21110773,0.10628120000000002,0.05482653086547849,4
2026-09-02,ATGL,64,-1,-0.06854144900755225,0.15538203716278076,0.19480586,0.1062812,0.03852466051940917,4
2026-09-02,ATGL,67,-1,-0.046552882795308066,0.17165789008140564,-0.38986206,0.1062812,-0.546143260546875,4
2026-09-02,AUBANK,19,-1,-0.04748554493526885,0.16945117712020874,0.28021932,0.1062812,0.12393811648254392,4
2026-09-02,AUBANK,20,-1,-0.043773056402770155,0.16482782363891602,0.21487474,0.1062812,0.058593544415283194,4
2026-09-02,AUBANK,21,-1,-0.05628236357625446,0.17452819645404816,0.093615055,0.1062812,-0.0626661449157715,4
2026-09-02,AUBANK,23,-1,-0.06882878383114108,0.17496739327907562,0.22438765,0.1062812,0.06810644572143554,4
2026-09-02,AUBANK,51,-1,-0.05966746110935218,0.18043553829193115,-0.08388758,0.1062812,-0.24016877705688477,4
2026-09-02,AUBANK,55,-1,-0.05058444360501601,0.15186181664466858,-0.28904676,0.1062812,-0.4453279643737793,4
2026-09-02,AUBANK,62,-1,-0.05392683785696993,0.1361350268125534,0.018590689,0.10628119999999998,-0.13769051129455565,4
2026-09-02,AUBANK,64,-1,-0.06943791133880921,0.1400420367717743,0.06507635,0.10628119999999998,-0.0912048488342285,4
2026-09-02,AUBANK,67,-1,-0.04879056193238983,0.14083726704120636,-0.16727448,0.1062812,-0.32355567509765626,4
2026-09-02,AUROPHARMA,4,1,0.04084904571007225,0.5469664335250854,-0.059473515,0.1062812,-0.21575471455688477,4
2026-09-02,AUROPHARMA,19,-1,-0.043425801406818273,0.22713607549667358,-0.55366755,0.10628119999999998,-0.7099487453186035,4
2026-09-02,AUROPHARMA,21,-1,-0.052958235429946085,0.22970415651798248,-0.32640696,0.1062812,-0.48268815571899415,4
2026-09-02,AUROPHARMA,23,-1,-0.06685789963485199,0.21837325394153595,-0.1422286,0.1062812,-0.2985098033630371,4
2026-09-02,AUROPHARMA,45,-1,-0.041398415458156326,0.15122094750404358,-0.05913973,0.10628119999999998,-0.21542092854614253,4
2026-09-02,AUROPHARMA,49,-1,-0.04348191102293086,0.13929510116577148,-0.0,0.10628119999999998,-0.15628119999999998,4
2026-09-02,AUROPHARMA,51,-1,-0.06017548254813413,0.13873320817947388,0.10623932,0.10628119999999998,-0.05004188115234373,4
2026-09-02,AUROPHARMA,55,-1,-0.05110732421608565,0.12749050557613373,0.047272444,0.1062812,-0.1090087562286377,4
2026-09-02,AUROPHARMA,62,-1,-0.04755945098193322,0.09966374188661575,1.9981027,0.1062812,1.8418214649475098,4
2026-09-02,AUROPHARMA,64,-1,-0.05441593964229124,0.14929582178592682,0.5462527,0.1062812,0.3899715275085449,4
2026-09-02,AWL,4,1,0.05390847423258562,0.6526631116867065,0.31440258,0.1062812,0.15812138026123046,4
2026-09-02,AWL,21,-1,-0.0420424735007061,0.2219216674566269,-0.7475257,0.1062812,-0.903806891986084,4
2026-09-02,AWL,23,-1,-0.04255155768608213,0.256580650806427,0.07830262,0.1062812,-0.07797857815856934,4
2026-09-02,AWL,51,-1,-0.04686172204429725,0.1950812190771103,0.2241373,0.1062812,0.0678561062133789,4
2026-09-02,AWL,55,-1,-0.044318013087607896,0.16330212354660034,-0.0,0.1062812,-0.1562812,4
2026-09-02,AWL,62,-1,-0.05188494443603414,0.17941001057624817,0.06266236,0.1062812,-0.09361883694763184,4
2026-09-02,AWL,64,-1,-0.06688058944196913,0.18397091329097748,0.16168356,0.1062812,0.0054023594177246,4
2026-09-02,AWL,67,-1,-0.04591074630479715,0.17456088960170746,0.21941066,0.1062812,0.06312945788269042,4
2026-09-02,AXISBANK,21,-1,-0.048114710905715556,0.23977993428707123,-0.0,0.1062812,-0.1562812,4
2026-09-02,AXISBANK,23,-1,-0.06528988382934617,0.20497305691242218,0.16691685,0.10628119999999998,0.010635647229003925,4
2026-09-02,AXISBANK,51,-1,-0.04121739047841777,0.1398656666278839,-0.19102097,0.1062812,-0.3473021655761719,4
2026-09-02,AXISBANK,55,-1,-0.043100369711880956,0.11874405294656754,-0.0477314,0.1062812,-0.20401259953613282,4
2026-09-02,AXISBANK,62,-1,-0.04872285149461298,0.1459563821554184,0.6121397,0.1062812,0.45585850184326177,4
2026-09-02,AXISBANK,64,-1,-0.06799557072031476,0.14256027340888977,0.5009115,0.1062812,0.34463027422790526,4
2026-09-02,AXISBANK,67,-1,-0.0453559649598962,0.15782879292964935,-0.023937225,0.1062812,-0.18021842534179688,4
2026-09-02,BAJAJ-AUTO,4,1,0.06627477085278288,0.5930588841438293,-0.62971115,0.1062812,-0.7859923511230469,4
2026-09-02,BAJAJ-AUTO,5,1,0.05203934518714496,0.5613627433776855,-0.5809128,0.1062812,-0.7371940284454346,4
2026-09-02,BAJAJ-AUTO,20,-1,-0.04260165942468522,0.2394087016582489,0.15045404,0.10628119999999998,-0.005827155657958966,4
2026-09-02,BAJAJ-AUTO,23,-1,-0.06739283488351427,0.22995233535766602,0.10035038,0.10628119999999998,-0.055930820056152325,4
2026-09-02,BAJAJ-AUTO,51,-1,-0.05683386668708797,0.14822663366794586,-0.12500286,0.10628119999999998,-0.28128406102294917,4
2026-09-02,BAJAJ-AUTO,55,-1,-0.04976664111434369,0.10409726947546005,-0.37474632,0.1062812,-0.531027522631836,4
2026-09-02,BAJAJ-AUTO,62,-1,-0.05339594631270437,0.11556103080511093,-0.464499,0.1062812,-0.6207801967346191,4
2026-09-02,BAJAJ-AUTO,64,-1,-0.07292617043729126,0.1426684856414795,0.17331243,0.10628119999999998,0.01703122561340334,4
2026-09-02,BAJAJ-AUTO,67,-1,-0.05732385130941969,0.17211703956127167,-0.08250475,0.1062812,-0.2387859492980957,4
2026-09-02,BAJAJFINSV,19,-1,-0.054146460683668636,0.16136670112609863,-0.09710789,0.10628119999999998,-0.25338908726806636,4
2026-09-02,BAJAJFINSV,20,-1,-0.04318391690483246,0.14315642416477203,-0.1533866,0.1062812,-0.30966779286499024,4
2026-09-02,BAJAJFINSV,21,-1,-0.05311323375190821,0.13776347041130066,-0.10231733,0.10628119999999998,-0.2585985332214355,4
2026-09-02,BAJAJFINSV,23,-1,-0.06685789963485199,0.13410285115242004,-0.16371012,0.1062812,-0.3199913173400879,4
2026-09-02,BAJAJFINSV,51,-1,-0.058259735819446476,0.17536291480064392,-0.040495396,0.1062812,-0.1967765956604004,4
2026-09-02,BAJAJFINSV,55,-1,-0.04753759199385389,0.15117602050304413,-0.1519084,0.1062812,-0.30818959767456056,4
2026-09-02,BAJAJFINSV,62,-1,-0.052895881947662315,0.13975976407527924,-0.10614395,0.1062812,-0.26242515141601563,4
2026-09-02,BAJAJFINSV,63,-1,-0.04248210179616334,0.14830663800239563,-0.1262784,0.10628119999999998,-0.28255960042114253,4
2026-09-02,BAJAJFINSV,64,-1,-0.07458703000287438,0.14067931473255157,-0.09595156,0.1062812,-0.25223275715942384,4
2026-09-02,BAJAJFINSV,67,-1,-0.06257814021673129,0.15769866108894348,-0.30242205,0.1062812,-0.45870324666137696,4
2026-09-02,BAJAJHLDNG,4,1,0.04079498834653789,0.4477209448814392,0.46778917,0.1062812,0.3115079731262207,4
2026-09-02,BAJAJHLDNG,19,-1,-0.048007834239546625,0.19026264548301697,0.48404336,0.1062812,0.3277621597564697,4
2026-09-02,BAJAJHLDNG,21,-1,-0.05128381146029381,0.1611267328262329,0.18873215,0.1062812,0.032450947216796866,4
2026-09-02,BAJAJHLDNG,23,-1,-0.060135293044402065,0.15637065470218658,-0.09909868,0.10628119999999998,-0.2553798824035644,4
2026-09-02,BAJAJHLDNG,51,-1,-0.05657151737375377,0.2230752557516098,0.7649183,0.1062812,0.608637127331543,4
2026-09-02,BAJAJHLDNG,55,-1,-0.04296565002921341,0.2029510885477066,0.70592165,0.1062812,0.5496404499328613,4
2026-09-02,BAJAJHLDNG,62,-1,-0.04755945098193322,0.20441222190856934,0.12598038,0.1062812,-0.030300822802734384,4
2026-09-02,BAJAJHLDNG,64,-1,-0.06652084177896204,0.20051249861717224,0.44842958,0.10628119999999998,0.2921483845031739,4
2026-09-02,BAJAJHLDNG,67,-1,-0.050952262991332584,0.18984338641166687,0.2605796,0.1062812,0.10429838602905271,4
2026-09-02,BAJFINANCE,4,1,0.04084036439121944,0.38131779432296753,0.0192523,0.1062812,-0.13702889973754884,4
2026-09-02,BAJFINANCE,19,-1,-0.04362614237550129,0.21797093749046326,-0.1155138,0.10628119999999998,-0.271795001574707,4
2026-09-02,BAJFINANCE,21,-1,-0.05977980212868146,0.1935340017080307,-0.443542,0.10628120000000002,-0.5998232036315918,4
2026-09-02,BAJFINANCE,23,-1,-0.06824040901166376,0.20722874999046326,-0.41441917,0.1062812,-0.570700374194336,4
2026-09-02,BAJFINANCE,51,-1,-0.05681038307542699,0.19435012340545654,-0.34122467,0.1062812,-0.49750587041015626,4
2026-09-02,BAJFINANCE,55,-1,-0.04753759199385389,0.18709944188594818,0.028377771,0.1062812,-0.12790342862243653,4
2026-09-02,BAJFINANCE,62,-1,-0.04943128071620957,0.16554808616638184,0.4919529,0.1062812,0.33567169611816405,4
2026-09-02,BAJFINANCE,63,-1,-0.04248210179616334,0.17410196363925934,0.25507212,0.1062812,0.09879091685180662,4
2026-09-02,BAJFINANCE,64,-1,-0.07458703000287438,0.17680136859416962,0.39678216,0.1062812,0.24050095980529784,4
2026-09-02,BAJFINANCE,67,-1,-0.05831610985579627,0.1911347210407257,0.17017126,0.10628119999999998,0.013890060833740253,4
2026-09-02,BALKRISIND,4,1,0.05113348875841443,0.7181742787361145,1.2545586,0.1062812,1.0982773632324219,4
2026-09-02,BALKRISIND,23,-1,-0.06826416236095523,0.23354332149028778,-0.2618909,0.1062812,-0.41817208821411134,4
2026-09-02,BALKRISIND,51,-1,-0.05278492710446176,0.16953256726264954,-0.05159378,0.1062812,-0.20787498051757813,4
2026-09-02,BALKRISIND,55,-1,-0.04753759199385389,0.1544530987739563,0.09434819,0.1062812,-0.06193300778503419,4
2026-09-02,BALKRISIND,62,-1,-0.049403882715719105,0.16373883187770844,0.17167926,0.1062812,0.015398058346557608,4
2026-09-02,BALKRISIND,64,-1,-0.06695322042785483,0.1672753393650055,0.14154315,0.1062812,-0.014738050051879892,4
2026-09-02,BALKRISIND,67,-1,-0.056394342115509026,0.17979976534843445,-0.28345585,0.1062812,-0.43973704869384767,4
2026-09-02,BANKBARODA,19,-1,-0.04597017511263093,0.2580222487449646,0.7323861,0.10628119999999998,0.5761049122131348,4
2026-09-02,BANKBARODA,23,-1,-0.05974566036189586,0.2387617826461792,0.16296506,0.10628119999999998,0.006683859280395527,4
2026-09-02,BANKBARODA,49,-1,-0.04348191102293086,0.13518217206001282,-0.08337498,0.1062812,-0.23965617711181642,4
2026-09-02,BANKBARODA,51,-1,-0.05668915734675838,0.14196531474590302,-0.09166002,0.10628119999999998,-0.24794122273559566,4
2026-09-02,BANKBARODA,55,-1,-0.047409929523118004,0.12791764736175537,0.099915266,0.10628119999999998,-0.05636593396301268,4
2026-09-02,BANKBARODA,62,-1,-0.0494381414867035,0.1247175857424736,-0.35828352,0.1062812,-0.5145647197448731,4
2026-09-02,BANKBARODA,64,-1,-0.07227689541162778,0.1384478509426117,0.016635656,0.10628119999999998,-0.13964554364318846,4
2026-09-02,BANKBARODA,67,-1,-0.06257814021673129,0.15086612105369568,-0.08714199,0.10628119999999998,-0.24342319066162105,4
2026-09-02,BANKINDIA,45,-1,-0.04110022571907752,0.18182003498077393,0.11987686,0.1062812,-0.036404338427734384,4
2026-09-02,BANKINDIA,51,-1,-0.05392760963278056,0.15074239671230316,-0.14817715,0.10628120000000002,-0.3044583469116211,4
2026-09-02,BANKINDIA,55,-1,-0.046914671840365414,0.1301645189523697,-0.13412237,0.10628119999999998,-0.29040357167358394,4
2026-09-02,BANKINDIA,62,-1,-0.05058201598481014,0.13142812252044678,-0.27501583,0.1062812,-0.43129703099365235,4
2026-09-02,BANKINDIA,64,-1,-0.06652084177896204,0.1426159143447876,-0.17575026,0.10628119999999998,-0.33203145558471675,4
2026-09-02,BANKINDIA,67,-1,-0.05272625448924828,0.14057792723178864,-0.58339834,0.1062812,-0.7396795421325684,4
2026-09-02,BDL,23,-1,-0.057658796816863526,0.22756429016590118,0.07276535,0.1062812,-0.08351584965820313,4
2026-09-02,BDL,49,-1,-0.04088942132888238,0.12191236764192581,-0.20128489,0.1062812,-0.35756608540649415,4
2026-09-02,BDL,51,-1,-0.05503517185321429,0.13477018475532532,-0.0,0.10628119999999998,-0.15628119999999998,4
2026-09-02,BDL,55,-1,-0.044898908263092834,0.12044253200292587,-0.032114983,0.1062812,-0.18839618260498048,4
2026-09-02,BDL,62,-1,-0.05392683785696993,0.1341652125120163,-0.5698681,0.1062812,-0.7261492877685547,4
2026-09-02,BDL,63,-1,-0.041942147753160436,0.14594849944114685,-0.48077106,0.1062812,-0.6370522647583008,4
2026-09-02,BDL,64,-1,-0.07829525290059096,0.18227456510066986,0.079745054,0.10628119999999998,-0.07653614575500486,4
2026-09-02,BDL,67,-1,-0.0639604429526054,0.1927897334098816,0.18312335,0.1062812,0.026842150143432608,4
2026-09-02,BEL,19,-1,-0.048007834239546625,0.1649641990661621,0.41985512,0.1062812,0.26357391779785155,4
2026-09-02,BEL,20,-1,-0.04429534570704793,0.15786749124526978,0.41995645,0.1062812,0.2636752456939697,4
2026-09-02,BEL,21,-1,-0.051658517920025286,0.15802358090877533,0.28430223,0.10628119999999998,0.12802103464965825,4
2026-09-02,BEL,23,-1,-0.06749992737498269,0.1474120169878006,0.1853466,0.1062812,0.02906540339355468,4
2026-09-02,BEL,51,-1,-0.05966746110935218,0.12078210711479187,0.07405877,0.1062812,-0.08222242886657716,4
2026-09-02,BEL,55,-1,-0.0483257359278541,0.14469248056411743,-0.111186504,0.10628119999999998,-0.2674677043640136,4
2026-09-02,BEL,62,-1,-0.05339594631270437,0.1568889021873474,0.08637905,0.1062812,-0.06990214879150392,4
2026-09-02,BEL,64,-1,-0.06652084177896204,0.1592780202627182,0.16017556,0.10628119999999998,0.0038943619049072453,4
2026-09-02,BEL,67,-1,-0.04920692749350351,0.1594160497188568,-0.061655045,0.10628119999999998,-0.21793624455566402,4
2026-09-02,BERGEPAINT,3,1,0.04473383977725534,0.45947468280792236,-0.6091893,0.1062812,-0.7654704719268799,4
2026-09-02,BERGEPAINT,4,1,0.05832937622640408,0.4576524496078491,-0.17591119,0.1062812,-0.33219238812561036,4
2026-09-02,BERGEPAINT,5,1,0.04395726182066379,0.4068831503391266,-0.23792386,0.1062812,-0.39420506054992677,4
2026-09-02,BERGEPAINT,8,1,0.04618569575477944,0.3588334918022156,0.61285496,0.10628119999999998,0.45657375758056645,4
2026-09-02,BERGEPAINT,23,-1,-0.0626979980167581,0.23484349250793457,0.28765798,0.1062812,0.1313767761505127,4
2026-09-02,BERGEPAINT,49,-1,-0.040914555754205516,0.08277298510074615,-0.54837465,0.1062812,-0.7046558528625488,4
2026-09-02,BERGEPAINT,51,-1,-0.04697036818330331,0.07168687880039215,-0.5897522,0.1062812,-0.746033397265625,4
2026-09-02,BERGEPAINT,55,-1,-0.04758041292195519,0.12647350132465363,-0.10294914,0.1062812,-0.2592303424560547,4
2026-09-02,BERGEPAINT,62,-1,-0.05087671346947218,0.14691056311130524,-0.45220852,0.1062812,-0.6084897189819336,4
2026-09-02,BERGEPAINT,64,-1,-0.07646493482482232,0.15824024379253387,-0.09227991,0.1062812,-0.24856111104125977,4
2026-09-02,BERGEPAINT,67,-1,-0.0637073806461431,0.14699536561965942,0.05120039,0.1062812,-0.10508081013793946,4
2026-09-02,BHARATFORG,4,1,0.05214381987474304,0.5216711163520813,-0.009918213,0.10628119999999998,-0.16619941289062498,4
2026-09-02,BHARATFORG,51,-1,-0.05433235018065746,0.15601994097232819,-0.034749508,0.1062812,-0.19103070790405274,4
2026-09-02,BHARATFORG,55,-1,-0.04976664111434369,0.13863764703273773,0.024819374,0.1062812,-0.13146182591552735,4
2026-09-02,BHARATFORG,62,-1,-0.046294557927603334,0.10639763623476028,0.12914538,0.1062812,-0.027135816165161142,4
2026-09-02,BHARATFORG,64,-1,-0.05990637504921427,0.15183912217617035,-0.1688838,0.1062812,-0.3251650005065918,4
2026-09-02,BHARATFORG,67,-1,-0.0529401286135646,0.1621435284614563,-0.92390776,0.1062812,-1.08018895680542,4
2026-09-02,BHARTIARTL,19,-1,-0.048007834239546625,0.13487182557582855,-0.13985634,0.1062812,-0.29613753850097657,4
2026-09-02,BHARTIARTL,20,-1,-0.04429534570704793,0.1321040838956833,-0.10752678,0.10628119999999998,-0.26380797917480464,4
2026-09-02,BHARTIARTL,21,-1,-0.05631420745293099,0.11866322159767151,-0.10752678,0.10628119999999998,-0.26380797917480464,4
2026-09-02,BHARTIARTL,23,-1,-0.06882878383114108,0.11954601109027863,0.042909384,0.10628119999999998,-0.11337181622619627,4
2026-09-02,BHARTIARTL,51,-1,-0.05220998005807853,0.10475163161754608,-0.0,0.1062812,-0.1562812,4
2026-09-02,BHARTIARTL,55,-1,-0.043597954574165224,0.10913204401731491,-0.037515163,0.1062812,-0.19379636342163087,4
2026-09-02,BHARTIARTL,62,-1,-0.0487803735622933,0.12324585020542145,0.23034215,0.1062812,0.07406094973449706,4
2026-09-02,BHARTIARTL,64,-1,-0.061653018572749456,0.12742820382118225,0.36426187,0.1062812,0.20798066561584472,4
2026-09-02,BHARTIARTL,67,-1,-0.051731197602932946,0.12788614630699158,0.144732,0.1062812,-0.011549201556396493,4
2026-09-02,BHEL,51,-1,-0.06017548254813413,0.18412047624588013,0.09419322,0.10628119999999998,-0.06208797986145018,4
2026-09-02,BHEL,55,-1,-0.0446947107867975,0.1897229254245758,-0.28332472,0.1062812,-0.4396059184753418,4
2026-09-02,BHEL,62,-1,-0.05392683785696993,0.1555531769990921,0.08240342,0.1062812,-0.07387777859802247,4
2026-09-02,BHEL,63,-1,-0.04248210179616334,0.1636340171098709,0.12925863,0.10628119999999998,-0.027022567340087872,4
2026-09-02,BHEL,64,-1,-0.07045555826422135,0.1628902405500412,0.17632246,0.10628119999999995,0.020041260174560593,4
2026-09-02,BHEL,67,-1,-0.060366504759523466,0.14779463410377502,-0.51728487,0.1062812,-0.6735660701477051,4
2026-09-02,BIOCON,19,-1,-0.045688205259475055,0.19925646483898163,-0.16258955,0.1062812,-0.31887075001831056,4
2026-09-02,BIOCON,21,-1,-0.05244041473044421,0.18218807876110077,-0.1750946,0.1062812,-0.3313758044921875,4
2026-09-02,BIOCON,23,-1,-0.06674463100704411,0.16976962983608246,-0.15010834,0.1062812,-0.30638953740234376,4
2026-09-02,BIOCON,49,-1,-0.04175285026534676,0.13103772699832916,-0.1622796,0.1062812,-0.3185608058654785,4
2026-09-02,BIOCON,51,-1,-0.061829468041678236,0.14500993490219116,0.049823523,0.1062812,-0.10645767743225099,4
2026-09-02,BIOCON,55,-1,-0.0492012715662604,0.14510029554367065,-0.024926662,0.10628119999999998,-0.1812078624450683,4
2026-09-02,BIOCON,62,-1,-0.050509434319877394,0.11034101247787476,0.074750185,0.1062812,-0.08153101498718263,4
2026-09-02,BIOCON,64,-1,-0.05885014616840054,0.10320943593978882,-0.024914742,0.1062812,-0.1811959415161133,4
2026-09-02,BIOCON,67,-1,-0.052396634778345955,0.09618744999170303,0.012463331,0.10628119999999998,-0.1438178687774658,4
2026-09-02,BLUESTARCO,4,1,0.044180229516358714,0.566950261592865,-0.593245,0.1062812,-0.7495262294494629,4
2026-09-02,BLUESTARCO,45,-1,-0.04411111048432034,0.16269682347774506,0.31148195,0.1062812,0.15520075266723632,4
2026-09-02,BLUESTARCO,49,-1,-0.05082372570062525,0.2057287096977234,-0.13912916,0.1062812,-0.2954103618347168,4
2026-09-02,BLUESTARCO,51,-1,-0.07098807552662979,0.23081542551517487,-0.43196678,0.10628119999999998,-0.588247981616211,4
2026-09-02,BLUESTARCO,64,-1,-0.04277142102815241,0.27131009101867676,0.07554293,0.10628119999999998,-0.0807382732116699,4
2026-09-02,BLUESTARCO,67,-1,-0.051708735027175066,0.2547532320022583,1.0339618,0.1062812,0.8776805729187012,4
2026-09-02,BOSCHLTD,3,1,0.04384753932650646,0.7533955574035645,-0.92248917,0.1062812,-1.0787703662597656,4
2026-09-02,BOSCHLTD,4,1,0.0845044234427986,0.7976903319358826,-0.13898015,0.1062812,-0.29526135022277833,4
2026-09-02,BOSCHLTD,5,1,0.05764491795271747,0.7486251592636108,-0.6277263,0.10628119999999998,-0.7840075164520264,4
2026-09-02,BOSCHLTD,6,1,0.043649669298210625,0.6815035939216614,-0.4471898,0.1062812,-0.6034710078918457,4
2026-09-02,BOSCHLTD,8,1,0.048054143074956195,0.6365493535995483,0.010693073,0.1062812,-0.14558812672729493,4
2026-09-02,BOSCHLTD,23,-1,-0.043812496396991696,0.25332003831863403,-0.44100285,0.1062812,-0.5972840457641602,4
2026-09-02,BOSCHLTD,45,-1,-0.04348734753534423,0.17374931275844574,0.18216968,0.1062812,0.025888475827026358,4
2026-09-02,BOSCHLTD,49,-1,-0.04499353747674877,0.17036037147045135,-0.1718998,0.1062812,-0.32818099553222657,4
2026-09-02,BOSCHLTD,51,-1,-0.06748721311186212,0.1762154996395111,0.06433129,0.1062812,-0.09194990689392091,4
2026-09-02,BOSCHLTD,55,-1,-0.055685640416828226,0.18338628113269806,-0.44033527,0.1062812,-0.5966164737426758,4
2026-09-02,BOSCHLTD,62,-1,-0.05553407623685203,0.22989735007286072,-0.5025625,0.10628119999999998,-0.6588437228881836,4
2026-09-02,BOSCHLTD,64,-1,-0.06485998221337892,0.220049649477005,-0.5862951,0.10628119999999998,-0.7425763278686524,4
2026-09-02,BOSCHLTD,67,-1,-0.05768799826852823,0.19689229130744934,-0.5961299,0.1062812,-0.7524110942565918,4
2026-09-02,BPCL,19,-1,-0.041058479230822925,0.25280481576919556,0.7271528,0.1062812,0.5708716244018555,4
2026-09-02,BPCL,23,-1,-0.060205056979402864,0.20875029265880585,0.12708306,0.1062812,-0.029198136874389657,4
2026-09-02,BPCL,51,-1,-0.05056775156510339,0.24106116592884064,0.015771389,0.1062812,-0.14050981099243165,4
2026-09-02,BPCL,55,-1,-0.04945333872254155,0.21405969560146332,-0.0,0.1062812,-0.1562812,4
2026-09-02,BPCL,62,-1,-0.05392683785696993,0.17237411439418793,-0.094628334,0.1062812,-0.25090953404541017,4
2026-09-02,BPCL,64,-1,-0.07039899058967984,0.1374487578868866,-0.33128262,0.1062812,-0.4875638156616211,4
2026-09-02,BPCL,67,-1,-0.06353689724730592,0.15161655843257904,-0.48735142,0.10628119999999998,-0.6436326175415039,4
2026-09-02,BRITANNIA,19,-1,-0.049861105842665225,0.14384430646896362,0.23696423,0.10628119999999998,0.080683025769043,4
2026-09-02,BRITANNIA,21,-1,-0.05049062773282343,0.13269339501857758,0.17786622,0.1062812,0.021585020474243155,4
2026-09-02,BRITANNIA,23,-1,-0.06519726513874019,0.12655363976955414,-0.15835762,0.10628119999999998,-0.31463882023925777,4
2026-09-02,BRITANNIA,51,-1,-0.05657151737375377,0.16507627069950104,0.28270483,0.10628119999999998,0.12642363016967778,4
2026-09-02,BRITANNIA,55,-1,-0.0449910823820824,0.16187778115272522,-0.009763241,0.1062812,-0.166044440814209,4
2026-09-02,BRITANNIA,62,-1,-0.052895881947662315,0.16325733065605164,-0.37138462,0.1062812,-0.5276658206665039,4
2026-09-02,BRITANNIA,63,-1,-0.04248210179616334,0.16935449838638306,-0.25355816,0.10628119999999998,-0.40983935887451167,4
2026-09-02,BRITANNIA,64,-1,-0.07458703000287438,0.17738883197307587,0.24347305,0.10628119999999998,0.08719185297851566,4
2026-09-02,BRITANNIA,67,-1,-0.06033843360517196,0.17308013141155243,-0.31141043,0.1062812,-0.46769162709350587,4
2026-09-02,BSE,4,1,0.04346401297431497,0.5375880599021912,-0.41514635,0.10628119999999998,-0.5714275508605957,4
2026-09-02,BSE,49,-1,-0.04440658503284225,0.1790648251771927,-0.114393234,0.1062812,-0.2706744342529297,4
2026-09-02,BSE,51,-1,-0.06412838140680005,0.15947073698043823,-0.15245676,0.1062812,-0.30873796040649415,4
2026-09-02,BSE,55,-1,-0.05154792848740267,0.13380272686481476,-0.9746671,0.10628119999999998,-1.1309482722961426,4
2026-09-02,BSE,62,-1,-0.05195033950636699,0.2003261297941208,0.40872693,0.10628120000000002,0.2524457306182861,4
2026-09-02,BSE,64,-1,-0.05227027780268401,0.24425019323825836,0.06946325,0.1062812,-0.08681794697875977,4
2026-09-02,CANBK,23,-1,-0.048633041387440075,0.2501184344291687,0.2937615,0.1062812,0.1374802917755127,4
2026-09-02,CANBK,51,-1,-0.04562120499347698,0.1405344158411026,0.09518862,0.1062812,-0.06109258229370118,4
2026-09-02,CANBK,62,-1,-0.05339594631270437,0.15806210041046143,0.031727552,0.1062812,-0.12455364758605958,4
2026-09-02,CANBK,64,-1,-0.07227689541162778,0.1768755465745926,0.21365881,0.1062812,0.057377609661865225,4
2026-09-02,CANBK,67,-1,-0.045160674530323075,0.18012917041778564,-0.1268506,0.1062812,-0.28313180501098634,4
2026-09-02,CGPOWER,4,1,0.041216003570477104,0.4761645793914795,0.4761696,0.1062812,0.3198883861816406,4
2026-09-02,CGPOWER,19,-1,-0.040910790451594556,0.2565295696258545,0.38255453,0.1062812,0.2262733310974121,4
2026-09-02,CGPOWER,23,-1,-0.05893541479021399,0.2367156445980072,0.028669834,0.10628119999999998,-0.1276113658630371,4
2026-09-02,CGPOWER,49,-1,-0.040964496592922374,0.17598019540309906,0.3755331,0.1062812,0.21925190394287108,4
2026-09-02,CGPOWER,51,-1,-0.058483084257852216,0.17518748342990875,0.39260387,0.1062812,0.23632267420654296,4
2026-09-02,CGPOWER,55,-1,-0.0446947107867975,0.17785745859146118,0.017136335,0.1062812,-0.1391448646270752,4
2026-09-02,CGPOWER,62,-1,-0.050509434319877394,0.14973632991313934,-0.074243546,0.1062812,-0.23052474553222657,4
2026-09-02,CGPOWER,64,-1,-0.06652084177896204,0.1530674397945404,-0.1937747,0.10628119999999998,-0.3500559001647949,4
2026-09-02,CGPOWER,67,-1,-0.05590752522143508,0.1449090540409088,-0.022792816,0.10628119999999998,-0.17907401616210933,4
2026-09-02,CHOLAFIN,4,1,0.04082677283747601,0.5367564558982849,0.5211592,0.10628119999999998,0.3648779720581055,4
2026-09-02,CHOLAFIN,19,-1,-0.04539786211861553,0.2259083241224289,0.23476481,0.10628119999999998,0.07848361437683109,4
2026-09-02,CHOLAFIN,20,-1,-0.0434822448362234,0.2150959074497223,0.2905786,0.1062812,0.13429740374450683,4
2026-09-02,CHOLAFIN,21,-1,-0.053533487326665394,0.2142101675271988,0.15107393,0.1062812,-0.005207267352294931,4
2026-09-02,CHOLAFIN,23,-1,-0.05885867507105159,0.19007602334022522,0.06722212,0.10628119999999998,-0.08905908162231443,4
2026-09-02,CHOLAFIN,51,-1,-0.058259735819446476,0.22284667193889618,0.032955408,0.1062812,-0.12332579190368653,4
2026-09-02,CHOLAFIN,55,-1,-0.04753759199385389,0.20590047538280487,-0.11000633,0.1062812,-0.26628753239746095,4
2026-09-02,CHOLAFIN,62,-1,-0.047935669540122884,0.171506866812706,0.3241241,0.1062812,0.16784289782409667,4
2026-09-02,CHOLAFIN,64,-1,-0.0649125963786466,0.1602226197719574,-0.12646914,0.1062812,-0.28275033528442384,4
2026-09-02,CHOLAFIN,67,-1,-0.05216863911197544,0.1467438042163849,-0.5728483,0.1062812,-0.7291295200073242,4
2026-09-02,CIPLA,19,-1,-0.04933881653838745,0.19309239089488983,-0.17027855,0.10628119999999998,-0.3265597491943359,4
2026-09-02,CIPLA,20,-1,-0.04411287960647717,0.20681290328502655,0.09201765,0.10628119999999998,-0.06426354939575193,4
2026-09-02,CIPLA,21,-1,-0.053339579348775305,0.20733310282230377,-0.12743473,0.1062812,-0.28371593052978517,4
2026-09-02,CIPLA,23,-1,-0.06928904437829711,0.21047203242778778,-0.15585423,0.10628120000000002,-0.3121354251586914,4
2026-09-02,CIPLA,49,-1,-0.04348191102293086,0.12876960635185242,0.106060505,0.10628119999999998,-0.0502206950866699,4
2026-09-02,CIPLA,51,-1,-0.059938291076835626,0.11446823179721832,0.3176868,0.1062812,0.16140559618835448,4
2026-09-02,CIPLA,55,-1,-0.0446947107867975,0.14054198563098907,0.11323094,0.1062812,-0.04305025632019044,4
2026-09-02,CIPLA,62,-1,-0.04977941203550113,0.14524561166763306,0.21255612,0.1062812,0.0562749237335205,4
2026-09-02,CIPLA,64,-1,-0.06132282883054066,0.15025320649147034,0.16998649,0.10628119999999998,0.013705286434936542,4
2026-09-02,CIPLA,67,-1,-0.04987098146802865,0.14848124980926514,-0.23412704,0.10628119999999998,-0.39040824467773433,4
2026-09-02,COALINDIA,3,1,0.04587665356264756,1.1970142126083374,-0.035828352,0.10628119999999998,-0.19210955197448726,4
2026-09-02,COALINDIA,4,1,0.04241739283671422,1.1031160354614258,0.21576881,0.10628119999999998,0.05948761408691408,4
2026-09-02,COALINDIA,51,-1,-0.0510197807891338,0.2110917866230011,0.13214946,0.10628119999999998,-0.024131742068481427,4
2026-09-02,COALINDIA,55,-1,-0.041724661239770734,0.1512800008058548,-0.12034178,0.1062812,-0.2766229778015137,4
2026-09-02,COALINDIA,62,-1,-0.04773800306049732,0.14594727754592896,0.03605485,0.1062812,-0.12022635037536622,4
2026-09-02,COALINDIA,64,-1,-0.06415345702907567,0.1477537304162979,-0.13228655,0.1062812,-0.28856774861450196,4
2026-09-02,COALINDIA,67,-1,-0.04820212701395838,0.13396109640598297,-0.46886206,0.1062812,-0.6251432567321777,4
2026-09-02,COCHINSHIP,4,1,0.04150231038167344,0.6389521360397339,-0.10921359,0.1062812,-0.26549479062194825,4
2026-09-02,COCHINSHIP,19,-1,-0.04362614237550129,0.21206742525100708,0.39644837,0.10628119999999998,0.2401671737945557,4
2026-09-02,COCHINSHIP,21,-1,-0.050048153911468565,0.19959518313407898,0.23288131,0.1062812,0.07660010760192869,4
2026-09-02,COCHINSHIP,23,-1,-0.060135293044402065,0.17636623978614807,0.1645565,0.10628120000000002,0.008275303295898415,4
2026-09-02,COCHINSHIP,51,-1,-0.062351757345955994,0.15601442754268646,0.34938455,0.1062812,0.19310334627990722,4
2026-09-02,COCHINSHIP,55,-1,-0.042955192176728774,0.1484117954969406,-0.11007786,0.10628119999999998,-0.26635905797119136,4
2026-09-02,COCHINSHIP,62,-1,-0.05106421566477834,0.13990381360054016,-0.0,0.1062812,-0.1562812,4
2026-09-02,COCHINSHIP,64,-1,-0.05958639639037501,0.14565405249595642,0.061756372,0.10628119999999998,-0.09452482754821775,4
2026-09-02,COCHINSHIP,67,-1,-0.05642981452571285,0.14593453705310822,-0.3291726,0.10628120000000002,-0.4854538112365723,4
2026-09-02,COFORGE,49,-1,-0.04348191102293086,0.13505886495113373,0.015252829,0.1062812,-0.14102837140197755,4
2026-09-02,COFORGE,51,-1,-0.061829468041678236,0.1372441053390503,0.035583973,0.1062812,-0.1206972270690918,4
2026-09-02,COFORGE,55,-1,-0.05110732421608565,0.14128905534744263,0.07117987,0.10628119999999998,-0.0851013332092285,4
2026-09-02,COFORGE,62,-1,-0.050509434319877394,0.12720836699008942,0.20858645,0.1062812,0.05230525439147948,4
2026-09-02,COFORGE,64,-1,-0.06262395736645916,0.12532736361026764,0.076305866,0.10628119999999998,-0.0799753337585449,4
2026-09-02,COFORGE,67,-1,-0.05561671365488832,0.11884842813014984,-0.015258789,0.1062812,-0.1715399890625,4
2026-09-02,COLPAL,19,-1,-0.04583589403870342,0.13011682033538818,-0.14683008,0.1062812,-0.3031112819396973,4
2026-09-02,COLPAL,20,-1,-0.04212340550620472,0.13268446922302246,-0.027167797,0.1062812,-0.18344899708862306,4
2026-09-02,COLPAL,21,-1,-0.05534021060617009,0.15870435535907745,0.24377108,0.10628119999999998,0.08748987620239261,4
2026-09-02,COLPAL,23,-1,-0.06939396808289253,0.1693941056728363,-0.14657974,0.1062812,-0.30286094243164063,4
2026-09-02,COLPAL,51,-1,-0.05795225562607014,0.10945335775613785,0.17205477,0.10628119999999998,0.015773567608642597,4
2026-09-02,COLPAL,55,-1,-0.04243474104142282,0.1122143566608429,0.102216005,0.10628119999999998,-0.0540651946746826,4
2026-09-02,COLPAL,62,-1,-0.05392683785696993,0.11579003930091858,0.026929379,0.10628119999999998,-0.1293518214904785,4
2026-09-02,COLPAL,64,-1,-0.0621780610171134,0.12392175942659378,0.05387664,0.1062812,-0.10240456158752442,4
2026-09-02,COLPAL,67,-1,-0.05911166636281284,0.11526221036911011,-0.10217428,0.1062812,-0.2584554820739746,4
2026-09-02,CONCOR,49,-1,-0.042036304216593476,0.13055525720119476,0.1758635,0.10628119999999998,0.019582304409790058,4
2026-09-02,CONCOR,51,-1,-0.062351757345955994,0.12910795211791992,0.16610026,0.10628119999999998,0.009819063595581073,4
2026-09-02,CONCOR,55,-1,-0.04776049673046853,0.11048170179128647,0.058728456,0.1062812,-0.09755274350280763,4
2026-09-02,CONCOR,62,-1,-0.05195033950636699,0.12522710859775543,-0.088238716,0.10628119999999998,-0.24451991612548823,4
2026-09-02,CONCOR,64,-1,-0.058805715417075834,0.12609945237636566,-0.17654896,0.1062812,-0.33283015782470704,4
2026-09-02,CONCOR,67,-1,-0.05642981452571285,0.134413480758667,0.029402971,0.10628119999999998,-0.12687822873229979,4
2026-09-02,COROMANDEL,21,-1,-0.048156642250439384,0.17988353967666626,0.04195571,0.10628119999999998,-0.11432549054260252,4
2026-09-02,COROMANDEL,23,-1,-0.06457133336173249,0.16941684484481812,-0.19427538,0.1062812,-0.3505565791809082,4
2026-09-02,COROMANDEL,62,-1,-0.04880964442874696,0.2150612473487854,0.21393895,0.10628119999999998,0.05765775149230959,4
2026-09-02,COROMANDEL,63,-1,-0.04200329829979836,0.2233540117740631,0.63999295,0.1062812,0.4837117523468018,4
2026-09-02,COROMANDEL,64,-1,-0.07606131031462833,0.2398502081632614,0.9077728,0.10628120000000002,0.7514915794647217,4
2026-09-02,COROMANDEL,67,-1,-0.055074081166914715,0.2298411875963211,0.8044839,0.1062812,0.6482026905334473,4
2026-09-02,CRISIL,3,1,0.05869467211307662,0.7683833241462708,1.8278241,0.10628120000000002,1.6715429157531738,4
2026-09-02,CRISIL,23,-1,-0.061425721681239616,0.20078116655349731,0.7903576,0.10628119999999998,0.6340763897216797,4
2026-09-02,CRISIL,51,-1,-0.04325489565763168,0.2278803437948227,0.1574099,0.10628119999999998,0.0011287063873291203,4
2026-09-02,CRISIL,62,-1,-0.04830985846921535,0.17941661179065704,-0.0,0.1062812,-0.1562812,4
2026-09-02,CRISIL,64,-1,-0.06244623284792923,0.15459485352039337,-0.012791157,0.10628119999999998,-0.1690723567687988,4
2026-09-02,CRISIL,67,-1,-0.04813850690301471,0.15418604016304016,-0.70837736,0.1062812,-0.8646585612976074,4
2026-09-02,CUMMINSIND,4,1,0.0480247503068814,0.4707518219947815,0.18875599,0.10628119999999998,0.03247478907470705,4
2026-09-02,CUMMINSIND,19,-1,-0.04409567229491284,0.1959475725889206,0.21864176,0.1062812,0.06236055796508788,4
2026-09-02,CUMMINSIND,21,-1,-0.053368666735825486,0.18998469412326813,0.33743382,0.10628119999999998,0.18115261500244145,4
2026-09-02,CUMMINSIND,23,-1,-0.06951702698501422,0.16466045379638672,0.15898347,0.1062812,0.002702269009399405,4
2026-09-02,CUMMINSIND,49,-1,-0.041112270321695836,0.14307068288326263,0.039839745,0.10628120000000002,-0.11644145543212893,4
2026-09-02,CUMMINSIND,51,-1,-0.057208573146819444,0.14934289455413818,0.11947155,0.10628120000000002,-0.036809650012207054,4
2026-09-02,CUMMINSIND,55,-1,-0.04976664111434369,0.16159343719482422,-0.15949011,0.1062812,-0.31577130848999024,4
2026-09-02,CUMMINSIND,62,-1,-0.05195033950636699,0.13862033188343048,-0.41794777,0.10628119999999998,-0.5742289691650391,4
2026-09-02,CUMMINSIND,64,-1,-0.06652084177896204,0.15846291184425354,-0.61422586,0.10628119999999998,-0.7705070644104004,4
2026-09-02,CUMMINSIND,67,-1,-0.05590752522143508,0.16048981249332428,-0.73245764,0.1062812,-0.8887388377868652,4
2026-09-02,DABUR,21,-1,-0.05335098040609832,0.13251914083957672,0.02631545,0.1062812,-0.12996574933166505,4
2026-09-02,DABUR,23,-1,-0.06309489406102779,0.1336703896522522,-0.15814304,0.1062812,-0.3144242435180664,4
2026-09-02,DABUR,51,-1,-0.04852258160988036,0.14360734820365906,0.21021962,0.10628119999999998,0.053938421658325214,4
2026-09-02,DABUR,62,-1,-0.049197477050351816,0.11485880613327026,0.2766788,0.1062812,0.12039760058288572,4
2026-09-02,DABUR,64,-1,-0.06261879866733928,0.13739974796772003,0.1317501,0.1062812,-0.02453109318847657,4
2026-09-02,DABUR,67,-1,-0.04609221518187068,0.12149718403816223,0.06591678,0.10628119999999998,-0.09036442334289549,4
2026-09-02,DALBHARAT,3,1,0.05686328266236476,0.6907156109809875,0.29369593,0.1062812,0.13741472666625976,4
2026-09-02,DALBHARAT,4,1,0.07060083772726844,0.5788561701774597,0.25988817,0.1062812,0.10360697214965818,4
2026-09-02,DALBHARAT,5,1,0.0527423174793342,0.5131815075874329,0.1975298,0.1062812,0.04124859278564452,4
2026-09-02,DALBHARAT,6,1,0.05624863397260882,0.5009825825691223,0.5553365,0.1062812,0.39905527537231444,4
2026-09-02,DALBHARAT,7,1,0.05089176227212531,0.47867199778556824,0.34552813,0.1062812,0.18924692576293944,4
2026-09-02,DALBHARAT,8,1,0.04833262300407265,0.445324569940567,0.45876503,0.1062812,0.30248382990722655,4
2026-09-02,DALBHARAT,21,-1,-0.04907442458950498,0.21742774546146393,-0.20346642,0.1062812,-0.35974761540527345,4
2026-09-02,DALBHARAT,23,-1,-0.061686694677358545,0.20843203365802765,-0.21486282,0.1062812,-0.37114402348632813,4
2026-09-02,DALBHARAT,51,-1,-0.04850025103983841,0.11356435716152191,-0.056397915,0.1062812,-0.21267911488647462,4
2026-09-02,DALBHARAT,62,-1,-0.0482787528844814,0.10186943411827087,0.011277199,0.1062812,-0.1450040012084961,4
2026-09-02,DALBHARAT,64,-1,-0.06382929794091395,0.11465036123991013,0.2816081,0.1062812,0.12532690470581054,4
2026-09-02,DALBHARAT,67,-1,-0.042922020798684214,0.11828379333019257,0.033789873,0.1062812,-0.12249132687683106,4
2026-09-02,DIVISLAB,4,1,0.0420551121141323,0.4605768322944641,0.104177,0.10628119999999998,-0.05210420186157225,4
2026-09-02,DIVISLAB,19,-1,-0.04783084234730547,0.13761144876480103,-0.43358803,0.1062812,-0.5898692279541016,4
2026-09-02,DIVISLAB,20,-1,-0.04429534570704793,0.12689360976219177,-0.5263686,0.10628119999999998,-0.6826498180114746,4
2026-09-02,DIVISLAB,21,-1,-0.05279429366532184,0.1214371919631958,-0.7348895,0.1062812,-0.8911707072937012,4
2026-09-02,DIVISLAB,23,-1,-0.06748511264372518,0.11116678267717361,-0.8822918,0.1062812,-1.0385729938232422,4
2026-09-02,DIVISLAB,51,-1,-0.055136002366148164,0.19679102301597595,0.11366606,0.1062812,-0.04261514241333009,4
2026-09-02,DIVISLAB,55,-1,-0.043753039175277245,0.18010132014751434,-0.21697283,0.10628119999999998,-0.3732540279113769,4
2026-09-02,DIVISLAB,62,-1,-0.052895881947662315,0.1442103236913681,-0.41667223,0.1062812,-0.5729534297668457,4
2026-09-02,DIVISLAB,63,-1,-0.04248210179616334,0.14058613777160645,-0.40014982,0.10628119999999998,-0.5564310222351074,4
2026-09-02,DIVISLAB,64,-1,-0.07641734807864302,0.1667294204235077,0.18824339,0.1062812,0.03196218912963866,4
2026-09-02,DIVISLAB,67,-1,-0.0632416086959268,0.15773841738700867,0.66795945,0.1062812,0.511678251675415,4
2026-09-02,DIXON,4,1,0.04137237622001668,0.5634195804595947,0.20215511,0.10628119999999998,0.04587391322021486,4
2026-09-02,DIXON,23,-1,-0.06672231532630397,0.2269618809223175,-0.11100769,0.1062812,-0.2672888904296875,4
2026-09-02,DIXON,51,-1,-0.04196490345289936,0.14657564461231232,-0.12395382,0.1062812,-0.28023501927490235,4
2026-09-02,DIXON,62,-1,-0.04777868851943933,0.12722645699977875,-0.13065338,0.1062812,-0.28693458134765626,4
2026-09-02,DIXON,64,-1,-0.07343724474368217,0.12671780586242676,-0.27502775,0.1062812,-0.43130895192260743,4
2026-09-02,DIXON,67,-1,-0.058444814623380185,0.15068493783473969,0.061649084,0.1062812,-0.09463211590881349,4
2026-09-02,DLF,4,1,0.04267904585096716,0.889258623123169,0.12161732,0.10628119999999998,-0.03466388280029295,4
2026-09-02,DLF,23,-1,-0.06559392760588606,0.23708443343639374,0.0985086,0.10628119999999998,-0.057772603579711895,4
2026-09-02,DLF,51,-1,-0.05682422081184086,0.210415318608284,0.030052662,0.10628119999999998,-0.12622853810424803,4
2026-09-02,DLF,55,-1,-0.0453686759560372,0.1700800508260727,-0.3616929,0.10628119999999998,-0.5179741054260254,4
2026-09-02,DLF,62,-1,-0.05182047669450665,0.1528422236442566,0.022524595,0.1062812,-0.1337566047393799,4
2026-09-02,DLF,64,-1,-0.0661601127614753,0.15489383041858673,-0.39014816,0.1062812,-0.5464293628417969,4
2026-09-02,DLF,67,-1,-0.060366504759523466,0.1372690498828888,-1.1184573,0.1062812,-1.274738517352295,4
2026-09-02,DMART,19,-1,-0.04933881653838745,0.14460530877113342,0.2764225,0.1062812,0.12014130061035154,4
2026-09-02,DMART,20,-1,-0.04179807242454635,0.13020437955856323,0.23972392,0.1062812,0.08344272082214353,4
2026-09-02,DMART,21,-1,-0.0538278789673932,0.1518101841211319,0.18458366,0.1062812,0.02830246394042968,4
2026-09-02,DMART,23,-1,-0.06806621174912006,0.14935506880283356,0.071281195,0.1062812,-0.08500000531311036,4
2026-09-02,DMART,49,-1,-0.04175285026534676,0.14298509061336517,-0.02105236,0.10628119999999998,-0.17733356053466792,4
2026-09-02,DMART,51,-1,-0.05651106152403441,0.1428566873073578,-0.06579161,0.1062812,-0.22207280690307618,4
2026-09-02,DMART,55,-1,-0.05017983637842377,0.13506798446178436,0.018399954,0.1062812,-0.13788124615783692,4
2026-09-02,DMART,62,-1,-0.049325057468377446,0.10631053149700165,-0.05785227,0.10628119999999998,-0.2141334682189941,4
2026-09-02,DMART,64,-1,-0.06262395736645916,0.11601102352142334,-0.026285648,0.1062812,-0.18256684834594727,4
2026-09-02,DMART,67,-1,-0.05590752522143508,0.094166599214077,-0.1470685,0.10628119999999998,-0.3033497005187988,4
2026-09-02,DRREDDY,4,1,0.04120680908994545,0.3566843569278717,0.068604946,0.1062812,-0.0876762538635254,4
2026-09-02,DRREDDY,19,-1,-0.049861105842665225,0.12037008255720139,-0.12036562,0.1062812,-0.27664681965942384,4
2026-09-02,DRREDDY,21,-1,-0.05024897655607729,0.11550646275281906,-0.2064228,0.1062812,-0.3627040057861328,4
2026-09-02,DRREDDY,23,-1,-0.06674463100704411,0.13186775147914886,-0.12023449,0.10628119999999998,-0.2765156894409179,4
2026-09-02,DRREDDY,51,-1,-0.056885767983765885,0.07542212307453156,0.08584261,0.10628119999999998,-0.0704385905944824,4
2026-09-02,DRREDDY,55,-1,-0.04976664111434369,0.06316483020782471,0.16312599,0.1062812,0.0068447918212890535,4
2026-09-02,DRREDDY,62,-1,-0.04977941203550113,0.0737151950597763,-0.06018877,0.1062812,-0.21646997029418946,4
2026-09-02,DRREDDY,64,-1,-0.06091617260440105,0.10680309683084488,0.18045902,0.10628119999999998,0.024177822521972675,4
2026-09-02,DRREDDY,67,-1,-0.053209735649170475,0.13870801031589508,0.6357968,0.10628119999999998,0.4795155853546143,4
2026-09-02,EICHERMOT,3,1,0.04985674164898823,0.8926248550415039,-0.2991855,0.1062812,-0.45546671445007325,4
2026-09-02,EICHERMOT,4,1,0.08186486831112721,0.7816781997680664,-0.08481145,0.1062812,-0.24109264905090333,4
2026-09-02,EICHERMOT,5,1,0.04245598115045865,0.7746601700782776,0.39994717,0.10628120000000002,0.24366596644287108,4
2026-09-02,EICHERMOT,8,1,0.042397797357506484,0.6386867761611938,0.30806065,0.1062812,0.1517794460571289,4
2026-09-02,EICHERMOT,23,-1,-0.04184321864008029,0.24787569046020508,0.31547546,0.1062812,0.1591942638671875,4
2026-09-02,EICHERMOT,45,-1,-0.048473890196311716,0.2350742071866989,-0.70711374,0.1062812,-0.8633949428283691,4
2026-09-02,EICHERMOT,49,-1,-0.04797219861611162,0.23303671181201935,0.07892847,0.1062812,-0.07735272938842774,4
2026-09-02,EICHERMOT,51,-1,-0.06553384401445936,0.23898909986019135,-0.098752975,0.1062812,-0.2550341754638672,4
2026-09-02,EICHERMOT,55,-1,-0.04853805182671205,0.2442966103553772,-0.7105231,0.1062812,-0.8668043285095215,4
2026-09-02,EICHERMOT,62,-1,-0.061031704215739856,0.23750419914722443,-0.40496588,0.1062812,-0.561247077532959,4
2026-09-02,EICHERMOT,63,-1,-0.04341847071516889,0.2237386703491211,-0.1565814,0.1062812,-0.3128626018249512,4
2026-09-02,EICHERMOT,64,-1,-0.07560495078188427,0.22306875884532928,-0.30002594,0.1062812,-0.45630713994140626,4
2026-09-02,EICHERMOT,67,-1,-0.06049766955700337,0.1951727271080017,-0.37094355,0.10628119999999998,-0.527224746295166,4
2026-09-02,ENDURANCE,3,1,0.04787315579783728,0.9874928593635559,-0.22344589,0.1062812,-0.3797270923339844,4
2026-09-02,ENDURANCE,4,1,0.07355086203623512,0.9073449969291687,-0.17371178,0.1062812,-0.32999297673339845,4
2026-09-02,ENDURANCE,5,1,0.044645575917185286,0.880562961101532,0.3227353,0.10628119999999998,0.16645410960083012,4
2026-09-02,ENDURANCE,6,1,0.043294565004085205,0.8152877688407898,0.43239594,0.1062812,0.27611473505859374,4
2026-09-02,ENDURANCE,7,1,0.045795271463464175,0.7576426863670349,0.18135309,0.1062812,0.025071892193603507,4
2026-09-02,ENDURANCE,45,-1,-0.04517780102565633,0.19728325307369232,-0.054728985,0.10628119999999998,-0.21101018483276363,4
2026-09-02,ENDURANCE,49,-1,-0.043361047504051266,0.18059051036834717,-0.11675358,0.1062812,-0.27303477818603517,4
2026-09-02,ENDURANCE,51,-1,-0.055623461826525215,0.1525680273771286,-0.22238493,0.10628119999999998,-0.3786661296569824,4
2026-09-02,ENDURANCE,55,-1,-0.05224697145209081,0.18564331531524658,-0.14204979,0.1062812,-0.29833098942871095,4
2026-09-02,ENDURANCE,62,-1,-0.05579790898139733,0.19639244675636292,-0.047290325,0.10628120000000002,-0.20357152516479493,4
2026-09-02,ENDURANCE,64,-1,-0.07141425272290053,0.2013835906982422,-0.04723072,0.1062812,-0.20351192052001954,4
2026-09-02,ENDURANCE,67,-1,-0.05109064512778041,0.19566407799720764,-0.3164053,0.1062812,-0.4726864963256836,4
2026-09-02,ESCORTS,4,1,0.0411268462439667,0.6715911030769348,0.036740303,0.10628119999999998,-0.1195408969604492,4
2026-09-02,ESCORTS,20,-1,-0.04144236342009395,0.20913399755954742,0.27294755,0.10628119999999998,0.11666634981994632,4
2026-09-02,ESCORTS,21,-1,-0.04907342421778258,0.2022443264722824,0.27673244,0.10628119999999998,0.12045124476318363,4
2026-09-02,ESCORTS,23,-1,-0.06537547138907511,0.18680965900421143,0.01668334,0.10628120000000002,-0.13959785992736817,4
2026-09-02,ESCORTS,62,-1,-0.04304571495598026,0.25206372141838074,-0.8963227,0.1062812,-1.0526039272033691,4
2026-09-02,ESCORTS,64,-1,-0.05596535322526552,0.25505921244621277,-0.94213486,0.10628119999999998,-1.0984160571777344,4
2026-09-02,ESCORTS,67,-1,-0.04477827601200292,0.2452995777130127,0.08298159,0.1062812,-0.07329961354370118,4
2026-09-02,ETERNAL,3,1,0.043021186814786706,0.4544753134250641,0.6058693,0.1062812,0.4495880932128906,4
2026-09-02,ETERNAL,4,1,0.05997018653243452,0.45213592052459717,0.79512596,0.10628119999999998,0.6388447613037109,4
2026-09-02,ETERNAL,19,-1,-0.047773060535006746,0.21011924743652344,-0.09288788,0.1062812,-0.24916907841796876,4
2026-09-02,ETERNAL,21,-1,-0.046025362189773586,0.20329073071479797,-0.6531954,0.10628119999999998,-0.8094765811645508,4
2026-09-02,ETERNAL,23,-1,-0.06580926426821865,0.20389330387115479,-0.27924776,0.10628119999999998,-0.43552896077270503,4
2026-09-02,ETERNAL,51,-1,-0.049374917988253164,0.20627525448799133,-0.3532529,0.1062812,-0.5095340877258301,4
2026-09-02,ETERNAL,55,-1,-0.045849373548161196,0.18286821246147156,-0.10728836,0.1062812,-0.26356956059570313,4
2026-09-02,ETERNAL,62,-1,-0.04831998361390902,0.15967775881290436,0.10719895,0.1062812,-0.04908224637145997,4
2026-09-02,ETERNAL,64,-1,-0.06445232543614562,0.15421000123023987,0.015306473,0.10628119999999998,-0.14097472722167967,4
2026-09-02,ETERNAL,67,-1,-0.06353689724730592,0.15734702348709106,-0.1529932,0.1062812,-0.30927440220947267,4
2026-09-02,EXIDEIND,4,1,0.04205550580186847,0.8288275003433228,-0.32179952,0.1062812,-0.47808071667785645,4
2026-09-02,EXIDEIND,49,-1,-0.042036304216593476,0.1971137672662735,0.7132888,0.1062812,0.5570075840270996,4
2026-09-02,EXIDEIND,51,-1,-0.056646207453650586,0.1956949234008789,0.50351024,0.10628119999999998,0.34722903674011235,4
2026-09-02,EXIDEIND,55,-1,-0.0408437347871842,0.20525503158569336,0.5279839,0.1062812,0.3717027038848877,4
2026-09-02,EXIDEIND,62,-1,-0.05418460129406829,0.22411029040813446,-0.30667782,0.1062812,-0.46295901829833985,4
2026-09-02,EXIDEIND,64,-1,-0.058916841057947054,0.2530967593193054,0.02347231,0.10628119999999998,-0.13280889088745115,4
2026-09-02,EXIDEIND,67,-1,-0.04932670317757428,0.23571878671646118,-0.11739731,0.1062812,-0.2736785083496094,4
2026-09-02,FEDERALBNK,4,1,0.043160384785577696,0.36945778131484985,0.53406954,0.1062812,0.37778833811645507,4
2026-09-02,FEDERALBNK,19,-1,-0.04300811473247901,0.20510779321193695,0.2153635,0.1062812,0.0590823025024414,4
2026-09-02,FEDERALBNK,20,-1,-0.04124707299052082,0.20607389509677887,0.27260184,0.10628119999999998,0.11632064288024906,4
2026-09-02,FEDERALBNK,21,-1,-0.05122355039379074,0.20525451004505157,-0.12931824,0.1062812,-0.2855994373046875,4
2026-09-02,FEDERALBNK,23,-1,-0.059228857558125646,0.19241008162498474,-0.51858425,0.1062812,-0.6748654514038086,4
2026-09-02,FEDERALBNK,62,-1,-0.048320951742028,0.17204512655735016,0.28332472,0.10628119999999998,0.12704351847534184,4
2026-09-02,FEDERALBNK,64,-1,-0.06730649761280634,0.17026156187057495,-0.0,0.10628119999999998,-0.15628119999999998,4
2026-09-02,FEDERALBNK,67,-1,-0.051366901139809275,0.1775820404291153,-0.38352013,0.1062812,-0.5398013263427734,4
2026-09-02,FLUOROCHEM,4,1,0.05065741258805353,0.4261484444141388,0.0106573105,0.10628119999999998,-0.14562388951416014,4
2026-09-02,FLUOROCHEM,62,-1,-0.047045945174966915,0.13511767983436584,-0.06982088,0.10628119999999998,-0.22610208088989253,4
2026-09-02,FLUOROCHEM,64,-1,-0.06261879866733928,0.1460711807012558,-0.061297417,0.10628119999999998,-0.21757861668701167,4
2026-09-02,FLUOROCHEM,67,-1,-0.046993569714956475,0.17198200523853302,-0.029611588,0.10628119999999998,-0.18589278752441402,4
2026-09-02,FORTIS,19,-1,-0.04547941397861988,0.14692816138267517,0.04399419,0.10628119999999998,-0.11228701169128416,4
2026-09-02,FORTIS,21,-1,-0.04606312345093251,0.136033296585083,0.4843712,0.1062812,0.32808998530273437,4
2026-09-02,FORTIS,23,-1,-0.0699162573871703,0.13170868158340454,0.6715119,0.1062812,0.5152306885040283,4
2026-09-02,FORTIS,45,-1,-0.04196365465554191,0.2039690762758255,-0.0054836273,0.1062812,-0.16176482731933595,4
2026-09-02,FORTIS,51,-1,-0.05651106152403441,0.12962841987609863,0.071281195,0.1062812,-0.08500000531311036,4
2026-09-02,FORTIS,55,-1,-0.05110732421608565,0.12457124143838882,0.049358606,0.1062812,-0.10692259366149903,4
2026-09-02,FORTIS,62,-1,-0.050509434319877394,0.0983738899230957,0.032919645,0.1062812,-0.12336155469055177,4
2026-09-02,FORTIS,64,-1,-0.07016179911838132,0.11369487643241882,0.021874905,0.1062812,-0.13440629536743165,4
2026-09-02,FORTIS,67,-1,-0.05589839076978619,0.1122249960899353,-0.13132095,0.1062812,-0.28760215336914063,4
2026-09-02,GAIL,23,-1,-0.06724460463058174,0.22624921798706055,0.34289956,0.1062812,0.18661836092834472,4
2026-09-02,GAIL,49,-1,-0.04197090914626063,0.1395922303199768,0.27261972,0.10628119999999998,0.11633852427368167,4
2026-09-02,GAIL,51,-1,-0.045629711948475114,0.15157867968082428,0.0985682,0.10628119999999998,-0.057712998934936505,4
2026-09-02,GAIL,62,-1,-0.050155883678450044,0.14586643874645233,0.110173225,0.10628119999999998,-0.04610797459716795,4
2026-09-02,GAIL,64,-1,-0.06243732979026577,0.15347716212272644,-0.20316839,0.10628119999999998,-0.35944959218139644,4
2026-09-02,GAIL,67,-1,-0.04763417186532254,0.13423238694667816,-0.3422022,0.1062812,-0.49848338658447267,4
2026-09-02,GICRE,51,-1,-0.04636057467755431,0.15968948602676392,-0.112485886,0.1062812,-0.2687670856201172,4
2026-09-02,GICRE,62,-1,-0.04511665994306023,0.2113860845565796,-0.19747019,0.10628119999999998,-0.3537513881408691,4
2026-09-02,GICRE,64,-1,-0.06243732979026577,0.20224089920520782,-0.19725561,0.1062812,-0.35353681141967774,4
2026-09-02,GICRE,67,-1,-0.05133773190178712,0.16800817847251892,-0.0,0.1062812,-0.1562812,4
2026-09-02,GLAXO,4,1,0.05709952285622085,0.45526838302612305,0.4091978,0.1062812,0.2529166073120117,4
2026-09-02,GLAXO,5,1,0.04593864948948033,0.446972519159317,0.56210756,0.1062812,0.4058263630187988,4
2026-09-02,GLAXO,21,-1,-0.04959785907786321,0.230048269033432,0.5554497,0.1062812,0.3991685241973877,4
2026-09-02,GLAXO,49,-1,-0.041289262213937,0.15215876698493958,0.6405473,0.1062812,0.48426607554321294,4
2026-09-02,GLAXO,51,-1,-0.05057474960308305,0.18574577569961548,0.30806065,0.1062812,0.1517794460571289,4
2026-09-02,GLAXO,55,-1,-0.04976664111434369,0.1757311224937439,-0.21548271,0.10628119999999998,-0.37176391179199214,4
2026-09-02,GLAXO,62,-1,-0.051868787646362643,0.22744955122470856,-0.37856102,0.1062812,-0.534842219897461,4
2026-09-02,GLAXO,64,-1,-0.05994388880206598,0.2469998300075531,-0.33980608,0.1062812,-0.49608727986450196,4
2026-09-02,GLAXO,67,-1,-0.05931109820419361,0.21136000752449036,-0.7809639,0.1062812,-0.9372450977050781,4
2026-09-02,GLENMARK,51,-1,-0.06006732906466884,0.13267669081687927,-0.06110668,0.1062812,-0.21738788182373048,4
2026-09-02,GLENMARK,55,-1,-0.05110732421608565,0.1932143121957779,-0.3550768,0.10628120000000002,-0.511357989855957,4
2026-09-02,GLENMARK,62,-1,-0.0505266249411626,0.2361670583486557,-0.09354353,0.10628119999999998,-0.249824729510498,4
2026-09-02,GLENMARK,64,-1,-0.07450547814287002,0.2316388636827469,-0.16233921,0.10628119999999998,-0.31862041051025386,4
2026-09-02,GLENMARK,67,-1,-0.05498002211555971,0.1749374121427536,-0.05288124,0.10628119999999998,-0.20916244084472652,4
2026-09-02,GODFRYPHLP,4,1,0.05872131195899756,0.49816298484802246,-0.112730265,0.1062812,-0.2690114646636963,4
2026-09-02,GODFRYPHLP,5,1,0.04355272604012472,0.43969473242759705,0.004899502,0.10628119999999998,-0.15138169819946287,4
2026-09-02,GODFRYPHLP,21,-1,-0.041734778984525725,0.17971201241016388,0.0982821,0.1062812,-0.05799910122985841,4
2026-09-02,GODFRYPHLP,23,-1,-0.06413632475811741,0.17691294848918915,-0.07863045,0.10628119999999998,-0.23491164738769527,4
2026-09-02,GODFRYPHLP,51,-1,-0.04729006248218674,0.13357704877853394,-0.03938675,0.1062812,-0.19566794926757813,4
2026-09-02,GODFRYPHLP,55,-1,-0.04459913353534713,0.11965618282556534,0.06386042,0.1062812,-0.0924207835876465,4
2026-09-02,GODFRYPHLP,62,-1,-0.05209304191300926,0.126755490899086,-0.034415722,0.10628119999999998,-0.1906969218933105,4
2026-09-02,GODFRYPHLP,64,-1,-0.0629921111351667,0.13671475648880005,0.05902052,0.1062812,-0.09726068074340821,4
2026-09-02,GODFRYPHLP,67,-1,-0.05495970163968394,0.14208532869815826,0.5401671,0.1062812,0.38388589327697753,4
2026-09-02,GODREJCP,19,-1,-0.04768916564182202,0.22132010757923126,-0.20102262,0.10628119999999998,-0.3573038249694824,4
2026-09-02,GODREJCP,20,-1,-0.04403132774647281,0.2238725870847702,0.17261505,0.1062812,0.01633385126953124,4
2026-09-02,GODREJCP,21,-1,-0.05072138369816875,0.22264277935028076,0.18928051,0.1062812,0.03299930994873046,4
2026-09-02,GODREJCP,23,-1,-0.06645866923269592,0.20462770760059357,0.08918643,0.1062812,-0.06709477002258302,4
2026-09-02,GODREJCP,51,-1,-0.055136002366148164,0.13005709648132324,0.13279915,0.1062812,-0.023482051440429696,4
2026-09-02,GODREJCP,55,-1,-0.04516550601783019,0.14132151007652283,0.110805035,0.1062812,-0.04547616536254884,4
2026-09-02,GODREJCP,62,-1,-0.04866989178653304,0.12400036305189133,0.13308525,0.10628119999999998,-0.023195949145507794,4
2026-09-02,GODREJCP,64,-1,-0.07045555826422135,0.14482060074806213,-0.26034117,0.1062812,-0.4166223674499512,4
2026-09-02,GODREJCP,67,-1,-0.04948860460840138,0.1275588721036911,-0.38267374,0.1062812,-0.5389549403869629,4
2026-09-02,GODREJIND,19,-1,-0.043381370655493565,0.238408163189888,-0.04389286,0.1062812,-0.20017406041259767,4
2026-09-02,GODREJIND,21,-1,-0.05819022695954497,0.21812118589878082,0.105285645,0.10628119999999998,-0.05099555546874998,4
2026-09-02,GODREJIND,23,-1,-0.06580926426821865,0.19628778100013733,0.14047027,0.1062812,-0.015810933657836923,4
2026-09-02,GODREJIND,51,-1,-0.056884373991861824,0.10300099104642868,-0.31653643,0.1062812,-0.47281762654418946,4
2026-09-02,GODREJIND,55,-1,-0.05121224792068107,0.16622906923294067,0.24497509,0.1062812,0.08869389002685545,4
2026-09-02,GODREJIND,62,-1,-0.049325057468377446,0.18856173753738403,0.28064847,0.1062812,0.12436726992492673,4
2026-09-02,GODREJIND,64,-1,-0.0609746651107935,0.17482522130012512,0.2544105,0.10628119999999998,0.09812930529479984,4
2026-09-02,GODREJIND,67,-1,-0.050984789106761255,0.1574314385652542,0.32492876,0.1062812,0.16864756052856444,4
2026-09-02,GODREJPROP,4,1,0.046828393511094385,0.9776961207389832,0.0677228,0.1062812,-0.08855840260620118,4
2026-09-02,GODREJPROP,49,-1,-0.0407496578709397,0.24231067299842834,0.17498136,0.10628119999999998,0.018700155667114277,4
2026-09-02,GODREJPROP,51,-1,-0.060376052063340666,0.25620415806770325,0.1080513,0.10628119999999998,-0.048229899951171856,4
2026-09-02,GODREJPROP,55,-1,-0.05254560642080275,0.21230141818523407,-0.2420783,0.1062812,-0.3983595042907715,4
2026-09-02,GODREJPROP,62,-1,-0.0568284911214555,0.20699553191661835,0.33912063,0.1062812,0.18283942644958495,4
2026-09-02,GODREJPROP,63,-1,-0.04850452336122197,0.20459480583667755,0.10800958,0.10628119999999998,-0.04827162320251463,4
2026-09-02,GODREJPROP,64,-1,-0.0661601127614753,0.19012267887592316,-0.20035505,0.10628119999999998,-0.356636252947998,4
2026-09-02,GODREJPROP,67,-1,-0.06164534193317706,0.17728647589683533,-1.3161302,0.10628119999999998,-1.4724113612854004,4
2026-09-02,GRASIM,4,1,0.048082887885025086,0.5203852653503418,0.7407427,0.1062812,0.5844614834106445,4
2026-09-02,GRASIM,19,-1,-0.043425801406818273,0.23527516424655914,0.30996203,0.1062812,0.15368083422546386,4
2026-09-02,GRASIM,21,-1,-0.041113497464497634,0.23812592029571533,0.14151931,0.10628119999999998,-0.01476189190979002,4
2026-09-02,GRASIM,23,-1,-0.06813418354843709,0.22160837054252625,0.04310012,0.1062812,-0.11318108136291505,4
2026-09-02,GRASIM,51,-1,-0.06017548254813413,0.16995210945606232,0.042819977,0.1062812,-0.11346122319335938,4
2026-09-02,GRASIM,55,-1,-0.04945333872254155,0.16367289423942566,-0.05505085,0.1062812,-0.2113320499145508,4
2026-09-02,GRASIM,62,-1,-0.05392683785696993,0.12511366605758667,-0.6419301,0.1062812,-0.798211303302002,4
2026-09-02,GRASIM,63,-1,-0.043051177367164746,0.13108675181865692,0.10691881,0.10628119999999998,-0.04936238820190428,4
2026-09-02,GRASIM,64,-1,-0.07205829475102608,0.13775181770324707,-0.4212141,0.1062812,-0.5774953036987305,4
2026-09-02,GRASIM,67,-1,-0.06353689724730592,0.15569429099559784,-0.17024279,0.10628119999999998,-0.32652398640747066,4
2026-09-02,HAL,19,-1,-0.04804473156363834,0.20559163391590118,0.25581717,0.10628120000000002,0.099535974911499,4
2026-09-02,HAL,20,-1,-0.04375072583272821,0.19824464619159698,0.27267933,0.1062812,0.11639812891845701,4
2026-09-02,HAL,21,-1,-0.051458778124288736,0.19990240037441254,0.06135106,0.10628119999999998,-0.09493013913269041,4
2026-09-02,HAL,23,-1,-0.05811819343437053,0.19672980904579163,-0.061500072,0.1062812,-0.21778127247924806,4
2026-09-02,HAL,45,-1,-0.04196365465554191,0.13449494540691376,-0.094890594,0.1062812,-0.2511717944824219,4
2026-09-02,HAL,49,-1,-0.041827925529386766,0.12211767584085464,0.037896633,0.10628119999999998,-0.11838456685180662,4
2026-09-02,HAL,51,-1,-0.0591022219119666,0.11770257353782654,-0.14117956,0.1062812,-0.29746076161499024,4
2026-09-02,HAL,55,-1,-0.0446947107867975,0.10793217271566391,-0.37356615,0.1062812,-0.5298473506652832,4
2026-09-02,HAL,62,-1,-0.05392683785696993,0.10768688470125198,-0.21660328,0.10628119999999998,-0.3728844791137695,4
2026-09-02,HAL,63,-1,-0.04248210179616334,0.11672606319189072,-0.28983355,0.1062812,-0.44611474568481446,4
2026-09-02,HAL,64,-1,-0.07458703000287438,0.12186209112405777,-0.23503304,0.10628119999999998,-0.39131423527832027,4
2026-09-02,HAL,67,-1,-0.06353689724730592,0.15929409861564636,-0.0,0.1062812,-0.1562812,4
2026-09-02,HAVELLS,19,-1,-0.04112752072557877,0.218236044049263,0.5993962,0.1062812,0.4431150287902832,4
2026-09-02,HAVELLS,21,-1,-0.046264782937344553,0.23915089666843414,0.47590733,0.1062812,0.3196261257446289,4
2026-09-02,HAVELLS,45,-1,-0.04153581268971368,0.17966821789741516,-0.09249449,0.1062812,-0.24877568776245118,4
2026-09-02,HAVELLS,49,-1,-0.04342877551683412,0.167092427611351,-0.1430273,0.1062812,-0.29930850560302735,4
2026-09-02,HAVELLS,51,-1,-0.050855784460601086,0.15542460978031158,-0.100815296,0.10628119999999998,-0.25709649617309566,4
2026-09-02,HAVELLS,55,-1,-0.04693391151036813,0.1488237828016281,-0.09243488,0.1062812,-0.2487160831176758,4
2026-09-02,HAVELLS,62,-1,-0.05373162687942597,0.14150339365005493,0.109130144,0.1062812,-0.047151055880737314,4
2026-09-02,HAVELLS,64,-1,-0.07070232327824671,0.15388712286949158,-0.02514124,0.1062812,-0.18142243916625977,4
2026-09-02,HAVELLS,67,-1,-0.054727310236293715,0.14794892072677612,-0.02515316,0.1062812,-0.18143436009521485,4
2026-09-02,HCLTECH,4,1,0.043499525649824095,0.9112716913223267,-0.082445145,0.1062812,-0.23872634465332032,4
2026-09-02,HCLTECH,19,-1,-0.04282691923606702,0.25538933277130127,-0.030040741,0.1062812,-0.18632194096679688,4
2026-09-02,HCLTECH,23,-1,-0.06786570255193228,0.21374891698360443,-0.05260706,0.1062812,-0.20888825947875977,4
2026-09-02,HCLTECH,49,-1,-0.04348191102293086,0.11847696453332901,0.21765232,0.10628119999999998,0.061371120861816425,4
2026-09-02,HCLTECH,51,-1,-0.061829468041678236,0.11042733490467072,-0.05249977,0.1062812,-0.20878097111816407,4
2026-09-02,HCLTECH,55,-1,-0.045249492131698446,0.11019740253686905,-0.20319223,0.10628119999999998,-0.3594734340393066,4
2026-09-02,HCLTECH,62,-1,-0.048114232326834164,0.15932661294937134,0.12769103,0.1062812,-0.028590169497680673,4
2026-09-02,HCLTECH,64,-1,-0.06332950963944943,0.17326122522354126,0.11265278,0.10628119999999998,-0.0436284213745117,4
2026-09-02,HCLTECH,67,-1,-0.05590752522143508,0.17541950941085815,0.01501441,0.10628119999999998,-0.14126678998107908,4
2026-09-02,HDFCAMC,4,1,0.0640917670826153,0.6125307679176331,0.12084246,0.10628119999999998,-0.03543874318237303,4
2026-09-02,HDFCAMC,7,1,0.04965429131181087,0.4638954997062683,0.3630519,0.1062812,0.2067706913269043,4
2026-09-02,HDFCAMC,19,-1,-0.045781332592404356,0.23999930918216705,-0.09200573,0.1062812,-0.24828692967529298,4
2026-09-02,HDFCAMC,20,-1,-0.04403132774647281,0.2390066683292389,0.083845854,0.1062812,-0.07243534619445802,4
2026-09-02,HDFCAMC,23,-1,-0.06624900260704358,0.22568580508232117,0.08400679,0.1062812,-0.07227441365356446,4
2026-09-02,HDFCAMC,51,-1,-0.05657151737375377,0.15706543624401093,0.71965456,0.1062812,0.5633733600891113,4
2026-09-02,HDFCAMC,55,-1,-0.0446947107867975,0.17357002198696136,0.12792945,0.1062812,-0.02835175091857911,4
2026-09-02,HDFCAMC,62,-1,-0.05195033950636699,0.1761334389448166,-0.18413067,0.1062812,-0.3404118686401367,4
2026-09-02,HDFCAMC,64,-1,-0.06652084177896204,0.1986262947320938,-0.40705204,0.10628119999999998,-0.5633332401000977,4
2026-09-02,HDFCAMC,67,-1,-0.049025458616429984,0.1888933777809143,-0.8948207,0.10628119999999998,-1.0511018901550293,4
2026-09-02,HDFCBANK,19,-1,-0.049861105842665225,0.13743115961551666,-0.021374226,0.1062812,-0.1776554256164551,4
2026-09-02,HDFCBANK,20,-1,-0.043773056402770155,0.14377060532569885,0.17780662,0.10628119999999998,0.021525415829467792,4
2026-09-02,HDFCBANK,21,-1,-0.05657317514280121,0.15099048614501953,0.06405115,0.1062812,-0.09223004872436524,4
2026-09-02,HDFCBANK,23,-1,-0.0686105914987378,0.1465093344449997,-0.07121563,0.1062812,-0.22749682957763673,4
2026-09-02,HDFCBANK,49,-1,-0.04348191102293086,0.10817794501781464,0.07110238,0.10628119999999998,-0.0851788192474365,4
2026-09-02,HDFCBANK,51,-1,-0.061829468041678236,0.09598243981599808,0.03554821,0.10628119999999998,-0.12073298985595701,4
2026-09-02,HDFCBANK,55,-1,-0.05058444360501601,0.10570742189884186,0.10672212,0.1062812,-0.049559083529663095,4
2026-09-02,HDFCBANK,62,-1,-0.04755945098193322,0.10531172901391983,0.14244914,0.1062812,-0.013832059451293954,4
2026-09-02,HDFCBANK,64,-1,-0.05885014616840054,0.10276797413825989,0.13533235,0.1062812,-0.020948854037475595,4
2026-09-02,HDFCBANK,67,-1,-0.047067268152599984,0.09781283885240555,0.03566146,0.10628119999999998,-0.12061974103088377,4
2026-09-02,HDFCLIFE,4,1,0.04238518567888289,0.3236656188964844,0.28988123,0.1062812,0.13360002940063476,4
2026-09-02,HDFCLIFE,19,-1,-0.04432235953090158,0.18534022569656372,0.31724572,0.10628119999999998,0.16096452181701665,4
2026-09-02,HDFCLIFE,21,-1,-0.05304751888389655,0.16875186562538147,0.36418438,0.1062812,0.2079031795776367,4
2026-09-02,HDFCLIFE,23,-1,-0.06639763908769597,0.15206196904182434,0.41074753,0.1062812,0.25446632807617187,4
2026-09-02,HDFCLIFE,51,-1,-0.06165247614943707,0.13174480199813843,0.15835762,0.1062812,0.0020764202392578035,4
2026-09-02,HDFCLIFE,55,-1,-0.04516933634253634,0.13539963960647583,-0.13073683,0.1062812,-0.2870180278503418,4
2026-09-02,HDFCLIFE,62,-1,-0.05082975844216613,0.1159091368317604,0.33573508,0.1062812,0.17945388262634276,4
2026-09-02,HDFCLIFE,64,-1,-0.06262395736645916,0.1251642107963562,0.307554,0.10628119999999998,0.15127280657653813,4
2026-09-02,HDFCLIFE,67,-1,-0.047732184114790244,0.122649647295475,0.54115057,0.1062812,0.3848693699157715,4
2026-09-02,HEROMOTOCO,4,1,0.0845044234427986,0.7982054352760315,-1.0468245,0.1062812,-1.2031056552612305,4
2026-09-02,HEROMOTOCO,5,1,0.042954137838955166,0.7570780515670776,-0.9668648,0.1062812,-1.123146024295044,4
2026-09-02,HEROMOTOCO,21,-1,-0.04865531446728509,0.43952879309654236,0.58535933,0.1062812,0.4290781349456787,4
2026-09-02,HEROMOTOCO,45,-1,-0.0442190524314143,0.2554435431957245,0.24865866,0.1062812,0.09237745707397459,4
2026-09-02,HEROMOTOCO,49,-1,-0.05337410940531754,0.21556134521961212,0.34380555,0.1062812,0.18752435152893066,4
2026-09-02,HEROMOTOCO,51,-1,-0.06450136695379888,0.23271094262599945,-0.06707907,0.10628119999999998,-0.22336026723022456,4
2026-09-02,HEROMOTOCO,52,-1,-0.041420876890376636,0.21024517714977264,-0.23008585,0.1062812,-0.3863670497619629,4
2026-09-02,HEROMOTOCO,55,-1,-0.06041116802944176,0.20271195471286774,-0.6519675,0.1062812,-0.8082487254821777,4
2026-09-02,HEROMOTOCO,62,-1,-0.06259486642146504,0.19323408603668213,-0.16194582,0.1062812,-0.31822701985473634,4
2026-09-02,HEROMOTOCO,63,-1,-0.04158332801518816,0.2012263983488083,-0.2093792,0.1062812,-0.3656603961669922,4
2026-09-02,HEROMOTOCO,64,-1,-0.07491995842774264,0.1998097002506256,-0.48530102,0.1062812,-0.6415822177612305,4
2026-09-02,HEROMOTOCO,67,-1,-0.05950408782416748,0.18216046690940857,-0.49299002,0.1062812,-0.6492712169372559,4
2026-09-02,HINDALCO,19,-1,-0.0413881169859739,0.2531771957874298,0.12905598,0.1062812,-0.027225223132324228,4
2026-09-02,HINDALCO,45,-1,-0.04110022571907752,0.11348044127225876,0.10921955,0.1062812,-0.04706164891357423,4
2026-09-02,HINDALCO,51,-1,-0.056801873090581156,0.10923509299755096,0.26820302,0.1062812,0.11192182009582517,4
2026-09-02,HINDALCO,55,-1,-0.04366229924454018,0.12458842247724533,-0.039851665,0.10628119999999998,-0.19613286549682613,4
2026-09-02,HINDALCO,62,-1,-0.04630501578008796,0.1152418851852417,-0.039827824,0.10628119999999998,-0.19610902363891597,4
2026-09-02,HINDALCO,64,-1,-0.06277472829454846,0.12080127745866776,0.01989603,0.10628119999999998,-0.1363851695739746,4
2026-09-02,HINDALCO,67,-1,-0.056055108065981366,0.12799587845802307,-0.5076647,0.1062812,-0.663945880480957,4
2026-09-02,HINDPETRO,23,-1,-0.06705158364898929,0.22402773797512054,0.30799508,0.1062812,0.15171388094787597,4
2026-09-02,HINDPETRO,45,-1,-0.04196365465554191,0.20322676002979279,-0.25104284,0.1062812,-0.40732404286499024,4
2026-09-02,HINDPETRO,51,-1,-0.061829468041678236,0.1987992525100708,0.1947999,0.10628119999999998,0.03851870005493166,4
2026-09-02,HINDPETRO,55,-1,-0.05110732421608565,0.18070685863494873,0.22243261,0.10628119999999998,0.06615141337280275,4
2026-09-02,HINDPETRO,62,-1,-0.05339594631270437,0.1811349093914032,0.2368927,0.10628119999999998,0.08061150019531253,4
2026-09-02,HINDPETRO,64,-1,-0.06597496349172455,0.16622883081436157,-0.027871132,0.10628119999999998,-0.1841523318969726,4
2026-09-02,HINDPETRO,67,-1,-0.052301452375478924,0.1403094381093979,-0.041794777,0.1062812,-0.19807597691650392,4
2026-09-02,HINDUNILVR,19,-1,-0.04815095702686501,0.1341424584388733,0.258857,0.10628120000000002,0.10257581179504392,4
2026-09-02,HINDUNILVR,20,-1,-0.04429534570704793,0.12925250828266144,0.43606162,0.10628120000000002,0.27978042071228026,4
2026-09-02,HINDUNILVR,21,-1,-0.05131565533697036,0.12968020141124725,0.2332747,0.10628119999999998,0.07699349825744632,4
2026-09-02,HINDUNILVR,23,-1,-0.05811819343437053,0.1449580043554306,-0.09664297,0.10628119999999998,-0.2529241710388183,4
2026-09-02,HINDUNILVR,51,-1,-0.062267862452771265,0.11132322251796722,0.16753078,0.10628119999999998,0.011249575070190448,4
2026-09-02,HINDUNILVR,55,-1,-0.04516933634253634,0.10493531823158264,-0.0050902367,0.10628119999999998,-0.16137143666381834,4
2026-09-02,HINDUNILVR,62,-1,-0.05088414077960887,0.0835082158446312,0.19316077,0.1062812,0.03687957232360839,4
2026-09-02,HINDUNILVR,64,-1,-0.058284906971014974,0.08830024302005768,-0.39681196,0.10628119999999998,-0.5530931621276856,4
2026-09-02,HINDUNILVR,67,-1,-0.04920407653647687,0.08068088442087173,-0.48333406,0.1062812,-0.6396152644836426,4
2026-09-02,HINDZINC,45,-1,-0.04188210279553755,0.2397085577249527,-0.11018515,0.10628119999999998,-0.26646634633178706,4
2026-09-02,HINDZINC,51,-1,-0.06017548254813413,0.2145100235939026,0.32142997,0.1062812,0.16514876788024901,4
2026-09-02,HINDZINC,55,-1,-0.04822537689706281,0.23975065350532532,0.11019111,0.10628119999999998,-0.04609009320373533,4
2026-09-02,HINDZINC,62,-1,-0.052768141997039296,0.2133467048406601,0.47513843,0.1062812,0.31885722582702636,4
2026-09-02,HINDZINC,64,-1,-0.06262395736645916,0.20609131455421448,0.13580918,0.1062812,-0.02047201687927247,4
2026-09-02,HINDZINC,67,-1,-0.04584418788424319,0.19502119719982147,-0.11059046,0.10628120000000002,-0.2668716579162598,4
2026-09-02,HONAUT,20,-1,-0.040803604970449346,0.19965137541294098,0.26961565,0.10628119999999998,0.11333445017700199,4
2026-09-02,HONAUT,21,-1,-0.05111854228602035,0.20817254483699799,0.2414763,0.10628119999999998,0.08519509737854007,4
2026-09-02,HONAUT,23,-1,-0.06628190687535153,0.19401104748249054,-0.02849102,0.1062812,-0.18477222020263673,4
2026-09-02,HONAUT,51,-1,-0.04852258160988036,0.1712988317012787,0.1703322,0.1062812,0.01405099337463378,4
2026-09-02,HONAUT,62,-1,-0.050155883678450044,0.07203733921051025,0.08522868,0.10628119999999998,-0.07105251843566893,4
2026-09-02,HONAUT,64,-1,-0.06189145150302826,0.07405603677034378,0.15622973,0.10628120000000002,-5.146557922365569e-05,4
2026-09-02,HONAUT,67,-1,-0.054437412335406166,0.07396149635314941,0.18453002,0.1062812,0.028248819760131827,4
2026-09-02,HUDCO,23,-1,-0.06537573527348275,0.23429787158966064,0.21640658,0.10628119999999998,0.06012538378601076,4
2026-09-02,HUDCO,45,-1,-0.04196365465554191,0.15222439169883728,0.11305809,0.10628119999999998,-0.043223109790039044,4
2026-09-02,HUDCO,51,-1,-0.05452427691021562,0.12363327294588089,0.022608042,0.1062812,-0.13367315823669434,4
2026-09-02,HUDCO,55,-1,-0.05110732421608565,0.12958475947380066,-0.1752019,0.1062812,-0.3314830928527832,4
2026-09-02,HUDCO,62,-1,-0.05392683785696993,0.11888204514980316,-0.19739866,0.10628119999999998,-0.3536798625671386,4
2026-09-02,HUDCO,63,-1,-0.04248210179616334,0.13353665173053741,-0.07878542,0.1062812,-0.23506661946411134,4
2026-09-02,HUDCO,64,-1,-0.07458703000287438,0.12981456518173218,0.06751418,0.1062812,-0.08876701886291505,4
2026-09-02,HUDCO,67,-1,-0.060377241749527515,0.11846643686294556,-0.2923727,0.1062812,-0.4486539035522461,4
2026-09-02,ICICIBANK,19,-1,-0.049777210949480497,0.11388635635375977,0.090920925,0.1062812,-0.06536027485961915,4
2026-09-02,ICICIBANK,20,-1,-0.0411140749748611,0.12093022465705872,0.10493994,0.1062812,-0.051341262408447275,4
2026-09-02,ICICIBANK,21,-1,-0.052080579384458335,0.11544908583164215,0.0839591,0.1062812,-0.07232209736938477,4
2026-09-02,ICICIBANK,23,-1,-0.06765106649332053,0.11703813821077347,0.1540482,0.1062812,-0.0022329955780029387,4
2026-09-02,ICICIBANK,51,-1,-0.05452427691021562,0.09443464130163193,-0.24613142,0.1062812,-0.40241262013549806,4
2026-09-02,ICICIBANK,55,-1,-0.04976664111434369,0.09896313399076462,-0.24615526,0.1062812,-0.4024364619934082,4
2026-09-02,ICICIBANK,62,-1,-0.04885043191263861,0.11575746536254883,0.15434623,0.10628119999999998,-0.0019349723541259578,4
2026-09-02,ICICIBANK,64,-1,-0.05939602445563803,0.1137295737862587,0.16835332,0.1062812,0.012072119168090811,4
2026-09-02,ICICIBANK,67,-1,-0.047067268152599984,0.13245178759098053,-0.19667149,0.10628119999999998,-0.35295268590087886,4
2026-09-02,ICICIGI,19,-1,-0.04362614237550129,0.2080441564321518,0.49546957,0.10628119999999998,0.33918837015991216,4
2026-09-02,ICICIGI,21,-1,-0.05977980212868146,0.19363026320934296,0.42442083,0.1062812,0.2681396335876465,4
2026-09-02,ICICIGI,23,-1,-0.06741207931626203,0.16257089376449585,0.15696883,0.10628120000000002,0.0006876320159911881,4
2026-09-02,ICICIGI,45,-1,-0.04165500706397846,0.20782804489135742,0.084620714,0.1062812,-0.07166048581237794,4
2026-09-02,ICICIGI,51,-1,-0.061829468041678236,0.2091538906097412,0.058597326,0.1062812,-0.09768387372131349,4
2026-09-02,ICICIGI,55,-1,-0.051139224949916955,0.16612298786640167,0.09120703,0.10628119999999998,-0.06507417256469725,4
2026-09-02,ICICIGI,62,-1,-0.048114232326834164,0.13693282008171082,0.17606616,0.10628119999999998,0.019784960202026386,4
2026-09-02,ICICIGI,64,-1,-0.06387538792668691,0.1562911570072174,0.34530163,0.1062812,0.18902042811279296,4
2026-09-02,ICICIGI,67,-1,-0.050803320229687726,0.16215841472148895,-0.313282,0.10628119999999998,-0.4695632129394531,4
2026-09-02,ICICIPRULI,19,-1,-0.043425801406818273,0.23353958129882812,0.15180707,0.10628119999999998,-0.004474130221557598,4
2026-09-02,ICICIPRULI,20,-1,-0.043773056402770155,0.1972680538892746,0.4046142,0.1062812,0.24833301012878417,4
2026-09-02,ICICIPRULI,21,-1,-0.051267478513633814,0.19084174931049347,0.29352307,0.10628119999999998,0.13724187319641118,4
2026-09-02,ICICIPRULI,23,-1,-0.0669628233394474,0.16700299084186554,0.31382442,0.10628119999999998,0.15754321520690923,4
2026-09-02,ICICIPRULI,51,-1,-0.05671040113753527,0.20762814581394196,0.1398325,0.10628119999999998,-0.016448703356933575,4
2026-09-02,ICICIPRULI,55,-1,-0.04290936659716166,0.20970416069030762,-0.40080547,0.1062812,-0.5570866733276367,4
2026-09-02,ICICIPRULI,62,-1,-0.047935669540122884,0.17465069890022278,0.2794385,0.10628120000000002,0.1231572956359863,4
2026-09-02,ICICIPRULI,63,-1,-0.041416054290408164,0.17659533023834229,0.63802004,0.10628119999999998,0.4817388386047364,4
2026-09-02,ICICIPRULI,64,-1,-0.07093341955035797,0.18243779242038727,0.05981922,0.1062812,-0.09646197850341798,4
2026-09-02,ICICIPRULI,67,-1,-0.05216863911197544,0.18135707080364227,0.13994575,0.1062812,-0.01633545453186036,4
2026-09-02,IDEA,3,1,0.04265543167119293,0.9507041573524475,3.8814425,0.1062812,3.7251613468444824,4
2026-09-02,IDEA,4,1,0.045217058364592215,0.9368343949317932,3.6221623,0.10628119999999998,3.465881142071533,4
2026-09-02,IDEA,64,-1,-0.07247596302384261,0.2207626849412918,0.13746023,0.10628119999999998,-0.018820968218994122,4
2026-09-02,IDEA,67,-1,-0.04429932342132108,0.21630245447158813,-0.06886721,0.10628119999999998,-0.22514840657348628,4
2026-09-02,IDFCFIRSTB,19,-1,-0.045688205259475055,0.18630599975585938,0.0353992,0.1062812,-0.12088200146789552,4
2026-09-02,IDFCFIRSTB,20,-1,-0.04347472847137922,0.1860644519329071,0.07074475,0.10628119999999998,-0.08553644711608885,4
2026-09-02,IDFCFIRSTB,21,-1,-0.052116799216971516,0.18712647259235382,0.14160275,0.1062812,-0.014678445407104501,4
2026-09-02,IDFCFIRSTB,23,-1,-0.06819056417004891,0.20159859955310822,0.070858,0.10628120000000002,-0.08542319829101565,4
2026-09-02,IDFCFIRSTB,51,-1,-0.05118640844782433,0.1445895880460739,0.105923414,0.10628119999999998,-0.0503577857696533,4
2026-09-02,IDFCFIRSTB,55,-1,-0.05058444360501601,0.14391814172267914,-0.023579597,0.10628119999999998,-0.17986079747314448,4
2026-09-02,IDFCFIRSTB,62,-1,-0.050509434319877394,0.13804179430007935,0.023567677,0.10628119999999998,-0.13271352345581053,4
2026-09-02,IDFCFIRSTB,64,-1,-0.061512839881836104,0.13550075888633728,-0.08246899,0.1062812,-0.23875018651123048,4
2026-09-02,IDFCFIRSTB,67,-1,-0.05272625448924828,0.1270846575498581,-0.21197796,0.1062812,-0.3682591586791992,4
2026-09-02,INDHOTEL,20,-1,-0.04408255921007728,0.2406601756811142,-0.09034872,0.1062812,-0.24662992055053712,4
2026-09-02,INDHOTEL,21,-1,-0.047297695103263405,0.22549667954444885,-0.3894329,0.1062812,-0.5457141071044922,4
2026-09-02,INDHOTEL,23,-1,-0.06609929237181524,0.2013620138168335,-0.1388669,0.1062812,-0.2951481013977051,4
2026-09-02,INDHOTEL,51,-1,-0.05671040113753527,0.15141059458255768,0.1794815,0.10628119999999995,0.023200306347656297,4
2026-09-02,INDHOTEL,55,-1,-0.04290936659716166,0.12938684225082397,-0.32494068,0.1062812,-0.48122188145751954,4
2026-09-02,INDHOTEL,62,-1,-0.04240101417579497,0.15357843041419983,0.062024593,0.1062812,-0.09425660664672852,4
2026-09-02,INDHOTEL,64,-1,-0.06927801330445656,0.14653612673282623,-0.0,0.10628119999999998,-0.15628119999999998,4
2026-09-02,INDHOTEL,67,-1,-0.05834170022319366,0.1445491760969162,-0.1789689,0.1062812,-0.3352501064025879,4
2026-09-02,INDIANB,51,-1,-0.05966746110935218,0.15833808481693268,0.06317496,0.1062812,-0.09310623700256349,4
2026-09-02,INDIANB,55,-1,-0.049238645758317406,0.14417821168899536,-0.1437664,0.1062812,-0.3000476031982422,4
2026-09-02,INDIANB,62,-1,-0.05195033950636699,0.15217430889606476,-0.9418249,0.1062812,-1.0981061130249024,4
2026-09-02,INDIANB,64,-1,-0.07222930866544848,0.18632562458515167,-0.12558699,0.10628120000000002,-0.28186818654174806,4
2026-09-02,INDIANB,67,-1,-0.06353689724730592,0.18392007052898407,-0.12532473,0.1062812,-0.28160592610473634,4
2026-09-02,INDIGO,4,1,0.04187525688713438,0.5522842407226562,-0.010150671,0.1062812,-0.16643187100524903,4
2026-09-02,INDIGO,19,-1,-0.044105756409720615,0.24585659801959991,0.27336478,0.1062812,0.117083582333374,4
2026-09-02,INDIGO,23,-1,-0.05893541479021399,0.23359739780426025,-0.15231371,0.1062812,-0.3085949092590332,4
2026-09-02,INDIGO,45,-1,-0.04196365465554191,0.20715440809726715,-0.50530434,0.1062812,-0.6615855365478516,4
2026-09-02,INDIGO,51,-1,-0.04365008543626402,0.26709631085395813,-0.110280514,0.1062812,-0.26656171376342774,4
2026-09-02,INDIGO,55,-1,-0.04078125625137862,0.25646182894706726,-0.33189058,0.10628119999999998,-0.48817178303833003,4
2026-09-02,INDIGO,64,-1,-0.06573387216439407,0.23773719370365143,-0.2506256,0.1062812,-0.4069068103515625,4
2026-09-02,INDIGO,67,-1,-0.06481573442095952,0.22283485531806946,-0.37992,0.1062812,-0.5362012057983399,4
2026-09-02,INDUSINDBK,4,1,0.04167170572067696,0.5591955184936523,-0.38918853,0.1062812,-0.5454697280609131,4
2026-09-02,INDUSINDBK,19,-1,-0.04962952217025213,0.2125636637210846,0.36949515,0.10628119999999998,0.21321395342712407,4
2026-09-02,INDUSINDBK,20,-1,-0.04392063924731644,0.19873890280723572,0.44147968,0.1062812,0.2851984829223633,4
2026-09-02,INDUSINDBK,21,-1,-0.04904933118436514,0.2035987228155136,0.061750412,0.1062812,-0.09453078801269532,4
2026-09-02,INDUSINDBK,23,-1,-0.06597934820408774,0.20582528412342072,0.39106607,0.10628119999999998,0.23478487437133794,4
2026-09-02,INDUSINDBK,51,-1,-0.055223462397807406,0.2473362237215042,-0.1327753,0.1062812,-0.28905650670166017,4
2026-09-02,INDUSINDBK,55,-1,-0.05110732421608565,0.1782602220773697,-0.0,0.10628119999999998,-0.15628119999999998,4
2026-09-02,INDUSINDBK,62,-1,-0.04685108833038661,0.14538556337356567,0.11250973,0.10628119999999998,-0.04377147252197264,4
2026-09-02,INDUSINDBK,64,-1,-0.06319303293746056,0.1473962962627411,0.29631257,0.10628119999999998,0.14003137057189946,4
2026-09-02,INDUSINDBK,67,-1,-0.04682607784592513,0.15712328255176544,-0.020456314,0.10628119999999998,-0.17673751408691402,4
2026-09-02,INDUSTOWER,19,-1,-0.043706294008031665,0.25021034479141235,0.06660223,0.10628119999999998,-0.0896789699279785,4
2026-09-02,INDUSTOWER,20,-1,-0.04369150454276581,0.23866668343544006,0.13308525,0.1062812,-0.02319594914550782,4
2026-09-02,INDUSTOWER,21,-1,-0.048680679241630345,0.2248227894306183,-0.21342039,0.10628120000000002,-0.3697015910827637,4
2026-09-02,INDUSTOWER,23,-1,-0.06622234170276635,0.20283114910125732,-0.17331839,0.1062812,-0.32959958607788087,4
2026-09-02,INDUSTOWER,51,-1,-0.05425109177865973,0.17624011635780334,0.36944747,0.10628119999999998,0.21316626971130376,4
2026-09-02,INDUSTOWER,55,-1,-0.0446947107867975,0.17791004478931427,0.039744377,0.1062812,-0.11653682286376954,4
2026-09-02,INDUSTOWER,62,-1,-0.049304786479762296,0.146739199757576,-0.22531748,0.10628119999999998,-0.3815986781799316,4
2026-09-02,INDUSTOWER,64,-1,-0.058830785258252465,0.14115333557128906,-0.5171776,0.10628119999999998,-0.6734587817871094,4
2026-09-02,INDUSTOWER,67,-1,-0.06033843360517196,0.18370690941810608,-0.013196468,0.10628119999999998,-0.16947766835327147,4
2026-09-02,INFY,4,1,0.04654157805891443,0.9254041910171509,0.4573822,0.1062812,0.3011010021484375,4
2026-09-02,INFY,5,1,0.04760542563817867,0.8355278968811035,0.36871433,0.10628119999999998,0.21243313258056645,4
2026-09-02,INFY,23,-1,-0.06611741799817092,0.22176653146743774,0.29817224,0.10628119999999998,0.14189103548889165,4
2026-09-02,INFY,51,-1,-0.057208573146819444,0.12793394923210144,-0.008833408,0.1062812,-0.1651146083557129,4
2026-09-02,INFY,55,-1,-0.047851110372115264,0.10360145568847656,-0.24763346,0.1062812,-0.4039146571838379,4
2026-09-02,INFY,62,-1,-0.05157563304663551,0.12792420387268066,0.3528893,0.10628119999999998,0.19660809939270024,4
2026-09-02,INFY,64,-1,-0.06704313108323981,0.12338278442621231,0.02644062,0.10628119999999998,-0.1298405795776367,4
2026-09-02,INFY,67,-1,-0.049025458616429984,0.1344875991344452,-0.7601142,0.1062812,-0.9163953929626465,4
2026-09-02,IOC,19,-1,-0.04902821640135779,0.20129245519638062,0.7119298,0.10628119999999998,0.5556485981262207,4
2026-09-02,IOC,21,-1,-0.053400295325687984,0.17167679965496063,0.5218744,0.1062812,0.36559322779541015,4
2026-09-02,IOC,23,-1,-0.06622234170276635,0.15189416706562042,0.21338463,0.1062812,0.05710342829589843,4
2026-09-02,IOC,51,-1,-0.058259735819446476,0.13386227190494537,0.029289722,0.1062812,-0.12699147755737306,4
2026-09-02,IOC,55,-1,-0.04945333872254155,0.13408805429935455,0.029325485,0.10628119999999998,-0.1269557147705078,4
2026-09-02,IOC,62,-1,-0.05114524956873838,0.13936710357666016,0.058686733,0.1062812,-0.0975944667541504,4
2026-09-02,IOC,64,-1,-0.07458703000287438,0.13601408898830414,-0.16112328,0.1062812,-0.31740447575683595,4
2026-09-02,IOC,67,-1,-0.05264826010617978,0.12251002341508865,-0.41780472,0.1062812,-0.5740859180175781,4
2026-09-02,IPCALAB,51,-1,-0.0474004223820068,0.16178174316883087,0.122743845,0.1062812,-0.033537355014038095,4
2026-09-02,IPCALAB,55,-1,-0.0456066682850869,0.18217715620994568,0.020450354,0.10628119999999998,-0.13583084637756346,4
2026-09-02,IPCALAB,62,-1,-0.05195033950636699,0.18442502617835999,-0.0,0.10628119999999998,-0.15628119999999998,4
2026-09-02,IPCALAB,64,-1,-0.06505664353330805,0.1639062464237213,-0.07669926,0.10628119999999998,-0.2329804568969726,4
2026-09-02,IPCALAB,67,-1,-0.05685336023101235,0.14238297939300537,-0.025570393,0.1062812,-0.1818515926086426,4
2026-09-02,IRCTC,4,1,0.05760967703095439,0.5429975390434265,0.32742023,0.10628119999999998,0.17113903468017583,4
2026-09-02,IRCTC,21,-1,-0.04656851050964647,0.16015860438346863,0.031727552,0.1062812,-0.12455364758605958,4
2026-09-02,IRCTC,23,-1,-0.06580926426821865,0.1444622427225113,-0.04235506,0.10628119999999998,-0.19863626057739253,4
2026-09-02,IRCTC,55,-1,-0.04403512813055911,0.09508790075778961,-0.052821636,0.1062812,-0.20910283619995118,4
2026-09-02,IRCTC,62,-1,-0.05061025079398555,0.08221469819545746,0.19007325,0.10628119999999998,0.03379205172424318,4
2026-09-02,IRCTC,64,-1,-0.0629921111351667,0.08671215176582336,0.13723373,0.10628119999999998,-0.019047465869140606,4
2026-09-02,IRCTC,67,-1,-0.046078435303295376,0.1109454557299614,0.021135807,0.10628119999999998,-0.13514539296264647,4
2026-09-02,IRFC,4,1,0.0432302569080578,0.5224422812461853,0.870955,0.10628119999999998,0.7146737903869629,4
2026-09-02,IRFC,21,-1,-0.04954227698631619,0.23080888390541077,0.12188554,0.10628119999999998,-0.03439566189880369,4
2026-09-02,IRFC,23,-1,-0.06715584432103984,0.18364186584949493,0.14622211,0.10628119999999998,-0.0100590854370117,4
2026-09-02,IRFC,55,-1,-0.04146893178773727,0.13572144508361816,0.024342537,0.1062812,-0.13193866307373048,4
2026-09-02,IRFC,62,-1,-0.04899565763386831,0.12612111866474152,-0.036513805,0.10628119999999998,-0.19279500538940425,4
2026-09-02,IRFC,64,-1,-0.06854144900755225,0.1162700206041336,-0.18224716,0.1062812,-0.3385283618652344,4
2026-09-02,IRFC,67,-1,-0.0473204490463609,0.12505382299423218,-0.27964115,0.1062812,-0.43592235142822267,4
2026-09-02,ITC,19,-1,-0.05518379427139335,0.1965557485818863,-0.0,0.1062812,-0.1562812,4
2026-09-02,ITC,20,-1,-0.04573024510556717,0.22865667939186096,0.5769551,0.10628120000000002,0.4206738800323486,4
2026-09-02,ITC,23,-1,-0.041607997462826465,0.24828438460826874,-0.05608797,0.10628119999999998,-0.21236917073364253,4
2026-09-02,ITC,51,-1,-0.05503517185321429,0.17580875754356384,0.037300587,0.1062812,-0.11898061329956056,4
2026-09-02,ITC,55,-1,-0.04404868656700431,0.13718481361865997,0.26103854,0.1062812,0.10475734179382322,4
2026-09-02,ITC,62,-1,-0.04858014908797071,0.14154978096485138,-0.0,0.10628119999999998,-0.15628119999999998,4
2026-09-02,ITC,64,-1,-0.0622946273836235,0.12025175988674164,0.037401915,0.1062812,-0.11887928540344239,4
2026-09-02,ITC,67,-1,-0.05590752522143508,0.13346226513385773,0.44860244,0.10628119999999998,0.2923212379730225,4
2026-09-02,JINDALSTEL,45,-1,-0.04196365465554191,0.21828226745128632,0.3626287,0.1062812,0.20634749834899901,4
2026-09-02,JINDALSTEL,51,-1,-0.056801873090581156,0.19702167809009552,0.4842162,0.10628119999999998,0.3279350132263184,4
2026-09-02,JINDALSTEL,55,-1,-0.049022385143180885,0.19576095044612885,-0.15611649,0.10628120000000002,-0.31239768559570313,4
2026-09-02,JINDALSTEL,62,-1,-0.05195033950636699,0.19050946831703186,-0.03464222,0.1062812,-0.19092341954345704,4
2026-09-02,JINDALSTEL,64,-1,-0.06704313108323981,0.16693326830863953,-0.19916296,0.1062812,-0.35544416005249024,4
2026-09-02,JINDALSTEL,67,-1,-0.05642981452571285,0.15208151936531067,-0.3461957,0.10628119999999998,-0.5024768977844238,4
2026-09-02,JIOFIN,51,-1,-0.058259735819446476,0.1692996770143509,0.05494356,0.10628119999999998,-0.1013376384460449,4
2026-09-02,JIOFIN,55,-1,-0.04351535084899224,0.16431525349617004,0.17334819,0.1062812,0.017066988400268546,4
2026-09-02,JIOFIN,62,-1,-0.05329102260810895,0.1969507336616516,0.2964735,0.10628120000000002,0.14019230311279296,4
2026-09-02,JIOFIN,64,-1,-0.06652084177896204,0.19922761619091034,0.14389753,0.1062812,-0.012383666583251962,4
2026-09-02,JIOFIN,67,-1,-0.049025458616429984,0.1953171342611313,-0.45371056,0.1062812,-0.6099917560302734,4
2026-09-02,JKCEMENT,21,-1,-0.04553118250245809,0.20764531195163727,0.19845366,0.1062812,0.04217246477966308,4
2026-09-02,JKCEMENT,23,-1,-0.058908213068311885,0.2018478959798813,0.10945201,0.1062812,-0.046829190798950204,4
2026-09-02,JKCEMENT,51,-1,-0.04587659658999725,0.1459185779094696,0.19028783,0.1062812,0.03400662844543456,4
2026-09-02,JKCEMENT,55,-1,-0.04106179920894476,0.13667458295822144,0.3707409,0.1062812,0.21445969050292968,4
2026-09-02,JKCEMENT,62,-1,-0.04561669837225941,0.14223933219909668,-0.10057688,0.10628119999999998,-0.2568580775939941,4
2026-09-02,JKCEMENT,64,-1,-0.06388149271420268,0.14712002873420715,-0.030136108,0.1062812,-0.1864173083984375,4
2026-09-02,JKCEMENT,67,-1,-0.053312641776762766,0.1570567935705185,0.20080209,0.1062812,0.04452088778381347,4
2026-09-02,JSL,4,1,0.04989239923723141,0.5136434435844421,0.5986333,0.10628119999999998,0.44235208933715825,4
2026-09-02,JSL,5,1,0.0506615610030258,0.49351030588150024,0.7458091,0.1062812,0.5895278782165527,4
2026-09-02,JSL,6,1,0.050339870245932096,0.44839149713516235,0.9346485,0.1062812,0.7783673137939453,4
2026-09-02,JSL,7,1,0.0524761991944381,0.4125974476337433,0.92082024,0.1062812,0.7645390362060547,4
2026-09-02,JSL,23,-1,-0.06526464439389894,0.21535445749759674,-0.8599758,0.1062812,-1.016257014819336,4
2026-09-02,JSL,51,-1,-0.04754629880144243,0.251688152551651,-1.0156155,0.10628119999999998,-1.171896663256836,4
2026-09-02,JSWENERGY,36,1,0.041963296589378446,0.26433083415031433,-0.009298325,0.1062812,-0.16557952458496095,4
2026-09-02,JSWENERGY,46,1,0.04216665204140068,0.2596355080604553,0.009298325,0.1062812,-0.14698287541503907,4
2026-09-02,JSWENERGY,47,1,0.04579477283659319,0.28704044222831726,-0.4257679,0.1062812,-0.5820490985595703,4
2026-09-02,JSWENERGY,60,1,0.04784204333085842,0.2132103443145752,0.2324462,0.1062812,0.07616499369506834,4
2026-09-02,JSWENERGY,61,1,0.042228388032996715,0.1773926317691803,0.17675161,0.1062812,0.02047041361694335,4
2026-09-02,JSWENERGY,64,-1,-0.04799631574450982,0.16855061054229736,-0.18587112,0.1062812,-0.34215232426757813,4
2026-09-02,JSWINFRA,21,-1,-0.04875330953822305,0.14322145283222198,0.10480881,0.1062812,-0.051472392626953134,4
2026-09-02,JSWINFRA,23,-1,-0.06185533718688425,0.134973406791687,0.07496476,0.10628119999999998,-0.08131643826599119,4
2026-09-02,JSWINFRA,51,-1,-0.04835334038996175,0.10518655925989151,0.2703488,0.1062812,0.11406758730773923,4
2026-09-02,JSWINFRA,62,-1,-0.05209304191300926,0.13432548940181732,0.24060011,0.1062812,0.08431890910034177,4
2026-09-02,JSWINFRA,64,-1,-0.06501927105478085,0.14800502359867096,0.13517141,0.1062812,-0.02110978657836915,4
2026-09-02,JSWINFRA,67,-1,-0.04550885544344269,0.140687495470047,-0.0,0.10628119999999998,-0.15628119999999998,4
2026-09-02,JSWSTEEL,4,1,0.04370056490648022,0.38576769828796387,0.27656555,0.1062812,0.12028435175781248,4
2026-09-02,JSWSTEEL,19,-1,-0.042970042023385405,0.24347607791423798,0.015318394,0.10628119999999998,-0.1409628062927246,4
2026-09-02,JSWSTEEL,20,-1,-0.04369150454276581,0.23413850367069244,0.1914382,0.1062812,0.0351569980895996,4
2026-09-02,JSWSTEEL,21,-1,-0.04853755645431197,0.23200345039367676,0.2757311,0.1062812,0.11944988673095701,4
2026-09-02,JSWSTEEL,23,-1,-0.06565715745101493,0.2125331312417984,0.11501312,0.1062812,-0.04126807744140626,4
2026-09-02,JSWSTEEL,45,-1,-0.04092323382683636,0.13910046219825745,0.13799667,0.1062812,-0.018284526416015634,4
2026-09-02,JSWSTEEL,51,-1,-0.051742583784629335,0.1244003176689148,0.16877055,0.1062812,0.012489351681518546,4
2026-09-02,JSWSTEEL,55,-1,-0.04976664111434369,0.12556353211402893,0.23791194,0.1062812,0.08163073962097166,4
2026-09-02,JSWSTEEL,62,-1,-0.048034076537672055,0.12034039944410324,-0.23844242,0.1062812,-0.39472362095947267,4
2026-09-02,JSWSTEEL,64,-1,-0.06704313108323981,0.14090502262115479,-0.2149105,0.10628119999999998,-0.3711917072021484,4
2026-09-02,JSWSTEEL,67,-1,-0.056055108065981366,0.1327618509531021,-0.29181242,0.10628119999999998,-0.4480936198913574,4
2026-09-02,JUBLFOOD,19,-1,-0.04977955398266087,0.23510971665382385,0.041764975,0.10628119999999998,-0.11451622540588377,4
2026-09-02,JUBLFOOD,20,-1,-0.04159773145586333,0.23844297230243683,0.12521148,0.10628119999999998,-0.031069722720336895,4
2026-09-02,JUBLFOOD,23,-1,-0.06780688001692786,0.2253362387418747,-0.11483431,0.1062812,-0.2711155086242676,4
2026-09-02,JUBLFOOD,45,-1,-0.04196365465554191,0.14533357322216034,-0.17644167,0.1062812,-0.33272286946411134,4
2026-09-02,JUBLFOOD,49,-1,-0.041827925529386766,0.1591743677854538,-0.16590357,0.1062812,-0.3221847682678223,4
2026-09-02,JUBLFOOD,51,-1,-0.05485707603049031,0.14518330991268158,-0.11407137,0.1062812,-0.2703525691711426,4
2026-09-02,JUBLFOOD,55,-1,-0.04559706663391298,0.1510307490825653,-0.10371208,0.1062812,-0.2599932819091797,4
2026-09-02,JUBLFOOD,62,-1,-0.05041522728436212,0.1391277015209198,-0.072562695,0.1062812,-0.22884389454956056,4
2026-09-02,JUBLFOOD,63,-1,-0.04248210179616334,0.15791045129299164,0.18587708,0.1062812,0.029595884732055655,4
2026-09-02,JUBLFOOD,64,-1,-0.07306071155461823,0.16692006587982178,-0.25850534,0.1062812,-0.41478654439086915,4
2026-09-02,JUBLFOOD,67,-1,-0.05473410251430319,0.16033893823623657,-0.68295,0.1062812,-0.8392312198364258,4
2026-09-02,KALYANKJIL,4,1,0.06671719620779192,0.7218415141105652,0.40888786,0.1062812,0.2526066631591797,4
2026-09-02,KALYANKJIL,45,-1,-0.04188210279553755,0.23484563827514648,0.09749532,0.10628119999999998,-0.058785882540893536,4
2026-09-02,KALYANKJIL,51,-1,-0.04614104014848977,0.2774305045604706,-4.166293,0.1062812,-4.322574344226074,4
2026-09-02,KALYANKJIL,65,1,0.0465684629521859,0.8046174645423889,-0.8666456,0.10628119999999998,-1.0229267745697022,4
2026-09-02,KALYANKJIL,66,1,0.04242544543366726,0.8334343433380127,-0.74136853,0.10628119999999998,-0.8976497321807861,4
2026-09-02,KEI,45,-1,-0.04191051914944516,0.22014006972312927,0.3948748,0.1062812,0.23859361117248534,4
2026-09-02,KEI,49,-1,-0.04364363126796636,0.19952115416526794,0.48169494,0.1062812,0.3254137367523193,4
2026-09-02,KEI,51,-1,-0.0491617252947591,0.1922493875026703,0.11576414,0.1062812,-0.04051705891723634,4
2026-09-02,KEI,55,-1,-0.05516418038973997,0.1927700787782669,0.54174066,0.10628119999999998,0.3854594558990479,4
2026-09-02,KEI,62,-1,-0.05866406774865114,0.2535884380340576,0.07779598,0.1062812,-0.07848521763916017,4
2026-09-02,KEI,64,-1,-0.057099260131680166,0.26141706109046936,-0.24274588,0.1062812,-0.39902707631225587,4
2026-09-02,KEI,67,-1,-0.041541130009902935,0.26249271631240845,-0.5249858,0.1062812,-0.6812669902526856,4
2026-09-02,KOTAKBANK,19,-1,-0.049861105842665225,0.1761581301689148,-0.011861324,0.1062812,-0.16814252431030274,4
2026-09-02,KOTAKBANK,20,-1,-0.04429534570704793,0.17089451849460602,0.16580224,0.1062812,0.009521040371704093,4
2026-09-02,KOTAKBANK,21,-1,-0.05665707003598594,0.17388606071472168,-0.16624928,0.10628119999999998,-0.3225304752075195,4
2026-09-02,KOTAKBANK,23,-1,-0.06802461032045357,0.1652860790491104,0.43896437,0.1062812,0.2826831669128418,4
2026-09-02,KOTAKBANK,51,-1,-0.05966746110935218,0.10767284780740738,-0.28487444,0.10628119999999998,-0.4411556392395019,4
2026-09-02,KOTAKBANK,55,-1,-0.04976664111434369,0.1126258596777916,0.047427416,0.1062812,-0.10885378415222169,4
2026-09-02,KOTAKBANK,62,-1,-0.04755945098193322,0.10930216312408447,-0.14235973,0.1062812,-0.298640933581543,4
2026-09-02,KOTAKBANK,64,-1,-0.06652084177896204,0.11846834421157837,-0.29617548,0.1062812,-0.452456679888916,4
2026-09-02,KOTAKBANK,67,-1,-0.05590752522143508,0.12937751412391663,-0.29603243,0.10628119999999998,-0.45231362874145503,4
2026-09-02,KPITTECH,23,-1,-0.06610682752114921,0.20832376182079315,-0.427711,0.1062812,-0.5839922099792481,4
2026-09-02,KPITTECH,51,-1,-0.05945381899121813,0.12257624417543411,0.101941824,0.10628119999999998,-0.054339376040649395,4
2026-09-02,KPITTECH,55,-1,-0.04757166716611604,0.12162121385335922,-0.11919737,0.1062812,-0.2754785686218262,4
2026-09-02,KPITTECH,62,-1,-0.053749845964728774,0.11297287046909332,0.017005205,0.1062812,-0.13927599484558106,4
2026-09-02,KPITTECH,63,-1,-0.04248210179616334,0.12006795406341553,0.16130805,0.1062812,0.0050268501556396394,4
2026-09-02,KPITTECH,64,-1,-0.07458703000287438,0.12487708777189255,0.39874315,0.1062812,0.2424619526184082,4
2026-09-02,KPITTECH,67,-1,-0.06353689724730592,0.13277000188827515,0.24599433,0.1062812,0.08971312945251463,4
2026-09-02,KPRMILL,4,1,0.04195555122591363,0.5466983318328857,0.61296225,0.10628119999999998,0.45668104594116216,4
2026-09-02,KPRMILL,51,-1,-0.05354984936702472,0.23070943355560303,-0.5454302,0.1062812,-0.7017113834106445,4
2026-09-02,KPRMILL,55,-1,-0.045759631233436064,0.17675887048244476,-0.24721622,0.1062812,-0.40349742467041017,4
2026-09-02,KPRMILL,64,-1,-0.04209859328237772,0.2960253655910492,0.6127119,0.10628120000000002,0.4564307064331055,4
2026-09-02,LAURUSLABS,3,1,0.04237584198904058,0.5736020803451538,-0.8122146,0.1062812,-0.9684958129608154,4
2026-09-02,LAURUSLABS,4,1,0.05545871255019041,0.49030423164367676,-0.9477675,0.10628119999999998,-1.1040486961090088,4
2026-09-02,LAURUSLABS,5,1,0.04381098307711613,0.4645547866821289,-0.632602,0.10628119999999998,-0.7888831763946533,4
2026-09-02,LAURUSLABS,8,1,0.05009005099285024,0.4260636270046234,-0.75570345,0.1062812,-0.9119846492492676,4
2026-09-02,LAURUSLABS,23,-1,-0.04146928309941773,0.25160548090934753,-0.7540703,0.10628119999999998,-0.9103514819824219,4
2026-09-02,LAURUSLABS,51,-1,-0.04312192853531364,0.19137504696846008,-0.27127266,0.1062812,-0.4275538593017578,4
2026-09-02,LAURUSLABS,62,-1,-0.051160625804345466,0.23937882483005524,0.0538826,0.10628119999999998,-0.10239860112304686,4
2026-09-02,LAURUSLABS,64,-1,-0.06887724681238723,0.21930097043514252,-0.2913475,0.10628119999999998,-0.44762870366210933,4
2026-09-02,LAURUSLABS,67,-1,-0.05871183843392546,0.22024302184581757,-0.46350956,0.1062812,-0.6197907596313477,4
2026-09-02,LICHSGFIN,19,-1,-0.04762866772258724,0.19918331503868103,0.07562637,0.1062812,-0.08065482670898438,4
2026-09-02,LICHSGFIN,20,-1,-0.0434822448362234,0.19710151851177216,0.20789504,0.1062812,0.05161384051208495,4
2026-09-02,LICHSGFIN,21,-1,-0.051136228615747514,0.19520531594753265,0.14184117,0.1062812,-0.014440026828002939,4
2026-09-02,LICHSGFIN,23,-1,-0.06565715745101493,0.181730717420578,0.09453297,0.1062812,-0.06174823338623048,4
2026-09-02,LICHSGFIN,51,-1,-0.0431007096777285,0.3084847033023834,-0.19506216,0.1062812,-0.35134336049194337,4
2026-09-02,LICI,21,-1,-0.05490668647031203,0.20849348604679108,0.21983385,0.10628119999999998,0.06355265086059572,4
2026-09-02,LICI,23,-1,-0.06604518019728474,0.19439353048801422,0.2805531,0.1062812,0.12427190249328611,4
2026-09-02,LICI,49,-1,-0.04197090914626063,0.11296595633029938,0.29197335,0.1062812,0.13569215243225097,4
2026-09-02,LICI,55,-1,-0.04358623985046579,0.12205594778060913,-0.012207031,0.1062812,-0.16848823125,4
2026-09-02,LICI,62,-1,-0.05072471839145241,0.10373464971780777,0.1586616,0.1062812,0.0023804039276122957,4
2026-09-02,LICI,64,-1,-0.06187209059288019,0.10389949381351471,0.15886426,0.1062812,0.002583059719848624,4
2026-09-02,LICI,67,-1,-0.054437412335406166,0.10286314785480499,0.35392046,0.1062812,0.19763925974731444,4
2026-09-02,LINDEINDIA,19,-1,-0.04932568920502551,0.24521251022815704,0.53700805,0.10628119999999998,0.3807268471038819,4
2026-09-02,LINDEINDIA,20,-1,-0.04184714629215606,0.2395775467157364,0.9100795,0.1062812,0.7537982792175293,4
2026-09-02,LINDEINDIA,23,-1,-0.06591759758429291,0.23874449729919434,1.0207236,0.10628120000000002,0.8644423813140869,4
2026-09-02,LINDEINDIA,55,-1,-0.04649279212667555,0.15835580229759216,-0.23584366,0.1062812,-0.39212485844726563,4
2026-09-02,LINDEINDIA,62,-1,-0.04858014908797071,0.15518207848072052,0.42352676,0.1062812,0.2672455639160156,4
2026-09-02,LINDEINDIA,64,-1,-0.0622946273836235,0.14628732204437256,0.35294294,0.1062812,0.19666174357299804,4
2026-09-02,LINDEINDIA,67,-1,-0.04728843169558018,0.1275610476732254,0.14947653,0.1062812,-0.0068046718322754,4
2026-09-02,LLOYDSME,23,-1,-0.049467491943893334,0.24342532455921173,-0.24631023,0.1062812,-0.4025914340698242,4
2026-09-02,LLOYDSME,51,-1,-0.04257088770472994,0.15783149003982544,0.09435415,0.1062812,-0.06192704732055665,4
2026-09-02,LLOYDSME,62,-1,-0.04670328326628367,0.20616957545280457,0.027644634,0.1062812,-0.12863656575317384,4
2026-09-02,LLOYDSME,64,-1,-0.06243732979026577,0.21736213564872742,-0.6485939,0.1062812,-0.8048751025878906,4
2026-09-02,LLOYDSME,67,-1,-0.058363262763375834,0.2354738861322403,-0.64816475,0.10628119999999998,-0.8044459491455078,4
2026-09-02,LODHA,51,-1,-0.05408920046273821,0.2511301040649414,0.15912056,0.10628119999999998,0.0028393596923828313,4
2026-09-02,LODHA,55,-1,-0.042234400072739806,0.23845534026622772,-0.25229454,0.1062812,-0.40857574040527345,4
2026-09-02,LODHA,62,-1,-0.05053989522272607,0.19413535296916962,0.31026602,0.1062812,0.15398481791381835,4
2026-09-02,LODHA,63,-1,-0.04121354235191641,0.19525152444839478,0.117361546,0.1062812,-0.03891965443725587,4
2026-09-02,LODHA,64,-1,-0.07035059000933679,0.19921062886714935,-0.27627945,0.10628119999999998,-0.4325606494628906,4
2026-09-02,LODHA,67,-1,-0.053416155494804156,0.17728358507156372,-1.3079643,0.1062812,-1.4642455249511719,4
2026-09-02,LT,19,-1,-0.049777210949480497,0.14422057569026947,0.21140575,0.1062812,0.05512455408935546,4
2026-09-02,LT,20,-1,-0.043773056402770155,0.1430046409368515,0.31181574,0.10628119999999998,0.15553453867797856,4
2026-09-02,LT,21,-1,-0.05207268605384095,0.1493714153766632,0.2516508,0.10628119999999998,0.09536961024169925,4
2026-09-02,LT,23,-1,-0.06748511264372518,0.15655916929244995,0.2040565,0.10628120000000002,0.04777530138854978,4
2026-09-02,LT,49,-1,-0.04348191102293086,0.16406141221523285,0.0050246716,0.1062812,-0.15125652844543458,4
2026-09-02,LT,51,-1,-0.05668915734675838,0.14110401272773743,-0.20332336,0.1062812,-0.3596045642578125,4
2026-09-02,LT,55,-1,-0.04578579247012934,0.1287810057401657,-0.23601055,0.1062812,-0.3922917514526367,4
2026-09-02,LT,62,-1,-0.05329102260810895,0.13060812652111053,-0.010025501,0.1062812,-0.1663067012512207,4
2026-09-02,LT,64,-1,-0.07227689541162778,0.1335410326719284,0.28496385,0.10628119999999998,0.12868264620666509,4
2026-09-02,LT,67,-1,-0.04682607784592513,0.1335659623146057,0.35043955,0.1062812,0.19415834849243163,4
2026-09-02,LTF,4,1,0.043789734350833366,0.7972457408905029,0.032818317,0.1062812,-0.12346288258666993,4
2026-09-02,LTF,51,-1,-0.04624802147084063,0.2585116922855377,-1.0759711,0.1062812,-1.2322523265563965,4
2026-09-02,LTF,64,-1,-0.05212463270164611,0.2743302881717682,0.17605424,0.10628119999999998,0.019773039273071308,4
2026-09-02,LTTS,3,1,0.05924014643539738,0.9758793115615845,0.3182888,0.10628119999999998,0.16200760310058598,4
2026-09-02,LTTS,4,1,0.07475976431940738,0.835676908493042,0.46908855,0.1062812,0.3128073543823242,4
2026-09-02,LTTS,5,1,0.05808987879646598,0.7291386723518372,0.4028678,0.1062812,0.24658659403686523,4
2026-09-02,LTTS,23,-1,-0.06113051934055353,0.19602243602275848,-0.014209747,0.10628119999999998,-0.1704909473144531,4
2026-09-02,LTTS,62,-1,-0.045671441287961176,0.15462547540664673,0.33274293,0.1062812,0.17646172945861816,4
2026-09-02,LTTS,64,-1,-0.06888674641958886,0.14929994940757751,0.3125012,0.10628119999999998,0.15621999209289555,4
2026-09-02,LTTS,67,-1,-0.05133773190178712,0.1481289118528366,-0.06822348,0.1062812,-0.22450467640991212,4
2026-09-02,LUPIN,21,-1,-0.05052998657596628,0.22655048966407776,-0.19624233,0.1062812,-0.3525235324584961,4
2026-09-02,LUPIN,23,-1,-0.06503165221953991,0.23287223279476166,0.19562244,0.10628119999999998,0.03934124415283205,4
2026-09-02,LUPIN,49,-1,-0.04240930355735367,0.11763153970241547,-0.004673004,0.10628119999999998,-0.1609542041503906,4
2026-09-02,LUPIN,51,-1,-0.048960976020973414,0.12594474852085114,0.032645464,0.10628119999999998,-0.12363573605651854,4
2026-09-02,LUPIN,55,-1,-0.04459913353534713,0.1156463772058487,0.08394718,0.1062812,-0.07233401829833985,4
2026-09-02,LUPIN,62,-1,-0.050652136726519664,0.10502078384160995,0.004673004,0.1062812,-0.15160819584960938,4
2026-09-02,LUPIN,64,-1,-0.06475838426935497,0.09759867191314697,0.11191368,0.10628119999999998,-0.044367518969726544,4
2026-09-02,LUPIN,67,-1,-0.04774294656551327,0.11834590137004852,-0.5692959,0.1062812,-0.725577083178711,4
2026-09-02,MAHABANK,51,-1,-0.05759042774503301,0.252613365650177,-0.13409853,0.1062812,-0.29037972981567384,4
2026-09-02,MAHABANK,55,-1,-0.045515067924151976,0.2386757731437683,-0.1219511,0.1062812,-0.2782323032104492,4
2026-09-02,MAHABANK,62,-1,-0.0445435642390663,0.25491562485694885,0.19486547,0.1062812,0.03858426516418456,4
2026-09-02,MAHABANK,64,-1,-0.05967433967937085,0.23783418536186218,-0.01219511,0.1062812,-0.16847631032104493,4
2026-09-02,MAHABANK,67,-1,-0.048829370076745385,0.20139189064502716,-0.5613804,0.1062812,-0.7176615863525391,4
2026-09-02,MANKIND,19,-1,-0.042717771591619484,0.2248535007238388,0.18985868,0.10628119999999998,0.03357747500305178,4
2026-09-02,MANKIND,21,-1,-0.04248143211335069,0.21270249783992767,0.1224637,0.1062812,-0.03381749684448243,4
2026-09-02,MANKIND,23,-1,-0.06748511264372518,0.1923665553331375,0.012660027,0.1062812,-0.14362117344970704,4
2026-09-02,MANKIND,49,-1,-0.04348191102293086,0.12451696395874023,0.5010724,0.10628119999999998,0.3447912067687989,4
2026-09-02,MANKIND,51,-1,-0.04532430698595884,0.12327120453119278,0.4714787,0.1062812,0.3151975006378174,4
2026-09-02,MANKIND,62,-1,-0.04858014908797071,0.16097722947597504,-0.41867495,0.10628119999999998,-0.5749561458312988,4
2026-09-02,MANKIND,64,-1,-0.06839874660090998,0.16992278397083282,-0.22778511,0.1062812,-0.3840663104736328,4
2026-09-02,MANKIND,67,-1,-0.05424212190583304,0.18509268760681152,-0.79659224,0.10628120000000002,-0.9528734355651856,4
2026-09-02,MARICO,19,-1,-0.047773060535006746,0.09562214463949203,-0.03618002,0.10628120000000002,-0.19246121937866212,4
2026-09-02,MARICO,20,-1,-0.04220730039938945,0.09595441073179245,0.08433461,0.1062812,-0.07194658810729981,4
2026-09-02,MARICO,21,-1,-0.05851034163910451,0.10033591091632843,-0.05426407,0.1062812,-0.21054526860351563,4
2026-09-02,MARICO,23,-1,-0.06911378046567189,0.11335784941911697,-0.31374693,0.1062812,-0.4700281291687012,4
2026-09-02,MARICO,45,-1,-0.04196365465554191,0.20474621653556824,-0.16868114,0.1062812,-0.3249623447143555,4
2026-09-02,MARICO,49,-1,-0.04348191102293086,0.16322603821754456,-0.0,0.10628119999999998,-0.15628119999999998,4
2026-09-02,MARICO,51,-1,-0.061829468041678236,0.15661337971687317,-0.10211468,0.10628119999999998,-0.25839587742919917,4
2026-09-02,MARICO,55,-1,-0.05058444360501601,0.1550356149673462,-0.2645731,0.10628119999999998,-0.42085429722900386,4
2026-09-02,MARICO,62,-1,-0.05329102260810895,0.15849217772483826,0.5216718,0.1062812,0.3653905720031738,4
2026-09-02,MARICO,64,-1,-0.06652084177896204,0.16617292165756226,0.65927505,0.10628120000000002,0.5029938549316406,4
2026-09-02,MARICO,67,-1,-0.04920692749350351,0.1568826586008072,0.46207905,0.1062812,0.3057978481567383,4
2026-09-02,MARUTI,51,-1,-0.056884373991861824,0.18082469701766968,-0.33909082,0.10628119999999998,-0.4953720241271972,4
2026-09-02,MARUTI,55,-1,-0.04976664111434369,0.17720721662044525,-0.14177561,0.1062812,-0.29805680806274415,4
2026-09-02,MARUTI,62,-1,-0.048034076537672055,0.14157621562480927,-0.094389915,0.10628119999999998,-0.25067111546630855,4
2026-09-02,MARUTI,64,-1,-0.05939602445563803,0.12862423062324524,-0.36166906,0.1062812,-0.5179502635681152,4
2026-09-02,MARUTI,67,-1,-0.04724873702967351,0.13382665812969208,-1.1652589,0.10628119999999998,-1.3215400844299316,4
2026-09-02,MAXHEALTH,4,1,0.043509017091759236,0.37326863408088684,-0.35122633,0.10628119999999998,-0.5075075298034668,4
2026-09-02,MAXHEALTH,21,-1,-0.051504568961227695,0.20399926602840424,0.15078187,0.10628119999999998,-0.005499330111694317,4
2026-09-02,MAXHEALTH,23,-1,-0.05789928674141143,0.19466134905815125,0.29165745,0.1062812,0.1353762478149414,4
2026-09-02,MAXHEALTH,55,-1,-0.04442214164310597,0.13680920004844666,-0.21167994,0.1062812,-0.3679611354553223,4
2026-09-02,MAXHEALTH,62,-1,-0.05188494443603414,0.123574398458004,0.38221478,0.10628119999999998,0.22593358462219243,4
2026-09-02,MAXHEALTH,64,-1,-0.06854144900755225,0.1299748420715332,0.050276518,0.1062812,-0.10600468213195802,4
2026-09-02,MAXHEALTH,67,-1,-0.04228877656690034,0.14328934252262115,-0.19150972,0.1062812,-0.3477909236633301,4
2026-09-02,MAZDOCK,19,-1,-0.04409567229491284,0.18163621425628662,0.7295966,0.10628119999999998,0.5733154148376465,4
2026-09-02,MAZDOCK,21,-1,-0.052101165310323716,0.19364236295223236,0.3844142,0.10628119999999998,0.22813299601440434,4
2026-09-02,MAZDOCK,23,-1,-0.05885867507105159,0.18662989139556885,0.18436313,0.1062812,0.028081926754760733,4
2026-09-02,MAZDOCK,51,-1,-0.06022224245425312,0.11353746056556702,-0.045073032,0.10628119999999998,-0.20135423237915034,4
2026-09-02,MAZDOCK,55,-1,-0.04976664111434369,0.11127770692110062,-0.10243654,0.1062812,-0.25871774251098634,4
2026-09-02,MAZDOCK,62,-1,-0.05195033950636699,0.11958407610654831,0.12276173,0.1062812,-0.03351947362060548,4
2026-09-02,MAZDOCK,64,-1,-0.06652084177896204,0.1394156515598297,0.16326308,0.1062812,0.006981882504272452,4
2026-09-02,MAZDOCK,67,-1,-0.04890438160669542,0.14327691495418549,-0.4575491,0.1062812,-0.6138302951538086,4
2026-09-02,MCX,51,-1,-0.0552209261255424,0.1834118664264679,0.12475252,0.10628120000000002,-0.031528678485107445,4
2026-09-02,MCX,55,-1,-0.04976664111434369,0.15498769283294678,-0.11256933,0.1062812,-0.26885053212280274,4
2026-09-02,MCX,62,-1,-0.05195033950636699,0.14847572147846222,0.37987232,0.1062812,0.22359112208251952,4
2026-09-02,MCX,64,-1,-0.06277472829454846,0.17081959545612335,-0.18564463,0.10628119999999998,-0.3419258266174316,4
2026-09-02,MCX,67,-1,-0.047067268152599984,0.17473731935024261,-0.10662079,0.1062812,-0.26290198857421876,4
2026-09-02,MEDANTA,4,1,0.04985447491672974,0.7907389402389526,-1.0018885,0.1062812,-1.1581697135650635,4
2026-09-02,MEDANTA,49,-1,-0.04166737324790547,0.21031683683395386,-0.38682222,0.10628119999999998,-0.5431034236633301,4
2026-09-02,MEDANTA,51,-1,-0.05226224110771496,0.21285830438137054,-0.63610077,0.1062812,-0.7923819690429688,4
2026-09-02,MEDANTA,55,-1,-0.045249492131698446,0.182554692029953,-0.9489536,0.1062812,-1.105234828540039,4
2026-09-02,MEDANTA,62,-1,-0.05195033950636699,0.21319766342639923,0.8371711,0.1062812,0.6808898777282715,4
2026-09-02,MFSL,3,1,0.05015180605763995,0.6698205471038818,0.78030825,0.1062812,0.6240270466125488,4
2026-09-02,MFSL,4,1,0.06765978749734332,0.582549512386322,0.92647076,0.10628119999999998,0.7701895565307617,4
2026-09-02,MFSL,5,1,0.05561862551686651,0.5486195683479309,1.2628675,0.1062812,1.1065862507141113,4
2026-09-02,MFSL,6,1,0.04658999369122658,0.516569972038269,1.3084054,0.10628119999999998,1.1521241993225098,4
2026-09-02,MFSL,23,-1,-0.04593779840958868,0.24129030108451843,0.07271767,0.10628119999999998,-0.08356353337402342,4
2026-09-02,MFSL,51,-1,-0.04650155666155642,0.19809888303279877,0.12513995,0.1062812,-0.031141248294067392,4
2026-09-02,MFSL,55,-1,-0.041452775002481776,0.17582526803016663,-0.1913786,0.10628119999999998,-0.34765979344482417,4
2026-09-02,MFSL,62,-1,-0.05339594631270437,0.13502809405326843,0.1186192,0.10628120000000002,-0.03766199643249514,4
2026-09-02,MFSL,64,-1,-0.06839874660090998,0.1490449607372284,0.30927062,0.1062812,0.15298942034606933,4
2026-09-02,MFSL,67,-1,-0.04682607784592513,0.1440717577934265,0.79756975,0.1062812,0.6412885517395019,4
2026-09-02,MOTILALOFS,51,-1,-0.04188375061522946,0.33516407012939453,-0.6910205,0.10628119999999998,-0.8473016887390137,4
2026-09-02,MOTILALOFS,64,-1,-0.04288279796604209,0.26152077317237854,-0.34263134,0.1062812,-0.4989125400268555,4
2026-09-02,MOTILALOFS,67,-1,-0.05858016701897221,0.23348213732242584,0.4305303,0.10628119999999998,0.27424910967712407,4
2026-09-02,MPHASIS,4,1,0.05056034392951979,1.151884913444519,0.85463524,0.10628120000000002,0.6983540386474609,4
2026-09-02,MPHASIS,23,-1,-0.056113165026610054,0.2264767438173294,-0.3319025,0.10628120000000002,-0.48818370396728517,4
2026-09-02,MPHASIS,62,-1,-0.04130756412252128,0.16601265966892242,0.38537383,0.1062812,0.22909263079528808,4
2026-09-02,MPHASIS,64,-1,-0.06649558664914139,0.17235146462917328,0.35660267,0.1062812,0.20032146876220702,4
2026-09-02,MPHASIS,67,-1,-0.045464424692117984,0.20018596947193146,0.19317865,0.1062812,0.03689745371704101,4
2026-09-02,MRF,19,-1,-0.04598222234285646,0.07130338251590729,0.079995394,0.07144173483676812,-0.041446341083716365,4
2026-09-02,MRF,20,-1,-0.04446582910588511,0.06611741334199905,0.04951954,0.07144173483676812,-0.07192219595737359,4
2026-09-02,MRF,21,-1,-0.05202979110636729,0.06423237174749374,0.3238201,0.0714444747914206,0.20237563934432162,4
2026-09-02,MRF,23,-1,-0.06708588224156911,0.0585034005343914,0.31225085,0.07142804132363581,0.19082281126120304,4
2026-09-02,MRF,51,-1,-0.04890216850751587,0.14330394566059113,0.07252693,0.07151448498358653,-0.048987553220891225,4
2026-09-02,MRF,55,-1,-0.04250452467875397,0.13949400186538696,-0.22929907,0.07155717355447702,-0.3508562420054047,4
2026-09-02,MRF,62,-1,-0.05339594631270437,0.12037758529186249,-0.5185127,0.07147189731976056,-0.6399846231498387,4
2026-09-02,MRF,64,-1,-0.06839874660090998,0.13240604102611542,-0.20542145,0.07139248694792102,-0.32681393470182724,4
2026-09-02,MRF,67,-1,-0.05607800862027226,0.13704949617385864,-0.7561922,0.0713529130262958,-0.8775451203627216,4
2026-09-02,MUTHOOTFIN,4,1,0.043641456495838775,0.7334270477294922,-0.03836751,0.1062812,-0.19464870984191895,4
2026-09-02,MUTHOOTFIN,51,-1,-0.04966584211511227,0.24832402169704437,-0.10638237,0.1062812,-0.2626635699951172,4
2026-09-02,MUTHOOTFIN,64,-1,-0.0421861487507153,0.309975266456604,-0.10948181,0.1062812,-0.2657630115234375,4
2026-09-02,M_AND_M,49,-1,-0.04348191102293086,0.14276252686977386,0.42108893,0.1062812,0.26480773394470214,4
2026-09-02,M_AND_M,51,-1,-0.05239340825672736,0.16764286160469055,-0.1072526,0.1062812,-0.2635337978088379,4
2026-09-02,M_AND_M,55,-1,-0.04873422957208639,0.1781381368637085,-0.16394854,0.1062812,-0.32022973591918946,4
2026-09-02,M_AND_M,62,-1,-0.05339594631270437,0.18414679169654846,-0.3557086,0.10628119999999998,-0.5119897990905762,4
2026-09-02,M_AND_M,64,-1,-0.06485998221337892,0.18255136907100677,-0.18838644,0.1062812,-0.3446676402770996,4
2026-09-02,M_AND_M,67,-1,-0.051065394923665165,0.18132701516151428,-0.08785725,0.10628119999999998,-0.24413844639892573,4
2026-09-02,M_AND_MFIN,4,1,0.04294865746131041,0.6820048093795776,0.59639215,0.1062812,0.4401109546936035,4
2026-09-02,M_AND_MFIN,62,-1,-0.04459661110325545,0.21057122945785522,-0.38214922,0.1062812,-0.5384304195129395,4
2026-09-02,M_AND_MFIN,64,-1,-0.06801443921683419,0.22156670689582825,-0.7789016,0.1062812,-0.9351827769958496,4
2026-09-02,NAM-INDIA,51,-1,-0.047629198930534876,0.27557671070098877,-0.0,0.10628119999999998,-0.15628119999999998,4
2026-09-02,NAM-INDIA,62,-1,-0.0473591100132502,0.23013699054718018,-0.13782978,0.1062812,-0.2941109805786133,4
2026-09-02,NAM-INDIA,64,-1,-0.06262395736645916,0.21954414248466492,-0.52514076,0.10628119999999998,-0.6814219623291016,4
2026-09-02,NAM-INDIA,67,-1,-0.05394933475760506,0.19904425740242004,-0.73952675,0.1062812,-0.8958079486572266,4
2026-09-02,NATIONALUM,4,1,0.04360589608731546,0.4883342385292053,0.14915466,0.1062812,-0.007126536914062509,4
2026-09-02,NATIONALUM,49,-1,-0.04240930355735367,0.14457392692565918,0.28339624,0.1062812,0.12711504404907226,4
2026-09-02,NATIONALUM,62,-1,-0.05102684318625114,0.16209574043750763,0.081044436,0.10628120000000002,-0.07523676449890139,4
2026-09-02,NATIONALUM,64,-1,-0.06464456459504937,0.15731453895568848,0.0135064125,0.1062812,-0.1427747874938965,4
2026-09-02,NATIONALUM,67,-1,-0.05458499517995245,0.1409829705953598,-0.054085255,0.10628119999999998,-0.2103664546691894,4
2026-09-02,NAUKRI,4,1,0.06324796153972986,0.6762492060661316,0.30263662,0.10628119999999998,0.1463554233825684,4
2026-09-02,NAUKRI,5,1,0.04894106430885526,0.5961840152740479,-0.07562637,0.10628119999999998,-0.23190757329101558,4
2026-09-02,NAUKRI,49,-1,-0.041827925529386766,0.18250571191310883,-0.55458546,0.1062812,-0.7108666568481445,4
2026-09-02,NAUKRI,51,-1,-0.05187681246042073,0.20573118329048157,-0.47882795,0.1062812,-0.6351091533386231,4
2026-09-02,NAUKRI,55,-1,-0.045849373548161196,0.19320924580097198,-0.6352782,0.1062812,-0.7915594249450684,4
2026-09-02,NAUKRI,62,-1,-0.052895881947662315,0.2127213329076767,0.5349159,0.10628119999999998,0.37863472407226567,4
2026-09-02,NAUKRI,63,-1,-0.04248210179616334,0.2147310972213745,0.40095448,0.1062812,0.2446732849395752,4
2026-09-02,NAUKRI,64,-1,-0.07458703000287438,0.1940099447965622,0.27461052,0.10628120000000002,0.11832931940917966,4
2026-09-02,NAUKRI,67,-1,-0.05319025586640592,0.20228689908981323,-0.1415968,0.1062812,-0.297877994128418,4
2026-09-02,NESTLEIND,19,-1,-0.047773060535006746,0.15961556136608124,-0.106072426,0.10628119999999998,-0.2623536258422851,4
2026-09-02,NESTLEIND,20,-1,-0.04429534570704793,0.14890293776988983,-0.042402744,0.1062812,-0.1986839442932129,4
2026-09-02,NESTLEIND,21,-1,-0.05230198795493244,0.14600923657417297,-0.21218061,0.1062812,-0.36846181447143556,4
2026-09-02,NESTLEIND,23,-1,-0.06506878263153759,0.14649362862110138,-0.29712915,0.1062812,-0.4534103542053223,4
2026-09-02,NESTLEIND,49,-1,-0.04348191102293086,0.13923832774162292,0.24630427,0.1062812,0.09002307360534666,4
2026-09-02,NESTLEIND,51,-1,-0.05966746110935218,0.13925792276859283,0.16891956,0.10628119999999998,0.01263836329345705,4
2026-09-02,NESTLEIND,55,-1,-0.0446947107867975,0.11836763471364975,-0.11987686,0.1062812,-0.27615806157226563,4
2026-09-02,NESTLEIND,62,-1,-0.05339594631270437,0.09859836846590042,-0.014078617,0.1062812,-0.17035981709594727,4
2026-09-02,NESTLEIND,64,-1,-0.06277472829454846,0.12116751819849014,-0.08445978,0.10628119999999998,-0.24074098164672847,4
2026-09-02,NESTLEIND,67,-1,-0.05034326191164893,0.10708276927471161,-0.2744317,0.1062812,-0.4307129054748535,4
2026-09-02,NHPC,23,-1,-0.0639751002703153,0.22839337587356567,0.026220083,0.1062812,-0.13006111676330567,4
2026-09-02,NHPC,51,-1,-0.05651106152403441,0.1398894190788269,0.22341609,0.1062812,0.06713489001159667,4
2026-09-02,NHPC,55,-1,-0.04976664111434369,0.14112384617328644,0.065886974,0.1062812,-0.09039422566528321,4
2026-09-02,NHPC,62,-1,-0.04907083447566914,0.15916776657104492,0.32946467,0.10628119999999998,0.17318347399597173,4
2026-09-02,NHPC,64,-1,-0.06244248848938564,0.16473308205604553,0.065910816,0.1062812,-0.09037038380737306,4
2026-09-02,NHPC,67,-1,-0.048568601114686236,0.16381382942199707,0.3031075,0.10628119999999998,0.146826300076294,4
2026-09-02,NIACL,4,1,0.04672252721815402,1.5074400901794434,3.7250519,0.1062812,3.5687706798828125,4
2026-09-02,NIACL,11,1,0.04792678802280049,1.287129282951355,0.8283138,0.1062812,0.6720326275146484,4
2026-09-02,NIACL,25,1,0.042060348917272256,0.6314911246299744,0.031018257,0.1062812,-0.12526294285888673,4
2026-09-02,NIACL,26,1,0.04439396617793105,0.6270074248313904,-0.09814501,0.1062812,-0.2544262080871582,4
2026-09-02,NIACL,46,1,0.04213598783710838,0.6760730743408203,0.33037663,0.1062812,0.17409542506103515,4
2026-09-02,NIACL,54,1,0.04152319153794124,0.35826683044433594,0.91421604,0.10628120000000002,0.7579348415649414,4
2026-09-02,NIACL,65,1,0.04977304079038975,0.6389798521995544,0.37368536,0.10628119999999998,0.21740415995483403,4
2026-09-02,NIACL,66,1,0.042593350849891506,0.6443027853965759,0.68181753,0.1062812,0.5255363315856934,4
2026-09-02,NLCINDIA,62,-1,-0.050652136726519664,0.2034539431333542,0.10886788,0.1062812,-0.04741331631774903,4
2026-09-02,NLCINDIA,64,-1,-0.06868903185209854,0.19816307723522186,0.07250905,0.1062812,-0.08377214963073731,4
2026-09-02,NLCINDIA,67,-1,-0.04857604383643856,0.16213209927082062,-0.10898113,0.1062812,-0.2652623325073242,4
2026-09-02,NMDC,45,-1,-0.04196365465554191,0.16333352029323578,-0.011789799,0.10628119999999998,-0.16807099873657225,4
2026-09-02,NMDC,49,-1,-0.04348191102293086,0.1573837846517563,0.094264746,0.1062812,-0.062016454287719736,4
2026-09-02,NMDC,51,-1,-0.059361605398463864,0.15721707046031952,0.2353847,0.10628119999999998,0.07910350268249515,4
2026-09-02,NMDC,55,-1,-0.04714135907635415,0.16103561222553253,-0.0707984,0.1062812,-0.227079597064209,4
2026-09-02,NMDC,62,-1,-0.052768141997039296,0.13559791445732117,0.023591518,0.1062812,-0.1326896815979004,4
2026-09-02,NMDC,64,-1,-0.06652084177896204,0.1471806764602661,-0.6711364,0.1062812,-0.8274175792419434,4
2026-09-02,NMDC,67,-1,-0.050125032010034924,0.14566977322101593,-1.1083603,0.10628119999999998,-1.2646414905273438,4
2026-09-02,NTPC,23,-1,-0.06366814762837014,0.21284423768520355,-0.091683865,0.1062812,-0.24796506459350587,4
2026-09-02,NTPC,51,-1,-0.05445060495687229,0.21231329441070557,0.10614395,0.1062812,-0.050137248583984384,4
2026-09-02,NTPC,55,-1,-0.04589358658222661,0.17257367074489594,-0.15193224,0.1062812,-0.3082134395324707,4
2026-09-02,NTPC,64,-1,-0.06639350184093186,0.10628791898488998,0.030374527,0.1062812,-0.12590667302246095,4
2026-09-02,NTPC,67,-1,-0.05866171887897657,0.1103743463754654,0.01514554,0.1062812,-0.14113565976257325,4
2026-09-02,NYKAA,6,1,0.04751423459418585,0.490081250667572,0.48353672,0.1062812,0.3272555202758789,4
2026-09-02,NYKAA,51,-1,-0.04987122623489693,0.22817865014076233,-0.16417503,0.1062812,-0.32045623356933595,4
2026-09-02,NYKAA,55,-1,-0.04351535084899224,0.17918522655963898,-0.35831928,0.10628119999999998,-0.5146004825317383,4
2026-09-02,NYKAA,62,-1,-0.052895881947662315,0.1381404548883438,0.19345284,0.1062812,0.037171635083007804,4
2026-09-02,NYKAA,63,-1,-0.04248210179616334,0.14103442430496216,0.4305184,0.10628119999999998,0.274237188748169,4
2026-09-02,NYKAA,64,-1,-0.07141663751509196,0.14425896108150482,0.44543147,0.1062812,0.28915027087097167,4
2026-09-02,NYKAA,67,-1,-0.05866165340070596,0.13264980912208557,-0.25256872,0.10628120000000002,-0.40884992177124024,4
2026-09-02,OBEROIRLTY,4,1,0.0446565639393239,0.8821607232093811,0.84445477,0.1062812,0.6881735653198242,4
2026-09-02,OBEROIRLTY,7,1,0.0417319365451108,0.7042920589447021,0.93830824,0.1062812,0.7820270389831543,4
2026-09-02,OBEROIRLTY,49,-1,-0.040964496592922374,0.16765902936458588,0.19919276,0.10628119999999995,0.042911562374877976,4
2026-09-02,OBEROIRLTY,51,-1,-0.054015419917801816,0.16385819017887115,0.043082237,0.1062812,-0.11319896275634767,4
2026-09-02,OBEROIRLTY,55,-1,-0.045391360002124286,0.1411067098379135,-0.22135973,0.10628119999999998,-0.37764092976684566,4
2026-09-02,OBEROIRLTY,62,-1,-0.05329102260810895,0.1369846761226654,0.19937754,0.1062812,0.04309633677368163,4
2026-09-02,OBEROIRLTY,64,-1,-0.06655572627242519,0.14672039449214935,-0.25818348,0.1062812,-0.41446467930908204,4
2026-09-02,OBEROIRLTY,67,-1,-0.04584418788424319,0.1462276130914688,-0.5550504,0.10628119999999998,-0.7113315730773926,4
2026-09-02,OFSS,4,1,0.04148115081855075,0.6513791680335999,-0.28225183,0.10628119999999998,-0.4385330348693847,4
2026-09-02,OFSS,23,-1,-0.06817265519387744,0.23049139976501465,-0.6487012,0.1062812,-0.8049823909484863,4
2026-09-02,OFSS,51,-1,-0.056512165454517226,0.17935314774513245,0.04130602,0.1062812,-0.1149751811706543,4
2026-09-02,OFSS,55,-1,-0.0457559440295739,0.17667220532894135,-0.30494928,0.10628119999999998,-0.46123048359985347,4
2026-09-02,OFSS,62,-1,-0.052895881947662315,0.2195093333721161,0.550127,0.1062812,0.3938458294189453,4
2026-09-02,OFSS,63,-1,-0.041942147753160436,0.21783806383609772,0.41940808,0.1062812,0.2631268829620361,4
2026-09-02,OFSS,64,-1,-0.07638338296481796,0.23228803277015686,0.5833566,0.1062812,0.4270754188812256,4
2026-09-02,OFSS,67,-1,-0.05328714836646072,0.23045267164707184,-0.041139126,0.10628119999999998,-0.19742032582397456,4
2026-09-02,OIL,3,1,0.04729363731084757,1.0144115686416626,-0.64417124,0.10628119999999998,-0.8004524379455566,4
2026-09-02,OIL,4,1,0.058944346504412166,0.8597107529640198,-0.80661774,0.10628119999999998,-0.9628989368164063,4
2026-09-02,OIL,5,1,0.04748643411353579,0.8218856453895569,-0.34857988,0.1062812,-0.5048610835754395,4
2026-09-02,OIL,6,1,0.05029852681080291,0.7541193962097168,0.051355362,0.10628119999999998,-0.10492583806152342,4
2026-09-02,OIL,7,1,0.0498833331060878,0.6955878138542175,0.06171465,0.1062812,-0.09456655079956056,4
2026-09-02,OIL,8,1,0.04778195752737327,0.652184247970581,0.010275841,0.10628119999999998,-0.14600535924072264,4
2026-09-02,OIL,21,-1,-0.04343502107757625,0.20770123600959778,-0.020623207,0.10628119999999998,-0.1769044070922851,4
2026-09-02,OIL,23,-1,-0.06696864135906172,0.19257351756095886,-0.19551516,0.1062812,-0.35179635579223634,4
2026-09-02,OIL,67,-1,-0.0521303382168911,0.24784038960933685,-0.18099546,0.1062812,-0.3372766643249512,4
2026-09-02,ONGC,21,-1,-0.04158174947445765,0.19257007539272308,0.42178035,0.10628119999999998,0.2654991478240967,4
2026-09-02,ONGC,23,-1,-0.05707789217722215,0.19251209497451782,-0.042247772,0.1062812,-0.19852897221679688,4
2026-09-02,ONGC,51,-1,-0.041824672886429035,0.1330055445432663,0.09689331,0.10628119999999998,-0.05938788945312498,4
2026-09-02,ONGC,62,-1,-0.042822359988090565,0.12489468604326248,-0.0126719475,0.10628119999999998,-0.16895314747924803,4
2026-09-02,ONGC,64,-1,-0.06337114212062644,0.13222450017929077,-0.14369488,0.1062812,-0.2999760776245117,4
2026-09-02,ONGC,67,-1,-0.0485449534866249,0.13261541724205017,-0.1940608,0.10628119999999998,-0.35034200245971675,4
2026-09-02,PAGEIND,19,-1,-0.04923389283379202,0.1284109205007553,-0.92697144,0.10628119999999998,-1.083252635546875,4
2026-09-02,PAGEIND,20,-1,-0.04347472847137922,0.12036832422018051,-0.9551883,0.1062812,-1.111469474383545,4
2026-09-02,PAGEIND,21,-1,-0.054194405840689346,0.13309049606323242,-0.6444335,0.10628119999999998,-0.8007146983825684,4
2026-09-02,PAGEIND,23,-1,-0.06480780963541866,0.16653038561344147,-0.1535654,0.10628119999999998,-0.30984660679931636,4
2026-09-02,PAGEIND,51,-1,-0.05445060495687229,0.1660899668931961,-0.06920099,0.10628119999999998,-0.22548219258422847,4
2026-09-02,PAGEIND,55,-1,-0.04342110893786532,0.15070992708206177,-0.26385784,0.1062812,-0.4201390414916992,4
2026-09-02,PAGEIND,64,-1,-0.07444013028849251,0.1663418561220169,0.11023879,0.1062812,-0.04604240948791505,4
2026-09-02,PAGEIND,67,-1,-0.05784251514913335,0.17503146827220917,0.28921366,0.1062812,0.13293245737915038,4
2026-09-02,PATANJALI,4,1,0.04264953816338069,0.7128275036811829,0.08765459,0.10628119999999998,-0.06862660939331053,4
2026-09-02,PATANJALI,19,-1,-0.045979016826021804,0.14302366971969604,-0.14615059,0.1062812,-0.3024317889892578,4
2026-09-02,PATANJALI,20,-1,-0.043773056402770155,0.133374884724617,0.14587641,0.1062812,-0.010404792376708993,4
2026-09-02,PATANJALI,21,-1,-0.05132906424444614,0.14195920526981354,-0.08769035,0.1062812,-0.2439715533935547,4
2026-09-02,PATANJALI,23,-1,-0.05811819343437053,0.1432330161333084,-0.30736923,0.10628119999999998,-0.46365043217773433,4
2026-09-02,PATANJALI,51,-1,-0.06174791618167388,0.2370510846376419,-0.57024956,0.10628119999999998,-0.7265307574951172,4
2026-09-02,PATANJALI,55,-1,-0.05110732421608565,0.19682130217552185,-0.07289648,0.1062812,-0.22917768056030274,4
2026-09-02,PATANJALI,62,-1,-0.049831215182437986,0.2247762382030487,-0.21859407,0.1062812,-0.3748752742492676,4
2026-09-02,PATANJALI,64,-1,-0.06661592585148253,0.18922929465770721,-0.4805565,0.10628120000000002,-0.6368376880371094,4
2026-09-02,PATANJALI,67,-1,-0.047046354867354215,0.2008419632911682,-0.4951954,0.1062812,-0.6514765887939453,4
2026-09-02,PAYTM,4,1,0.047191460445851416,0.7981558442115784,0.03118515,0.10628120000000002,-0.12509604985351563,4
2026-09-02,PAYTM,55,-1,-0.0478653759622488,0.18350261449813843,0.0124156475,0.10628119999999998,-0.14386555249328611,4
2026-09-02,PAYTM,62,-1,-0.05049897646739277,0.15872161090373993,-0.055861473,0.1062812,-0.2121426730834961,4
2026-09-02,PAYTM,64,-1,-0.06284940872852443,0.17326533794403076,-0.0682354,0.10628119999999998,-0.22451659733886714,4
2026-09-02,PAYTM,67,-1,-0.05811154397382773,0.1717114895582199,-0.28493404,0.1062812,-0.44121524388427735,4
2026-09-02,PERSISTENT,4,1,0.042028943513182274,0.6542384624481201,0.008797646,0.1062812,-0.14748355443115235,4
2026-09-02,PERSISTENT,19,-1,-0.04334920854034479,0.25375276803970337,0.22925735,0.10628120000000002,0.07297614519958494,4
2026-09-02,PERSISTENT,23,-1,-0.06543455780848717,0.21006548404693604,-0.035321712,0.1062812,-0.1916029124938965,4
2026-09-02,PERSISTENT,45,-1,-0.04196365465554191,0.16780205070972443,0.20163059,0.1062812,0.0453493923461914,4
2026-09-02,PERSISTENT,51,-1,-0.061829468041678236,0.1843075305223465,0.07021427,0.1062812,-0.08606692845458985,4
2026-09-02,PERSISTENT,55,-1,-0.05121224792068107,0.1644200086593628,-0.043916702,0.10628119999999998,-0.20019790227050777,4
2026-09-02,PERSISTENT,62,-1,-0.05339594631270437,0.1398347020149231,0.07901788,0.10628120000000002,-0.07726332242126467,4
2026-09-02,PERSISTENT,64,-1,-0.06597496349172455,0.11662319302558899,-0.026333332,0.1062812,-0.1826145320617676,4
2026-09-02,PERSISTENT,67,-1,-0.05394933475760506,0.12411458790302277,0.13163686,0.1062812,-0.024644342013549814,4
2026-09-02,PETRONET,21,-1,-0.04699912894462263,0.1969764083623886,0.06894469,0.1062812,-0.08733650738830567,4
2026-09-02,PETRONET,23,-1,-0.06206202948495748,0.19554339349269867,0.103354454,0.1062812,-0.052926745959472665,4
2026-09-02,PETRONET,62,-1,-0.04494127973581606,0.11822329461574554,-0.0,0.1062812,-0.1562812,4
2026-09-02,PETRONET,64,-1,-0.06328762192413934,0.10712228715419769,0.586009,0.1062812,0.42972782557373046,4
2026-09-02,PETRONET,67,-1,-0.04748289916055674,0.10833612084388733,0.29304624,0.1062812,0.136765036038208,4
2026-09-02,PFC,19,-1,-0.053525434637793266,0.18739686906337738,0.69575906,0.10628119999999998,0.5394778579986572,4
2026-09-02,PFC,21,-1,-0.051112273369561256,0.18259066343307495,0.5665362,0.1062812,0.41025498812561034,4
2026-09-02,PFC,23,-1,-0.06038652585647639,0.16316384077072144,0.27644038,0.1062812,0.12015918200378416,4
2026-09-02,PFC,51,-1,-0.059938291076835626,0.14558270573616028,0.014454126,0.10628119999999998,-0.14182707364196775,4
2026-09-02,PFC,55,-1,-0.04945333872254155,0.14360059797763824,-0.10128021,0.10628120000000002,-0.25756141240234376,4
2026-09-02,PFC,62,-1,-0.05392683785696993,0.11562439799308777,-0.101161,0.1062812,-0.257442203112793,4
2026-09-02,PFC,64,-1,-0.06652084177896204,0.13597606122493744,0.028830767,0.1062812,-0.12745043332214356,4
2026-09-02,PFC,67,-1,-0.0558687170770795,0.11844805628061295,0.04326701,0.10628119999999998,-0.11301418835754393,4
2026-09-02,PHOENIXLTD,4,1,0.0438479620087441,0.486894428730011,1.0189414,0.10628119999999998,0.8626602024353027,4
2026-09-02,PHOENIXLTD,23,-1,-0.04810220702183135,0.24507743120193481,0.03181696,0.1062812,-0.1244642406188965,4
2026-09-02,PHOENIXLTD,51,-1,-0.05408920046273821,0.24428926408290863,0.37753582,0.10628119999999998,0.22125462000732427,4
2026-09-02,PHOENIXLTD,55,-1,-0.04461315892679315,0.22391991317272186,-0.10005236,0.10628119999999998,-0.25633355671997066,4
2026-09-02,PHOENIXLTD,62,-1,-0.05392683785696993,0.15032102167606354,0.13144612,0.10628120000000002,-0.024835076876831078,4
2026-09-02,PHOENIXLTD,63,-1,-0.04248210179616334,0.15183256566524506,0.39852858,0.10628120000000002,0.2422473758972168,4
2026-09-02,PHOENIXLTD,64,-1,-0.07458703000287438,0.15017525851726532,-0.09958744,0.1062812,-0.25586864049072267,4
2026-09-02,PHOENIXLTD,67,-1,-0.06353689724730592,0.1350814402103424,-0.5445838,0.10628120000000002,-0.700864997454834,4
2026-09-02,PIDILITIND,19,-1,-0.04762866772258724,0.19848619401454926,0.25707483,0.1062812,0.10079363291625974,4
2026-09-02,PIDILITIND,20,-1,-0.04183259393965797,0.19613271951675415,0.48303604,0.1062812,0.3267548412597656,4
2026-09-02,PIDILITIND,21,-1,-0.051584418912146025,0.18532557785511017,0.42222142,0.1062812,0.26594022219543456,4
2026-09-02,PIDILITIND,23,-1,-0.06630792926249529,0.1707361936569214,0.3002286,0.10628120000000002,0.14394739573364257,4
2026-09-02,PIDILITIND,45,-1,-0.04092323382683636,0.13307663798332214,0.018322468,0.10628119999999998,-0.1379587321960449,4
2026-09-02,PIDILITIND,49,-1,-0.04261848208646648,0.13349652290344238,0.22598505,0.10628120000000002,0.06970385020141599,4
2026-09-02,PIDILITIND,51,-1,-0.05668915734675838,0.14251857995986938,0.25635362,0.1062812,0.10007241671447752,4
2026-09-02,PIDILITIND,55,-1,-0.04462834123488645,0.1493385285139084,0.15895367,0.1062812,0.0026724666870117098,4
2026-09-02,PIDILITIND,62,-1,-0.05259115010479814,0.11503175646066666,0.122481585,0.10628119999999998,-0.033799615451049786,4
2026-09-02,PIDILITIND,64,-1,-0.06839874660090998,0.11392004042863846,-0.036668777,0.1062812,-0.19294997746582032,4
2026-09-02,PIDILITIND,67,-1,-0.052301452375478924,0.119193896651268,-0.061130524,0.1062812,-0.21741172368164063,4
2026-09-02,PIIND,19,-1,-0.045688205259475055,0.17054569721221924,0.2562523,0.1062812,0.09997108881835935,4
2026-09-02,PIIND,21,-1,-0.04890622532465122,0.1589568853378296,0.17669201,0.1062812,0.02041080897216796,4
2026-09-02,PIIND,23,-1,-0.06882878383114108,0.14150547981262207,0.04208684,0.10628120000000002,-0.1141943603240967,4
2026-09-02,PIIND,51,-1,-0.049165571303688906,0.15303759276866913,0.008368492,0.1062812,-0.14791270787353517,4
2026-09-02,PIIND,55,-1,-0.04921614725124304,0.13873152434825897,-0.012564659,0.1062812,-0.16884585911865235,4
2026-09-02,PIIND,62,-1,-0.053205174300053934,0.11180770397186279,0.20514727,0.1062812,0.048866066387939444,4
2026-09-02,PIIND,64,-1,-0.06327417326635583,0.11576206237077713,-0.050246716,0.1062812,-0.2065279155456543,4
2026-09-02,PIIND,67,-1,-0.052406137598135644,0.11520664393901825,-0.2513647,0.1062812,-0.40764590794677735,4
2026-09-02,PNB,23,-1,-0.04145746617429926,0.24556542932987213,0.04296899,0.1062812,-0.11331221158142091,4
2026-09-02,PNB,51,-1,-0.05467560715341678,0.15024776756763458,0.051295757,0.1062812,-0.10498544270629884,4
2026-09-02,PNB,55,-1,-0.05110732421608565,0.1315167248249054,0.15410781,0.1062812,-0.002173390933227548,4
2026-09-02,PNB,62,-1,-0.044154652002885965,0.1549617350101471,-0.1543045,0.10628120000000002,-0.31058570439453126,4
2026-09-02,PNB,64,-1,-0.0654547942732069,0.17426253855228424,-0.102722645,0.10628119999999998,-0.25900384480590816,4
2026-09-02,PNB,67,-1,-0.054841477715679904,0.1748586744070053,-0.12837648,0.1062812,-0.28465768391723634,4
2026-09-02,POLICYBZR,20,-1,-0.04327051413505773,0.22852186858654022,-0.22307634,0.1062812,-0.37935754353637696,4
2026-09-02,POLICYBZR,21,-1,-0.04639753785678119,0.23033975064754486,-0.01630783,0.1062812,-0.17258903081054688,4
2026-09-02,POLICYBZR,23,-1,-0.06313487012531742,0.1899428367614746,-0.13594627,0.1062812,-0.29222747380371095,4
2026-09-02,POLICYBZR,51,-1,-0.044952849387648604,0.19266419112682343,0.15135407,0.1062812,-0.004927125521850595,4
2026-09-02,POLICYBZR,55,-1,-0.042109246249162846,0.2126123160123825,-0.21145344,0.10628119999999998,-0.36773463780517573,4
2026-09-02,POLICYBZR,62,-1,-0.048407978873433115,0.18665818870067596,-0.18399954,0.1062812,-0.34028073842163087,4
2026-09-02,POLICYBZR,64,-1,-0.07660763723146459,0.21067360043525696,-0.2052784,0.10628119999999998,-0.36155959660644527,4
2026-09-02,POLICYBZR,67,-1,-0.062066784361277,0.2110593467950821,-0.010800362,0.1062812,-0.1670815616333008,4
2026-09-02,POLYCAB,49,-1,-0.04175285026534676,0.18786360323429108,0.2714932,0.1062812,0.11521199648742673,4
2026-09-02,POLYCAB,51,-1,-0.05452715041443233,0.18100571632385254,0.21494627,0.1062812,0.05866506998901366,4
2026-09-02,POLYCAB,55,-1,-0.04606924642137604,0.18671225011348724,0.23815036,0.1062812,0.08186915820007322,4
2026-09-02,POLYCAB,62,-1,-0.04858014908797071,0.16158105432987213,0.107985735,0.10628119999999998,-0.048295465060424786,4
2026-09-02,POLYCAB,64,-1,-0.06247609626069703,0.16702747344970703,-0.28386116,0.10628119999999998,-0.44014236027832027,4
2026-09-02,POLYCAB,67,-1,-0.04700754672299866,0.1591089963912964,-0.045454502,0.10628119999999998,-0.20173570210571284,4
2026-09-02,POWERGRID,19,-1,-0.04800864280978831,0.24077127873897552,0.7675111,0.1062812,0.6112299293792725,4
2026-09-02,POWERGRID,21,-1,-0.05081349605368452,0.23076194524765015,-0.09391308,0.10628119999999998,-0.2501942783081054,4
2026-09-02,POWERGRID,23,-1,-0.06800909529297539,0.21368291974067688,-0.52672625,0.1062812,-0.683007445880127,4
2026-09-02,POWERGRID,51,-1,-0.04182220104625709,0.1521463841199875,0.07471442,0.1062812,-0.08156677777404786,4
2026-09-02,POWERGRID,55,-1,-0.046270739391344476,0.12285274267196655,-0.22432804,0.10628119999999998,-0.3806092410766601,4
2026-09-02,POWERGRID,62,-1,-0.05182047669450665,0.11724712699651718,0.16787052,0.10628119999999998,0.011589321545410175,4
2026-09-02,POWERGRID,63,-1,-0.041942147753160436,0.12248555570840836,0.3168702,0.10628119999999998,0.1605890125549317,4
2026-09-02,POWERGRID,64,-1,-0.07635111515051672,0.12115450203418732,0.1491487,0.10628119999999998,-0.00713249737854002,4
2026-09-02,POWERGRID,67,-1,-0.05392695202119837,0.1292637437582016,0.44776797,0.1062812,0.291486772946167,4
2026-09-02,POWERINDIA,3,1,0.04406850460936962,0.91664057970047,0.15668869,0.1062812,0.000407490185546866,4
2026-09-02,POWERINDIA,4,1,0.06163540680484282,0.7948476076126099,0.20418167,0.10628119999999998,0.047900471142578144,4
2026-09-02,POWERINDIA,5,1,0.04553039025926019,0.6958614587783813,0.047063828,0.1062812,-0.10921737248535157,4
2026-09-02,POWERINDIA,23,-1,-0.04652660395179527,0.2570493817329407,0.48294067,0.1062812,0.326659473828125,4
2026-09-02,POWERINDIA,49,-1,-0.04268060589891459,0.18454697728157043,0.2490282,0.1062812,0.09274700587158201,4
2026-09-02,POWERINDIA,51,-1,-0.05491065780817066,0.19077196717262268,0.31055808,0.1062812,0.15427688067321776,4
2026-09-02,POWERINDIA,55,-1,-0.05110732421608565,0.19019442796707153,0.015568733,0.1062812,-0.14071246678466798,4
2026-09-02,POWERINDIA,62,-1,-0.05329102260810895,0.20020465552806854,0.327003,0.1062812,0.17072180216674804,4
2026-09-02,POWERINDIA,64,-1,-0.0748040752592392,0.22175899147987366,0.03104806,0.10628119999999998,-0.125233140536499,4
2026-09-02,POWERINDIA,67,-1,-0.047380859190826075,0.21119558811187744,-0.2178669,0.10628119999999998,-0.37414809758300777,4
2026-09-02,PRESTIGE,4,1,0.04731853629447636,0.8902242183685303,1.0186076,0.1062812,0.8623264164245605,4
2026-09-02,PRESTIGE,51,-1,-0.04405946670830312,0.26903340220451355,0.21103024,0.1062812,0.0547490448272705,4
2026-09-02,PRESTIGE,55,-1,-0.04243474104142282,0.21684053540229797,-0.22474527,0.1062812,-0.3810264735900879,4
2026-09-02,PRESTIGE,62,-1,-0.047935669540122884,0.21966812014579773,-0.27564764,0.10628119999999998,-0.43192884022827144,4
2026-09-02,PRESTIGE,63,-1,-0.041416054290408164,0.22092804312705994,-0.24968386,0.10628119999999998,-0.4059650569641113,4
2026-09-02,PRESTIGE,64,-1,-0.0640514341448452,0.22321507334709167,-0.92213154,0.1062812,-1.0784127383911133,4
2026-09-02,PRESTIGE,67,-1,-0.06247084974155074,0.20254431664943695,-1.0798097,0.10628120000000002,-1.2360908656799316,4
2026-09-02,RADICO,23,-1,-0.06362494317980504,0.2343694567680359,0.13830662,0.1062812,-0.017974582263183603,4
2026-09-02,RADICO,51,-1,-0.045975213436990785,0.27536797523498535,0.14396906,0.10628120000000002,-0.012312141009521507,4
2026-09-02,RADICO,62,-1,-0.04783373556898904,0.23770274221897125,-0.51181316,0.10628119999999998,-0.6680943637573242,4
2026-09-02,RADICO,64,-1,-0.046885104738545645,0.2437983751296997,-0.58888197,0.1062812,-0.7451631694519043,4
2026-09-02,RADICO,67,-1,-0.049309209447654836,0.24140664935112,-0.4691124,0.10628120000000002,-0.6253935962402344,4
2026-09-02,RECLTD,19,-1,-0.04937701562111041,0.1842872053384781,0.6211221,0.1062812,0.46484092181091313,4
2026-09-02,RECLTD,21,-1,-0.05025798547102372,0.18256434798240662,0.367409,0.10628119999999998,0.2111277908599854,4
2026-09-02,RECLTD,23,-1,-0.07056957473820429,0.16202591359615326,0.31948686,0.10628119999999998,0.16320565646057134,4
2026-09-02,RECLTD,51,-1,-0.057300978788871845,0.20614062249660492,-0.094628334,0.1062812,-0.25090953404541017,4
2026-09-02,RECLTD,55,-1,-0.04684744597100724,0.20198559761047363,-0.2527356,0.1062812,-0.40901681477661134,4
2026-09-02,RECLTD,62,-1,-0.04741222215433475,0.15305359661579132,0.23633242,0.1062812,0.0800512165344238,4
2026-09-02,RECLTD,64,-1,-0.06501988685382716,0.1599828004837036,0.04733205,0.1062812,-0.10894915158386231,4
2026-09-02,RECLTD,67,-1,-0.06349808910295036,0.15767896175384521,0.1734972,0.1062812,0.017216000012207022,4
2026-09-02,RELIANCE,49,-1,-0.04175285026534676,0.1238674595952034,-0.32083988,0.1062812,-0.47712108189697267,4
2026-09-02,RELIANCE,51,-1,-0.061829468041678236,0.12681198120117188,-0.08381605,0.10628120000000002,-0.2400972514831543,4
2026-09-02,RELIANCE,55,-1,-0.04945333872254155,0.1365256905555725,-0.04569292,0.1062812,-0.20197412068481446,4
2026-09-02,RELIANCE,62,-1,-0.052646256385189355,0.12178359925746918,0.12179017,0.10628119999999998,-0.03449102933044432,4
2026-09-02,RELIANCE,64,-1,-0.07010817902313309,0.12113796919584274,0.14448762,0.1062812,-0.011793580599975595,4
2026-09-02,RELIANCE,67,-1,-0.04920692749350351,0.11964451521635056,0.02284646,0.1062812,-0.13343473965759278,4
2026-09-02,RVNL,19,-1,-0.04527907300993687,0.23818658292293549,0.43340325,0.1062812,0.27712205355529784,4
2026-09-02,RVNL,21,-1,-0.04131323726023417,0.23130138218402863,0.3853619,0.1062812,0.229080709866333,4
2026-09-02,RVNL,23,-1,-0.06225165872363502,0.21833127737045288,0.2490282,0.10628119999999998,0.09274700587158206,4
2026-09-02,RVNL,49,-1,-0.042036304216593476,0.13961943984031677,0.009745359,0.1062812,-0.14653584057922364,4
2026-09-02,RVNL,51,-1,-0.062351757345955994,0.13372549414634705,-0.10724068,0.1062812,-0.2635218768798828,4
2026-09-02,RVNL,55,-1,-0.04976664111434369,0.11454903334379196,-0.12674332,0.1062812,-0.28302451665039063,4
2026-09-02,RVNL,62,-1,-0.05339594631270437,0.11544773727655411,-0.048685074,0.10628120000000002,-0.20496627385253907,4
2026-09-02,RVNL,64,-1,-0.06652084177896204,0.13115015625953674,-0.0,0.1062812,-0.1562812,4
2026-09-02,RVNL,67,-1,-0.052687446344892704,0.15174680948257446,0.09699464,0.10628119999999995,-0.05928656155700679,4
2026-09-02,SAIL,4,1,0.04253902824308677,0.7548149824142456,0.1775384,0.1062812,0.021257194927978507,4
2026-09-02,SAIL,49,-1,-0.04197090914626063,0.18331319093704224,-1.399982,0.1062812,-1.55626317555542,4
2026-09-02,SAIL,51,-1,-0.041325951152643654,0.29886820912361145,0.15335083,0.1062812,-0.002930369921875009,4
2026-09-02,SBICARD,4,1,0.0409073319144848,0.47011953592300415,-0.53391457,0.1062812,-0.6901957660400391,4
2026-09-02,SBICARD,64,-1,-0.07400850620811626,0.23229531943798065,0.14891624,0.1062812,-0.0073649554931640715,4
2026-09-02,SBICARD,67,-1,-0.050188584219619484,0.24738608300685883,0.65690875,0.1062812,0.5006275505340576,4
2026-09-02,SBILIFE,4,1,0.04360073165070604,0.43010610342025757,0.2848506,0.1062812,0.1285693973815918,4
2026-09-02,SBILIFE,19,-1,-0.04762866772258724,0.20051880180835724,0.07532239,0.10628120000000002,-0.08095881039733889,4
2026-09-02,SBILIFE,20,-1,-0.043773056402770155,0.19124922156333923,0.27818084,0.1062812,0.12189963763122556,4
2026-09-02,SBILIFE,21,-1,-0.04894009442957399,0.18721812963485718,0.15075803,0.1062812,-0.005523171969604501,4
2026-09-02,SBILIFE,23,-1,-0.06639763908769597,0.14909476041793823,0.081163645,0.1062812,-0.0751175552093506,4
2026-09-02,SBILIFE,51,-1,-0.053959037712830046,0.15075469017028809,0.034689903,0.10628120000000002,-0.12159129674072268,4
2026-09-02,SBILIFE,55,-1,-0.05058444360501601,0.14428721368312836,-0.086808205,0.1062812,-0.24308940465087892,4
2026-09-02,SBILIFE,62,-1,-0.05329102260810895,0.1069726049900055,0.5955517,0.10628119999999998,0.43927052920227055,4
2026-09-02,SBILIFE,64,-1,-0.06207807907922167,0.11067713797092438,0.5608201,0.10628120000000002,0.4045389026916504,4
2026-09-02,SBILIFE,67,-1,-0.04580537973988763,0.11173596233129501,0.35341978,0.10628120000000002,0.19713858073120116,4
2026-09-02,SBIN,19,-1,-0.04752374401799182,0.18536657094955444,0.6100416,0.1062812,0.453760418347168,4
2026-09-02,SBIN,21,-1,-0.05597928901019654,0.17693910002708435,0.52452683,0.1062812,0.36824563448791503,4
2026-09-02,SBIN,23,-1,-0.0699162573871703,0.17067822813987732,0.5634427,0.10628119999999998,0.4071615070617676,4
2026-09-02,SBIN,51,-1,-0.05966746110935218,0.14352884888648987,-0.02939701,0.1062812,-0.18567821080322267,4
2026-09-02,SBIN,55,-1,-0.04516933634253634,0.13381892442703247,-0.019609928,0.1062812,-0.17589112813110352,4
2026-09-02,SBIN,62,-1,-0.04755945098193322,0.1415117383003235,0.15693903,0.10628119999999998,0.0006578296936035344,4
2026-09-02,SBIN,64,-1,-0.06262395736645916,0.1358674019575119,-0.058829784,0.1062812,-0.21511098439331056,4
2026-09-02,SBIN,67,-1,-0.04580537973988763,0.14446955919265747,-0.20612478,0.1062812,-0.36240598256225587,4
2026-09-02,SCHAEFFLER,4,1,0.0486352710534153,0.48898938298225403,0.7594943,0.1062812,0.6032131046569824,4
2026-09-02,SCHAEFFLER,51,-1,-0.04867016445442666,0.19076600670814514,-0.11585951,0.1062812,-0.2721407085144043,4
2026-09-02,SCHAEFFLER,55,-1,-0.040815950091553206,0.17283008992671967,-0.015103817,0.1062812,-0.171385016986084,4
2026-09-02,SCHAEFFLER,62,-1,-0.04559128549879907,0.12767113745212555,-0.002515316,0.1062812,-0.1587965160095215,4
2026-09-02,SCHAEFFLER,64,-1,-0.06261879866733928,0.13264933228492737,0.060468912,0.10628119999999998,-0.09581228787536619,4
2026-09-02,SCHAEFFLER,67,-1,-0.04550885544344269,0.13379424810409546,0.1891613,0.1062812,0.03288010065917968,4
2026-09-02,SHREECEM,19,-1,-0.054146460683668636,0.16977669298648834,-0.29978752,0.1062812,-0.4560687213623047,4
2026-09-02,SHREECEM,20,-1,-0.045811796965571513,0.19777879118919373,0.25553703,0.1062812,0.09925583308105466,4
2026-09-02,SHREECEM,21,-1,-0.05303901729046124,0.21026328206062317,-0.085282326,0.10628119999999998,-0.24156352574462886,4
2026-09-02,SHREECEM,23,-1,-0.06511476227736382,0.22801204025745392,-0.0426054,0.1062812,-0.19888660008544923,4
2026-09-02,SHREECEM,51,-1,-0.058259735819446476,0.17270110547542572,-0.0,0.1062812,-0.1562812,4
2026-09-02,SHREECEM,55,-1,-0.046106511236924434,0.17895056307315826,-0.36092997,0.10628119999999998,-0.5172111659729004,4
2026-09-02,SHREECEM,62,-1,-0.047935669540122884,0.18435129523277283,-0.0,0.1062812,-0.1562812,4
2026-09-02,SHREECEM,64,-1,-0.07099224724527091,0.18129079043865204,0.27518868,0.1062812,0.11890748446350095,4
2026-09-02,SHREECEM,67,-1,-0.04922297818725461,0.18613801896572113,-0.33898354,0.10628119999999998,-0.4952647357666015,4
2026-09-02,SHRIRAMFIN,4,1,0.04231613791813912,0.8136070370674133,0.28988123,0.1062812,0.13360002940063476,4
2026-09-02,SHRIRAMFIN,21,-1,-0.056701434682117205,0.21061399579048157,-0.058197975,0.1062812,-0.21447917515869142,4
2026-09-02,SHRIRAMFIN,23,-1,-0.06836889151886635,0.20230063796043396,-0.009703636,0.1062812,-0.1659848361694336,4
2026-09-02,SHRIRAMFIN,49,-1,-0.041827925529386766,0.20137213170528412,-0.0192523,0.10628119999999998,-0.17553350026245113,4
2026-09-02,SHRIRAMFIN,51,-1,-0.05668628384254167,0.18304498493671417,-0.14449358,0.1062812,-0.30077477986450196,4
2026-09-02,SHRIRAMFIN,55,-1,-0.05110732421608565,0.187155619263649,-0.38528442,0.1062812,-0.541565623828125,4
2026-09-02,SHRIRAMFIN,62,-1,-0.052895881947662315,0.19875706732273102,0.2014935,0.1062812,0.045212301663208,4
2026-09-02,SHRIRAMFIN,63,-1,-0.04248210179616334,0.2052365392446518,0.086182356,0.1062812,-0.0700988441192627,4
2026-09-02,SHRIRAMFIN,64,-1,-0.07458703000287438,0.20453299582004547,-0.22027493,0.1062812,-0.3765561252319336,4
2026-09-02,SHRIRAMFIN,67,-1,-0.05053021599968465,0.20588640868663788,-0.5956888,0.10628119999999998,-0.7519700198852539,4
2026-09-02,SIEMENS,21,-1,-0.04680153144952838,0.22753329575061798,0.022423267,0.10628119999999998,-0.13385793263549803,4
2026-09-02,SIEMENS,23,-1,-0.06478572972259468,0.19236218929290771,0.1295507,0.1062812,-0.026730504580688486,4
2026-09-02,SIEMENS,51,-1,-0.04852258160988036,0.16202951967716217,0.049966574,0.1062812,-0.10631462628479005,4
2026-09-02,SIEMENS,55,-1,-0.040784844506819254,0.15010368824005127,0.35486817,0.1062812,0.19858697359924316,4
2026-09-02,SIEMENS,62,-1,-0.04511665994306023,0.11196306347846985,-0.25829077,0.1062812,-0.41457196766967774,4
2026-09-02,SIEMENS,64,-1,-0.06851786002459252,0.13004928827285767,-0.2575159,0.10628119999999998,-0.4137971072875976,4
2026-09-02,SIEMENS,67,-1,-0.05081544259750935,0.14100180566310883,-0.422287,0.1062812,-0.5785681873046875,4
2026-09-02,SJVN,19,-1,-0.04362614237550129,0.19989372789859772,0.18645525,0.10628119999999998,0.030174049786376972,4
2026-09-02,SJVN,20,-1,-0.04150726085799959,0.19520874321460724,0.23292303,0.10628119999999998,0.07664183085327152,4
2026-09-02,SJVN,21,-1,-0.05213980727859199,0.1921209841966629,0.1399219,0.10628119999999998,-0.01635929638977049,4
2026-09-02,SJVN,23,-1,-0.06748511264372518,0.15552285313606262,0.031131506,0.1062812,-0.12514969403381349,4
2026-09-02,SJVN,45,-1,-0.04110022571907752,0.11542227864265442,-0.0,0.10628120000000002,-0.1562812,4
2026-09-02,SJVN,49,-1,-0.0433049191306897,0.11878685653209686,0.046622753,0.10628120000000002,-0.10965844685668948,4
2026-09-02,SJVN,51,-1,-0.059958272675898934,0.11319960653781891,0.031083822,0.10628119999999998,-0.12519737774963377,4
2026-09-02,SJVN,55,-1,-0.048185733422737916,0.11771472543478012,0.23312569,0.10628120000000002,0.07684448664550779,4
2026-09-02,SJVN,62,-1,-0.04755945098193322,0.11684181541204453,0.32715797,0.1062812,0.17087677424316405,4
2026-09-02,SJVN,64,-1,-0.06244248848938564,0.1168062761425972,0.40530562,0.1062812,0.2490244240081787,4
2026-09-02,SJVN,67,-1,-0.046025656761316716,0.1269758641719818,0.09365678,0.1062812,-0.06262442166442872,4
2026-09-02,SOLARINDS,4,1,0.04789345363938937,0.4389505684375763,0.17668009,0.10628119999999998,0.02039888804321291,4
2026-09-02,SOLARINDS,19,-1,-0.04933881653838745,0.21677595376968384,0.15052557,0.10628119999999998,-0.005755630084228497,4
2026-09-02,SOLARINDS,20,-1,-0.043773056402770155,0.22198353707790375,0.17548203,0.1062812,0.01920083468322753,4
2026-09-02,SOLARINDS,21,-1,-0.051650624589407904,0.22237366437911987,-0.5774498,0.10628119999999998,-0.7337309985839844,4
2026-09-02,SOLARINDS,23,-1,-0.060135293044402065,0.2191721796989441,-0.72938204,0.10628120000000002,-0.8856632381164551,4
2026-09-02,SOLARINDS,55,-1,-0.042496682116885696,0.21837137639522552,-0.1479268,0.1062812,-0.30420800740356446,4
2026-09-02,SOLARINDS,62,-1,-0.048532325938040445,0.18991348147392273,-1.0588527,0.1062812,-1.2151338725769043,4
2026-09-02,SOLARINDS,63,-1,-0.04102637283083495,0.18269973993301392,-1.106739,0.1062812,-1.2630202441894531,4
2026-09-02,SOLARINDS,64,-1,-0.07316394723650281,0.23187698423862457,-0.17086267,0.1062812,-0.3271438747131348,4
2026-09-02,SOLARINDS,67,-1,-0.0497865830290706,0.24660484492778778,-0.24330616,0.1062812,-0.39958735997314454,4
2026-09-02,SRF,19,-1,-0.04752374401799182,0.19533482193946838,0.0155210495,0.1062812,-0.1407601505004883,4
2026-09-02,SRF,20,-1,-0.04347472847137922,0.18768662214279175,0.10467172,0.10628119999999998,-0.051609483309936505,4
2026-09-02,SRF,21,-1,-0.05106022235305309,0.19134478271007538,-0.038778782,0.10628119999999998,-0.1950599818908691,4
2026-09-02,SRF,23,-1,-0.06685789963485199,0.17868292331695557,-0.09698868,0.10628119999999998,-0.2532698779785156,4
2026-09-02,SRF,51,-1,-0.05907079383191711,0.12344301491975784,-0.019335747,0.1062812,-0.17561694676513673,4
2026-09-02,SRF,55,-1,-0.0483257359278541,0.11182378977537155,-0.003874302,0.1062812,-0.1601555019104004,4
2026-09-02,SRF,62,-1,-0.05166688555512027,0.1270725578069687,-0.25966167,0.1062812,-0.4159428744995117,4
2026-09-02,SRF,64,-1,-0.06652084177896204,0.14599265158176422,0.11201501,0.10628119999999998,-0.04426619107360838,4
2026-09-02,SRF,67,-1,-0.05590752522143508,0.1448100060224533,-0.2933383,0.1062812,-0.44961949879760743,4
2026-09-02,SUNDARMFIN,20,-1,-0.04144236342009395,0.130737766623497,-0.11674166,0.1062812,-0.2730228572570801,4
2026-09-02,SUNDARMFIN,21,-1,-0.051404341121382986,0.1382494568824768,-0.18286705,0.1062812,-0.33914825017089845,4
2026-09-02,SUNDARMFIN,23,-1,-0.06698054693611023,0.14684733748435974,-0.1475215,0.10628119999999998,-0.30380269581909175,4
2026-09-02,SUNDARMFIN,51,-1,-0.044952849387648604,0.20520925521850586,0.61795115,0.10628120000000002,0.46166995470886235,4
2026-09-02,SUNDARMFIN,55,-1,-0.041268590819054256,0.23263882100582123,-0.45217276,0.1062812,-0.6084539561950684,4
2026-09-02,SUNDARMFIN,64,-1,-0.053273166401099394,0.2751670777797699,0.82570314,0.10628119999999998,0.6694219440734863,4
2026-09-02,SUNDARMFIN,67,-1,-0.04999051445619027,0.20820116996765137,0.6586611,0.1062812,0.5023799270904541,4
2026-09-02,SUNPHARMA,4,1,0.04210048815881385,0.6197694540023804,-0.14460683,0.1062812,-0.3008880286895752,4
2026-09-02,SUNPHARMA,19,-1,-0.045688205259475055,0.1378193348646164,-0.18155575,0.10628120000000002,-0.33783694798583985,4
2026-09-02,SUNPHARMA,20,-1,-0.0409195512839347,0.13148680329322815,-0.24372339,0.1062812,-0.4000045924865723,4
2026-09-02,SUNPHARMA,21,-1,-0.042713015785763794,0.12778295576572418,-0.17107725,0.1062812,-0.3273584514343262,4
2026-09-02,SUNPHARMA,23,-1,-0.06765106649332053,0.12403319776058197,-0.09329319,0.10628119999999998,-0.24957439000244136,4
2026-09-02,SUNPHARMA,51,-1,-0.06004216756908366,0.14195343852043152,0.03632307,0.1062812,-0.11995812947387696,4
2026-09-02,SUNPHARMA,55,-1,-0.04976664111434369,0.1295614391565323,-0.0259161,0.10628119999999998,-0.1821972995483398,4
2026-09-02,SUNPHARMA,62,-1,-0.05195033950636699,0.13694359362125397,0.42486787,0.1062812,0.2685866684234619,4
2026-09-02,SUNPHARMA,64,-1,-0.06291476893300592,0.13969479501247406,0.24834871,0.1062812,0.09206751292114256,4
2026-09-02,SUNPHARMA,67,-1,-0.04580537973988763,0.14097346365451813,-0.32720566,0.1062812,-0.4834868579589844,4
2026-09-02,SUPREMEIND,4,1,0.041216003570477104,0.6330304145812988,0.7321,0.10628119999999998,0.5758188099182129,4
2026-09-02,SUPREMEIND,51,-1,-0.05451381905773099,0.16240622103214264,0.34815073,0.10628119999999998,0.1918695301330567,4
2026-09-02,SUPREMEIND,55,-1,-0.045249492131698446,0.15762607753276825,0.053960085,0.10628119999999998,-0.10232111508483885,4
2026-09-02,SUPREMEIND,62,-1,-0.048114232326834164,0.19343478977680206,0.20449162,0.1062812,0.04821041529541015,4
2026-09-02,SUPREMEIND,64,-1,-0.06704313108323981,0.2006751000881195,0.1331687,0.10628120000000002,-0.02311250264282229,4
2026-09-02,SUPREMEIND,67,-1,-0.05256542215383311,0.1920706182718277,-0.13898611,0.1062812,-0.29526731068725587,4
2026-09-02,SUZLON,4,1,0.05367095740211091,0.6764774918556213,0.06586313,0.1062812,-0.09041806752319337,4
2026-09-02,SUZLON,19,-1,-0.049295463761106065,0.23965273797512054,0.6753862,0.10628119999999998,0.5191049904144287,4
2026-09-02,SUZLON,23,-1,-0.06233192412959145,0.22482474148273468,0.3934443,0.1062812,0.23716309969787597,4
2026-09-02,SUZLON,45,-1,-0.04240204906663495,0.18920426070690155,0.30648112,0.10628119999999998,0.1501999229705811,4
2026-09-02,SUZLON,51,-1,-0.056319134794476255,0.16906139254570007,0.15340447,0.1062812,-0.0028767257415771574,4
2026-09-02,SUZLON,55,-1,-0.04766287389702812,0.1522083878517151,-0.5052686,0.10628120000000002,-0.6615497737609863,4
2026-09-02,SUZLON,62,-1,-0.05339594631270437,0.15144318342208862,0.30601025,0.1062812,0.14972904627685546,4
2026-09-02,SUZLON,64,-1,-0.05883968831591592,0.17326314747333527,0.2842188,0.1062812,0.12793758814697265,4
2026-09-02,SUZLON,67,-1,-0.046360161084788576,0.18603552877902985,0.503391,0.1062812,0.3471098274505615,4
2026-09-02,TATACOMM,3,1,0.0432919584135705,0.6429100036621094,0.14683008,0.1062812,-0.009451118060302743,4
2026-09-02,TATACOMM,4,1,0.05865143983651746,0.5579074621200562,0.21727085,0.1062812,0.0609896511352539,4
2026-09-02,TATACOMM,5,1,0.043867530884372424,0.4796609580516815,0.21146536,0.10628119999999998,0.05518415873413088,4
2026-09-02,TATACOMM,23,-1,-0.04390042784286284,0.253945916891098,-0.017666817,0.1062812,-0.1739480167114258,4
2026-09-02,TATACOMM,45,-1,-0.04196365465554191,0.14256438612937927,0.35143495,0.1062812,0.19515374606018066,4
2026-09-02,TATACOMM,51,-1,-0.043890244062073626,0.1365259885787964,0.3516376,0.1062812,0.19535640185241698,4
2026-09-02,TATACOMM,55,-1,-0.04812373103764366,0.16493375599384308,-0.38779974,0.1062812,-0.5440809398376465,4
2026-09-02,TATACOMM,62,-1,-0.05329102260810895,0.19231726229190826,-0.21070242,0.10628119999999998,-0.3669836192810058,4
2026-09-02,TATACOMM,63,-1,-0.042111606263345945,0.2187197059392929,0.46565533,0.10628119999999998,0.30937412684326177,4
2026-09-02,TATACOMM,64,-1,-0.07319620495097869,0.23974768817424774,0.35545826,0.10628119999999998,0.19917705958251958,4
2026-09-02,TATACOMM,67,-1,-0.058805313722777246,0.23008042573928833,0.6582022,0.1062812,0.5019209713256836,4
2026-09-02,TATACONSUM,19,-1,-0.045919788931888146,0.13582104444503784,0.04926324,0.1062812,-0.10701796109313966,4
2026-09-02,TATACONSUM,20,-1,-0.04429534570704793,0.13352534174919128,0.17707944,0.1062812,0.020798239163208,4
2026-09-02,TATACONSUM,21,-1,-0.04960550652117015,0.13433367013931274,0.12798905,0.10628119999999998,-0.028292146273803692,4
2026-09-02,TATACONSUM,23,-1,-0.06721436474877171,0.1330837607383728,-0.029575825,0.10628119999999998,-0.18585702473754878,4
2026-09-02,TATACONSUM,51,-1,-0.05311608632694364,0.10970772802829742,-0.1082778,0.10628119999999998,-0.26455899769897456,4
2026-09-02,TATACONSUM,55,-1,-0.04751485322771342,0.12014908343553543,0.17706156,0.10628119999999998,0.02078035776977541,4
2026-09-02,TATACONSUM,62,-1,-0.04684063047790199,0.1069880947470665,0.38424134,0.1062812,0.22796014254455566,4
2026-09-02,TATACONSUM,64,-1,-0.06223973877981417,0.12332238256931305,0.4930973,0.1062812,0.33681610529785155,4
2026-09-02,TATACONSUM,67,-1,-0.050782406944441943,0.12833134829998016,0.06912351,0.1062812,-0.0871576934539795,4
2026-09-02,TATAELXSI,4,1,0.044662674566017795,0.9575973749160767,0.25434494,0.1062812,0.09806374018554685,4
2026-09-02,TATAELXSI,19,-1,-0.0427219955314716,0.2475001960992813,0.022310019,0.10628119999999998,-0.13397118146057127,4
2026-09-02,TATAELXSI,21,-1,-0.05392824187754791,0.22169509530067444,-0.07250309,0.10628119999999998,-0.2287842899047851,4
2026-09-02,TATAELXSI,23,-1,-0.06771811970738598,0.20262877643108368,-0.09214878,0.1062812,-0.24842998082275392,4
2026-09-02,TATAELXSI,51,-1,-0.05671040113753527,0.12775519490242004,-0.18856525,0.1062812,-0.3448464542114258,4
2026-09-02,TATAELXSI,55,-1,-0.04753759199385389,0.1372884064912796,-0.19414425,0.1062812,-0.35042544896240235,4
2026-09-02,TATAELXSI,62,-1,-0.04906762840023615,0.12634585797786713,0.16601682,0.10628119999999998,0.009735617092895527,4
2026-09-02,TATAELXSI,63,-1,-0.04217462160278702,0.1301850527524948,0.27101636,0.1062812,0.11473515932922361,4
2026-09-02,TATAELXSI,64,-1,-0.0735209824971192,0.13279680907726288,0.44198632,0.1062812,0.2857051224029541,4
2026-09-02,TATAELXSI,67,-1,-0.060071216208144346,0.13303616642951965,0.124531984,0.1062812,-0.031749215670776376,4
2026-09-02,TATAINVEST,19,-1,-0.04362614237550129,0.1742185354232788,0.047665834,0.1062812,-0.10861536557312013,4
2026-09-02,TATAINVEST,20,-1,-0.0434822448362234,0.17692941427230835,0.19053817,0.1062812,0.0342569679534912,4
2026-09-02,TATAINVEST,21,-1,-0.050616374140451434,0.1792690008878708,0.2382636,0.10628120000000002,0.08198240702514646,4
2026-09-02,TATAINVEST,23,-1,-0.06691992839197375,0.18118633329868317,0.13527274,0.1062812,-0.021008458682250986,4
2026-09-02,TATAINVEST,51,-1,-0.062351757345955994,0.09569266438484192,-0.06378889,0.1062812,-0.22007009083862306,4
2026-09-02,TATAINVEST,55,-1,-0.04976664111434369,0.09797053784132004,0.023925304,0.1062812,-0.1323558955871582,4
2026-09-02,TATAINVEST,62,-1,-0.050509434319877394,0.10939021408557892,0.15154481,0.1062812,-0.004736390658569345,4
2026-09-02,TATAINVEST,64,-1,-0.06174874909638599,0.1071709394454956,-0.19943714,0.1062812,-0.35571834141845704,4
2026-09-02,TATAINVEST,67,-1,-0.05642981452571285,0.09284533560276031,-0.19943714,0.1062812,-0.35571834141845704,4
2026-09-02,TATAPOWER,51,-1,-0.05321662469408198,0.20690923929214478,0.08314252,0.10628119999999998,-0.0731386810028076,4
2026-09-02,TATAPOWER,64,-1,-0.0714151810207385,0.18388508260250092,-0.27678013,0.1062812,-0.4330613284790039,4
2026-09-02,TATASTEEL,23,-1,-0.04794916347020116,0.24420981109142303,0.27809143,0.1062812,0.12181023066406248,4
2026-09-02,TATASTEEL,51,-1,-0.056801873090581156,0.15810565650463104,0.043725967,0.10628119999999998,-0.11255523259277342,4
2026-09-02,TATASTEEL,55,-1,-0.04976664111434369,0.15640948712825775,-0.2025485,0.10628120000000002,-0.35882970387573243,4
2026-09-02,TATASTEEL,62,-1,-0.05339594631270437,0.1424354612827301,0.021851063,0.1062812,-0.1344301372253418,4
2026-09-02,TATASTEEL,64,-1,-0.06262395736645916,0.1454455703496933,-0.032758713,0.1062812,-0.1890399127685547,4
2026-09-02,TATASTEEL,67,-1,-0.05365852319105831,0.1431998461484909,-0.43156147,0.1062812,-0.5878426700317383,4
2026-09-02,TCS,4,1,0.055148190823311925,0.856666088104248,0.49575567,0.10628120000000002,0.339474472454834,4
2026-09-02,TCS,23,-1,-0.06492658213123371,0.2304152101278305,-0.06418228,0.1062812,-0.22046348149414063,4
2026-09-02,TCS,45,-1,-0.04196365465554191,0.1113625168800354,-0.25627613,0.10628119999999998,-0.4125573306762695,4
2026-09-02,TCS,49,-1,-0.04348191102293086,0.12797939777374268,0.08959174,0.1062812,-0.06668945843811036,4
2026-09-02,TCS,51,-1,-0.061829468041678236,0.12964759767055511,0.20025373,0.10628119999999998,0.0439725250518799,4
2026-09-02,TCS,55,-1,-0.0446947107867975,0.14070643484592438,0.18373728,0.1062812,0.02745607798461913,4
2026-09-02,TCS,62,-1,-0.04755945098193322,0.15961261093616486,0.19260645,0.1062812,0.03632524912719726,4
2026-09-02,TCS,64,-1,-0.06114135995346713,0.15040722489356995,-0.14550686,0.10628120000000002,-0.3017880588256836,4
2026-09-02,TCS,67,-1,-0.05182917193185864,0.14086058735847473,-0.6558895,0.1062812,-0.8121707111083984,4
2026-09-02,TECHM,4,1,0.04371026559144273,0.6713671088218689,0.08658171,0.1062812,-0.06969949299926759,4
2026-09-02,TECHM,19,-1,-0.04231055241316971,0.2504877746105194,-0.26017427,0.10628119999999998,-0.41645547444458003,4
2026-09-02,TECHM,20,-1,-0.041687810434794234,0.22951722145080566,-0.18570423,0.10628120000000002,-0.34198543126220704,4
2026-09-02,TECHM,21,-1,-0.05126138718655695,0.22346481680870056,-0.43364763,0.10628119999999998,-0.589928832598877,4
2026-09-02,TECHM,23,-1,-0.06580926426821865,0.203046977519989,-0.2043724,0.1062812,-0.3606536060058594,4
2026-09-02,TECHM,49,-1,-0.04134373465400087,0.1401696652173996,0.19129515,0.1062812,0.03501394694213866,4
2026-09-02,TECHM,51,-1,-0.04106423021929088,0.1311151087284088,0.024724007,0.10628119999999998,-0.13155719334716795,4
2026-09-02,TECHM,55,-1,-0.043043093708446514,0.11490853130817413,-0.099003315,0.1062812,-0.25528451497192384,4
2026-09-02,TECHM,62,-1,-0.051565250137150714,0.10552259534597397,0.09890199,0.1062812,-0.057379212924194345,4
2026-09-02,TECHM,64,-1,-0.06673788703532686,0.11332893371582031,0.48154593,0.1062812,0.32526472514038085,4
2026-09-02,TECHM,67,-1,-0.05258126234024992,0.10095766186714172,-0.1604557,0.1062812,-0.31673690373535157,4
2026-09-02,THERMAX,3,1,0.05281234606047498,0.6466886401176453,-0.33510327,0.10628119999999998,-0.4913844733917236,4
2026-09-02,THERMAX,4,1,0.05980530528954675,0.5963516235351562,-0.12763739,0.1062812,-0.2839185863220215,4
2026-09-02,THERMAX,5,1,0.043514836465654745,0.529979407787323,-0.36399364,0.10628119999999998,-0.5202748447143555,4
2026-09-02,THERMAX,7,1,0.0497369734420792,0.4909292459487915,0.041759014,0.1062812,-0.11452218587036134,4
2026-09-02,THERMAX,8,1,0.04204320170891557,0.46302109956741333,-0.049585104,0.1062812,-0.20586630398864747,4
2026-09-02,THERMAX,20,-1,-0.04176936229479859,0.21620768308639526,0.692904,0.1062812,0.536622795513916,4
2026-09-02,THERMAX,21,-1,-0.05203665126461526,0.20943717658519745,0.3001809,0.1062812,0.14389971201782226,4
2026-09-02,THERMAX,23,-1,-0.05667778054089059,0.22093360126018524,0.17547607,0.10628119999999998,0.01919487421875002,4
2026-09-02,THERMAX,45,-1,-0.048473890196311716,0.23891134560108185,0.03697872,0.1062812,-0.11930247838134767,4
2026-09-02,THERMAX,49,-1,-0.04999214656370068,0.2301885336637497,0.21909475,0.10628119999999998,0.06281355326538088,4
2026-09-02,THERMAX,51,-1,-0.0564367556655749,0.21024949848651886,0.19801855,0.10628119999999998,0.04173735087280275,4
2026-09-02,THERMAX,55,-1,-0.054124425399595236,0.19094131886959076,0.4494965,0.10628120000000002,0.2932153076446533,4
2026-09-02,THERMAX,62,-1,-0.06545861070720514,0.19977150857448578,0.32138228,0.1062812,0.1651010841644287,4
2026-09-02,THERMAX,63,-1,-0.043062825282483556,0.19204948842525482,0.18597245,0.1062812,0.02969125216369628,4
2026-09-02,THERMAX,64,-1,-0.0753463698034211,0.1909332275390625,0.3106177,0.1062812,0.15433648531799316,4
2026-09-02,THERMAX,65,-1,-0.044513554498122575,0.1861618608236313,0.2471447,0.1062812,0.09086349909667966,4
2026-09-02,THERMAX,66,-1,-0.04097120576765101,0.19249002635478973,0.26340485,0.10628119999999998,0.10712364619140628,4
2026-09-02,THERMAX,67,-1,-0.06494607069349902,0.19487696886062622,0.30043125,0.1062812,0.1441500515258789,4
2026-09-02,TIINDIA,4,1,0.06126370712115868,0.6538582444190979,0.64668655,0.1062812,0.49040535395507817,4
2026-09-02,TIINDIA,23,-1,-0.06901087875613487,0.23517386615276337,-0.2476573,0.1062812,-0.40393849904174806,4
2026-09-02,TIINDIA,51,-1,-0.05806477033375,0.256694495677948,-0.092327595,0.1062812,-0.2486087947570801,4
2026-09-02,TIINDIA,55,-1,-0.04722151486551626,0.20746037364006042,0.007390976,0.1062812,-0.14889022404785157,4
2026-09-02,TIINDIA,62,-1,-0.0468597971249889,0.16761693358421326,0.36182404,0.1062812,0.20554283564453124,4
2026-09-02,TIINDIA,64,-1,-0.06180869071232375,0.19306327402591705,0.49439073,0.1062812,0.33810952608947753,4
2026-09-02,TIINDIA,67,-1,-0.04762204949750093,0.19545817375183105,-0.46910048,0.1062812,-0.6253816753112793,4
2026-09-02,TITAN,4,1,0.04380459033710107,0.6135338544845581,0.28078556,0.1062812,0.12450436060791013,4
2026-09-02,TITAN,19,-1,-0.047773060535006746,0.17175491154193878,-0.030064583,0.1062812,-0.18634578282470704,4
2026-09-02,TITAN,21,-1,-0.05131565533697036,0.17105640470981598,0.020045042,0.1062812,-0.13623615796203614,4
2026-09-02,TITAN,23,-1,-0.06580926426821865,0.16090737283229828,0.1902461,0.10628119999999998,0.033964905194091816,4
2026-09-02,TITAN,51,-1,-0.058013475615808066,0.19545131921768188,-0.29853582,0.10628119999999998,-0.45481702382202144,4
2026-09-02,TITAN,55,-1,-0.05058444360501601,0.1608976125717163,-0.627923,0.1062812,-0.7842042117797852,4
2026-09-02,TITAN,62,-1,-0.052895881947662315,0.19456078112125397,0.10895133,0.10628119999999998,-0.04732986981506346,4
2026-09-02,TITAN,63,-1,-0.04152102254529274,0.19463790953159332,0.04954338,0.1062812,-0.10673781926269532,4
2026-09-02,TITAN,64,-1,-0.07458703000287438,0.19159796833992004,-0.099015236,0.1062812,-0.2552964359008789,4
2026-09-02,TITAN,67,-1,-0.0521542670820918,0.18394838273525238,-0.51505566,0.10628119999999998,-0.6713368564331055,4
2026-09-02,TMCV,5,1,0.04829748512044887,0.7578267455101013,-0.0774622,0.10628120000000002,-0.23374339635009767,4
2026-09-02,TMCV,6,1,0.04544895440489044,0.7096128463745117,0.05544424,0.10628119999999998,-0.10083695942993162,4
2026-09-02,TMCV,45,-1,-0.04480643335114292,0.22096194326877594,0.15692115,0.10628120000000002,0.0006399483001708756,4
2026-09-02,TMCV,49,-1,-0.04494740585499309,0.15757440030574799,0.022399426,0.1062812,-0.1338817744934082,4
2026-09-02,TMCV,51,-1,-0.06890024652677779,0.14887553453445435,-0.056028366,0.10628119999999998,-0.21230956608886714,4
2026-09-02,TMCV,55,-1,-0.05684813562852254,0.14814221858978271,-0.15695095,0.1062812,-0.3132321506225586,4
2026-09-02,TMCV,62,-1,-0.057770167751158424,0.15750433504581451,-0.123119354,0.1062812,-0.2794005542480469,4
2026-09-02,TMCV,64,-1,-0.06737197525033371,0.17086666822433472,-0.16765594,0.10628119999999998,-0.3239371448242187,4
2026-09-02,TMCV,67,-1,-0.05691321293517732,0.17612068355083466,0.46864748,0.1062812,0.3123662800109863,4
2026-09-02,TORNTPHARM,20,-1,-0.04144236342009395,0.2043694704771042,0.18130541,0.10628119999999998,0.025024208477783222,4
2026-09-02,TORNTPHARM,21,-1,-0.04897319637793787,0.20083212852478027,0.15116334,0.10628119999999998,-0.005117860385131817,4
2026-09-02,TORNTPHARM,23,-1,-0.05958691988428768,0.17521847784519196,0.06055832,0.1062812,-0.09572288090820313,4
2026-09-02,TORNTPHARM,51,-1,-0.04326463094195591,0.13571429252624512,0.36000013,0.1062812,0.2037189335144043,4
2026-09-02,TORNTPHARM,55,-1,-0.04245513496799133,0.1518537551164627,-0.020062923,0.1062812,-0.1763441234313965,4
2026-09-02,TORNTPHARM,62,-1,-0.051780020731438725,0.1217939555644989,0.020056963,0.10628119999999998,-0.13622423703308104,4
2026-09-02,TORNTPHARM,64,-1,-0.07660763723146459,0.127882719039917,0.4600942,0.10628119999999998,0.3038130134857178,4
2026-09-02,TORNTPHARM,67,-1,-0.062027976216921445,0.1172131821513176,-0.35037994,0.10628119999999998,-0.5066611438476563,4
2026-09-02,TORNTPOWER,4,1,0.04555070312888678,0.928069531917572,0.16868114,0.1062812,0.01239994471435546,4
2026-09-02,TORNTPOWER,64,-1,-0.07257142412694816,0.21174408495426178,1.3201535,0.1062812,1.1638722748077392,4
2026-09-02,TORNTPOWER,67,-1,-0.04786392002061767,0.19367478787899017,1.7864168,0.1062812,1.63013556902771,4
2026-09-02,TRENT,4,1,0.04175371201795613,0.37090742588043213,0.14537573,0.1062812,-0.010905471392822275,4
2026-09-02,TRENT,19,-1,-0.045715474635865345,0.17568029463291168,0.31529665,0.1062812,0.15901544993286132,4
2026-09-02,TRENT,20,-1,-0.0442114508138632,0.16005131602287292,0.21947026,0.1062812,0.06318906252746581,4
2026-09-02,TRENT,21,-1,-0.052172913893685675,0.17212985455989838,0.13466477,0.10628119999999998,-0.021616426058959942,4
2026-09-02,TRENT,23,-1,-0.06824040901166376,0.1673561930656433,0.042545795,0.1062812,-0.11373540455932618,4
2026-09-02,TRENT,51,-1,-0.046668742733971195,0.2521262764930725,0.18150806,0.10628119999999995,0.025226864270019578,4
2026-09-02,TRENT,62,-1,-0.05280868169476636,0.14874058961868286,0.22043586,0.1062812,0.06415465777282714,4
2026-09-02,TRENT,63,-1,-0.041942147753160436,0.14799730479717255,0.36681294,0.1062812,0.21053174441223144,4
2026-09-02,TRENT,64,-1,-0.07550385557395171,0.14730052649974823,0.28660893,0.1062812,0.1303277344024658,4
2026-09-02,TRENT,67,-1,-0.05739976498799361,0.1438714861869812,0.25528073,0.1062812,0.09899953310852048,4
2026-09-02,TVSMOTOR,4,1,0.09136861733406547,0.7536482214927673,1.378262,0.1062812,1.2219808429992676,4
2026-09-02,TVSMOTOR,5,1,0.05416029384937289,0.6946306228637695,1.2382388,0.1062812,1.08195761149292,4
2026-09-02,TVSMOTOR,45,-1,-0.04075843874479547,0.2348388135433197,-0.6752491,0.1062812,-0.8315302997314453,4
2026-09-02,TVSMOTOR,49,-1,-0.040922340814331805,0.23878972232341766,-0.562346,0.1062812,-0.7186271815979004,4
2026-09-02,TVSMOTOR,51,-1,-0.062351757345955994,0.22113081812858582,-0.44219494,0.1062812,-0.598476138659668,4
2026-09-02,TVSMOTOR,55,-1,-0.05110732421608565,0.20877058804035187,-0.42859316,0.10628119999999998,-0.5848743587219238,4
2026-09-02,TVSMOTOR,62,-1,-0.05472620002343095,0.19839699566364288,-0.68233013,0.1062812,-0.8386113315307617,4
2026-09-02,TVSMOTOR,63,-1,-0.04248210179616334,0.21666738390922546,-0.64178705,0.10628119999999998,-0.798068252154541,4
2026-09-02,TVSMOTOR,64,-1,-0.07458703000287438,0.2071598768234253,-0.79773664,0.1062812,-0.9540178447448731,4
2026-09-02,TVSMOTOR,67,-1,-0.06353689724730592,0.2137209177017212,-0.5891681,0.1062812,-0.7454492717468262,4
2026-09-02,UBL,4,1,0.041216003570477104,0.40507036447525024,0.22403002,0.10628119999999998,0.06774881785278322,4
2026-09-02,UBL,19,-1,-0.04358171162417658,0.19254271686077118,0.27110577,0.10628119999999998,0.11482456629638675,4
2026-09-02,UBL,21,-1,-0.05445960388296357,0.2041618376970291,-0.015544891,0.10628119999999998,-0.17182609135742186,4
2026-09-02,UBL,23,-1,-0.06523886656740668,0.21439869701862335,-0.256598,0.1062812,-0.41287919575805665,4
2026-09-02,UBL,51,-1,-0.062351757345955994,0.1330333948135376,-0.07764101,0.1062812,-0.23392221028442384,4
2026-09-02,UBL,55,-1,-0.04421708058944113,0.12207098305225372,-0.08547306,0.1062812,-0.24175426060791017,4
2026-09-02,UBL,62,-1,-0.05143892212450982,0.1208944246172905,-0.07764101,0.1062812,-0.23392221028442384,4
2026-09-02,UBL,64,-1,-0.05958639639037501,0.12587659060955048,0.75240135,0.1062812,0.5961201519287109,4
2026-09-02,UBL,67,-1,-0.05324854379352605,0.13022208213806152,0.759989,0.10628119999999998,0.6037078232086182,4
2026-09-02,ULTRACEMCO,3,1,0.04077657045546767,0.5103405117988586,0.4457116,0.1062812,0.289430412701416,4
2026-09-02,ULTRACEMCO,4,1,0.05688480102833024,0.43881556391716003,0.39258003,0.10628119999999998,0.23629883234863286,4
2026-09-02,ULTRACEMCO,21,-1,-0.04893030143046421,0.15009476244449615,0.27602315,0.10628119999999998,0.11974194949035648,4
2026-09-02,ULTRACEMCO,23,-1,-0.06554142523867047,0.1453951746225357,-0.071418285,0.10628119999999998,-0.227699485369873,4
2026-09-02,ULTRACEMCO,51,-1,-0.04470658918401021,0.13978317379951477,-0.14168024,0.1062812,-0.2979614406311035,4
2026-09-02,ULTRACEMCO,62,-1,-0.04777868851943933,0.09915371984243393,-0.08840561,0.1062812,-0.24468680913085938,4
2026-09-02,ULTRACEMCO,64,-1,-0.06920141809610304,0.09783006459474564,-0.07952452,0.1062812,-0.23580571705932618,4
2026-09-02,ULTRACEMCO,67,-1,-0.05813733443000385,0.09529700130224228,-0.6626606,0.10628119999999998,-0.8189417987548828,4
2026-09-02,UNIONBANK,45,-1,-0.04188210279553755,0.22834710776805878,0.016230345,0.10628119999999998,-0.14005085522766111,4
2026-09-02,UNIONBANK,49,-1,-0.04261848208646648,0.16848668456077576,-0.027048588,0.10628119999999998,-0.18332978779907222,4
2026-09-02,UNIONBANK,51,-1,-0.061829468041678236,0.16332148015499115,-0.0,0.1062812,-0.1562812,4
2026-09-02,UNIONBANK,55,-1,-0.05058444360501601,0.16460488736629486,-0.11359453,0.10628119999999998,-0.2698757320129394,4
2026-09-02,UNIONBANK,62,-1,-0.05329102260810895,0.1373939961194992,-0.24852753,0.10628120000000002,-0.40480872685546876,4
2026-09-02,UNIONBANK,64,-1,-0.07458703000287438,0.1705993115901947,0.048422813,0.1062812,-0.10785838658447267,4
2026-09-02,UNIONBANK,67,-1,-0.060377241749527515,0.1563403159379959,-0.46236515,0.10628120000000002,-0.6186463504516602,4
2026-09-02,UNITDSPR,19,-1,-0.04366448846525643,0.18168821930885315,0.16545057,0.10628119999999998,0.009169372967529316,4
2026-09-02,UNITDSPR,21,-1,-0.04396925926045439,0.17944900691509247,-0.30368567,0.1062812,-0.45996686513061524,4
2026-09-02,UNITDSPR,23,-1,-0.06506878263153759,0.16470493376255035,-0.49033165,0.10628119999999998,-0.6466128497802734,4
2026-09-02,UNITDSPR,49,-1,-0.04348191102293086,0.17982938885688782,0.034207106,0.10628119999999998,-0.1220740943634033,4
2026-09-02,UNITDSPR,51,-1,-0.061829468041678236,0.19580771028995514,0.1640141,0.1062812,0.007732901028442374,4
2026-09-02,UNITDSPR,55,-1,-0.05058444360501601,0.19801883399486542,-0.0821352,0.10628119999999998,-0.23841640050048823,4
2026-09-02,UNITDSPR,62,-1,-0.05329102260810895,0.15092618763446808,0.14359951,0.1062812,-0.012681689807128915,4
2026-09-02,UNITDSPR,64,-1,-0.06291476893300592,0.15283823013305664,-0.19141436,0.1062812,-0.34769555623168946,4
2026-09-02,UNITDSPR,67,-1,-0.047067268152599984,0.12712259590625763,-0.6300092,0.1062812,-0.7862903743469238,4
2026-09-02,UNOMINDA,62,-1,-0.05814487421088991,0.192863330245018,-0.19459724,0.1062812,-0.3508784442626953,4
2026-09-02,UNOMINDA,64,-1,-0.06754896714257487,0.1898282915353775,-0.46994686,0.1062812,-0.6262280612670899,4
2026-09-02,UNOMINDA,67,-1,-0.057678912075740406,0.1602482795715332,-0.105297565,0.10628119999999998,-0.26157876546020503,4
2026-09-02,UPL,19,-1,-0.054146460683668636,0.21717658638954163,0.43328404,0.1062812,0.27700284426574706,4
2026-09-02,UPL,21,-1,-0.05170141286749895,0.20191167294979095,0.25697947,0.1062812,0.10069826548461912,4
2026-09-02,UPL,23,-1,-0.06111149246567927,0.19400963187217712,-0.05325079,0.10628119999999998,-0.20953198964233394,4
2026-09-02,UPL,51,-1,-0.0540696229015862,0.1597357541322708,-0.07042885,0.10628119999999998,-0.22671004826660152,4
2026-09-02,UPL,55,-1,-0.045849373548161196,0.14341020584106445,-0.2994299,0.1062812,-0.45571109349365235,4
2026-09-02,UPL,62,-1,-0.052895881947662315,0.18438935279846191,-0.562191,0.1062812,-0.7184722095214844,4
2026-09-02,UPL,64,-1,-0.07458703000287438,0.17345362901687622,-1.5166163,0.1062812,-1.6728975444519043,4
2026-09-02,UPL,67,-1,-0.06033843360517196,0.19949063658714294,-1.2869954,0.1062812,-1.4432766109191895,4
2026-09-02,VBL,51,-1,-0.05606699852608154,0.1737314760684967,-0.03629923,0.10628119999999998,-0.19258042866821284,4
2026-09-02,VBL,55,-1,-0.04534485470048897,0.1969737857580185,-0.5924344,0.1062812,-0.7487156062805176,4
2026-09-02,VBL,64,-1,-0.061746482050671625,0.25021904706954956,0.12033582,0.1062812,-0.035945382662963876,4
2026-09-02,VEDL,19,-1,-0.0427219955314716,0.2423088252544403,0.62660575,0.10628119999999998,0.47032454913024907,4
2026-09-02,VEDL,49,-1,-0.041661597756862,0.1737966537475586,-0.27871132,0.1062812,-0.43499251896972657,4
2026-09-02,VEDL,51,-1,-0.061829468041678236,0.16143642365932465,0.35197735,0.1062812,0.1956961483276367,4
2026-09-02,VEDL,55,-1,-0.05121224792068107,0.1826425939798355,0.3335774,0.10628119999999998,0.17729619448547368,4
2026-09-02,VEDL,62,-1,-0.05195033950636699,0.1912573277950287,0.0371933,0.1062812,-0.11908790166015626,4
2026-09-02,VEDL,64,-1,-0.06693690562001313,0.1882166713476181,-0.037121773,0.1062812,-0.1934029727661133,4
2026-09-02,VEDL,67,-1,-0.050770794114259055,0.19258517026901245,-0.7255912,0.1062812,-0.8818723827087402,4
2026-09-02,VOLTAS,4,1,0.07341162209660408,0.7419398427009583,-0.4425466,0.1062812,-0.5988278060638428,4
2026-09-02,VOLTAS,45,-1,-0.042784498948189705,0.19606664776802063,-0.1899004,0.1062812,-0.34618159825439454,4
2026-09-02,VOLTAS,49,-1,-0.048053750476115965,0.2033787965774536,0.31927228,0.1062812,0.16299107973937987,4
2026-09-02,VOLTAS,51,-1,-0.06893034825832306,0.19726617634296417,-0.06905794,0.10628119999999998,-0.22533914143676753,4
2026-09-02,VOLTAS,55,-1,-0.05684658235635914,0.20166732370853424,-0.25036335,0.10628119999999998,-0.40664454991455073,4
2026-09-02,VOLTAS,62,-1,-0.05895028216054148,0.22390496730804443,0.61143637,0.1062812,0.45515516703491216,4
2026-09-02,VOLTAS,64,-1,-0.06893314677244267,0.23106802999973297,0.92020035,0.1062812,0.7639191479003906,4
2026-09-02,VOLTAS,67,-1,-0.057465089967108994,0.22675767540931702,0.61249137,0.1062812,0.45621016924743657,4
2026-09-02,WIPRO,23,-1,-0.060135293044402065,0.21590298414230347,0.056266785,0.10628119999999998,-0.10001441533203123,4
2026-09-02,WIPRO,49,-1,-0.042036304216593476,0.14122045040130615,0.3481567,0.1062812,0.19187549059753417,4
2026-09-02,WIPRO,51,-1,-0.05758102320718861,0.14173287153244019,0.21353364,0.10628119999999998,0.05725243990783693,4
2026-09-02,WIPRO,55,-1,-0.045249492131698446,0.1549978405237198,-0.016903877,0.1062812,-0.1731850772583008,4
2026-09-02,WIPRO,62,-1,-0.04933515490719424,0.12756408751010895,0.29290915,0.1062812,0.1366279453552246,4
2026-09-02,WIPRO,64,-1,-0.05995080580053898,0.12273592501878738,0.06760359,0.1062812,-0.08867761189575196,4
2026-09-02,WIPRO,67,-1,-0.05642981452571285,0.09577423334121704,0.2366066,0.1062812,0.0803253979003906,4
2026-09-02,YESBANK,19,-1,-0.04933881653838745,0.17906014621257782,0.27359724,0.1062812,0.11731604044799802,4
2026-09-02,YESBANK,20,-1,-0.04317631469174584,0.1759648472070694,0.18248558,0.1062812,0.02620438044433593,4
2026-09-02,YESBANK,21,-1,-0.05148047592781026,0.17636650800704956,-0.04570484,0.10628119999999998,-0.20198604161376948,4
2026-09-02,YESBANK,23,-1,-0.06580926426821865,0.1696784794330597,0.22841096,0.1062812,0.0721297592437744,4
2026-09-02,YESBANK,45,-1,-0.04110022571907752,0.1785711795091629,0.1818955,0.1062812,0.02561429446105956,4
2026-09-02,YESBANK,51,-1,-0.05236650474826783,0.12365862727165222,-0.22778511,0.10628119999999998,-0.38406631047363277,4
2026-09-02,YESBANK,55,-1,-0.05121224792068107,0.11059011518955231,-0.0910759,0.1062812,-0.24735709721679688,4
2026-09-02,YESBANK,62,-1,-0.0487803735622933,0.11698780953884125,-0.36363602,0.10628119999999998,-0.5199172168457031,4
2026-09-02,YESBANK,64,-1,-0.07096806616068123,0.12644951045513153,-0.36298037,0.10628119999999998,-0.5192615657531738,4
2026-09-02,YESBANK,67,-1,-0.06353689724730592,0.1389787644147873,-0.18091202,0.1062812,-0.33719321782226563,4
2026-09-02,ZYDUSLIFE,21,-1,-0.047455562346369405,0.19370129704475403,0.36388636,0.10628119999999998,0.2076051563537598,4
2026-09-02,ZYDUSLIFE,23,-1,-0.06339584312143634,0.1825931966304779,-0.20797253,0.1062812,-0.364253726550293,4
2026-09-02,ZYDUSLIFE,51,-1,-0.046868596116336265,0.12566858530044556,0.5692065,0.1062812,0.41292527621154784,4
2026-09-02,ZYDUSLIFE,62,-1,-0.04871714729557444,0.15046097338199615,0.32935143,0.1062812,0.17307022517089843,4
2026-09-02,ZYDUSLIFE,64,-1,-0.06688058944196913,0.16051439940929413,0.24200678,0.1062812,0.08572557871704099,4
2026-09-02,ZYDUSLIFE,67,-1,-0.04697361930247908,0.15776850283145905,0.060617924,0.1062812,-0.09566327626342774,4
2026-09-03,360ONE,14,1,0.04088808630232196,0.2818918824195862,-1.183933,0.10628119999999998,-1.3402142196380615,4
2026-09-03,360ONE,17,1,0.043936587003739806,0.26576125621795654,-0.34530163,0.1062812,-0.501582828112793,4
2026-09-03,360ONE,20,1,0.049106292297656964,0.26112034916877747,0.38893223,0.1062812,0.2326510280883789,4
2026-09-03,360ONE,21,1,0.050459148292551985,0.27348482608795166,0.87726116,0.1062812,0.7209799618041992,4
2026-09-03,360ONE,22,1,0.054623709677756774,0.27737414836883545,0.9474158,0.10628119999999998,0.791134628704834,4
2026-09-03,ADANIENSOL,14,1,0.044183548123264464,0.35168442130088806,0.17300844,0.10628119999999998,0.016727241925048847,4
2026-09-03,ADANIGREEN,22,1,0.045467932361566814,0.29333046078681946,0.39516687,0.1062812,0.23888567393188476,4
2026-09-03,ADANIPORTS,3,1,0.041339212794478115,0.9597309231758118,-0.4284978,0.1062812,-0.5847789912902832,4
2026-09-03,ADANIPOWER,22,1,0.04840387458544006,0.29051440954208374,0.04297495,0.10628119999999998,-0.11330625111694334,4
2026-09-03,AIAENG,22,1,0.057335082712050164,0.27880173921585083,0.897491,0.1062812,0.7412097782409668,4
2026-09-03,AIAENG,42,1,0.04376081465265774,0.4452492296695709,0.81624985,0.10628119999999998,0.6599686474121094,4
2026-09-03,AIAENG,64,1,0.05044798414360178,0.4155609607696533,-0.37628412,0.1062812,-0.532565322467041,4
2026-09-03,AIAENG,65,1,0.07462350305096768,0.42055997252464294,-0.33806562,0.1062812,-0.49434682423706056,4
2026-09-03,AIAENG,66,1,0.06893625264258725,0.4360465109348297,-1.0902166,0.1062812,-1.2464978366577149,4
2026-09-03,AIAENG,67,1,0.05715251596471721,0.4248195290565491,-0.76518655,0.1062812,-0.9214677482330322,4
2026-09-03,APARINDS,3,1,0.04222988673905259,0.9836824536323547,0.53828955,0.10628119999999998,0.3820083469665528,4
2026-09-03,APLAPOLLO,3,1,0.05927995501168293,0.8177284598350525,-0.1656115,0.1062812,-0.32189270550842286,4
2026-09-03,APLAPOLLO,6,1,0.04911518172599488,0.6031304597854614,0.027632713,0.10628119999999998,-0.1286484866821289,4
2026-09-03,APLAPOLLO,13,1,0.04237926340389226,0.5000808835029602,-0.16109943,0.10628119999999998,-0.31738063389892573,4
2026-09-03,APLAPOLLO,14,1,0.05561455094278028,0.4141058623790741,-0.15220046,0.1062812,-0.30848166043395997,4
2026-09-03,APLAPOLLO,18,1,0.04211216022335782,0.35677772760391235,-0.28182268,0.1062812,-0.43810388142700196,4
2026-09-03,APLAPOLLO,22,1,0.06744839969268435,0.33683133125305176,-0.47619343,0.1062812,-0.6324746280395508,4
2026-09-03,APLAPOLLO,64,1,0.04394466762122227,0.34777405858039856,0.17672777,0.1062812,0.020446571759033194,4
2026-09-03,APLAPOLLO,65,1,0.07511462582265105,0.3328656852245331,0.25131702,0.10628119999999998,0.09503582423095706,4
2026-09-03,APLAPOLLO,66,1,0.07605844653640963,0.34409934282302856,0.42893887,0.1062812,0.2726576656616211,4
2026-09-03,APLAPOLLO,67,1,0.050150213897053764,0.35465681552886963,0.8076072,0.10628120000000002,0.6513259739196777,4
2026-09-03,AUROPHARMA,22,1,0.04514967808193624,0.3011379837989807,0.030171871,0.1062812,-0.12610932881469727,4
2026-09-03,AUROPHARMA,66,1,0.043501007513123295,0.31925418972969055,0.13506413,0.1062812,-0.021217074938964853,4
2026-09-03,AUROPHARMA,67,1,0.048560403153689896,0.35243746638298035,0.36165714,0.1062812,0.20537594263916015,4
2026-09-03,BHARATFORG,34,1,0.048294050129501526,0.4252639412879944,0.060415268,0.1062812,-0.09586593205566407,4
2026-09-03,BHARATFORG,36,1,0.04940780682827594,0.3765074610710144,0.08558035,0.1062812,-0.07070085103149415,4
2026-09-03,BHARATFORG,37,1,0.04783827204142972,0.37230098247528076,0.30242205,0.1062812,0.14614084666137694,4
2026-09-03,BHARATFORG,39,1,0.048812874857895996,0.36525726318359375,0.62452555,0.1062812,0.46824434702758794,4
2026-09-03,BSE,22,1,0.05862892053034666,0.40429121255874634,1.031816,0.1062812,0.8755348057067871,4
2026-09-03,COALINDIA,22,1,0.04284613876645792,0.31419408321380615,-0.76886415,0.1062812,-0.9251453548156738,4
2026-09-03,COFORGE,3,1,0.05872089693727318,1.022729754447937,0.51653385,0.1062812,0.36025265162353515,4
2026-09-03,COFORGE,6,1,0.05334856629998834,0.6796060800552368,0.49586296,0.1062812,0.3395817608154297,4
2026-09-03,DALBHARAT,13,1,0.041281085298249476,0.3432944416999817,0.34531355,0.1062812,0.18903234904174804,4
2026-09-03,DIXON,64,1,0.04438313486897085,0.38897478580474854,-0.48242807,0.10628119999999998,-0.6387092738830566,4
2026-09-03,DIXON,65,1,0.07234032343060033,0.39257320761680603,-0.17282963,0.1062812,-0.32911082799072267,4
2026-09-03,DIXON,66,1,0.061187580156215615,0.3890627920627594,-0.2142191,0.10628119999999998,-0.37050029332275386,4
2026-09-03,DIXON,67,1,0.05153767904573369,0.35408106446266174,-0.1106441,0.10628119999999998,-0.26692530209655757,4
2026-09-03,DLF,22,1,0.048061601352551823,0.28984010219573975,0.5081415,0.1062812,0.35186031763916015,4
2026-09-03,ENDURANCE,3,1,0.04586518700839014,0.8843660950660706,0.6513834,0.1062812,0.49510219996337895,4
2026-09-03,FEDERALBNK,3,1,0.05022024014863716,0.834287703037262,-0.44412017,0.10628120000000002,-0.6004013686859131,4
2026-09-03,FEDERALBNK,14,1,0.04412066353511312,0.41319671273231506,-0.086539984,0.10628119999999998,-0.2428211837493896,4
2026-09-03,FLUOROCHEM,16,1,0.0456936082153739,0.4290336072444916,0.4831314,0.1062812,0.32685020869140624,4
2026-09-03,FLUOROCHEM,22,1,0.05648972261231801,0.42799684405326843,-0.40701628,0.1062812,-0.5632974773132324,4
2026-09-03,FORTIS,34,1,0.04089945611920482,0.2721009850502014,0.19767284,0.1062812,0.04139164393310546,4
2026-09-03,GLAXO,22,1,0.04400070470640983,0.303591787815094,0.81443787,0.1062812,0.6581566662109375,4
2026-09-03,GLAXO,33,1,0.04349749893240506,0.3887418806552887,-0.30315518,0.1062812,-0.45943638379211427,4
2026-09-03,GLAXO,34,1,0.055077427774534615,0.39193660020828247,-0.26302934,0.10628119999999998,-0.41931053692932124,4
2026-09-03,GODREJCP,20,1,0.04464595281863161,0.33475130796432495,0.17784834,0.10628119999999998,0.021567139080810566,4
2026-09-03,GODREJCP,22,1,0.04196111449814616,0.32926759123802185,0.0,0.10628119999999998,-0.15628119999999998,4
2026-09-03,GODREJPROP,16,1,0.042565484380534487,0.6392085552215576,0.13436079,0.1062812,-0.021920409747314462,4
2026-09-03,GODREJPROP,22,1,0.05444032467920079,0.5217196941375732,0.72739124,0.1062812,0.571110042980957,4
2026-09-03,GRASIM,14,1,0.04193480174065762,0.33060377836227417,-0.2728939,0.10628119999999998,-0.4291751056396484,4
2026-09-03,HCLTECH,3,1,0.054886650588613854,0.9244483113288879,0.038039684,0.1062812,-0.11824151570434571,4
2026-09-03,HDFCAMC,22,1,0.05906689095588732,0.28379353880882263,0.44248104,0.10628119999999998,0.2861998409545899,4
2026-09-03,HUDCO,34,1,0.04216593089942502,0.33764052391052246,-0.22063255,0.1062812,-0.37691375310058595,4
2026-09-03,IDFCFIRSTB,64,1,0.04355117583456402,0.3167184293270111,-0.3986776,0.1062812,-0.5549587875091553,4
2026-09-03,IDFCFIRSTB,65,1,0.059295974767208805,0.26795902848243713,-0.3078282,0.1062812,-0.4641093879425049,4
2026-09-03,INDIANB,22,1,0.045889195775107576,0.3777857720851898,-0.22876263,0.1062812,-0.3850438266479492,4
2026-09-03,IPCALAB,3,1,0.057911682734899744,0.8817005157470703,-0.21671653,0.10628119999999998,-0.3729977279388427,4
2026-09-03,IPCALAB,6,1,0.04928246314002457,0.7272065281867981,-0.4033506,0.1062812,-0.5596317916595459,4
2026-09-03,IPCALAB,13,1,0.04760182861287121,0.5355298519134521,-0.19210577,0.1062812,-0.348386970111084,4
2026-09-03,IPCALAB,14,1,0.04668251962052273,0.4532797336578369,0.15081167,0.1062812,-0.00546952778930665,4
2026-09-03,IPCALAB,16,1,0.043498282098038826,0.37043681740760803,-0.99066496,0.1062812,-1.1469461589538574,4
2026-09-03,IPCALAB,22,1,0.04660270647337551,0.3220555782318115,0.43754578,0.1062812,0.2812645763671875,4
2026-09-03,IPCALAB,34,1,0.043507080175707064,0.38486066460609436,0.67869425,0.10628119999999998,0.5224130481994629,4
2026-09-03,KALYANKJIL,3,1,0.046601134883391473,0.8024479746818542,2.1564364,0.1062812,2.0001552433288574,4
2026-09-03,KALYANKJIL,20,1,0.04406097095802777,0.37801116704940796,-0.10162592,0.1062812,-0.257907119342041,4
2026-09-03,KALYANKJIL,22,1,0.05867255821616162,0.37444132566452026,0.050973892,0.1062812,-0.10530730778808595,4
2026-09-03,KEI,66,1,0.04776396135559857,0.25893110036849976,0.6417513,0.1062812,0.48547008936767583,4
2026-09-03,KPITTECH,13,1,0.05153465089538938,0.40054598450660706,0.0344038,0.10628119999999998,-0.12187739903564451,4
2026-09-03,KPITTECH,14,1,0.05038844469831017,0.32339268922805786,-0.077313185,0.10628119999999998,-0.23359438473815913,4
2026-09-03,KPRMILL,22,1,0.05835544930537297,0.3664394021034241,-0.13522506,0.1062812,-0.2915062576019287,4
2026-09-03,KPRMILL,46,1,0.053251623194973535,0.3294541835784912,0.17211437,0.10628119999999998,0.015833172253417988,4
2026-09-03,LINDEINDIA,20,1,0.041450319090960794,0.2791591286659241,1.2349606,0.10628119999999998,1.0786793560302734,4
2026-09-03,LINDEINDIA,22,1,0.04220068098365455,0.31687456369400024,0.3140211,0.1062812,0.15773991053466796,4
2026-09-03,LODHA,22,1,0.056232433256496205,0.47828957438468933,0.9063482,0.1062812,0.7500670284545898,4
2026-09-03,LTF,22,1,0.047255572813408725,0.2609052360057831,0.8490801,0.10628119999999998,0.6927988857543945,4
2026-09-03,MAHABANK,3,1,0.0412101748066449,1.111895203590393,1.0001183,0.10628119999999998,0.8438370556152344,4
2026-09-03,MAHABANK,22,1,0.05329534765518763,0.4366266131401062,0.58932304,0.10628119999999998,0.43304184382324223,4
2026-09-03,MAZDOCK,22,1,0.04310244295753889,0.2777138352394104,0.52793026,0.10628119999999998,0.3716490597045899,4
2026-09-03,MCX,3,1,0.04668141168740778,1.4155350923538208,-0.2175808,0.1062812,-0.37386199528808595,4
2026-09-03,MCX,6,1,0.058330432993486066,1.0799022912979126,-1.7136216,0.1062812,-1.8699028163635254,4
2026-09-03,MCX,7,1,0.041953155370289846,1.008324146270752,-1.6428709,0.10628120000000002,-1.7991521030151367,4
2026-09-03,MCX,13,1,0.04819679061448951,0.8493475317955017,-0.2163887,0.1062812,-0.37266990239257813,4
2026-09-03,MCX,14,1,0.049291067910705,0.7555412650108337,-0.46206713,0.1062812,-0.6183483272277832,4
2026-09-03,MCX,22,1,0.05748365101655007,0.5032548904418945,-0.059622526,0.1062812,-0.21590372616882325,4
2026-09-03,MEDANTA,3,1,0.04510948855092469,0.9405537247657776,0.02077818,0.1062812,-0.13550302083129884,4
2026-09-03,MEDANTA,13,1,0.05172653475166801,0.4951094090938568,0.035226345,0.10628119999999998,-0.12105485493774412,4
2026-09-03,MEDANTA,14,1,0.05442420609289453,0.37015125155448914,-0.7166922,0.1062812,-0.8729734092437744,4
2026-09-03,MEDANTA,22,1,0.043018947859385474,0.4451717138290405,0.3234148,0.1062812,0.16713360255126952,4
2026-09-03,MEDANTA,34,1,0.05359278708227343,0.39067527651786804,-0.056111813,0.1062812,-0.21239301259155274,4
2026-09-03,MEDANTA,38,1,0.042478898502183816,0.3267972469329834,-0.084376335,0.1062812,-0.24065753514404298,4
2026-09-03,MEDANTA,65,1,0.044856645645767426,0.2946770191192627,0.41679144,0.10628119999999998,0.26051023905639653,4
2026-09-03,MOTILALOFS,20,1,0.042179388134638715,0.29697003960609436,0.10894537,0.10628119999999998,-0.047335830279541,4
2026-09-03,MOTILALOFS,22,1,0.05573727731773913,0.30340829491615295,1.4583349,0.1062812,1.3020537227905273,4
2026-09-03,M_AND_MFIN,3,1,0.05370487202286014,0.7607691287994385,1.0316253,0.10628120000000002,0.8753440708435059,4
2026-09-03,M_AND_MFIN,22,1,0.06742079664783533,0.42445018887519836,-0.2683103,0.1062812,-0.4245915084564209,4
2026-09-03,NAM-INDIA,20,1,0.04568556680968241,0.36294540762901306,-0.38686395,0.1062812,-0.5431451469146729,4
2026-09-03,NAM-INDIA,22,1,0.06354247374501673,0.3783465623855591,-0.13851523,0.1062812,-0.2947964339935303,4
2026-09-03,NAUKRI,14,1,0.04538995808381075,0.27404576539993286,-0.06007552,0.10628119999999998,-0.21635672146911616,4
2026-09-03,NIACL,22,1,0.05188327328575716,0.6348022818565369,-0.79720616,0.1062812,-0.9534873634063721,4
2026-09-03,NIACL,64,1,0.05510659060728522,0.3512347340583801,0.49331188,0.10628119999999998,0.337030682019043,4
2026-09-03,NIACL,65,1,0.08751677903330231,0.3471791446208954,0.42660236,0.1062812,0.2703211635864258,4
2026-09-03,NIACL,66,1,0.07189897334403303,0.3602677285671234,0.51466227,0.10628119999999998,0.35838106577758794,4
2026-09-03,NIACL,67,1,0.05472366014591751,0.40259668231010437,0.9889245,0.1062812,0.832643303326416,4
2026-09-03,OBEROIRLTY,22,1,0.04582963618569246,0.4237358868122101,0.9811163,0.1062812,0.8248350948608398,4
2026-09-03,PAYTM,22,1,0.05091683005755191,0.3062552213668823,0.049495697,0.10628119999999998,-0.1067855029785156,4
2026-09-03,PERSISTENT,14,1,0.042286809313002646,0.35555556416511536,0.008893013,0.1062812,-0.14738818699951173,4
2026-09-03,PERSISTENT,20,1,0.04531516864320636,0.2646445035934448,0.16031265,0.10628119999999998,0.004031452587890644,4
2026-09-03,PERSISTENT,22,1,0.05064726612450858,0.26881036162376404,0.062274933,0.10628119999999998,-0.09400626713867186,4
2026-09-03,PFC,14,1,0.040972893580139315,0.3500397503376007,0.08651018,0.1062812,-0.06977101857299806,4
2026-09-03,PFC,22,1,0.053310508810443955,0.2863740622997284,0.04326105,0.1062812,-0.1130201488220215,4
2026-09-03,PRESTIGE,22,1,0.060307378630245496,0.4514118432998657,1.717937,0.10628119999999998,1.5616557926452637,4
2026-09-03,PRESTIGE,37,1,0.04182166322509184,0.34011515974998474,-0.1167953,0.10628119999999998,-0.2730765014373779,4
2026-09-03,SAIL,22,1,0.043199249856572294,0.2765595316886902,-0.265038,0.1062812,-0.42131921345825196,4
2026-09-03,SAIL,66,1,0.06050273919820432,0.33267030119895935,-1.2985051,0.1062812,-1.4547862678253174,4
2026-09-03,SAIL,67,1,0.04509704665314132,0.38121363520622253,-0.23801327,0.1062812,-0.39429446751708985,4
2026-09-03,SBICARD,22,1,0.05456377629996791,0.2656143307685852,-0.0075876713,0.1062812,-0.16386887127990724,4
2026-09-03,SHRIRAMFIN,3,1,0.0605539408938529,0.9894813895225525,0.5545974,0.1062812,0.3983161777770996,4
2026-09-03,SHRIRAMFIN,6,1,0.05007682103827741,0.6845483779907227,0.123906136,0.10628119999999998,-0.03237506444091795,4
2026-09-03,SHRIRAMFIN,14,1,0.04386082238211321,0.321485310792923,-0.5814493,0.10628119999999998,-0.7377304702484131,4
2026-09-03,SIEMENS,22,1,0.04623020967801183,0.3184809684753418,0.21141768,0.1062812,0.05513647501831054,4
2026-09-03,SJVN,22,1,0.05060544326297654,0.3156890571117401,0.01527071,0.1062812,-0.14101049000854493,4
2026-09-03,SOLARINDS,22,1,0.05687721308091294,0.40731173753738403,-0.5098522,0.10628119999999998,-0.6661333709442139,4
2026-09-03,SOLARINDS,46,1,0.045410397571010064,0.3307496905326843,0.44423342,0.1062812,0.2879522175109863,4
2026-09-03,SOLARINDS,47,1,0.04424063617378603,0.33941948413848877,0.5381346,0.1062812,0.3818533748901367,4
2026-09-03,SOLARINDS,64,1,0.0471463149752203,0.31475868821144104,-0.046628714,0.10628120000000002,-0.2029099136077881,4
2026-09-03,SOLARINDS,65,1,0.06421752550712218,0.2999100387096405,-0.023323298,0.10628119999999998,-0.1796044975006103,4
2026-09-03,SOLARINDS,66,1,0.051861495988248386,0.3099070191383362,0.0,0.1062812,-0.1562812,4
2026-09-03,SUPREMEIND,22,1,0.05728752943823766,0.30848777294158936,0.385046,0.1062812,0.22876480524902343,4
2026-09-03,TATACOMM,14,1,0.04588794206037949,0.48156940937042236,-0.11840463,0.10628119999999998,-0.27468582684631343,4
2026-09-03,TATACOMM,20,1,0.04126259593982035,0.32238325476646423,0.3440261,0.1062812,0.1877448887145996,4
2026-09-03,TECHM,3,1,0.041163170605726926,0.7180835604667664,0.30038357,0.1062812,0.14410236781005858,4
2026-09-03,THERMAX,22,1,0.04200883354275162,0.26607412099838257,-0.35489202,0.1062812,-0.5111732154571533,4
2026-09-03,TORNTPHARM,13,1,0.04556846162229239,0.2901536226272583,0.15232563,0.10628119999999998,-0.0039555698120117,4
2026-09-03,TORNTPOWER,3,1,0.044919576468432344,1.9270026683807373,0.08326769,0.10628119999999998,-0.07301351124877928,4
2026-09-03,TORNTPOWER,13,1,0.051313322073619445,1.060715913772583,0.74466467,0.10628119999999998,0.5883834690368652,4
2026-09-03,TORNTPOWER,14,1,0.05229344654297978,0.8649862408638,0.47539473,0.1062812,0.31911352579956054,4
2026-09-03,TORNTPOWER,22,1,0.0540954123682947,0.4517669677734375,0.43628216,0.1062812,0.2800009578979492,4
2026-09-03,TORNTPOWER,34,1,0.04123560837901198,0.47655192017555237,-0.41758418,0.1062812,-0.5738653808319092,4
2026-09-03,TORNTPOWER,37,1,0.04672393923692271,0.49253514409065247,-0.23645759,0.1062812,-0.39273878628845216,4
2026-09-03,TORNTPOWER,38,1,0.04168234999719689,0.47102898359298706,-0.3966093,0.1062812,-0.5528905063354492,4
2026-09-03,UBL,22,1,0.060088964382788886,0.4191386103630066,-0.16086698,0.1062812,-0.31714817578430177,4
2026-09-03,UNITDSPR,3,1,0.041285824089855,0.5448647141456604,1.2279272,0.1062812,1.0716460079467773,4
2026-09-03,ZYDUSLIFE,13,1,0.048906318292962436,0.3453902006149292,0.3073454,0.10628119999999998,0.15106419031982427,4
2026-09-03,ZYDUSLIFE,14,1,0.04156128361471448,0.29232490062713623,-0.008767843,0.1062812,-0.16504904324645997,4
