day,symbol,bar,side,pred,atr,actual,fee_pct,net_fwd_pct,fold
2026-08-07,360ONE,5,1,0.07756412228854388,0.4883277714252472,-0.5839586,0.1062812,-0.740239825793457,1
2026-08-07,360ONE,17,1,0.0737842994106976,0.4876517355442047,-0.1707673,0.10628119999999998,-0.3270485072814941,1
2026-08-07,360ONE,21,1,0.08229337617093116,0.3811340928077698,0.5835295,0.10628119999999998,0.42724827235107427,1
2026-08-07,ABB,5,1,0.07902507202699072,0.3681546151638031,0.124931335,0.10628119999999998,-0.03134986455078123,1
2026-08-07,ABBOTINDIA,5,1,0.07616914772738435,0.2960703372955322,-0.43049455,0.10628119999999998,-0.5867757468902588,1
2026-08-07,ABCAPITAL,5,1,0.09252463456208433,0.9194148182868958,0.2789259,0.1062812,0.12264469569091795,1
2026-08-07,ABCAPITAL,14,1,0.07673096140015896,0.38500139117240906,-0.4722178,0.10628119999999998,-0.6284989982330322,1
2026-08-07,ABCAPITAL,15,1,0.07767400124496875,0.35848522186279297,-0.43662786,0.1062812,-0.5929090648376465,1
2026-08-07,ABCAPITAL,17,1,0.08493415174397978,0.33176249265670776,-0.37598014,0.1062812,-0.5322613387786865,1
2026-08-07,ABCAPITAL,21,1,0.08976917817317297,0.31282585859298706,0.0,0.1062812,-0.1562812,1
2026-08-07,ABCAPITAL,22,1,0.07799801716671806,0.3062836229801178,-0.03654957,0.10628119999999998,-0.19283076817626948,1
2026-08-07,ACC,5,1,0.07720435108449432,0.28391149640083313,-0.22660494,0.1062812,-0.3828861385070801,1
2026-08-07,ADANIENSOL,5,1,0.07471920267717197,0.37583795189857483,0.37686825,0.1062812,0.22058704798583983,1
2026-08-07,ADANIENSOL,21,1,0.07065163588979374,0.3315630555152893,0.6930828,0.1062812,0.5368016094482422,1
2026-08-07,ADANIENT,5,1,0.07641747589425509,0.289913147687912,-0.24471283,0.10628119999999998,-0.4009940295898437,1
2026-08-07,ADANIGREEN,5,1,0.07050551834795628,0.3561103641986847,0.51043034,0.1062812,0.35414913599853515,1
2026-08-07,ADANIPORTS,5,1,0.07708667347144116,0.32447823882102966,-0.33730268,0.1062812,-0.49358388478393556,1
2026-08-07,AIAENG,5,1,0.075584233971848,0.5685915350914001,-0.107997656,0.1062812,-0.2642788558685303,1
2026-08-07,AIAENG,65,1,0.07279240584069056,0.29718127846717834,-0.39138198,0.1062812,-0.5476631789886475,1
2026-08-07,AIAENG,66,1,0.08177580281992104,0.291280597448349,-0.25148988,0.10628119999999998,-0.4077710777008056,1
2026-08-07,AIAENG,67,1,0.0752974412713323,0.2984778583049774,0.010466576,0.10628119999999998,-0.1458146243774414,1
2026-08-07,AJANTPHARM,5,1,0.07049286232479186,0.259831041097641,-0.08957982,0.1062812,-0.24586102063293458,1
2026-08-07,ALKEM,5,1,0.07618474951694391,0.5497788786888123,0.34930706,0.1062812,0.1930258602416992,1
2026-08-07,ALKEM,17,1,0.07092448914910295,0.24742399156093597,-0.3472507,0.1062812,-0.5035318999969483,1
2026-08-07,ALKEM,21,1,0.07849027243807734,0.2709096372127533,-0.10689497,0.1062812,-0.26317616994018556,1
2026-08-07,AMBUJACEM,5,1,0.07519041522929801,0.4058936536312103,-0.046169758,0.1062812,-0.2024509578430176,1
2026-08-07,APARINDS,5,1,0.07043984372073848,0.7173410058021545,0.98159313,0.10628119999999998,0.825311932019043,1
2026-08-07,APLAPOLLO,5,1,0.07035758892382739,0.5206732749938965,0.42494535,0.10628119999999998,0.26866415446166997,1
2026-08-07,APOLLOHOSP,5,1,0.07025625242112453,0.275658518075943,-0.4176438,0.1062812,-0.5739249854766846,1
2026-08-07,APOLLOTYRE,5,1,0.09019795441866721,0.9868552088737488,-0.1818955,0.1062812,-0.3381766944610596,1
2026-08-07,APOLLOTYRE,6,1,0.07069955945587399,0.8739733099937439,0.17062426,0.1062812,0.014343056134033194,1
2026-08-07,ASHOKLEY,5,1,0.0805639613568788,0.36843982338905334,-0.056689978,0.1062812,-0.21297117764587403,1
2026-08-07,ASHOKLEY,21,1,0.0737409324635395,0.2739774286746979,0.14754534,0.10628119999999998,-0.008735862322998028,1
2026-08-07,ASIANPAINT,5,1,0.07616236916294047,0.3795448839664459,-0.37824512,0.1062812,-0.5345263152801514,1
2026-08-07,ASTRAL,5,1,0.07663713850814736,0.2976210117340088,-0.40132403,0.1062812,-0.5576052337371826,1
2026-08-07,ATGL,5,1,0.07782468036538494,0.3614119589328766,0.1062274,0.10628120000000002,-0.05005380208129885,1
2026-08-07,AUBANK,5,1,0.07597865731383745,0.3471578359603882,-0.32266974,0.10628119999999998,-0.4789509444915771,1
2026-08-07,AUROPHARMA,5,1,0.07461884295379646,0.4595544934272766,0.08112192,0.1062812,-0.07515927846069337,1
2026-08-07,AUROPHARMA,21,1,0.07186247929113665,0.38137492537498474,0.49209595,0.10628119999999998,0.33581474726562505,1
2026-08-07,AUROPHARMA,61,1,0.07204617854588173,0.30611127614974976,0.13301373,0.1062812,-0.02326747471923829,1
2026-08-07,AUROPHARMA,62,1,0.08385602726775669,0.3246569037437439,0.1205802,0.1062812,-0.035701003619384775,1
2026-08-07,AUROPHARMA,63,1,0.0705621704894925,0.3129056692123413,0.19931793,0.1062812,0.04303673212890624,1
2026-08-07,AUROPHARMA,64,1,0.08237805593172241,0.3177773654460907,0.1026392,0.1062812,-0.05364200169677735,1
2026-08-07,AUROPHARMA,65,1,0.1154706212409174,0.33436933159828186,0.40574074,0.10628119999999998,0.2494595379150391,1
2026-08-07,AUROPHARMA,66,1,0.10397305513639199,0.2865448296070099,0.3389001,0.1062812,0.182618889263916,1
2026-08-07,AUROPHARMA,67,1,0.1059871604368938,0.296794056892395,-0.01809597,0.10628119999999998,-0.17437717015380857,1
2026-08-07,AWL,5,1,0.07250741169698093,0.49194014072418213,0.28567314,0.10628119999999998,0.12939194147949223,1
2026-08-07,BAJAJ-AUTO,5,1,0.07597865731383745,0.33789563179016113,-0.2310276,0.1062812,-0.38730880314941407,1
2026-08-07,BAJAJFINSV,58,-1,-0.0727922199573961,0.1926257312297821,-0.16510487,0.10628119999999998,-0.321386066027832,1
2026-08-07,BAJAJHLDNG,5,1,0.07472097207107452,0.36017757654190063,-0.035262108,0.10628119999999998,-0.19154330784912105,1
2026-08-07,BANKBARODA,67,1,0.10050476255363745,0.32982900738716125,0.19183159,0.1062812,0.03555038874511718,1
2026-08-07,BANKINDIA,5,1,0.07342300566345458,0.2959478497505188,-0.09119511,0.1062812,-0.24747630650634767,1
2026-08-07,BEL,5,1,0.07082557970459041,0.36728113889694214,-0.52291155,0.10628119999999998,-0.679192748614502,1
2026-08-07,BERGEPAINT,5,1,0.07367540524600268,0.47230929136276245,-0.98175406,0.1062812,-1.1380352645599365,1
2026-08-07,BHARATFORG,5,1,0.07835976086044985,0.46156802773475647,-0.34222603,0.10628119999999998,-0.49850722844238277,1
2026-08-07,BHARATFORG,21,1,0.08849041983263037,0.32334306836128235,-0.4908502,0.10628119999999998,-0.6471314101898193,1
2026-08-07,BHARATFORG,22,1,0.0752859762823054,0.314700722694397,-0.4548669,0.1062812,-0.611148086138916,1
2026-08-07,BHARATFORG,23,1,0.07207465383952992,0.30489420890808105,-0.57537556,0.1062812,-0.7316567569458008,1
2026-08-07,BHARATFORG,64,1,0.07706313684313532,0.30982789397239685,0.47408342,0.1062812,0.31780222361450194,1
2026-08-07,BHARATFORG,65,1,0.07990858479213699,0.3129766285419464,0.36735535,0.10628119999999998,0.21107414667968755,1
2026-08-07,BHARATFORG,66,1,0.10333479304584746,0.2867606580257416,0.26971102,0.10628119999999998,0.11342981760864261,1
2026-08-07,BHARTIARTL,5,1,0.07712103823384601,0.2856157124042511,-0.097459555,0.1062812,-0.2537407546722412,1
2026-08-07,BHEL,65,1,0.07717340179994898,0.26138800382614136,-0.6035924,0.10628119999999998,-0.7598735957824707,1
2026-08-07,BHEL,67,1,0.09707742484890391,0.2881525754928589,0.24740696,0.10628119999999998,0.09112575953369144,1
2026-08-07,BIOCON,5,1,0.07978109778282681,0.5803169012069702,-0.011605024,0.1062812,-0.16788622433776856,1
2026-08-07,BIOCON,7,1,0.07195531755069853,0.5345492362976074,0.3262639,0.10628119999999998,0.16998270457153325,1
2026-08-07,BIOCON,15,1,0.07057607768348416,0.3247133791446686,-0.011622906,0.10628120000000002,-0.16790410573120118,1
2026-08-07,BIOCON,17,1,0.07732094465528723,0.3056616485118866,-0.85856915,0.1062812,-1.0148503452026367,1
2026-08-07,BIOCON,21,1,0.07562647238563915,0.2584562301635742,-0.5119264,0.10628119999999998,-0.6682076125823975,1
2026-08-07,BLUESTARCO,17,1,0.08456847718363864,0.6401123404502869,-0.64901114,0.10628119999999998,-0.8052923351013184,1
2026-08-07,BLUESTARCO,21,1,0.09218848094645125,0.5012116432189941,-0.5744159,0.10628119999999998,-0.730697122164917,1
2026-08-07,BLUESTARCO,22,1,0.08780844048238456,0.5025497078895569,-1.2375534,0.1062812,-1.393834558078003,1
2026-08-07,BLUESTARCO,23,1,0.08241811952754856,0.4936982989311218,-0.7183373,0.1062812,-0.8746184974395752,1
2026-08-07,BPCL,5,1,0.07780026394790653,0.3368573784828186,-0.45087337,0.10628120000000002,-0.6071545749389649,1
2026-08-07,BPCL,7,1,0.07089921819871912,0.2817929685115814,-0.17110705,0.1062812,-0.3273882537567139,1
2026-08-07,BRITANNIA,5,1,0.09566311430473554,0.9068084359169006,-0.23923516,0.1062812,-0.39551636273498536,1
2026-08-07,BRITANNIA,6,1,0.08513005504815416,0.8372116684913635,-0.40729642,0.1062812,-0.5635776191436768,1
2026-08-07,BRITANNIA,7,1,0.07338247422018791,0.7690094709396362,-0.3542304,0.10628119999999998,-0.5105116039001465,1
2026-08-07,BRITANNIA,21,1,0.07687641995022149,0.3363601565361023,-0.3042221,0.1062812,-0.46050330693359376,1
2026-08-07,BSE,5,1,0.07815404906094697,0.9957820773124695,0.031614304,0.1062812,-0.12466689641113282,1
2026-08-07,BSE,17,1,0.07623922868548198,0.4257458448410034,-0.21648407,0.1062812,-0.37276526982421876,1
2026-08-07,BSE,21,1,0.07279539157407659,0.3939330279827118,-0.5905032,0.10628119999999998,-0.7467844157897949,1
2026-08-07,CANBK,17,1,0.07701420445778617,0.2708714008331299,0.10616779,0.10628119999999998,-0.0501134067260742,1
2026-08-07,CANBK,66,1,0.07128495075248154,0.30145779252052307,-0.09868145,0.1062812,-0.2549626498901367,1
2026-08-07,CANBK,67,1,0.09027235483004381,0.31452569365501404,0.3345728,0.1062812,0.17829159205322265,1
2026-08-07,CHOLAFIN,5,1,0.07950083908454371,0.545789361000061,-0.14126897,0.1062812,-0.29755016858215333,1
2026-08-07,CHOLAFIN,7,1,0.07072128598319471,0.4835329055786133,-0.39728284,0.10628119999999998,-0.5535640388214111,1
2026-08-07,CIPLA,5,1,0.08022314107372933,0.28033360838890076,-0.2314508,0.10628119999999998,-0.3877319961273193,1
2026-08-07,COLPAL,5,1,0.07620096376925067,0.3617459833621979,-0.3690958,0.1062812,-0.5253770023071289,1
2026-08-07,CONCOR,5,1,0.07607765294870689,0.4286048114299774,-0.20524263,0.10628119999999998,-0.36152383381958003,1
2026-08-07,COROMANDEL,5,1,0.07836973031005239,0.3205302059650421,0.23550987,0.1062812,0.07922867243652341,1
2026-08-07,CRISIL,5,1,0.07889254726265782,0.3901020586490631,0.022137165,0.1062812,-0.13414403493041993,1
2026-08-07,DABUR,5,1,0.07719672425432167,0.3374979496002197,-0.19408464,0.10628119999999998,-0.3503658443176269,1
2026-08-07,DALBHARAT,5,1,0.073019330479285,0.5155307054519653,0.27663708,0.10628119999999998,0.120355877331543,1
2026-08-07,DIVISLAB,5,1,0.07930644145746364,0.3472639322280884,-0.33023357,0.10628120000000002,-0.4865147739135742,1
2026-08-07,DLF,5,1,0.07782468036538494,0.5050520896911621,0.031077862,0.10628119999999998,-0.1252033382141113,1
2026-08-07,DLF,15,1,0.07116871820604304,0.2820288836956024,-0.093233585,0.10628119999999998,-0.24951478535766597,1
2026-08-07,DLF,17,1,0.07221777534363294,0.2563117742538452,0.062143803,0.1062812,-0.09413739735717774,1
2026-08-07,DLF,66,1,0.07952729841175767,0.270346462726593,-0.46439767,0.1062812,-0.620678868838501,1
2026-08-07,DRREDDY,5,1,0.07712103823384601,0.29077258706092834,-0.5044937,0.10628120000000002,-0.6607749133789063,1
2026-08-07,EICHERMOT,5,1,0.07717931336476098,0.4576587677001953,-0.056016445,0.10628119999999998,-0.21229764515991206,1
2026-08-07,ENDURANCE,5,1,0.08576585164125947,0.8222075700759888,-0.3727734,0.10628119999999998,-0.5290546088897705,1
2026-08-07,ESCORTS,5,1,0.07655724354204779,0.33878806233406067,-0.30750036,0.10628119999999998,-0.4637815623962402,1
2026-08-07,ETERNAL,5,1,0.077255648066069,0.47710084915161133,-0.27018785,0.1062812,-0.4264690547668457,1
2026-08-07,EXIDEIND,5,1,0.08867556175671405,0.7911677956581116,0.38541555,0.1062812,0.22913435404663085,1
2026-08-07,EXIDEIND,21,1,0.08351892587118884,0.33436304330825806,0.28800964,0.1062812,0.1317284435546875,1
2026-08-07,EXIDEIND,22,1,0.07442723721775217,0.34446457028388977,0.24620295,0.1062812,0.08992174570922849,1
2026-08-07,EXIDEIND,66,1,0.07352315965585318,0.2694184184074402,0.29640198,0.10628119999999998,0.14012077753906255,1
2026-08-07,EXIDEIND,67,1,0.0926425407392493,0.2815896272659302,0.15358925,0.1062812,-0.0026919513427734465,1
2026-08-07,FLUOROCHEM,5,1,0.08576585164125947,0.8810800313949585,-0.37861466,0.1062812,-0.5348958640777588,1
2026-08-07,FORTIS,5,1,0.089767896812921,0.8801450729370117,0.36286116,0.1062812,0.20657995646362304,1
2026-08-07,FORTIS,7,1,0.08376924478197122,0.8335998058319092,-0.021255016,0.1062812,-0.1775362163269043,1
2026-08-07,FORTIS,64,1,0.08335239257092925,0.43883711099624634,0.11476278,0.1062812,-0.0415184169494629,1
2026-08-07,FORTIS,65,1,0.10131325613497896,0.434128075838089,-0.041669607,0.10628119999999998,-0.19795080716247554,1
2026-08-07,FORTIS,66,1,0.10955213289534078,0.42027637362480164,-0.18203855,0.10628119999999998,-0.33831974560852046,1
2026-08-07,FORTIS,67,1,0.1083774875504441,0.42569035291671753,-0.758481,0.1062812,-0.9147622256958008,1
2026-08-07,GAIL,5,1,0.08085199633195189,0.39953991770744324,-0.25869608,0.1062812,-0.4149772792541504,1
2026-08-07,GLENMARK,5,1,0.07471920267717197,0.43798184394836426,-0.19301772,0.10628119999999998,-0.3492989211761474,1
2026-08-07,GODREJCP,5,1,0.07269112354608395,0.4294803738594055,-0.44329762,0.1062812,-0.5995788245880127,1
2026-08-07,GODREJIND,5,1,0.07959036066568213,0.5035298466682434,0.35482645,0.1062812,0.19854525034790038,1
2026-08-07,GODREJIND,17,1,0.07429947358437525,0.2605874240398407,-0.514549,0.1062812,-0.6708302169525147,1
2026-08-07,GODREJPROP,5,1,0.07519601708259431,0.5613858103752136,-0.5602777,0.10628119999999998,-0.7165589004241943,1
2026-08-07,GODREJPROP,17,1,0.07186844925693123,0.2601220905780792,-0.20973086,0.10628119999999998,-0.36601206357116695,1
2026-08-07,GRASIM,5,1,0.07849015058159332,0.3728969097137451,0.30648708,0.1062812,0.15020588343505858,1
2026-08-07,HAL,5,1,0.07984037719528399,0.5368452668190002,-0.0918448,0.1062812,-0.24812599713439942,1
2026-08-07,HAVELLS,5,1,0.077255648066069,0.3545845150947571,0.428617,0.10628119999999998,0.27233580057983403,1
2026-08-07,HCLTECH,5,1,0.07725974828878734,0.6444478631019592,-1.0960102,0.1062812,-1.2522914081298828,1
2026-08-07,HCLTECH,7,1,0.07134651899222977,0.5723092555999756,-0.82178116,0.1062812,-0.9780623584472656,1
2026-08-07,HDFCAMC,5,1,0.07798592959968559,0.32643622159957886,-0.32249093,0.1062812,-0.478772130557251,1
2026-08-07,HEROMOTOCO,5,1,0.08066072052964023,0.9906759858131409,-0.28823614,0.1062812,-0.444517341204834,1
2026-08-07,HINDALCO,5,1,0.07841926538374347,0.5199492573738098,-0.014555454,0.1062812,-0.1708366542541504,1
2026-08-07,HINDALCO,66,1,0.07401296915389342,0.3947201073169708,0.6737113,0.1062812,0.5174300998962402,1
2026-08-07,HINDALCO,67,1,0.0756045429382686,0.5145717263221741,1.8209696,0.1062812,1.664688381604004,1
2026-08-07,HINDPETRO,5,1,0.07619806910884983,0.28313231468200684,-0.11411905,0.1062812,-0.2704002528869629,1
2026-08-07,HINDZINC,5,1,0.07332882738190998,0.4607331156730652,-0.101453066,0.1062812,-0.2577342658721924,1
2026-08-07,HONAUT,5,1,0.07666166193416422,0.2581943869590759,-0.013113022,0.1062812,-0.16939422185058595,1
2026-08-07,HUDCO,5,1,0.07144650305028206,0.3035414516925812,-0.0495553,0.1062812,-0.20583650166625977,1
2026-08-07,ICICIGI,5,1,0.08124951773997435,0.2957122027873993,0.054824352,0.10628119999999998,-0.10145684773559568,1
2026-08-07,ICICIPRULI,5,1,0.07314028199501096,0.40787264704704285,-0.099009275,0.1062812,-0.2552904754364014,1
2026-08-07,IDEA,5,1,0.07269112354608395,0.35516777634620667,0.0,0.1062812,-0.1562812,1
2026-08-07,IDFCFIRSTB,5,1,0.0758979662397574,0.322631299495697,-0.12979507,0.1062812,-0.28607627446289063,1
2026-08-07,INDHOTEL,5,1,0.08077402646429738,0.32276421785354614,-0.3068924,0.1062812,-0.46317359501953126,1
2026-08-07,INDIANB,5,1,0.07050551834795628,0.4633321762084961,0.33313036,0.10628120000000002,0.1768491596496582,1
2026-08-07,INDIANB,65,1,0.07962099973955623,0.39793485403060913,-0.77831745,0.1062812,-0.9345986514770508,1
2026-08-07,INDIANB,66,1,0.104070787794258,0.4039633274078369,-0.6837785,0.10628119999999998,-0.8400597243988037,1
2026-08-07,INDIANB,67,1,0.1154082202229735,0.42614924907684326,0.16328096,0.10628119999999998,0.006999763897705097,1
2026-08-07,INDIGO,5,1,0.0703570576811737,0.5159620642662048,-0.3273487,0.10628120000000002,-0.4836299091064453,1
2026-08-07,INFY,5,1,0.0782344034372653,0.5433708429336548,-0.584352,0.1062812,-0.7406332164489746,1
2026-08-07,INFY,7,1,0.07065315211857641,0.46362993121147156,-0.7539213,0.10628119999999998,-0.9102024703704834,1
2026-08-07,IOC,5,1,0.07726896765797489,0.2788063883781433,-0.3358245,0.10628119999999998,-0.4921056895935058,1
2026-08-07,IPCALAB,5,1,0.07908729594547889,0.4244266450405121,0.5043745,0.1062812,0.34809330408935546,1
2026-08-07,IRCTC,5,1,0.0783064387324903,0.3900721073150635,-0.04835725,0.1062812,-0.20463844830627442,1
2026-08-07,JINDALSTEL,5,1,0.07306824493074641,0.33867818117141724,-0.40987134,0.10628120000000002,-0.5661525397979736,1
2026-08-07,JIOFIN,5,1,0.07800626645227104,0.37754932045936584,-0.4223466,0.1062812,-0.5786277919494629,1
2026-08-07,JKCEMENT,5,1,0.07472097207107452,0.34451860189437866,-0.2317369,0.1062812,-0.3880180984222412,1
2026-08-07,JSL,5,1,0.07756417426983743,0.32132264971733093,-0.29278994,0.1062812,-0.44907113606567384,1
2026-08-07,JSWENERGY,5,1,0.07471920267717197,0.3584060072898865,-0.2123177,0.10628119999999998,-0.3685989051544189,1
2026-08-07,JSWINFRA,5,1,0.07691769843134691,0.39463111758232117,-0.6303847,0.1062812,-0.7866658836090088,1
2026-08-07,JSWSTEEL,5,1,0.07917617364743333,0.3506889045238495,-0.24566054,0.10628119999999998,-0.4019417434417724,1
2026-08-07,JUBLFOOD,5,1,0.07597865731383745,0.4150480329990387,0.2204895,0.10628119999999998,0.06420830195312502,1
2026-08-07,JUBLFOOD,21,1,0.07562700486810782,0.3493952751159668,0.38597584,0.1062812,0.22969463770751952,1
2026-08-07,KALYANKJIL,5,1,0.07624176940800088,1.2330267429351807,-0.24203062,0.1062812,-0.3983118205749512,1
2026-08-07,KALYANKJIL,7,1,0.07259004100755535,1.1025866270065308,0.46970844,0.1062812,0.3134272426879883,1
2026-08-07,KALYANKJIL,67,1,0.08860297342373767,0.44753411412239075,-0.16466379,0.1062812,-0.32094499165649415,1
2026-08-07,KEI,5,1,0.07717931336476098,0.3977457880973816,0.4811883,0.1062812,0.3249070972717285,1
2026-08-07,KEI,21,1,0.07885706759543362,0.29155051708221436,0.24814606,0.10628119999999998,0.09186485712890628,1
2026-08-07,KPITTECH,5,1,0.07016184746070353,0.6562009453773499,-0.9077966,0.1062812,-1.0640778213226318,1
2026-08-07,KPRMILL,5,1,0.07597865731383745,0.5543797016143799,-0.52491426,0.10628119999999998,-0.6811954646789551,1
2026-08-07,KPRMILL,17,1,0.07145383897171374,0.28605735301971436,-0.86939335,0.10628119999999998,-1.0256745486938477,1
2026-08-07,KPRMILL,21,1,0.0758265952378742,0.293750524520874,-0.19494891,0.1062812,-0.3512301116668701,1
2026-08-07,LICI,5,1,0.07044163529623593,0.5031222105026245,0.05096197,0.1062812,-0.10531922871704102,1
2026-08-07,LINDEINDIA,5,1,0.07825067101176979,0.4282729923725128,0.18105507,0.10628120000000002,0.02477386896972654,1
2026-08-07,LODHA,5,1,0.07294719465026388,0.5619356632232666,-0.7054925,0.10628119999999998,-0.8617736964904785,1
2026-08-07,LODHA,66,1,0.07652867202792392,0.29717838764190674,-0.47771335,0.10628119999999998,-0.6339945464813233,1
2026-08-07,LODHA,67,1,0.08368724387822825,0.2990180253982544,0.4699111,0.10628119999999998,0.31362989848022466,1
2026-08-07,LTF,5,1,0.09617316612661683,0.839770495891571,0.27366877,0.1062812,0.11738756602172849,1
2026-08-07,LTF,14,1,0.07123196035949651,0.39401793479919434,-0.1286149,0.1062812,-0.2848961024963379,1
2026-08-07,LTF,15,1,0.0713456310638877,0.352493554353714,-0.20880103,0.1062812,-0.3650822311126709,1
2026-08-07,MAHABANK,5,1,0.08009597057611578,0.4564429819583893,0.14208555,0.1062812,-0.014195647784423837,1
2026-08-07,MAHABANK,67,1,0.09289498245875184,0.2887469232082367,0.37089586,0.1062812,0.2146146625793457,1
2026-08-07,MARUTI,5,1,0.07706171161747417,0.33005669713020325,0.18656254,0.10628119999999998,0.030281338146972675,1
2026-08-07,MAZDOCK,5,1,0.07899827963096816,0.6642560958862305,-0.38101673,0.1062812,-0.537297931262207,1
2026-08-07,MCX,5,1,0.07739802330511088,0.8012341856956482,0.42887926,0.1062812,0.2725980610168457,1
2026-08-07,MCX,17,1,0.07203483600696997,0.3992729187011719,-0.5571127,0.1062812,-0.7133938937866211,1
2026-08-07,MCX,21,1,0.0706058747737535,0.3082646429538727,-0.26624203,0.1062812,-0.42252322728271485,1
2026-08-07,MEDANTA,5,1,0.07932175725418456,0.5111628174781799,-0.08935332,0.10628119999999998,-0.24563452298278804,1
2026-08-07,MEDANTA,21,1,0.07860443096653563,0.3989144563674927,0.08196831,0.1062812,-0.07431289250488282,1
2026-08-07,MFSL,5,1,0.08052241330510809,0.4395521283149719,0.19779205,0.1062812,0.04151085322265624,1
2026-08-07,MOTILALOFS,5,1,0.08163713681522707,0.4294514060020447,-0.08100271,0.10628119999999998,-0.2372839122497558,1
2026-08-07,MPHASIS,5,1,0.07740041846215409,0.6297975182533264,0.92037916,0.1062812,0.7640979618347168,1
2026-08-07,MPHASIS,17,1,0.07715271695714583,0.3713056445121765,-0.077039,0.1062812,-0.2333202033721924,1
2026-08-07,MPHASIS,21,1,0.07762362087624317,0.30823764204978943,0.23163557,0.10628119999999998,0.07535437052612308,1
2026-08-07,MUTHOOTFIN,5,1,0.07454323361323292,0.48826438188552856,0.5567312,0.10628119999999998,0.40045002406005864,1
2026-08-07,M_AND_MFIN,5,1,0.07663902159954813,0.6778651475906372,0.7328749,0.10628119999999998,0.576593670300293,1
2026-08-07,M_AND_MFIN,21,1,0.07812522105290183,0.3431764841079712,-0.32277703,0.1062812,-0.47905823285217286,1
2026-08-07,M_AND_MFIN,65,1,0.07731115013229002,0.3809168040752411,0.94058514,0.1062812,0.7843039364135742,1
2026-08-07,M_AND_MFIN,66,1,0.08766085550957098,0.37570667266845703,1.1757374,0.1062812,1.0194561809814453,1
2026-08-07,M_AND_MFIN,67,1,0.11472783981839912,0.39760687947273254,0.5172372,0.1062812,0.36095598643188476,1
2026-08-07,NAM-INDIA,5,1,0.07811493268830635,0.5975942015647888,-0.35350323,0.1062812,-0.5097844272338867,1
2026-08-07,NAM-INDIA,17,1,0.07398766208184862,0.28566476702690125,-0.5229831,0.10628119999999998,-0.6792642741882324,1
2026-08-07,NATIONALUM,5,1,0.07525059192187702,0.5186365246772766,-0.1845777,0.10628119999999998,-0.3408589034759521,1
2026-08-07,NAUKRI,5,1,0.07806415070604095,0.334113746881485,-0.30699968,0.1062812,-0.46328088338012696,1
2026-08-07,NESTLEIND,5,1,0.08035959729244274,0.5355790257453918,0.06476641,0.1062812,-0.09151479298706056,1
2026-08-07,NHPC,5,1,0.07969933636986543,0.29576918482780457,-0.23310184,0.10628119999999998,-0.3893830447875976,1
2026-08-07,NIACL,5,1,0.07902507202699072,0.40595030784606934,-0.06224513,0.10628119999999998,-0.21852633053894038,1
2026-08-07,NIACL,17,1,0.07452973196107357,0.2589837908744812,-0.09056926,0.1062812,-0.24685045773620606,1
2026-08-07,NMDC,5,1,0.08163491946737875,0.39985907077789307,-0.16455054,0.10628119999999998,-0.32083174283142085,1
2026-08-07,NYKAA,5,1,0.07929226537221866,0.44447821378707886,0.79842806,0.10628119999999998,0.6421468586242676,1
2026-08-07,NYKAA,17,1,0.07424220289681349,0.26855364441871643,-0.08987188,0.1062812,-0.246153083392334,1
2026-08-07,OBEROIRLTY,5,1,0.07337244299165697,0.5292037725448608,-0.290972,0.1062812,-0.4472531944000244,1
2026-08-07,OFSS,5,1,0.07790714005351358,0.4823516011238098,-0.7831812,0.1062812,-0.9394623904907227,1
2026-08-07,OFSS,7,1,0.07051938914311054,0.4176967144012451,-0.545609,0.1062812,-0.7018901973449707,1
2026-08-07,OIL,5,1,0.07160366592963052,0.5821946263313293,-0.11112094,0.10628119999999998,-0.2674021392547607,1
2026-08-07,ONGC,5,1,0.07202747455620916,0.3960166871547699,-0.029015541,0.1062812,-0.18529674107666017,1
2026-08-07,PAGEIND,5,1,0.0772889261455166,0.32855063676834106,0.12490749,0.10628119999999998,-0.03137370640869139,1
2026-08-07,PATANJALI,5,1,0.0809386898385598,0.36921560764312744,0.7520914,0.10628120000000002,0.5958102077758789,1
2026-08-07,PATANJALI,17,1,0.07464731819916852,0.3792320191860199,-0.05648732,0.10628119999999998,-0.21276852185363765,1
2026-08-07,PATANJALI,21,1,0.08082445492355053,0.3597210943698883,0.12731552,0.1062812,-0.028965678759765634,1
2026-08-07,PAYTM,5,1,0.07692774841995359,0.7335115671157837,0.34589767,0.10628119999999998,0.18961647456054692,1
2026-08-07,PAYTM,15,1,0.07138615168828925,0.3171977698802948,-0.40678382,0.1062812,-0.5630650191986084,1
2026-08-07,PAYTM,17,1,0.07546455749333143,0.2759007215499878,-0.068974495,0.1062812,-0.22525569493408204,1
2026-08-07,PETRONET,5,1,0.0703570576811737,0.5568481087684631,-0.21440387,0.1062812,-0.3706850677215576,1
2026-08-07,PFC,17,1,0.07079420010657052,0.3429874777793884,0.57485104,0.10628119999999998,0.4185698360717774,1
2026-08-07,PHOENIXLTD,5,1,0.077723638846832,0.41926631331443787,-0.29355884,0.1062812,-0.4498400359832764,1
2026-08-07,PIDILITIND,5,1,0.07733797495450671,0.28334853053092957,-0.023949146,0.1062812,-0.18023034627075196,1
2026-08-07,PIIND,5,1,0.07618474951694391,0.38380587100982666,-0.3139615,0.10628119999999998,-0.47024270588989253,1
2026-08-07,PNB,66,1,0.07279370821929927,0.31169524788856506,-0.07838011,0.1062812,-0.23466130787963868,1
2026-08-07,PNB,67,1,0.10475501633172236,0.32328811287879944,0.122094154,0.1062812,-0.03418704564208985,1
2026-08-07,POLICYBZR,5,1,0.08103340451510228,0.454307496547699,-0.07553697,0.10628119999999998,-0.2318181663238525,1
2026-08-07,POLYCAB,5,1,0.07290264608839793,0.2577504813671112,-0.24784207,0.1062812,-0.40412327344055177,1
2026-08-07,POWERGRID,5,1,0.07782468036538494,0.3501666188240051,-0.22115111,0.10628119999999998,-0.3774323135101318,1
2026-08-07,POWERINDIA,5,1,0.07123038982541,0.5570958852767944,-0.49260855,0.1062812,-0.6488897472106934,1
2026-08-07,PRESTIGE,5,1,0.07363892052237615,0.6282183527946472,-0.30776858,0.10628120000000002,-0.4640497832977295,1
2026-08-07,RADICO,5,1,0.07941939929390474,0.41171932220458984,0.05171299,0.1062812,-0.1045682101928711,1
2026-08-07,RELIANCE,5,1,0.077255648066069,0.3433556854724884,-0.060594082,0.10628119999999998,-0.21687528187866206,1
2026-08-07,SAIL,5,1,0.07746041840591615,0.3974343240261078,-0.47004223,0.1062812,-0.6263234286987305,1
2026-08-07,SBICARD,5,1,0.07148856650656893,0.6189998388290405,-0.7218003,0.1062812,-0.8780815273010254,1
2026-08-07,SBILIFE,5,1,0.0711669766211652,0.27066710591316223,0.123631954,0.1062812,-0.032649245806884775,1
2026-08-07,SBIN,5,1,0.077255648066069,0.48910924792289734,0.3691435,0.1062812,0.2128622860229492,1
2026-08-07,SBIN,17,1,0.07537443246611968,0.26735568046569824,0.6361842,0.10628119999999998,0.47990301554565434,1
2026-08-07,SBIN,64,1,0.08434558727713794,0.7118487358093262,-1.5083551,0.1062812,-1.6646363406860352,1
2026-08-07,SBIN,65,1,0.09200325519273864,0.7256869673728943,-1.649636,0.1062812,-1.8059172301971436,1
2026-08-07,SBIN,66,1,0.14022851938992067,0.7839882969856262,-1.0374367,0.1062812,-1.1937179237091065,1
2026-08-07,SBIN,67,1,0.09282088248992654,0.891877293586731,0.25584698,0.10628119999999998,0.09956577723388675,1
2026-08-07,SHREECEM,5,1,0.07715019944069026,0.3761795461177826,0.15301704,0.1062812,-0.0032641559326171965,1
2026-08-07,SHRIRAMFIN,5,1,0.07510803628017189,0.5819661021232605,0.017774105,0.10628119999999998,-0.1385070949279785,1
2026-08-07,SHRIRAMFIN,15,1,0.07197718751966962,0.279451459646225,-0.106948614,0.10628119999999998,-0.26322981412048335,1
2026-08-07,SHRIRAMFIN,17,1,0.07390187681334226,0.27602267265319824,-0.28489828,0.1062812,-0.4411794810974121,1
2026-08-07,SJVN,5,1,0.07663355428826582,0.35818928480148315,0.16088486,0.10628120000000002,0.004603657177734352,1
2026-08-07,SRF,5,1,0.07022297909160442,0.2902395725250244,-0.27376413,0.10628120000000002,-0.43004533345336915,1
2026-08-07,SUNDARMFIN,5,1,0.08016265842642298,0.4662572145462036,-0.22215843,0.1062812,-0.37843963200683595,1
2026-08-07,SUPREMEIND,5,1,0.0770887628435954,0.32991674542427063,-1.1144519,0.1062812,-1.2707330852233887,1
2026-08-07,SUZLON,5,1,0.07393656244592883,0.4750107228755951,-0.24783015,0.1062812,-0.4041113525115967,1
2026-08-07,TATACOMM,5,1,0.07471920267717197,0.41052839159965515,-0.08056164,0.1062812,-0.23684283787841798,1
2026-08-07,TATACONSUM,5,1,0.0768209353647536,0.3234326243400574,-0.1655519,0.1062812,-0.32183310086364747,1
2026-08-07,TATAELXSI,5,1,0.07051209972738705,0.5574641227722168,-0.22979975,0.10628119999999998,-0.38608094746704097,1
2026-08-07,TATAINVEST,4,1,0.07405689851024956,1.4155497550964355,-0.60519576,0.10628119999999998,-0.7614769607269287,1
2026-08-07,TATAINVEST,5,1,0.1109217904137478,1.2902448177337646,-1.1071682,0.1062812,-1.263449397631836,1
2026-08-07,TATAINVEST,6,1,0.09463614929879648,1.3125380277633667,-1.8216491,0.1062812,-1.9779302745544434,1
2026-08-07,TATAINVEST,7,1,0.10472524036145153,1.2375690937042236,-0.99552274,0.1062812,-1.1518039375030518,1
2026-08-07,TATAINVEST,67,1,0.08511324016650315,0.3144080638885498,-2.136755,0.1062812,-2.2930361896240234,1
2026-08-07,TATASTEEL,5,1,0.07468789570487305,0.322196900844574,-0.42899847,0.1062812,-0.5852796703063965,1
2026-08-07,TCS,5,1,0.07077364860410124,0.6288792490959167,-0.2296269,0.10628119999999998,-0.38590809399719234,1
2026-08-07,TECHM,5,1,0.07030856205472888,0.6284617781639099,-1.1911869,0.10628119999999998,-1.3474681049072266,1
2026-08-07,THERMAX,5,1,0.07384043377242,0.46360668540000916,-0.10668635,0.1062812,-0.2629675536834717,1
2026-08-07,TIINDIA,5,1,0.0767980994064173,0.4689709544181824,-0.0036358833,0.10628119999999998,-0.1599170833312988,1
2026-08-07,TITAN,5,1,0.077255648066069,0.3692638874053955,-0.012028217,0.1062812,-0.16830941731567384,1
2026-08-07,TITAN,66,1,0.08342676523012063,0.37038180232048035,0.11947155,0.1062812,-0.03680965001220704,1
2026-08-07,TITAN,67,1,0.07064050086354093,0.37012726068496704,0.13172626,0.1062812,-0.024554935046386728,1
2026-08-07,TMCV,5,1,0.08103340451510228,0.4701290428638458,-0.3071487,0.1062812,-0.46342989499206544,1
2026-08-07,TMCV,66,1,0.10276979924931082,0.2823784649372101,-0.26420355,0.1062812,-0.4204847484313965,1
2026-08-07,TMCV,67,1,0.09715176210030486,0.2757246792316437,-0.12129545,0.1062812,-0.27757665211791993,1
2026-08-07,TORNTPHARM,5,1,0.07035758892382739,0.4050692617893219,-0.3629744,0.1062812,-0.5192556052886963,1
2026-08-07,TORNTPOWER,5,1,0.0754014831850396,0.45416009426116943,0.27709007,0.1062812,0.12080887263183591,1
2026-08-07,TRENT,5,1,0.09491371148995137,0.8350375294685364,-0.0032961369,0.10628119999999998,-0.15957733685607908,1
2026-08-07,UBL,5,1,0.07949056237513076,0.7558960318565369,-0.44285655,0.1062812,-0.5991377502166748,1
2026-08-07,UBL,15,1,0.07137961534467177,0.29670166969299316,0.06456375,0.10628119999999998,-0.09171744877929686,1
2026-08-07,ULTRACEMCO,5,1,0.0761213266544686,0.2643073797225952,-0.05839467,0.1062812,-0.2146758704864502,1
2026-08-07,UNIONBANK,5,1,0.08134688449230565,0.4478864371776581,0.5087614,0.10628119999999998,0.35248020594482427,1
2026-08-07,UNIONBANK,21,1,0.08162197051837997,0.358205109834671,0.5448222,0.1062812,0.38854101603393554,1
2026-08-07,UNIONBANK,65,1,0.11015614611798565,0.3309871256351471,-0.08711815,0.10628119999999998,-0.2433993488037109,1
2026-08-07,UNIONBANK,66,1,0.12368664897008237,0.33878231048583984,0.027263165,0.1062812,-0.12901803547973634,1
2026-08-07,UNIONBANK,67,1,0.12160961868904673,0.35860443115234375,0.19099712,0.1062812,0.03471592371826171,1
2026-08-07,UNITDSPR,5,1,0.07209480390840475,0.27602604031562805,0.105035305,0.1062812,-0.05124589497680665,1
2026-08-07,UNOMINDA,5,1,0.07782468036538494,0.5034745335578918,-0.1794815,0.10628119999999998,-0.3357627063476562,1
2026-08-07,UNOMINDA,14,1,0.07023256188344935,0.3061879277229309,-0.35982132,0.1062812,-0.5161025195800781,1
2026-08-07,UPL,5,1,0.07546632458118724,0.3060261011123657,-0.12233853,0.10628119999999998,-0.2786197334014892,1
2026-08-07,VBL,5,1,0.07645045349399983,0.37415459752082825,-0.42667985,0.1062812,-0.5829610496246338,1
2026-08-07,VEDL,5,1,0.07616236916294047,0.47385022044181824,-0.1275301,0.1062812,-0.2838112979614258,1
2026-08-07,VOLTAS,5,1,0.07459418625514798,0.7696317434310913,0.023400784,0.10628119999999998,-0.13288041646118162,1
2026-08-07,WIPRO,5,1,0.07611210962665295,0.4333045184612274,-0.57443976,0.1062812,-0.7307209640228272,1
2026-08-07,WIPRO,7,1,0.07043621539791571,0.36383339762687683,-0.62788725,0.1062812,-0.7841684489929199,1
2026-08-07,ZYDUSLIFE,5,1,0.07733855091174696,0.28961822390556335,-0.31668544,0.1062812,-0.47296663815612794,1
2026-08-10,360ONE,3,1,0.07014075894605099,0.6012686491012573,0.54119825,0.1062812,0.3849170536315918,1
2026-08-10,360ONE,66,1,0.07919927524597556,0.27404463291168213,-0.1965344,0.10628119999999998,-0.35281559521789546,1
2026-08-10,3MINDIA,15,-1,-0.07518427035792158,0.18989595770835876,-0.19384623,0.1062812,-0.3501274257385254,1
2026-08-10,ABB,3,1,0.07363539229610687,0.5848532915115356,0.18503666,0.1062812,0.028755459240722647,1
2026-08-10,ABBOTINDIA,3,1,0.07179097687841482,0.39069515466690063,-0.44899583,0.10628119999999998,-0.60527702862854,1
2026-08-10,ABBOTINDIA,15,-1,-0.0758188710614612,0.1465333253145218,0.12596846,0.10628119999999998,-0.030312743731689434,1
2026-08-10,ABCAPITAL,31,-1,-0.08087641024648332,0.1615075320005417,-0.21882057,0.1062812,-0.37510177189941407,1
2026-08-10,ABCAPITAL,32,-1,-0.13743025395745484,0.16514165699481964,-0.15819073,0.1062812,-0.3144719272338867,1
2026-08-10,ABCAPITAL,39,-1,-0.11588387935844319,0.1761637181043625,0.31599402,0.1062812,0.1597128242767334,1
2026-08-10,ABCAPITAL,40,-1,-0.10207723421209745,0.16486291587352753,0.38872957,0.10628120000000002,0.23244837229614257,1
2026-08-10,ABCAPITAL,41,-1,-0.07922291655564635,0.18118615448474884,-0.19509792,0.10628119999999998,-0.35137912327880855,1
2026-08-10,ABCAPITAL,48,-1,-0.21518649262142653,0.16864119470119476,-0.060868263,0.10628120000000002,-0.21714946324462892,1
2026-08-10,ABCAPITAL,49,-1,-0.1070149046327078,0.17052513360977173,-0.073075294,0.1062812,-0.22935649449462892,1
2026-08-10,ABCAPITAL,50,-1,-0.1500071915958082,0.16777212917804718,0.13384819,0.1062812,-0.02243300969238282,1
2026-08-10,ABCAPITAL,57,-1,-0.16280723346044837,0.13142016530036926,-0.08531809,0.1062812,-0.24159928853149415,1
2026-08-10,ABCAPITAL,58,-1,-0.2425089710575378,0.12426021695137024,0.012171268,0.10628119999999998,-0.14410993153686522,1
2026-08-10,ABCAPITAL,59,-1,-0.2371137106716922,0.13187198340892792,0.25516152,0.10628119999999998,0.09888032381896976,1
2026-08-10,ABCAPITAL,61,-1,-0.09903841942439914,0.14586055278778076,0.20663738,0.10628120000000002,0.050356182507324196,1
2026-08-10,ABCAPITAL,62,-1,-0.15477142868156876,0.1432739496231079,0.34047365,0.1062812,0.18419245188598632,1
2026-08-10,ACC,15,-1,-0.07402314672106707,0.1836608350276947,-0.16162395,0.1062812,-0.3179051547729492,1
2026-08-10,ACC,32,-1,-0.11452978355108553,0.16935668885707855,0.09535551,0.1062812,-0.06092568928833009,1
2026-08-10,ACC,39,-1,-0.10103070091394309,0.13583976030349731,0.23499727,0.1062812,0.07871607249145506,1
2026-08-10,ACC,48,-1,-0.15031130253240851,0.11462312191724777,-0.014710426,0.1062812,-0.17099162633056642,1
2026-08-10,ACC,50,-1,-0.11874288378740708,0.12089674174785614,-0.007355213,0.1062812,-0.1636364131652832,1
2026-08-10,ACC,57,-1,-0.09006123075682239,0.10249196738004684,0.014710426,0.1062812,-0.1415707736694336,1
2026-08-10,ACC,58,-1,-0.15189431517759913,0.10041901469230652,0.007355213,0.1062812,-0.1489259868347168,1
2026-08-10,ACC,59,-1,-0.15210939301081772,0.07623457908630371,-0.0,0.1062812,-0.1562812,1
2026-08-10,ACC,62,-1,-0.0793765418039441,0.06887457519769669,0.10302067,0.1062812,-0.05326053197021485,1
2026-08-10,ADANIENT,3,1,0.07044107592648985,0.3766557276248932,-0.6733179,0.1062812,-0.8295991092407227,1
2026-08-10,ADANIGREEN,3,1,0.07014075894605099,0.5930119156837463,-0.014698505,0.1062812,-0.17097970540161134,1
2026-08-10,ADANIPORTS,15,-1,-0.07329351482448135,0.20438504219055176,0.13087392,0.10628119999999998,-0.025407281466674786,1
2026-08-10,ADANIPORTS,32,-1,-0.08940172177917138,0.12842564284801483,-0.0059485435,0.1062812,-0.162229743548584,1
2026-08-10,ADANIPORTS,39,-1,-0.07678398925270918,0.12074995785951614,0.07739067,0.1062812,-0.07889052922363282,1
2026-08-10,ADANIPORTS,48,-1,-0.11591054695180404,0.09184210002422333,0.053578615,0.1062812,-0.10270258481140138,1
2026-08-10,ADANIPORTS,50,-1,-0.10513046389248515,0.09608781337738037,0.0595212,0.1062812,-0.09676000172729493,1
2026-08-10,ADANIPORTS,58,-1,-0.11409562370837967,0.13060370087623596,-0.04169941,0.10628119999999998,-0.19798060948486323,1
2026-08-10,ADANIPORTS,59,-1,-0.11431348609136234,0.12767156958580017,-0.06554127,0.10628119999999998,-0.22182246739501948,1
2026-08-10,ADANIPOWER,15,-1,-0.07527622396218923,0.22117289900779724,-0.019145012,0.1062812,-0.17542621190185548,1
2026-08-10,AIAENG,3,1,0.07179097687841482,0.6318674087524414,0.21390915,0.1062812,0.057627949169921866,1
2026-08-10,AJANTPHARM,3,1,0.07022986165067574,0.5878077745437622,-0.18257499,0.10628119999999998,-0.338856187411499,1
2026-08-10,AJANTPHARM,15,-1,-0.07566761296084618,0.2292182743549347,0.005710125,0.1062812,-0.1505710750305176,1
2026-08-10,ALKEM,3,1,0.07133475293077012,0.5141671895980835,-0.94472766,0.10628120000000002,-1.1010088592254639,1
2026-08-10,ALKEM,15,-1,-0.07210185687002435,0.24206596612930298,-0.0,0.1062812,-0.1562812,1
2026-08-10,AMBUJACEM,3,1,0.07363539229610687,0.4344300329685211,-0.092720985,0.1062812,-0.24900218541259767,1
2026-08-10,AMBUJACEM,15,-1,-0.07095943614062748,0.21144524216651917,-0.16195774,0.1062812,-0.3182389407836914,1
2026-08-10,APARINDS,3,1,0.07665996520994979,1.5940994024276733,0.897789,0.10628120000000002,0.7415078014648437,1
2026-08-10,APARINDS,32,-1,-0.072370357888985,0.34529370069503784,-0.19409657,0.1062812,-0.35037776524658204,1
2026-08-10,APLAPOLLO,3,1,0.07308084379176889,0.44156041741371155,0.78316927,0.1062812,0.6268880695617676,1
2026-08-10,APOLLOHOSP,3,1,0.07100333357436706,0.2990163266658783,-0.5477905,0.1062812,-0.70407172734375,1
2026-08-10,APOLLOTYRE,39,-1,-0.07704631717263857,0.23105488717556,-0.0333786,0.10628120000000002,-0.18965980107421876,1
2026-08-10,APOLLOTYRE,48,-1,-0.07013102023990705,0.14846178889274597,0.06670356,0.10628119999999998,-0.08957764203186033,1
2026-08-10,APOLLOTYRE,50,-1,-0.07446063281413312,0.1405377835035324,0.08892417,0.1062812,-0.06735703045959474,1
2026-08-10,APOLLOTYRE,58,-1,-0.0790601872209342,0.14228501915931702,0.45651793,0.1062812,0.3002367347991943,1
2026-08-10,APOLLOTYRE,59,-1,-0.07957244092002108,0.16251783072948456,0.898999,0.1062812,0.7427177757537842,1
2026-08-10,ASHOKLEY,32,-1,-0.08428124036557164,0.2794466018676758,0.0056684017,0.1062812,-0.15061279828186036,1
2026-08-10,ASHOKLEY,39,-1,-0.1197771729955984,0.19602806866168976,0.07368922,0.1062812,-0.08259197766418458,1
2026-08-10,ASHOKLEY,40,-1,-0.10478885106054739,0.1954675018787384,-0.028336048,0.1062812,-0.1846172481262207,1
2026-08-10,ASHOKLEY,41,-1,-0.08384972613071938,0.17204326391220093,0.028330088,0.1062812,-0.12795111233825684,1
2026-08-10,ASHOKLEY,48,-1,-0.1882894450673939,0.13242590427398682,0.20977855,0.1062812,0.053497347286987296,1
2026-08-10,ASHOKLEY,49,-1,-0.08434104126861272,0.11825233697891235,0.130409,0.1062812,-0.02587219769592286,1
2026-08-10,ASHOKLEY,50,-1,-0.1374146730706435,0.12198053300380707,0.045394897,0.1062812,-0.11088630253906251,1
2026-08-10,ASHOKLEY,57,-1,-0.14190248047873139,0.17435646057128906,1.0842443,0.10628119999999998,0.9279630512512207,1
2026-08-10,ASHOKLEY,58,-1,-0.2083885283462404,0.17786423861980438,1.1627913,0.10628119999999998,1.0065100521362305,1
2026-08-10,ASHOKLEY,59,-1,-0.2050972371775475,0.18342211842536926,1.1413276,0.1062812,0.9850464195526123,1
2026-08-10,ASHOKLEY,62,-1,-0.12290169163718331,0.22954557836055756,0.34883022,0.10628119999999998,0.19254902308349614,1
2026-08-10,ASIANPAINT,15,-1,-0.07283730286025163,0.1796974241733551,0.16137958,0.1062812,0.005098375729370108,1
2026-08-10,ASIANPAINT,31,-1,-0.0745490722315544,0.20706239342689514,-0.36144257,0.1062812,-0.5177237659179688,1
2026-08-10,ASIANPAINT,32,-1,-0.14333022499155795,0.20764711499214172,-0.36839247,0.1062812,-0.5246736674987793,1
2026-08-10,ASIANPAINT,39,-1,-0.12864152008706883,0.21285606920719147,-0.20711422,0.1062812,-0.36339541966552735,1
2026-08-10,ASIANPAINT,40,-1,-0.12079204126270761,0.21435926854610443,-0.12714863,0.1062812,-0.2834298282348633,1
2026-08-10,ASIANPAINT,41,-1,-0.0998529163328796,0.1811341643333435,-0.15259981,0.1062812,-0.3088810115539551,1
2026-08-10,ASIANPAINT,48,-1,-0.20331747096132788,0.14718469977378845,-0.1632452,0.1062812,-0.31952640111083985,1
2026-08-10,ASIANPAINT,49,-1,-0.09891520590147508,0.13347502052783966,-0.09434223,0.10628119999999998,-0.25062343175048823,1
2026-08-10,ASIANPAINT,50,-1,-0.1511879646485146,0.13461458683013916,0.10872483,0.1062812,-0.04755636746520997,1
2026-08-10,ASIANPAINT,57,-1,-0.16460086030752488,0.12180331349372864,0.06893873,0.1062812,-0.08734246785278321,1
2026-08-10,ASIANPAINT,58,-1,-0.2326804456547697,0.11920806020498276,0.0798285,0.10628119999999998,-0.07645269925231932,1
2026-08-10,ASIANPAINT,59,-1,-0.24083387753304666,0.11329277604818344,0.13068318,0.10628119999999998,-0.025598016329956036,1
2026-08-10,ASIANPAINT,61,-1,-0.09245456933443522,0.11409549415111542,0.09075999,0.10628119999999998,-0.06552120740051268,1
2026-08-10,ASIANPAINT,62,-1,-0.15654154867206413,0.11999805271625519,0.06530881,0.10628119999999998,-0.09097239071960447,1
2026-08-10,ASTRAL,15,-1,-0.07512496586157422,0.22966143488883972,-0.08350611,0.10628119999999998,-0.23978730733032222,1
2026-08-10,ATGL,3,1,0.0728958681585092,0.4092721939086914,0.15311241,0.1062812,-0.0031687885009765715,1
2026-08-10,ATGL,15,-1,-0.07494125401247119,0.18950486183166504,-0.46483278,0.10628119999999998,-0.6211139827453613,1
2026-08-10,AWL,3,1,0.0728958681585092,0.5284557342529297,0.10162592,0.10628119999999998,-0.054655280657958966,1
2026-08-10,AXISBANK,32,-1,-0.08940172177917138,0.13097615540027618,-0.27344227,0.1062812,-0.42972346837158204,1
2026-08-10,AXISBANK,39,-1,-0.07678398925270918,0.14551551640033722,0.33691525,0.10628120000000002,0.1806340545928955,1
2026-08-10,AXISBANK,48,-1,-0.11036984118892598,0.14764754474163055,-0.13670921,0.1062812,-0.29299041325683595,1
2026-08-10,AXISBANK,50,-1,-0.10735329942731549,0.1324860155582428,-0.104403496,0.1062812,-0.2606846957885742,1
2026-08-10,AXISBANK,58,-1,-0.1142793355574827,0.12488210946321487,0.09624362,0.1062812,-0.06003758008117677,1
2026-08-10,AXISBANK,59,-1,-0.11431348609136234,0.11976475268602371,0.18448234,0.10628120000000002,0.0282011360443115,1
2026-08-10,BAJAJ-AUTO,15,-1,-0.0756708859090569,0.16668091714382172,-0.6581187,0.1062812,-0.8143999248229981,1
2026-08-10,BAJAJFINSV,15,-1,-0.07332596857296936,0.17994284629821777,-0.44896603,0.1062812,-0.6052472263061524,1
2026-08-10,BAJAJFINSV,32,-1,-0.07051370595293542,0.21256497502326965,0.19675493,0.10628119999999998,0.04047373240356447,1
2026-08-10,BAJAJHLDNG,32,-1,-0.08983984295763116,0.1501915007829666,-0.043785572,0.10628120000000002,-0.20006677205200196,1
2026-08-10,BAJAJHLDNG,39,-1,-0.07704631717263857,0.11066927015781403,-0.140059,0.1062812,-0.2963401942932129,1
2026-08-10,BAJAJHLDNG,50,-1,-0.07263237338745106,0.08991008996963501,-0.33216476,0.10628120000000002,-0.4884459644042969,1
2026-08-10,BAJAJHLDNG,58,-1,-0.07979662329490525,0.12327078729867935,0.59269667,0.1062812,0.4364154667175293,1
2026-08-10,BAJAJHLDNG,59,-1,-0.07957244092002108,0.13116995990276337,0.76601505,0.10628119999999998,0.6097338527954101,1
2026-08-10,BAJFINANCE,3,1,0.07313375021937497,0.467938095331192,-0.10192394,0.10628119999999998,-0.2582051425659179,1
2026-08-10,BANKBARODA,3,1,0.07469486544711405,0.45866066217422485,-0.05207658,0.1062812,-0.2083577781402588,1
2026-08-10,BANKINDIA,6,1,0.07523439953919524,0.5462092757225037,0.11923313,0.10628120000000002,-0.03704806859130862,1
2026-08-10,BANKINDIA,8,1,0.08196229822805133,0.473791241645813,0.25298595,0.1062812,0.09670475428466795,1
2026-08-10,BANKINDIA,31,-1,-0.0775770593399326,0.16612526774406433,0.17568469,0.1062812,0.019403490475463858,1
2026-08-10,BANKINDIA,32,-1,-0.1384836460682063,0.16480495035648346,0.1265943,0.10628119999999998,-0.029686894961547833,1
2026-08-10,BANKINDIA,39,-1,-0.13071249246509564,0.147877037525177,0.38024783,0.1062812,0.22396663134460448,1
2026-08-10,BANKINDIA,40,-1,-0.11572417053004458,0.14839018881320953,0.45773983,0.1062812,0.30145863001708983,1
2026-08-10,BANKINDIA,41,-1,-0.08116990214524543,0.15673668682575226,0.1975596,0.10628120000000002,0.041278395108032204,1
2026-08-10,BANKINDIA,48,-1,-0.1947450874699538,0.1580563336610794,-0.26158094,0.1062812,-0.4178621440612793,1
2026-08-10,BANKINDIA,49,-1,-0.08663280762753227,0.152695894241333,-0.32560825,0.10628119999999998,-0.48188945347900386,1
2026-08-10,BANKINDIA,50,-1,-0.14068506363416408,0.1590544730424881,-0.15550852,0.10628119999999998,-0.3117897182189941,1
2026-08-10,BANKINDIA,57,-1,-0.14518632646862276,0.16838811337947845,0.11999607,0.1062812,-0.0362851291381836,1
2026-08-10,BANKINDIA,58,-1,-0.22025799393716602,0.16577357053756714,0.21867752,0.1062812,0.062396320751953116,1
2026-08-10,BANKINDIA,59,-1,-0.22243491434530865,0.16176533699035645,0.26111007,0.1062812,0.10482886736755369,1
2026-08-10,BANKINDIA,61,-1,-0.07992359918986595,0.14620442688465118,0.07057786,0.1062812,-0.08570334012145997,1
2026-08-10,BANKINDIA,62,-1,-0.1418678086532318,0.14869384467601776,0.26114583,0.10628119999999998,0.10486463015441898,1
2026-08-10,BDL,3,1,0.07174451391507664,0.46227574348449707,0.8665085,0.1062812,0.7102272838867187,1
2026-08-10,BEL,15,-1,-0.07035164149965474,0.22644680738449097,-0.024962425,0.1062812,-0.1812436252319336,1
2026-08-10,BERGEPAINT,3,1,0.07133475293077012,0.6278514266014099,0.24186373,0.1062812,0.08558252756958006,1
2026-08-10,BERGEPAINT,15,-1,-0.07037280956019634,0.2519688308238983,-0.17697811,0.10628119999999998,-0.3332593112670898,1
2026-08-10,BHARATFORG,3,1,0.07159411141642164,0.5966529250144958,-0.33925176,0.1062812,-0.49553295666809083,1
2026-08-10,BHARATFORG,56,-1,-0.07533509361018177,0.4799008071422577,3.9539993,0.10628119999999998,3.7977180809295654,1
2026-08-10,BHARATFORG,57,-1,-0.0782331826633868,0.5769364833831787,3.6072075,0.10628119999999998,3.4509263366973877,1
2026-08-10,BHARATFORG,58,-1,-0.08074545528853333,0.6506327390670776,4.1397038,0.10628119999999998,3.983422550610352,1
2026-08-10,BHARATFORG,59,-1,-0.07760349151837263,0.7789315581321716,3.822422,0.10628120000000002,3.6661408275878906,1
2026-08-10,BHARTIARTL,32,-1,-0.11525902100260506,0.09610448032617569,-0.12837648,0.10628119999999998,-0.2846576839172363,1
2026-08-10,BHARTIARTL,39,-1,-0.10264128847614284,0.0930447056889534,0.076931715,0.1062812,-0.07934948498840333,1
2026-08-10,BHARTIARTL,48,-1,-0.15246350880073045,0.10995732247829437,0.04618168,0.1062812,-0.11009952122802735,1
2026-08-10,BHARTIARTL,50,-1,-0.12146960789741106,0.11400116980075836,0.06670952,0.1062812,-0.08957168156738282,1
2026-08-10,BHARTIARTL,57,-1,-0.08987751890771936,0.10013279318809509,0.29782057,0.1062812,0.1415393680847168,1
2026-08-10,BHARTIARTL,58,-1,-0.1526307512515702,0.10018423944711685,0.27229786,0.10628119999999998,0.11601665919189456,1
2026-08-10,BHARTIARTL,59,-1,-0.1496665838757955,0.10290667414665222,0.24176836,0.10628120000000002,0.08548716013793943,1
2026-08-10,BHARTIARTL,62,-1,-0.0793765418039441,0.09518872946500778,0.29326677,0.10628119999999998,0.136985573223877,1
2026-08-10,BHEL,31,-1,-0.07246609157910436,0.2565786838531494,-0.30753613,0.1062812,-0.4638173251831055,1
2026-08-10,BHEL,32,-1,-0.11780488252315288,0.25820913910865784,-0.20902157,0.1062812,-0.36530276829833985,1
2026-08-10,BHEL,39,-1,-0.12579636516396306,0.20771370828151703,-0.08589029,0.10628119999999998,-0.24217149312133784,1
2026-08-10,BHEL,40,-1,-0.1179468863396018,0.1873721331357956,-0.0,0.1062812,-0.1562812,1
2026-08-10,BHEL,41,-1,-0.08883706864705036,0.1858031004667282,-0.08589029,0.1062812,-0.2421714931213379,1
2026-08-10,BHEL,48,-1,-0.20571935390848245,0.14450521767139435,-0.18393993,0.10628119999999998,-0.3402211337768554,1
2026-08-10,BHEL,49,-1,-0.10474363498159207,0.1383582204580307,-0.19614697,0.1062812,-0.3524281650268555,1
2026-08-10,BHEL,50,-1,-0.15078871119113677,0.14347133040428162,-0.122475624,0.1062812,-0.27875682408447267,1
2026-08-10,BHEL,57,-1,-0.17803768953714463,0.13630545139312744,0.30577183,0.10628119999999998,0.14949062769775395,1
2026-08-10,BHEL,58,-1,-0.2421972556812875,0.12577372789382935,0.15898347,0.1062812,0.002702269009399405,1
2026-08-10,BHEL,59,-1,-0.24223140621516706,0.1258198767900467,0.19571781,0.10628119999999998,0.039436611584472675,1
2026-08-10,BHEL,61,-1,-0.08918517522117239,0.12864558398723602,-0.11025667,0.10628119999999998,-0.26653787190551753,1
2026-08-10,BHEL,62,-1,-0.14443408861195242,0.1427699774503708,-0.18391609,0.1062812,-0.3401972919189453,1
2026-08-10,BIOCON,3,1,0.07313375021937497,0.4813863933086395,-0.4900813,0.1062812,-0.6463625102722168,1
2026-08-10,BLUESTARCO,3,1,0.07668663335667125,0.6124767065048218,-0.25308132,0.10628119999999998,-0.40936252171630855,1
2026-08-10,BLUESTARCO,32,-1,-0.07951596715989842,0.26200979948043823,-0.7397413,0.1062812,-0.896022525378418,1
2026-08-10,BOSCHLTD,3,1,0.07133475293077012,0.6012548208236694,-0.48769116,0.10628120000000002,-0.6439723640167236,1
2026-08-10,BPCL,3,1,0.07113508180430643,0.47340771555900574,0.04734993,0.1062812,-0.1089312701904297,1
2026-08-10,BPCL,15,-1,-0.07092591574572706,0.1990988701581955,-0.09444952,0.1062812,-0.250730720111084,1
2026-08-10,BPCL,32,-1,-0.08583636327667099,0.21926294267177582,0.1409173,0.1062812,-0.015363898822021493,1
2026-08-10,BPCL,39,-1,-0.0769819315174543,0.175827756524086,-0.14107227,0.1062812,-0.29735347325439454,1
2026-08-10,BPCL,50,-1,-0.07446063281413312,0.11509840935468674,0.12515187,0.10628119999999998,-0.031129327365112286,1
2026-08-10,BPCL,58,-1,-0.07905332441310263,0.15202297270298004,0.06260872,0.1062812,-0.0936724811279297,1
2026-08-10,BPCL,59,-1,-0.07683245591913064,0.15437954664230347,0.07829666,0.1062812,-0.07798453862304688,1
2026-08-10,BRITANNIA,3,1,0.07224516331053657,0.9580784440040588,-0.34196973,0.1062812,-0.49825092846984864,1
2026-08-10,CANBK,3,1,0.0722119499834852,0.6302215456962585,0.24514198,0.1062812,0.08886078303222654,1
2026-08-10,CGPOWER,15,-1,-0.07537338865360946,0.2536715269088745,-0.67590475,0.1062812,-0.8321859508239746,1
2026-08-10,CHOLAFIN,3,1,0.07133475293077012,0.4946801960468292,0.2978921,0.10628119999999998,0.1416108936584473,1
2026-08-10,COCHINSHIP,32,-1,-0.07096240684363475,0.1698552668094635,-0.32457113,0.1062812,-0.4808523326599121,1
2026-08-10,COLPAL,3,1,0.07487984108037375,0.4155075252056122,0.1786232,0.1062812,0.022341999462890616,1
2026-08-10,COLPAL,15,-1,-0.07347722667358438,0.1673615723848343,0.12851954,0.1062812,-0.027761664935302743,1
2026-08-10,CONCOR,3,1,0.07174451391507664,0.3327379822731018,0.26825666,0.1062812,0.11197546427612302,1
2026-08-10,COROMANDEL,3,1,0.07133475293077012,0.3363964855670929,-0.45986772,0.1062812,-0.6161489158355713,1
2026-08-10,COROMANDEL,15,-1,-0.07087931686336484,0.24391847848892212,0.27595758,0.10628119999999998,0.11967638438110355,1
2026-08-10,CRISIL,3,1,0.07205963637739984,0.5546676516532898,-0.019711256,0.1062812,-0.1759924560272217,1
2026-08-10,CUMMINSIND,3,1,0.07662030056488138,0.5625520944595337,0.33336878,0.1062812,0.17708757822875976,1
2026-08-10,DABUR,3,1,0.07181123961687132,0.411737859249115,0.0,0.1062812,-0.1562812,1
2026-08-10,DABUR,15,-1,-0.0753679822070246,0.16779150068759918,-0.2677679,0.1062812,-0.42404910618896485,1
2026-08-10,DALBHARAT,3,1,0.07132011223980216,0.5102314352989197,0.48834085,0.1062812,0.3320596546447754,1
2026-08-10,DIVISLAB,15,-1,-0.07163087018384669,0.2513817250728607,0.1506567,0.1062812,-0.005624499865722665,1
2026-08-10,DLF,3,1,0.07181123961687132,0.6141787767410278,0.6473303,0.1062812,0.4910490841186524,1
2026-08-10,DMART,15,-1,-0.0754174308680434,0.2445984184741974,-0.2251625,0.1062812,-0.38144370610351563,1
2026-08-10,DRREDDY,15,-1,-0.07512496586157422,0.1815829575061798,0.12837052,0.1062812,-0.02791067654724122,1
2026-08-10,EICHERMOT,15,-1,-0.07481675606965588,0.2135871946811676,0.2633214,0.1062812,0.10704019968872068,1
2026-08-10,EICHERMOT,31,-1,-0.07843655822999267,0.18013980984687805,-0.24466515,0.10628119999999998,-0.4009463458740234,1
2026-08-10,EICHERMOT,32,-1,-0.1373978002089668,0.18231172859668732,-0.25707483,0.10628119999999998,-0.4133560329162597,1
2026-08-10,EICHERMOT,39,-1,-0.12139713104583892,0.13758599758148193,-0.16260147,0.10628119999999998,-0.3188826709472656,1
2026-08-10,EICHERMOT,40,-1,-0.10571192940847238,0.13001635670661926,-0.06879568,0.10628119999999998,-0.2250768809997558,1
2026-08-10,EICHERMOT,41,-1,-0.08564133220226001,0.1260504275560379,-0.25031567,0.1062812,-0.4065968661987305,1
2026-08-10,EICHERMOT,48,-1,-0.207167057959318,0.11414303630590439,-0.049948692,0.1062812,-0.20622989232177735,1
2026-08-10,EICHERMOT,49,-1,-0.09921764282474285,0.11198358237743378,0.0374794,0.10628119999999998,-0.11880179936523436,1
2026-08-10,EICHERMOT,50,-1,-0.1500071915958082,0.10827911645174026,0.087338686,0.10628119999999998,-0.0689425140106201,1
2026-08-10,EICHERMOT,57,-1,-0.17004169250509585,0.11640145629644394,0.012487173,0.1062812,-0.14379402691955567,1
2026-08-10,EICHERMOT,58,-1,-0.24221457974143354,0.11906991899013519,0.18105507,0.1062812,0.024773868969726554,1
2026-08-10,EICHERMOT,59,-1,-0.23896208922985107,0.1069890633225441,0.13731122,0.10628120000000002,-0.01896997983093264,1
2026-08-10,EICHERMOT,61,-1,-0.10085434423407,0.10076689720153809,0.12485981,0.1062812,-0.03142139012451173,1
2026-08-10,EICHERMOT,62,-1,-0.1590430514588179,0.09673593938350677,0.17479062,0.1062812,0.018509420803833,1
2026-08-10,ESCORTS,15,-1,-0.07518427035792158,0.19955980777740479,-0.10648966,0.10628119999999998,-0.26277085835571284,1
2026-08-10,EXIDEIND,3,1,0.07298900931771297,0.9710221886634827,-0.8938551,0.1062812,-1.050136294909668,1
2026-08-10,EXIDEIND,32,-1,-0.14262220215347798,0.3409077823162079,0.19589663,0.10628119999999998,0.03961542551879885,1
2026-08-10,EXIDEIND,39,-1,-0.09469455287665042,0.30032476782798767,-0.3099203,0.1062812,-0.4662015109741211,1
2026-08-10,EXIDEIND,40,-1,-0.075860106013839,0.2945508062839508,0.10309219,0.1062812,-0.053189006396484384,1
2026-08-10,EXIDEIND,48,-1,-0.17545442034967504,0.20960724353790283,-0.17504692,0.1062812,-0.3313281207763672,1
2026-08-10,EXIDEIND,50,-1,-0.14086877548326712,0.2067716419696808,-0.28859377,0.10628119999999998,-0.4448749690734863,1
2026-08-10,EXIDEIND,57,-1,-0.13248636508954909,0.2385837435722351,0.3494382,0.1062812,0.19315699046020507,1
2026-08-10,EXIDEIND,58,-1,-0.19679718933430695,0.2385832965373993,0.56526065,0.1062812,0.408979448727417,1
2026-08-10,EXIDEIND,59,-1,-0.19458750008459041,0.24359650909900665,0.43187737,0.1062812,0.27559617464904784,1
2026-08-10,EXIDEIND,62,-1,-0.10059380063837121,0.2560998201370239,-0.13397932,0.1062812,-0.29026052052612306,1
2026-08-10,FLUOROCHEM,31,-1,-0.08013702702892349,0.18789902329444885,0.80061555,0.10628119999999998,0.6443343490875244,1
2026-08-10,FLUOROCHEM,32,-1,-0.13375058605913637,0.20291030406951904,0.99210143,0.10628119999999998,0.8358202308929443,1
2026-08-10,FLUOROCHEM,39,-1,-0.07680511361860896,0.3003874123096466,0.2572,0.1062812,0.10091880267028806,1
2026-08-10,FLUOROCHEM,40,-1,-0.08123456459828707,0.3027525544166565,0.4125476,0.1062812,0.25626638834838866,1
2026-08-10,FLUOROCHEM,48,-1,-0.19059290943633084,0.23795117437839508,0.49147606,0.1062812,0.33519485895996093,1
2026-08-10,FLUOROCHEM,49,-1,-0.08420435639632406,0.18607263267040253,0.5334616,0.1062812,0.3771803707397461,1
2026-08-10,FLUOROCHEM,50,-1,-0.14071751738265212,0.1719251424074173,0.09821057,0.10628119999999998,-0.05807062680358885,1
2026-08-10,FLUOROCHEM,57,-1,-0.1359731761893563,0.21752837300300598,0.02681613,0.10628119999999998,-0.12946507031555174,1
2026-08-10,FLUOROCHEM,58,-1,-0.2130194635137927,0.2152845859527588,-0.029051304,0.1062812,-0.1853325038635254,1
2026-08-10,FLUOROCHEM,59,-1,-0.21090805962364512,0.2163776308298111,-0.16987324,0.1062812,-0.3261544376098633,1
2026-08-10,FLUOROCHEM,61,-1,-0.07310150596829251,0.20909348130226135,-0.30819178,0.10628119999999998,-0.4644729762756347,1
2026-08-10,FLUOROCHEM,62,-1,-0.13807581488101522,0.20659130811691284,-0.35682917,0.1062812,-0.5131103664123535,1
2026-08-10,GLAXO,3,1,0.07155799430066793,0.5835335850715637,-0.823313,0.1062812,-0.9795941978179932,1
2026-08-10,GODREJCP,32,-1,-0.08966404969910076,0.19242946803569794,-0.61517954,0.1062812,-0.7714607387268066,1
2026-08-10,GODREJCP,39,-1,-0.07704631717263857,0.19340717792510986,-0.048577785,0.1062812,-0.20485898549194337,1
2026-08-10,GODREJCP,48,-1,-0.07026311128002254,0.24325697124004364,0.10642409,0.10628119999999998,-0.04985710675354002,1
2026-08-10,GODREJCP,50,-1,-0.07446063281413312,0.22457638382911682,0.31936765,0.10628119999999998,0.16308644717102055,1
2026-08-10,GODREJCP,58,-1,-0.07594251734067277,0.24896079301834106,-0.5825281,0.1062812,-0.7388093143188477,1
2026-08-10,GODREJCP,59,-1,-0.07666410247705989,0.24047508835792542,-0.15524626,0.10628119999999998,-0.3115274577819824,1
2026-08-10,GODREJCP,66,1,0.07080002224330383,0.26016780734062195,0.048434734,0.10628119999999998,-0.10784646565551756,1
2026-08-10,GODREJIND,32,-1,-0.0882604959344589,0.1770201325416565,0.007688999,0.1062812,-0.14859220082397462,1
2026-08-10,GODREJIND,39,-1,-0.07254396099692222,0.19119636714458466,-0.43059587,0.1062812,-0.586877074786377,1
2026-08-10,GODREJIND,48,-1,-0.10734185408054778,0.19870387017726898,0.11495352,0.10628119999999998,-0.04132768208618162,1
2026-08-10,GODREJIND,50,-1,-0.10430403696844462,0.1687779724597931,0.2071917,0.10628119999999998,0.05091050570373537,1
2026-08-10,GODREJIND,58,-1,-0.11229785289375802,0.15859748423099518,0.37594438,0.10628119999999998,0.21966317599182134,1
2026-08-10,GODREJIND,59,-1,-0.1129043677413063,0.15627019107341766,0.31511784,0.1062812,0.15883663599853515,1
2026-08-10,GODREJPROP,3,1,0.07157959769850875,0.7173664569854736,0.6546736,0.1062812,0.4983923763549805,1
2026-08-10,GRASIM,3,1,0.0834100094020792,0.8302469253540039,0.69305897,0.1062812,0.536777767590332,1
2026-08-10,HAVELLS,15,-1,-0.0701943447454858,0.25124654173851013,-0.68911314,0.10628119999999998,-0.8453943401062012,1
2026-08-10,HAVELLS,32,-1,-0.08551355539085741,0.10525644570589066,0.023382902,0.1062812,-0.13289829785461427,1
2026-08-10,HAVELLS,39,-1,-0.07532465979112445,0.0913531556725502,0.054568052,0.10628119999999998,-0.10171314770812986,1
2026-08-10,HAVELLS,48,-1,-0.11036984118892598,0.10196013003587723,-0.0,0.10628119999999998,-0.15628119999999998,1
2026-08-10,HAVELLS,50,-1,-0.10552504000063342,0.09973133355379105,-0.085771084,0.10628120000000002,-0.24205228383178712,1
2026-08-10,HAVELLS,58,-1,-0.1142793355574827,0.0812242329120636,-0.20250082,0.10628119999999998,-0.35878202015991206,1
2026-08-10,HAVELLS,59,-1,-0.11431348609136234,0.08449632674455643,-0.038909912,0.1062812,-0.195191112109375,1
2026-08-10,HCLTECH,3,1,0.07188150644741545,0.39469102025032043,0.2951622,0.10628119999999998,0.13888100092773442,1
2026-08-10,HDFCBANK,15,-1,-0.07287617113494693,0.20563428103923798,0.2716124,0.1062812,0.11533120577697752,1
2026-08-10,HDFCLIFE,15,-1,-0.0756708859090569,0.21344947814941406,-0.12177229,0.1062812,-0.27805348927612306,1
2026-08-10,HEROMOTOCO,3,1,0.08552067891750109,0.9407238364219666,-0.304389,0.1062812,-0.46067019993896485,1
2026-08-10,HINDALCO,3,1,0.07593940464985438,1.2017955780029297,0.15683174,0.1062812,0.0005505413330078035,1
2026-08-10,HINDPETRO,15,-1,-0.07275841068876653,0.21537689864635468,-0.10175705,0.1062812,-0.2580382495605469,1
2026-08-10,HINDUNILVR,3,1,0.07247141168099869,0.3459714651107788,0.0047922134,0.1062812,-0.1514889865600586,1
2026-08-10,HINDUNILVR,15,-1,-0.07329351482448135,0.1675443947315216,0.057560205,0.1062812,-0.09872099454040528,1
2026-08-10,HINDZINC,3,1,0.07606695596779182,0.5423018932342529,1.3682604,0.1062812,1.211979183605957,1
2026-08-10,HONAUT,15,-1,-0.07022372372708022,0.16154326498508453,-0.25129318,0.10628119999999998,-0.40757438237304683,1
2026-08-10,HUDCO,3,1,0.07313375021937497,0.4919700026512146,0.29245615,0.1062812,0.13617495005493163,1
2026-08-10,ICICIBANK,3,1,0.07042221453854948,0.5125590562820435,-0.95137954,0.10628120000000002,-1.1076607375823975,1
2026-08-10,ICICIBANK,15,-1,-0.07550918911287877,0.24094395339488983,-0.19015074,0.1062812,-0.3464319377624512,1
2026-08-10,ICICIGI,3,1,0.07487984108037375,0.5205751061439514,-0.47559738,0.10628119999999998,-0.6318785815917969,1
2026-08-10,ICICIGI,6,1,0.08405196491913645,0.4058586061000824,0.43421984,0.1062812,0.2779386371887207,1
2026-08-10,ICICIGI,8,1,0.07852581307636992,0.3636987805366516,0.31056404,0.1062812,0.1542828411376953,1
2026-08-10,ICICIPRULI,3,1,0.08582130651774798,0.705756425857544,-0.27314425,0.10628119999999998,-0.42942544514770503,1
2026-08-10,ICICIPRULI,6,1,0.0781202233972191,0.5504525303840637,0.5374193,0.10628119999999998,0.3811381191528321,1
2026-08-10,ICICIPRULI,8,1,0.0769056372570655,0.47466006875038147,0.5276561,0.1062812,0.37137487833862304,1
2026-08-10,ICICIPRULI,15,-1,-0.07032228925972207,0.25523096323013306,-0.22203922,0.1062812,-0.37832042271728517,1
2026-08-10,IDEA,3,1,0.07220698886926499,0.7788172960281372,-0.07788539,0.1062812,-0.23416658932800294,1
2026-08-10,IDFCFIRSTB,15,-1,-0.07851845029122306,0.20887118577957153,-0.11792183,0.10628119999999998,-0.27420302922363277,1
2026-08-10,IDFCFIRSTB,31,-1,-0.08013702702892349,0.10515463352203369,0.011777878,0.1062812,-0.14450332219238282,1
2026-08-10,IDFCFIRSTB,32,-1,-0.13684212884051,0.10347182303667068,0.07066727,0.1062812,-0.08561393315429688,1
2026-08-10,IDFCFIRSTB,39,-1,-0.12422439631404769,0.10017827153205872,0.17678142,0.10628119999999998,0.020500215939331073,1
2026-08-10,IDFCFIRSTB,40,-1,-0.09695864450885122,0.11038444191217422,0.1533091,0.1062812,-0.0029720931732177824,1
2026-08-10,IDFCFIRSTB,41,-1,-0.07625335224923971,0.1096198782324791,0.09444356,0.10628119999999998,-0.061837640353393536,1
2026-08-10,IDFCFIRSTB,48,-1,-0.1854127160596307,0.10297062247991562,-0.09453297,0.10628119999999998,-0.2508141666137695,1
2026-08-10,IDFCFIRSTB,49,-1,-0.08045970664648945,0.10798408091068268,-0.035429,0.10628120000000002,-0.1917102008544922,1
2026-08-10,IDFCFIRSTB,50,-1,-0.139040516056585,0.102066770195961,-0.0,0.10628119999999998,-0.15628119999999998,1
2026-08-10,IDFCFIRSTB,57,-1,-0.14413321732291703,0.08772464841604233,-0.28351545,0.1062812,-0.43979665333862306,1
2026-08-10,IDFCFIRSTB,58,-1,-0.21254520329197849,0.09023377299308777,-0.21249056,0.10628119999999998,-0.36877175862426753,1
2026-08-10,IDFCFIRSTB,59,-1,-0.21305361404767226,0.08850499242544174,-0.21249056,0.10628119999999998,-0.36877175862426753,1
2026-08-10,IDFCFIRSTB,61,-1,-0.07506078398877365,0.08510248363018036,-0.2831459,0.10628119999999998,-0.4394271045410156,1
2026-08-10,IDFCFIRSTB,62,-1,-0.13807581488101522,0.0908721312880516,-0.30628443,0.10628119999999998,-0.4625656276428222,1
2026-08-10,INDIANB,3,1,0.07787788516333564,0.8516641855239868,0.045120716,0.10628119999999998,-0.11116048390502928,1
2026-08-10,INDIANB,32,-1,-0.08716371771672593,0.1927349865436554,-0.050592422,0.10628120000000002,-0.20687362248535157,1
2026-08-10,INDIANB,39,-1,-0.07704631717263857,0.1777990311384201,0.6180823,0.10628119999999998,0.4618010849273682,1
2026-08-10,INDIANB,50,-1,-0.07321986053610657,0.22287388145923615,-0.016987324,0.10628119999999998,-0.1732685237609863,1
2026-08-10,INDIANB,58,-1,-0.07979662329490525,0.19311492145061493,-0.1866579,0.10628119999999998,-0.34293910557861323,1
2026-08-10,INDIANB,59,-1,-0.08142081947817995,0.19901743531227112,0.011307001,0.10628119999999998,-0.14497419888610838,1
2026-08-10,INDIGO,32,-1,-0.08966404969910076,0.18541574478149414,-0.13126135,0.1062812,-0.28754254872436524,1
2026-08-10,INDIGO,39,-1,-0.07704631717263857,0.1457998901605606,0.084239244,0.10628119999999998,-0.07204195553894041,1
2026-08-10,INDIGO,50,-1,-0.07173390870412914,0.13578049838542938,0.1310885,0.10628119999999998,-0.02519270474548338,1
2026-08-10,INDIGO,58,-1,-0.07940518628057561,0.12126978486776352,0.21569729,0.10628119999999998,0.05941608851318361,1
2026-08-10,INDIGO,59,-1,-0.07927526505415282,0.12124703824520111,0.20633936,0.10628119999999998,0.050058159283447284,1
2026-08-10,INDUSINDBK,3,1,0.07511087743796423,0.5581238269805908,-0.3442526,0.10628119999999998,-0.5005337863647461,1
2026-08-10,INDUSTOWER,20,-1,-0.07490314987464793,0.263494610786438,0.33293366,0.10628119999999998,0.17665246432189946,1
2026-08-10,INDUSTOWER,31,-1,-0.08673063261550949,0.18680965900421143,-0.34866333,0.1062812,-0.504944530078125,1
2026-08-10,INDUSTOWER,32,-1,-0.1498961596966174,0.16201050579547882,-0.2683878,0.1062812,-0.4246689944946289,1
2026-08-10,INDUSTOWER,34,-1,-0.0876196848153971,0.15028536319732666,-0.09380579,0.10628119999999998,-0.2500869899475097,1
2026-08-10,INDUSTOWER,37,-1,-0.09675190802361427,0.15875175595283508,0.20080209,0.10628119999999998,0.044520887783813495,1
2026-08-10,INDUSTOWER,39,-1,-0.15591698965999082,0.16155575215816498,0.3345847,0.10628119999999998,0.17830351298217778,1
2026-08-10,INDUSTOWER,40,-1,-0.1569432728615223,0.15864555537700653,0.4415393,0.1062812,0.28525808756713866,1
2026-08-10,INDUSTOWER,41,-1,-0.10782187849349123,0.15779565274715424,0.38827658,0.1062812,0.2319953769958496,1
2026-08-10,INDUSTOWER,48,-1,-0.2197994914711703,0.15937113761901855,-0.16130209,0.10628119999999998,-0.31758328969116206,1
2026-08-10,INDUSTOWER,49,-1,-0.11207755770776397,0.149810791015625,-0.17479658,0.1062812,-0.33107778126831056,1
2026-08-10,INDUSTOWER,50,-1,-0.17548491200704558,0.14493125677108765,0.09406209,0.10628119999999998,-0.062219110079956036,1
2026-08-10,INDUSTOWER,57,-1,-0.18727972581452337,0.13738158345222473,-0.0,0.10628119999999998,-0.15628119999999998,1
2026-08-10,INDUSTOWER,58,-1,-0.24723245193458004,0.13158217072486877,0.08068681,0.10628119999999998,-0.07559439236755369,1
2026-08-10,INDUSTOWER,59,-1,-0.24541396060976559,0.1258704960346222,0.10762811,0.10628119999999998,-0.04865309292907713,1
2026-08-10,INDUSTOWER,60,-1,-0.0904175207994378,0.12302061170339584,0.013458729,0.1062812,-0.1428224712097168,1
2026-08-10,INDUSTOWER,61,-1,-0.13413688268426396,0.124725341796875,1.2625933,0.1062812,1.1063120693481445,1
2026-08-10,INDUSTOWER,62,-1,-0.19258381575888417,0.12671178579330444,0.7525861,0.10628119999999998,0.5963049263275146,1
2026-08-10,IOC,15,-1,-0.07092591574572706,0.1514066457748413,-0.09858608,0.1062812,-0.2548672824584961,1
2026-08-10,IOC,32,-1,-0.11321060600044404,0.13050012290477753,0.1545906,0.1062812,-0.001690593310546884,1
2026-08-10,IOC,39,-1,-0.10195659917178805,0.1116001158952713,0.23930073,0.1062812,0.08301952784423826,1
2026-08-10,IOC,48,-1,-0.14923446234288024,0.0866541936993599,-0.16217232,0.1062812,-0.3184535175048828,1
2026-08-10,IOC,50,-1,-0.11916413270720431,0.08160439133644104,-0.063467026,0.1062812,-0.21974822575683595,1
2026-08-10,IOC,57,-1,-0.08880391674930527,0.11325730383396149,0.0140964985,0.10628119999999998,-0.1421847015106201,1
2026-08-10,IOC,58,-1,-0.15086568599966882,0.11071764677762985,0.0070512295,0.1062812,-0.1492299705230713,1
2026-08-10,IOC,59,-1,-0.15145345308338715,0.11328201740980148,0.09868145,0.10628119999999998,-0.05759975010986326,1
2026-08-10,IOC,62,-1,-0.08122876330549604,0.11025349050760269,0.11276603,0.10628119999999998,-0.04351517254943846,1
2026-08-10,IPCALAB,3,1,0.07331188014935937,0.6399891376495361,-1.5646636,0.10628119999999998,-1.7209448486053467,1
2026-08-10,IPCALAB,15,-1,-0.08208286708028432,0.3655252456665039,0.2351284,0.1062812,0.07884720270996091,1
2026-08-10,IRFC,3,1,0.07138122599659245,0.3998378813266754,0.1587987,0.1062812,0.002517494610595694,1
2026-08-10,IRFC,15,-1,-0.07512496586157422,0.19278667867183685,-0.11292696,0.1062812,-0.2692081599914551,1
2026-08-10,ITC,15,-1,-0.07107717384634207,0.13569527864456177,0.1407206,0.1062812,-0.015560594149780282,1
2026-08-10,JINDALSTEL,32,-1,-0.11419369636034885,0.2010919153690338,0.44682622,0.10628119999999998,0.29054501955871587,1
2026-08-10,JINDALSTEL,39,-1,-0.09737907098074489,0.20005176961421967,-0.547421,0.1062812,-0.7037021785461426,1
2026-08-10,JINDALSTEL,48,-1,-0.15585200829528667,0.2236553132534027,-0.17840862,0.10628119999999998,-0.33468982274169917,1
2026-08-10,JINDALSTEL,50,-1,-0.12146960789741106,0.21280448138713837,-0.17840862,0.10628119999999998,-0.33468982274169917,1
2026-08-10,JINDALSTEL,57,-1,-0.08987751890771936,0.16601236164569855,-0.17809868,0.1062812,-0.3343798785888672,1
2026-08-10,JINDALSTEL,58,-1,-0.1542207969009653,0.17339763045310974,-0.11565685,0.10628119999999998,-0.2719380527221679,1
2026-08-10,JINDALSTEL,59,-1,-0.1542549474348449,0.1632346659898758,0.07113218,0.10628119999999998,-0.08514901692504881,1
2026-08-10,JINDALSTEL,62,-1,-0.08038585003792144,0.1377178132534027,0.097733736,0.10628119999999998,-0.05854746396179197,1
2026-08-10,JKCEMENT,3,1,0.07397302469808602,0.4111994206905365,-0.32389164,0.10628119999999998,-0.4801728397094726,1
2026-08-10,JSL,3,1,0.0742572000025546,0.3568272888660431,0.21753311,0.10628120000000002,0.0612519115722656,1
2026-08-10,JSL,15,-1,-0.07527622396218923,0.2351984679698944,-0.013518333,0.10628119999999998,-0.16979953343505857,1
2026-08-10,JSWENERGY,3,1,0.07577202198669088,0.5453036427497864,0.4858613,0.1062812,0.32958010142211913,1
2026-08-10,JSWINFRA,31,-1,-0.08087641024648332,0.1772686243057251,0.10223389,0.10628119999999998,-0.05404731328124998,1
2026-08-10,JSWINFRA,32,-1,-0.13743025395745484,0.18055489659309387,0.14611483,0.10628119999999998,-0.010166373797607403,1
2026-08-10,JSWINFRA,39,-1,-0.11594074988471292,0.21008504927158356,-0.0,0.1062812,-0.1562812,1
2026-08-10,JSWINFRA,40,-1,-0.10192597611148244,0.21974867582321167,-0.10249615,0.1062812,-0.2587773471557617,1
2026-08-10,JSWINFRA,41,-1,-0.083744175300714,0.22259430587291718,-0.08782148,0.10628119999999998,-0.2441026836120605,1
2026-08-10,JSWINFRA,48,-1,-0.2150027807723235,0.17444482445716858,-0.0,0.1062812,-0.1562812,1
2026-08-10,JSWINFRA,49,-1,-0.10716616273332281,0.16713325679302216,0.01462698,0.10628119999999998,-0.14165422017211912,1
2026-08-10,JSWINFRA,50,-1,-0.14728046748580412,0.15559758245944977,-0.07311106,0.10628119999999998,-0.2293922572814941,1
2026-08-10,JSWINFRA,57,-1,-0.17207064910667164,0.09810495376586914,0.26307702,0.1062812,0.10679582064514158,1
2026-08-10,JSWINFRA,58,-1,-0.24435734961569666,0.10129503160715103,0.087714195,0.1062812,-0.06856700474853517,1
2026-08-10,JSWINFRA,59,-1,-0.23896208922985107,0.09811929613351822,0.087702274,0.10628119999999998,-0.06857892567749022,1
2026-08-10,JSWINFRA,61,-1,-0.0967573232385481,0.12331537902355194,-0.04389286,0.1062812,-0.20017406041259767,1
2026-08-10,JSWINFRA,62,-1,-0.1545304003362269,0.1369408667087555,-0.24886131,0.1062812,-0.40514251286621095,1
2026-08-10,JSWSTEEL,3,1,0.07577202198669088,0.43812546133995056,0.6225467,0.1062812,0.46626547282104497,1
2026-08-10,JUBLFOOD,3,1,0.07488343507785249,1.0040082931518555,0.83247423,0.1062812,0.6761930317199707,1
2026-08-10,JUBLFOOD,6,1,0.0716473158338731,0.9009945392608643,0.7068157,0.1062812,0.5505345196044922,1
2026-08-10,KALYANKJIL,3,1,0.07089724027960081,0.9703382253646851,0.7601738,0.1062812,0.6038925976074219,1
2026-08-10,KALYANKJIL,6,1,0.07168592579290832,0.8654837608337402,0.5136967,0.1062812,0.35741547053222655,1
2026-08-10,KEI,3,1,0.07451977821473135,0.5418351292610168,-0.79892874,0.10628120000000002,-0.9552099376403809,1
2026-08-10,KOTAKBANK,31,-1,-0.08087641024648332,0.1703081727027893,-0.32047033,0.1062812,-0.47675153309936524,1
2026-08-10,KOTAKBANK,32,-1,-0.13758151205806984,0.17637857794761658,-0.14073849,0.1062812,-0.29701968724365235,1
2026-08-10,KOTAKBANK,39,-1,-0.12158084289494195,0.1423652321100235,-0.17892122,0.1062812,-0.3352024226867676,1
2026-08-10,KOTAKBANK,40,-1,-0.11373136407058079,0.1313468962907791,-0.05108118,0.1062812,-0.20736238057250977,1
2026-08-10,KOTAKBANK,41,-1,-0.09279223914075278,0.14191195368766785,0.17827153,0.10628119999999998,0.02199033205871584,1
2026-08-10,KOTAKBANK,48,-1,-0.20466298982352307,0.1275678426027298,-0.03825426,0.1062812,-0.1945354610168457,1
2026-08-10,KOTAKBANK,49,-1,-0.1002944830142711,0.13217441737651825,-0.012767315,0.1062812,-0.16904851491088868,1
2026-08-10,KOTAKBANK,50,-1,-0.1500071915958082,0.13116320967674255,-0.0,0.1062812,-0.1562812,1
2026-08-10,KOTAKBANK,57,-1,-0.17476837255182864,0.11203454434871674,0.15298724,0.10628119999999998,-0.003293958255004864,1
2026-08-10,KOTAKBANK,58,-1,-0.2445410614647997,0.11197743564844131,0.16564727,0.1062812,0.009366068295288077,1
2026-08-10,KOTAKBANK,59,-1,-0.23896208922985107,0.11385634541511536,0.16573668,0.10628119999999998,0.00945547526245119,1
2026-08-10,KOTAKBANK,61,-1,-0.09787510990156306,0.10655555129051208,0.1657486,0.1062812,0.009467396191406241,1
2026-08-10,KOTAKBANK,62,-1,-0.1582800686008918,0.10387644171714783,-0.025522709,0.1062812,-0.18180390889282227,1
2026-08-10,KPITTECH,3,1,0.07275433456205595,0.5112160444259644,0.1505971,0.1062812,-0.005684104510498056,1
2026-08-10,KPRMILL,3,1,0.07722825585994943,0.7935370206832886,0.63670874,0.10628119999999998,0.4804275364196778,1
2026-08-10,LAURUSLABS,3,1,0.0727207809261265,0.5489051938056946,-0.2039969,0.1062812,-0.3602780967437744,1
2026-08-10,LAURUSLABS,15,-1,-0.07213264252920482,0.25600749254226685,-0.09135008,0.10628119999999998,-0.24763127858276363,1
2026-08-10,LICHSGFIN,3,1,0.07743501380761313,0.47339046001434326,0.019919872,0.10628120000000002,-0.13636132771606446,1
2026-08-10,LICHSGFIN,15,-1,-0.07260715258815151,0.20327049493789673,0.01989603,0.1062812,-0.13638516957397462,1
2026-08-10,LICI,3,1,0.0755341399258251,0.36231768131256104,0.21612644,0.10628119999999998,0.059845241955566425,1
2026-08-10,LICI,15,-1,-0.07527622396218923,0.16993768513202667,0.4050076,0.1062812,0.24872640078430175,1
2026-08-10,LINDEINDIA,3,1,0.07743501380761313,0.6458480954170227,0.61079264,0.10628119999999998,0.45451143687133794,1
2026-08-10,LLOYDSME,3,1,0.07308518245717635,0.6100438237190247,-0.8087158,0.1062812,-0.9649970203125,1
2026-08-10,LLOYDSME,8,1,0.07347597493326323,0.5593632459640503,-0.59909225,0.10628119999999998,-0.7553734451019287,1
2026-08-10,LODHA,3,1,0.07870522773510776,0.559420645236969,0.35641193,0.10628119999999998,0.20013073389892583,1
2026-08-10,LT,15,-1,-0.07804721314835951,0.19533836841583252,0.1355052,0.1062812,-0.020776000567626962,1
2026-08-10,LT,31,-1,-0.08032073887802652,0.11348717659711838,-0.24636984,0.1062812,-0.4026510387145996,1
2026-08-10,LT,32,-1,-0.13702584068961304,0.11466789990663528,-0.1206398,0.10628119999999998,-0.2769210010253906,1
2026-08-10,LT,39,-1,-0.12440810816315072,0.1011769101023674,0.16229749,0.10628119999999998,0.006016287258911152,1
2026-08-10,LT,40,-1,-0.10140035156599128,0.09593319147825241,0.27304292,0.1062812,0.11676171725158689,1
2026-08-10,LT,41,-1,-0.07764621663750282,0.09457168728113174,0.091046095,0.1062812,-0.06523510510559083,1
2026-08-10,LT,48,-1,-0.1884407031680089,0.11787140369415283,-0.07143021,0.1062812,-0.22771140629882813,1
2026-08-10,LT,49,-1,-0.0793828664569612,0.11423582583665848,-0.17988682,0.10628119999999998,-0.33616801793212886,1
2026-08-10,LT,50,-1,-0.14086877548326712,0.11693704128265381,-0.15016794,0.1062812,-0.30644914204711915,1
2026-08-10,LT,57,-1,-0.14885989736964983,0.12149678170681,-0.009834766,0.1062812,-0.16611596638793946,1
2026-08-10,LT,58,-1,-0.2130194635137927,0.11202424764633179,-0.12780428,0.1062812,-0.2840854793273926,1
2026-08-10,LT,59,-1,-0.21305361404767226,0.11517073214054108,-0.07618666,0.10628119999999998,-0.23246785695190425,1
2026-08-10,LT,61,-1,-0.07506078398877365,0.10917174816131592,-0.076174736,0.10628119999999998,-0.23245593602294917,1
2026-08-10,LT,62,-1,-0.13488711241919998,0.1118759885430336,-0.103247166,0.1062812,-0.25952836567993165,1
2026-08-10,LTF,3,1,0.07577202198669088,0.542159914970398,0.356102,0.1062812,0.19982078974609374,1
2026-08-10,LTTS,3,1,0.07286813341799166,0.6038647294044495,0.30366182,0.10628119999999998,0.14738062327270512,1
2026-08-10,LUPIN,3,1,0.08993156193270084,0.7519962787628174,-1.1640966,0.10628119999999998,-1.3203777938568115,1
2026-08-10,LUPIN,6,1,0.08828603878782948,0.6933620572090149,-0.7921636,0.1062812,-0.948444810458374,1
2026-08-10,LUPIN,50,-1,-0.07038280192091634,0.24183933436870575,-1.0979652,0.10628119999999998,-1.2542464404785156,1
2026-08-10,MAHABANK,15,-1,-0.07347722667358438,0.2234971523284912,0.13933182,0.10628119999999998,-0.016949382373046856,1
2026-08-10,MAHABANK,32,-1,-0.11379969154102033,0.13753800094127655,-0.050997734,0.10628120000000002,-0.20727893406982423,1
2026-08-10,MAHABANK,39,-1,-0.10169807784790806,0.1283300817012787,-0.0,0.1062812,-0.1562812,1
2026-08-10,MAHABANK,48,-1,-0.15493681602108955,0.09645109623670578,-0.39496422,0.1062812,-0.5512454181396484,1
2026-08-10,MAHABANK,50,-1,-0.11874288378740708,0.07280300557613373,-0.24206638,0.1062812,-0.3983475833618164,1
2026-08-10,MAHABANK,57,-1,-0.07999677695541964,0.11257082968950272,-0.24142265,0.1062812,-0.3977038531982422,1
2026-08-10,MAHABANK,58,-1,-0.151770268688685,0.11981845647096634,-0.22871494,0.1062812,-0.3849961429321289,1
2026-08-10,MAHABANK,59,-1,-0.1542549474348449,0.12883073091506958,-0.17777681,0.1062812,-0.3340580135070801,1
2026-08-10,MAHABANK,62,-1,-0.08390808343574009,0.1493937224149704,-0.10139942,0.1062812,-0.25768062169189454,1
2026-08-10,MANKIND,15,-1,-0.07304397136429738,0.25364503264427185,0.3141582,0.10628119999999998,0.1578770012176514,1
2026-08-10,MANKIND,32,-1,-0.08921800993006836,0.11966174095869064,0.22530556,0.1062812,0.06902435725097655,1
2026-08-10,MANKIND,39,-1,-0.07621648362943692,0.12434643507003784,0.28325915,0.1062812,0.12697795336608886,1
2026-08-10,MANKIND,48,-1,-0.11252204745724793,0.10787757486104965,-0.3702283,0.10628120000000002,-0.5265094905578613,1
2026-08-10,MANKIND,50,-1,-0.10735329942731549,0.11113422363996506,-0.114929676,0.1062812,-0.2712108760559082,1
2026-08-10,MANKIND,58,-1,-0.11208230797904138,0.10543034225702286,0.17219782,0.1062812,0.015916618756103507,1
2026-08-10,MANKIND,59,-1,-0.11412977424225931,0.10629598796367645,0.2582729,0.10628119999999998,0.10199168627624515,1
2026-08-10,MARICO,32,-1,-0.09129096009014476,0.13880209624767303,0.19312501,0.1062812,0.036843809536743155,1
2026-08-10,MARICO,39,-1,-0.07660027740360616,0.1294209361076355,-0.01758337,0.10628119999999998,-0.17386457020874022,1
2026-08-10,MARICO,48,-1,-0.11393783724776485,0.12385289371013641,-0.19917488,0.1062812,-0.3554560809814453,1
2026-08-10,MARICO,50,-1,-0.10735329942731549,0.13363726437091827,0.07600784,0.1062812,-0.08027335698242188,1
2026-08-10,MARICO,58,-1,-0.11195285383411657,0.11779632419347763,-0.13446808,0.1062812,-0.29074927861328126,1
2026-08-10,MARICO,59,-1,-0.11216793166733521,0.1178169921040535,-0.14622211,0.1062812,-0.3025033145629883,1
2026-08-10,MARUTI,3,1,0.07233150930194952,0.4568076729774475,-0.11377931,0.1062812,-0.2700605064117432,1
2026-08-10,MARUTI,15,-1,-0.07527622396218923,0.15626110136508942,-0.05682707,0.1062812,-0.21310826832885743,1
2026-08-10,MAXHEALTH,15,-1,-0.07527622396218923,0.2301766574382782,-0.6463766,0.1062812,-0.8026578098022461,1
2026-08-10,MAZDOCK,3,1,0.07284149806695901,0.65321946144104,0.758636,0.1062812,0.6023547977722168,1
2026-08-10,MCX,3,1,0.09117692022539843,0.8581644892692566,0.8332133,0.1062812,0.6769321293151855,1
2026-08-10,MCX,24,-1,-0.07223544515704416,0.3654577136039734,-0.9266138,0.10628119999999998,-1.0828950076782227,1
2026-08-10,MCX,65,1,0.07950701460365658,0.27144554257392883,0.24547577,0.1062812,0.08919456904296873,1
2026-08-10,MCX,66,1,0.08416003463351053,0.276649534702301,0.14424324,0.1062812,-0.012037959643554696,1
2026-08-10,MCX,67,1,0.07934624823804744,0.2746180593967438,-0.41504502,0.10628119999999998,-0.5713262229644775,1
2026-08-10,MEDANTA,3,1,0.07948039334967151,0.8531194925308228,0.04069805,0.1062812,-0.11558314854736329,1
2026-08-10,MEDANTA,6,1,0.07498021829244302,0.8117207884788513,-0.6586969,0.1062812,-0.8149780898773193,1
2026-08-10,MFSL,3,1,0.0907618486665204,0.6349940896034241,-0.55107474,0.10628120000000002,-0.707355943270874,1
2026-08-10,MFSL,6,1,0.07534156092203026,0.44495511054992676,-0.25567412,0.1062812,-0.4119553237640381,1
2026-08-10,MFSL,8,1,0.07234673388567472,0.42697450518608093,0.10133982,0.1062812,-0.05494138295288087,1
2026-08-10,MFSL,15,-1,-0.07361006206245346,0.2487645298242569,-0.5804539,0.10628119999999998,-0.7367350726806641,1
2026-08-10,MOTILALOFS,3,1,0.07323014776964187,0.3751017451286316,0.7065058,0.1062812,0.5502245754516601,1
2026-08-10,MPHASIS,3,1,0.07165205379072402,0.44702085852622986,0.6765485,0.10628119999999998,0.5202672809875488,1
2026-08-10,MRF,15,-1,-0.07347722667358438,0.11337023973464966,0.07818937,0.07063032313363367,-0.04244095011727625,1
2026-08-10,MRF,32,-1,-0.0887955219754851,0.08033452928066254,-0.11919737,0.07064472529240856,-0.23984209391423472,1
2026-08-10,MRF,39,-1,-0.07704631717263857,0.07494179904460907,0.01116395,0.07060286083785997,-0.1094389108714293,1
2026-08-10,MRF,50,-1,-0.07212925341936306,0.05426368862390518,-0.044691563,0.07064210584028605,-0.16533366849287395,1
2026-08-10,MRF,58,-1,-0.08138666894430031,0.07658759504556656,0.074487925,0.07063948677839853,-0.046151562202592866,1
2026-08-10,MRF,59,-1,-0.08142081947817995,0.07765420526266098,0.11177063,0.07065258599105811,-0.008881956108245617,1
2026-08-10,MUTHOOTFIN,3,1,0.07366851785159219,0.4408408999443054,1.099515,0.10628120000000002,0.9432337612426758,1
2026-08-10,M_AND_M,3,1,0.07509148334349355,0.42528048157691956,-0.25280118,0.10628119999999998,-0.4090823798858642,1
2026-08-10,M_AND_M,15,-1,-0.07095943614062748,0.19206196069717407,0.008535385,0.10628119999999998,-0.14774581486816404,1
2026-08-10,M_AND_MFIN,3,1,0.07422597739984935,1.0563805103302002,2.272439,0.10628119999999998,2.1161578029907226,1
2026-08-10,M_AND_MFIN,32,-1,-0.09048372365399804,0.3608635663986206,0.70269704,0.10628119999999998,0.5464158386505127,1
2026-08-10,M_AND_MFIN,39,-1,-0.0798804188763362,0.297183096408844,-0.5856633,0.1062812,-0.7419445186340332,1
2026-08-10,M_AND_MFIN,40,-1,-0.07423298541183716,0.28585362434387207,-0.6102085,0.1062812,-0.7664897113525391,1
2026-08-10,M_AND_MFIN,48,-1,-0.16883912835974527,0.26499858498573303,0.07278323,0.1062812,-0.08349796826477052,1
2026-08-10,M_AND_MFIN,49,-1,-0.07175144255189704,0.25636953115463257,0.121331215,0.1062812,-0.03494998509521485,1
2026-08-10,M_AND_MFIN,50,-1,-0.12943863874558967,0.270752489566803,-0.072944164,0.1062812,-0.22922536427612306,1
2026-08-10,M_AND_MFIN,57,-1,-0.15233216456389417,0.17353986203670502,-0.048601627,0.10628119999999998,-0.20488282734985347,1
2026-08-10,M_AND_MFIN,58,-1,-0.2137001415216434,0.17865954339504242,-0.07288456,0.1062812,-0.22916575963134767,1
2026-08-10,M_AND_MFIN,59,-1,-0.21446720565099095,0.18115180730819702,0.024282932,0.10628119999999998,-0.13199826771850584,1
2026-08-10,M_AND_MFIN,61,-1,-0.07635252674438567,0.18232807517051697,-0.24318695,0.1062812,-0.39946815068359376,1
2026-08-10,M_AND_MFIN,62,-1,-0.1365049880808992,0.18626165390014648,-0.0970602,0.1062812,-0.2533414035522461,1
2026-08-10,NAM-INDIA,3,1,0.07689048063209841,0.5331717729568481,-0.35554767,0.1062812,-0.5118288665496826,1
2026-08-10,NATIONALUM,3,1,0.07509148334349355,0.6843065619468689,0.96530914,0.10628119999999998,0.8090279430664062,1
2026-08-10,NAUKRI,6,1,0.07197617811582974,1.0388156175613403,1.0301948,0.1062812,0.8739135593688965,1
2026-08-10,NAUKRI,8,1,0.07031425783362846,0.9078058004379272,0.38981438,0.1062812,0.23353317683105468,1
2026-08-10,NESTLEIND,15,-1,-0.07790402592914115,0.18775103986263275,0.5400181,0.10628119999999998,0.3837368816650391,1
2026-08-10,NESTLEIND,31,-1,-0.08312730600134195,0.1701357513666153,0.11743307,0.10628119999999998,-0.03884812886352537,1
2026-08-10,NESTLEIND,32,-1,-0.13705855733736047,0.17167942225933075,0.14367104,0.1062812,-0.012610164233398446,1
2026-08-10,NESTLEIND,39,-1,-0.12045126349493718,0.1200522854924202,0.019621849,0.1062812,-0.13665935093994142,1
2026-08-10,NESTLEIND,40,-1,-0.10659029430796434,0.11731811612844467,-0.06543398,0.10628119999999998,-0.22171517903442378,1
2026-08-10,NESTLEIND,41,-1,-0.08898832674766538,0.13071896135807037,-0.08493662,0.1062812,-0.24121781880493165,1
2026-08-10,NESTLEIND,48,-1,-0.21589099483891286,0.1310235559940338,0.03916025,0.10628119999999998,-0.11712094838256834,1
2026-08-10,NESTLEIND,49,-1,-0.0994598927252033,0.14110130071640015,-0.23547411,0.1062812,-0.3917553096496582,1
2026-08-10,NESTLEIND,50,-1,-0.15010111076686006,0.1447635442018509,-0.12421608,0.1062812,-0.28049727971191407,1
2026-08-10,NESTLEIND,57,-1,-0.17803768953714463,0.13805314898490906,0.32658577,0.1062812,0.1703045696533203,1
2026-08-10,NESTLEIND,58,-1,-0.2398707739579214,0.14280103147029877,0.30704737,0.10628119999999998,0.1507661670959473,1
2026-08-10,NESTLEIND,59,-1,-0.23120560114548014,0.14815691113471985,0.32061934,0.1062812,0.1643381447113037,1
2026-08-10,NESTLEIND,61,-1,-0.08909576602121128,0.15482181310653687,0.21612644,0.10628119999999998,0.059845241955566425,1
2026-08-10,NESTLEIND,62,-1,-0.1530372367875128,0.15379536151885986,0.04580617,0.1062812,-0.11047503049011231,1
2026-08-10,NHPC,15,-1,-0.07224483653522416,0.2548706829547882,-0.21990538,0.1062812,-0.3761865764343262,1
2026-08-10,NIACL,15,-1,-0.07810018588940557,0.24375511705875397,-0.42444468,0.1062812,-0.5807258754455566,1
2026-08-10,NIACL,32,-1,-0.13052210867710687,0.2439238429069519,-0.14709234,0.1062812,-0.303373542376709,1
2026-08-10,NIACL,39,-1,-0.11956152923979912,0.16867399215698242,0.18634796,0.1062812,0.03006676142578124,1
2026-08-10,NIACL,40,-1,-0.10923607437899668,0.1709604561328888,0.24830699,0.10628119999999998,0.09202578966979984,1
2026-08-10,NIACL,41,-1,-0.08761213357465604,0.16456469893455505,0.2033472,0.10628119999999998,0.047066006115722675,1
2026-08-10,NIACL,48,-1,-0.1854127160596307,0.12694580852985382,0.10737181,0.1062812,-0.04890939290161134,1
2026-08-10,NIACL,49,-1,-0.08420435639632406,0.1305035650730133,0.039613247,0.1062812,-0.1166679530822754,1
2026-08-10,NIACL,50,-1,-0.14068506363416408,0.12396179884672165,0.06222725,0.10628119999999998,-0.09405395085449217,1
2026-08-10,NIACL,57,-1,-0.1465334156462837,0.121299609541893,-1.340425,0.1062812,-1.4967062144958496,1
2026-08-10,NIACL,58,-1,-0.20679848269684528,0.12454074621200562,-1.7436624,0.1062812,-1.8999435573303223,1
2026-08-10,NIACL,59,-1,-0.21305361404767226,0.1280716210603714,-1.6063333,0.1062812,-1.7626144557678223,1
2026-08-10,NIACL,61,-1,-0.08418140681365388,0.19909274578094482,-0.8643031,0.1062812,-1.0205843120300293,1
2026-08-10,NIACL,62,-1,-0.14350758782295892,0.2101670652627945,-0.7565141,0.10628119999999998,-0.9127952724182129,1
2026-08-10,NLCINDIA,15,-1,-0.0945830576598696,0.5324241518974304,0.22360682,0.1062812,0.06732562487487792,1
2026-08-10,NLCINDIA,25,-1,-0.07438965311633322,0.2562023997306824,0.017249584,0.1062812,-0.13903161580200196,1
2026-08-10,NLCINDIA,31,-1,-0.09830794142327046,0.21921393275260925,0.36206245,0.1062812,0.2057812542236328,1
2026-08-10,NLCINDIA,32,-1,-0.17250173979761188,0.21312904357910156,0.36213994,0.1062812,0.2058587402618408,1
2026-08-10,NLCINDIA,39,-1,-0.16670388261701546,0.2324092537164688,0.7268965,0.1062812,0.5706153244293213,1
2026-08-10,NLCINDIA,40,-1,-0.1569432728615223,0.22969813644886017,0.9336114,0.1062812,0.7773301929748535,1
2026-08-10,NLCINDIA,41,-1,-0.0719854957293675,0.2690506875514984,0.3992319,0.1062812,0.2429507107055664,1
2026-08-10,NLCINDIA,48,-1,-0.1912051565097574,0.3585105240345001,-0.10460615,0.10628119999999998,-0.2608873515808105,1
2026-08-10,NLCINDIA,50,-1,-0.18435387708039688,0.32614436745643616,0.19170046,0.1062812,0.03541925852661132,1
2026-08-10,NLCINDIA,57,-1,-0.1885854036717099,0.2731410264968872,0.15725493,0.10628119999999998,0.0009737343109131047,1
2026-08-10,NLCINDIA,58,-1,-0.24540917980931393,0.2357250452041626,0.22706985,0.1062812,0.07078865473632812,1
2026-08-10,NLCINDIA,59,-1,-0.26786828261014506,0.23834450542926788,0.349468,0.10628119999999998,0.19318679278259282,1
2026-08-10,NLCINDIA,61,-1,-0.10656148006671873,0.251305490732193,0.052511692,0.1062812,-0.10376950795288087,1
2026-08-10,NLCINDIA,62,-1,-0.17307476841794275,0.25237950682640076,0.06994605,0.1062812,-0.08633514935607911,1
2026-08-10,NMDC,3,1,0.07397302469808602,0.349918395280838,1.9054413,0.10628119999999998,1.7491600841796875,1
2026-08-10,NYKAA,3,1,0.07587407173136175,0.4207109212875366,0.030326843,0.1062812,-0.12595435673828126,1
2026-08-10,OBEROIRLTY,3,1,0.07438278568239252,0.511012613773346,0.2774477,0.1062812,0.12116650050048826,1
2026-08-10,OFSS,3,1,0.07839907599129828,0.6291981935501099,-0.35729408,0.1062812,-0.5135752826416016,1
2026-08-10,OIL,3,1,0.08980046220782435,1.4238790273666382,-1.2048185,0.1062812,-1.3610996871673584,1
2026-08-10,OIL,6,1,0.07325591675849909,1.036816954612732,0.0,0.10628119999999998,-0.15628119999999998,1
2026-08-10,ONGC,3,1,0.07275433456205595,0.4601615071296692,-0.28799176,0.10628119999999998,-0.44427296216125484,1
2026-08-10,ONGC,15,-1,-0.07020341038479137,0.15942056477069855,-0.21356344,0.10628119999999998,-0.36984464223022456,1
2026-08-10,PAGEIND,3,1,0.0850626173055812,0.778579592704773,-0.22787452,0.10628119999999998,-0.38415571744079585,1
2026-08-10,PAGEIND,6,1,0.08207637320905856,0.5870096683502197,-0.51997304,0.1062812,-0.6762542396270752,1
2026-08-10,PAGEIND,65,1,0.08028641681117174,0.32668882608413696,0.14221668,0.10628120000000002,-0.014064517565917992,1
2026-08-10,PAGEIND,66,1,0.071473883432498,0.3367096483707428,0.03874302,0.10628120000000002,-0.11753818089599612,1
2026-08-10,PATANJALI,3,1,0.0779989805824962,0.46478700637817383,-0.33802986,0.1062812,-0.4943110614501953,1
2026-08-10,PATANJALI,15,-1,-0.07099705456907943,0.251031756401062,0.0705719,0.10628119999999998,-0.08570930058593748,1
2026-08-10,PAYTM,3,1,0.08886679619333275,0.9574548006057739,0.8903384,0.1062812,0.7340572208679199,1
2026-08-10,PAYTM,64,1,0.0892641314238681,0.3806214928627014,0.44879913,0.1062812,0.29251793330078124,1
2026-08-10,PAYTM,65,1,0.10046251159409972,0.391735315322876,0.40436983,0.10628119999999998,0.24808863108520512,1
2026-08-10,PAYTM,66,1,0.10142636533998835,0.3933418393135071,0.34730434,0.1062812,0.19102314417724608,1
2026-08-10,PAYTM,67,1,0.10173364300296597,0.3676072657108307,0.0063061714,0.1062812,-0.14997502858276368,1
2026-08-10,PETRONET,15,-1,-0.07804721314835951,0.23766465485095978,-0.053977966,0.1062812,-0.21025916630859376,1
2026-08-10,PETRONET,31,-1,-0.07945221115441085,0.16151461005210876,0.05427003,0.10628119999999998,-0.10201117093200682,1
2026-08-10,PETRONET,32,-1,-0.13615731296599734,0.1654207408428192,0.03618598,0.1062812,-0.12009522015686036,1
2026-08-10,PETRONET,39,-1,-0.12440810816315072,0.11896156519651413,-0.01809597,0.1062812,-0.1743771701538086,1
2026-08-10,PETRONET,40,-1,-0.10855125850448405,0.11378980427980423,-0.09055138,0.1062812,-0.24683257634277345,1
2026-08-10,PETRONET,41,-1,-0.08761213357465604,0.1021527498960495,-0.07240772,0.1062812,-0.22868892247314454,1
2026-08-10,PETRONET,48,-1,-0.1905182265317117,0.07752975821495056,-0.37989616,0.1062812,-0.5361773639404297,1
2026-08-10,PETRONET,49,-1,-0.08670283037757236,0.07366608083248138,-0.1628995,0.1062812,-0.3191806941711426,1
2026-08-10,PETRONET,50,-1,-0.1374146730706435,0.08799392729997635,-0.27173758,0.1062812,-0.42801877553100587,1
2026-08-10,PETRONET,57,-1,-0.14885989736964983,0.13808327913284302,-0.27120113,0.1062812,-0.42748233372802735,1
2026-08-10,PETRONET,58,-1,-0.20432926650591537,0.14061281085014343,-0.21672249,0.10628119999999998,-0.37300368840332027,1
2026-08-10,PETRONET,59,-1,-0.21305361404767226,0.1340416520833969,-0.12636185,0.1062812,-0.28264304692382813,1
2026-08-10,PETRONET,61,-1,-0.07506078398877365,0.13139186799526215,0.018030405,0.1062812,-0.13825079495544434,1
2026-08-10,PETRONET,62,-1,-0.13807581488101522,0.14043448865413666,0.07215738,0.10628120000000002,-0.08412381703491213,1
2026-08-10,PFC,6,1,0.08237909972229092,0.7461105585098267,-0.33416152,0.1062812,-0.49044272000427247,1
2026-08-10,PFC,8,1,0.0825590677341642,0.6341337561607361,-0.62034726,0.10628119999999998,-0.776628461428833,1
2026-08-10,PFC,11,1,0.0736106246710744,0.5793235301971436,-0.5720675,0.10628120000000002,-0.7283486991607666,1
2026-08-10,PFC,20,-1,-0.07049938873547915,0.3625403642654419,0.7303834,0.1062812,0.5741021961486816,1
2026-08-10,PFC,32,-1,-0.10978875013143248,0.32930710911750793,0.6622553,0.10628119999999998,0.5059740871704101,1
2026-08-10,PFC,39,-1,-0.07229151141825864,0.3287542462348938,1.2564063,0.1062812,1.100125107220459,1
2026-08-10,PFC,40,-1,-0.0756242806739907,0.3445429801940918,1.1545837,0.1062812,0.9983024925506592,1
2026-08-10,PFC,41,-1,-0.08831943706760127,0.35383370518684387,0.74656606,0.1062812,0.5902848572052002,1
2026-08-10,PFC,44,-1,-0.07097519062690472,0.3361341059207916,0.1034081,0.1062812,-0.052873101779174814,1
2026-08-10,PFC,48,-1,-0.1709192320527693,0.3334748148918152,-0.35015345,0.1062812,-0.5064346461975098,1
2026-08-10,PFC,49,-1,-0.0729757007742795,0.32530757784843445,-0.3113985,0.1062812,-0.4676797061645508,1
2026-08-10,PFC,50,-1,-0.17396350268940117,0.3194977045059204,-0.07777214,0.10628119999999998,-0.23405334050292964,1
2026-08-10,PFC,57,-1,-0.19273483280817635,0.24148869514465332,0.23316145,0.1062812,0.07688024943237302,1
2026-08-10,PFC,58,-1,-0.24125373319400434,0.23325194418430328,0.06479025,0.10628119999999998,-0.09149095112915037,1
2026-08-10,PFC,59,-1,-0.23570443015777973,0.21210123598575592,0.19450188,0.10628119999999998,0.038220676831054706,1
2026-08-10,PFC,61,-1,-0.09805305072837059,0.19182421267032623,0.077837706,0.10628119999999998,-0.07844349438781736,1
2026-08-10,PFC,62,-1,-0.17093495735144956,0.18436303734779358,0.23351908,0.10628119999999998,0.07723787730102542,1
2026-08-10,PHOENIXLTD,3,1,0.07602526730289426,0.47122427821159363,-0.18460155,0.1062812,-0.3408827453338623,1
2026-08-10,PIIND,3,1,0.07752590783538231,0.5595250725746155,-0.23216009,0.1062812,-0.3884412914001465,1
2026-08-10,PNB,3,1,0.07272112123500454,0.3877829909324646,-0.026291609,0.1062812,-0.1825728088104248,1
2026-08-10,POLICYBZR,3,1,0.07839907599129828,0.4609907567501068,0.4139185,0.1062812,0.25763729517822265,1
2026-08-10,POWERGRID,15,-1,-0.07347722667358438,0.167989581823349,0.14814734,0.1062812,-0.00813385541076661,1
2026-08-10,POWERGRID,32,-1,-0.08864426387487008,0.08614158630371094,-0.5193949,0.10628119999999998,-0.6756760745727539,1
2026-08-10,POWERGRID,39,-1,-0.07617778944902293,0.11335904151201248,0.16608834,0.1062812,0.009807142666625968,1
2026-08-10,POWERGRID,48,-1,-0.07036139663959147,0.11335743218660355,-0.16607046,0.1062812,-0.32235166127319337,1
2026-08-10,POWERGRID,50,-1,-0.07173390870412914,0.1081852838397026,-0.16622543,0.1062812,-0.3225066333496094,1
2026-08-10,POWERGRID,58,-1,-0.07803155804300385,0.14225351810455322,0.036889315,0.1062812,-0.11939188534851075,1
2026-08-10,POWERGRID,59,-1,-0.07927526505415282,0.13174082338809967,0.092202425,0.10628120000000002,-0.06407877499694827,1
2026-08-10,POWERINDIA,3,1,0.10386315352287125,1.4643161296844482,0.7392645,0.1062812,0.5829832882202148,1
2026-08-10,POWERINDIA,8,1,0.0864459675053526,1.0216022729873657,1.6230106,0.1062812,1.4667294353759766,1
2026-08-10,POWERINDIA,9,1,0.07331990345916081,0.9997175931930542,0.7347703,0.10628119999999998,0.5784890980041504,1
2026-08-10,PRESTIGE,3,1,0.07839907599129828,0.547734260559082,0.19747019,0.1062812,0.04118898814086913,1
2026-08-10,RADICO,3,1,0.0734306378336951,0.5322441458702087,0.53527355,0.1062812,0.37899235194091796,1
2026-08-10,RADICO,15,-1,-0.07347722667358438,0.2385118305683136,-0.3248453,0.1062812,-0.4811265140258789,1
2026-08-10,RADICO,32,-1,-0.09170454611068916,0.14292702078819275,-0.36501884,0.1062812,-0.5213000446044922,1
2026-08-10,RADICO,39,-1,-0.07704631717263857,0.1305137723684311,0.41410923,0.10628119999999998,0.25782803004150395,1
2026-08-10,RADICO,50,-1,-0.0742769209650301,0.22430723905563354,-0.043940544,0.10628119999999998,-0.20022174412841792,1
2026-08-10,RADICO,58,-1,-0.07940518628057561,0.22353284060955048,0.16231537,0.10628119999999998,0.006034168652343769,1
2026-08-10,RADICO,59,-1,-0.07683245591913064,0.20731014013290405,-0.008785725,0.10628120000000002,-0.1650669246398926,1
2026-08-10,RECLTD,3,1,0.08312725410418233,0.8507636785507202,-0.20920634,0.1062812,-0.36548754269714356,1
2026-08-10,RECLTD,6,1,0.08143254138462365,0.5991479754447937,-0.1398027,0.10628119999999998,-0.29608389432067866,1
2026-08-10,RECLTD,8,1,0.08028540536329563,0.5100680589675903,-0.48958063,0.1062812,-0.6458618312561035,1
2026-08-10,RECLTD,11,1,0.07214265956928519,0.46704891324043274,-0.28030872,0.10628119999999998,-0.436589923449707,1
2026-08-10,RECLTD,32,-1,-0.10085438445765835,0.2727614641189575,0.2860427,0.1062812,0.1297614902770996,1
2026-08-10,RECLTD,39,-1,-0.0796221780088259,0.2827640771865845,1.147449,0.10628119999999998,0.9911678165710449,1
2026-08-10,RECLTD,40,-1,-0.07610352625985586,0.28690290451049805,1.1619508,0.1062812,1.0056696266448975,1
2026-08-10,RECLTD,48,-1,-0.17377211921549016,0.2587229013442993,-0.2028346,0.10628119999999998,-0.35911580617065425,1
2026-08-10,RECLTD,50,-1,-0.1432764646901374,0.2599088251590729,0.04348755,0.1062812,-0.11279365117187501,1
2026-08-10,RECLTD,57,-1,-0.11595070402164626,0.28695690631866455,0.27560592,0.1062812,0.11932471697692869,1
2026-08-10,RECLTD,58,-1,-0.18018859176642849,0.27823907136917114,-0.07265806,0.1062812,-0.22893926198120118,1
2026-08-10,RECLTD,59,-1,-0.1822969236491461,0.27823907136917114,0.10174513,0.1062812,-0.05453607136840821,1
2026-08-10,RECLTD,62,-1,-0.10676054581589021,0.286129355430603,0.4355371,0.1062812,0.2792558998382568,1
2026-08-10,RELIANCE,15,-1,-0.07347722667358438,0.14909090101718903,-0.15070438,0.10628120000000002,-0.30698558385009767,1
2026-08-10,RELIANCE,32,-1,-0.13143987523882456,0.16635096073150635,-0.2788663,0.10628120000000002,-0.4351474910461426,1
2026-08-10,RELIANCE,39,-1,-0.11968686358776057,0.15193156898021698,0.39086342,0.1062812,0.23458221857910155,1
2026-08-10,RELIANCE,40,-1,-0.10451482980360653,0.14600369334220886,0.435853,0.10628120000000002,0.2795718044555664,1
2026-08-10,RELIANCE,41,-1,-0.0774117585295113,0.15386554598808289,0.25607347,0.1062812,0.09979227488403318,1
2026-08-10,RELIANCE,48,-1,-0.17545442034967504,0.13646180927753448,-0.21140575,0.1062812,-0.3676869540893555,1
2026-08-10,RELIANCE,50,-1,-0.13814205137326305,0.12665727734565735,0.030177832,0.1062812,-0.12610336835021974,1
2026-08-10,RELIANCE,57,-1,-0.12751950612910165,0.12182487547397614,-0.11318922,0.10628119999999998,-0.26947042042846675,1
2026-08-10,RELIANCE,58,-1,-0.19344207843301053,0.1238783448934555,-0.03015995,0.1062812,-0.18644115025634767,1
2026-08-10,RELIANCE,59,-1,-0.19683133986818652,0.11365346610546112,0.0377059,0.10628119999999998,-0.11857530171508787,1
2026-08-10,RELIANCE,62,-1,-0.1264844758690818,0.1157551109790802,0.0075399876,0.1062812,-0.1487412124359131,1
2026-08-10,RVNL,3,1,0.07751811284768964,0.48270395398139954,-0.12991428,0.1062812,-0.2861954837524414,1
2026-08-10,RVNL,15,-1,-0.07346717547882352,0.24436897039413452,-0.22466183,0.1062812,-0.38094302708740235,1
2026-08-10,SAIL,3,1,0.07275433456205595,0.7908431887626648,1.4377832,0.1062812,1.2815020412719726,1
2026-08-10,SAIL,6,1,0.07195775929786322,0.7936057448387146,0.5387187,0.1062812,0.38243750040893554,1
2026-08-10,SAIL,39,-1,-0.09935176148516034,0.43157872557640076,0.6340146,0.1062812,0.4777334064758301,1
2026-08-10,SAIL,41,-1,-0.07259132635731443,0.5424004197120667,-0.0,0.1062812,-0.1562812,1
2026-08-10,SBICARD,3,1,0.08317555237567807,0.6908197402954102,0.40684938,0.10628119999999998,0.2505681843078614,1
2026-08-10,SBICARD,6,1,0.07697117120566305,0.5166538953781128,0.21454096,0.10628119999999998,0.058259758404541034,1
2026-08-10,SBILIFE,3,1,0.07094221897608666,0.3830387592315674,-0.6744385,0.1062812,-0.8307196765625,1
2026-08-10,SBILIFE,15,-1,-0.07573446915514712,0.24417315423488617,-0.20010471,0.1062812,-0.3563859134399414,1
2026-08-10,SBIN,3,1,0.08034731962937207,0.8861677646636963,0.41639805,0.1062812,0.2601168484008789,1
2026-08-10,SCHAEFFLER,3,1,0.07397302469808602,0.537356972694397,0.6031394,0.1062812,0.4468582004821777,1
2026-08-10,SHREECEM,3,1,0.07317700487377121,0.5760368704795837,0.076818466,0.10628119999999998,-0.07946273381347654,1
2026-08-10,SHRIRAMFIN,3,1,0.07106288363293757,0.5677748918533325,0.13464689,0.10628119999999998,-0.02163430745239256,1
2026-08-10,SIEMENS,3,1,0.0715962854161507,0.5941653847694397,0.96594095,0.1062812,0.8096597523010254,1
2026-08-10,SIEMENS,32,-1,-0.1143904932789894,0.185112863779068,0.36752224,0.1062812,0.21124103968505858,1
2026-08-10,SIEMENS,39,-1,-0.099789094626295,0.18317200243473053,0.9651303,0.10628119999999998,0.8088491291320801,1
2026-08-10,SIEMENS,48,-1,-0.12205755692314028,0.31084221601486206,-0.38383007,0.1062812,-0.5401112704956055,1
2026-08-10,SIEMENS,50,-1,-0.1179640870590719,0.33345282077789307,0.03544092,0.1062812,-0.12084027821655274,1
2026-08-10,SIEMENS,57,-1,-0.07665420825890265,0.28129228949546814,0.28122663,0.10628119999999998,0.12494543497924808,1
2026-08-10,SIEMENS,58,-1,-0.1239388003613921,0.29085472226142883,0.14930964,0.1062812,-0.006971564837646493,1
2026-08-10,SIEMENS,59,-1,-0.1175949092865534,0.2922985255718231,0.27108788,0.10628119999999998,0.11480668490295413,1
2026-08-10,SJVN,3,1,0.07299765068052781,0.3216010332107544,0.23669004,0.10628119999999998,0.0804088444030762,1
2026-08-10,SJVN,15,-1,-0.07287617113494693,0.1715967208147049,0.014740229,0.10628119999999998,-0.14154097134704588,1
2026-08-10,SOLARINDS,3,1,0.07010795409828885,0.5006207227706909,0.16739368,0.1062812,0.011112484387207022,1
2026-08-10,SRF,3,1,0.07304803894400674,0.38257506489753723,0.20006895,0.10628119999999998,0.04378775065307619,1
2026-08-10,SRF,65,1,0.08457808984790088,0.34161025285720825,0.22654533,0.10628119999999998,0.0702641338623047,1
2026-08-10,SRF,66,1,0.0816118435169439,0.3359077572822571,0.19960403,0.10628119999999998,0.043322834423828144,1
2026-08-10,SUNDARMFIN,15,-1,-0.08056546900314392,0.24023184180259705,0.004351139,0.10628119999999998,-0.15193006093139647,1
2026-08-10,SUNDARMFIN,31,-1,-0.0745490722315544,0.23464365303516388,0.27592778,0.10628119999999998,0.11964658205871585,1
2026-08-10,SUNDARMFIN,32,-1,-0.1363502159422457,0.22556951642036438,0.395298,0.10628119999999998,0.23901680415039067,1
2026-08-10,SUNDARMFIN,39,-1,-0.12322936344769543,0.21992354094982147,0.09812713,0.10628119999999998,-0.058154073306274395,1
2026-08-10,SUNDARMFIN,40,-1,-0.10317361961083497,0.20974887907505035,0.08494854,0.10628120000000002,-0.0713326602661133,1
2026-08-10,SUNDARMFIN,41,-1,-0.09391651787660091,0.20142920315265656,0.08499026,0.10628119999999998,-0.07129093701477049,1
2026-08-10,SUNDARMFIN,48,-1,-0.1947450874699538,0.1908506453037262,-0.10687113,0.1062812,-0.2631523280822754,1
2026-08-10,SUNDARMFIN,49,-1,-0.09361811044244844,0.18241631984710693,-0.061118603,0.10628119999999998,-0.2173998027526855,1
2026-08-10,SUNDARMFIN,50,-1,-0.139040516056585,0.17346616089344025,-0.04799366,0.10628119999999998,-0.20427485997314448,1
2026-08-10,SUNDARMFIN,57,-1,-0.15842490951638927,0.15417994558811188,0.13082027,0.1062812,-0.025460925646972665,1
2026-08-10,SUNDARMFIN,58,-1,-0.22025799393716602,0.1563165783882141,0.1852572,0.1062812,0.028975996426391593,1
2026-08-10,SUNDARMFIN,59,-1,-0.2126605701814699,0.17654389142990112,-0.113642216,0.10628119999999998,-0.2699234157287597,1
2026-08-10,SUNDARMFIN,61,-1,-0.07754468920108673,0.16355445981025696,0.0021755695,0.10628119999999998,-0.15410563046569822,1
2026-08-10,SUNDARMFIN,62,-1,-0.14307272921013325,0.15841154754161835,0.22912025,0.1062812,0.07283905451660155,1
2026-08-10,SUNPHARMA,15,-1,-0.07390540901535245,0.2147170901298523,-0.06668568,0.10628119999999998,-0.22296687657470698,1
2026-08-10,SUPREMEIND,15,-1,-0.07322768321340041,0.24517126381397247,-0.7584572,0.1062812,-0.9147383838378906,1
2026-08-10,SUPREMEIND,32,-1,-0.08681185584925295,0.20541484653949738,-0.18284321,0.1062812,-0.3391244083129883,1
2026-08-10,SUPREMEIND,39,-1,-0.0753463204104777,0.1820991039276123,-0.33333302,0.1062812,-0.48961421544189454,1
2026-08-10,SUPREMEIND,48,-1,-0.07036139663959147,0.15662352740764618,-0.092327595,0.10628119999999998,-0.24860879475708003,1
2026-08-10,SUPREMEIND,50,-1,-0.07446063281413312,0.14757734537124634,-0.21935701,0.1062812,-0.3756382137023926,1
2026-08-10,SUPREMEIND,58,-1,-0.08138666894430031,0.1283816248178482,0.11231899,0.10628120000000002,-0.04396220738525393,1
2026-08-10,SUPREMEIND,59,-1,-0.08142081947817995,0.13034892082214355,0.063329935,0.10628119999999998,-0.09295126492614744,1
2026-08-10,SUZLON,3,1,0.08598966303933198,0.6769506335258484,0.5666256,0.1062812,0.41034439509277343,1
2026-08-10,TATACOMM,31,-1,-0.08069269839738029,0.2341001331806183,0.028061867,0.1062812,-0.1282193332397461,1
2026-08-10,TATACOMM,32,-1,-0.13312637014904785,0.23552760481834412,0.039297342,0.10628119999999998,-0.11698385769958494,1
2026-08-10,TATACOMM,39,-1,-0.11830558826446537,0.11313747614622116,1.3595462,0.10628119999999998,1.203264984539795,1
2026-08-10,TATACOMM,40,-1,-0.10248288295062216,0.1143600344657898,1.8595517,0.10628119999999998,1.7032704681671142,1
2026-08-10,TATACOMM,41,-1,-0.083744175300714,0.11396527290344238,1.724714,0.10628119999999998,1.5684328407562256,1
2026-08-10,TATACOMM,48,-1,-0.18667640177858089,0.28541988134384155,-0.18869638,0.1062812,-0.34497758442993165,1
2026-08-10,TATACOMM,50,-1,-0.1554097304597494,0.32290032505989075,0.3018856,0.1062812,0.14560440485839843,1
2026-08-10,TATACOMM,57,-1,-0.130417164560186,0.2840338349342346,0.2854526,0.10628119999999998,0.1291714042938233,1
2026-08-10,TATACOMM,58,-1,-0.21437392539816263,0.27717188000679016,0.37668943,0.1062812,0.22040823405151366,1
2026-08-10,TATACOMM,59,-1,-0.17878989852791077,0.28725185990333557,0.1201272,0.1062812,-0.03615399891967774,1
2026-08-10,TATACOMM,61,-1,-0.09061853658520623,0.2431230992078781,0.7431984,0.1062812,0.5869171947753906,1
2026-08-10,TATACOMM,62,-1,-0.15846959978168026,0.22305022180080414,0.2344966,0.1062812,0.07821539347534177,1
2026-08-10,TATACONSUM,15,-1,-0.07512496586157422,0.20408228039741516,-0.12854338,0.1062812,-0.28482457692260743,1
2026-08-10,TATAELXSI,3,1,0.07602526730289426,0.4165564775466919,0.39678812,0.10628119999999998,0.24050692026977544,1
2026-08-10,TATAINVEST,3,1,0.07308518245717635,0.7318129539489746,0.43667555,0.10628119999999998,0.28039434855346684,1
2026-08-10,TCS,3,1,0.07269111369609742,0.3828905522823334,0.23226738,0.1062812,0.07598617976074216,1
2026-08-10,TCS,32,-1,-0.0863745167961532,0.17884159088134766,0.1308918,0.1062812,-0.025389400073242196,1
2026-08-10,TCS,39,-1,-0.07434538142340574,0.190748393535614,0.13925433,0.1062812,-0.017026868411254892,1
2026-08-10,TCS,50,-1,-0.07446063281413312,0.14982207119464874,0.04916787,0.1062812,-0.10711332852478028,1
2026-08-10,TCS,58,-1,-0.07713700106058621,0.11834914982318878,0.13943315,0.10628119999999998,-0.016848054476928692,1
2026-08-10,TCS,59,-1,-0.07785519886189282,0.12075226753950119,0.15592575,0.10628120000000002,-0.0003554492675781479,1
2026-08-10,TECHM,3,1,0.07161588964603213,0.5509285926818848,0.06645918,0.10628119999999998,-0.08982202107543943,1
2026-08-10,THERMAX,31,-1,-0.08000788252286767,0.1859159916639328,0.04913211,0.1062812,-0.10714909131164552,1
2026-08-10,THERMAX,32,-1,-0.13743025395745484,0.17974291741847992,-0.36143064,0.10628119999999998,-0.5177118449890137,1
2026-08-10,THERMAX,39,-1,-0.12158084289494195,0.1798887401819229,0.43851733,0.1062812,0.28223613207702636,1
2026-08-10,THERMAX,40,-1,-0.11339639412086275,0.17961889505386353,0.24778843,0.10628119999999998,0.09150722926025394,1
2026-08-10,THERMAX,41,-1,-0.09279223914075278,0.18176625669002533,0.09815097,0.1062812,-0.05813023144836427,1
2026-08-10,THERMAX,48,-1,-0.21518649262142653,0.1808786392211914,0.34641623,0.1062812,0.19013503497009276,1
2026-08-10,THERMAX,49,-1,-0.10716616273332281,0.1885194331407547,0.38827658,0.10628120000000002,0.2319953769958496,1
2026-08-10,THERMAX,50,-1,-0.14728046748580412,0.19107531011104584,0.34402013,0.10628119999999998,0.18773892825012212,1
2026-08-10,THERMAX,57,-1,-0.1723952262778811,0.1453053206205368,0.07890463,0.1062812,-0.0773765712463379,1
2026-08-10,THERMAX,58,-1,-0.23816882254723729,0.13502340018749237,-0.08144379,0.1062812,-0.23772498662109376,1
2026-08-10,THERMAX,59,-1,-0.23681653480582393,0.13626393675804138,-0.11352301,0.10628119999999998,-0.26980420643920894,1
2026-08-10,THERMAX,61,-1,-0.10103805608317303,0.13462111353874207,0.04442334,0.10628119999999998,-0.11185785824890135,1
2026-08-10,THERMAX,62,-1,-0.16118582133308096,0.12724252045154572,0.059211254,0.1062812,-0.09706994588012696,1
2026-08-10,TIINDIA,3,1,0.07107926552999,0.6138461828231812,0.4473567,0.1062812,0.2910755008972168,1
2026-08-10,TITAN,6,1,0.07181648301221183,0.8610429763793945,0.7304311,0.10628119999999998,0.5741498798645019,1
2026-08-10,TITAN,8,1,0.07426374752149023,0.7833914756774902,1.0622501,0.10628119999999998,0.9059689373291016,1
2026-08-10,TITAN,32,-1,-0.13353929492889166,0.24888095259666443,-0.110673904,0.10628120000000002,-0.2669551044189453,1
2026-08-10,TITAN,39,-1,-0.11645288874654462,0.22928540408611298,-0.3001094,0.1062812,-0.4563905864440918,1
2026-08-10,TITAN,40,-1,-0.09775483111056503,0.23433896899223328,-0.03939867,0.10628119999999998,-0.19567987019653316,1
2026-08-10,TITAN,41,-1,-0.07751708087942588,0.22129514813423157,-0.124168396,0.1062812,-0.28044959599609376,1
2026-08-10,TITAN,48,-1,-0.18500587385580214,0.203744038939476,-0.29722452,0.1062812,-0.4535057216369629,1
2026-08-10,TITAN,49,-1,-0.0788049908264538,0.1949453353881836,0.20850301,0.1062812,0.052221807888793936,1
2026-08-10,TITAN,50,-1,-0.13602580299106726,0.1932895928621292,0.049227476,0.1062812,-0.10705372388000489,1
2026-08-10,TITAN,57,-1,-0.13401492625114,0.2123429775238037,0.053179264,0.1062812,-0.1031019359313965,1
2026-08-10,TITAN,58,-1,-0.2015152748264796,0.2040688842535019,0.102460384,0.10628119999999998,-0.0538208156311035,1
2026-08-10,TITAN,59,-1,-0.1977345455132585,0.2111528068780899,0.07493496,0.1062812,-0.08134624058837892,1
2026-08-10,TITAN,62,-1,-0.12274970432549501,0.21405106782913208,-0.43246746,0.10628119999999998,-0.5887486606323242,1
2026-08-10,TMCV,3,1,0.07397302469808602,0.4985758364200592,0.5262017,0.1062812,0.3699205250061035,1
2026-08-10,TORNTPOWER,3,1,0.0755341399258251,0.6588195562362671,0.49595833,0.1062812,0.3396771282470703,1
2026-08-10,TRENT,15,-1,-0.07550918911287877,0.24726568162441254,-0.07274151,0.10628119999999998,-0.22902270848388667,1
2026-08-10,TVSMOTOR,3,1,0.07577202198669088,0.49918133020401,-0.79018474,0.1062812,-0.9464659362518311,1
2026-08-10,UBL,3,1,0.07602526730289426,0.4913308024406433,-0.021660328,0.1062812,-0.17794152791137696,1
2026-08-10,ULTRACEMCO,31,-1,-0.0726636678704248,0.11658184230327606,-0.30652285,0.1062812,-0.46280404622192384,1
2026-08-10,ULTRACEMCO,32,-1,-0.13758151205806984,0.12118560820817947,-0.20689964,0.10628119999999998,-0.3631808429443359,1
2026-08-10,ULTRACEMCO,39,-1,-0.12158084289494195,0.11739581823348999,0.1404047,0.1062812,-0.015876498767089853,1
2026-08-10,ULTRACEMCO,40,-1,-0.11373136407058079,0.11916560679674149,0.07434487,0.1062812,-0.08193632657165528,1
2026-08-10,ULTRACEMCO,41,-1,-0.09279223914075278,0.1209254041314125,0.024789572,0.10628119999999998,-0.13149162823791502,1
2026-08-10,ULTRACEMCO,48,-1,-0.20018035823953265,0.12927980720996857,-0.06610155,0.1062812,-0.2223827510559082,1
2026-08-10,ULTRACEMCO,49,-1,-0.10716616273332281,0.12337662279605865,-0.05787611,0.10628119999999998,-0.21415731007690425,1
2026-08-10,ULTRACEMCO,50,-1,-0.14586750266228293,0.13173907995224,-0.07439852,0.1062812,-0.2306797176086426,1
2026-08-10,ULTRACEMCO,57,-1,-0.17476837255182864,0.10797479748725891,0.123906136,0.1062812,-0.03237506444091798,1
2026-08-10,ULTRACEMCO,58,-1,-0.2445410614647997,0.11086082458496094,0.16508698,0.1062812,0.008805784634399405,1
2026-08-10,ULTRACEMCO,59,-1,-0.23896208922985107,0.10557108372449875,0.2476871,0.10628119999999998,0.09140590136413577,1
2026-08-10,ULTRACEMCO,61,-1,-0.09907877806269189,0.08079354465007782,0.082576275,0.1062812,-0.07370492512817384,1
2026-08-10,ULTRACEMCO,62,-1,-0.1590430514588179,0.07490239292383194,0.14861226,0.10628119999999998,-0.007668939181518536,1
2026-08-10,UNIONBANK,3,1,0.07499170279932026,0.8065410256385803,0.103890896,0.1062812,-0.05239030415649415,1
2026-08-10,UNITDSPR,15,-1,-0.07068956206374133,0.2697012722492218,-0.41292906,0.1062812,-0.5692102580749512,1
2026-08-10,UNITDSPR,31,-1,-0.08662512317997138,0.15194639563560486,0.06527305,0.10628119999999998,-0.09100815350646971,1
2026-08-10,UNITDSPR,32,-1,-0.14333022499155795,0.15932056307792664,0.2282381,0.10628119999999998,0.0719569057739258,1
2026-08-10,UNITDSPR,39,-1,-0.12215933005674058,0.15499509871006012,0.124228,0.1062812,-0.03205319935913087,1
2026-08-10,UNITDSPR,40,-1,-0.108241490343498,0.1503363996744156,0.14380217,0.1062812,-0.012479034014892587,1
2026-08-10,UNITDSPR,41,-1,-0.09080485249284083,0.14147530496120453,0.11766553,0.1062812,-0.038615670748901376,1
2026-08-10,UNITDSPR,48,-1,-0.21436738984201606,0.10284218192100525,-0.0654459,0.1062812,-0.22172709996337892,1
2026-08-10,UNITDSPR,49,-1,-0.10604911431588726,0.09489551931619644,-0.0654459,0.1062812,-0.22172709996337892,1
2026-08-10,UNITDSPR,50,-1,-0.1505003642242379,0.08785480260848999,-0.00654459,0.1062812,-0.1628257899963379,1
2026-08-10,UNITDSPR,57,-1,-0.17656199939890516,0.08551767468452454,0.11776686,0.10628119999999998,-0.038514342852783184,1
2026-08-10,UNITDSPR,58,-1,-0.24072156554304802,0.08779679238796234,0.27465224,0.1062812,0.11837104266052244,1
2026-08-10,UNITDSPR,59,-1,-0.23845890355228544,0.0902084931731224,0.20939112,0.10628119999999998,0.053109917095947284,1
2026-08-10,UNITDSPR,61,-1,-0.09399382009847235,0.09857037663459778,0.22898316,0.10628119999999998,0.07270196383361818,1
2026-08-10,UNITDSPR,62,-1,-0.15893032042959707,0.0925031378865242,0.43830872,0.10628119999999998,0.28202751582031255,1
2026-08-10,VBL,3,1,0.07275433456205595,0.5739648342132568,0.011301041,0.1062812,-0.14498015935058595,1
2026-08-10,VEDL,3,1,0.07277903071336692,0.7319915294647217,1.8864512,0.1062812,1.730170044354248,1
2026-08-10,VOLTAS,3,1,0.07277903071336692,0.664168655872345,-0.5783975,0.10628119999999998,-0.7346787124359131,1
2026-08-10,YESBANK,3,1,0.07165174500954277,0.3216492831707001,0.26619434,0.10628119999999998,0.10991314356689456,1
2026-08-10,YESBANK,15,-1,-0.07080817804001246,0.15459416806697845,-0.044190884,0.1062812,-0.20047208363647462,1
2026-08-10,ZYDUSLIFE,15,-1,-0.07526617276742838,0.25390002131462097,0.20490289,0.1062812,0.04862168734436034,1
2026-08-11,360ONE,8,1,0.07046830723667155,0.34066998958587646,0.2647519,0.10628119999999998,0.10847071116333011,1
2026-08-11,360ONE,10,1,0.07126861030851507,0.33756569027900696,0.5905986,0.1062812,0.43431738322143554,1
2026-08-11,360ONE,17,-1,-0.07369068168235618,0.3099798858165741,0.63824654,0.10628120000000002,0.48196533625488286,1
2026-08-11,360ONE,22,1,0.08962012721554213,0.28825604915618896,-0.3163457,0.1062812,-0.4726268916809082,1
2026-08-11,360ONE,23,1,0.08473229219987972,0.2816106081008911,-0.23946166,0.1062812,-0.39574286038513184,1
2026-08-11,360ONE,65,1,0.0817295587994384,0.2818985879421234,0.21692514,0.1062812,0.06064394419555663,1
2026-08-11,ADANIENSOL,7,1,0.07773187408782174,0.6578152179718018,0.39196014,0.1062812,0.23567894404296874,1
2026-08-11,ADANIENSOL,8,1,0.0795140378866417,0.6281116604804993,0.0977993,0.1062812,-0.05848189885253907,1
2026-08-11,ADANIENT,7,1,0.07081937135675924,0.46505844593048096,0.72227716,0.1062812,0.5659959644592285,1
2026-08-11,ADANIGREEN,6,1,0.08733782072967441,0.9271141886711121,0.48991442,0.1062812,0.3336332172668457,1
2026-08-11,ADANIGREEN,7,1,0.09592049021349262,0.8559375405311584,0.71092844,0.10628119999999998,0.5546472400939941,1
2026-08-11,ADANIGREEN,8,1,0.08861256022613162,0.7835479378700256,0.5779147,0.10628119999999998,0.42163351481323247,1
2026-08-11,ADANIPOWER,7,1,0.07365717188638492,0.5260265469551086,0.76812506,0.1062812,0.611843857220459,1
2026-08-11,AIAENG,65,1,0.07364568387888915,0.274642676115036,-0.1339078,0.1062812,-0.2901889949523926,1
2026-08-11,AIAENG,67,1,0.07752541174367887,0.2867599129676819,-0.1863718,0.1062812,-0.3426530032836914,1
2026-08-11,ALKEM,17,-1,-0.11153046639639753,0.17894287407398224,0.045198202,0.1062812,-0.1110829978668213,1
2026-08-11,APARINDS,17,-1,-0.08787631420123779,0.35777872800827026,-0.035595894,0.1062812,-0.1918770938598633,1
2026-08-11,APARINDS,22,1,0.0833589854244499,0.4302058815956116,0.16598701,0.10628119999999998,0.009705814770507831,1
2026-08-11,APARINDS,23,1,0.0705291378859776,0.42340588569641113,0.13041496,0.10628119999999998,-0.025866237231445294,1
2026-08-11,ASHOKLEY,22,1,0.08231987470728949,0.31666335463523865,-0.01142621,0.10628120000000002,-0.1677074104034424,1
2026-08-11,ASHOKLEY,23,1,0.07611728556087731,0.30807599425315857,0.005710125,0.1062812,-0.1505710750305176,1
2026-08-11,ASIANPAINT,17,-1,-0.111895055137904,0.15636949241161346,0.50069094,0.1062812,0.3444097370422363,1
2026-08-11,AXISBANK,17,-1,-0.11818524382821737,0.13446581363677979,0.07303357,0.1062812,-0.08324762875671388,1
2026-08-11,BAJAJFINSV,17,-1,-0.11260297877078355,0.16612964868545532,0.51392317,0.10628119999999998,0.3576419681823731,1
2026-08-11,BAJFINANCE,10,1,0.07584825091478534,0.30561137199401855,0.3114462,0.10628120000000002,0.15516498988037108,1
2026-08-11,BAJFINANCE,17,-1,-0.11528168581783511,0.18458881974220276,-0.045645237,0.1062812,-0.20192643696899415,1
2026-08-11,BHARATFORG,7,1,0.07709348950230514,1.115732192993164,0.7921696,0.1062812,0.6358883709228516,1
2026-08-11,BHARTIARTL,17,-1,-0.11191816289627092,0.13374140858650208,-0.10923147,0.1062812,-0.26551267201538087,1
2026-08-11,BHEL,7,1,0.07400267806744085,0.464109867811203,0.5816817,0.1062812,0.4254005283630371,1
2026-08-11,BHEL,8,1,0.07489251813993231,0.4490041434764862,0.5313873,0.1062812,0.3751061291015625,1
2026-08-11,BIOCON,17,-1,-0.09848566657170243,0.21374735236167908,-0.023555756,0.1062812,-0.17983695561523438,1
2026-08-11,BPCL,17,-1,-0.11077715899367882,0.20783783495426178,0.33035278,0.10628120000000002,0.174071583203125,1
2026-08-11,CGPOWER,17,-1,-0.11851309557092694,0.17319709062576294,0.2866149,0.10628119999999998,0.1303336948669434,1
2026-08-11,CHOLAFIN,10,1,0.0722982219900605,0.31963151693344116,0.6453037,0.10628120000000002,0.4890225261962891,1
2026-08-11,CHOLAFIN,17,-1,-0.11528168581783511,0.22824051976203918,0.2762735,0.1062812,0.11999228899841306,1
2026-08-11,COALINDIA,17,-1,-0.09337876637582632,0.13196974992752075,-0.2431035,0.10628120000000002,-0.3993847041809082,1
2026-08-11,COLPAL,17,-1,-0.1174524638363265,0.16219250857830048,0.14440417,0.1062812,-0.011877027102661142,1
2026-08-11,CRISIL,8,1,0.07641752934534815,0.48306843638420105,0.3183365,0.1062812,0.16205528681640624,1
2026-08-11,CUMMINSIND,17,-1,-0.1041822392840379,0.17111022770404816,0.13927817,0.10628120000000002,-0.01700302655334475,1
2026-08-11,DLF,17,-1,-0.07751495633070724,0.276800274848938,0.42728186,0.10628119999999998,0.2710006565368653,1
2026-08-11,FEDERALBNK,17,-1,-0.10396994756305467,0.15393789112567902,-0.31187534,0.10628119999999998,-0.46815654332275386,1
2026-08-11,GAIL,17,-1,-0.10982105802488511,0.21126098930835724,-0.08071661,0.1062812,-0.236997809954834,1
2026-08-11,GODFRYPHLP,10,1,0.07146117913841668,0.3830719292163849,0.5305648,0.1062812,0.3742835850036621,1
2026-08-11,GODFRYPHLP,17,-1,-0.07369068168235618,0.2955600917339325,0.044351816,0.10628119999999998,-0.11192938382263182,1
2026-08-11,GODFRYPHLP,22,1,0.07927254600961041,0.2731900215148926,-0.9140134,0.10628119999999998,-1.070294585772705,1
2026-08-11,GODFRYPHLP,23,1,0.07552169021032396,0.2668270766735077,-0.9183645,0.1062812,-1.0746457248413086,1
2026-08-11,GODREJCP,17,-1,-0.11822254719821579,0.19463327527046204,0.32248497,0.10628119999999998,0.16620377009277348,1
2026-08-11,GODREJPROP,17,-1,-0.10766973155574032,0.23339903354644775,0.5398989,0.10628119999999998,0.38361767237548833,1
2026-08-11,GODREJPROP,66,1,0.07562636929492443,0.25697726011276245,-0.32351017,0.1062812,-0.47979136998291017,1
2026-08-11,GRASIM,10,1,0.07566333690221692,0.38693293929100037,-0.17305613,0.1062812,-0.32933732564086915,1
2026-08-11,GRASIM,17,-1,-0.10552974230051548,0.20453260838985443,0.17635226,0.1062812,0.020071062496948233,1
2026-08-11,HINDUNILVR,17,-1,-0.07093004071501256,0.11557859927415848,0.23115873,0.1062812,0.07487753336791991,1
2026-08-11,ICICIPRULI,17,-1,-0.11531839071466872,0.21788834035396576,0.11076331,0.10628119999999998,-0.04551788861389158,1
2026-08-11,IDEA,8,1,0.0776893364805735,0.9308626055717468,-0.15221238,0.1062812,-0.30849358136291505,1
2026-08-11,IDEA,66,1,0.09225738855146923,0.33776387572288513,-0.54221153,0.1062812,-0.6984927325927734,1
2026-08-11,IDEA,67,1,0.09582978611344867,0.35547730326652527,0.15540123,0.1062812,-0.0008799701416015715,1
2026-08-11,IDFCFIRSTB,17,-1,-0.09693890543750255,0.1384994238615036,0.011831522,0.1062812,-0.14444967801208497,1
2026-08-11,INDUSINDBK,17,-1,-0.10433349738465292,0.23529452085494995,-0.039565563,0.1062812,-0.1958467632019043,1
2026-08-11,IOC,10,1,0.07490070726067997,0.27530741691589355,-0.09262562,0.1062812,-0.24890681798095704,1
2026-08-11,IOC,17,-1,-0.10783396590986748,0.17983222007751465,0.27815104,0.1062812,0.12186983530883787,1
2026-08-11,IPCALAB,66,1,0.07524972533513126,0.3684301972389221,0.0972867,0.10628119999999995,-0.058994498797607375,1
2026-08-11,IPCALAB,67,1,0.07673229637756662,0.3723871409893036,0.22915602,0.10628119999999998,0.07287481730346682,1
2026-08-11,JSWINFRA,65,1,0.07930068312239968,0.2612091600894928,0.3671646,0.1062812,0.21088341181640624,1
2026-08-11,JUBLFOOD,22,1,0.07136253573064241,0.28832894563674927,-0.17285347,0.1062812,-0.3291346698486328,1
2026-08-11,KEI,22,1,0.07271868077894926,0.2925083041191101,-0.5931318,0.1062812,-0.7494129806243897,1
2026-08-11,KOTAKBANK,17,-1,-0.11537739227510999,0.1343221813440323,0.371027,0.1062812,0.21474579279785155,1
2026-08-11,KPRMILL,7,1,0.11407451836136717,1.752183437347412,-1.3973773,0.10628119999999998,-1.5536584525787354,1
2026-08-11,KPRMILL,8,1,0.11180892267332534,1.6060280799865723,-1.9917846,0.1062812,-2.1480657726013184,1
2026-08-11,KPRMILL,9,1,0.08712311096722535,1.5113747119903564,-2.0573616,0.10628119999999998,-2.213642802783203,1
2026-08-11,KPRMILL,10,1,0.10138424023937061,1.4259631633758545,-2.4876058,0.1062812,-2.6438870101654053,1
2026-08-11,KPRMILL,11,1,0.07520326671677127,1.3520394563674927,-2.2414029,0.1062812,-2.3976840644561768,1
2026-08-11,LAURUSLABS,17,-1,-0.09675519358839953,0.15603628754615784,0.36318898,0.1062812,0.2069077820098877,1
2026-08-11,LICI,10,1,0.07125978172431231,0.8290888667106628,0.4056096,0.1062812,0.2493284076965332,1
2026-08-11,LLOYDSME,7,1,0.07118998424821266,0.8697196841239929,0.66490173,0.1062812,0.5086205333984375,1
2026-08-11,LLOYDSME,8,1,0.0742553920812371,0.7964473366737366,0.6947875,0.10628119999999998,0.5385063022888184,1
2026-08-11,LLOYDSME,65,1,0.08537115929157636,0.3423292338848114,0.8121848,0.1062812,0.6559036106384277,1
2026-08-11,LUPIN,10,1,0.07550996365941107,0.31866925954818726,-0.23279786,0.10628119999999998,-0.3890790610992431,1
2026-08-11,LUPIN,17,-1,-0.10672750907135756,0.23427891731262207,0.31276345,0.10628119999999998,0.15648225252990727,1
2026-08-11,MANKIND,17,-1,-0.11472601444937829,0.19120116531848907,0.08249283,0.1062812,-0.07378837163085938,1
2026-08-11,MARICO,17,-1,-0.11890736307272842,0.1293940544128418,-0.029218197,0.10628119999999998,-0.18549939686889644,1
2026-08-11,MAXHEALTH,22,1,0.0763781507545796,0.31360694766044617,-0.07619262,0.1062812,-0.23247381741638184,1
2026-08-11,MAXHEALTH,23,1,0.0825931770771309,0.29867228865623474,0.09542704,0.1062812,-0.06085416371459962,1
2026-08-11,MCX,65,1,0.08205766428330434,0.3284812271595001,0.5547762,0.10628119999999998,0.39849499171142583,1
2026-08-11,MCX,67,1,0.074591593499302,0.30029943585395813,1.0965228,0.10628119999999998,0.9402416080749512,1
2026-08-11,MEDANTA,21,1,0.07205733618924895,0.3518342673778534,-0.48630238,0.1062812,-0.642583575793457,1
2026-08-11,MEDANTA,22,1,0.08701648992967333,0.3407655954360962,-0.6234586,0.10628119999999998,-0.7797398238861084,1
2026-08-11,MEDANTA,23,1,0.08739919178924678,0.34586068987846375,-0.28850436,0.1062812,-0.44478556210632325,1
2026-08-11,MFSL,22,1,0.09141863058054393,0.4502057731151581,-0.4197359,0.1062812,-0.5760171085083008,1
2026-08-11,MFSL,23,1,0.09789534199357754,0.38050585985183716,0.1357317,0.1062812,-0.020549502917480478,1
2026-08-11,M_AND_MFIN,22,1,0.07212654611095434,0.28011205792427063,-0.06132126,0.1062812,-0.21760245854492188,1
2026-08-11,M_AND_MFIN,67,1,0.10003677579343678,0.2811802327632904,-0.14996529,0.1062812,-0.3062464862548828,1
2026-08-11,NAUKRI,21,1,0.07008461722546473,0.4433148503303528,0.8888602,0.1062812,0.7325790256774902,1
2026-08-11,NAUKRI,22,1,0.07521798885949481,0.4201693534851074,0.3014922,0.1062812,0.14521101420288085,1
2026-08-11,NAUKRI,23,1,0.07657604412670246,0.4201689660549164,-0.2197802,0.1062812,-0.37606140668029786,1
2026-08-11,NAUKRI,64,1,0.07269577534464344,0.3424331545829773,-1.3147354,0.1062812,-1.4710166125976563,1
2026-08-11,NAUKRI,65,1,0.10778883031930316,0.3342686891555786,-1.1424065,0.1062812,-1.2986876636230469,1
2026-08-11,NAUKRI,66,1,0.1375342040397533,0.36568355560302734,-0.6580889,0.1062812,-0.8143701225006104,1
2026-08-11,NAUKRI,67,1,0.1293750334914958,0.34999608993530273,-0.6936848,0.1062812,-0.8499660163604736,1
2026-08-11,NESTLEIND,7,1,0.07212996479187843,0.41600340604782104,-0.38372874,0.10628119999999998,-0.5400099425994873,1
2026-08-11,NESTLEIND,8,1,0.07518277046285372,0.385953813791275,-0.47647357,0.1062812,-0.6327547698699951,1
2026-08-11,NLCINDIA,7,1,0.07604468410658635,0.5427024364471436,0.30249357,0.1062812,0.1462123722351074,1
2026-08-11,NLCINDIA,8,1,0.07953900020109808,0.5185427069664001,0.28499365,0.1062812,0.12871244852905273,1
2026-08-11,OIL,6,1,0.0719189414429801,0.9937624931335449,-0.50136447,0.1062812,-0.6576456695281983,1
2026-08-11,OIL,7,1,0.09666925347027629,0.9190790057182312,-1.1655748,0.10628119999999998,-1.3218559890472412,1
2026-08-11,OIL,8,1,0.08348656840913299,0.8791790008544922,-0.8778393,0.10628119999999998,-1.0341205268585205,1
2026-08-11,PERSISTENT,17,-1,-0.07864078387139778,0.2667727768421173,-0.50224066,0.1062812,-0.6585218578063965,1
2026-08-11,PETRONET,17,-1,-0.09534907760264727,0.2541346848011017,0.5776167,0.1062812,0.42133549158935546,1
2026-08-11,PIDILITIND,17,-1,-0.1130371869795387,0.18911227583885193,0.38759708,0.10628119999999998,0.2313158840454102,1
2026-08-11,POLICYBZR,10,1,0.07364287771715441,0.5481846928596497,0.5765796,0.1062812,0.42029837077026366,1
2026-08-11,POLICYBZR,21,1,0.07189988111206769,0.31594979763031006,0.38307905,0.10628120000000002,0.22679785197143554,1
2026-08-11,POLICYBZR,22,1,0.08744017362506361,0.2806735932826996,0.29913187,0.1062812,0.14285067026977538,1
2026-08-11,POLICYBZR,23,1,0.08097830900742412,0.2707024812698364,0.13149977,0.1062812,-0.024781432696533212,1
2026-08-11,POLICYBZR,63,1,0.08548137855233061,0.385631799697876,-0.011557341,0.1062812,-0.16783854062194825,1
2026-08-11,POLICYBZR,64,1,0.08250482086670796,0.38606691360473633,0.23703575,0.10628119999999998,0.08075455134277347,1
2026-08-11,POLICYBZR,65,1,0.1218968835818122,0.39048290252685547,0.4053712,0.10628120000000002,0.24908998911743163,1
2026-08-11,POLICYBZR,66,1,0.11193233861235484,0.3800051212310791,0.26602745,0.1062812,0.10974625056152341,1
2026-08-11,POLICYBZR,67,1,0.13971491069992337,0.3635191321372986,0.45212507,0.1062812,0.29584387247924804,1
2026-08-11,POLYCAB,8,1,0.07743864388522341,0.41749587655067444,-0.52040815,0.1062812,-0.6766893535339356,1
2026-08-11,POWERINDIA,8,1,0.0778329063057658,0.8090844750404358,-0.26954412,0.1062812,-0.4258253246032715,1
2026-08-11,PRESTIGE,22,1,0.072922712454116,0.3465561866760254,-0.7611871,0.10628120000000002,-0.9174682765686035,1
2026-08-11,RVNL,65,1,0.0785862811432251,0.3732174038887024,-0.02180934,0.1062812,-0.17809053952331544,1
2026-08-11,RVNL,67,1,0.08217313497797381,0.4379892945289612,-0.021737814,0.1062812,-0.17801901394958497,1
2026-08-11,SAIL,10,1,0.07272361087285686,0.4327257573604584,-0.36435127,0.10628119999999998,-0.5206324725830078,1
2026-08-11,SAIL,17,-1,-0.1097532666421939,0.19237910211086273,0.13356209,0.1062812,-0.022719111987304696,1
2026-08-11,SCHAEFFLER,22,1,0.07495592811107521,0.3317249119281769,-0.24824142,0.10628119999999998,-0.40452262456054683,1
2026-08-11,SHRIRAMFIN,10,1,0.07192600896045077,0.28673452138900757,0.33667088,0.1062812,0.1803896755493164,1
2026-08-11,SHRIRAMFIN,17,-1,-0.1124738342647277,0.18858419358730316,0.28250813,0.10628119999999998,0.126226934841919,1
2026-08-11,SIEMENS,67,1,0.07063917784651179,0.8028169870376587,-0.4146278,0.1062812,-0.5709089904510498,1
2026-08-11,SOLARINDS,8,1,0.0848194546419381,0.4609321057796478,0.7365227,0.10628119999999998,0.5802414745605469,1
2026-08-11,SOLARINDS,10,1,0.07123657422570179,0.4136260151863098,0.91484785,0.1062812,0.7585666507995605,1
2026-08-11,SUNDARMFIN,17,-1,-0.07497236292605915,0.3318372666835785,0.017821789,0.1062812,-0.1384594112121582,1
2026-08-11,SUNDARMFIN,22,1,0.07355946291003808,0.2710784375667572,-0.1113832,0.1062812,-0.26766439969177247,1
2026-08-11,SUNPHARMA,17,-1,-0.09530029435199762,0.16249579191207886,0.11842251,0.1062812,-0.037858691760253915,1
2026-08-11,SUPREMEIND,7,1,0.07872219576288542,0.5681143999099731,1.1956215,0.10628119999999998,1.0393402904785156,1
2026-08-11,SUPREMEIND,8,1,0.08195478306289858,0.5435625910758972,0.897336,0.1062812,0.7410548061645508,1
2026-08-11,SUPREMEIND,10,1,0.07572727756612364,0.4925587475299835,0.8820176,0.1062812,0.7257364124572754,1
2026-08-11,SUPREMEIND,22,1,0.08177341983444651,0.2747654616832733,-0.20095706,0.1062812,-0.3572382598602295,1
2026-08-11,SUPREMEIND,23,1,0.0746626007164013,0.2584015727043152,-0.27377605,0.10628119999999998,-0.43005725438232417,1
2026-08-11,TORNTPHARM,17,-1,-0.11211840186114422,0.20816536247730255,0.19491315,0.10628119999999998,0.0386319488800049,1
2026-08-11,TVSMOTOR,17,-1,-0.09406358225033894,0.2139604091644287,0.042885542,0.10628119999999998,-0.11339565808410643,1
2026-08-11,UNITDSPR,10,1,0.07196325204034246,0.29525768756866455,-0.24276376,0.1062812,-0.3990449577056885,1
2026-08-11,UNITDSPR,17,-1,-0.11170375090283842,0.1719476878643036,0.032883883,0.1062812,-0.123397317477417,1
2026-08-11,ZYDUSLIFE,55,1,0.074689079508161,0.9911512136459351,2.047956,0.1062812,1.8916747898376465,1
2026-08-11,ZYDUSLIFE,62,1,0.08940980506277865,1.1957533359527588,0.2508402,0.1062812,0.09455898707275388,1
2026-08-11,ZYDUSLIFE,63,1,0.09492328748328803,1.1556037664413452,0.21749735,0.10628119999999998,0.06121614878540041,1
2026-08-11,ZYDUSLIFE,64,1,0.09843274358700169,1.0050265789031982,0.0,0.1062812,-0.1562812,1
2026-08-11,ZYDUSLIFE,65,1,0.12110289353894539,0.9440279006958008,-0.29227734,0.1062812,-0.4485585361206055,1
2026-08-11,ZYDUSLIFE,66,1,0.13072857850501735,0.8918929100036621,-0.6986022,0.1062812,-0.8548833995544434,1
2026-08-11,ZYDUSLIFE,67,1,0.11087237314855528,0.7802184820175171,-0.7251799,0.1062812,-0.88146111065979,1
2026-08-12,360ONE,3,1,0.0703617439218355,0.6230992674827576,-0.79027414,0.10628119999999998,-0.9465553432189941,1
2026-08-12,360ONE,12,1,0.07722299123370963,0.39195355772972107,0.47022104,0.1062812,0.31393984263305663,1
2026-08-12,360ONE,13,1,0.08710543756298118,0.3788885474205017,0.47905445,0.1062812,0.3227732509887695,1
2026-08-12,360ONE,66,-1,-0.1718350231198979,0.15600669384002686,-0.103998184,0.1062812,-0.26027938420410157,1
2026-08-12,ABBOTINDIA,12,1,0.07224421085498765,0.353134423494339,-0.1601398,0.10628119999999998,-0.31642099911804195,1
2026-08-12,ABBOTINDIA,13,1,0.08135877110941561,0.34625861048698425,0.035643578,0.1062812,-0.12063762242431642,1
2026-08-12,ABCAPITAL,13,1,0.0773835987927897,0.2718498408794403,0.08621216,0.1062812,-0.07006904179687501,1
2026-08-12,ABCAPITAL,66,-1,-0.0784164793448972,0.1384299099445343,-0.07407665,0.1062812,-0.23035785252685548,1
2026-08-12,ACC,13,1,0.07255663618705838,0.2750967741012573,-0.35248995,0.1062812,-0.5087711482727051,1
2026-08-12,ADANIENSOL,3,1,0.07226998672906836,0.7148659825325012,-1.3953149,0.1062812,-1.5515961318695068,1
2026-08-12,ADANIENSOL,9,1,0.07648563962396758,0.5452598929405212,-0.7101953,0.1062812,-0.8664765029632568,1
2026-08-12,ADANIGREEN,3,1,0.07270640793708473,0.6132460832595825,-0.92909336,0.1062812,-1.085374560900879,1
2026-08-12,ADANIPOWER,13,1,0.07146722998676792,0.3045540452003479,-0.49791932,0.1062812,-0.6542005210601807,1
2026-08-12,AJANTPHARM,13,1,0.0726093463672823,0.34628745913505554,-0.43340325,0.1062812,-0.5896844535552979,1
2026-08-12,ALKEM,13,1,0.07074113001458401,0.32387232780456543,0.24718046,0.1062812,0.0908992618835449,1
2026-08-12,AMBUJACEM,13,1,0.07462720080954648,0.3343846797943115,-0.0834167,0.1062812,-0.2396979003631592,1
2026-08-12,APLAPOLLO,13,1,0.08187448927675388,0.37771183252334595,-0.23806095,0.1062812,-0.39434215123291017,1
2026-08-12,APOLLOHOSP,9,1,0.07048653132866635,0.4421432316303253,0.110554695,0.1062812,-0.04572650487060548,1
2026-08-12,APOLLOTYRE,13,1,0.07027208396136521,0.3368819057941437,0.0900507,0.1062812,-0.06623050267333985,1
2026-08-12,ASIANPAINT,12,1,0.07187895718691706,0.26419755816459656,0.12885332,0.1062812,-0.027427878924560556,1
2026-08-12,ASIANPAINT,13,1,0.07174962434264813,0.2556382417678833,0.3427148,0.1062812,0.186433586529541,1
2026-08-12,ATGL,12,1,0.07453380269501297,0.3332541584968567,0.14433861,0.10628119999999998,-0.011942592211914044,1
2026-08-12,ATGL,13,1,0.07234807609001864,0.3217658996582031,0.28867722,0.1062812,0.13239601557617187,1
2026-08-12,AUBANK,13,1,0.07016022802467901,0.3877112865447998,0.9562254,0.1062812,0.7999441952026367,1
2026-08-12,AUROPHARMA,13,1,0.07420342790415446,0.304537296295166,0.08431673,0.1062812,-0.07196446950073243,1
2026-08-12,BAJFINANCE,13,1,0.07764162195062425,0.2612289488315582,0.20316839,0.1062812,0.046887192181396475,1
2026-08-12,BALKRISIND,13,1,0.08147439026414885,0.3867571949958801,0.4400015,0.1062812,0.2837202877319336,1
2026-08-12,BANKBARODA,13,1,0.08288748734878817,0.3550497591495514,-0.16738176,0.10628119999999998,-0.3236629634582519,1
2026-08-12,BANKBARODA,66,-1,-0.0784164793448972,0.1346510946750641,-0.02400875,0.1062812,-0.18028995091552735,1
2026-08-12,BANKINDIA,13,1,0.08362898729773438,0.4743557870388031,0.0688076,0.10628120000000002,-0.08747359807128909,1
2026-08-12,BANKINDIA,23,1,0.0763073253552687,0.26511552929878235,-0.47602654,0.1062812,-0.6323077350341797,1
2026-08-12,BANKINDIA,66,-1,-0.1555503261181691,0.1502368450164795,-0.28276443,0.1062812,-0.43904563481445313,1
2026-08-12,BDL,3,1,0.07087898022994539,0.8148260116577148,0.045478344,0.10628119999999998,-0.11080285603637693,1
2026-08-12,BDL,13,1,0.07420653817806393,0.5240533351898193,-0.9954691,0.1062812,-1.151750293322754,1
2026-08-12,BERGEPAINT,13,1,0.07427219464325754,0.5616452693939209,0.9958029,0.1062812,0.8395216793334961,1
2026-08-12,BHARATFORG,13,1,0.07318391722871817,0.3708462417125702,0.7020354,0.1062812,0.5457542270935059,1
2026-08-12,BHARTIARTL,13,1,0.07137437778987046,0.18723131716251373,0.2673626,0.10628120000000002,0.11108139460449216,1
2026-08-12,BHARTIARTL,66,-1,-0.09529984890434887,0.09974267333745956,-0.6561637,0.10628119999999998,-0.8124448924743652,1
2026-08-12,BHEL,13,1,0.07023041801571417,0.3959980905056,-0.29433966,0.1062812,-0.450620856829834,1
2026-08-12,BIOCON,13,1,0.08313910832064779,0.39269471168518066,0.29250383,0.1062812,0.13622263377075194,1
2026-08-12,BLUESTARCO,9,1,0.07758154961917352,0.43321824073791504,1.3786912,0.1062812,1.2224099964416504,1
2026-08-12,BLUESTARCO,13,1,0.0742366687159885,0.4004168212413788,0.074243546,0.1062812,-0.08203765446777345,1
2026-08-12,BOSCHLTD,13,1,0.07357717051290914,0.5242182612419128,-0.2038598,0.1062812,-0.360141006060791,1
2026-08-12,BPCL,12,1,0.0752215281213098,0.2828613817691803,-0.20694137,0.1062812,-0.3632225661956787,1
2026-08-12,BPCL,13,1,0.08208698111084842,0.2749015688896179,-0.524807,0.10628119999999998,-0.6810881763183594,1
2026-08-12,BPCL,66,-1,-0.09855219396242546,0.19348014891147614,-0.17527342,0.1062812,-0.3315546184265137,1
2026-08-12,BSE,13,1,0.07503749399146788,0.3754124641418457,-0.08409023,0.1062812,-0.2403714328491211,1
2026-08-12,CANBK,12,1,0.07497632580968065,0.43209442496299744,-0.21902323,0.1062812,-0.3753044276916504,1
2026-08-12,CANBK,13,1,0.08440828463112676,0.4204861521720886,-0.4527688,0.1062812,-0.6090500026428223,1
2026-08-12,CANBK,66,-1,-0.14552708973584272,0.13832086324691772,-0.030386448,0.10628119999999998,-0.1866676479064941,1
2026-08-12,CGPOWER,13,1,0.07472926944646192,0.310310959815979,0.22867918,0.1062812,0.07239798014526366,1
2026-08-12,CGPOWER,66,-1,-0.07665165994914766,0.17571257054805756,-0.10180473,0.1062812,-0.2580859332763672,1
2026-08-12,CHOLAFIN,12,1,0.07755884776711984,0.2861310541629791,0.036883354,0.1062812,-0.11939784581298829,1
2026-08-12,CHOLAFIN,13,1,0.0859597399087919,0.2768373489379883,-0.084251165,0.1062812,-0.24053236539001466,1
2026-08-12,CHOLAFIN,66,-1,-0.16458641904163512,0.1651490479707718,-0.30089617,0.1062812,-0.45717736775512696,1
2026-08-12,COFORGE,12,1,0.0705165871083272,0.3366050720214844,-0.08897781,0.10628119999999998,-0.24525901372070308,1
2026-08-12,COFORGE,13,1,0.08042079005185404,0.3289419412612915,-0.44543147,0.1062812,-0.6017126708709717,1
2026-08-12,COFORGE,22,1,0.07170094924983486,0.3407048285007477,0.3068328,0.1062812,0.15055159037475585,1
2026-08-12,COFORGE,66,-1,-0.07372139107417373,0.13165710866451263,0.1776576,0.1062812,0.021376404217529288,1
2026-08-12,COROMANDEL,12,1,0.08172638495013411,0.38103601336479187,0.57724714,0.1062812,0.42096594279174804,1
2026-08-12,COROMANDEL,13,1,0.09425930154005496,0.37069806456565857,0.15983582,0.10628119999999998,0.0035546154296875188,1
2026-08-12,COROMANDEL,23,1,0.0716650606724279,0.19227224588394165,0.048422813,0.1062812,-0.10785838658447267,1
2026-08-12,COROMANDEL,66,-1,-0.17564081293903946,0.09300117194652557,-0.3533125,0.10628120000000002,-0.5095936923706055,1
2026-08-12,CUMMINSIND,13,1,0.07453921904360604,0.305301696062088,-0.046747923,0.1062812,-0.20302912289733888,1
2026-08-12,DABUR,12,1,0.07104749703937183,0.2843424677848816,0.110161304,0.10628119999999998,-0.04611989552612303,1
2026-08-12,DABUR,13,1,0.08255113159756092,0.2701192796230316,0.0,0.10628119999999998,-0.15628119999999998,1
2026-08-12,DIXON,9,1,0.07575878757434656,0.40955138206481934,0.15919209,0.1062812,0.0029108852661132723,1
2026-08-12,DIXON,13,1,0.08346619521973482,0.36176833510398865,-0.10846853,0.1062812,-0.26474973256225587,1
2026-08-12,DMART,66,-1,-0.07411282808850338,0.12735432386398315,0.044572353,0.1062812,-0.1117088466369629,1
2026-08-12,DRREDDY,13,1,0.07541286613511627,0.3629560172557831,0.25023222,0.1062812,0.0939510196960449,1
2026-08-12,ENDURANCE,13,1,0.07227794882852945,0.381777822971344,0.53139925,0.10628120000000002,0.37511805003051757,1
2026-08-12,ETERNAL,13,1,0.07562854905798702,0.47421807050704956,0.334239,0.1062812,0.17795780604248046,1
2026-08-12,FLUOROCHEM,58,1,0.07247435265544495,0.9597705602645874,-0.5624771,0.1062812,-0.7187583118164063,1
2026-08-12,FLUOROCHEM,65,1,0.09583900831011345,1.5143773555755615,-2.2994697,0.1062812,-2.4557509093963623,1
2026-08-12,FORTIS,9,1,0.07546292571321112,0.6369187831878662,-1.4965892,0.1062812,-1.652870383807373,1
2026-08-12,GLAXO,12,1,0.07154063272130522,0.345278799533844,0.41816235,0.1062812,0.26188114588623046,1
2026-08-12,GLAXO,13,1,0.08379725867731855,0.3336312770843506,0.5299568,0.10628119999999998,0.37367561762695317,1
2026-08-12,GLAXO,22,1,0.0727705164118738,0.29244330525398254,0.29836893,0.10628119999999998,0.14208773081665044,1
2026-08-12,GLAXO,66,-1,-0.08195919525529437,0.05070716142654419,-0.0038146973,0.1062812,-0.160095897265625,1
2026-08-12,GLENMARK,13,1,0.0752496928893766,0.4296412765979767,0.69167614,0.10628119999999998,0.535394939831543,1
2026-08-12,GODFRYPHLP,13,1,0.07832839354023455,0.2727741599082947,-0.38440824,0.1062812,-0.5406894355499268,1
2026-08-12,GODFRYPHLP,66,-1,-0.07951530822501371,0.41146788001060486,0.15909076,0.1062812,0.002809557369995108,1
2026-08-12,GODREJCP,66,-1,-0.12666535987314245,0.2739715874195099,0.021976233,0.1062812,-0.13430496747131349,1
2026-08-12,GODREJIND,9,1,0.07953064783443319,0.5713167786598206,-0.73667765,0.1062812,-0.8929588466369629,1
2026-08-12,GODREJIND,22,1,0.07076373033227865,0.42785578966140747,-0.4450798,0.10628120000000002,-0.6013610034667969,1
2026-08-12,GODREJPROP,9,1,0.07967617132621672,0.4761899709701538,0.51401854,0.1062812,0.35773733561401366,1
2026-08-12,GODREJPROP,13,1,0.0744947024886368,0.4511871039867401,-0.5798638,0.10628119999999998,-0.7361449866973877,1
2026-08-12,GRASIM,13,1,0.07244120680184064,0.49740689992904663,-0.038522482,0.1062812,-0.19480368191833497,1
2026-08-12,HAL,13,1,0.07692431828865791,0.32023343443870544,-0.8811891,0.10628119999999998,-1.0374703078948975,1
2026-08-12,HAVELLS,13,1,0.07703593642929135,0.265176385641098,-0.21281242,0.1062812,-0.3690936237060547,1
2026-08-12,HAVELLS,66,-1,-0.10171004446676173,0.13244296610355377,-0.047552586,0.1062812,-0.20383378560180665,1
2026-08-12,HDFCAMC,13,1,0.08484771180245618,0.3237113058567047,0.10035038,0.10628119999999998,-0.055930820056152325,1
2026-08-12,HEROMOTOCO,13,1,0.08326321885021956,0.3027508556842804,0.24623871,0.1062812,0.08995750849609373,1
2026-08-12,ICICIPRULI,13,1,0.07173866206018407,0.270519882440567,-0.12088418,0.10628119999999998,-0.2771653800689697,1
2026-08-12,IDEA,7,1,0.08032962265005483,1.0608861446380615,-0.6637156,0.1062812,-0.8199968009674072,1
2026-08-12,IDEA,9,1,0.11372448627105276,1.058475375175476,0.07395744,0.1062812,-0.08232375676269532,1
2026-08-12,IDEA,12,1,0.0859620375121466,0.9465705752372742,-0.14825463,0.1062812,-0.3045358329498291,1
2026-08-12,IDEA,13,1,0.10303350930408661,0.9240582585334778,0.0,0.10628119999999998,-0.15628119999999998,1
2026-08-12,IDEA,22,1,0.0752159447595203,0.4786732792854309,-1.4892101,0.1062812,-1.6454913287841797,1
2026-08-12,IDFCFIRSTB,12,1,0.08518115813598694,0.2726150453090668,0.082695484,0.1062812,-0.07358571583862306,1
2026-08-12,IDFCFIRSTB,13,1,0.09063149175148466,0.264299213886261,0.11821985,0.1062812,-0.03806134755249024,1
2026-08-12,IDFCFIRSTB,66,-1,-0.17833288277636708,0.14312490820884705,-0.17575026,0.1062812,-0.3320314555847168,1
2026-08-12,INDIANB,13,1,0.08242367309900096,0.44642895460128784,-0.13938546,0.1062812,-0.295666661807251,1
2026-08-12,INDIGO,66,-1,-0.15390065836439965,0.11971268802881241,-0.57771206,0.1062812,-0.7339932590209961,1
2026-08-12,INDUSINDBK,13,1,0.0737454296060384,0.26220086216926575,0.08881092,0.1062812,-0.06747027928466798,1
2026-08-12,INFY,66,-1,-0.07862194085633241,0.1381959170103073,-0.31676292,0.1062812,-0.47304412419433595,1
2026-08-12,JINDALSTEL,13,1,0.07420653817806393,0.3268539607524872,-0.18110871,0.1062812,-0.3373899131500244,1
2026-08-12,JIOFIN,13,1,0.07823384958558616,0.31720560789108276,0.18002987,0.10628119999999998,0.023748669079589863,1
2026-08-12,JSL,12,1,0.0725278998107097,0.34305158257484436,1.2938857,0.1062812,1.1376045078552246,1
2026-08-12,JSL,13,1,0.07518648827290367,0.33216843008995056,1.1888146,0.1062812,1.032533440045166,1
2026-08-12,JSWENERGY,12,1,0.0706325466094446,0.30425021052360535,0.008940697,0.1062812,-0.14734050328369142,1
2026-08-12,JSWENERGY,13,1,0.07727297979841273,0.2897311747074127,-0.09846687,0.10628119999999998,-0.25474807316894527,1
2026-08-12,JSWENERGY,66,-1,-0.10123133657227892,0.22287511825561523,0.10789037,0.1062812,-0.04839083249206544,1
2026-08-12,JSWINFRA,13,1,0.08073157176891321,0.42340967059135437,0.32042265,0.1062812,0.1641414493835449,1
2026-08-12,JUBLFOOD,3,1,0.07224053051504241,0.6190448999404907,-0.36261678,0.10628120000000002,-0.518897977420044,1
2026-08-12,JUBLFOOD,13,1,0.08638462755112945,0.44601041078567505,0.499475,0.10628119999999998,0.3431938022888184,1
2026-08-12,JUBLFOOD,66,-1,-0.07877319895694743,0.20925752818584442,0.33126473,0.10628119999999998,0.17498353426818852,1
2026-08-12,KALYANKJIL,9,1,0.07384688872502612,0.4056552052497864,0.058877468,0.1062812,-0.09740373189086915,1
2026-08-12,KEI,12,1,0.07235717947965283,0.4357151389122009,0.19180775,0.1062812,0.03552654688720702,1
2026-08-12,KEI,13,1,0.08597408353829213,0.4272528886795044,0.20055771,0.10628119999999998,0.044276508740234394,1
2026-08-12,KOTAKBANK,66,-1,-0.10138259467289394,0.13279873132705688,0.050914288,0.1062812,-0.10536691243286134,1
2026-08-12,KPITTECH,12,1,0.0753656879583984,0.3020392060279846,-0.3966689,0.1062812,-0.5529501109802246,1
2026-08-12,KPITTECH,13,1,0.0818942299412027,0.29299697279930115,-0.8899689,0.1062812,-1.0462500720703125,1
2026-08-12,KPITTECH,22,1,0.07248549500377435,0.2695429027080536,0.008165836,0.1062812,-0.1481153636657715,1
2026-08-12,KPITTECH,23,1,0.0816237827739599,0.268727570772171,0.22900105,0.10628120000000002,0.07271984522705076,1
2026-08-12,KPITTECH,66,-1,-0.13616286639363925,0.1446775645017624,-0.032687187,0.1062812,-0.18896838719482423,1
2026-08-12,KPRMILL,13,1,0.07336415193012011,0.4293689727783203,-0.31135678,0.10628119999999998,-0.46763798291320796,1
2026-08-12,LAURUSLABS,13,1,0.07374750165369531,0.26918676495552063,0.07548332,0.1062812,-0.08079787785644532,1
2026-08-12,LICI,13,1,0.07412487337487947,0.41509950160980225,0.824821,0.10628119999999998,0.6685397953308105,1
2026-08-12,LINDEINDIA,3,1,0.08504135940813355,1.0260370969772339,0.4343629,0.1062812,0.27808168833618163,1
2026-08-12,LINDEINDIA,12,1,0.08390962614219848,0.6130160093307495,-0.029325485,0.10628119999999998,-0.18560668522949214,1
2026-08-12,LINDEINDIA,13,1,0.08858423670052987,0.5823636054992676,-0.0073313713,0.10628119999999998,-0.16361257130737303,1
2026-08-12,LINDEINDIA,66,-1,-0.11468363264206097,0.24641482532024384,-0.5702853,0.1062812,-0.7265665202819824,1
2026-08-12,LLOYDSME,3,1,0.07337088581372211,0.8675937056541443,-0.95867515,0.10628119999999998,-1.1149563461029053,1
2026-08-12,LLOYDSME,22,1,0.09990248357970492,0.4676001965999603,0.4812479,0.1062812,0.3249667019165039,1
2026-08-12,LLOYDSME,23,1,0.09642273522280718,0.4706037938594818,0.5657196,0.10628119999999998,0.40943840449218755,1
2026-08-12,LLOYDSME,66,-1,-0.1627732063439994,0.23356987535953522,-1.1306882,0.10628120000000002,-1.286969390460205,1
2026-08-12,LODHA,13,1,0.07244120680184064,0.3539338707923889,-0.27207732,0.10628119999999998,-0.42835852200622554,1
2026-08-12,LTF,12,1,0.07045287084314153,0.42152950167655945,0.112092495,0.10628119999999998,-0.04418870503540037,1
2026-08-12,LTF,13,1,0.08329796466637035,0.4094702899456024,0.096035,0.10628119999999998,-0.060246196337890606,1
2026-08-12,LTTS,12,1,0.07026592237655403,0.31156063079833984,-0.67567825,0.1062812,-0.8319594531738281,1
2026-08-12,LTTS,13,1,0.07878639183835064,0.29894158244132996,-0.80611706,0.10628119999999998,-0.962398257800293,1
2026-08-12,LTTS,66,-1,-0.14059246288909127,0.20779067277908325,0.05863309,0.10628119999999998,-0.09764811093444822,1
2026-08-12,LUPIN,13,1,0.07187434568368356,0.2800678312778473,0.035452843,0.1062812,-0.12082835728759767,1
2026-08-12,MAHABANK,13,1,0.07106660580337407,0.6609043478965759,0.22096634,0.1062812,0.06468513911132812,1
2026-08-12,MANKIND,13,1,0.08448488903294643,0.3802418112754822,0.012481213,0.1062812,-0.1437999873840332,1
2026-08-12,MAXHEALTH,3,1,0.07356846468215025,0.5621002316474915,-0.27483106,0.1062812,-0.43111225659484864,1
2026-08-12,MAXHEALTH,13,1,0.09491194168754068,0.41573259234428406,-0.19721985,0.1062812,-0.3535010486328125,1
2026-08-12,MAXHEALTH,22,1,0.09132717851180447,0.283873975276947,-0.08916855,0.10628120000000002,-0.24544974858398438,1
2026-08-12,MAXHEALTH,23,1,0.08726128770298083,0.2823181450366974,-0.26741028,0.10628119999999998,-0.42369147832031245,1
2026-08-12,MAXHEALTH,66,-1,-0.1813065114029989,0.24442514777183533,0.13886094,0.1062812,-0.01742025906677247,1
2026-08-12,MAZDOCK,13,1,0.0701022841883154,0.34376057982444763,-0.82350373,0.1062812,-0.9797849326812744,1
2026-08-12,MCX,3,1,0.07321032806013336,0.8692474961280823,-1.6438127,0.1062812,-1.800093856402588,1
2026-08-12,MFSL,13,1,0.07371741502990718,0.3903784155845642,0.2959609,0.1062812,0.1396797031677246,1
2026-08-12,MOTILALOFS,12,1,0.07419710979854664,0.3915272653102875,0.09672642,0.10628119999999998,-0.059554782458496075,1
2026-08-12,MOTILALOFS,13,1,0.08148402201406578,0.3717487156391144,-0.17641187,0.10628119999999998,-0.3326930671417236,1
2026-08-12,MOTILALOFS,66,-1,-0.07882716855068532,0.23920407891273499,-0.5049348,0.1062812,-0.6612159877502441,1
2026-08-12,MPHASIS,9,1,0.07077913651283266,0.3883296549320221,0.46869516,0.1062812,0.31241396372680663,1
2026-08-12,M_AND_M,12,1,0.07841794435321146,0.3354656398296356,0.03218651,0.1062812,-0.12409469182128907,1
2026-08-12,M_AND_M,13,1,0.08259274042370177,0.319597989320755,0.08491278,0.1062812,-0.07136842305297852,1
2026-08-12,M_AND_M,66,-1,-0.14395898710623567,0.13259996473789215,0.10524988,0.10628119999999998,-0.051031318255615216,1
2026-08-12,M_AND_MFIN,12,1,0.07630854577412342,0.6274753212928772,-0.08698106,0.1062812,-0.24326225812072755,1
2026-08-12,M_AND_MFIN,13,1,0.08392028849127224,0.599090576171875,-0.1866579,0.1062812,-0.3429391055786133,1
2026-08-12,M_AND_MFIN,22,1,0.07788374868492627,0.31373676657676697,-1.6100883,0.1062812,-1.7663695483886719,1
2026-08-12,M_AND_MFIN,23,1,0.0758779581660276,0.32898256182670593,-1.2639165,0.1062812,-1.4201976924621582,1
2026-08-12,M_AND_MFIN,66,-1,-0.09529984890434887,0.21507589519023895,-0.4446745,0.10628119999999998,-0.6009556918823242,1
2026-08-12,NAM-INDIA,13,1,0.07420653817806393,0.34705400466918945,0.4510641,0.1062812,0.2947829098022461,1
2026-08-12,NATIONALUM,3,1,0.10632502942199813,1.821546196937561,-0.44178963,0.10628119999999998,-0.5980708270751953,1
2026-08-12,NATIONALUM,4,1,0.07629155066565743,1.5289186239242554,-0.65609217,0.1062812,-0.8123733669006348,1
2026-08-12,NATIONALUM,6,1,0.08078568539383152,1.2948130369186401,0.21549463,0.10628119999999998,0.059213432720947284,1
2026-08-12,NATIONALUM,9,1,0.08889553398307141,1.0811781883239746,0.7215023,0.1062812,0.5652211040771484,1
2026-08-12,NATIONALUM,10,1,0.07968841914617339,1.0085254907608032,0.46784878,0.1062812,0.3115675777709961,1
2026-08-12,NATIONALUM,11,1,0.07624953342477869,0.9586127996444702,0.444448,0.1062812,0.2881667942321777,1
2026-08-12,NATIONALUM,12,1,0.10836120507780236,0.9171099066734314,0.29933453,0.1062812,0.1430533260620117,1
2026-08-12,NATIONALUM,13,1,0.119567449217151,0.870351254940033,-0.035852194,0.1062812,-0.19213339383239747,1
2026-08-12,NATIONALUM,22,1,0.08863943795281823,0.31605562567710876,-0.047838688,0.10628119999999998,-0.20411988789672847,1
2026-08-12,NATIONALUM,23,1,0.07637098953869437,0.3088107407093048,0.023949146,0.10628119999999998,-0.13233205372924803,1
2026-08-12,NHPC,66,-1,-0.16192062282870706,0.09332045912742615,0.052261353,0.1062812,-0.10401984746093751,1
2026-08-12,NIACL,12,1,0.07535257744814623,0.8552640676498413,-0.49439073,0.10628119999999998,-0.6506719260894775,1
2026-08-12,NIACL,13,1,0.08260496937195727,0.8325968980789185,-0.2481103,0.1062812,-0.404391494342041,1
2026-08-12,NLCINDIA,3,1,0.0801575454837734,0.797782838344574,-0.14100075,0.1062812,-0.29728194768066407,1
2026-08-12,NMDC,13,1,0.07020130223181975,0.28958794474601746,-0.116837025,0.1062812,-0.2731182246887207,1
2026-08-12,OBEROIRLTY,13,1,0.07708374002204643,0.27604320645332336,-0.022566319,0.10628119999999998,-0.17884751851196284,1
2026-08-12,OFSS,12,1,0.07471285500573992,0.3314412534236908,0.0,0.1062812,-0.1562812,1
2026-08-12,OFSS,13,1,0.08108883353682252,0.32024505734443665,-0.5169511,0.1062812,-0.6732322841369629,1
2026-08-12,OFSS,22,1,0.07675539201509593,0.2601177394390106,-0.008547306,0.10628119999999998,-0.164828506060791,1
2026-08-12,OFSS,23,1,0.07995395779382349,0.2616296708583832,0.02566576,0.1062812,-0.1306154399597168,1
2026-08-12,OFSS,66,-1,-0.15604745753483626,0.18156665563583374,-0.21617413,0.10628120000000002,-0.3724553256713867,1
2026-08-12,OIL,13,1,0.07426709863361365,0.400797575712204,-0.39395094,0.10628119999999998,-0.5502321391784668,1
2026-08-12,PAGEIND,13,1,0.07448790266284838,0.3660843074321747,0.38018227,0.10628119999999998,0.2239010662353516,1
2026-08-12,PATANJALI,9,1,0.0798209001573546,0.49161455035209656,-0.39039254,0.1062812,-0.546673741885376,1
2026-08-12,PATANJALI,13,1,0.09042578369098879,0.4294596016407013,-0.27461052,0.1062812,-0.4308917194091797,1
2026-08-12,PATANJALI,22,1,0.07440474032841526,0.37457722425460815,-0.11590719,0.10628119999999998,-0.27218839223022456,1
2026-08-12,PERSISTENT,12,1,0.07812778187176912,0.3523194491863251,-0.20224452,0.1062812,-0.35852572018737794,1
2026-08-12,PERSISTENT,13,1,0.08173947100874178,0.3467215597629547,-0.779742,0.10628119999999998,-0.9360232024871826,1
2026-08-12,PETRONET,13,1,0.0748889430920126,0.40554046630859375,-0.10710955,0.1062812,-0.26339074666137696,1
2026-08-12,PFC,12,1,0.0794344772388103,0.3106975257396698,0.0,0.1062812,-0.1562812,1
2026-08-12,PFC,13,1,0.08215181998030122,0.3074425160884857,0.09243488,0.1062812,-0.06384631688232423,1
2026-08-12,PFC,66,-1,-0.08660522786737619,0.1846555918455124,0.2120316,0.10628119999999998,0.05575040285949709,1
2026-08-12,PHOENIXLTD,13,1,0.08162564836476387,0.3650074899196625,0.41401386,0.1062812,0.2577326626098633,1
2026-08-12,PHOENIXLTD,66,-1,-0.07506423024415451,0.19431984424591064,-0.13260841,0.1062812,-0.28888961369628907,1
2026-08-12,PIDILITIND,12,1,0.07426610935097605,0.279811292886734,0.017738342,0.10628119999999998,-0.13854285771484373,1
2026-08-12,PIDILITIND,13,1,0.082513197206362,0.27132779359817505,0.2425909,0.1062812,0.08630970423583982,1
2026-08-12,PIDILITIND,66,-1,-0.15390065836439965,0.14188019931316376,0.25349855,0.10628119999999998,0.09721735422973636,1
2026-08-12,PIIND,3,1,0.07312245265342848,1.3105746507644653,-0.8114934,0.1062812,-0.9677745967590332,1
2026-08-12,PIIND,51,-1,-0.08003184932528877,0.6829188466072083,0.23387074,0.10628119999999998,0.07758954470520023,1
2026-08-12,PIIND,54,-1,-0.07237013466031976,0.6560301780700684,0.35495758,0.10628119999999998,0.1986763805664063,1
2026-08-12,PIIND,66,-1,-0.14066393946747666,0.4062173366546631,-0.22631884,0.1062812,-0.3826000362121582,1
2026-08-12,PNB,3,1,0.07188849602782996,0.8978956937789917,1.5312195,0.1062812,1.374938282421875,1
2026-08-12,PNB,9,1,0.07133721870737217,0.677495002746582,-0.08414984,0.1062812,-0.2404310374938965,1
2026-08-12,PNB,12,1,0.09944485397440148,0.6062517762184143,-0.6120503,0.1062812,-0.7683314948760986,1
2026-08-12,PNB,13,1,0.11319132457945187,0.5881928205490112,-0.5624652,0.1062812,-0.7187463908874512,1
2026-08-12,PNB,22,1,0.07710662381696277,0.30458033084869385,-0.059109926,0.1062812,-0.2153911262237549,1
2026-08-12,POLICYBZR,3,1,0.07156042447942935,0.7367181777954102,-0.35777092,0.1062812,-0.5140521197998047,1
2026-08-12,POLICYBZR,12,1,0.0870977435303669,0.3983626663684845,-0.094372034,0.10628119999999998,-0.25065323407287593,1
2026-08-12,POLICYBZR,13,1,0.09046218915705703,0.406158983707428,-0.08234978,0.10628119999999998,-0.23863097722167964,1
2026-08-12,POLICYBZR,22,1,0.08404463951861249,0.35569173097610474,0.24727583,0.1062812,0.09099462931518552,1
2026-08-12,POLICYBZR,23,1,0.07541313755909271,0.34928232431411743,0.3236413,0.1062812,0.167360100201416,1
2026-08-12,POLICYBZR,66,-1,-0.15390065836439965,0.15556985139846802,-0.285995,0.10628120000000002,-0.4422762065612793,1
2026-08-12,POLYCAB,13,1,0.07794540187634603,0.3104240298271179,-0.124919415,0.1062812,-0.2812006145202637,1
2026-08-12,POWERINDIA,13,1,0.07093927844626424,0.4616405963897705,0.46465397,0.10628119999999998,0.3083727688110352,1
2026-08-12,PRESTIGE,3,1,0.07783887348192613,0.7840019464492798,-0.23038387,0.1062812,-0.38666507298583985,1
2026-08-12,PRESTIGE,9,1,0.07724239544146616,0.499197393655777,0.72636604,0.10628119999999998,0.5700848430908203,1
2026-08-12,PRESTIGE,13,1,0.07707899021627031,0.4328458607196808,-0.012779236,0.10628119999999998,-0.16906043583984373,1
2026-08-12,RECLTD,13,1,0.0712832275288703,0.3496572971343994,0.39594173,0.1062812,0.23966053431396483,1
2026-08-12,RVNL,3,1,0.07142698479530146,0.6437912583351135,-0.70100427,0.10628119999999998,-0.8572854667388916,1
2026-08-12,RVNL,9,1,0.07040681493206576,0.42429161071777344,0.2320528,0.1062812,0.07577160303955076,1
2026-08-12,RVNL,13,1,0.07385001408096484,0.35435837507247925,0.122606754,0.1062812,-0.03367444569702149,1
2026-08-12,SAIL,13,1,0.08396790337723867,0.41687244176864624,1.176393,0.10628119999999998,1.0201118320739746,1
2026-08-12,SAIL,22,1,0.08172915205211866,0.3679904043674469,-0.2120316,0.10628120000000002,-0.3683128028594971,1
2026-08-12,SAIL,23,1,0.08074325381034492,0.40001994371414185,0.022995472,0.1062812,-0.1332857280456543,1
2026-08-12,SAIL,66,-1,-0.17280192521950688,0.09662602096796036,0.10983944,0.1062812,-0.046441760607910165,1
2026-08-12,SBICARD,13,1,0.07612001738099276,0.3036576807498932,-0.3829956,0.10628119999999998,-0.53927680546875,1
2026-08-12,SBILIFE,13,1,0.07416618482426279,0.2849492132663727,0.03824234,0.10628120000000002,-0.1180388599121094,1
2026-08-12,SHREECEM,66,-1,-0.07877319895694743,0.20448455214500427,-0.35544634,0.10628119999999998,-0.5117275386535645,1
2026-08-12,SHRIRAMFIN,13,1,0.07706555069284204,0.3305536210536957,-0.4415393,0.1062812,-0.5978204875671387,1
2026-08-12,SIEMENS,3,1,0.07811893644390583,1.0634615421295166,-0.71359277,0.1062812,-0.8698739677154541,1
2026-08-12,SIEMENS,13,1,0.07225953503622451,0.6459456086158752,-0.25096536,0.1062812,-0.40724655682678224,1
2026-08-12,SOLARINDS,12,1,0.07416441881480815,0.27581650018692017,-0.22011995,0.1062812,-0.3764011531555176,1
2026-08-12,SOLARINDS,13,1,0.07865773530802984,0.2709082067012787,-0.33252835,0.1062812,-0.48880955273742677,1
2026-08-12,SOLARINDS,22,1,0.07557514836283141,0.29423755407333374,-0.19385219,0.1062812,-0.35013338620300294,1
2026-08-12,SOLARINDS,23,1,0.07507895359931653,0.2964480221271515,-0.0592947,0.1062812,-0.2155759006225586,1
2026-08-12,SOLARINDS,66,-1,-0.131174605744441,0.23613066971302032,-0.026786327,0.1062812,-0.18306752736206056,1
2026-08-12,SRF,13,1,0.07371465882523869,0.33398422598838806,0.039064884,0.1062812,-0.117216315814209,1
2026-08-12,SUPREMEIND,12,1,0.0751770369487282,0.3515489101409912,0.088083744,0.10628119999999998,-0.06819745595092772,1
2026-08-12,SUPREMEIND,13,1,0.08694079457032423,0.33731070160865784,-0.07624626,0.1062812,-0.2325274615966797,1
2026-08-12,SUPREMEIND,66,-1,-0.15178354085330348,0.16332538425922394,-0.5700946,0.10628119999999998,-0.7263757854187012,1
2026-08-12,SUZLON,13,1,0.07971862436259955,0.259686678647995,-0.29585958,0.10628119999999998,-0.4521407752716064,1
2026-08-12,SUZLON,66,-1,-0.07037772004411133,0.15184587240219116,-0.06377697,0.1062812,-0.22005816990966798,1
2026-08-12,TATACOMM,12,1,0.07567763039350422,0.3108668625354767,-0.36292672,0.1062812,-0.519207921572876,1
2026-08-12,TATACOMM,13,1,0.07987175936198204,0.29820215702056885,-0.5132377,0.1062812,-0.6695189147674561,1
2026-08-12,TATACOMM,66,-1,-0.1555503261181691,0.16179518401622772,-0.24206638,0.1062812,-0.3983475833618164,1
2026-08-12,TATACONSUM,13,1,0.07367600453848933,0.2957475483417511,-0.2346754,0.10628119999999998,-0.3909566074096679,1
2026-08-12,TATAELXSI,13,1,0.07450831451746721,0.2790229320526123,-0.5834162,0.1062812,-0.739697423526001,1
2026-08-12,TATAELXSI,66,-1,-0.07826522124428219,0.1560135930776596,-0.13182163,0.10628119999999995,-0.28810283238525386,1
2026-08-12,TATAINVEST,12,1,0.08279296654195886,0.3001185655593872,0.13225079,0.10628120000000002,-0.024030414172363304,1
2026-08-12,TATAINVEST,13,1,0.08652556159042116,0.2933552861213684,2.585566,0.1062812,2.4292848438537598,1
2026-08-12,TATAINVEST,22,1,0.08386421389407743,0.6846818923950195,-0.43002963,0.10628119999999998,-0.5863108306610108,1
2026-08-12,TATAINVEST,23,1,0.07602602061234205,0.7001378536224365,-0.50309896,0.10628119999999998,-0.6593801646911621,1
2026-08-12,TATAINVEST,66,-1,-0.17352125380730796,0.21065494418144226,-0.08826256,0.10628119999999998,-0.2445437579833984,1
2026-08-12,TATAPOWER,66,-1,-0.09801607045574955,0.1740778088569641,-0.09266138,0.1062812,-0.24894258076782227,1
2026-08-12,THERMAX,13,1,0.07322487462303907,0.4369440972805023,0.63683987,0.1062812,0.48055866663818364,1
2026-08-12,TIINDIA,13,1,0.07706555069284204,0.3560030162334442,2.0766854,0.1062812,1.9204042286193848,1
2026-08-12,TITAN,66,-1,-0.10138259467289394,0.19126951694488525,-0.3144145,0.10628119999999998,-0.4706957011901855,1
2026-08-12,TMCV,12,1,0.07748585952218587,0.3708150088787079,0.10998249,0.1062812,-0.04629870946044923,1
2026-08-12,TMCV,13,1,0.0800648265929401,0.36678406596183777,0.31956434,0.10628119999999998,0.16328314249877934,1
2026-08-12,TMCV,22,1,0.08009822693872488,0.3236366808414459,0.1322627,0.1062812,-0.024018493243408212,1
2026-08-12,TMCV,23,1,0.07459700595364731,0.32689473032951355,-0.29774904,0.10628119999999998,-0.4540302425109863,1
2026-08-12,TMCV,66,-1,-0.1555503261181691,0.16112394630908966,-0.9132862,0.10628119999999998,-1.0695674091064453,1
2026-08-12,TORNTPHARM,12,1,0.07174757696093026,0.3472825288772583,0.01026392,0.1062812,-0.14601728016967774,1
2026-08-12,TORNTPHARM,13,1,0.08553986895909599,0.3382493257522583,0.112998486,0.1062812,-0.04328271443481446,1
2026-08-12,TORNTPHARM,66,-1,-0.14395898710623567,0.1374892145395279,-0.122880936,0.1062812,-0.2791621356689453,1
2026-08-12,TVSMOTOR,13,1,0.07188692645368143,0.27957674860954285,0.113642216,0.10628119999999998,-0.042638984271240216,1
2026-08-12,UBL,13,1,0.07823736770672388,0.26618072390556335,0.11469126,0.1062812,-0.04158994252319337,1
2026-08-12,UNIONBANK,13,1,0.08104503439629109,0.484940767288208,-0.12284517,0.1062812,-0.2791263728820801,1
2026-08-12,UNITDSPR,3,1,0.07064524536274089,0.5678084492683411,0.026226044,0.1062812,-0.13005515629882813,1
2026-08-12,UNITDSPR,13,1,0.07764840175796699,0.29572248458862305,0.32857656,0.1062812,0.17229536478881835,1
2026-08-12,UNITDSPR,66,-1,-0.07862194085633241,0.10880700498819351,0.19698143,0.1062812,0.04070023005371093,1
2026-08-12,UNOMINDA,12,1,0.07076684879679229,0.3654554784297943,-0.06367564,0.10628120000000002,-0.2199568420135498,1
2026-08-12,UNOMINDA,13,1,0.08394463590376743,0.3500012755393982,-0.06374717,0.1062812,-0.22002836758728028,1
2026-08-12,VBL,13,1,0.07043419270779207,0.269620805978775,-0.03440976,0.10628119999999998,-0.19069096142883296,1
2026-08-12,VEDL,9,1,0.07049088339555387,0.569091796875,0.36343336,0.10628119999999998,0.20715216105346684,1
2026-08-12,VEDL,13,1,0.07648629634382129,0.48059529066085815,-0.32644868,0.10628120000000002,-0.4827298789703369,1
2026-08-12,YESBANK,12,1,0.07248082754944969,0.30284854769706726,-0.08756518,0.1062812,-0.24384638363952638,1
2026-08-12,YESBANK,13,1,0.08391789081737423,0.2907177209854126,-0.13135076,0.1062812,-0.28763195569152833,1
2026-08-12,ZYDUSLIFE,3,1,0.07624538706814411,1.3850659132003784,0.23229122,0.1062812,0.07601002161865232,1
2026-08-12,ZYDUSLIFE,9,1,0.07905763300200543,0.8451939821243286,2.2164702,0.1062812,2.060189041546631,1
2026-08-12,ZYDUSLIFE,13,1,0.07035199783283956,0.7890911102294922,0.92999935,0.1062812,0.7737181515014648,1
2026-08-13,360ONE,36,-1,-0.1285170826139516,0.13579151034355164,-0.008523464,0.1062812,-0.16480466420288087,1
2026-08-13,360ONE,37,-1,-0.0861624842045542,0.1362268477678299,-0.0,0.10628119999999998,-0.15628119999999998,1
2026-08-13,360ONE,62,-1,-0.0756723714212231,0.15832781791687012,-0.23788214,0.10628119999999998,-0.39416333729858394,1
2026-08-13,360ONE,63,-1,-0.0825424630297169,0.1614568531513214,-0.016999245,0.10628119999999998,-0.1732804446899414,1
2026-08-13,ABBOTINDIA,4,1,0.07314562310678129,0.8648076057434082,-0.38773417,0.1062812,-0.5440153747283936,1
2026-08-13,ABCAPITAL,19,1,0.07653684419131775,0.16536839306354523,0.12446642,0.10628120000000002,-0.03181478078002932,1
2026-08-13,ABCAPITAL,36,-1,-0.13197631199279067,0.1995653212070465,-0.27201176,0.10628119999999998,-0.4282929568969726,1
2026-08-13,ABCAPITAL,37,-1,-0.08962171358339327,0.20362861454486847,-0.0,0.10628119999999998,-0.15628119999999998,1
2026-08-13,ABCAPITAL,53,-1,-0.07090387156166893,0.12500450015068054,-0.4559517,0.1062812,-0.6122328906738281,1
2026-08-13,ABCAPITAL,62,-1,-0.0820562088424302,0.1675412505865097,0.27016997,0.1062812,0.11388877337341306,1
2026-08-13,ABCAPITAL,63,-1,-0.08159985831891776,0.17652980983257294,0.07379055,0.1062812,-0.08249064976806642,1
2026-08-13,AIAENG,3,1,0.07343328088080232,1.6903531551361084,0.6525278,0.1062812,0.49624660914306645,1
2026-08-13,AIAENG,6,1,0.0797413012087097,1.2650644779205322,0.30055046,0.1062812,0.14426926081542968,1
2026-08-13,AIAENG,8,1,0.07127968651125914,1.1144919395446777,0.081181526,0.1062812,-0.07509967381591798,1
2026-08-13,AIAENG,13,1,0.07305293975224057,0.7880884408950806,0.4010558,0.1062812,0.24477461283569335,1
2026-08-13,AIAENG,14,1,0.07078132176135064,0.5211709141731262,0.2253294,0.1062812,0.06904819910888671,1
2026-08-13,AIAENG,19,1,0.09877684846987678,0.324703574180603,-0.62662363,0.1062812,-0.7829048305236816,1
2026-08-13,AIAENG,36,-1,-0.1348214669158965,0.23802973330020905,-0.006747246,0.10628119999999998,-0.1630284457885742,1
2026-08-13,AIAENG,37,-1,-0.08048254344827065,0.24392926692962646,-0.18476248,0.1062812,-0.34104367787475587,1
2026-08-13,AIAENG,62,-1,-0.08302201968288223,0.17791703343391418,-0.09484291,0.1062812,-0.25112411076660157,1
2026-08-13,AIAENG,63,-1,-0.08534860031155823,0.18422852456569672,-0.20772219,0.1062812,-0.36400338704223634,1
2026-08-13,ALKEM,19,1,0.07833605798515111,0.15874473750591278,-0.06432533,0.10628119999999998,-0.22060653264160152,1
2026-08-13,ALKEM,36,-1,-0.12317869020591167,0.1215553805232048,0.32175183,0.1062812,0.16547063296203612,1
2026-08-13,ALKEM,37,-1,-0.08540619131437226,0.1208205297589302,0.24839044,0.1062812,0.09210923617248533,1
2026-08-13,ALKEM,62,-1,-0.09718460999818052,0.11576966941356659,0.009208918,0.1062812,-0.14707228238220216,1
2026-08-13,ALKEM,63,-1,-0.08867347255881504,0.12032981961965561,0.17498732,0.1062812,0.018706116131591788,1
2026-08-13,ASIANPAINT,36,-1,-0.1360309726159481,0.1621905118227005,0.032806396,0.1062812,-0.12347480351562501,1
2026-08-13,ASIANPAINT,37,-1,-0.08962171358339327,0.15916992723941803,0.08737445,0.1062812,-0.06890675122375489,1
2026-08-13,ASIANPAINT,53,-1,-0.07108758341077195,0.10324440151453018,0.43684244,0.1062812,0.2805612415588379,1
2026-08-13,ASIANPAINT,62,-1,-0.08104605502820975,0.12928666174411774,0.07309914,0.1062812,-0.08318206364746095,1
2026-08-13,ASIANPAINT,63,-1,-0.08706839001735008,0.124319888651371,0.021928549,0.1062812,-0.1343526511871338,1
2026-08-13,ASTRAL,3,1,0.0954665513985231,2.008126974105835,-1.1586905,0.1062812,-1.3149716525756836,1
2026-08-13,ASTRAL,4,1,0.09622031818810375,1.8277884721755981,-1.6352177,0.1062812,-1.7914988666259766,1
2026-08-13,ASTRAL,5,1,0.08695920608138188,1.7482666969299316,-0.9955585,0.10628119999999998,-1.151839700289917,1
2026-08-13,ASTRAL,8,1,0.07775970062965883,1.592757225036621,-0.7891059,0.1062812,-0.9453870921813965,1
2026-08-13,ASTRAL,9,1,0.10265366647395069,1.4934489727020264,-0.62329173,0.1062812,-0.7795729308807373,1
2026-08-13,ASTRAL,10,1,0.07448499311323631,1.4294322729110718,-0.22310019,0.10628119999999998,-0.37938138539428706,1
2026-08-13,ASTRAL,13,1,0.08667058219845909,1.2436414957046509,-0.27397275,0.10628119999999998,-0.43025394971008296,1
2026-08-13,ASTRAL,14,1,0.07015566450792282,1.0316861867904663,0.37908554,0.1062812,0.22280434077148437,1
2026-08-13,ASTRAL,17,1,0.1003387090645851,0.8213857412338257,-0.24931431,0.1062812,-0.4055955081665039,1
2026-08-13,ASTRAL,18,1,0.07649741465618679,0.769919216632843,-0.51118135,0.1062812,-0.6674625545227051,1
2026-08-13,ASTRAL,19,1,0.09636256000343314,0.7103121876716614,-0.37742257,0.1062812,-0.533703771182251,1
2026-08-13,ASTRAL,23,1,0.07359642139082692,0.4855884313583374,0.13449192,0.1062812,-0.021789279528808603,1
2026-08-13,ASTRAL,65,1,0.08787004374801881,0.30557939410209656,-0.31308532,0.1062812,-0.46936651761169434,1
2026-08-13,ASTRAL,66,1,0.08482597857024442,0.29493388533592224,-0.23812652,0.10628119999999998,-0.39440771634216304,1
2026-08-13,ASTRAL,67,1,0.07769064357567292,0.29567772150039673,-0.13173223,0.10628119999999998,-0.2880134254180908,1
2026-08-13,AUBANK,19,1,0.08888129249261918,0.30593472719192505,0.009191036,0.1062812,-0.14709016377563477,1
2026-08-13,AUBANK,36,-1,-0.1209069959877154,0.14219865202903748,0.21190643,0.10628119999999998,0.05562523310546877,1
2026-08-13,AUBANK,37,-1,-0.07061416348633791,0.15763027966022491,-0.0,0.1062812,-0.1562812,1
2026-08-13,AUBANK,62,-1,-0.07268579401373722,0.18784958124160767,-0.36782026,0.10628119999999998,-0.5241014629089356,1
2026-08-13,AUBANK,63,-1,-0.07961288063555198,0.19852274656295776,-0.47860146,0.1062812,-0.6348826556884766,1
2026-08-13,AWL,36,-1,-0.12270688480595034,0.18870258331298828,0.083225965,0.10628120000000002,-0.0730552345001221,1
2026-08-13,AWL,37,-1,-0.07250850519544554,0.18479906022548676,-0.015616417,0.1062812,-0.17189761693115235,1
2026-08-13,AWL,62,-1,-0.07462723219452792,0.15976743400096893,0.1453042,0.10628120000000002,-0.010976996966552757,1
2026-08-13,AWL,63,-1,-0.0787139963062959,0.16228675842285156,0.25937557,0.1062812,0.10309437220458982,1
2026-08-13,AXISBANK,36,-1,-0.1341338664916198,0.10943210124969482,-0.024569035,0.1062812,-0.18085023457641602,1
2026-08-13,AXISBANK,37,-1,-0.09246686850649907,0.11401118338108063,0.098222494,0.1062812,-0.0580587058746338,1
2026-08-13,AXISBANK,62,-1,-0.07249848962481413,0.08272349834442139,-0.18069744,0.1062812,-0.3369786411010742,1
2026-08-13,AXISBANK,63,-1,-0.07708383112642694,0.0827099084854126,-0.1560092,0.1062812,-0.31229039723510743,1
2026-08-13,BAJAJFINSV,36,-1,-0.1348214669158965,0.11082062870264053,0.36940575,0.10628119999999998,0.21312454645996098,1
2026-08-13,BAJAJFINSV,37,-1,-0.09246686850649907,0.13255368173122406,0.74121356,0.1062812,0.5849323601043701,1
2026-08-13,BAJAJFINSV,62,-1,-0.09746775280808638,0.15291325747966766,0.36007166,0.1062812,0.20379045908813476,1
2026-08-13,BAJAJFINSV,63,-1,-0.09194749334749486,0.15466687083244324,0.2959311,0.10628119999999998,0.13964990084533696,1
2026-08-13,BAJAJHLDNG,19,1,0.0709922719901902,0.18364334106445312,-0.11289716,0.1062812,-0.2691783576690674,1
2026-08-13,BAJAJHLDNG,36,-1,-0.10503403332473663,0.07076437771320343,0.13897419,0.1062812,-0.017307010241699228,1
2026-08-13,BAJFINANCE,19,1,0.07436685319868498,0.17692728340625763,-0.24853349,0.1062812,-0.4048146873199463,1
2026-08-13,BAJFINANCE,36,-1,-0.12707318929949293,0.12409164756536484,0.14705658,0.1062812,-0.009224620410156259,1
2026-08-13,BAJFINANCE,37,-1,-0.08540619131437226,0.12597982585430145,0.19290447,0.10628119999999998,0.03662327235107424,1
2026-08-13,BAJFINANCE,53,-1,-0.0703830811932856,0.1271299123764038,0.11010766,0.1062812,-0.04617353970642091,1
2026-08-13,BAJFINANCE,62,-1,-0.09718460999818052,0.13100311160087585,0.2384007,0.1062812,0.08211949770812986,1
2026-08-13,BAJFINANCE,63,-1,-0.09305021414528994,0.133732870221138,0.15601516,0.1062812,-0.00026604230041504806,1
2026-08-13,BALKRISIND,6,1,0.07210738602379275,0.7903614640235901,-0.8932531,0.1062812,-1.0495342879974365,1
2026-08-13,BALKRISIND,19,1,0.07168625143251654,0.2783835232257843,0.008118153,0.1062812,-0.1481630473815918,1
2026-08-13,BANKBARODA,36,-1,-0.12228413322349402,0.11981577426195145,-0.10886192,0.1062812,-0.26514312321777345,1
2026-08-13,BANKBARODA,37,-1,-0.08522247946526923,0.12025616317987442,-0.0,0.1062812,-0.1562812,1
2026-08-13,BANKBARODA,53,-1,-0.0703830811932856,0.08799121528863907,-0.04428625,0.1062812,-0.20056745106811524,1
2026-08-13,BANKBARODA,62,-1,-0.0953692899177852,0.0881907269358635,0.16488433,0.10628120000000002,0.008603128842163063,1
2026-08-13,BANKBARODA,63,-1,-0.0909294547861468,0.09743437170982361,0.17302632,0.1062812,0.016745123318481436,1
2026-08-13,BDL,19,1,0.09232990391466427,0.4247571527957916,-0.036901236,0.10628119999999998,-0.1931824355804443,1
2026-08-13,BDL,21,1,0.0772805913210131,0.3739965558052063,-0.21419525,0.1062812,-0.37047645146484376,1
2026-08-13,BDL,22,1,0.07218253657261536,0.3689940869808197,0.022172928,0.1062812,-0.1341082721435547,1
2026-08-13,BDL,23,1,0.07881984240389346,0.36073461174964905,-0.14790893,0.1062812,-0.30419012601013184,1
2026-08-13,BDL,36,-1,-0.08663554823903111,0.44168820977211,0.4728973,0.1062812,0.31661609118347167,1
2026-08-13,BDL,62,-1,-0.07320133323919253,0.4757719039916992,-0.76190233,0.1062812,-0.9181835323059082,1
2026-08-13,BERGEPAINT,3,1,0.07149935359851989,0.845865786075592,0.20570755,0.1062812,0.049426350048828116,1
2026-08-13,BIOCON,14,1,0.07013041493403091,0.38039857149124146,-0.04745722,0.1062812,-0.20373841817016602,1
2026-08-13,BIOCON,19,1,0.07600103241534127,0.2193499356508255,-0.22535324,0.10628119999999998,-0.38163444096679683,1
2026-08-13,BIOCON,36,-1,-0.12199373910470457,0.2024223357439041,0.095683336,0.1062812,-0.06059786374206544,1
2026-08-13,BIOCON,37,-1,-0.07551375870531295,0.20064206421375275,0.15538931,0.1062812,-0.0008918910705566496,1
2026-08-13,BIOCON,62,-1,-0.09137208434689495,0.12834659218788147,-0.47916174,0.10628119999999998,-0.6354429393493652,1
2026-08-13,BIOCON,63,-1,-0.07793799911562439,0.14488157629966736,-0.6600261,0.10628119999999995,-0.8163072734558106,1
2026-08-13,BPCL,19,1,0.07400365037323368,0.10987292230129242,-0.20833015,0.1062812,-0.3646113544189453,1
2026-08-13,BPCL,36,-1,-0.12776078972376964,0.1437244713306427,-0.015974045,0.10628119999999998,-0.17225524479980467,1
2026-08-13,BPCL,37,-1,-0.08540619131437226,0.14367857575416565,0.03193617,0.1062812,-0.12434503132934571,1
2026-08-13,BPCL,53,-1,-0.0703830811932856,0.11370424181222916,-0.3025055,0.10628120000000002,-0.4587866931640625,1
2026-08-13,BPCL,62,-1,-0.09718460999818052,0.15860359370708466,0.031739473,0.10628119999999998,-0.12454172665710447,1
2026-08-13,BPCL,63,-1,-0.09703936706678917,0.1608695089817047,0.07930398,0.10628120000000002,-0.0769772201263428,1
2026-08-13,BRITANNIA,19,1,0.08400117243838996,0.2562743127346039,-0.3534794,0.1062812,-0.5097605853759766,1
2026-08-13,BRITANNIA,36,-1,-0.12901126910789523,0.14361634850502014,-0.04428625,0.10628119999999998,-0.2005674510681152,1
2026-08-13,BRITANNIA,37,-1,-0.07896414759800542,0.139274001121521,-0.08863211,0.10628119999999998,-0.2449133067810058,1
2026-08-13,BRITANNIA,62,-1,-0.08376168500021029,0.1279468983411789,0.2306819,0.1062812,0.07440069620971679,1
2026-08-13,BRITANNIA,63,-1,-0.09683079011226638,0.13609662652015686,0.36354065,0.1062812,0.2072594494140625,1
2026-08-13,BSE,36,-1,-0.07923273010118785,0.16045573353767395,0.02861619,0.1062812,-0.12766501004333497,1
2026-08-13,CANBK,14,1,0.07247674663174068,0.2912681996822357,-0.0151872635,0.10628119999999998,-0.1714684634887695,1
2026-08-13,CANBK,19,1,0.07150033246112496,0.24873611330986023,-0.075888634,0.1062812,-0.23216983372802735,1
2026-08-13,CANBK,36,-1,-0.12208314830466568,0.1259693056344986,-0.09881258,0.1062812,-0.2550937801086426,1
2026-08-13,CANBK,37,-1,-0.07590519571964259,0.12154307216405869,0.08356571,0.1062812,-0.07271548802490235,1
2026-08-13,CANBK,62,-1,-0.09718460999818052,0.10207820683717728,0.0988245,0.1062812,-0.05745669896240235,1
2026-08-13,CANBK,63,-1,-0.09337766393915772,0.10047990083694458,0.09884238,0.1062812,-0.057438817568969736,1
2026-08-13,CHOLAFIN,36,-1,-0.1285170826139516,0.16800573468208313,0.14635324,0.1062812,-0.009927955218505868,1
2026-08-13,CHOLAFIN,37,-1,-0.08547488378027754,0.17392508685588837,0.19856095,0.1062812,0.04227975314025878,1
2026-08-13,CHOLAFIN,62,-1,-0.07752074997938196,0.1350799947977066,-0.031256676,0.1062812,-0.18753787572021485,1
2026-08-13,CHOLAFIN,63,-1,-0.08110871084542887,0.1422393023967743,0.015640259,0.1062812,-0.1406409412109375,1
2026-08-13,CIPLA,36,-1,-0.12384467368825577,0.1417621523141861,0.2053082,0.10628119999999998,0.04902699892883303,1
2026-08-13,CIPLA,37,-1,-0.07345919830839782,0.13882866501808167,0.1847744,0.10628119999999998,0.028493198803710956,1
2026-08-13,CIPLA,62,-1,-0.08533324356244361,0.10471771657466888,-0.027406216,0.10628119999999998,-0.18368741566772456,1
2026-08-13,CIPLA,63,-1,-0.08268335158510261,0.10320763289928436,-0.0,0.1062812,-0.1562812,1
2026-08-13,COCHINSHIP,19,1,0.08990285159972598,0.3801012933254242,-0.18442273,0.1062812,-0.34070393139953614,1
2026-08-13,COCHINSHIP,23,1,0.07034473165297811,0.33735179901123047,-0.20465851,0.10628119999999998,-0.3609397083007812,1
2026-08-13,COCHINSHIP,36,-1,-0.12836582451333658,0.17786294221878052,0.27740598,0.10628119999999998,0.12112477724914554,1
2026-08-13,COCHINSHIP,37,-1,-0.07414154849742327,0.18237414956092834,0.019854307,0.1062812,-0.1364268928253174,1
2026-08-13,COCHINSHIP,62,-1,-0.08714856364283892,0.15405325591564178,-0.5375266,0.10628119999999998,-0.6938078075134277,1
2026-08-13,COCHINSHIP,63,-1,-0.08268335158510261,0.16977538168430328,0.13906956,0.1062812,-0.017211642810058603,1
2026-08-13,COLPAL,36,-1,-0.08223275645106409,0.13737641274929047,-0.025224686,0.1062812,-0.18150588566894532,1
2026-08-13,CONCOR,4,1,0.07027645073802452,0.923747181892395,-0.5975008,0.1062812,-0.7537820010864258,1
2026-08-13,CONCOR,65,1,0.07279182119221606,0.3054519593715668,0.55446625,0.10628120000000002,0.39818504755859374,1
2026-08-13,COROMANDEL,19,1,0.071543336893884,0.13584153354167938,0.1925826,0.1062812,0.0363014072692871,1
2026-08-13,COROMANDEL,36,-1,-0.1248949198081187,0.11977685987949371,-0.18205643,0.10628119999999998,-0.3383376270019531,1
2026-08-13,COROMANDEL,37,-1,-0.08540619131437226,0.10642970353364944,-0.18686056,0.1062812,-0.3431417613708496,1
2026-08-13,COROMANDEL,62,-1,-0.0845473406344817,0.1404634565114975,0.16261935,0.10628119999999998,0.006338152340698261,1
2026-08-13,COROMANDEL,63,-1,-0.09582341610435105,0.13870155811309814,-0.0047802925,0.10628119999999998,-0.1610614925109863,1
2026-08-13,DABUR,19,1,0.07502989422225119,0.15474851429462433,0.09794235,0.1062812,-0.058338847705078134,1
2026-08-13,DABUR,36,-1,-0.12776078972376964,0.10979551821947098,-0.109791756,0.10628119999999998,-0.2660729556762695,1
2026-08-13,DABUR,37,-1,-0.08540619131437226,0.10633619129657745,-0.18303394,0.10628119999999998,-0.3393151431762695,1
2026-08-13,DABUR,62,-1,-0.0860334594190674,0.08603672683238983,-0.0,0.10628119999999998,-0.15628119999999998,1
2026-08-13,DABUR,63,-1,-0.0877067269698445,0.08867672085762024,-0.024342537,0.1062812,-0.18062373692626954,1
2026-08-13,DIVISLAB,19,1,0.0759598355403068,0.23322750627994537,-0.005930662,0.10628119999999998,-0.16221186215515135,1
2026-08-13,DIVISLAB,36,-1,-0.1275770778746666,0.1201760321855545,-0.011849403,0.1062812,-0.16813060338134767,1
2026-08-13,DIVISLAB,37,-1,-0.08540619131437226,0.11549396067857742,-0.03553629,0.1062812,-0.1918174892150879,1
2026-08-13,DIVISLAB,62,-1,-0.08913521448590445,0.08113041520118713,-0.05323887,0.1062812,-0.20952006871337892,1
2026-08-13,DIVISLAB,63,-1,-0.08317170342234395,0.0845208540558815,0.10057688,0.1062812,-0.05570432240600587,1
2026-08-13,DRREDDY,19,1,0.09443667441638835,0.2663193941116333,0.77747107,0.1062812,0.6211898655212402,1
2026-08-13,DRREDDY,36,-1,-0.1348214669158965,0.15234114229679108,-0.041484833,0.10628119999999998,-0.19776603276367183,1
2026-08-13,DRREDDY,37,-1,-0.09246686850649907,0.16634684801101685,0.107717514,0.1062812,-0.04856368596191407,1
2026-08-13,DRREDDY,53,-1,-0.07069531041051812,0.13149531185626984,0.10777116,0.10628119999999998,-0.04851004178161619,1
2026-08-13,DRREDDY,62,-1,-0.09165522715680081,0.09364140778779984,-0.09953976,0.1062812,-0.25582095677490235,1
2026-08-13,DRREDDY,63,-1,-0.09471003075312323,0.09246402978897095,-0.041484833,0.10628119999999998,-0.19776603276367183,1
2026-08-13,ESCORTS,36,-1,-0.08097157977433632,0.11091917008161545,0.096833706,0.10628119999999998,-0.05944749409790037,1
2026-08-13,EXIDEIND,36,-1,-0.1247703045600739,0.18841375410556793,0.1539588,0.1062812,-0.0023224025451660246,1
2026-08-13,EXIDEIND,37,-1,-0.08547488378027754,0.1846722960472107,0.205338,0.1062812,0.049056801251220694,1
2026-08-13,EXIDEIND,62,-1,-0.0720936496710615,0.21355023980140686,-0.33009052,0.10628119999999998,-0.48637172276611323,1
2026-08-13,FEDERALBNK,36,-1,-0.1251995147859955,0.1023445576429367,-0.014185905,0.10628119999999998,-0.17046710545654295,1
2026-08-13,FEDERALBNK,37,-1,-0.07666148860982454,0.09619668126106262,-0.0,0.10628119999999998,-0.15628119999999998,1
2026-08-13,FEDERALBNK,62,-1,-0.08714856364283892,0.13537989556789398,0.25455952,0.1062812,0.09827831690673826,1
2026-08-13,FEDERALBNK,63,-1,-0.07688208475767251,0.141622394323349,0.099128485,0.10628119999999998,-0.05715271527404783,1
2026-08-13,FLUOROCHEM,3,1,0.09152510343822347,2.452329158782959,0.04104376,0.1062812,-0.11523744160766602,1
2026-08-13,FLUOROCHEM,4,1,0.09227887022780415,2.387651205062866,-0.5052924,0.1062812,-0.6615736156188965,1
2026-08-13,FLUOROCHEM,5,1,0.08259418165528305,2.229722738265991,-1.2302816,0.1062812,-1.3865627914154053,1
2026-08-13,FLUOROCHEM,6,1,0.09053257089569751,2.024280548095703,-1.2055576,0.10628119999999998,-1.3618387847625733,1
2026-08-13,FLUOROCHEM,7,1,0.07473038101994561,1.864973545074463,-1.284945,0.10628119999999998,-1.441226211138916,1
2026-08-13,FLUOROCHEM,8,1,0.07525055078172403,1.726448655128479,-1.098156,0.1062812,-1.2544371753417969,1
2026-08-13,FLUOROCHEM,9,1,0.08761519909482611,1.647057056427002,-1.6475022,0.10628119999999998,-1.8037833839141846,1
2026-08-13,FLUOROCHEM,14,1,0.07652798885505434,1.162721872329712,0.6119728,0.1062812,0.45569160883789067,1
2026-08-13,FLUOROCHEM,17,1,0.09417081237724423,0.8303276300430298,-0.9466231,0.1062812,-1.1029042869293213,1
2026-08-13,FLUOROCHEM,19,1,0.08921524506105322,0.6385100483894348,-1.064533,0.10628119999999998,-1.220814195223999,1
2026-08-13,FLUOROCHEM,53,-1,-0.07701529827355483,0.38940438628196716,0.16863942,0.10628119999999998,0.012358221463012714,1
2026-08-13,FLUOROCHEM,65,1,0.07476490271768008,0.4398050308227539,0.98627806,0.10628119999999998,0.8299968570983887,1
2026-08-13,FLUOROCHEM,66,1,0.08566144976669994,0.4487430155277252,1.2399077,0.10628119999999998,1.0836265415466309,1
2026-08-13,FLUOROCHEM,67,1,0.07850337824135592,0.44341638684272766,1.2612104,0.1062812,1.1049292415893555,1
2026-08-13,FORTIS,19,1,0.07454249600740205,0.2098042368888855,-0.13352036,0.1062812,-0.28980156476135255,1
2026-08-13,FORTIS,36,-1,-0.1275770778746666,0.11714158207178116,0.12786388,0.1062812,-0.02841731602783204,1
2026-08-13,FORTIS,37,-1,-0.08467192633951422,0.114342600107193,0.21677613,0.1062812,0.060494932583618155,1
2026-08-13,FORTIS,62,-1,-0.09137208434689495,0.15514136850833893,-0.86033344,0.1062812,-1.0166146426879883,1
2026-08-13,FORTIS,63,-1,-0.09305021414528994,0.1633705347776413,-0.7921457,0.1062812,-0.9484269290649414,1
2026-08-13,GAIL,19,1,0.0714362803749548,0.10672636330127716,0.16542673,0.1062812,0.009145531109619132,1
2026-08-13,GAIL,36,-1,-0.12210185001638342,0.1587926298379898,0.4218161,0.10628119999999998,0.26553491061096196,1
2026-08-13,GAIL,37,-1,-0.0735952483124347,0.15863889455795288,0.22258759,0.10628119999999998,0.06630638544921877,1
2026-08-13,GAIL,62,-1,-0.09155400190561382,0.11346285790205002,0.028562546,0.1062812,-0.12771865422363282,1
2026-08-13,GAIL,63,-1,-0.09289314722937711,0.1090293601155281,-0.068604946,0.1062812,-0.22488614613647462,1
2026-08-13,GICRE,64,1,0.07499130439251946,0.47925570607185364,-0.5714297,0.1062812,-0.7277109294616699,1
2026-08-13,GICRE,65,1,0.10791812146239592,0.5160546898841858,-0.30085444,0.10628120000000002,-0.4571356445037842,1
2026-08-13,GICRE,66,1,0.09521012300177037,0.5229966640472412,-0.28653145,0.10628120000000002,-0.4428126483642578,1
2026-08-13,GICRE,67,1,0.07833717756450391,0.42384058237075806,-0.17197132,0.1062812,-0.32825252110595704,1
2026-08-13,GLAXO,36,-1,-0.08120412727313374,0.09466155618429184,-0.45714378,0.1062812,-0.613424983569336,1
2026-08-13,GODFRYPHLP,36,-1,-0.08273664502623772,0.1540990024805069,0.48320293,0.10628119999999998,0.32692173426513677,1
2026-08-13,GODREJIND,65,1,0.08982980925725757,0.4567878842353821,0.079739094,0.10628119999999998,-0.0765421062194824,1
2026-08-13,GRASIM,3,1,0.07179161255350223,1.1918376684188843,0.65226555,0.10628119999999998,0.49598434870605473,1
2026-08-13,GRASIM,4,1,0.0758678970035102,1.0363739728927612,0.22805929,0.1062812,0.0717780918395996,1
2026-08-13,GRASIM,6,1,0.07125471918108564,0.8487774729728699,0.08624792,0.10628119999999998,-0.07003327901000975,1
2026-08-13,GRASIM,14,1,0.07424553107448299,0.35702192783355713,0.09871721,0.1062812,-0.057563987322998056,1
2026-08-13,GRASIM,36,-1,-0.11936790348116125,0.1988956183195114,-0.20040274,0.1062812,-0.35668393666381837,1
2026-08-13,GRASIM,37,-1,-0.07265976329606055,0.19526338577270508,-0.16025305,0.1062812,-0.31653424794311524,1
2026-08-13,GRASIM,62,-1,-0.07752074997938196,0.12441442161798477,0.24615526,0.1062812,0.08987406199340818,1
2026-08-13,GRASIM,63,-1,-0.07830660999862771,0.11996646225452423,0.21224618,0.1062812,0.05596497958068847,1
2026-08-13,HAL,4,1,0.0706773644693935,1.010178804397583,0.9636879,0.1062812,0.8074066967285156,1
2026-08-13,HCLTECH,36,-1,-0.12869573329602188,0.1581498384475708,-0.0073075294,0.1062812,-0.1635887294494629,1
2026-08-13,HCLTECH,37,-1,-0.09228315665739605,0.16469471156597137,0.17505884,0.1062812,0.018777641705322257,1
2026-08-13,HCLTECH,62,-1,-0.09774853805137278,0.13219797611236572,0.2413392,0.10628120000000002,0.08505800669555662,1
2026-08-13,HCLTECH,63,-1,-0.0917797618781493,0.13543204963207245,0.0951767,0.1062812,-0.06110450322265626,1
2026-08-13,HDFCBANK,36,-1,-0.12339228798114894,0.09093233197927475,-0.06881952,0.1062812,-0.22510072285766602,1
2026-08-13,HDFCBANK,37,-1,-0.07461091021491051,0.09284743666648865,-0.048160553,0.1062812,-0.20444175297851563,1
2026-08-13,HDFCBANK,62,-1,-0.07617791080940119,0.10227225720882416,-0.08947849,0.1062812,-0.24575969273681642,1
2026-08-13,HDFCBANK,63,-1,-0.08166796220898961,0.10372675955295563,-0.05506277,0.1062812,-0.21134397084350587,1
2026-08-13,HDFCLIFE,36,-1,-0.1285170826139516,0.15771277248859406,0.009274483,0.10628119999999998,-0.1470067172729492,1
2026-08-13,HDFCLIFE,37,-1,-0.0861624842045542,0.15572446584701538,0.046384335,0.10628119999999998,-0.109896865435791,1
2026-08-13,HDFCLIFE,62,-1,-0.07752074997938196,0.12593118846416473,0.43615103,0.1062812,0.27986982767944335,1
2026-08-13,HDFCLIFE,63,-1,-0.08166796220898961,0.12263999879360199,0.38978457,0.1062812,0.23350337450866698,1
2026-08-13,HINDALCO,19,1,0.07144256118735422,0.18836253881454468,-0.0047445297,0.1062812,-0.1610257297241211,1
2026-08-13,HINDALCO,36,-1,-0.12184248100408955,0.17617958784103394,0.51326156,0.10628119999999998,0.35698035662536626,1
2026-08-13,HINDALCO,37,-1,-0.07499038911613033,0.17521099746227264,0.5324304,0.1062812,0.3761492103851318,1
2026-08-13,HINDALCO,53,-1,-0.07023182309267058,0.17535650730133057,0.04775524,0.10628120000000002,-0.10852595860595705,1
2026-08-13,HINDALCO,62,-1,-0.09718460999818052,0.14734473824501038,0.31511784,0.10628119999999998,0.1588366359985352,1
2026-08-13,HINDALCO,63,-1,-0.08534685678431832,0.14855965971946716,0.4492402,0.1062812,0.29295900767211913,1
2026-08-13,HINDZINC,19,1,0.08217267041214404,0.4528999626636505,-0.45785904,0.10628119999999998,-0.6141402393066406,1
2026-08-13,ICICIBANK,36,-1,-0.12354354608176396,0.09997802972793579,0.28983355,0.1062812,0.13355234568481444,1
2026-08-13,ICICIBANK,37,-1,-0.07651023050920952,0.10308831185102463,0.2405405,0.1062812,0.08425930445556638,1
2026-08-13,ICICIBANK,62,-1,-0.08714856364283892,0.1357254534959793,-0.042533875,0.10628119999999998,-0.1988150745117187,1
2026-08-13,ICICIBANK,63,-1,-0.07553924558769173,0.13886305689811707,-0.04966259,0.10628120000000002,-0.20594379002685548,1
2026-08-13,ICICIGI,19,1,0.07454249600740205,0.1654183268547058,0.03684759,0.1062812,-0.11943360859985352,1
2026-08-13,ICICIGI,36,-1,-0.12728652950195543,0.08862192928791046,-0.10441542,0.1062812,-0.2606966167175293,1
2026-08-13,ICICIGI,37,-1,-0.08540619131437226,0.10247833281755447,0.08583665,0.1062812,-0.07044455105895997,1
2026-08-13,ICICIGI,62,-1,-0.0975120597920483,0.10341762751340866,0.09857416,0.1062812,-0.05770703847045899,1
2026-08-13,ICICIGI,63,-1,-0.08745069368661428,0.09990350157022476,0.19100308,0.1062812,0.03472188418273925,1
2026-08-13,ICICIPRULI,36,-1,-0.10640766156230838,0.15665939450263977,-0.03951788,0.1062812,-0.195799079486084,1
2026-08-13,IDFCFIRSTB,36,-1,-0.08039910423825969,0.18334218859672546,-0.09300709,0.1062812,-0.24928828770751954,1
2026-08-13,INDHOTEL,36,-1,-0.1348214669158965,0.14348573982715607,-0.11160374,0.10628119999999998,-0.26788493687744136,1
2026-08-13,INDHOTEL,37,-1,-0.09246686850649907,0.12353143841028214,-0.10460615,0.1062812,-0.26088735158081056,1
2026-08-13,INDHOTEL,62,-1,-0.08714856364283892,0.20262964069843292,0.2560079,0.1062812,0.09972670977478025,1
2026-08-13,INDHOTEL,63,-1,-0.08268335158510261,0.21606285870075226,0.20759702,0.10628120000000002,0.051315817288207985,1
2026-08-13,INDIANB,14,1,0.07435736926396416,0.33390870690345764,0.27993917,0.10628120000000002,0.12365797465209959,1
2026-08-13,INDIANB,19,1,0.09082076682761642,0.2914799749851227,-0.29551387,0.1062812,-0.4517950683319092,1
2026-08-13,INDIANB,36,-1,-0.12184248100408955,0.14403389394283295,-0.59924126,0.1062812,-0.7555224567138672,1
2026-08-13,INDIANB,37,-1,-0.07385461732472856,0.14823506772518158,-0.25732517,0.10628119999999998,-0.41360637242431636,1
2026-08-13,INDIANB,62,-1,-0.0953692899177852,0.1179845929145813,0.14508963,0.1062812,-0.01119157368774415,1
2026-08-13,INDIANB,63,-1,-0.09337766393915772,0.11684778332710266,0.16191602,0.1062812,0.005634817532348624,1
2026-08-13,INDUSINDBK,36,-1,-0.08020536327923329,0.09463101625442505,-0.09813309,0.10628119999999998,-0.2544142871582031,1
2026-08-13,INFY,19,1,0.0726306709982491,0.18414519727230072,0.43969154,0.10628120000000002,0.28341034357910155,1
2026-08-13,INFY,36,-1,-0.1222344064052807,0.18438738584518433,0.1111269,0.1062812,-0.04515430028076173,1
2026-08-13,INFY,37,-1,-0.07385461732472856,0.1898500621318817,0.13669133,0.1062812,-0.01958986813659669,1
2026-08-13,INFY,53,-1,-0.0703830811932856,0.15171729028224945,0.26438832,0.1062812,0.10810712283020017,1
2026-08-13,INFY,62,-1,-0.0960179625214525,0.17412662506103516,0.15394688,0.1062812,-0.0023343234741211027,1
2026-08-13,INFY,63,-1,-0.0837356786114782,0.18297773599624634,-0.03426075,0.10628119999999998,-0.19054194981689448,1
2026-08-13,IPCALAB,65,1,0.07697199957087239,1.0614407062530518,0.6096244,0.1062812,0.4533431858337403,1
2026-08-13,IPCALAB,66,1,0.0722167727181145,0.9543160200119019,0.26726723,0.1062812,0.11098602717285154,1
2026-08-13,IRCTC,19,1,0.07842628300740986,0.2433317005634308,-0.41232705,0.1062812,-0.5686082511627197,1
2026-08-13,IRCTC,23,1,0.07350311669658649,0.2531444728374481,0.22642612,0.1062812,0.0701449245727539,1
2026-08-13,IRCTC,36,-1,-0.12199373910470457,0.22971320152282715,-0.0,0.1062812,-0.1562812,1
2026-08-13,IRCTC,37,-1,-0.07368963588677999,0.21498236060142517,-0.0,0.1062812,-0.1562812,1
2026-08-13,IRCTC,62,-1,-0.0801706257089775,0.14030547440052032,0.5230963,0.10628119999999998,0.3668151230133057,1
2026-08-13,IRCTC,63,-1,-0.08636388779986372,0.14163219928741455,0.6017566,0.1062812,0.44547537272338866,1
2026-08-13,JINDALSTEL,19,1,0.07949418202348965,0.14800776541233063,-0.118631124,0.1062812,-0.27491232449645997,1
2026-08-13,JINDALSTEL,36,-1,-0.12278725319158203,0.13731162250041962,0.29153824,0.10628119999999998,0.13525703852539067,1
2026-08-13,JINDALSTEL,37,-1,-0.07501063873722495,0.13875269889831543,0.063836575,0.1062812,-0.09244462544555665,1
2026-08-13,JINDALSTEL,53,-1,-0.0703830811932856,0.11203428357839584,-0.13680458,0.1062812,-0.29308578068847657,1
2026-08-13,JINDALSTEL,62,-1,-0.09718460999818052,0.09365058690309525,0.38229823,0.10628119999999998,0.22601703112487798,1
2026-08-13,JINDALSTEL,63,-1,-0.08846244129248036,0.10148226469755173,0.41894317,0.1062812,0.2626619667327881,1
2026-08-13,JIOFIN,3,1,0.09407566696377254,1.0052218437194824,-0.05798936,0.10628119999999998,-0.2142705589019775,1
2026-08-13,JIOFIN,4,1,0.08967432097234117,0.9164438843727112,-0.5390942,0.1062812,-0.6953754096710205,1
2026-08-13,JIOFIN,6,1,0.07838866533489067,0.8241251707077026,-0.44375658,0.10628119999999998,-0.6000377803527832,1
2026-08-13,JIOFIN,8,1,0.07100232291571491,0.7223963141441345,-0.29019117,0.1062812,-0.4464723735534668,1
2026-08-13,JIOFIN,14,1,0.07253638477136398,0.3766697347164154,-0.058162212,0.1062812,-0.21444341237182618,1
2026-08-13,JIOFIN,19,1,0.07292899255273658,0.25802478194236755,0.17478466,0.1062812,0.01850346033935546,1
2026-08-13,JSL,36,-1,-0.12969667228309384,0.186926007270813,0.19661188,0.1062812,0.04033068125610351,1
2026-08-13,JSL,37,-1,-0.09011677985026217,0.1762963831424713,0.13561249,0.1062812,-0.02066871220703126,1
2026-08-13,JSL,62,-1,-0.08671651465757495,0.10726224631071091,0.1290977,0.10628119999999998,-0.027183499880981427,1
2026-08-13,JSL,63,-1,-0.08268335158510261,0.11397203058004379,0.013583899,0.1062812,-0.14269730145568849,1
2026-08-13,JUBLFOOD,19,1,0.10015072840780105,0.3222562372684479,-0.48263073,0.1062812,-0.638911929675293,1
2026-08-13,JUBLFOOD,21,1,0.07395499208561673,0.3560858368873596,0.13724566,0.10628119999999998,-0.019035544940185528,1
2026-08-13,JUBLFOOD,22,1,0.07651315080988222,0.35740557312965393,-0.18991232,0.1062812,-0.3461935191833496,1
2026-08-13,JUBLFOOD,23,1,0.09103491104511434,0.356198251247406,0.16909838,0.1062812,0.012817177227783194,1
2026-08-13,JUBLFOOD,36,-1,-0.08759685290104177,0.2652210295200348,-0.04220009,0.1062812,-0.19848128850097657,1
2026-08-13,JUBLFOOD,62,-1,-0.08419399491133596,0.50185227394104,-0.8639097,0.1062812,-1.0201909213745117,1
2026-08-13,JUBLFOOD,65,1,0.07429871745222318,1.0041253566741943,-0.29257536,0.1062812,-0.44885655934448243,1
2026-08-13,KALYANKJIL,65,1,0.09245017828836842,0.40539616346359253,-0.63322186,0.1062812,-0.7895030647003174,1
2026-08-13,KALYANKJIL,66,1,0.08957333230501474,0.38989564776420593,-0.5363226,0.1062812,-0.6926037936889649,1
2026-08-13,KEI,14,1,0.07280668109402838,0.36195510625839233,0.26124716,0.10628119999999998,0.10496595805053714,1
2026-08-13,KEI,19,1,0.09749954818896601,0.3097445070743561,0.14679432,0.1062812,-0.009486880847167978,1
2026-08-13,KEI,21,1,0.07108360377564646,0.31134212017059326,0.060415268,0.1062812,-0.09586593205566407,1
2026-08-13,KEI,23,1,0.07750415242023774,0.30087006092071533,-0.01553297,0.1062812,-0.1718141704284668,1
2026-08-13,KEI,36,-1,-0.12204806314533169,0.1558622121810913,0.5674541,0.10628119999999998,0.4111728996551514,1
2026-08-13,KEI,37,-1,-0.0744329347685826,0.14441744983196259,0.52223206,0.1062812,0.3659508556640625,1
2026-08-13,KEI,53,-1,-0.07019936934418257,0.16719120740890503,0.20022988,0.10628119999999998,0.043948683193969745,1
2026-08-13,KEI,62,-1,-0.07777495316688943,0.14199329912662506,0.15252829,0.1062812,-0.0037529140197753996,1
2026-08-13,KEI,63,-1,-0.08131724624478821,0.1454816460609436,0.31401515,0.1062812,0.15773395007019042,1
2026-08-13,LAURUSLABS,3,1,0.07092352051803152,0.7951639890670776,-0.23964047,0.1062812,-0.395921674319458,1
2026-08-13,LAURUSLABS,19,1,0.09038168938900665,0.26235899329185486,0.03271103,0.10628119999999998,-0.1235701709472656,1
2026-08-13,LAURUSLABS,36,-1,-0.13197631199279067,0.15734972059726715,0.13601184,0.1062812,-0.020269361087036142,1
2026-08-13,LAURUSLABS,37,-1,-0.08943800173429024,0.15305069088935852,0.08704066,0.1062812,-0.06924053723449708,1
2026-08-13,LAURUSLABS,53,-1,-0.07108758341077195,0.0880965143442154,-0.2227664,0.1062812,-0.37904759938354493,1
2026-08-13,LAURUSLABS,62,-1,-0.09207658656438131,0.09371932595968246,-0.12471676,0.1062812,-0.28099795872802735,1
2026-08-13,LAURUSLABS,63,-1,-0.08952248179033367,0.09335239231586456,0.032538176,0.1062812,-0.12374302441711427,1
2026-08-13,LICHSGFIN,19,1,0.07515633754383988,0.15354764461517334,-0.06965399,0.1062812,-0.2259351878845215,1
2026-08-13,LICHSGFIN,36,-1,-0.12199373910470457,0.14455311000347137,-0.15951395,0.1062812,-0.3157951503479004,1
2026-08-13,LICHSGFIN,37,-1,-0.08540619131437226,0.13810335099697113,-0.039863586,0.1062812,-0.19614478642578126,1
2026-08-13,LICHSGFIN,62,-1,-0.08755679633472356,0.09967152029275894,0.019937754,0.10628119999999998,-0.13634344632263182,1
2026-08-13,LICHSGFIN,63,-1,-0.09032826003349181,0.10322090983390808,0.039875507,0.1062812,-0.11640569264526368,1
2026-08-13,LICI,19,1,0.08303066000322852,0.25198978185653687,-0.20539165,0.10628119999999998,-0.3616728454315185,1
2026-08-13,LICI,36,-1,-0.12776078972376964,0.19983075559139252,-0.27852058,0.10628119999999998,-0.43480178410644527,1
2026-08-13,LICI,37,-1,-0.08540619131437226,0.18683160841464996,-0.26637316,0.10628119999999998,-0.42265435750122066,1
2026-08-13,LICI,62,-1,-0.08621395716474278,0.08711779862642288,-0.16903877,0.1062812,-0.3253199725830078,1
2026-08-13,LICI,63,-1,-0.09199516674243473,0.09053491801023483,0.71222186,0.10628119999999998,0.5559406608856201,1
2026-08-13,LINDEINDIA,66,1,0.0753337456010052,0.2601456940174103,-0.5652249,0.1062812,-0.7215060859405518,1
2026-08-13,LUPIN,19,1,0.07714332866219797,0.1657448559999466,-0.03540516,0.10628119999999998,-0.19168635899658198,1
2026-08-13,LUPIN,36,-1,-0.12776078972376964,0.09617771208286285,0.031000376,0.10628119999999998,-0.12528082425231932,1
2026-08-13,LUPIN,37,-1,-0.0847185908900956,0.09648507833480835,-0.02657175,0.1062812,-0.18285295064086915,1
2026-08-13,LUPIN,62,-1,-0.0896773833094412,0.07659561187028885,-0.17282963,0.1062812,-0.32911082799072267,1
2026-08-13,LUPIN,63,-1,-0.08969469948305317,0.07974741607904434,0.026589632,0.10628119999999998,-0.12969156796569822,1
2026-08-13,MANKIND,36,-1,-0.08020536327923329,0.13364940881729126,0.1704812,0.1062812,0.014200004986572257,1
2026-08-13,MAXHEALTH,67,1,0.07704865492695426,0.7246784567832947,-0.4910171,0.1062812,-0.6472983031951904,1
2026-08-13,MEDANTA,3,1,0.0709052304326618,0.8756492733955383,-0.4148841,0.1062812,-0.571165290423584,1
2026-08-13,MEDANTA,4,1,0.07648436011193716,0.8705402612686157,-0.99746585,0.10628119999999998,-1.1537470489227295,1
2026-08-13,MFSL,19,1,0.07560627660654327,0.3242456316947937,0.30534267,0.1062812,0.14906147425537108,1
2026-08-13,MOTILALOFS,19,1,0.07211305285741099,0.2629990577697754,-0.3596902,0.1062812,-0.5159713893615723,1
2026-08-13,MPHASIS,19,1,0.07455488883179806,0.1633862555027008,-0.11174083,0.10628119999999998,-0.26802202756042476,1
2026-08-13,MPHASIS,36,-1,-0.12776078972376964,0.18126922845840454,-0.24982691,0.1062812,-0.4061081081115723,1
2026-08-13,MPHASIS,37,-1,-0.07590519571964259,0.183346226811409,-0.34925938,0.1062812,-0.5055405765258789,1
2026-08-13,MPHASIS,62,-1,-0.09718460999818052,0.1409580558538437,-0.05943775,0.10628120000000002,-0.21571895177001954,1
2026-08-13,MPHASIS,63,-1,-0.09305021414528994,0.1386282593011856,-0.28122663,0.1062812,-0.43750783497924806,1
2026-08-13,NATIONALUM,19,1,0.08819187213570881,0.3104824125766754,0.41514635,0.1062812,0.2588651508605957,1
2026-08-13,NATIONALUM,36,-1,-0.14245729737419602,0.24005314707756042,0.6867826,0.1062812,0.5305013984954834,1
2026-08-13,NATIONALUM,62,-1,-0.08755679633472356,0.1517890989780426,0.8152127,0.1062812,0.6589315265930176,1
2026-08-13,NATIONALUM,63,-1,-0.09038096256158822,0.13770300149917603,0.9888768,0.10628119999999998,0.8325956196105957,1
2026-08-13,NMDC,19,1,0.07205960777297532,0.1931866556406021,-0.16462803,0.1062812,-0.3209092288696289,1
2026-08-13,NMDC,36,-1,-0.1348214669158965,0.12535803020000458,0.11778474,0.10628119999999998,-0.03849646145935057,1
2026-08-13,NMDC,37,-1,-0.0917792680822224,0.12532787024974823,0.28261542,0.10628119999999998,0.1263342232025147,1
2026-08-13,NMDC,62,-1,-0.08718546506399555,0.11450130492448807,-0.035369396,0.10628119999999998,-0.19165059620971675,1
2026-08-13,NMDC,63,-1,-0.07549958756094952,0.11367259174585342,-0.047159195,0.1062812,-0.20344039494628907,1
2026-08-13,NTPC,36,-1,-0.1285170826139516,0.16706059873104095,0.16078949,0.10628119999999998,0.004508289746093769,1
2026-08-13,NTPC,37,-1,-0.08597877235545118,0.16077259182929993,0.17540455,0.10628119999999998,0.01912334864501955,1
2026-08-13,NTPC,62,-1,-0.08714856364283892,0.09720165282487869,-0.07315874,0.1062812,-0.22943994099731446,1
2026-08-13,NTPC,63,-1,-0.08268335158510261,0.10135303437709808,-0.2194643,0.1062812,-0.3757455020629883,1
2026-08-13,NYKAA,19,1,0.07035757452758856,0.15169531106948853,-0.3208518,0.1062812,-0.47713300282592774,1
2026-08-13,NYKAA,36,-1,-0.12776078972376964,0.11995638161897659,-0.29016733,0.1062812,-0.44644853169555665,1
2026-08-13,NYKAA,37,-1,-0.08540619131437226,0.11010721325874329,-0.44261217,0.1062812,-0.5988933711730957,1
2026-08-13,NYKAA,53,-1,-0.0703830811932856,0.1386547088623047,-0.86494684,0.1062812,-1.0212280421936035,1
2026-08-13,NYKAA,62,-1,-0.08003829314046361,0.20515744388103485,0.5112827,0.1062812,0.35500148241882323,1
2026-08-13,NYKAA,63,-1,-0.08729619596712411,0.20847371220588684,0.54175854,0.1062812,0.38547733729248046,1
2026-08-13,OBEROIRLTY,23,1,0.07132308978691732,0.26497212052345276,-0.37876368,0.1062812,-0.5350448756896973,1
2026-08-13,OBEROIRLTY,36,-1,-0.09763181954567358,0.2625517249107361,-0.2574563,0.1062812,-0.4137375026428223,1
2026-08-13,OBEROIRLTY,62,-1,-0.09573989340733832,0.2082744538784027,-0.47956705,0.10628119999999998,-0.6358482509338379,1
2026-08-13,OBEROIRLTY,63,-1,-0.09175675565506276,0.19919060170650482,-0.3650427,0.1062812,-0.5213238864624024,1
2026-08-13,OFSS,19,1,0.10281304910549635,0.31118011474609375,0.0,0.10628120000000002,-0.1562812,1
2026-08-13,OFSS,21,1,0.0703563663009485,0.2763494551181793,-0.07825494,0.1062812,-0.23453613812561036,1
2026-08-13,OFSS,36,-1,-0.12184248100408955,0.1824476569890976,-0.026154518,0.1062812,-0.18243571812744142,1
2026-08-13,OFSS,37,-1,-0.07385461732472856,0.18176159262657166,-0.017428398,0.1062812,-0.17370959813232423,1
2026-08-13,OFSS,62,-1,-0.0801706257089775,0.11803794652223587,0.4544258,0.1062812,0.2981446117675781,1
2026-08-13,OFSS,63,-1,-0.0856987186517913,0.11736209690570831,0.6466806,0.1062812,0.49039939349060063,1
2026-08-13,PAGEIND,4,1,0.0735301844167556,0.8866337537765503,0.0,0.1062812,-0.1562812,1
2026-08-13,PAGEIND,6,1,0.07146902867682751,0.896172821521759,-0.71561337,0.1062812,-0.8718945651733399,1
2026-08-13,PAGEIND,13,1,0.07291348434546266,0.6187552213668823,-0.093483925,0.1062812,-0.24976512486572267,1
2026-08-13,PAGEIND,14,1,0.07249637131564018,0.5621516108512878,-0.026726723,0.10628119999999998,-0.1830079227172851,1
2026-08-13,PAGEIND,19,1,0.11058272620718904,0.337134450674057,0.25404692,0.1062812,0.0977657169616699,1
2026-08-13,PAGEIND,21,1,0.07179187427697585,0.2663891315460205,0.3208518,0.1062812,0.16457060282592773,1
2026-08-13,PAGEIND,36,-1,-0.12776078972376964,0.20868904888629913,-0.22579432,0.10628120000000002,-0.3820755153381348,1
2026-08-13,PAGEIND,37,-1,-0.08540619131437226,0.21055826544761658,-0.14607906,0.10628119999999998,-0.3023602634155273,1
2026-08-13,PAGEIND,53,-1,-0.0703830811932856,0.21682320535182953,-0.039756298,0.1062812,-0.19603749806518556,1
2026-08-13,PAGEIND,62,-1,-0.09718460999818052,0.17089982330799103,2.6305377,0.10628119999999998,2.474256548336792,1
2026-08-13,PAGEIND,63,-1,-0.08867347255881504,0.1662447601556778,3.4364283,0.10628119999999998,3.2801471084869385,1
2026-08-13,PAGEIND,65,1,0.08372439970578163,0.43551692366600037,-2.9892385,0.10628120000000002,-3.145519700595093,1
2026-08-13,PAGEIND,66,1,0.07829091970918425,0.5745590329170227,-2.4579227,0.10628120000000002,-2.6142038970672608,1
2026-08-13,PATANJALI,36,-1,-0.10047697446877939,0.26224440336227417,-0.057148933,0.1062812,-0.21343013341064454,1
2026-08-13,PATANJALI,37,-1,-0.09236858314693012,0.2467978596687317,0.04283786,0.1062812,-0.11344334179992677,1
2026-08-13,PATANJALI,62,-1,-0.08065126972429346,0.10885661095380783,-0.0,0.1062812,-0.1562812,1
2026-08-13,PATANJALI,63,-1,-0.08651160094701892,0.10987371951341629,-0.056934357,0.1062812,-0.21321555668945313,1
2026-08-13,PERSISTENT,19,1,0.07055088224153863,0.18118785321712494,-0.036633015,0.10628119999999998,-0.19291421467895503,1
2026-08-13,PERSISTENT,36,-1,-0.12776078972376964,0.21256189048290253,0.11793375,0.1062812,-0.03834744984741212,1
2026-08-13,PERSISTENT,37,-1,-0.08540619131437226,0.20867356657981873,0.0816524,0.1062812,-0.07462879712219239,1
2026-08-13,PERSISTENT,62,-1,-0.09718460999818052,0.09710246324539185,0.05438924,0.1062812,-0.10189196164245606,1
2026-08-13,PERSISTENT,63,-1,-0.09582341610435105,0.1023554727435112,-0.07255077,0.10628119999999998,-0.22883197362060542,1
2026-08-13,PFC,36,-1,-0.08115529162343935,0.11523844301700592,-0.746572,0.1062812,-0.9028532176696777,1
2026-08-13,PHOENIXLTD,19,1,0.07454249600740205,0.19356827437877655,-0.56782365,0.1062812,-0.7241048484527588,1
2026-08-13,PHOENIXLTD,23,1,0.0707161308513675,0.1964237540960312,-0.23223758,0.1062812,-0.3885187774383545,1
2026-08-13,PHOENIXLTD,36,-1,-0.12313047919431375,0.07444624602794647,0.66102743,0.10628120000000002,0.5047462314880371,1
2026-08-13,PHOENIXLTD,37,-1,-0.07220741390649558,0.08481958508491516,0.4982531,0.10628119999999998,0.3419719070709229,1
2026-08-13,PHOENIXLTD,53,-1,-0.0703830811932856,0.18967488408088684,-0.12714863,0.1062812,-0.2834298282348633,1
2026-08-13,PHOENIXLTD,62,-1,-0.09718460999818052,0.16529692709445953,-0.021147728,0.10628120000000002,-0.1774289279663086,1
2026-08-13,PHOENIXLTD,63,-1,-0.09305021414528994,0.16670969128608704,0.10560155,0.10628119999999998,-0.05067965085144041,1
2026-08-13,PIDILITIND,36,-1,-0.10675026292694363,0.10668656975030899,-0.17710924,0.1062812,-0.3333904414855957,1
2026-08-13,PNB,36,-1,-0.12706012218904528,0.13725778460502625,-0.3218174,0.10628119999999998,-0.478098598071289,1
2026-08-13,PNB,37,-1,-0.07985389201818054,0.14255516231060028,-0.11839867,0.1062812,-0.27467986638183595,1
2026-08-13,PNB,62,-1,-0.09746775280808638,0.16677036881446838,0.22751689,0.1062812,0.07123568957214355,1
2026-08-13,PNB,63,-1,-0.09300254075035007,0.15242379903793335,0.22773147,0.10628119999999998,0.07145026629333498,1
2026-08-13,POLICYBZR,19,1,0.073079167443168,0.2191227674484253,-0.25854707,0.1062812,-0.4148282676422119,1
2026-08-13,POLICYBZR,36,-1,-0.13197631199279067,0.214943990111351,-0.3739953,0.10628119999999998,-0.530276504107666,1
2026-08-13,POLICYBZR,37,-1,-0.08962171358339327,0.21813112497329712,-0.5290985,0.10628119999999998,-0.6853797107421875,1
2026-08-13,POLICYBZR,62,-1,-0.08826129855220992,0.11694803088903427,-0.06895065,0.1062812,-0.22523185307617188,1
2026-08-13,POLICYBZR,63,-1,-0.09408216615664408,0.11237574368715286,0.16649961,0.1062812,0.010218414715576163,1
2026-08-13,POWERGRID,19,1,0.07115906069877516,0.11672145873308182,0.075125694,0.1062812,-0.08115550572509767,1
2026-08-13,POWERGRID,36,-1,-0.12270688480595034,0.15228702127933502,0.11218786,0.1062812,-0.044093337603759775,1
2026-08-13,POWERGRID,37,-1,-0.07666148860982454,0.15353642404079437,0.13084412,0.10628119999999998,-0.02543708378906248,1
2026-08-13,POWERGRID,62,-1,-0.08337017705182416,0.1149284765124321,-0.13096333,0.10628119999999998,-0.28724452550048823,1
2026-08-13,POWERGRID,63,-1,-0.07700464430115903,0.11626450717449188,-0.07482767,0.1062812,-0.2311088710510254,1
2026-08-13,PRESTIGE,19,1,0.08420850275912999,0.2584359645843506,0.056254864,0.1062812,-0.10002633626098634,1
2026-08-13,PRESTIGE,23,1,0.07213610070748162,0.2604886293411255,-0.33094287,0.1062812,-0.4872240691864014,1
2026-08-13,PRESTIGE,36,-1,-0.12175667687417234,0.19856087863445282,0.19979477,0.1062812,0.043513569287109366,1
2026-08-13,PRESTIGE,37,-1,-0.07832397684178477,0.1875934898853302,0.29319525,0.10628119999999998,0.13691404765014653,1
2026-08-13,PRESTIGE,62,-1,-0.08530018508468006,0.22654861211776733,0.28517842,0.10628120000000002,0.12889722292785644,1
2026-08-13,PRESTIGE,63,-1,-0.08038308749093956,0.23640355467796326,0.4826784,0.1062812,0.3263972133911133,1
2026-08-13,RECLTD,19,1,0.072940302166949,0.18544745445251465,-0.20419359,0.10628119999999998,-0.36047479207153316,1
2026-08-13,RECLTD,36,-1,-0.1309027098343766,0.21749044954776764,-0.5244732,0.1062812,-0.6807543903076172,1
2026-08-13,RECLTD,37,-1,-0.08943800173429024,0.21008352935314178,-0.4805565,0.10628120000000002,-0.6368376880371094,1
2026-08-13,RECLTD,62,-1,-0.08072386982584884,0.07770795375108719,-0.31898022,0.10628119999999998,-0.4752614169799804,1
2026-08-13,RECLTD,63,-1,-0.09269966895992109,0.09105759114027023,-0.2751708,0.10628119999999998,-0.4314520030700683,1
2026-08-13,SAIL,19,1,0.07337743143201143,0.12760327756404877,-0.08144975,0.10628119999999998,-0.23773094708557124,1
2026-08-13,SAIL,36,-1,-0.13463775506679346,0.14043176174163818,0.52661896,0.1062812,0.37033775751953124,1
2026-08-13,SAIL,37,-1,-0.09228315665739605,0.13993151485919952,0.29824376,0.1062812,0.14196256106262206,1
2026-08-13,SAIL,62,-1,-0.08714856364283892,0.11376646906137466,0.737375,0.10628119999999998,0.581093820980835,1
2026-08-13,SAIL,63,-1,-0.07857469694998838,0.1159760132431984,0.9328127,0.10628119999999998,0.7765314907348633,1
2026-08-13,SBICARD,19,1,0.07872018970629388,0.20241034030914307,0.20856857,0.10628119999999998,0.052287372998046894,1
2026-08-13,SBICARD,36,-1,-0.1222344064052807,0.16567961871623993,0.069344044,0.1062812,-0.08693715626831056,1
2026-08-13,SBICARD,37,-1,-0.07374650641304972,0.14087794721126556,-0.01540184,0.1062812,-0.17168304020996095,1
2026-08-13,SBICARD,53,-1,-0.0703830811932856,0.21297243237495422,0.061810017,0.1062812,-0.09447118336791993,1
2026-08-13,SBICARD,62,-1,-0.08720493446725058,0.2233353555202484,0.49512982,0.1062812,0.3388486236846924,1
2026-08-13,SBICARD,63,-1,-0.08761842515595983,0.18048988282680511,0.6337464,0.1062812,0.47746518557434087,1
2026-08-13,SBIN,36,-1,-0.1275770778746666,0.14509879052639008,0.027686357,0.1062812,-0.12859484250183106,1
2026-08-13,SBIN,37,-1,-0.08540619131437226,0.1463237851858139,0.10151863,0.1062812,-0.054762569018554696,1
2026-08-13,SBIN,62,-1,-0.08621395716474278,0.14158537983894348,0.28713942,0.1062812,0.1308582157409668,1
2026-08-13,SBIN,63,-1,-0.09182743527308918,0.14162471890449524,0.25938153,0.10628119999999998,0.10310033266906742,1
2026-08-13,SOLARINDS,65,1,0.09070557376937753,0.5575709342956543,3.230226,0.1062812,3.0739448398864746,1
2026-08-13,SOLARINDS,66,1,0.08489572924911463,0.6066625118255615,2.3207784,0.10628119999999998,2.1644971699035644,1
2026-08-13,SOLARINDS,67,1,0.0865388845451117,0.628743588924408,2.0998716,0.1062812,1.9435904354370117,1
2026-08-13,SRF,19,1,0.07216073200157895,0.15084150433540344,0.3395319,0.1062812,0.18325069849853515,1
2026-08-13,SRF,36,-1,-0.1346702088152815,0.2254469096660614,-0.37454367,0.10628119999999998,-0.5308248668395996,1
2026-08-13,SRF,37,-1,-0.09231561040588405,0.22733931243419647,-0.84650517,0.1062812,-1.0027863651000977,1
2026-08-13,SRF,62,-1,-0.08714856364283892,0.12071090936660767,-0.23857355,0.1062812,-0.3948547511779785,1
2026-08-13,SRF,63,-1,-0.08268335158510261,0.12558312714099884,-0.011539459,0.1062812,-0.16782065922851563,1
2026-08-13,SUNDARMFIN,19,1,0.09648378633591502,0.36371323466300964,-0.12381077,0.1062812,-0.2800919681274414,1
2026-08-13,SUNDARMFIN,23,1,0.07488501265992101,0.2939317226409912,-0.048685074,0.10628119999999998,-0.20496627385253902,1
2026-08-13,SUNDARMFIN,36,-1,-0.1275770778746666,0.0899372473359108,0.08855462,0.10628119999999998,-0.06772657925720213,1
2026-08-13,SUNDARMFIN,37,-1,-0.07329771048558884,0.09083008766174316,0.16379952,0.1062812,0.0075183243072509676,1
2026-08-13,SUNDARMFIN,62,-1,-0.08755679633472356,0.15527965128421783,-0.74517727,0.1062812,-0.9014584689819336,1
2026-08-13,SUNDARMFIN,63,-1,-0.09475770414806312,0.15481196343898773,-0.5137563,0.10628119999999998,-0.670037475177002,1
2026-08-13,SUPREMEIND,4,1,0.07289216146660858,0.9137687087059021,-1.3394237,0.10628119999999998,-1.495704856463623,1
2026-08-13,SUPREMEIND,14,1,0.0780442436572783,0.4098755419254303,0.09278059,0.1062812,-0.06350060994262696,1
2026-08-13,SUPREMEIND,19,1,0.0992959104708931,0.30162689089775085,-0.19119382,0.1062812,-0.3474750190460205,1
2026-08-13,SUPREMEIND,23,1,0.07221826852924308,0.24835515022277832,0.09278059,0.1062812,-0.06350060994262696,1
2026-08-13,SUPREMEIND,36,-1,-0.12189680504471667,0.18651151657104492,0.05210638,0.1062812,-0.10417481953735352,1
2026-08-13,SUPREMEIND,37,-1,-0.07741642585098782,0.186520516872406,-0.13332367,0.10628119999999998,-0.2896048694335937,1
2026-08-13,SUPREMEIND,62,-1,-0.08151346487895827,0.20415684580802917,0.008618832,0.10628119999999998,-0.1476623683654785,1
2026-08-13,SUPREMEIND,63,-1,-0.08998785648882175,0.1910083144903183,-0.126338,0.1062812,-0.282619205065918,1
2026-08-13,SUZLON,36,-1,-0.12379583803856137,0.1265822947025299,0.084388256,0.1062812,-0.07189294392700196,1
2026-08-13,SUZLON,37,-1,-0.07823366743394693,0.1296241581439972,0.063323975,0.10628119999999998,-0.09295722539062498,1
2026-08-13,SUZLON,62,-1,-0.08714856364283892,0.08755066245794296,-0.0,0.1062812,-0.1562812,1
2026-08-13,SUZLON,63,-1,-0.08138138588763393,0.08907871693372726,-0.021135807,0.1062812,-0.17741700703735352,1
2026-08-13,TATACOMM,19,1,0.10451459559770146,0.5023658871650696,-0.26174784,0.1062812,-0.4180290370666504,1
2026-08-13,TATACOMM,21,1,0.07108413479733634,0.46237871050834656,0.011396408,0.1062812,-0.14488479191894532,1
2026-08-13,TATACOMM,23,1,0.07591628439351121,0.4369850158691406,0.09121895,0.1062812,-0.0650622516357422,1
2026-08-13,TATACOMM,36,-1,-0.12126867495732188,0.19045880436897278,-0.11467934,0.1062812,-0.27096053654785157,1
2026-08-13,TATACOMM,37,-1,-0.07961421068549511,0.18686091899871826,-0.017178059,0.1062812,-0.1734592586242676,1
2026-08-13,TATACOMM,62,-1,-0.09225850412310017,0.1414664089679718,-0.5039215,0.10628119999999998,-0.6602027087890625,1
2026-08-13,TATACOMM,63,-1,-0.0906923587063081,0.14428696036338806,-0.41772127,0.10628119999999998,-0.5740024715148926,1
2026-08-13,TATACONSUM,19,1,0.09645419092205691,0.3300803303718567,0.09294748,0.1062812,-0.06333371693725587,1
2026-08-13,TATACONSUM,36,-1,-0.1039136812846903,0.1850903332233429,-0.37150383,0.1062812,-0.5277850299560547,1
2026-08-13,TATAPOWER,36,-1,-0.12496361227402397,0.14051465690135956,0.06556511,0.1062812,-0.09071609074707032,1
2026-08-13,TATAPOWER,37,-1,-0.07330884041565953,0.14058898389339447,-0.078713894,0.1062812,-0.23499509389038087,1
2026-08-13,TATAPOWER,62,-1,-0.08714856364283892,0.14379051327705383,0.3399551,0.1062812,0.18367389147644042,1
2026-08-13,TATAPOWER,63,-1,-0.0854565535441637,0.14478133618831635,0.44462085,0.1062812,0.28833964770202636,1
2026-08-13,TCS,19,1,0.07220747043759225,0.1754106879234314,0.017046928,0.10628119999999998,-0.13923427159423826,1
2026-08-13,TCS,36,-1,-0.12199373910470457,0.18401730060577393,-0.1313448,0.10628119999999998,-0.28762599522705073,1
2026-08-13,TCS,37,-1,-0.07590519571964259,0.19196131825447083,-0.025391579,0.1062812,-0.18167277867431642,1
2026-08-13,TCS,62,-1,-0.08100259908196498,0.1524752974510193,-0.13949871,0.1062812,-0.2957799106323242,1
2026-08-13,TCS,63,-1,-0.08584109883064485,0.1485939621925354,-0.042271614,0.10628119999999998,-0.19855281407470698,1
2026-08-13,TITAN,19,1,0.07389310273268929,0.11686910688877106,0.1275301,0.1062812,-0.028751102038574228,1
2026-08-13,TITAN,36,-1,-0.12776078972376964,0.10866734385490417,0.24031997,0.10628120000000002,0.08403876726989744,1
2026-08-13,TITAN,37,-1,-0.08456733278948059,0.1263245791196823,0.089520216,0.10628119999999998,-0.0667609840118408,1
2026-08-13,TITAN,53,-1,-0.0703830811932856,0.10368005931377411,-0.31727552,0.10628119999999998,-0.47355672413940425,1
2026-08-13,TITAN,62,-1,-0.07908724552591212,0.12921369075775146,0.15064478,0.10628119999999998,-0.005636420794677716,1
2026-08-13,TITAN,63,-1,-0.07876717605766284,0.14207495748996735,0.037682056,0.1062812,-0.11859914357299806,1
2026-08-13,TMCV,3,1,0.0865777205676786,1.518386960029602,-0.6775081,0.1062812,-0.8337893157684326,1
2026-08-13,TMCV,4,1,0.0818285665705356,1.442065715789795,0.32539368,0.10628119999999998,0.16911247675781255,1
2026-08-13,TMCV,9,1,0.07418906777471578,0.910041868686676,-0.30344725,0.1062812,-0.4597284465515137,1
2026-08-13,TMCV,14,1,0.0716133427961909,0.5639500021934509,-0.18933415,0.10628119999999998,-0.3456153541290283,1
2026-08-13,TMCV,19,1,0.08183047874581649,0.3685387969017029,-0.36845803,0.1062812,-0.5247392326080322,1
2026-08-13,TVSMOTOR,19,1,0.07322617333139642,0.174107626080513,0.10880232,0.1062812,-0.04747888142700196,1
2026-08-13,TVSMOTOR,36,-1,-0.12379583803856137,0.1546151041984558,0.011539459,0.1062812,-0.14474174077148438,1
2026-08-13,TVSMOTOR,37,-1,-0.08144123962916404,0.16772204637527466,0.050717592,0.10628119999999995,-0.10556360776062007,1
2026-08-13,TVSMOTOR,62,-1,-0.08533324356244361,0.1353185921907425,0.18968582,0.1062812,0.033404621533203116,1
2026-08-13,TVSMOTOR,63,-1,-0.07655463496380473,0.12751810252666473,0.2058804,0.1062812,0.04959920351867675,1
2026-08-13,ULTRACEMCO,3,1,0.07465450970469874,0.9123303890228271,-0.09445548,0.10628119999999998,-0.2507366805755615,1
2026-08-13,ULTRACEMCO,4,1,0.08236818321989149,0.8248481154441833,-0.45365095,0.1062812,-0.6099321513854981,1
2026-08-13,ULTRACEMCO,6,1,0.07443848998775417,0.7287499308586121,0.14648438,0.1062812,-0.009796825000000009,1
2026-08-13,ULTRACEMCO,36,-1,-0.12487330286618614,0.1470101773738861,-0.20573139,0.1062812,-0.3620125919067383,1
2026-08-13,ULTRACEMCO,37,-1,-0.08144123962916404,0.148019477725029,-0.16274452,0.1062812,-0.31902572209472657,1
2026-08-13,ULTRACEMCO,63,-1,-0.0810798119576888,0.11179805546998978,0.32500625,0.10628119999999998,0.1687250465667725,1
2026-08-13,UNITDSPR,19,1,0.07522506715998376,0.1531887799501419,-0.058847666,0.10628119999999998,-0.21512886578674312,1
2026-08-13,UNITDSPR,36,-1,-0.12268016746023747,0.14629746973514557,-0.04581213,0.10628119999999998,-0.2020933299743652,1
2026-08-13,UNITDSPR,37,-1,-0.08493445635818764,0.1504347175359726,-0.0,0.10628119999999998,-0.15628119999999998,1
2026-08-13,UNITDSPR,62,-1,-0.0903967677069239,0.1237652599811554,0.26152134,0.1062812,0.10524013941650388,1
2026-08-13,UNITDSPR,63,-1,-0.08601202593239074,0.13328027725219727,0.12439489,0.10628119999999998,-0.03188630635375975,1
2026-08-13,VBL,36,-1,-0.12190793497478736,0.14034409821033478,0.05711913,0.1062812,-0.09916206891174317,1
2026-08-13,VBL,37,-1,-0.07666148860982454,0.14448939263820648,-0.0,0.1062812,-0.1562812,1
2026-08-13,VBL,62,-1,-0.07819039623315814,0.1302262842655182,0.06839037,0.1062812,-0.0878908305847168,1
2026-08-13,VBL,63,-1,-0.07743931358180367,0.1328192502260208,-0.0,0.10628119999999998,-0.15628119999999998,1
2026-08-13,WIPRO,19,1,0.0712663577906447,0.13342368602752686,-0.05493164,0.10628119999999998,-0.21121284062499995,1
2026-08-13,WIPRO,36,-1,-0.12949606851623588,0.16532427072525024,0.06004572,0.1062812,-0.0962354808532715,1
2026-08-13,WIPRO,37,-1,-0.08059719089998316,0.1668836623430252,0.0600338,0.1062812,-0.09624740178222657,1
2026-08-13,WIPRO,62,-1,-0.08316954065753457,0.1372278481721878,0.07091761,0.1062812,-0.08536359364624024,1
2026-08-13,WIPRO,63,-1,-0.0917797618781493,0.1372958868741989,0.0382185,0.1062812,-0.11806270177001954,1
2026-08-13,YESBANK,19,1,0.0777201728850531,0.1652424931526184,0.0,0.10628119999999998,-0.15628119999999998,1
2026-08-13,YESBANK,36,-1,-0.12184248100408955,0.13083477318286896,-0.0,0.1062812,-0.1562812,1
2026-08-13,YESBANK,37,-1,-0.07368963588677999,0.1368257850408554,0.21776557,0.10628119999999998,0.06148436968688967,1
2026-08-13,YESBANK,53,-1,-0.0703830811932856,0.11204500496387482,-0.08714199,0.10628119999999998,-0.24342319066162105,1
2026-08-13,YESBANK,62,-1,-0.08755679633472356,0.11199264973402023,-0.043559074,0.10628119999999998,-0.19984027440185542,1
2026-08-13,YESBANK,63,-1,-0.09475770414806312,0.11194389313459396,-0.043535233,0.10628119999999998,-0.19981643254394527,1
2026-08-13,ZYDUSLIFE,4,1,0.0721954376783698,0.9982162714004517,-0.3989756,0.1062812,-0.5552568107330322,1
2026-08-13,ZYDUSLIFE,6,1,0.0762483518459504,0.8183754682540894,0.093626976,0.1062812,-0.06265422398681642,1
2026-08-13,ZYDUSLIFE,36,-1,-0.13392120053491646,0.18673546612262726,0.4185915,0.10628119999999998,0.26231029932861333,1
2026-08-13,ZYDUSLIFE,37,-1,-0.09228315665739605,0.17386116087436676,0.38431883,0.10628119999999998,0.22803762858276372,1
2026-08-13,ZYDUSLIFE,62,-1,-0.08657853160549071,0.1421011984348297,-0.05122423,0.1062812,-0.2075054317199707,1
2026-08-13,ZYDUSLIFE,63,-1,-0.07655463496380473,0.140139639377594,0.025594234,0.1062812,-0.13068696553344727,1
